{"type": "FeatureCollection", "features": [{"type": "Feature", "geometry": {"type": "Point", "coordinates": [-124.208809, 41.992854]}, "properties": {"id": "ccc-1", "name": "Pelican State Beach"}}, {"type": "Feature", "geometry": {"type": "Point", "coordinates": [-124.203663, 41.973501]}, "properties": {"id": "ccc-2", "name": "Clifford Kamph Memorial Park"}}, {"type": "Feature", "geometry": {"type": "Point", "coordinates": [-124.205046, 41.947699]}, "properties": {"id": "ccc-3", "name": "Smith River County Park"}}, {"type": "Feature", "geometry": {"type": "Point", "coordinates": [-124.14781, 41.890326]}, "properties": {"id": "ccc-4", "name": "Smith River Boating Access"}}, {"type": "Feature", "geometry": {"type": "Point", "coordinates": [-124.211624, 41.869112]}, "properties": {"id": "ccc-5", "name": "Kellogg Beach Park"}}, {"type": "Feature", "geometry": {"type": "Point", "coordinates": [-124.216021, 41.79789]}, "properties": {"id": "ccc-6", "name": "Lake Earl Wildlife Area"}}, {"type": "Feature", "geometry": {"type": "Point", "coordinates": [-124.180635, 41.813705]}, "properties": {"id": "ccc-7", "name": "Lakeview Drive Boat Launch"}}, {"type": "Feature", "geometry": {"type": "Point", "coordinates": [-124.200689, 41.881739]}, "properties": {"id": "ccc-8", "name": "Tolowa Dunes State Park"}}, {"type": "Feature", "geometry": {"type": "Point", "coordinates": [-124.25256, 41.782673]}, "properties": {"id": "ccc-9", "name": "Point St. George"}}, {"type": "Feature", "geometry": {"type": "Point", "coordinates": [-124.120828, 41.852301]}, "properties": {"id": "ccc-10", "name": "Ruby Van Deventer County Park"}}, {"type": "Feature", "geometry": {"type": "Point", "coordinates": [-124.150899, 41.805281]}, "properties": {"id": "ccc-11", "name": "Florence Keller County Park"}}, {"type": "Feature", "geometry": {"type": "Point", "coordinates": [-124.085074, 41.795574]}, "properties": {"id": "ccc-12", "name": "Jedediah Smith Redwoods State Park"}}, {"type": "Feature", "geometry": {"type": "Point", "coordinates": [-123.969349, 41.846261]}, "properties": {"id": "ccc-13", "name": "Smith River National Recreation Area"}}, {"type": "Feature", "geometry": {"type": "Point", "coordinates": [-124.243469, 41.772465]}, "properties": {"id": "ccc-14", "name": "Garth's Beach"}}, {"type": "Feature", "geometry": {"type": "Point", "coordinates": [-124.22061, 41.75604]}, "properties": {"id": "ccc-15", "name": "Pebble Beach Access"}}, {"type": "Feature", "geometry": {"type": "Point", "coordinates": [-124.215993, 41.751164]}, "properties": {"id": "ccc-16", "name": "Preston Island"}}, {"type": "Feature", "geometry": {"type": "Point", "coordinates": [-124.211656, 41.750733]}, "properties": {"id": "ccc-17", "name": "Brother Jonathan Park / Vista Point"}}, {"type": "Feature", "geometry": {"type": "Point", "coordinates": [-124.20822, 41.749621]}, "properties": {"id": "ccc-18", "name": "Sixth Street Accessway"}}, {"type": "Feature", "geometry": {"type": "Point", "coordinates": [-124.207433, 41.749173]}, "properties": {"id": "ccc-19", "name": "Fifth Street Accessway"}}, {"type": "Feature", "geometry": {"type": "Point", "coordinates": [-124.205456, 41.748008]}, "properties": {"id": "ccc-20", "name": "Third Street Accessway"}}, {"type": "Feature", "geometry": {"type": "Point", "coordinates": [-124.203058, 41.747182]}, "properties": {"id": "ccc-21", "name": "Path at Oceanfront Lodge"}}, {"type": "Feature", "geometry": {"type": "Point", "coordinates": [-124.203092, 41.744063]}, "properties": {"id": "ccc-22", "name": "Crescent Lighthouse at Battery Point"}}, {"type": "Feature", "geometry": {"type": "Point", "coordinates": [-124.198888, 41.747816]}, "properties": {"id": "ccc-23", "name": "Northcoast Marine Mammal Center"}}, {"type": "Feature", "geometry": {"type": "Point", "coordinates": [-124.197594, 41.743691]}, "properties": {"id": "ccc-24", "name": "B Street Pier"}}, {"type": "Feature", "geometry": {"type": "Point", "coordinates": [-124.196581, 41.748518]}, "properties": {"id": "ccc-25", "name": "Beach Front Park"}}, {"type": "Feature", "geometry": {"type": "Point", "coordinates": [-124.191638, 41.751853]}, "properties": {"id": "ccc-26", "name": "Shoreline Campground"}}, {"type": "Feature", "geometry": {"type": "Point", "coordinates": [-124.191658, 41.752184]}, "properties": {"id": "ccc-27", "name": "Crescent City Coastal Trail"}}, {"type": "Feature", "geometry": {"type": "Point", "coordinates": [-124.187673, 41.744845]}, "properties": {"id": "ccc-28", "name": "Crescent City Harbor"}}, {"type": "Feature", "geometry": {"type": "Point", "coordinates": [-124.182538, 41.742069]}, "properties": {"id": "ccc-29", "name": "Crescent City Harbor Boat Launch"}}, {"type": "Feature", "geometry": {"type": "Point", "coordinates": [-124.067458, 41.520013]}, "properties": {"id": "ccc-30", "name": "Redwood National Park"}}, {"type": "Feature", "geometry": {"type": "Point", "coordinates": [-124.194428, 41.752954]}, "properties": {"id": "ccc-31", "name": "Redwood National & State Parks Information Center"}}, {"type": "Feature", "geometry": {"type": "Point", "coordinates": [-124.169157, 41.743018]}, "properties": {"id": "ccc-32", "name": "Crescent Beach"}}, {"type": "Feature", "geometry": {"type": "Point", "coordinates": [-124.15198, 41.72741]}, "properties": {"id": "ccc-33", "name": "Crescent Beach Picnic Area"}}, {"type": "Feature", "geometry": {"type": "Point", "coordinates": [-124.142713, 41.705843]}, "properties": {"id": "ccc-34", "name": "Crescent Beach Overlook"}}, {"type": "Feature", "geometry": {"type": "Point", "coordinates": [-124.140885, 41.700833]}, "properties": {"id": "ccc-35", "name": "Nickel Creek Campground"}}, {"type": "Feature", "geometry": {"type": "Point", "coordinates": [-124.141337, 41.697389]}, "properties": {"id": "ccc-36", "name": "Enderts Beach"}}, {"type": "Feature", "geometry": {"type": "Point", "coordinates": [-124.097994, 41.702407]}, "properties": {"id": "ccc-37", "name": "Mill Creek Campground"}}, {"type": "Feature", "geometry": {"type": "Point", "coordinates": [-124.126333, 41.662281]}, "properties": {"id": "ccc-38", "name": "Del Norte Coast Redwoods State Park"}}, {"type": "Feature", "geometry": {"type": "Point", "coordinates": [-124.100755, 41.602533]}, "properties": {"id": "ccc-39", "name": "Wilson Creek  Beach"}}, {"type": "Feature", "geometry": {"type": "Point", "coordinates": [-124.09868, 41.593835]}, "properties": {"id": "ccc-40", "name": "Lagoon Creek Access"}}, {"type": "Feature", "geometry": {"type": "Point", "coordinates": [-124.086422, 41.554414]}, "properties": {"id": "ccc-41", "name": "Klamath Overlook (Requa Overlook)"}}, {"type": "Feature", "geometry": {"type": "Point", "coordinates": [-124.066624, 41.548172]}, "properties": {"id": "ccc-42", "name": "Requa"}}, {"type": "Feature", "geometry": {"type": "Point", "coordinates": [-124.075277, 41.535765]}, "properties": {"id": "ccc-43", "name": "Klamath River Mouth"}}, {"type": "Feature", "geometry": {"type": "Point", "coordinates": [-124.038651, 41.527155]}, "properties": {"id": "ccc-44", "name": "Town of Klamath"}}, {"type": "Feature", "geometry": {"type": "Point", "coordinates": [-124.07585, 41.525757]}, "properties": {"id": "ccc-45", "name": "Flint Ridge Campground"}}, {"type": "Feature", "geometry": {"type": "Point", "coordinates": [-124.069343, 41.495061]}, "properties": {"id": "ccc-46", "name": "Coastal Trail (Del Norte)"}}, {"type": "Feature", "geometry": {"type": "Point", "coordinates": [-124.045315, 41.323143]}, "properties": {"id": "ccc-47", "name": "Redwood National Park (Humboldt)"}}, {"type": "Feature", "geometry": {"type": "Point", "coordinates": [-124.055697, 41.465888]}, "properties": {"id": "ccc-48", "name": "Carruthers Cove Trail"}}, {"type": "Feature", "geometry": {"type": "Point", "coordinates": [-124.046309, 41.456815]}, "properties": {"id": "ccc-49", "name": "Coastal Trail (Humboldt)"}}, {"type": "Feature", "geometry": {"type": "Point", "coordinates": [-124.043198, 41.405656]}, "properties": {"id": "ccc-50", "name": "Prairie Creek Redwoods State Park"}}, {"type": "Feature", "geometry": {"type": "Point", "coordinates": [-124.065661, 41.404069]}, "properties": {"id": "ccc-51", "name": "Fern Canyon"}}, {"type": "Feature", "geometry": {"type": "Point", "coordinates": [-124.067361, 41.396659]}, "properties": {"id": "ccc-52", "name": "Gold Bluffs Beach"}}, {"type": "Feature", "geometry": {"type": "Point", "coordinates": [-124.069186, 41.383733]}, "properties": {"id": "ccc-53", "name": "Gold Bluffs Campground"}}, {"type": "Feature", "geometry": {"type": "Point", "coordinates": [-124.029908, 41.358993]}, "properties": {"id": "ccc-54", "name": "Elk Prairie Campground"}}, {"type": "Feature", "geometry": {"type": "Point", "coordinates": [-124.015982, 41.327076]}, "properties": {"id": "ccc-55", "name": "Lost Man Creek"}}, {"type": "Feature", "geometry": {"type": "Point", "coordinates": [-124.040988, 41.321711]}, "properties": {"id": "ccc-56", "name": "Elk Meadow"}}, {"type": "Feature", "geometry": {"type": "Point", "coordinates": [-124.01875, 41.303882]}, "properties": {"id": "ccc-57", "name": "Lady Bird Johnson Grove"}}, {"type": "Feature", "geometry": {"type": "Point", "coordinates": [-124.088969, 41.292668]}, "properties": {"id": "ccc-58", "name": "Orick Beach Access"}}, {"type": "Feature", "geometry": {"type": "Point", "coordinates": [-124.090668, 41.286727]}, "properties": {"id": "ccc-59", "name": "Thomas H. Kuchel Visitor Center"}}, {"type": "Feature", "geometry": {"type": "Point", "coordinates": [-124.091275, 41.283549]}, "properties": {"id": "ccc-60", "name": "Redwood Creek Beach Picnic Area"}}, {"type": "Feature", "geometry": {"type": "Point", "coordinates": [-124.095032, 41.26812]}, "properties": {"id": "ccc-61", "name": "Freshwater Lagoon"}}, {"type": "Feature", "geometry": {"type": "Point", "coordinates": [-124.098256, 41.258273]}, "properties": {"id": "ccc-62", "name": "Stone Lagoon"}}, {"type": "Feature", "geometry": {"type": "Point", "coordinates": [-124.083498, 41.232611]}, "properties": {"id": "ccc-63", "name": "Stone Lagoon Visitor Center"}}, {"type": "Feature", "geometry": {"type": "Point", "coordinates": [-124.106093, 41.224744]}, "properties": {"id": "ccc-64", "name": "Dry Lagoon"}}, {"type": "Feature", "geometry": {"type": "Point", "coordinates": [-124.105966, 41.190843]}, "properties": {"id": "ccc-65", "name": "Big Lagoon"}}, {"type": "Feature", "geometry": {"type": "Point", "coordinates": [-124.130981, 41.164537]}, "properties": {"id": "ccc-66", "name": "Big Lagoon County Park"}}, {"type": "Feature", "geometry": {"type": "Point", "coordinates": [-124.151694, 41.134846]}, "properties": {"id": "ccc-67", "name": "Patrick's Point State Park"}}, {"type": "Feature", "geometry": {"type": "Point", "coordinates": [-124.150333, 41.123095]}, "properties": {"id": "ccc-68", "name": "Trinidad Roadside Rest Northbound"}}, {"type": "Feature", "geometry": {"type": "Point", "coordinates": [-124.150545, 41.092164]}, "properties": {"id": "ccc-69", "name": "Trinidad Roadside Rest Southbound"}}, {"type": "Feature", "geometry": {"type": "Point", "coordinates": [-124.146323, 41.061046]}, "properties": {"id": "ccc-70", "name": "Trinidad State Beach"}}, {"type": "Feature", "geometry": {"type": "Point", "coordinates": [-124.148884, 41.06822]}, "properties": {"id": "ccc-71", "name": "College Cove"}}, {"type": "Feature", "geometry": {"type": "Point", "coordinates": [-124.150686, 41.05426]}, "properties": {"id": "ccc-72", "name": "Trinidad Head"}}, {"type": "Feature", "geometry": {"type": "Point", "coordinates": [-124.147742, 41.055277]}, "properties": {"id": "ccc-73", "name": "Trinidad Harbor"}}, {"type": "Feature", "geometry": {"type": "Point", "coordinates": [-124.143088, 41.058259]}, "properties": {"id": "ccc-74", "name": "Axel Lindgren Memorial Stairs"}}, {"type": "Feature", "geometry": {"type": "Point", "coordinates": [-124.1206, 41.039687]}, "properties": {"id": "ccc-75", "name": "Luffenholtz Beach and County Park"}}, {"type": "Feature", "geometry": {"type": "Point", "coordinates": [-124.118724, 41.036249]}, "properties": {"id": "ccc-76", "name": "Houda Point Access"}}, {"type": "Feature", "geometry": {"type": "Point", "coordinates": [-124.111552, 41.029205]}, "properties": {"id": "ccc-77", "name": "Moonstone County Park"}}, {"type": "Feature", "geometry": {"type": "Point", "coordinates": [-124.112822, 41.012445]}, "properties": {"id": "ccc-78", "name": "Little River State Beach"}}, {"type": "Feature", "geometry": {"type": "Point", "coordinates": [-124.114274, 40.995553]}, "properties": {"id": "ccc-79", "name": "Clam Beach County Park"}}, {"type": "Feature", "geometry": {"type": "Point", "coordinates": [-124.117523, 40.974686]}, "properties": {"id": "ccc-80", "name": "McKinleyville Vista Point"}}, {"type": "Feature", "geometry": {"type": "Point", "coordinates": [-124.127073, 40.941756]}, "properties": {"id": "ccc-81", "name": "Mad River Bluffs Park"}}, {"type": "Feature", "geometry": {"type": "Point", "coordinates": [-124.120327, 40.922856]}, "properties": {"id": "ccc-82", "name": "Hammond Trail"}}, {"type": "Feature", "geometry": {"type": "Point", "coordinates": [-124.132859, 40.929264]}, "properties": {"id": "ccc-83", "name": "Mad River Beach County Park"}}, {"type": "Feature", "geometry": {"type": "Point", "coordinates": [-124.080289, 40.918439]}, "properties": {"id": "ccc-84", "name": "Azalea State Reserve"}}, {"type": "Feature", "geometry": {"type": "Point", "coordinates": [-124.213551, 40.750811]}, "properties": {"id": "ccc-85", "name": "Humboldt Bay"}}, {"type": "Feature", "geometry": {"type": "Point", "coordinates": [-124.093447, 40.856411]}, "properties": {"id": "ccc-86", "name": "Arcata Marsh and Wildlife Sanctuary"}}, {"type": "Feature", "geometry": {"type": "Point", "coordinates": [-124.082465, 40.825929]}, "properties": {"id": "ccc-87", "name": "Eureka KOA Campground"}}, {"type": "Feature", "geometry": {"type": "Point", "coordinates": [-124.159217, 40.860899]}, "properties": {"id": "ccc-88", "name": "Ma-Le'l Dunes South"}}, {"type": "Feature", "geometry": {"type": "Point", "coordinates": [-124.152304, 40.872635]}, "properties": {"id": "ccc-89", "name": "Ma-Le'l Dunes North"}}, {"type": "Feature", "geometry": {"type": "Point", "coordinates": [-124.162816, 40.857153]}, "properties": {"id": "ccc-90", "name": "Humboldt Coastal Nature Center"}}, {"type": "Feature", "geometry": {"type": "Point", "coordinates": [-124.162429, 40.851847]}, "properties": {"id": "ccc-91", "name": "Manila Community Park"}}, {"type": "Feature", "geometry": {"type": "Point", "coordinates": [-124.173252, 40.845038]}, "properties": {"id": "ccc-92", "name": "Manila Dunes Recreation Area"}}, {"type": "Feature", "geometry": {"type": "Point", "coordinates": [-124.177426, 40.833647]}, "properties": {"id": "ccc-93", "name": "North Spit"}}, {"type": "Feature", "geometry": {"type": "Point", "coordinates": [-124.204891, 40.799267]}, "properties": {"id": "ccc-94", "name": "Accessway to Ocean Beach"}}, {"type": "Feature", "geometry": {"type": "Point", "coordinates": [-124.223251, 40.766158]}, "properties": {"id": "ccc-95", "name": "Samoa Dunes Recreation Area"}}, {"type": "Feature", "geometry": {"type": "Point", "coordinates": [-124.213353, 40.77229]}, "properties": {"id": "ccc-96", "name": "Samoa Boat Ramp County Park"}}, {"type": "Feature", "geometry": {"type": "Point", "coordinates": [-124.142686, 40.80538]}, "properties": {"id": "ccc-97", "name": "Eureka Slough Boat Ramp"}}, {"type": "Feature", "geometry": {"type": "Point", "coordinates": [-124.15442, 40.807891]}, "properties": {"id": "ccc-98", "name": "Samoa Bridge Launching Facility"}}, {"type": "Feature", "geometry": {"type": "Point", "coordinates": [-124.162268, 40.807648]}, "properties": {"id": "ccc-99", "name": "Woodley Island Marina"}}, {"type": "Feature", "geometry": {"type": "Point", "coordinates": [-124.181618, 40.82009]}, "properties": {"id": "ccc-100", "name": "Humboldt Bay Maritime Museum"}}, {"type": "Feature", "geometry": {"type": "Point", "coordinates": [-124.190059, 40.820688]}, "properties": {"id": "ccc-101", "name": "Samoa Beach"}}, {"type": "Feature", "geometry": {"type": "Point", "coordinates": [-124.167472, 40.805931]}, "properties": {"id": "ccc-102", "name": "Eureka Boardwalk"}}, {"type": "Feature", "geometry": {"type": "Point", "coordinates": [-124.120706, 40.79516]}, "properties": {"id": "ccc-103", "name": "Eureka Slough / Dead Mouse Marsh"}}, {"type": "Feature", "geometry": {"type": "Point", "coordinates": [-124.178152, 40.802742]}, "properties": {"id": "ccc-104", "name": "Eureka Public Marina and Wharfinger Building"}}, {"type": "Feature", "geometry": {"type": "Point", "coordinates": [-124.174404, 40.804653]}, "properties": {"id": "ccc-105", "name": "Eureka Mooring Basin"}}, {"type": "Feature", "geometry": {"type": "Point", "coordinates": [-124.188564, 40.790727]}, "properties": {"id": "ccc-106", "name": "Del Norte Street Pier"}}, {"type": "Feature", "geometry": {"type": "Point", "coordinates": [-124.188128, 40.776685]}, "properties": {"id": "ccc-107", "name": "Fort Humboldt State Historic Park"}}, {"type": "Feature", "geometry": {"type": "Point", "coordinates": [-124.193834, 40.776216]}, "properties": {"id": "ccc-108", "name": "Elk River Access Area"}}, {"type": "Feature", "geometry": {"type": "Point", "coordinates": [-124.195404, 40.772446]}, "properties": {"id": "ccc-109", "name": "Hikshari' Trail"}}, {"type": "Feature", "geometry": {"type": "Point", "coordinates": [-124.247045, 40.733874]}, "properties": {"id": "ccc-110", "name": "Mike Thompson Wildlife Area / South Spit"}}, {"type": "Feature", "geometry": {"type": "Point", "coordinates": [-124.218798, 40.739786]}, "properties": {"id": "ccc-111", "name": "King Salmon"}}, {"type": "Feature", "geometry": {"type": "Point", "coordinates": [-124.216989, 40.741984]}, "properties": {"id": "ccc-112", "name": "King Salmon Shoreline Access"}}, {"type": "Feature", "geometry": {"type": "Point", "coordinates": [-124.220585, 40.726405]}, "properties": {"id": "ccc-113", "name": "Fields Landing County Park"}}, {"type": "Feature", "geometry": {"type": "Point", "coordinates": [-124.213622, 40.693757]}, "properties": {"id": "ccc-114", "name": "Humboldt Bay National Wildlife Refuge"}}, {"type": "Feature", "geometry": {"type": "Point", "coordinates": [-124.22216, 40.677125]}, "properties": {"id": "ccc-115", "name": "Hookton Slough"}}, {"type": "Feature", "geometry": {"type": "Point", "coordinates": [-124.273978, 40.696998]}, "properties": {"id": "ccc-116", "name": "Table Bluff County Park"}}, {"type": "Feature", "geometry": {"type": "Point", "coordinates": [-124.277938, 40.687805]}, "properties": {"id": "ccc-117", "name": "Eel River Wildlife Area/Ocean Ranch Unit"}}, {"type": "Feature", "geometry": {"type": "Point", "coordinates": [-124.050493, 40.635515]}, "properties": {"id": "ccc-118", "name": "Headwaters Forest Reserve - North access"}}, {"type": "Feature", "geometry": {"type": "Point", "coordinates": [-124.287448, 40.649499]}, "properties": {"id": "ccc-119", "name": "Eel River Wildlife Area/Cannibal Island Unit"}}, {"type": "Feature", "geometry": {"type": "Point", "coordinates": [-124.303366, 40.642593]}, "properties": {"id": "ccc-120", "name": "Crab County Park"}}, {"type": "Feature", "geometry": {"type": "Point", "coordinates": [-124.282832, 40.638098]}, "properties": {"id": "ccc-121", "name": "Pedrazzini Boat Ramp"}}, {"type": "Feature", "geometry": {"type": "Point", "coordinates": [-124.261441, 40.575993]}, "properties": {"id": "ccc-122", "name": "Ferndale"}}, {"type": "Feature", "geometry": {"type": "Point", "coordinates": [-124.265565, 40.586154]}, "properties": {"id": "ccc-123", "name": "Humboldt County Fairgrounds Campground"}}, {"type": "Feature", "geometry": {"type": "Point", "coordinates": [-124.327088, 40.597904]}, "properties": {"id": "ccc-124", "name": "Sounding Seas/Eel River Estuary Preserve"}}, {"type": "Feature", "geometry": {"type": "Point", "coordinates": [-124.350095, 40.57352]}, "properties": {"id": "ccc-125", "name": "Centerville Beach County Park"}}, {"type": "Feature", "geometry": {"type": "Point", "coordinates": [-124.353363, 40.561357]}, "properties": {"id": "ccc-126", "name": "Fleener Creek Beach Trail"}}, {"type": "Feature", "geometry": {"type": "Point", "coordinates": [-124.357396, 40.543604]}, "properties": {"id": "ccc-127", "name": "Guthrie Creek Beach Trail"}}, {"type": "Feature", "geometry": {"type": "Point", "coordinates": [-124.390964, 40.407186]}, "properties": {"id": "ccc-128", "name": "Mattole Road"}}, {"type": "Feature", "geometry": {"type": "Point", "coordinates": [-124.355704, 40.292685]}, "properties": {"id": "ccc-129", "name": "Mattole River and Beach"}}, {"type": "Feature", "geometry": {"type": "Point", "coordinates": [-124.350265, 40.249453]}, "properties": {"id": "ccc-130", "name": "Punta Gorda Lighthouse"}}, {"type": "Feature", "geometry": {"type": "Point", "coordinates": [-124.2302, 40.266619]}, "properties": {"id": "ccc-131", "name": "A.W. Way County Park"}}, {"type": "Feature", "geometry": {"type": "Point", "coordinates": [-123.925953, 40.327309]}, "properties": {"id": "ccc-132", "name": "Humboldt Redwoods State Park"}}, {"type": "Feature", "geometry": {"type": "Point", "coordinates": [-123.975849, 40.056779]}, "properties": {"id": "ccc-133", "name": "King Range Visitor Center"}}, {"type": "Feature", "geometry": {"type": "Point", "coordinates": [-124.214507, 40.166016]}, "properties": {"id": "ccc-134", "name": "King Range National Conservation Area"}}, {"type": "Feature", "geometry": {"type": "Point", "coordinates": [-124.223636, 40.167341]}, "properties": {"id": "ccc-135", "name": "Lost Coast Trail"}}, {"type": "Feature", "geometry": {"type": "Point", "coordinates": [-124.111015, 40.23132]}, "properties": {"id": "ccc-136", "name": "Honeydew Creek"}}, {"type": "Feature", "geometry": {"type": "Point", "coordinates": [-124.065282, 40.105785]}, "properties": {"id": "ccc-137", "name": "Horse Mountain Creek Campground"}}, {"type": "Feature", "geometry": {"type": "Point", "coordinates": [-124.056994, 40.083249]}, "properties": {"id": "ccc-138", "name": "Tolkan Campground"}}, {"type": "Feature", "geometry": {"type": "Point", "coordinates": [-124.079655, 40.047708]}, "properties": {"id": "ccc-139", "name": "Black Sands Beach"}}, {"type": "Feature", "geometry": {"type": "Point", "coordinates": [-124.079252, 40.039156]}, "properties": {"id": "ccc-140", "name": "Little Black Sands Beach"}}, {"type": "Feature", "geometry": {"type": "Point", "coordinates": [-124.080505, 40.02999]}, "properties": {"id": "ccc-141", "name": "Abalone Point"}}, {"type": "Feature", "geometry": {"type": "Point", "coordinates": [-124.076646, 40.028341]}, "properties": {"id": "ccc-142", "name": "Seal Rock"}}, {"type": "Feature", "geometry": {"type": "Point", "coordinates": [-124.069245, 40.022657]}, "properties": {"id": "ccc-143", "name": "Mal Coombs Park"}}, {"type": "Feature", "geometry": {"type": "Point", "coordinates": [-124.06464, 40.025262]}, "properties": {"id": "ccc-144", "name": "Shelter Cove"}}, {"type": "Feature", "geometry": {"type": "Point", "coordinates": [-123.964804, 39.94266]}, "properties": {"id": "ccc-145", "name": "Needle Rock"}}, {"type": "Feature", "geometry": {"type": "Point", "coordinates": [-123.940972, 39.920781]}, "properties": {"id": "ccc-146", "name": "Sinkyone Wilderness State Park"}}, {"type": "Feature", "geometry": {"type": "Point", "coordinates": [-123.938579, 39.913664]}, "properties": {"id": "ccc-147", "name": "Bear Harbor"}}, {"type": "Feature", "geometry": {"type": "Point", "coordinates": [-123.910838, 39.873475]}, "properties": {"id": "ccc-148", "name": "Lost Coast Trail"}}, {"type": "Feature", "geometry": {"type": "Point", "coordinates": [-123.911039, 39.884775]}, "properties": {"id": "ccc-149", "name": "Wheeler Camp"}}, {"type": "Feature", "geometry": {"type": "Point", "coordinates": [-123.90072, 39.861199]}, "properties": {"id": "ccc-150", "name": "Little Jackass Creek"}}, {"type": "Feature", "geometry": {"type": "Point", "coordinates": [-123.886136, 39.853115]}, "properties": {"id": "ccc-151", "name": "Anderson Gulch"}}, {"type": "Feature", "geometry": {"type": "Point", "coordinates": [-123.844782, 39.831365]}, "properties": {"id": "ccc-152", "name": "Usal Beach Campground"}}, {"type": "Feature", "geometry": {"type": "Point", "coordinates": [-123.88262, 39.892854]}, "properties": {"id": "ccc-153", "name": "InterTribal Sinkyone Wilderness"}}, {"type": "Feature", "geometry": {"type": "Point", "coordinates": [-123.806653, 39.709496]}, "properties": {"id": "ccc-154", "name": "Overlooks at Hardy and Juan Creeks"}}, {"type": "Feature", "geometry": {"type": "Point", "coordinates": [-123.791354, 39.682169]}, "properties": {"id": "ccc-155", "name": "Westport-Union Landing State Beach"}}, {"type": "Feature", "geometry": {"type": "Point", "coordinates": [-123.784856, 39.649366]}, "properties": {"id": "ccc-156", "name": "Westport Beach RV Park and Campground"}}, {"type": "Feature", "geometry": {"type": "Point", "coordinates": [-123.785073, 39.642884]}, "properties": {"id": "ccc-157", "name": "Pete's Beach"}}, {"type": "Feature", "geometry": {"type": "Point", "coordinates": [-123.785648, 39.638303]}, "properties": {"id": "ccc-158", "name": "Westport Headlands - Viewpoint"}}, {"type": "Feature", "geometry": {"type": "Point", "coordinates": [-123.786147, 39.636968]}, "properties": {"id": "ccc-159", "name": "Westport Headlands"}}, {"type": "Feature", "geometry": {"type": "Point", "coordinates": [-123.78167, 39.613345]}, "properties": {"id": "ccc-160", "name": "Chadbourne Gulch"}}, {"type": "Feature", "geometry": {"type": "Point", "coordinates": [-123.784704, 39.599261]}, "properties": {"id": "ccc-161", "name": "Bruhel Point Bluff"}}, {"type": "Feature", "geometry": {"type": "Point", "coordinates": [-123.772093, 39.58197]}, "properties": {"id": "ccc-162", "name": "Newport Trail and Viewpoint"}}, {"type": "Feature", "geometry": {"type": "Point", "coordinates": [-123.772215, 39.570899]}, "properties": {"id": "ccc-163", "name": "South Kibesillah Gulch View Area"}}, {"type": "Feature", "geometry": {"type": "Point", "coordinates": [-123.766093, 39.559011]}, "properties": {"id": "ccc-164", "name": "Seaside Creek Beach"}}, {"type": "Feature", "geometry": {"type": "Point", "coordinates": [-123.760729, 39.545039]}, "properties": {"id": "ccc-165", "name": "Ten Mile River Viewpoint"}}, {"type": "Feature", "geometry": {"type": "Point", "coordinates": [-123.776148, 39.523192]}, "properties": {"id": "ccc-166", "name": "Ten Mile Beach and Dunes"}}, {"type": "Feature", "geometry": {"type": "Point", "coordinates": [-123.789546, 39.489109]}, "properties": {"id": "ccc-167", "name": "MacKerricher State Park"}}, {"type": "Feature", "geometry": {"type": "Point", "coordinates": [-123.786988, 39.502079]}, "properties": {"id": "ccc-168", "name": "Ward Avenue"}}, {"type": "Feature", "geometry": {"type": "Point", "coordinates": [-123.795284, 39.48937]}, "properties": {"id": "ccc-169", "name": "Lake Cleone"}}, {"type": "Feature", "geometry": {"type": "Point", "coordinates": [-123.804149, 39.489515]}, "properties": {"id": "ccc-170", "name": "Laguna Point"}}, {"type": "Feature", "geometry": {"type": "Point", "coordinates": [-123.806965, 39.461549]}, "properties": {"id": "ccc-171", "name": "Haul Road Access"}}, {"type": "Feature", "geometry": {"type": "Point", "coordinates": [-123.808548, 39.458811]}, "properties": {"id": "ccc-172", "name": "Pudding Creek Beach"}}, {"type": "Feature", "geometry": {"type": "Point", "coordinates": [-123.812705, 39.452017]}, "properties": {"id": "ccc-173", "name": "Glass Beach"}}, {"type": "Feature", "geometry": {"type": "Point", "coordinates": [-123.812533, 39.450761]}, "properties": {"id": "ccc-174", "name": "Noyo Headlands Park - North"}}, {"type": "Feature", "geometry": {"type": "Point", "coordinates": [-123.803192, 39.424008]}, "properties": {"id": "ccc-175", "name": "Noyo Harbor"}}, {"type": "Feature", "geometry": {"type": "Point", "coordinates": [-123.803874, 39.423879]}, "properties": {"id": "ccc-176", "name": "Noyo Harbor Public Viewing Area"}}, {"type": "Feature", "geometry": {"type": "Point", "coordinates": [-123.816406, 39.425557]}, "properties": {"id": "ccc-177", "name": "Pomo Bluffs Park"}}, {"type": "Feature", "geometry": {"type": "Point", "coordinates": [-123.811196, 39.419269]}, "properties": {"id": "ccc-178", "name": "Hare Creek Public Access"}}, {"type": "Feature", "geometry": {"type": "Point", "coordinates": [-123.813722, 39.409725]}, "properties": {"id": "ccc-179", "name": "Mendocino Coast Botanical Gardens"}}, {"type": "Feature", "geometry": {"type": "Point", "coordinates": [-123.819866, 39.397362]}, "properties": {"id": "ccc-180", "name": "Belinda Point"}}, {"type": "Feature", "geometry": {"type": "Point", "coordinates": [-123.744593, 39.407019]}, "properties": {"id": "ccc-181", "name": "Jackson State Forest"}}, {"type": "Feature", "geometry": {"type": "Point", "coordinates": [-123.812713, 39.388751]}, "properties": {"id": "ccc-182", "name": "Path to Beach (Ocean Dr.)"}}, {"type": "Feature", "geometry": {"type": "Point", "coordinates": [-123.816959, 39.386431]}, "properties": {"id": "ccc-183", "name": "Jefferson Way"}}, {"type": "Feature", "geometry": {"type": "Point", "coordinates": [-123.816546, 39.37546]}, "properties": {"id": "ccc-184", "name": "Jug Handle State Natural Reserve"}}, {"type": "Feature", "geometry": {"type": "Point", "coordinates": [-123.814967, 39.373193]}, "properties": {"id": "ccc-185", "name": "Jughandle Creek Farm and Nature Center"}}, {"type": "Feature", "geometry": {"type": "Point", "coordinates": [-123.822227, 39.369756]}, "properties": {"id": "ccc-186", "name": "Cantus Cove"}}, {"type": "Feature", "geometry": {"type": "Point", "coordinates": [-123.817321, 39.362959]}, "properties": {"id": "ccc-187", "name": "Caspar Headlands State Beach - North"}}, {"type": "Feature", "geometry": {"type": "Point", "coordinates": [-123.808858, 39.361174]}, "properties": {"id": "ccc-188", "name": "Caspar Creek Vista Point"}}, {"type": "Feature", "geometry": {"type": "Point", "coordinates": [-123.817925, 39.360366]}, "properties": {"id": "ccc-189", "name": "Caspar Headlands State Beach"}}, {"type": "Feature", "geometry": {"type": "Point", "coordinates": [-123.81369, 39.354161]}, "properties": {"id": "ccc-190", "name": "Caspar Uplands Trail"}}, {"type": "Feature", "geometry": {"type": "Point", "coordinates": [-123.824353, 39.360662]}, "properties": {"id": "ccc-191", "name": "Caspar Headlands State Natural Reserve"}}, {"type": "Feature", "geometry": {"type": "Point", "coordinates": [-123.827283, 39.348803]}, "properties": {"id": "ccc-192", "name": "Point Cabrillo Light Station and Preserve"}}, {"type": "Feature", "geometry": {"type": "Point", "coordinates": [-123.80614, 39.332405]}, "properties": {"id": "ccc-193", "name": "Russian Gulch State Park"}}, {"type": "Feature", "geometry": {"type": "Point", "coordinates": [-123.803647, 39.312892]}, "properties": {"id": "ccc-194", "name": "Viewpoint (Cypress Grove)"}}, {"type": "Feature", "geometry": {"type": "Point", "coordinates": [-123.809557, 39.305171]}, "properties": {"id": "ccc-195", "name": "Goat Island Overlook"}}, {"type": "Feature", "geometry": {"type": "Point", "coordinates": [-123.799652, 39.30481]}, "properties": {"id": "ccc-196", "name": "Mendocino Headlands State Park"}}, {"type": "Feature", "geometry": {"type": "Point", "coordinates": [-123.79317, 39.302444]}, "properties": {"id": "ccc-197", "name": "Big River Beach"}}, {"type": "Feature", "geometry": {"type": "Point", "coordinates": [-123.794798, 39.299454]}, "properties": {"id": "ccc-198", "name": "Mendocino Bay Viewpoint"}}, {"type": "Feature", "geometry": {"type": "Point", "coordinates": [-123.795994, 39.297284]}, "properties": {"id": "ccc-199", "name": "Mendocino Bay Overlook"}}, {"type": "Feature", "geometry": {"type": "Point", "coordinates": [-123.793831, 39.299241]}, "properties": {"id": "ccc-200", "name": "Mendocino Campground"}}, {"type": "Feature", "geometry": {"type": "Point", "coordinates": [-123.741041, 39.318454]}, "properties": {"id": "ccc-201", "name": "Mendocino Woodlands State Park"}}, {"type": "Feature", "geometry": {"type": "Point", "coordinates": [-123.793619, 39.285225]}, "properties": {"id": "ccc-202", "name": "Path to Shoreline (Gordon Lane)"}}, {"type": "Feature", "geometry": {"type": "Point", "coordinates": [-123.791672, 39.277062]}, "properties": {"id": "ccc-203", "name": "Path to Shoreline"}}, {"type": "Feature", "geometry": {"type": "Point", "coordinates": [-123.790525, 39.274325]}, "properties": {"id": "ccc-204", "name": "Van Damme State Park"}}, {"type": "Feature", "geometry": {"type": "Point", "coordinates": [-123.787743, 39.267902]}, "properties": {"id": "ccc-205", "name": "Little River Blowhole Trail"}}, {"type": "Feature", "geometry": {"type": "Point", "coordinates": [-123.774086, 39.239915]}, "properties": {"id": "ccc-206", "name": "Dark Gulch Beach"}}, {"type": "Feature", "geometry": {"type": "Point", "coordinates": [-123.769374, 39.227308]}, "properties": {"id": "ccc-207", "name": "Albion River Beach"}}, {"type": "Feature", "geometry": {"type": "Point", "coordinates": [-123.768292, 39.226342]}, "properties": {"id": "ccc-208", "name": "Albion River Campground"}}, {"type": "Feature", "geometry": {"type": "Point", "coordinates": [-123.768949, 39.207157]}, "properties": {"id": "ccc-209", "name": "Navarro Blufflands Trail"}}, {"type": "Feature", "geometry": {"type": "Point", "coordinates": [-123.771364, 39.198286]}, "properties": {"id": "ccc-210", "name": "Navarro Point Preserve"}}, {"type": "Feature", "geometry": {"type": "Point", "coordinates": [-123.765183, 39.227353]}, "properties": {"id": "ccc-211", "name": "Schooner's Landing Campground"}}, {"type": "Feature", "geometry": {"type": "Point", "coordinates": [-123.795046, 39.299476]}, "properties": {"id": "ccc-212", "name": "Mendocino Bay Overlook"}}, {"type": "Feature", "geometry": {"type": "Point", "coordinates": [-123.758245, 39.191738]}, "properties": {"id": "ccc-213", "name": "Navarro Beach"}}, {"type": "Feature", "geometry": {"type": "Point", "coordinates": [-123.67349, 39.17233]}, "properties": {"id": "ccc-214", "name": "Navarro River Redwoods State Park"}}, {"type": "Feature", "geometry": {"type": "Point", "coordinates": [-123.638237, 39.157959]}, "properties": {"id": "ccc-215", "name": "Paul Dimmick Campground"}}, {"type": "Feature", "geometry": {"type": "Point", "coordinates": [-123.736535, 39.163296]}, "properties": {"id": "ccc-216", "name": "Peg and John Frankel Trail"}}, {"type": "Feature", "geometry": {"type": "Point", "coordinates": [-123.717304, 39.130412]}, "properties": {"id": "ccc-217", "name": "Elk"}}, {"type": "Feature", "geometry": {"type": "Point", "coordinates": [-123.717421, 39.129266]}, "properties": {"id": "ccc-218", "name": "Greenwood State Beach"}}, {"type": "Feature", "geometry": {"type": "Point", "coordinates": [-123.717738, 39.13061]}, "properties": {"id": "ccc-219", "name": "Greenwood Beach Visitor Center and Museum"}}, {"type": "Feature", "geometry": {"type": "Point", "coordinates": [-123.688202, 39.033311]}, "properties": {"id": "ccc-220", "name": "Mallo Pass Creek Vista Point"}}, {"type": "Feature", "geometry": {"type": "Point", "coordinates": [-123.695768, 39.003783]}, "properties": {"id": "ccc-221", "name": "Alder Creek Beach"}}, {"type": "Feature", "geometry": {"type": "Point", "coordinates": [-123.705561, 38.982795]}, "properties": {"id": "ccc-222", "name": "Manchester State Park"}}, {"type": "Feature", "geometry": {"type": "Point", "coordinates": [-123.688198, 38.980577]}, "properties": {"id": "ccc-223", "name": "Kinney Road"}}, {"type": "Feature", "geometry": {"type": "Point", "coordinates": [-123.69329, 38.981907]}, "properties": {"id": "ccc-224", "name": "Manchester Beach KOA"}}, {"type": "Feature", "geometry": {"type": "Point", "coordinates": [-123.687467, 38.95563]}, "properties": {"id": "ccc-225", "name": "Stoneboro Road"}}, {"type": "Feature", "geometry": {"type": "Point", "coordinates": [-123.740574, 38.954687]}, "properties": {"id": "ccc-226", "name": "Point Arena Lighthouse"}}, {"type": "Feature", "geometry": {"type": "Point", "coordinates": [-123.730488, 38.945281]}, "properties": {"id": "ccc-227", "name": "Point Arena Headland/Stornetta Public Lands"}}, {"type": "Feature", "geometry": {"type": "Point", "coordinates": [-123.729838, 38.940357]}, "properties": {"id": "ccc-228", "name": "Point Arena Headland (Lighthouse Road)"}}, {"type": "Feature", "geometry": {"type": "Point", "coordinates": [-123.723434, 38.945255]}, "properties": {"id": "ccc-229", "name": "Garcia River Access"}}, {"type": "Feature", "geometry": {"type": "Point", "coordinates": [-123.703799, 38.916708]}, "properties": {"id": "ccc-230", "name": "Point Arena-Stornetta Unit (South Entrance)"}}, {"type": "Feature", "geometry": {"type": "Point", "coordinates": [-123.710188, 38.91455]}, "properties": {"id": "ccc-231", "name": "Arena Cove"}}, {"type": "Feature", "geometry": {"type": "Point", "coordinates": [-123.683501, 38.894727]}, "properties": {"id": "ccc-232", "name": "Pelican Bluffs Preserve"}}, {"type": "Feature", "geometry": {"type": "Point", "coordinates": [-123.675202, 38.881296]}, "properties": {"id": "ccc-233", "name": "Moat Creek Beach"}}, {"type": "Feature", "geometry": {"type": "Point", "coordinates": [-123.667041, 38.878683]}, "properties": {"id": "ccc-234", "name": "Ross Creek Beach Access"}}, {"type": "Feature", "geometry": {"type": "Point", "coordinates": [-123.66064, 38.872933]}, "properties": {"id": "ccc-235", "name": "Bowling Ball Beach"}}, {"type": "Feature", "geometry": {"type": "Point", "coordinates": [-123.653698, 38.867901]}, "properties": {"id": "ccc-236", "name": "Schooner Gulch State Beach"}}, {"type": "Feature", "geometry": {"type": "Point", "coordinates": [-123.650887, 38.854298]}, "properties": {"id": "ccc-237", "name": "Overlook (Hwy. One milepost 10.52)"}}, {"type": "Feature", "geometry": {"type": "Point", "coordinates": [-123.648289, 38.85198]}, "properties": {"id": "ccc-238", "name": "Hearn Gulch"}}, {"type": "Feature", "geometry": {"type": "Point", "coordinates": [-123.580074, 38.80312]}, "properties": {"id": "ccc-239", "name": "Fish Rock Beach"}}, {"type": "Feature", "geometry": {"type": "Point", "coordinates": [-123.568718, 38.794501]}, "properties": {"id": "ccc-240", "name": "Collins Landing"}}, {"type": "Feature", "geometry": {"type": "Point", "coordinates": [-123.56341, 38.792663]}, "properties": {"id": "ccc-241", "name": "St. Orres Creek"}}, {"type": "Feature", "geometry": {"type": "Point", "coordinates": [-123.560463, 38.789859]}, "properties": {"id": "ccc-242", "name": "Bonham Trail to Cook's Beach"}}, {"type": "Feature", "geometry": {"type": "Point", "coordinates": [-123.519974, 38.758495]}, "properties": {"id": "ccc-243", "name": "Gualala River"}}, {"type": "Feature", "geometry": {"type": "Point", "coordinates": [-123.530319, 38.7673]}, "properties": {"id": "ccc-244", "name": "Gualala Bluff Trail"}}, {"type": "Feature", "geometry": {"type": "Point", "coordinates": [-123.522985, 38.75877]}, "properties": {"id": "ccc-245", "name": "Gualala Point Regional Park"}}, {"type": "Feature", "geometry": {"type": "Point", "coordinates": [-123.51454, 38.752895]}, "properties": {"id": "ccc-246", "name": "Salal Trail"}}, {"type": "Feature", "geometry": {"type": "Point", "coordinates": [-123.526218, 38.757053]}, "properties": {"id": "ccc-247", "name": "Sea Ranch Blufftop Trail"}}, {"type": "Feature", "geometry": {"type": "Point", "coordinates": [-123.491998, 38.740233]}, "properties": {"id": "ccc-248", "name": "Walk-on Beach Trail"}}, {"type": "Feature", "geometry": {"type": "Point", "coordinates": [-123.472418, 38.729322]}, "properties": {"id": "ccc-249", "name": "Shell Beach Trail (Sea Ranch)"}}, {"type": "Feature", "geometry": {"type": "Point", "coordinates": [-123.45677, 38.716532]}, "properties": {"id": "ccc-250", "name": "Stengel Beach Trail"}}, {"type": "Feature", "geometry": {"type": "Point", "coordinates": [-123.436037, 38.699628]}, "properties": {"id": "ccc-251", "name": "Pebble Beach Trail (Sonoma County)"}}, {"type": "Feature", "geometry": {"type": "Point", "coordinates": [-123.428478, 38.682034]}, "properties": {"id": "ccc-252", "name": "Black Point Beach Trail"}}, {"type": "Feature", "geometry": {"type": "Point", "coordinates": [-123.325667, 38.570436]}, "properties": {"id": "ccc-253", "name": "Salt Point State Park"}}, {"type": "Feature", "geometry": {"type": "Point", "coordinates": [-123.370103, 38.607383]}, "properties": {"id": "ccc-254", "name": "Horseshoe Point"}}, {"type": "Feature", "geometry": {"type": "Point", "coordinates": [-123.365864, 38.614165]}, "properties": {"id": "ccc-255", "name": "North Horseshoe Cove"}}, {"type": "Feature", "geometry": {"type": "Point", "coordinates": [-123.344686, 38.593942]}, "properties": {"id": "ccc-256", "name": "Fisk Mill Cove"}}, {"type": "Feature", "geometry": {"type": "Point", "coordinates": [-123.32863, 38.594207]}, "properties": {"id": "ccc-257", "name": "Kruse Rhododendron State Natural Reserve"}}, {"type": "Feature", "geometry": {"type": "Point", "coordinates": [-123.333625, 38.579878]}, "properties": {"id": "ccc-258", "name": "Stump Beach Cove"}}, {"type": "Feature", "geometry": {"type": "Point", "coordinates": [-123.324474, 38.564261]}, "properties": {"id": "ccc-259", "name": "Gerstle Cove"}}, {"type": "Feature", "geometry": {"type": "Point", "coordinates": [-123.303309, 38.555701]}, "properties": {"id": "ccc-260", "name": "Ocean Cove"}}, {"type": "Feature", "geometry": {"type": "Point", "coordinates": [-123.301173, 38.548594]}, "properties": {"id": "ccc-261", "name": "Stillwater Cove Bluffs"}}, {"type": "Feature", "geometry": {"type": "Point", "coordinates": [-123.295441, 38.548165]}, "properties": {"id": "ccc-262", "name": "Stillwater Cove Regional Park"}}, {"type": "Feature", "geometry": {"type": "Point", "coordinates": [-123.273707, 38.532788]}, "properties": {"id": "ccc-263", "name": "Timber Cove Campground"}}, {"type": "Feature", "geometry": {"type": "Point", "coordinates": [-123.268423, 38.524733]}, "properties": {"id": "ccc-264", "name": "Windemere Point"}}, {"type": "Feature", "geometry": {"type": "Point", "coordinates": [-123.247111, 38.515948]}, "properties": {"id": "ccc-265", "name": "Fort Ross State Historic Park"}}, {"type": "Feature", "geometry": {"type": "Point", "coordinates": [-123.235917, 38.509937]}, "properties": {"id": "ccc-266", "name": "Fort Ross Reef Campground"}}, {"type": "Feature", "geometry": {"type": "Point", "coordinates": [-123.162725, 38.477765]}, "properties": {"id": "ccc-267", "name": "Vista Trail"}}, {"type": "Feature", "geometry": {"type": "Point", "coordinates": [-123.15578, 38.466802]}, "properties": {"id": "ccc-268", "name": "Russian Gulch (Sonoma County)"}}, {"type": "Feature", "geometry": {"type": "Point", "coordinates": [-123.134863, 38.473863]}, "properties": {"id": "ccc-269", "name": "Jenner Headlands Preserve"}}, {"type": "Feature", "geometry": {"type": "Point", "coordinates": [-123.134155, 38.454648]}, "properties": {"id": "ccc-270", "name": "North Jenner Bluffs"}}, {"type": "Feature", "geometry": {"type": "Point", "coordinates": [-123.128357, 38.450408]}, "properties": {"id": "ccc-271", "name": "Russian River"}}, {"type": "Feature", "geometry": {"type": "Point", "coordinates": [-123.115283, 38.449434]}, "properties": {"id": "ccc-272", "name": "Jenner Visitor Center"}}, {"type": "Feature", "geometry": {"type": "Point", "coordinates": [-123.108814, 38.441057]}, "properties": {"id": "ccc-273", "name": "Vista Points (Jenner to Bridgehaven)"}}, {"type": "Feature", "geometry": {"type": "Point", "coordinates": [-123.055101, 38.450703]}, "properties": {"id": "ccc-274", "name": "Duncans Mills Camping Club"}}, {"type": "Feature", "geometry": {"type": "Point", "coordinates": [-123.045073, 38.46031]}, "properties": {"id": "ccc-275", "name": "Casini Ranch Family Campground"}}, {"type": "Feature", "geometry": {"type": "Point", "coordinates": [-123.092387, 38.447072]}, "properties": {"id": "ccc-276", "name": "Willow Creek Campground"}}, {"type": "Feature", "geometry": {"type": "Point", "coordinates": [-123.073009, 38.429728]}, "properties": {"id": "ccc-277", "name": "Pomo Canyon Campground"}}, {"type": "Feature", "geometry": {"type": "Point", "coordinates": [-123.092365, 38.42555]}, "properties": {"id": "ccc-278", "name": "Red Hill"}}, {"type": "Feature", "geometry": {"type": "Point", "coordinates": [-123.126035, 38.440756]}, "properties": {"id": "ccc-279", "name": "Goat Rock"}}, {"type": "Feature", "geometry": {"type": "Point", "coordinates": [-123.095155, 38.402301]}, "properties": {"id": "ccc-280", "name": "Sonoma Coast State Park"}}, {"type": "Feature", "geometry": {"type": "Point", "coordinates": [-123.105583, 38.417267]}, "properties": {"id": "ccc-281", "name": "Shell Beach"}}, {"type": "Feature", "geometry": {"type": "Point", "coordinates": [-123.095112, 38.400206]}, "properties": {"id": "ccc-282", "name": "Wright's Beach"}}, {"type": "Feature", "geometry": {"type": "Point", "coordinates": [-123.092705, 38.395619]}, "properties": {"id": "ccc-283", "name": "Duncans Landing"}}, {"type": "Feature", "geometry": {"type": "Point", "coordinates": [-123.085223, 38.390012]}, "properties": {"id": "ccc-284", "name": "Gleason Beach"}}, {"type": "Feature", "geometry": {"type": "Point", "coordinates": [-123.080137, 38.377769]}, "properties": {"id": "ccc-285", "name": "Portuguese Beach"}}, {"type": "Feature", "geometry": {"type": "Point", "coordinates": [-123.077916, 38.375137]}, "properties": {"id": "ccc-286", "name": "Schoolhouse Beach"}}, {"type": "Feature", "geometry": {"type": "Point", "coordinates": [-123.076008, 38.371881]}, "properties": {"id": "ccc-287", "name": "Carmet Beach"}}, {"type": "Feature", "geometry": {"type": "Point", "coordinates": [-123.074199, 38.37014]}, "properties": {"id": "ccc-288", "name": "Marshall Gulch"}}, {"type": "Feature", "geometry": {"type": "Point", "coordinates": [-123.070119, 38.363601]}, "properties": {"id": "ccc-289", "name": "Coleman Beach"}}, {"type": "Feature", "geometry": {"type": "Point", "coordinates": [-123.064879, 38.368264]}, "properties": {"id": "ccc-290", "name": "Carrington Coast Ranch"}}, {"type": "Feature", "geometry": {"type": "Point", "coordinates": [-123.066815, 38.356071]}, "properties": {"id": "ccc-291", "name": "North Salmon Creek Beach"}}, {"type": "Feature", "geometry": {"type": "Point", "coordinates": [-123.055907, 38.337533]}, "properties": {"id": "ccc-292", "name": "Bodega Dunes Campground"}}, {"type": "Feature", "geometry": {"type": "Point", "coordinates": [-123.050065, 38.340814]}, "properties": {"id": "ccc-293", "name": "Coastal Prairie Trail"}}, {"type": "Feature", "geometry": {"type": "Point", "coordinates": [-123.049217, 38.327327]}, "properties": {"id": "ccc-294", "name": "Bodega Harbor"}}, {"type": "Feature", "geometry": {"type": "Point", "coordinates": [-123.059383, 38.331652]}, "properties": {"id": "ccc-295", "name": "Mason's Marina"}}, {"type": "Feature", "geometry": {"type": "Point", "coordinates": [-123.05776, 38.327938]}, "properties": {"id": "ccc-296", "name": "Spud Point Marina"}}, {"type": "Feature", "geometry": {"type": "Point", "coordinates": [-123.055743, 38.323139]}, "properties": {"id": "ccc-297", "name": "Westside Regional Park"}}, {"type": "Feature", "geometry": {"type": "Point", "coordinates": [-123.056745, 38.305436]}, "properties": {"id": "ccc-298", "name": "Campbell Cove"}}, {"type": "Feature", "geometry": {"type": "Point", "coordinates": [-123.063824, 38.304567]}, "properties": {"id": "ccc-299", "name": "Bodega Head Trail / Overlook Trail"}}, {"type": "Feature", "geometry": {"type": "Point", "coordinates": [-123.05976, 38.30014]}, "properties": {"id": "ccc-300", "name": "Bodega Head"}}, {"type": "Feature", "geometry": {"type": "Point", "coordinates": [-123.051142, 38.334201]}, "properties": {"id": "ccc-301", "name": "Porto Bodega"}}, {"type": "Feature", "geometry": {"type": "Point", "coordinates": [-123.04055, 38.326039]}, "properties": {"id": "ccc-302", "name": "Lucas Wharf"}}, {"type": "Feature", "geometry": {"type": "Point", "coordinates": [-123.035607, 38.321043]}, "properties": {"id": "ccc-303", "name": "Bird Walk Coastal Access"}}, {"type": "Feature", "geometry": {"type": "Point", "coordinates": [-123.044516, 38.314023]}, "properties": {"id": "ccc-304", "name": "Doran Beach Regional Park"}}, {"type": "Feature", "geometry": {"type": "Point", "coordinates": [-123.018401, 38.307082]}, "properties": {"id": "ccc-305", "name": "Pinnacle Gulch Trail"}}, {"type": "Feature", "geometry": {"type": "Point", "coordinates": [-123.012028, 38.304405]}, "properties": {"id": "ccc-306", "name": "Short Tail Gulch"}}, {"type": "Feature", "geometry": {"type": "Point", "coordinates": [-122.967449, 38.249859]}, "properties": {"id": "ccc-307", "name": "Dillon Beach"}}, {"type": "Feature", "geometry": {"type": "Point", "coordinates": [-122.969553, 38.231865]}, "properties": {"id": "ccc-308", "name": "Lawson's Landing"}}, {"type": "Feature", "geometry": {"type": "Point", "coordinates": [-122.904827, 38.246302]}, "properties": {"id": "ccc-309", "name": "Town of Tomales"}}, {"type": "Feature", "geometry": {"type": "Point", "coordinates": [-122.916284, 38.226306]}, "properties": {"id": "ccc-310", "name": "Keys Creek Access"}}, {"type": "Feature", "geometry": {"type": "Point", "coordinates": [-122.924174, 38.218578]}, "properties": {"id": "ccc-311", "name": "Walker Creek Delta"}}, {"type": "Feature", "geometry": {"type": "Point", "coordinates": [-122.921562, 38.199878]}, "properties": {"id": "ccc-312", "name": "Miller Park"}}, {"type": "Feature", "geometry": {"type": "Point", "coordinates": [-122.920921, 38.19953]}, "properties": {"id": "ccc-313", "name": "Nick's Cove"}}, {"type": "Feature", "geometry": {"type": "Point", "coordinates": [-122.90134, 38.167924]}, "properties": {"id": "ccc-314", "name": "Livermore Marsh / Cypress Grove"}}, {"type": "Feature", "geometry": {"type": "Point", "coordinates": [-122.893121, 38.161812]}, "properties": {"id": "ccc-315", "name": "Village of Marshall"}}, {"type": "Feature", "geometry": {"type": "Point", "coordinates": [-122.878509, 38.143894]}, "properties": {"id": "ccc-316", "name": "Marconi Conference Center State Historic Park"}}, {"type": "Feature", "geometry": {"type": "Point", "coordinates": [-122.856134, 38.121697]}, "properties": {"id": "ccc-317", "name": "Tomales Bay State Park - Tomasini Point"}}, {"type": "Feature", "geometry": {"type": "Point", "coordinates": [-122.844944, 38.108689]}, "properties": {"id": "ccc-318", "name": "Tomales Bay State Park - Millerton Point"}}, {"type": "Feature", "geometry": {"type": "Point", "coordinates": [-122.827174, 38.092578]}, "properties": {"id": "ccc-319", "name": "Bivalve Overlook"}}, {"type": "Feature", "geometry": {"type": "Point", "coordinates": [-122.813072, 38.087317]}, "properties": {"id": "ccc-320", "name": "Tomales Bay Trailhead"}}, {"type": "Feature", "geometry": {"type": "Point", "coordinates": [-122.805176, 38.064987]}, "properties": {"id": "ccc-321", "name": "Lagunitas Creek"}}, {"type": "Feature", "geometry": {"type": "Point", "coordinates": [-122.806773, 38.068798]}, "properties": {"id": "ccc-322", "name": "Point Reyes Station"}}, {"type": "Feature", "geometry": {"type": "Point", "coordinates": [-122.807804, 38.067085]}, "properties": {"id": "ccc-323", "name": "Giacomini Wetlands"}}, {"type": "Feature", "geometry": {"type": "Point", "coordinates": [-122.809742, 38.058907]}, "properties": {"id": "ccc-324", "name": "Olema Marsh"}}, {"type": "Feature", "geometry": {"type": "Point", "coordinates": [-122.798014, 38.043905]}, "properties": {"id": "ccc-325", "name": "Point Reyes National Seashore"}}, {"type": "Feature", "geometry": {"type": "Point", "coordinates": [-122.816487, 38.062229]}, "properties": {"id": "ccc-326", "name": "White House Pool"}}, {"type": "Feature", "geometry": {"type": "Point", "coordinates": [-122.83082, 38.081281]}, "properties": {"id": "ccc-327", "name": "Tomales Bay Ecological Reserve"}}, {"type": "Feature", "geometry": {"type": "Point", "coordinates": [-122.841707, 38.08817]}, "properties": {"id": "ccc-328", "name": "Shields Saltmarsh"}}, {"type": "Feature", "geometry": {"type": "Point", "coordinates": [-122.851298, 38.096641]}, "properties": {"id": "ccc-329", "name": "Martinelli Park"}}, {"type": "Feature", "geometry": {"type": "Point", "coordinates": [-122.851833, 38.09685]}, "properties": {"id": "ccc-330", "name": "Inverness"}}, {"type": "Feature", "geometry": {"type": "Point", "coordinates": [-122.862716, 38.107081]}, "properties": {"id": "ccc-331", "name": "Tomales Bay Resort"}}, {"type": "Feature", "geometry": {"type": "Point", "coordinates": [-122.861951, 38.106481]}, "properties": {"id": "ccc-332", "name": "Dana Marsh"}}, {"type": "Feature", "geometry": {"type": "Point", "coordinates": [-122.865141, 38.110024]}, "properties": {"id": "ccc-333", "name": "Chicken Ranch Beach"}}, {"type": "Feature", "geometry": {"type": "Point", "coordinates": [-122.87354, 38.116495]}, "properties": {"id": "ccc-334", "name": "Shell Beach - Tomales Bay State Park"}}, {"type": "Feature", "geometry": {"type": "Point", "coordinates": [-122.893227, 38.132438]}, "properties": {"id": "ccc-335", "name": "Heart's Desire Beach - Tomales Bay State Park"}}, {"type": "Feature", "geometry": {"type": "Point", "coordinates": [-122.886958, 38.129222]}, "properties": {"id": "ccc-336", "name": "Pebble Beach - Tomales Bay State Park"}}, {"type": "Feature", "geometry": {"type": "Point", "coordinates": [-122.896596, 38.137463]}, "properties": {"id": "ccc-337", "name": "Indian Beach - Tomales Bay State Park"}}, {"type": "Feature", "geometry": {"type": "Point", "coordinates": [-122.915243, 38.163935]}, "properties": {"id": "ccc-338", "name": "Marshall Beach"}}, {"type": "Feature", "geometry": {"type": "Point", "coordinates": [-122.954038, 38.189119]}, "properties": {"id": "ccc-339", "name": "Pierce Point Ranch"}}, {"type": "Feature", "geometry": {"type": "Point", "coordinates": [-122.994833, 38.240611]}, "properties": {"id": "ccc-340", "name": "Tomales Point"}}, {"type": "Feature", "geometry": {"type": "Point", "coordinates": [-122.96422, 38.187905]}, "properties": {"id": "ccc-341", "name": "McClures Beach"}}, {"type": "Feature", "geometry": {"type": "Point", "coordinates": [-122.948846, 38.155478]}, "properties": {"id": "ccc-342", "name": "Kehoe Beach"}}, {"type": "Feature", "geometry": {"type": "Point", "coordinates": [-122.950903, 38.118805]}, "properties": {"id": "ccc-343", "name": "Abbotts Lagoon"}}, {"type": "Feature", "geometry": {"type": "Point", "coordinates": [-122.918594, 38.06729]}, "properties": {"id": "ccc-344", "name": "Drakes Estero"}}, {"type": "Feature", "geometry": {"type": "Point", "coordinates": [-122.974713, 38.077791]}, "properties": {"id": "ccc-345", "name": "North Beach"}}, {"type": "Feature", "geometry": {"type": "Point", "coordinates": [-122.987909, 38.047854]}, "properties": {"id": "ccc-346", "name": "South Beach"}}, {"type": "Feature", "geometry": {"type": "Point", "coordinates": [-123.011695, 37.997718]}, "properties": {"id": "ccc-347", "name": "Point Reyes Headlands"}}, {"type": "Feature", "geometry": {"type": "Point", "coordinates": [-123.023097, 37.995822]}, "properties": {"id": "ccc-348", "name": "Point Reyes Lighthouse"}}, {"type": "Feature", "geometry": {"type": "Point", "coordinates": [-122.979062, 37.995564]}, "properties": {"id": "ccc-349", "name": "Chimney Rock Trailhead"}}, {"type": "Feature", "geometry": {"type": "Point", "coordinates": [-122.961775, 38.027754]}, "properties": {"id": "ccc-350", "name": "Drakes Beach"}}, {"type": "Feature", "geometry": {"type": "Point", "coordinates": [-122.88467, 38.028548]}, "properties": {"id": "ccc-351", "name": "Estero de Limantour"}}, {"type": "Feature", "geometry": {"type": "Point", "coordinates": [-122.861845, 38.044052]}, "properties": {"id": "ccc-352", "name": "Point Reyes Hostel"}}, {"type": "Feature", "geometry": {"type": "Point", "coordinates": [-122.886565, 38.026019]}, "properties": {"id": "ccc-353", "name": "Limantour Beach"}}, {"type": "Feature", "geometry": {"type": "Point", "coordinates": [-122.845309, 38.010003]}, "properties": {"id": "ccc-354", "name": "Sculptured Beach"}}, {"type": "Feature", "geometry": {"type": "Point", "coordinates": [-122.787778, 38.040522]}, "properties": {"id": "ccc-355", "name": "Olema"}}, {"type": "Feature", "geometry": {"type": "Point", "coordinates": [-122.790622, 38.043925]}, "properties": {"id": "ccc-356", "name": "Olema Ranch Campground"}}, {"type": "Feature", "geometry": {"type": "Point", "coordinates": [-122.800208, 38.041247]}, "properties": {"id": "ccc-357", "name": "Point Reyes National Seashore Visitor Center"}}, {"type": "Feature", "geometry": {"type": "Point", "coordinates": [-122.729591, 38.019555]}, "properties": {"id": "ccc-358", "name": "Samuel P. Taylor State Park"}}, {"type": "Feature", "geometry": {"type": "Point", "coordinates": [-122.755437, 37.998264]}, "properties": {"id": "ccc-359", "name": "Five Brooks Trailhead"}}, {"type": "Feature", "geometry": {"type": "Point", "coordinates": [-122.746523, 37.933777]}, "properties": {"id": "ccc-360", "name": "Palomarin Trailhead"}}, {"type": "Feature", "geometry": {"type": "Point", "coordinates": [-122.736104, 37.930033]}, "properties": {"id": "ccc-361", "name": "Point Blue Visitor Center"}}, {"type": "Feature", "geometry": {"type": "Point", "coordinates": [-122.723352, 37.920708]}, "properties": {"id": "ccc-362", "name": "Path to Shore 1 (Mesa Road)"}}, {"type": "Feature", "geometry": {"type": "Point", "coordinates": [-122.720148, 37.918229]}, "properties": {"id": "ccc-363", "name": "Path to Shore 2 (Mesa Road)"}}, {"type": "Feature", "geometry": {"type": "Point", "coordinates": [-122.710617, 37.897285]}, "properties": {"id": "ccc-364", "name": "Agate Beach"}}, {"type": "Feature", "geometry": {"type": "Point", "coordinates": [-122.686558, 37.9095]}, "properties": {"id": "ccc-365", "name": "Town of Bolinas"}}, {"type": "Feature", "geometry": {"type": "Point", "coordinates": [-122.693923, 37.902429]}, "properties": {"id": "ccc-366", "name": "Bolinas Overlook"}}, {"type": "Feature", "geometry": {"type": "Point", "coordinates": [-122.684557, 37.905149]}, "properties": {"id": "ccc-367", "name": "Bolinas Beach"}}, {"type": "Feature", "geometry": {"type": "Point", "coordinates": [-122.68983, 37.921996]}, "properties": {"id": "ccc-368", "name": "Bolinas Lagoon Nature Preserve"}}, {"type": "Feature", "geometry": {"type": "Point", "coordinates": [-122.682518, 37.929978]}, "properties": {"id": "ccc-369", "name": "Audubon Canyon Ranch"}}, {"type": "Feature", "geometry": {"type": "Point", "coordinates": [-122.664035, 37.905214]}, "properties": {"id": "ccc-370", "name": "Seadrift Beach"}}, {"type": "Feature", "geometry": {"type": "Point", "coordinates": [-122.653172, 37.903252]}, "properties": {"id": "ccc-371", "name": "Walla Vista Walkway"}}, {"type": "Feature", "geometry": {"type": "Point", "coordinates": [-122.642956, 37.897682]}, "properties": {"id": "ccc-372", "name": "Stinson Beach"}}, {"type": "Feature", "geometry": {"type": "Point", "coordinates": [-122.632408, 37.888692]}, "properties": {"id": "ccc-373", "name": "Red Rock Beach"}}, {"type": "Feature", "geometry": {"type": "Point", "coordinates": [-122.626278, 37.886556]}, "properties": {"id": "ccc-374", "name": "Steep Ravine Beach"}}, {"type": "Feature", "geometry": {"type": "Point", "coordinates": [-122.603976, 37.904246]}, "properties": {"id": "ccc-375", "name": "Mount Tamalpais State Park"}}, {"type": "Feature", "geometry": {"type": "Point", "coordinates": [-122.597014, 37.873549]}, "properties": {"id": "ccc-376", "name": "Slide Ranch"}}, {"type": "Feature", "geometry": {"type": "Point", "coordinates": [-122.585755, 37.863026]}, "properties": {"id": "ccc-377", "name": "Muir Overlook"}}, {"type": "Feature", "geometry": {"type": "Point", "coordinates": [-122.576287, 37.859221]}, "properties": {"id": "ccc-378", "name": "Muir Beach"}}, {"type": "Feature", "geometry": {"type": "Point", "coordinates": [-122.569324, 37.891696]}, "properties": {"id": "ccc-379", "name": "Muir Woods National Monument"}}, {"type": "Feature", "geometry": {"type": "Point", "coordinates": [-122.555838, 37.849951]}, "properties": {"id": "ccc-380", "name": "Coastal Trail (Marin County)"}}, {"type": "Feature", "geometry": {"type": "Point", "coordinates": [-122.552158, 37.84117]}, "properties": {"id": "ccc-381", "name": "Tennessee Cove"}}, {"type": "Feature", "geometry": {"type": "Point", "coordinates": [-122.535798, 37.828761]}, "properties": {"id": "ccc-382", "name": "Rodeo Beach"}}, {"type": "Feature", "geometry": {"type": "Point", "coordinates": [-122.53166, 37.835092]}, "properties": {"id": "ccc-383", "name": "Marine Mammal Center (Marin Headlands)"}}, {"type": "Feature", "geometry": {"type": "Point", "coordinates": [-122.520792, 37.828845]}, "properties": {"id": "ccc-384", "name": "Marin Headlands Hostel"}}, {"type": "Feature", "geometry": {"type": "Point", "coordinates": [-122.529415, 37.815624]}, "properties": {"id": "ccc-385", "name": "Point Bonita Lighthouse"}}, {"type": "Feature", "geometry": {"type": "Point", "coordinates": [-122.533449, 37.823015]}, "properties": {"id": "ccc-386", "name": "Bird Island Overlook"}}, {"type": "Feature", "geometry": {"type": "Point", "coordinates": [-122.510715, 37.827189]}, "properties": {"id": "ccc-387", "name": "Black Sand Beach"}}, {"type": "Feature", "geometry": {"type": "Point", "coordinates": [-122.498267, 37.829243]}, "properties": {"id": "ccc-388", "name": "Marin Headlands"}}, {"type": "Feature", "geometry": {"type": "Point", "coordinates": [-122.525067, 37.830852]}, "properties": {"id": "ccc-389", "name": "Marin Headlands Visitor Center"}}, {"type": "Feature", "geometry": {"type": "Point", "coordinates": [-122.529875, 37.823277]}, "properties": {"id": "ccc-390", "name": "YMCA Point Bonita Center"}}, {"type": "Feature", "geometry": {"type": "Point", "coordinates": [-122.489763, 37.826829]}, "properties": {"id": "ccc-391", "name": "Kirby Cove"}}, {"type": "Feature", "geometry": {"type": "Point", "coordinates": [-122.481754, 37.832706]}, "properties": {"id": "ccc-392", "name": "California Coastal Trail (Marin Headlands)"}}, {"type": "Feature", "geometry": {"type": "Point", "coordinates": [-122.480368, 37.832621]}, "properties": {"id": "ccc-393", "name": "Golden Gate Bridge Vista Point - North"}}, {"type": "Feature", "geometry": {"type": "Point", "coordinates": [-122.432384, 37.860677]}, "properties": {"id": "ccc-394", "name": "Angel Island State Park"}}, {"type": "Feature", "geometry": {"type": "Point", "coordinates": [-122.421023, 37.809084]}, "properties": {"id": "ccc-395", "name": "San Francisco Maritime National Historical Park"}}, {"type": "Feature", "geometry": {"type": "Point", "coordinates": [-122.420605, 37.807542]}, "properties": {"id": "ccc-396", "name": "San Francisco Maritime National Historical Park Visitor Center"}}, {"type": "Feature", "geometry": {"type": "Point", "coordinates": [-122.422703, 37.826655]}, "properties": {"id": "ccc-397", "name": "Alcatraz Island"}}, {"type": "Feature", "geometry": {"type": "Point", "coordinates": [-122.423962, 37.806587]}, "properties": {"id": "ccc-398", "name": "Aquatic Park"}}, {"type": "Feature", "geometry": {"type": "Point", "coordinates": [-122.423888, 37.806316]}, "properties": {"id": "ccc-399", "name": "San Francisco Maritime Museum"}}, {"type": "Feature", "geometry": {"type": "Point", "coordinates": [-122.428417, 37.807031]}, "properties": {"id": "ccc-400", "name": "San Francisco Fisherman's Wharf Hostel"}}, {"type": "Feature", "geometry": {"type": "Point", "coordinates": [-122.431667, 37.805927]}, "properties": {"id": "ccc-401", "name": "Fort Mason Center"}}, {"type": "Feature", "geometry": {"type": "Point", "coordinates": [-122.43934, 37.806554]}, "properties": {"id": "ccc-402", "name": "Marina Green"}}, {"type": "Feature", "geometry": {"type": "Point", "coordinates": [-122.445156, 37.806405]}, "properties": {"id": "ccc-403", "name": "San Francisco Marina"}}, {"type": "Feature", "geometry": {"type": "Point", "coordinates": [-122.415869, 37.808301]}, "properties": {"id": "ccc-404", "name": "Fisherman's Wharf"}}, {"type": "Feature", "geometry": {"type": "Point", "coordinates": [-122.409515, 37.808616]}, "properties": {"id": "ccc-405", "name": "Aquarium of the Bay"}}, {"type": "Feature", "geometry": {"type": "Point", "coordinates": [-122.397564, 37.799174]}, "properties": {"id": "ccc-406", "name": "Embarcadero"}}, {"type": "Feature", "geometry": {"type": "Point", "coordinates": [-122.398679, 37.801298]}, "properties": {"id": "ccc-407", "name": "Exploratorium"}}, {"type": "Feature", "geometry": {"type": "Point", "coordinates": [-122.386092, 37.78012]}, "properties": {"id": "ccc-408", "name": "South Beach Harbor"}}, {"type": "Feature", "geometry": {"type": "Point", "coordinates": [-122.458892, 37.79768]}, "properties": {"id": "ccc-409", "name": "Presidio of San Francisco"}}, {"type": "Feature", "geometry": {"type": "Point", "coordinates": [-122.45085, 37.806149]}, "properties": {"id": "ccc-410", "name": "Crissy Field Beach"}}, {"type": "Feature", "geometry": {"type": "Point", "coordinates": [-122.458528, 37.804952]}, "properties": {"id": "ccc-411", "name": "Crissy Marsh"}}, {"type": "Feature", "geometry": {"type": "Point", "coordinates": [-122.467068, 37.805491]}, "properties": {"id": "ccc-412", "name": "Gulf of the Farallones Visitor Center"}}, {"type": "Feature", "geometry": {"type": "Point", "coordinates": [-122.476824, 37.810722]}, "properties": {"id": "ccc-413", "name": "Fort Point"}}, {"type": "Feature", "geometry": {"type": "Point", "coordinates": [-122.475045, 37.807669]}, "properties": {"id": "ccc-414", "name": "Golden Gate Bridge Vista Point - South"}}, {"type": "Feature", "geometry": {"type": "Point", "coordinates": [-122.477303, 37.807055]}, "properties": {"id": "ccc-415", "name": "California Coastal Trail (San Francisco)"}}, {"type": "Feature", "geometry": {"type": "Point", "coordinates": [-122.479166, 37.804005]}, "properties": {"id": "ccc-416", "name": "Marshall's Beach"}}, {"type": "Feature", "geometry": {"type": "Point", "coordinates": [-122.48497, 37.791479]}, "properties": {"id": "ccc-417", "name": "Baker Beach"}}, {"type": "Feature", "geometry": {"type": "Point", "coordinates": [-122.491276, 37.788342]}, "properties": {"id": "ccc-418", "name": "China Beach"}}, {"type": "Feature", "geometry": {"type": "Point", "coordinates": [-122.505547, 37.787524]}, "properties": {"id": "ccc-419", "name": "Lands End Trail"}}, {"type": "Feature", "geometry": {"type": "Point", "coordinates": [-122.511475, 37.779771]}, "properties": {"id": "ccc-420", "name": "Lands End Lookout"}}, {"type": "Feature", "geometry": {"type": "Point", "coordinates": [-122.513851, 37.778623]}, "properties": {"id": "ccc-421", "name": "Cliff House"}}, {"type": "Feature", "geometry": {"type": "Point", "coordinates": [-122.467163, 37.768855]}, "properties": {"id": "ccc-422", "name": "Golden Gate Park"}}, {"type": "Feature", "geometry": {"type": "Point", "coordinates": [-122.511163, 37.760181]}, "properties": {"id": "ccc-423", "name": "Ocean Beach"}}, {"type": "Feature", "geometry": {"type": "Point", "coordinates": [-122.507384, 37.735436]}, "properties": {"id": "ccc-424", "name": "Ocean Beach (Sloat Blvd.)"}}, {"type": "Feature", "geometry": {"type": "Point", "coordinates": [-122.505745, 37.733212]}, "properties": {"id": "ccc-425", "name": "San Francisco Zoological Gardens"}}, {"type": "Feature", "geometry": {"type": "Point", "coordinates": [-122.501452, 37.72645]}, "properties": {"id": "ccc-426", "name": "Lake Merced"}}, {"type": "Feature", "geometry": {"type": "Point", "coordinates": [-122.502, 37.714669]}, "properties": {"id": "ccc-427", "name": "Fort Funston"}}, {"type": "Feature", "geometry": {"type": "Point", "coordinates": [-122.487217, 37.736216]}, "properties": {"id": "ccc-428", "name": "Bay Area Ridge Trail (San Francisco)"}}, {"type": "Feature", "geometry": {"type": "Point", "coordinates": [-122.502231, 37.70769]}, "properties": {"id": "ccc-429", "name": "Phillip Burton Memorial Beach"}}, {"type": "Feature", "geometry": {"type": "Point", "coordinates": [-122.496306, 37.697858]}, "properties": {"id": "ccc-430", "name": "Thornton Beach Vista"}}, {"type": "Feature", "geometry": {"type": "Point", "coordinates": [-122.498782, 37.696589]}, "properties": {"id": "ccc-431", "name": "Thornton Beach"}}, {"type": "Feature", "geometry": {"type": "Point", "coordinates": [-122.49506, 37.689]}, "properties": {"id": "ccc-432", "name": "Palisades Park (San Mateo County)"}}, {"type": "Feature", "geometry": {"type": "Point", "coordinates": [-122.493918, 37.679968]}, "properties": {"id": "ccc-433", "name": "Northridge City Park"}}, {"type": "Feature", "geometry": {"type": "Point", "coordinates": [-122.49427, 37.666661]}, "properties": {"id": "ccc-434", "name": "Mussel Rock City Park"}}, {"type": "Feature", "geometry": {"type": "Point", "coordinates": [-122.493326, 37.654785]}, "properties": {"id": "ccc-435", "name": "Pacific Manor Beach"}}, {"type": "Feature", "geometry": {"type": "Point", "coordinates": [-122.492215, 37.646585]}, "properties": {"id": "ccc-436", "name": "San Francisco RV Resort"}}, {"type": "Feature", "geometry": {"type": "Point", "coordinates": [-122.493268, 37.644643]}, "properties": {"id": "ccc-437", "name": "Blufftop Path (SF RV Resort, Pacifica)"}}, {"type": "Feature", "geometry": {"type": "Point", "coordinates": [-122.494356, 37.632026]}, "properties": {"id": "ccc-438", "name": "Sharp Park Beach"}}, {"type": "Feature", "geometry": {"type": "Point", "coordinates": [-122.494286, 37.633389]}, "properties": {"id": "ccc-439", "name": "Pacifica Pier"}}, {"type": "Feature", "geometry": {"type": "Point", "coordinates": [-122.494264, 37.628953]}, "properties": {"id": "ccc-440", "name": "Beachfront Path (from Clarendon Road)"}}, {"type": "Feature", "geometry": {"type": "Point", "coordinates": [-122.473301, 37.634185]}, "properties": {"id": "ccc-441", "name": "Milagra Ridge"}}, {"type": "Feature", "geometry": {"type": "Point", "coordinates": [-122.488314, 37.625025]}, "properties": {"id": "ccc-442", "name": "Sharp Park Golf Course"}}, {"type": "Feature", "geometry": {"type": "Point", "coordinates": [-122.496486, 37.619874]}, "properties": {"id": "ccc-443", "name": "Mori Point"}}, {"type": "Feature", "geometry": {"type": "Point", "coordinates": [-122.458098, 37.604508]}, "properties": {"id": "ccc-444", "name": "Sweeney Ridge"}}, {"type": "Feature", "geometry": {"type": "Point", "coordinates": [-122.457985, 37.604302]}, "properties": {"id": "ccc-445", "name": "San Francisco Bay Discovery Site"}}, {"type": "Feature", "geometry": {"type": "Point", "coordinates": [-122.458567, 37.610779]}, "properties": {"id": "ccc-446", "name": "Bay Area Ridge Trail (San Mateo)"}}, {"type": "Feature", "geometry": {"type": "Point", "coordinates": [-122.487988, 37.614091]}, "properties": {"id": "ccc-447", "name": "Reina del Mar Trail Access"}}, {"type": "Feature", "geometry": {"type": "Point", "coordinates": [-122.497296, 37.609941]}, "properties": {"id": "ccc-448", "name": "Rockaway Beach"}}, {"type": "Feature", "geometry": {"type": "Point", "coordinates": [-122.495844, 37.609264]}, "properties": {"id": "ccc-449", "name": "GGNRA Visitor Center"}}, {"type": "Feature", "geometry": {"type": "Point", "coordinates": [-122.497626, 37.608045]}, "properties": {"id": "ccc-450", "name": "Rockaway Beach (Old County Road)"}}, {"type": "Feature", "geometry": {"type": "Point", "coordinates": [-122.501746, 37.598033]}, "properties": {"id": "ccc-451", "name": "Linda Mar Beach"}}, {"type": "Feature", "geometry": {"type": "Point", "coordinates": [-122.494023, 37.587622]}, "properties": {"id": "ccc-452", "name": "Sanchez Adobe County Historic Site"}}, {"type": "Feature", "geometry": {"type": "Point", "coordinates": [-122.476576, 37.580345]}, "properties": {"id": "ccc-453", "name": "San Pedro Valley County Park"}}, {"type": "Feature", "geometry": {"type": "Point", "coordinates": [-122.516999, 37.578826]}, "properties": {"id": "ccc-454", "name": "California Coastal Trail- Devils Slide"}}, {"type": "Feature", "geometry": {"type": "Point", "coordinates": [-122.514253, 37.564616]}, "properties": {"id": "ccc-455", "name": "Gray Whale Cove State Beach"}}, {"type": "Feature", "geometry": {"type": "Point", "coordinates": [-122.513759, 37.546262]}, "properties": {"id": "ccc-456", "name": "Montara State Beach"}}, {"type": "Feature", "geometry": {"type": "Point", "coordinates": [-122.51893, 37.536615]}, "properties": {"id": "ccc-457", "name": "Point Montara Lighthouse Hostel"}}, {"type": "Feature", "geometry": {"type": "Point", "coordinates": [-122.517605, 37.524364]}, "properties": {"id": "ccc-458", "name": "James V. Fitzgerald Marine Reserve"}}, {"type": "Feature", "geometry": {"type": "Point", "coordinates": [-122.513958, 37.519512]}, "properties": {"id": "ccc-459", "name": "Seal Cove"}}, {"type": "Feature", "geometry": {"type": "Point", "coordinates": [-122.505498, 37.510747]}, "properties": {"id": "ccc-460", "name": "Pillar Point Bluff Trails"}}, {"type": "Feature", "geometry": {"type": "Point", "coordinates": [-122.496724, 37.501493]}, "properties": {"id": "ccc-461", "name": "West Beach Trail"}}, {"type": "Feature", "geometry": {"type": "Point", "coordinates": [-122.482232, 37.501881]}, "properties": {"id": "ccc-462", "name": "Pillar Point Harbor"}}, {"type": "Feature", "geometry": {"type": "Point", "coordinates": [-122.472477, 37.501066]}, "properties": {"id": "ccc-463", "name": "East Breakwater"}}, {"type": "Feature", "geometry": {"type": "Point", "coordinates": [-122.460651, 37.525928]}, "properties": {"id": "ccc-464", "name": "Rancho Corral de Tierra"}}, {"type": "Feature", "geometry": {"type": "Point", "coordinates": [-122.464921, 37.49815]}, "properties": {"id": "ccc-465", "name": "Coastside Trail"}}, {"type": "Feature", "geometry": {"type": "Point", "coordinates": [-122.464256, 37.496172]}, "properties": {"id": "ccc-466", "name": "El Granada / Surfer's Beach"}}, {"type": "Feature", "geometry": {"type": "Point", "coordinates": [-122.456263, 37.488702]}, "properties": {"id": "ccc-467", "name": "Roosevelt Beach"}}, {"type": "Feature", "geometry": {"type": "Point", "coordinates": [-122.453554, 37.484381]}, "properties": {"id": "ccc-468", "name": "Dunes Beach"}}, {"type": "Feature", "geometry": {"type": "Point", "coordinates": [-122.451028, 37.479439]}, "properties": {"id": "ccc-469", "name": "Venice Beach"}}, {"type": "Feature", "geometry": {"type": "Point", "coordinates": [-122.446313, 37.465982]}, "properties": {"id": "ccc-470", "name": "Francis Beach"}}, {"type": "Feature", "geometry": {"type": "Point", "coordinates": [-122.443944, 37.455168]}, "properties": {"id": "ccc-471", "name": "Blufftop Coastal Park"}}, {"type": "Feature", "geometry": {"type": "Point", "coordinates": [-122.437769, 37.446599]}, "properties": {"id": "ccc-472", "name": "Wavecrest"}}, {"type": "Feature", "geometry": {"type": "Point", "coordinates": [-122.442889, 37.439179]}, "properties": {"id": "ccc-473", "name": "Redondo Beach Overlook"}}, {"type": "Feature", "geometry": {"type": "Point", "coordinates": [-122.442316, 37.433312]}, "properties": {"id": "ccc-474", "name": "Overlook (Ritz-Carlton Hotel)"}}, {"type": "Feature", "geometry": {"type": "Point", "coordinates": [-122.440158, 37.434561]}, "properties": {"id": "ccc-475", "name": "Half Moon Bay Golf Links"}}, {"type": "Feature", "geometry": {"type": "Point", "coordinates": [-122.439725, 37.429794]}, "properties": {"id": "ccc-476", "name": "Arroyo Ca&ntilde;ada Verde Beach"}}, {"type": "Feature", "geometry": {"type": "Point", "coordinates": [-122.435704, 37.429438]}, "properties": {"id": "ccc-477", "name": "Pelican Point R.V. Park"}}, {"type": "Feature", "geometry": {"type": "Point", "coordinates": [-122.426383, 37.422206]}, "properties": {"id": "ccc-478", "name": "Cowell Ranch Beach"}}, {"type": "Feature", "geometry": {"type": "Point", "coordinates": [-122.415719, 37.396295]}, "properties": {"id": "ccc-479", "name": "Cowell-Purisima Trail"}}, {"type": "Feature", "geometry": {"type": "Point", "coordinates": [-122.404089, 37.376498]}, "properties": {"id": "ccc-480", "name": "Martin's Beach"}}, {"type": "Feature", "geometry": {"type": "Point", "coordinates": [-122.370366, 37.437529]}, "properties": {"id": "ccc-481", "name": "Purisima Creek Redwoods Open Space Preserve"}}, {"type": "Feature", "geometry": {"type": "Point", "coordinates": [-122.39892, 37.326096]}, "properties": {"id": "ccc-482", "name": "San Gregorio Toll Road Access"}}, {"type": "Feature", "geometry": {"type": "Point", "coordinates": [-122.403531, 37.322922]}, "properties": {"id": "ccc-483", "name": "San Gregorio State Beach"}}, {"type": "Feature", "geometry": {"type": "Point", "coordinates": [-122.406283, 37.299418]}, "properties": {"id": "ccc-484", "name": "Pomponio State Beach"}}, {"type": "Feature", "geometry": {"type": "Point", "coordinates": [-122.409067, 37.274633]}, "properties": {"id": "ccc-485", "name": "Pescadero State Beach (North)"}}, {"type": "Feature", "geometry": {"type": "Point", "coordinates": [-122.412538, 37.264407]}, "properties": {"id": "ccc-486", "name": "Pescadero State Beach (Central)"}}, {"type": "Feature", "geometry": {"type": "Point", "coordinates": [-122.413536, 37.259719]}, "properties": {"id": "ccc-487", "name": "Pescadero State Beach (South)"}}, {"type": "Feature", "geometry": {"type": "Point", "coordinates": [-122.408638, 37.261416]}, "properties": {"id": "ccc-488", "name": "Pescadero Marsh Natural Preserve"}}, {"type": "Feature", "geometry": {"type": "Point", "coordinates": [-122.418045, 37.243505]}, "properties": {"id": "ccc-489", "name": "Beach Stairs (S. of Pescadero Road)"}}, {"type": "Feature", "geometry": {"type": "Point", "coordinates": [-122.415544, 37.23626]}, "properties": {"id": "ccc-490", "name": "Pebble Beach (San Mateo County)"}}, {"type": "Feature", "geometry": {"type": "Point", "coordinates": [-122.409634, 37.226694]}, "properties": {"id": "ccc-491", "name": "Bean Hollow State Beach"}}, {"type": "Feature", "geometry": {"type": "Point", "coordinates": [-122.406394, 37.214131]}, "properties": {"id": "ccc-492", "name": "Overlook (10257 Cabrillo Hwy.)"}}, {"type": "Feature", "geometry": {"type": "Point", "coordinates": [-122.339335, 37.201705]}, "properties": {"id": "ccc-493", "name": "Butano State Park"}}, {"type": "Feature", "geometry": {"type": "Point", "coordinates": [-122.397923, 37.191675]}, "properties": {"id": "ccc-494", "name": "Pistachio Beach"}}, {"type": "Feature", "geometry": {"type": "Point", "coordinates": [-122.393569, 37.182685]}, "properties": {"id": "ccc-495", "name": "Pigeon Point Light Station State Historic Park"}}, {"type": "Feature", "geometry": {"type": "Point", "coordinates": [-122.394067, 37.182038]}, "properties": {"id": "ccc-496", "name": "Pigeon Point Lighthouse Hostel"}}, {"type": "Feature", "geometry": {"type": "Point", "coordinates": [-122.391772, 37.182546]}, "properties": {"id": "ccc-497", "name": "Whaler's Cove"}}, {"type": "Feature", "geometry": {"type": "Point", "coordinates": [-122.378761, 37.183042]}, "properties": {"id": "ccc-498", "name": "Wilbur's Watch Hiking Trail"}}, {"type": "Feature", "geometry": {"type": "Point", "coordinates": [-122.38436, 37.183486]}, "properties": {"id": "ccc-499", "name": "Pigeon Point Bluffs"}}, {"type": "Feature", "geometry": {"type": "Point", "coordinates": [-122.361667, 37.167738]}, "properties": {"id": "ccc-500", "name": "Gazos Creek Access"}}, {"type": "Feature", "geometry": {"type": "Point", "coordinates": [-122.354575, 37.155838]}, "properties": {"id": "ccc-501", "name": "Franklin Point Trail"}}, {"type": "Feature", "geometry": {"type": "Point", "coordinates": [-122.344576, 37.148054]}, "properties": {"id": "ccc-502", "name": "Whitehouse Creek Beach Access"}}, {"type": "Feature", "geometry": {"type": "Point", "coordinates": [-122.336165, 37.14532]}, "properties": {"id": "ccc-503", "name": "Cascade Creek Trail"}}, {"type": "Feature", "geometry": {"type": "Point", "coordinates": [-122.307087, 37.12055]}, "properties": {"id": "ccc-504", "name": "A&ntilde;o Nuevo State Park"}}, {"type": "Feature", "geometry": {"type": "Point", "coordinates": [-122.303927, 37.116882]}, "properties": {"id": "ccc-505", "name": "Cove Beach (A&ntilde;o Nuevo State Park)"}}, {"type": "Feature", "geometry": {"type": "Point", "coordinates": [-122.27971, 37.09833]}, "properties": {"id": "ccc-506", "name": "Big Basin Redwoods State Park"}}, {"type": "Feature", "geometry": {"type": "Point", "coordinates": [-122.278904, 37.09527]}, "properties": {"id": "ccc-507", "name": "Waddell Creek Beach"}}, {"type": "Feature", "geometry": {"type": "Point", "coordinates": [-122.274433, 37.097599]}, "properties": {"id": "ccc-508", "name": "Rancho del Oso Nature Center"}}, {"type": "Feature", "geometry": {"type": "Point", "coordinates": [-122.265324, 37.080033]}, "properties": {"id": "ccc-509", "name": "Greyhound Rock Access"}}, {"type": "Feature", "geometry": {"type": "Point", "coordinates": [-122.229892, 37.040296]}, "properties": {"id": "ccc-510", "name": "Scott Creek Beach"}}, {"type": "Feature", "geometry": {"type": "Point", "coordinates": [-122.216356, 37.024521]}, "properties": {"id": "ccc-511", "name": "Davenport Landing Beach"}}, {"type": "Feature", "geometry": {"type": "Point", "coordinates": [-122.19982, 37.013636]}, "properties": {"id": "ccc-512", "name": "Davenport Bluffs"}}, {"type": "Feature", "geometry": {"type": "Point", "coordinates": [-122.193336, 37.008897]}, "properties": {"id": "ccc-513", "name": "Davenport Beach"}}, {"type": "Feature", "geometry": {"type": "Point", "coordinates": [-122.185554, 37.003776]}, "properties": {"id": "ccc-514", "name": "Sharktooth Beach"}}, {"type": "Feature", "geometry": {"type": "Point", "coordinates": [-122.182069, 37.000593]}, "properties": {"id": "ccc-515", "name": "Bonny Doon Beach"}}, {"type": "Feature", "geometry": {"type": "Point", "coordinates": [-122.170523, 36.993213]}, "properties": {"id": "ccc-516", "name": "Yellow Bank Beach"}}, {"type": "Feature", "geometry": {"type": "Point", "coordinates": [-122.155295, 36.981762]}, "properties": {"id": "ccc-517", "name": "Laguna Creek Beach"}}, {"type": "Feature", "geometry": {"type": "Point", "coordinates": [-122.147092, 36.977887]}, "properties": {"id": "ccc-518", "name": "Piggy Beach"}}, {"type": "Feature", "geometry": {"type": "Point", "coordinates": [-122.123406, 36.966271]}, "properties": {"id": "ccc-519", "name": "Four Mile Beach"}}, {"type": "Feature", "geometry": {"type": "Point", "coordinates": [-122.113472, 36.961727]}, "properties": {"id": "ccc-520", "name": "Three Mile Beach"}}, {"type": "Feature", "geometry": {"type": "Point", "coordinates": [-122.092068, 36.954532]}, "properties": {"id": "ccc-521", "name": "Ohlone Bluff Trail"}}, {"type": "Feature", "geometry": {"type": "Point", "coordinates": [-122.087027, 36.96093]}, "properties": {"id": "ccc-522", "name": "Wilder Ranch State Park"}}, {"type": "Feature", "geometry": {"type": "Point", "coordinates": [-122.072815, 37.043896]}, "properties": {"id": "ccc-523", "name": "Henry Cowell Redwoods State Park"}}, {"type": "Feature", "geometry": {"type": "Point", "coordinates": [-122.065063, 36.949416]}, "properties": {"id": "ccc-524", "name": "Seymour Marine Discovery Center"}}, {"type": "Feature", "geometry": {"type": "Point", "coordinates": [-122.06576, 36.949443]}, "properties": {"id": "ccc-525", "name": "Long Marine Laboratory"}}, {"type": "Feature", "geometry": {"type": "Point", "coordinates": [-122.062287, 36.954496]}, "properties": {"id": "ccc-526", "name": "De Anza Mobile Home Park Access"}}, {"type": "Feature", "geometry": {"type": "Point", "coordinates": [-122.055934, 36.950745]}, "properties": {"id": "ccc-527", "name": "Natural Bridges State Beach"}}, {"type": "Feature", "geometry": {"type": "Point", "coordinates": [-122.048837, 36.949589]}, "properties": {"id": "ccc-528", "name": "West Cliff Drive"}}, {"type": "Feature", "geometry": {"type": "Point", "coordinates": [-122.024721, 36.954788]}, "properties": {"id": "ccc-529", "name": "Stairway to Beach - Pelton Avenue"}}, {"type": "Feature", "geometry": {"type": "Point", "coordinates": [-122.041556, 36.952516]}, "properties": {"id": "ccc-530", "name": "Mitchell's Cove Beach"}}, {"type": "Feature", "geometry": {"type": "Point", "coordinates": [-122.028984, 36.953157]}, "properties": {"id": "ccc-531", "name": "Lighthouse Field State Beach"}}, {"type": "Feature", "geometry": {"type": "Point", "coordinates": [-122.028597, 35.952216]}, "properties": {"id": "ccc-532", "name": "Its Beach"}}, {"type": "Feature", "geometry": {"type": "Point", "coordinates": [-122.026665, 36.951547]}, "properties": {"id": "ccc-533", "name": "Santa Cruz Surfing Museum"}}, {"type": "Feature", "geometry": {"type": "Point", "coordinates": [-122.025646, 36.952728]}, "properties": {"id": "ccc-534", "name": "Stairway at Surfers Memorial"}}, {"type": "Feature", "geometry": {"type": "Point", "coordinates": [-122.024337, 36.963117]}, "properties": {"id": "ccc-535", "name": "Monterey Bay National Marine Sanctuary Exploration Center"}}, {"type": "Feature", "geometry": {"type": "Point", "coordinates": [-122.023869, 36.961603]}, "properties": {"id": "ccc-536", "name": "Cowell Beach"}}, {"type": "Feature", "geometry": {"type": "Point", "coordinates": [-122.034746, 36.963447]}, "properties": {"id": "ccc-537", "name": "Neary Lagoon City Park"}}, {"type": "Feature", "geometry": {"type": "Point", "coordinates": [-122.023483, 36.962567]}, "properties": {"id": "ccc-538", "name": "Santa Cruz Municipal Wharf"}}, {"type": "Feature", "geometry": {"type": "Point", "coordinates": [-122.018808, 36.963759]}, "properties": {"id": "ccc-539", "name": "Santa Cruz Beach Boardwalk"}}, {"type": "Feature", "geometry": {"type": "Point", "coordinates": [-122.017302, 36.963435]}, "properties": {"id": "ccc-540", "name": "Santa Cruz Main Beach"}}, {"type": "Feature", "geometry": {"type": "Point", "coordinates": [-122.027941, 36.977701]}, "properties": {"id": "ccc-541", "name": "Santa Cruz Mission State Historic Park"}}, {"type": "Feature", "geometry": {"type": "Point", "coordinates": [-122.022602, 36.972567]}, "properties": {"id": "ccc-542", "name": "San Lorenzo River Bike Path"}}, {"type": "Feature", "geometry": {"type": "Point", "coordinates": [-122.023434, 36.965372]}, "properties": {"id": "ccc-543", "name": "Santa Cruz Hostel"}}, {"type": "Feature", "geometry": {"type": "Point", "coordinates": [-122.011422, 36.964184]}, "properties": {"id": "ccc-544", "name": "San Lorenzo Point"}}, {"type": "Feature", "geometry": {"type": "Point", "coordinates": [-122.01038, 36.963414]}, "properties": {"id": "ccc-545", "name": "Seabright Beach"}}, {"type": "Feature", "geometry": {"type": "Point", "coordinates": [-122.009666, 36.964517]}, "properties": {"id": "ccc-546", "name": "Santa Cruz Museum of Natural History"}}, {"type": "Feature", "geometry": {"type": "Point", "coordinates": [-122.002216, 36.960688]}, "properties": {"id": "ccc-547", "name": "Walton Lighthouse"}}, {"type": "Feature", "geometry": {"type": "Point", "coordinates": [-122.003481, 36.965291]}, "properties": {"id": "ccc-548", "name": "Mariner Park / West Harbor"}}, {"type": "Feature", "geometry": {"type": "Point", "coordinates": [-122.002525, 36.972129]}, "properties": {"id": "ccc-549", "name": "Frederick Street Park"}}, {"type": "Feature", "geometry": {"type": "Point", "coordinates": [-121.999493, 36.972542]}, "properties": {"id": "ccc-550", "name": "Santa Cruz Harbor North"}}, {"type": "Feature", "geometry": {"type": "Point", "coordinates": [-121.9989, 36.974914]}, "properties": {"id": "ccc-551", "name": "Arana Gulch Multi-Use Trails"}}, {"type": "Feature", "geometry": {"type": "Point", "coordinates": [-122.002633, 36.966835]}, "properties": {"id": "ccc-552", "name": "Santa Cruz Harbor South"}}, {"type": "Feature", "geometry": {"type": "Point", "coordinates": [-122.003628, 36.966084]}, "properties": {"id": "ccc-553", "name": "Multi-Use Path around Santa Cruz Harbor"}}, {"type": "Feature", "geometry": {"type": "Point", "coordinates": [-121.99929, 36.970979]}, "properties": {"id": "ccc-554", "name": "Stairway to Santa Cruz Harbor from Mello Lane"}}, {"type": "Feature", "geometry": {"type": "Point", "coordinates": [-122.000677, 36.972096]}, "properties": {"id": "ccc-555", "name": "Stairway and Ramp to Santa Cruz Harbor at Frederick St. Park"}}, {"type": "Feature", "geometry": {"type": "Point", "coordinates": [-122.00425, 36.967678]}, "properties": {"id": "ccc-556", "name": "Path to Santa Cruz Harbor from Eaton Street"}}, {"type": "Feature", "geometry": {"type": "Point", "coordinates": [-122.004892, 36.966422]}, "properties": {"id": "ccc-557", "name": "Stairway to Harbor at Santa Cruz Yacht Club"}}, {"type": "Feature", "geometry": {"type": "Point", "coordinates": [-122.000872, 36.962441]}, "properties": {"id": "ccc-558", "name": "Harbor Beach (Santa Cruz)"}}, {"type": "Feature", "geometry": {"type": "Point", "coordinates": [-121.997891, 36.961187]}, "properties": {"id": "ccc-559", "name": "Twin Lakes State Beach"}}, {"type": "Feature", "geometry": {"type": "Point", "coordinates": [-121.974745, 36.9559]}, "properties": {"id": "ccc-560", "name": "East Cliff Drive"}}, {"type": "Feature", "geometry": {"type": "Point", "coordinates": [-121.995603, 36.961194]}, "properties": {"id": "ccc-561", "name": "Twin Lakes State Beach (12th Ave.)"}}, {"type": "Feature", "geometry": {"type": "Point", "coordinates": [-121.995002, 36.960918]}, "properties": {"id": "ccc-562", "name": "Twin Lakes State Beach (13th Ave.)"}}, {"type": "Feature", "geometry": {"type": "Point", "coordinates": [-121.993936, 36.960086]}, "properties": {"id": "ccc-563", "name": "Twin Lakes State Beach - East"}}, {"type": "Feature", "geometry": {"type": "Point", "coordinates": [-121.989705, 36.960133]}, "properties": {"id": "ccc-564", "name": "Sunny Cove"}}, {"type": "Feature", "geometry": {"type": "Point", "coordinates": [-121.984161, 36.960376]}, "properties": {"id": "ccc-565", "name": "Corcoran Lagoon Beach"}}, {"type": "Feature", "geometry": {"type": "Point", "coordinates": [-121.981402, 36.957822]}, "properties": {"id": "ccc-566", "name": "26th Avenue Stairs"}}, {"type": "Feature", "geometry": {"type": "Point", "coordinates": [-121.978352, 36.956356]}, "properties": {"id": "ccc-567", "name": "Moran Lake Beach and Park"}}, {"type": "Feature", "geometry": {"type": "Point", "coordinates": [-121.97489, 36.954592]}, "properties": {"id": "ccc-568", "name": "Rockview Drive Overlook"}}, {"type": "Feature", "geometry": {"type": "Point", "coordinates": [-121.971973, 36.955821]}, "properties": {"id": "ccc-569", "name": "Pleasure Point Parkway"}}, {"type": "Feature", "geometry": {"type": "Point", "coordinates": [-121.971729, 36.955671]}, "properties": {"id": "ccc-570", "name": "Pleasure Point Beach"}}, {"type": "Feature", "geometry": {"type": "Point", "coordinates": [-121.969454, 36.95766]}, "properties": {"id": "ccc-571", "name": "36th Avenue Stairs"}}, {"type": "Feature", "geometry": {"type": "Point", "coordinates": [-121.967272, 36.958846]}, "properties": {"id": "ccc-572", "name": "38th Avenue Stairs"}}, {"type": "Feature", "geometry": {"type": "Point", "coordinates": [-121.965008, 36.960076]}, "properties": {"id": "ccc-573", "name": "Pleasure Point Overlook"}}, {"type": "Feature", "geometry": {"type": "Point", "coordinates": [-121.960959, 36.965564]}, "properties": {"id": "ccc-574", "name": "Opal Cliffs Recreation District"}}, {"type": "Feature", "geometry": {"type": "Point", "coordinates": [-121.955854, 36.9697]}, "properties": {"id": "ccc-575", "name": "Cliff Drive"}}, {"type": "Feature", "geometry": {"type": "Point", "coordinates": [-121.95395, 36.970913]}, "properties": {"id": "ccc-576", "name": "Hooper Beach"}}, {"type": "Feature", "geometry": {"type": "Point", "coordinates": [-121.953752, 36.971209]}, "properties": {"id": "ccc-577", "name": "Capitola Fishing Wharf"}}, {"type": "Feature", "geometry": {"type": "Point", "coordinates": [-121.951342, 36.971644]}, "properties": {"id": "ccc-578", "name": "Capitola City Beach"}}, {"type": "Feature", "geometry": {"type": "Point", "coordinates": [-121.952989, 36.972675]}, "properties": {"id": "ccc-579", "name": "Soquel Creek"}}, {"type": "Feature", "geometry": {"type": "Point", "coordinates": [-121.947501, 36.973193]}, "properties": {"id": "ccc-580", "name": "Overlook (Grand Avenue)"}}, {"type": "Feature", "geometry": {"type": "Point", "coordinates": [-121.937537, 36.980244]}, "properties": {"id": "ccc-581", "name": "New Brighton State Beach"}}, {"type": "Feature", "geometry": {"type": "Point", "coordinates": [-121.914088, 36.972018]}, "properties": {"id": "ccc-582", "name": "Seacliff State Beach"}}, {"type": "Feature", "geometry": {"type": "Point", "coordinates": [-121.912774, 36.971499]}, "properties": {"id": "ccc-583", "name": "Seacliff Pier"}}, {"type": "Feature", "geometry": {"type": "Point", "coordinates": [-121.90596, 36.989885]}, "properties": {"id": "ccc-584", "name": "Forest of Nisene Marks State Park"}}, {"type": "Feature", "geometry": {"type": "Point", "coordinates": [-121.9053, 36.968623]}, "properties": {"id": "ccc-585", "name": "Rio del Mar Beach"}}, {"type": "Feature", "geometry": {"type": "Point", "coordinates": [-121.887366, 36.960887]}, "properties": {"id": "ccc-586", "name": "Hidden Beach County Park"}}, {"type": "Feature", "geometry": {"type": "Point", "coordinates": [-121.883584, 36.954462]}, "properties": {"id": "ccc-587", "name": "Stairway to Beach - Via Palo Alto"}}, {"type": "Feature", "geometry": {"type": "Point", "coordinates": [-121.881011, 36.951114]}, "properties": {"id": "ccc-588", "name": "Seascape Beach"}}, {"type": "Feature", "geometry": {"type": "Point", "coordinates": [-121.873999, 36.946977]}, "properties": {"id": "ccc-589", "name": "Seascape County Park"}}, {"type": "Feature", "geometry": {"type": "Point", "coordinates": [-121.86248, 36.93215]}, "properties": {"id": "ccc-590", "name": "Manresa State Beach"}}, {"type": "Feature", "geometry": {"type": "Point", "coordinates": [-121.859605, 36.9294]}, "properties": {"id": "ccc-591", "name": "Manresa State Beach (Oceanview Drive)"}}, {"type": "Feature", "geometry": {"type": "Point", "coordinates": [-121.850802, 36.920179]}, "properties": {"id": "ccc-592", "name": "Manresa State Beach - Uplands"}}, {"type": "Feature", "geometry": {"type": "Point", "coordinates": [-121.845618, 36.926144]}, "properties": {"id": "ccc-593", "name": "Santa Cruz / Monterey Bay KOA"}}, {"type": "Feature", "geometry": {"type": "Point", "coordinates": [-121.838406, 36.895573]}, "properties": {"id": "ccc-594", "name": "Sunset State Beach"}}, {"type": "Feature", "geometry": {"type": "Point", "coordinates": [-121.818935, 36.869104]}, "properties": {"id": "ccc-595", "name": "Palm Beach"}}, {"type": "Feature", "geometry": {"type": "Point", "coordinates": [-121.805077, 36.855656]}, "properties": {"id": "ccc-596", "name": "Pajaro River Bike Path"}}, {"type": "Feature", "geometry": {"type": "Point", "coordinates": [-121.802659, 36.836354]}, "properties": {"id": "ccc-597", "name": "Zmudowski State Beach"}}, {"type": "Feature", "geometry": {"type": "Point", "coordinates": [-121.743056, 36.840124]}, "properties": {"id": "ccc-598", "name": "Kirby Park"}}, {"type": "Feature", "geometry": {"type": "Point", "coordinates": [-121.729991, 36.816781]}, "properties": {"id": "ccc-599", "name": "Elkhorn Slough National Estuarine Research Reserve"}}, {"type": "Feature", "geometry": {"type": "Point", "coordinates": [-121.782512, 36.81246]}, "properties": {"id": "ccc-600", "name": "Moss Landing Wildlife Area"}}, {"type": "Feature", "geometry": {"type": "Point", "coordinates": [-121.786001, 36.811606]}, "properties": {"id": "ccc-601", "name": "Moss Landing Harbor - North"}}, {"type": "Feature", "geometry": {"type": "Point", "coordinates": [-121.791112, 36.814242]}, "properties": {"id": "ccc-602", "name": "Moss Landing State Beach"}}, {"type": "Feature", "geometry": {"type": "Point", "coordinates": [-121.787503, 36.803083]}, "properties": {"id": "ccc-603", "name": "Boardwalk to Beach - Sandholdt Road"}}, {"type": "Feature", "geometry": {"type": "Point", "coordinates": [-121.787252, 36.804217]}, "properties": {"id": "ccc-604", "name": "Path to Beach - Sandholdt Road"}}, {"type": "Feature", "geometry": {"type": "Point", "coordinates": [-121.785746, 36.80093]}, "properties": {"id": "ccc-605", "name": "Moss Landing Harbor"}}, {"type": "Feature", "geometry": {"type": "Point", "coordinates": [-121.786709, 36.794406]}, "properties": {"id": "ccc-606", "name": "Moss Landing Marine Laboratory"}}, {"type": "Feature", "geometry": {"type": "Point", "coordinates": [-121.789332, 36.79908]}, "properties": {"id": "ccc-607", "name": "Salinas River State Beach (Sandholdt Road)"}}, {"type": "Feature", "geometry": {"type": "Point", "coordinates": [-121.791987, 36.790944]}, "properties": {"id": "ccc-608", "name": "Salinas River State Beach (Potrero Road)"}}, {"type": "Feature", "geometry": {"type": "Point", "coordinates": [-121.797797, 36.775421]}, "properties": {"id": "ccc-609", "name": "Salinas River State Beach"}}, {"type": "Feature", "geometry": {"type": "Point", "coordinates": [-121.803936, 36.740688]}, "properties": {"id": "ccc-610", "name": "Salinas River National Wildlife Refuge"}}, {"type": "Feature", "geometry": {"type": "Point", "coordinates": [-121.802566, 36.703625]}, "properties": {"id": "ccc-611", "name": "Marina Dunes Open Space Preserve"}}, {"type": "Feature", "geometry": {"type": "Point", "coordinates": [-121.803038, 36.702197]}, "properties": {"id": "ccc-612", "name": "Marina Dunes R.V. Park"}}, {"type": "Feature", "geometry": {"type": "Point", "coordinates": [-121.805732, 36.699621]}, "properties": {"id": "ccc-613", "name": "Sanctuary Beach Resort Accessway"}}, {"type": "Feature", "geometry": {"type": "Point", "coordinates": [-121.80923, 36.698506]}, "properties": {"id": "ccc-614", "name": "Marina State Beach"}}, {"type": "Feature", "geometry": {"type": "Point", "coordinates": [-121.80182, 36.691582]}, "properties": {"id": "ccc-615", "name": "Locke Paddon Park"}}, {"type": "Feature", "geometry": {"type": "Point", "coordinates": [-121.809585, 36.683108]}, "properties": {"id": "ccc-616", "name": "Marina State Beach (Lake Dr.)"}}, {"type": "Feature", "geometry": {"type": "Point", "coordinates": [-121.846919, 36.621189]}, "properties": {"id": "ccc-617", "name": "Monterey Bay Sanctuary Scenic Trail (North)"}}, {"type": "Feature", "geometry": {"type": "Point", "coordinates": [-121.821219, 36.659745]}, "properties": {"id": "ccc-618", "name": "Fort Ord Dunes State Beach"}}, {"type": "Feature", "geometry": {"type": "Point", "coordinates": [-121.851661, 36.618335]}, "properties": {"id": "ccc-619", "name": "Eolian Dunes Preserve"}}, {"type": "Feature", "geometry": {"type": "Point", "coordinates": [-121.73394, 36.617503]}, "properties": {"id": "ccc-620", "name": "Fort Ord National Monument"}}, {"type": "Feature", "geometry": {"type": "Point", "coordinates": [-121.856189, 36.613306]}, "properties": {"id": "ccc-621", "name": "Seaside Beach"}}, {"type": "Feature", "geometry": {"type": "Point", "coordinates": [-121.859694, 36.610114]}, "properties": {"id": "ccc-622", "name": "Monterey State Beach (Houghton M. Roberts Beach)"}}, {"type": "Feature", "geometry": {"type": "Point", "coordinates": [-121.868715, 36.605596]}, "properties": {"id": "ccc-623", "name": "Del Monte Beach"}}, {"type": "Feature", "geometry": {"type": "Point", "coordinates": [-121.858458, 36.607422]}, "properties": {"id": "ccc-624", "name": "Roberts Lake"}}, {"type": "Feature", "geometry": {"type": "Point", "coordinates": [-121.855121, 36.60335]}, "properties": {"id": "ccc-625", "name": "Laguna Grande Park"}}, {"type": "Feature", "geometry": {"type": "Point", "coordinates": [-121.86754, 36.563703]}, "properties": {"id": "ccc-626", "name": "Jacks Peak County Park"}}, {"type": "Feature", "geometry": {"type": "Point", "coordinates": [-121.885983, 36.600585]}, "properties": {"id": "ccc-627", "name": "Monterey Bay Sanctuary Scenic Trail (South)"}}, {"type": "Feature", "geometry": {"type": "Point", "coordinates": [-121.885416, 36.598063]}, "properties": {"id": "ccc-628", "name": "El Estero Park"}}, {"type": "Feature", "geometry": {"type": "Point", "coordinates": [-121.888071, 36.60128]}, "properties": {"id": "ccc-629", "name": "Monterey Beach"}}, {"type": "Feature", "geometry": {"type": "Point", "coordinates": [-121.883192, 36.600898]}, "properties": {"id": "ccc-630", "name": "Monterey State Beach (Window on the Bay)"}}, {"type": "Feature", "geometry": {"type": "Point", "coordinates": [-121.889769, 36.601918]}, "properties": {"id": "ccc-631", "name": "Municipal Wharf No. 2"}}, {"type": "Feature", "geometry": {"type": "Point", "coordinates": [-121.891127, 36.602413]}, "properties": {"id": "ccc-632", "name": "Monterey Marina"}}, {"type": "Feature", "geometry": {"type": "Point", "coordinates": [-121.893297, 36.603762]}, "properties": {"id": "ccc-633", "name": "Fisherman's Wharf"}}, {"type": "Feature", "geometry": {"type": "Point", "coordinates": [-121.894324, 36.601027]}, "properties": {"id": "ccc-634", "name": "City of Monterey"}}, {"type": "Feature", "geometry": {"type": "Point", "coordinates": [-121.894002, 36.602434]}, "properties": {"id": "ccc-635", "name": "Custom House Plaza"}}, {"type": "Feature", "geometry": {"type": "Point", "coordinates": [-121.893492, 36.602428]}, "properties": {"id": "ccc-636", "name": "Museum of Monterey"}}, {"type": "Feature", "geometry": {"type": "Point", "coordinates": [-121.894402, 36.607398]}, "properties": {"id": "ccc-637", "name": "Fisherman's Shoreline Park"}}, {"type": "Feature", "geometry": {"type": "Point", "coordinates": [-121.89393, 36.608754]}, "properties": {"id": "ccc-638", "name": "Breakwater Cove Marina"}}, {"type": "Feature", "geometry": {"type": "Point", "coordinates": [-121.893904, 36.609413]}, "properties": {"id": "ccc-639", "name": "Coast Guard Pier"}}, {"type": "Feature", "geometry": {"type": "Point", "coordinates": [-121.896317, 36.610502]}, "properties": {"id": "ccc-640", "name": "San Carlos Beach Park"}}, {"type": "Feature", "geometry": {"type": "Point", "coordinates": [-121.897483, 36.611853]}, "properties": {"id": "ccc-641", "name": "Aeneas Beach"}}, {"type": "Feature", "geometry": {"type": "Point", "coordinates": [-121.900227, 36.616047]}, "properties": {"id": "ccc-642", "name": "Cannery Row"}}, {"type": "Feature", "geometry": {"type": "Point", "coordinates": [-121.899383, 36.615616]}, "properties": {"id": "ccc-643", "name": "McAbee Beach"}}, {"type": "Feature", "geometry": {"type": "Point", "coordinates": [-121.899811, 36.616077]}, "properties": {"id": "ccc-644", "name": "Steinbeck Plaza"}}, {"type": "Feature", "geometry": {"type": "Point", "coordinates": [-121.90024, 36.616938]}, "properties": {"id": "ccc-645", "name": "Waterfront Walkway (Intercontinental Hotel)"}}, {"type": "Feature", "geometry": {"type": "Point", "coordinates": [-121.901756, 36.618267]}, "properties": {"id": "ccc-646", "name": "Monterey Bay Aquarium"}}, {"type": "Feature", "geometry": {"type": "Point", "coordinates": [-121.904351, 36.615267]}, "properties": {"id": "ccc-647", "name": "Hostelling International Monterey"}}, {"type": "Feature", "geometry": {"type": "Point", "coordinates": [-121.896662, 36.606526]}, "properties": {"id": "ccc-648", "name": "Presidio of Monterey Museum"}}, {"type": "Feature", "geometry": {"type": "Point", "coordinates": [-121.911244, 36.598781]}, "properties": {"id": "ccc-649", "name": "Veteran's Memorial Park"}}, {"type": "Feature", "geometry": {"type": "Point", "coordinates": [-121.922193, 36.597123]}, "properties": {"id": "ccc-650", "name": "Huckleberry Hill Nature Preserve"}}, {"type": "Feature", "geometry": {"type": "Point", "coordinates": [-121.915269, 36.620065]}, "properties": {"id": "ccc-651", "name": "Pacific Grove"}}, {"type": "Feature", "geometry": {"type": "Point", "coordinates": [-121.911767, 36.622233]}, "properties": {"id": "ccc-652", "name": "Berwick Park"}}, {"type": "Feature", "geometry": {"type": "Point", "coordinates": [-121.908143, 36.620832]}, "properties": {"id": "ccc-653", "name": "Shoreline Park (Pacific Grove)"}}, {"type": "Feature", "geometry": {"type": "Point", "coordinates": [-121.916545, 36.626425]}, "properties": {"id": "ccc-654", "name": "Lovers Point Park"}}, {"type": "Feature", "geometry": {"type": "Point", "coordinates": [-121.922097, 36.632158]}, "properties": {"id": "ccc-655", "name": "Perkins Park"}}, {"type": "Feature", "geometry": {"type": "Point", "coordinates": [-121.917288, 36.622027]}, "properties": {"id": "ccc-656", "name": "Pacific Grove Museum of Natural History"}}, {"type": "Feature", "geometry": {"type": "Point", "coordinates": [-121.931628, 36.633576]}, "properties": {"id": "ccc-657", "name": "Pacific Grove Golf Links"}}, {"type": "Feature", "geometry": {"type": "Point", "coordinates": [-121.933621, 36.633312]}, "properties": {"id": "ccc-658", "name": "Point Pinos Lighthouse"}}, {"type": "Feature", "geometry": {"type": "Point", "coordinates": [-121.93552, 36.637089]}, "properties": {"id": "ccc-659", "name": "Point Pinos"}}, {"type": "Feature", "geometry": {"type": "Point", "coordinates": [-121.938204, 36.627668]}, "properties": {"id": "ccc-660", "name": "Asilomar State Beach"}}, {"type": "Feature", "geometry": {"type": "Point", "coordinates": [-121.937342, 36.618989]}, "properties": {"id": "ccc-661", "name": "Asilomar Conference Grounds"}}, {"type": "Feature", "geometry": {"type": "Point", "coordinates": [-121.931677, 36.607467]}, "properties": {"id": "ccc-662", "name": "Lynn \"Rip\" Van Winkle Open Space"}}, {"type": "Feature", "geometry": {"type": "Point", "coordinates": [-121.935877, 36.615945]}, "properties": {"id": "ccc-663", "name": "Spanish Bay Recreational Trail"}}, {"type": "Feature", "geometry": {"type": "Point", "coordinates": [-121.938541, 36.617073]}, "properties": {"id": "ccc-664", "name": "Spanish Bay Shoreline Pedestrian Trail"}}, {"type": "Feature", "geometry": {"type": "Point", "coordinates": [-121.948132, 36.609673]}, "properties": {"id": "ccc-665", "name": "Moss Beach (17-Mile Drive)"}}, {"type": "Feature", "geometry": {"type": "Point", "coordinates": [-121.957093, 36.609745]}, "properties": {"id": "ccc-666", "name": "Point Joe"}}, {"type": "Feature", "geometry": {"type": "Point", "coordinates": [-121.958899, 36.604535]}, "properties": {"id": "ccc-667", "name": "17-Mile Drive"}}, {"type": "Feature", "geometry": {"type": "Point", "coordinates": [-121.96433, 36.591119]}, "properties": {"id": "ccc-668", "name": "Bird Rock"}}, {"type": "Feature", "geometry": {"type": "Point", "coordinates": [-121.969213, 36.582087]}, "properties": {"id": "ccc-669", "name": "Fanshell Beach"}}, {"type": "Feature", "geometry": {"type": "Point", "coordinates": [-121.971222, 36.576134]}, "properties": {"id": "ccc-670", "name": "Crocker Grove"}}, {"type": "Feature", "geometry": {"type": "Point", "coordinates": [-121.965312, 36.569502]}, "properties": {"id": "ccc-671", "name": "The Lone Cypress"}}, {"type": "Feature", "geometry": {"type": "Point", "coordinates": [-121.954878, 36.562283]}, "properties": {"id": "ccc-672", "name": "Pescadero Point"}}, {"type": "Feature", "geometry": {"type": "Point", "coordinates": [-121.950442, 36.567269]}, "properties": {"id": "ccc-673", "name": "Pebble Beach Overlook"}}, {"type": "Feature", "geometry": {"type": "Point", "coordinates": [-121.942669, 36.56648]}, "properties": {"id": "ccc-674", "name": "Stillwater Cove"}}, {"type": "Feature", "geometry": {"type": "Point", "coordinates": [-121.93597, 36.596571]}, "properties": {"id": "ccc-675", "name": "Del Monte Forest Hiking and Equestrian Trails"}}, {"type": "Feature", "geometry": {"type": "Point", "coordinates": [-121.934896, 36.591101]}, "properties": {"id": "ccc-676", "name": "Samuel F.B. Morse Botanical Reserve"}}, {"type": "Feature", "geometry": {"type": "Point", "coordinates": [-121.924306, 36.555174]}, "properties": {"id": "ccc-677", "name": "Carmel-by-the-Sea"}}, {"type": "Feature", "geometry": {"type": "Point", "coordinates": [-121.928134, 36.556819]}, "properties": {"id": "ccc-678", "name": "4th Avenue Beach Access"}}, {"type": "Feature", "geometry": {"type": "Point", "coordinates": [-121.930081, 36.554756]}, "properties": {"id": "ccc-679", "name": "Carmel City Beach"}}, {"type": "Feature", "geometry": {"type": "Point", "coordinates": [-121.927922, 36.538855]}, "properties": {"id": "ccc-680", "name": "Carmel River State Beach"}}, {"type": "Feature", "geometry": {"type": "Point", "coordinates": [-121.928134, 36.556819]}, "properties": {"id": "ccc-681", "name": "Carmel River State Beach (Ribera Road)"}}, {"type": "Feature", "geometry": {"type": "Point", "coordinates": [-121.927281, 36.522727]}, "properties": {"id": "ccc-682", "name": "Monastery Beach"}}, {"type": "Feature", "geometry": {"type": "Point", "coordinates": [-121.948209, 36.520187]}, "properties": {"id": "ccc-683", "name": "Point Lobos State Natural Reserve"}}, {"type": "Feature", "geometry": {"type": "Point", "coordinates": [-121.915444, 36.532502]}, "properties": {"id": "ccc-684", "name": "Palo Corona Regional Park"}}, {"type": "Feature", "geometry": {"type": "Point", "coordinates": [-121.938424, 36.482434]}, "properties": {"id": "ccc-685", "name": "Malpaso Beach Trail"}}, {"type": "Feature", "geometry": {"type": "Point", "coordinates": [-121.918489, 36.463086]}, "properties": {"id": "ccc-686", "name": "Garrapata State Park"}}, {"type": "Feature", "geometry": {"type": "Point", "coordinates": [-121.927914, 36.448415]}, "properties": {"id": "ccc-687", "name": "Soberanes Point"}}, {"type": "Feature", "geometry": {"type": "Point", "coordinates": [-121.914633, 36.419541]}, "properties": {"id": "ccc-688", "name": "Garrapata Beach"}}, {"type": "Feature", "geometry": {"type": "Point", "coordinates": [-121.914312, 36.411603]}, "properties": {"id": "ccc-689", "name": "Viewpoint (S. of Garrapata Beach)"}}, {"type": "Feature", "geometry": {"type": "Point", "coordinates": [-121.902226, 36.371997]}, "properties": {"id": "ccc-690", "name": "Bixby Creek Bridge"}}, {"type": "Feature", "geometry": {"type": "Point", "coordinates": [-121.902839, 36.35744]}, "properties": {"id": "ccc-691", "name": "Hurricane Point"}}, {"type": "Feature", "geometry": {"type": "Point", "coordinates": [-121.898831, 36.364555]}, "properties": {"id": "ccc-692", "name": "Brazil Ranch"}}, {"type": "Feature", "geometry": {"type": "Point", "coordinates": [-121.837049, 36.368637]}, "properties": {"id": "ccc-693", "name": "Mill Creek Redwood Preserve"}}, {"type": "Feature", "geometry": {"type": "Point", "coordinates": [-121.814, 36.354063]}, "properties": {"id": "ccc-694", "name": "Bottcher's Gap"}}, {"type": "Feature", "geometry": {"type": "Point", "coordinates": [-121.901629, 36.306354]}, "properties": {"id": "ccc-695", "name": "Point Sur Light Station"}}, {"type": "Feature", "geometry": {"type": "Point", "coordinates": [-121.88716, 36.309898]}, "properties": {"id": "ccc-696", "name": "Point Sur State Historic Park"}}, {"type": "Feature", "geometry": {"type": "Point", "coordinates": [-121.862551, 36.330335]}, "properties": {"id": "ccc-697", "name": "Little Sur River"}}, {"type": "Feature", "geometry": {"type": "Point", "coordinates": [-121.844028, 36.287409]}, "properties": {"id": "ccc-698", "name": "Andrew Molera State Park"}}, {"type": "Feature", "geometry": {"type": "Point", "coordinates": [-121.808425, 36.270491]}, "properties": {"id": "ccc-699", "name": "Big Sur River Inn"}}, {"type": "Feature", "geometry": {"type": "Point", "coordinates": [-121.805038, 36.267084]}, "properties": {"id": "ccc-700", "name": "Big Sur Campground"}}, {"type": "Feature", "geometry": {"type": "Point", "coordinates": [-121.804437, 36.26592]}, "properties": {"id": "ccc-701", "name": "Riverside Campground"}}, {"type": "Feature", "geometry": {"type": "Point", "coordinates": [-121.801186, 36.264649]}, "properties": {"id": "ccc-702", "name": "Ripplewood Resort"}}, {"type": "Feature", "geometry": {"type": "Point", "coordinates": [-121.792807, 36.260736]}, "properties": {"id": "ccc-703", "name": "Fernwood Resort"}}, {"type": "Feature", "geometry": {"type": "Point", "coordinates": [-121.815677, 36.238282]}, "properties": {"id": "ccc-704", "name": "Pfeiffer Beach"}}, {"type": "Feature", "geometry": {"type": "Point", "coordinates": [-121.786592, 36.250876]}, "properties": {"id": "ccc-705", "name": "Pfeiffer Big Sur State Park"}}, {"type": "Feature", "geometry": {"type": "Point", "coordinates": [-121.781245, 36.247704]}, "properties": {"id": "ccc-706", "name": "Big Sur Station"}}, {"type": "Feature", "geometry": {"type": "Point", "coordinates": [-121.769546, 36.236556]}, "properties": {"id": "ccc-707", "name": "Loma Vista"}}, {"type": "Feature", "geometry": {"type": "Point", "coordinates": [-121.765026, 36.229527]}, "properties": {"id": "ccc-708", "name": "Post Ranch Inn"}}, {"type": "Feature", "geometry": {"type": "Point", "coordinates": [-121.762863, 36.232262]}, "properties": {"id": "ccc-709", "name": "Ventana Campground"}}, {"type": "Feature", "geometry": {"type": "Point", "coordinates": [-121.759551, 36.221795]}, "properties": {"id": "ccc-710", "name": "Nepenthe"}}, {"type": "Feature", "geometry": {"type": "Point", "coordinates": [-121.703288, 36.234832]}, "properties": {"id": "ccc-711", "name": "Los Padres National Forest"}}, {"type": "Feature", "geometry": {"type": "Point", "coordinates": [-121.543293, 36.199192]}, "properties": {"id": "ccc-712", "name": "Los Padres National Forest / Ventana Wilderness"}}, {"type": "Feature", "geometry": {"type": "Point", "coordinates": [-121.693797, 36.176999]}, "properties": {"id": "ccc-713", "name": "Partington Cove Trail"}}, {"type": "Feature", "geometry": {"type": "Point", "coordinates": [-121.670408, 36.158931]}, "properties": {"id": "ccc-714", "name": "Julia Pfeiffer Burns State Park"}}, {"type": "Feature", "geometry": {"type": "Point", "coordinates": [-121.635717, 36.12372]}, "properties": {"id": "ccc-715", "name": "Esalen Institute"}}, {"type": "Feature", "geometry": {"type": "Point", "coordinates": [-121.549349, 36.020596]}, "properties": {"id": "ccc-716", "name": "Lucia Lodge"}}, {"type": "Feature", "geometry": {"type": "Point", "coordinates": [-121.518863, 36.009169]}, "properties": {"id": "ccc-717", "name": "Limekiln State Park"}}, {"type": "Feature", "geometry": {"type": "Point", "coordinates": [-121.515856, 36.011088]}, "properties": {"id": "ccc-718", "name": "Limekiln Trail"}}, {"type": "Feature", "geometry": {"type": "Point", "coordinates": [-121.494809, 35.990199]}, "properties": {"id": "ccc-719", "name": "Vicente Flat Trail"}}, {"type": "Feature", "geometry": {"type": "Point", "coordinates": [-121.495083, 35.990021]}, "properties": {"id": "ccc-720", "name": "Kirk Creek Campground"}}, {"type": "Feature", "geometry": {"type": "Point", "coordinates": [-121.491395, 35.98335]}, "properties": {"id": "ccc-721", "name": "Mill Creek Picnic Area"}}, {"type": "Feature", "geometry": {"type": "Point", "coordinates": [-121.474846, 35.931821]}, "properties": {"id": "ccc-722", "name": "Blufftop Paths (S. of Lucia)"}}, {"type": "Feature", "geometry": {"type": "Point", "coordinates": [-121.468797, 35.932754]}, "properties": {"id": "ccc-723", "name": "Pacific Valley Station"}}, {"type": "Feature", "geometry": {"type": "Point", "coordinates": [-121.467139, 35.922013]}, "properties": {"id": "ccc-724", "name": "Sand Dollar Beach"}}, {"type": "Feature", "geometry": {"type": "Point", "coordinates": [-121.468043, 35.916846]}, "properties": {"id": "ccc-725", "name": "Plaskett Creek Campground"}}, {"type": "Feature", "geometry": {"type": "Point", "coordinates": [-121.469897, 35.913961]}, "properties": {"id": "ccc-726", "name": "Jade Cove"}}, {"type": "Feature", "geometry": {"type": "Point", "coordinates": [-121.461224, 35.893857]}, "properties": {"id": "ccc-727", "name": "Willow Creek Picnic Area"}}, {"type": "Feature", "geometry": {"type": "Point", "coordinates": [-121.454063, 35.88505]}, "properties": {"id": "ccc-728", "name": "Treebones Resort"}}, {"type": "Feature", "geometry": {"type": "Point", "coordinates": [-121.445977, 35.876356]}, "properties": {"id": "ccc-729", "name": "Gorda Springs Resort"}}, {"type": "Feature", "geometry": {"type": "Point", "coordinates": [-121.411677, 35.853853]}, "properties": {"id": "ccc-730", "name": "Shale Point"}}, {"type": "Feature", "geometry": {"type": "Point", "coordinates": [-121.402352, 35.842828]}, "properties": {"id": "ccc-731", "name": "Cruickshank Trail"}}, {"type": "Feature", "geometry": {"type": "Point", "coordinates": [-121.358768, 35.815786]}, "properties": {"id": "ccc-732", "name": "Salmon Creek Trail"}}, {"type": "Feature", "geometry": {"type": "Point", "coordinates": [-121.330686, 35.781016]}, "properties": {"id": "ccc-733", "name": "Ragged Point Trail and Overlook"}}, {"type": "Feature", "geometry": {"type": "Point", "coordinates": [-121.324773, 35.765094]}, "properties": {"id": "ccc-734", "name": "San Carpoforo Beach"}}, {"type": "Feature", "geometry": {"type": "Point", "coordinates": [-121.313754, 35.716579]}, "properties": {"id": "ccc-735", "name": "Arroyo De La Cruz Beach"}}, {"type": "Feature", "geometry": {"type": "Point", "coordinates": [-121.288564, 35.687219]}, "properties": {"id": "ccc-736", "name": "Old Piedras Blancas Motel"}}, {"type": "Feature", "geometry": {"type": "Point", "coordinates": [-121.284195, 35.665154]}, "properties": {"id": "ccc-737", "name": "Piedras Blancas Light Station"}}, {"type": "Feature", "geometry": {"type": "Point", "coordinates": [-121.257214, 35.662918]}, "properties": {"id": "ccc-738", "name": "Elephant Seal Viewing Area (N. of Old San Simeon)"}}, {"type": "Feature", "geometry": {"type": "Point", "coordinates": [-121.241984, 35.652903]}, "properties": {"id": "ccc-739", "name": "Vista Point (3.5 mi. N. of San Simeon)"}}, {"type": "Feature", "geometry": {"type": "Point", "coordinates": [-121.261994, 35.664483]}, "properties": {"id": "ccc-740", "name": "Vista Point (5.0 mi. N. of San Simeon)"}}, {"type": "Feature", "geometry": {"type": "Point", "coordinates": [-121.220783, 35.651796]}, "properties": {"id": "ccc-741", "name": "Oak Knoll Creek Beach"}}, {"type": "Feature", "geometry": {"type": "Point", "coordinates": [-121.169714, 35.685773]}, "properties": {"id": "ccc-742", "name": "Hearst San Simeon State Historical Monument"}}, {"type": "Feature", "geometry": {"type": "Point", "coordinates": [-121.190843, 35.64361]}, "properties": {"id": "ccc-743", "name": "Old San Simeon"}}, {"type": "Feature", "geometry": {"type": "Point", "coordinates": [-121.188238, 35.643218]}, "properties": {"id": "ccc-744", "name": "William R. Hearst Memorial Beach"}}, {"type": "Feature", "geometry": {"type": "Point", "coordinates": [-121.187452, 35.64402]}, "properties": {"id": "ccc-745", "name": "Coastal Discovery Center"}}, {"type": "Feature", "geometry": {"type": "Point", "coordinates": [-121.174252, 35.639952]}, "properties": {"id": "ccc-746", "name": "Vista Point (0.7 mi S of San Simeon)"}}, {"type": "Feature", "geometry": {"type": "Point", "coordinates": [-121.159929, 35.62851]}, "properties": {"id": "ccc-747", "name": "Vista Point (1.8 mi. S. of San Simeon)"}}, {"type": "Feature", "geometry": {"type": "Point", "coordinates": [-121.155237, 35.622568]}, "properties": {"id": "ccc-748", "name": "Vista Point (2.4 mi. S. of San Simeon)"}}, {"type": "Feature", "geometry": {"type": "Point", "coordinates": [-121.147564, 35.614117]}, "properties": {"id": "ccc-749", "name": "Stairway to Beach (San Simeon Acres)"}}, {"type": "Feature", "geometry": {"type": "Point", "coordinates": [-121.145607, 35.612223]}, "properties": {"id": "ccc-750", "name": "Path to Beach (San Simeon Acres)"}}, {"type": "Feature", "geometry": {"type": "Point", "coordinates": [-121.126487, 35.595043]}, "properties": {"id": "ccc-751", "name": "San Simeon Creek Access"}}, {"type": "Feature", "geometry": {"type": "Point", "coordinates": [-121.124559, 35.590913]}, "properties": {"id": "ccc-752", "name": "Hearst San Simeon State Park"}}, {"type": "Feature", "geometry": {"type": "Point", "coordinates": [-121.121753, 35.584797]}, "properties": {"id": "ccc-753", "name": "Vista Point - Moonstone Beach Drive"}}, {"type": "Feature", "geometry": {"type": "Point", "coordinates": [-121.119103, 35.581588]}, "properties": {"id": "ccc-754", "name": "Leffingwell Landing"}}, {"type": "Feature", "geometry": {"type": "Point", "coordinates": [-121.113764, 35.576018]}, "properties": {"id": "ccc-755", "name": "Moonstone Boardwalk"}}, {"type": "Feature", "geometry": {"type": "Point", "coordinates": [-121.11085, 35.569595]}, "properties": {"id": "ccc-756", "name": "Santa Rosa Creek Access"}}, {"type": "Feature", "geometry": {"type": "Point", "coordinates": [-121.108474, 35.565736]}, "properties": {"id": "ccc-757", "name": "Shamel County Park"}}, {"type": "Feature", "geometry": {"type": "Point", "coordinates": [-121.107971, 35.563831]}, "properties": {"id": "ccc-758", "name": "Overlook - Plymouth Street"}}, {"type": "Feature", "geometry": {"type": "Point", "coordinates": [-121.106865, 35.561915]}, "properties": {"id": "ccc-759", "name": "Overlook - Lancaster Street"}}, {"type": "Feature", "geometry": {"type": "Point", "coordinates": [-121.081867, 35.565823]}, "properties": {"id": "ccc-760", "name": "Bridge Street Inn (Cambria Hostel)"}}, {"type": "Feature", "geometry": {"type": "Point", "coordinates": [-121.101299, 35.551312]}, "properties": {"id": "ccc-761", "name": "Fiscalini Ranch Preserve"}}, {"type": "Feature", "geometry": {"type": "Point", "coordinates": [-121.101944, 35.568316]}, "properties": {"id": "ccc-762", "name": "Cambria"}}, {"type": "Feature", "geometry": {"type": "Point", "coordinates": [-121.097176, 35.547161]}, "properties": {"id": "ccc-763", "name": "Sherwood Drive Access - Wedgewood Street"}}, {"type": "Feature", "geometry": {"type": "Point", "coordinates": [-121.094376, 35.543649]}, "properties": {"id": "ccc-764", "name": "Sherwood Drive Access - Harvey Street"}}, {"type": "Feature", "geometry": {"type": "Point", "coordinates": [-121.093071, 35.541743]}, "properties": {"id": "ccc-765", "name": "Lampton Cliffs County Park"}}, {"type": "Feature", "geometry": {"type": "Point", "coordinates": [-120.951394, 35.453788]}, "properties": {"id": "ccc-766", "name": "Estero Bluffs State Park (West)"}}, {"type": "Feature", "geometry": {"type": "Point", "coordinates": [-120.942179, 35.450345]}, "properties": {"id": "ccc-767", "name": "Estero Bluffs State Park"}}, {"type": "Feature", "geometry": {"type": "Point", "coordinates": [-120.932659, 35.449821]}, "properties": {"id": "ccc-768", "name": "Estero Bluffs State Park (San Geronimo Rd.)"}}, {"type": "Feature", "geometry": {"type": "Point", "coordinates": [-120.925824, 35.449104]}, "properties": {"id": "ccc-769", "name": "Estero Bluffs State Park (East)"}}, {"type": "Feature", "geometry": {"type": "Point", "coordinates": [-120.992022, 35.478035]}, "properties": {"id": "ccc-770", "name": "Harmony Headlands State Park"}}, {"type": "Feature", "geometry": {"type": "Point", "coordinates": [-120.906116, 35.44869]}, "properties": {"id": "ccc-771", "name": "Cayucos State Beach"}}, {"type": "Feature", "geometry": {"type": "Point", "coordinates": [-120.89613, 35.441582]}, "properties": {"id": "ccc-772", "name": "Cayucos Beach"}}, {"type": "Feature", "geometry": {"type": "Point", "coordinates": [-120.888684, 35.435105]}, "properties": {"id": "ccc-773", "name": "Morro Strand State Beach (North)"}}, {"type": "Feature", "geometry": {"type": "Point", "coordinates": [-120.874527, 35.415043]}, "properties": {"id": "ccc-774", "name": "Morro Strand State Beach (Torro Creek Rd.)"}}, {"type": "Feature", "geometry": {"type": "Point", "coordinates": [-120.870702, 35.406135]}, "properties": {"id": "ccc-775", "name": "North Point Natural Area"}}, {"type": "Feature", "geometry": {"type": "Point", "coordinates": [-120.868383, 35.404286]}, "properties": {"id": "ccc-776", "name": "Path to Beach (Toro Lane)"}}, {"type": "Feature", "geometry": {"type": "Point", "coordinates": [-120.869064, 35.40359]}, "properties": {"id": "ccc-777", "name": "Morro Strand State Beach Campground"}}, {"type": "Feature", "geometry": {"type": "Point", "coordinates": [-120.865338, 35.391801]}, "properties": {"id": "ccc-778", "name": "Morro Strand State Beach (South)"}}, {"type": "Feature", "geometry": {"type": "Point", "coordinates": [-120.86235, 35.378617]}, "properties": {"id": "ccc-779", "name": "Morro Strand State Beach (Atascadero Creek Rd.)"}}, {"type": "Feature", "geometry": {"type": "Point", "coordinates": [-120.861282, 35.372207]}, "properties": {"id": "ccc-780", "name": "Coleman City Park"}}, {"type": "Feature", "geometry": {"type": "Point", "coordinates": [-120.866432, 35.367627]}, "properties": {"id": "ccc-781", "name": "Morro Rock"}}, {"type": "Feature", "geometry": {"type": "Point", "coordinates": [-120.864699, 35.371637]}, "properties": {"id": "ccc-782", "name": "Morro Strand State Beach - Morro Rock"}}, {"type": "Feature", "geometry": {"type": "Point", "coordinates": [-120.858712, 35.371961]}, "properties": {"id": "ccc-783", "name": "Boardwalk and Bike Path (Morro Bay)"}}, {"type": "Feature", "geometry": {"type": "Point", "coordinates": [-120.85835, 35.370602]}, "properties": {"id": "ccc-784", "name": "City T-Piers (Morro Bay)"}}, {"type": "Feature", "geometry": {"type": "Point", "coordinates": [-120.853276, 35.364893]}, "properties": {"id": "ccc-785", "name": "Morro Bay Street Ends"}}, {"type": "Feature", "geometry": {"type": "Point", "coordinates": [-120.853128, 35.365457]}, "properties": {"id": "ccc-786", "name": "Embarcadero Road"}}, {"type": "Feature", "geometry": {"type": "Point", "coordinates": [-120.852917, 35.365974]}, "properties": {"id": "ccc-787", "name": "Centennial Stairway and Park"}}, {"type": "Feature", "geometry": {"type": "Point", "coordinates": [-120.852782, 35.364235]}, "properties": {"id": "ccc-788", "name": "Morro Bay Estuary Nature Center"}}, {"type": "Feature", "geometry": {"type": "Point", "coordinates": [-120.846528, 35.361502]}, "properties": {"id": "ccc-789", "name": "City of Morro Bay"}}, {"type": "Feature", "geometry": {"type": "Point", "coordinates": [-120.850769, 35.358663]}, "properties": {"id": "ccc-790", "name": "Tidelands Park"}}, {"type": "Feature", "geometry": {"type": "Point", "coordinates": [-120.845634, 35.354581]}, "properties": {"id": "ccc-791", "name": "Bayshore Bluffs Park"}}, {"type": "Feature", "geometry": {"type": "Point", "coordinates": [-120.843338, 35.349403]}, "properties": {"id": "ccc-792", "name": "Morro Bay State Park"}}, {"type": "Feature", "geometry": {"type": "Point", "coordinates": [-120.840518, 35.346864]}, "properties": {"id": "ccc-793", "name": "Morro Bay State Park Campground"}}, {"type": "Feature", "geometry": {"type": "Point", "coordinates": [-120.844248, 35.346872]}, "properties": {"id": "ccc-794", "name": "Morro Bay State Park Museum of Natural History"}}, {"type": "Feature", "geometry": {"type": "Point", "coordinates": [-120.842673, 35.345937]}, "properties": {"id": "ccc-795", "name": "Morro Bay State Park Marina"}}, {"type": "Feature", "geometry": {"type": "Point", "coordinates": [-120.851607, 35.337416]}, "properties": {"id": "ccc-796", "name": "Morro Bay Estuary"}}, {"type": "Feature", "geometry": {"type": "Point", "coordinates": [-120.825241, 35.346601]}, "properties": {"id": "ccc-797", "name": "Cerro Cabrillo Day Use Area"}}, {"type": "Feature", "geometry": {"type": "Point", "coordinates": [-120.823495, 35.34108]}, "properties": {"id": "ccc-798", "name": "Cabrillo Creek Trail"}}, {"type": "Feature", "geometry": {"type": "Point", "coordinates": [-120.828413, 35.333448]}, "properties": {"id": "ccc-799", "name": "El Moro Elfin Forest"}}, {"type": "Feature", "geometry": {"type": "Point", "coordinates": [-120.842063, 35.331899]}, "properties": {"id": "ccc-800", "name": "Overlook - Santa Lucia Avenue"}}, {"type": "Feature", "geometry": {"type": "Point", "coordinates": [-120.842566, 35.331469]}, "properties": {"id": "ccc-801", "name": "Overlook - Pasadena Drive"}}, {"type": "Feature", "geometry": {"type": "Point", "coordinates": [-120.839772, 35.331989]}, "properties": {"id": "ccc-802", "name": "Overlook - 3rd Street"}}, {"type": "Feature", "geometry": {"type": "Point", "coordinates": [-120.838418, 35.331623]}, "properties": {"id": "ccc-803", "name": "Overlook - 4th Street"}}, {"type": "Feature", "geometry": {"type": "Point", "coordinates": [-120.843712, 35.329689]}, "properties": {"id": "ccc-804", "name": "Baywood Park Beach"}}, {"type": "Feature", "geometry": {"type": "Point", "coordinates": [-120.840841, 35.326723]}, "properties": {"id": "ccc-805", "name": "Second Street Pier"}}, {"type": "Feature", "geometry": {"type": "Point", "coordinates": [-120.842393, 35.32162]}, "properties": {"id": "ccc-806", "name": "Sweet Springs Nature Preserve"}}, {"type": "Feature", "geometry": {"type": "Point", "coordinates": [-120.848159, 35.320819]}, "properties": {"id": "ccc-807", "name": "Morro Bay View Access"}}, {"type": "Feature", "geometry": {"type": "Point", "coordinates": [-120.861912, 35.33417]}, "properties": {"id": "ccc-808", "name": "Morro Dunes Natural Preserve"}}, {"type": "Feature", "geometry": {"type": "Point", "coordinates": [-120.859742, 35.312034]}, "properties": {"id": "ccc-809", "name": "Monarch Lane"}}, {"type": "Feature", "geometry": {"type": "Point", "coordinates": [-120.813636, 35.306368]}, "properties": {"id": "ccc-810", "name": "Los Osos Oaks State Natural Reserve"}}, {"type": "Feature", "geometry": {"type": "Point", "coordinates": [-120.872408, 35.300333]}, "properties": {"id": "ccc-811", "name": "Monta&ntilde;a de Oro State Park (Sand Spit Rd.)"}}, {"type": "Feature", "geometry": {"type": "Point", "coordinates": [-120.887182, 35.274844]}, "properties": {"id": "ccc-812", "name": "Monta&ntilde;a de Oro State Park"}}, {"type": "Feature", "geometry": {"type": "Point", "coordinates": [-120.887354, 35.257704]}, "properties": {"id": "ccc-813", "name": "Point Buchon Trail"}}, {"type": "Feature", "geometry": {"type": "Point", "coordinates": [-120.894699, 35.259204]}, "properties": {"id": "ccc-814", "name": "Coon Creek Beach"}}, {"type": "Feature", "geometry": {"type": "Point", "coordinates": [-120.756051, 35.174139]}, "properties": {"id": "ccc-815", "name": "Pecho Coast Trail"}}, {"type": "Feature", "geometry": {"type": "Point", "coordinates": [-120.760675, 35.160364]}, "properties": {"id": "ccc-816", "name": "Point San Luis Lighthouse"}}, {"type": "Feature", "geometry": {"type": "Point", "coordinates": [-120.756003, 35.171047]}, "properties": {"id": "ccc-817", "name": "Harford Pier"}}, {"type": "Feature", "geometry": {"type": "Point", "coordinates": [-120.755992, 35.173366]}, "properties": {"id": "ccc-818", "name": "Port San Luis"}}, {"type": "Feature", "geometry": {"type": "Point", "coordinates": [-120.748748, 35.177805]}, "properties": {"id": "ccc-819", "name": "Olde Port Beach"}}, {"type": "Feature", "geometry": {"type": "Point", "coordinates": [-120.736021, 35.18013]}, "properties": {"id": "ccc-820", "name": "Central Coast Aquarium"}}, {"type": "Feature", "geometry": {"type": "Point", "coordinates": [-120.736055, 35.179813]}, "properties": {"id": "ccc-821", "name": "Avila Beach Community Park"}}, {"type": "Feature", "geometry": {"type": "Point", "coordinates": [-120.734147, 35.178897]}, "properties": {"id": "ccc-822", "name": "Avila Beach and Pier"}}, {"type": "Feature", "geometry": {"type": "Point", "coordinates": [-120.719077, 35.175954]}, "properties": {"id": "ccc-823", "name": "Cave Landing Road Access"}}, {"type": "Feature", "geometry": {"type": "Point", "coordinates": [-120.703098, 35.18528]}, "properties": {"id": "ccc-824", "name": "Bob Jones City-to-the-Sea Bikeway"}}, {"type": "Feature", "geometry": {"type": "Point", "coordinates": [-120.708844, 35.174912]}, "properties": {"id": "ccc-825", "name": "Bluff Trail (Avila Beach to Shell Beach)"}}, {"type": "Feature", "geometry": {"type": "Point", "coordinates": [-120.696579, 35.169313]}, "properties": {"id": "ccc-826", "name": "South Palisades City Park"}}, {"type": "Feature", "geometry": {"type": "Point", "coordinates": [-120.690093, 35.16595]}, "properties": {"id": "ccc-827", "name": "Stairway at Cliffs Resort"}}, {"type": "Feature", "geometry": {"type": "Point", "coordinates": [-120.686322, 35.160507]}, "properties": {"id": "ccc-828", "name": "Spyglass City Park"}}, {"type": "Feature", "geometry": {"type": "Point", "coordinates": [-120.685276, 35.159704]}, "properties": {"id": "ccc-829", "name": "Blufftop Path (Seacliff Drive)"}}, {"type": "Feature", "geometry": {"type": "Point", "coordinates": [-120.684486, 35.159255]}, "properties": {"id": "ccc-830", "name": "Memory Park"}}, {"type": "Feature", "geometry": {"type": "Point", "coordinates": [-120.677803, 35.156271]}, "properties": {"id": "ccc-831", "name": "Ocean Eldwayen City Park"}}, {"type": "Feature", "geometry": {"type": "Point", "coordinates": [-120.668592, 35.152238]}, "properties": {"id": "ccc-832", "name": "Margo Dodd City Park"}}, {"type": "Feature", "geometry": {"type": "Point", "coordinates": [-120.665469, 35.15408]}, "properties": {"id": "ccc-833", "name": "Dinosaur Caves Park"}}, {"type": "Feature", "geometry": {"type": "Point", "coordinates": [-120.659068, 35.152076]}, "properties": {"id": "ccc-834", "name": "Stairway at Shelter Cove Lodge"}}, {"type": "Feature", "geometry": {"type": "Point", "coordinates": [-120.651739, 35.14943]}, "properties": {"id": "ccc-835", "name": "Blufftop Path at Pismo Lighthouse Suites"}}, {"type": "Feature", "geometry": {"type": "Point", "coordinates": [-120.650018, 35.147487]}, "properties": {"id": "ccc-836", "name": "Stairway at Sea Crest Hotel"}}, {"type": "Feature", "geometry": {"type": "Point", "coordinates": [-120.647913, 35.1466]}, "properties": {"id": "ccc-837", "name": "Pismo Beach (Wilmar Avenue)"}}, {"type": "Feature", "geometry": {"type": "Point", "coordinates": [-120.644531, 35.142326]}, "properties": {"id": "ccc-838", "name": "Pismo Beach (Wadsworth Avenue)"}}, {"type": "Feature", "geometry": {"type": "Point", "coordinates": [-120.643315, 35.138932]}, "properties": {"id": "ccc-839", "name": "Pismo Beach"}}, {"type": "Feature", "geometry": {"type": "Point", "coordinates": [-120.643063, 35.138802]}, "properties": {"id": "ccc-840", "name": "Pismo Beach Pier"}}, {"type": "Feature", "geometry": {"type": "Point", "coordinates": [-120.641092, 35.135959]}, "properties": {"id": "ccc-841", "name": "Pismo Beach (Addie Street)"}}, {"type": "Feature", "geometry": {"type": "Point", "coordinates": [-120.636867, 35.135001]}, "properties": {"id": "ccc-842", "name": "Pismo Coast Village R.V. Resort"}}, {"type": "Feature", "geometry": {"type": "Point", "coordinates": [-120.62733, 35.132586]}, "properties": {"id": "ccc-843", "name": "Pismo Lake Ecological Preserve"}}, {"type": "Feature", "geometry": {"type": "Point", "coordinates": [-120.633895, 35.132229]}, "properties": {"id": "ccc-844", "name": "Pismo State Beach North Beach Campground"}}, {"type": "Feature", "geometry": {"type": "Point", "coordinates": [-120.632133, 35.12998]}, "properties": {"id": "ccc-845", "name": "Butterfly Trees"}}, {"type": "Feature", "geometry": {"type": "Point", "coordinates": [-120.630054, 35.096878]}, "properties": {"id": "ccc-846", "name": "Pismo State Beach"}}, {"type": "Feature", "geometry": {"type": "Point", "coordinates": [-120.626859, 35.115131]}, "properties": {"id": "ccc-847", "name": "Coastal Dunes RV Park and Campground"}}, {"type": "Feature", "geometry": {"type": "Point", "coordinates": [-120.62673, 35.10631]}, "properties": {"id": "ccc-848", "name": "Pismo State Beach Oceano Campground"}}, {"type": "Feature", "geometry": {"type": "Point", "coordinates": [-120.625349, 35.104643]}, "properties": {"id": "ccc-849", "name": "Oceano Memorial Campground"}}, {"type": "Feature", "geometry": {"type": "Point", "coordinates": [-120.624142, 35.104857]}, "properties": {"id": "ccc-850", "name": "Oceano Community Park"}}, {"type": "Feature", "geometry": {"type": "Point", "coordinates": [-120.621773, 35.090117]}, "properties": {"id": "ccc-851", "name": "Pismo Dunes Natural Preserve"}}, {"type": "Feature", "geometry": {"type": "Point", "coordinates": [-120.618896, 35.045879]}, "properties": {"id": "ccc-852", "name": "Oceano Dunes State Vehicular Recreation Area"}}, {"type": "Feature", "geometry": {"type": "Point", "coordinates": [-120.616335, 35.028145]}, "properties": {"id": "ccc-853", "name": "Oso Flaco Lake"}}, {"type": "Feature", "geometry": {"type": "Point", "coordinates": [-120.630264, 35.011159]}, "properties": {"id": "ccc-854", "name": "Guadalupe-Nipomo Dunes National Wildlife Refuge"}}, {"type": "Feature", "geometry": {"type": "Point", "coordinates": [-120.572242, 34.972343]}, "properties": {"id": "ccc-855", "name": "Dunes Visitor Center"}}, {"type": "Feature", "geometry": {"type": "Point", "coordinates": [-120.645257, 34.957739]}, "properties": {"id": "ccc-856", "name": "Rancho Guadalupe Dunes County Park"}}, {"type": "Feature", "geometry": {"type": "Point", "coordinates": [-120.654436, 34.901372]}, "properties": {"id": "ccc-857", "name": "Point Sal State Beach"}}, {"type": "Feature", "geometry": {"type": "Point", "coordinates": [-120.60046, 34.690307]}, "properties": {"id": "ccc-858", "name": "Ocean Beach County Park"}}, {"type": "Feature", "geometry": {"type": "Point", "coordinates": [-120.605098, 34.682766]}, "properties": {"id": "ccc-859", "name": "Surf Railroad Depot"}}, {"type": "Feature", "geometry": {"type": "Point", "coordinates": [-120.607401, 34.680796]}, "properties": {"id": "ccc-860", "name": "Vandenberg Air Force Base Beach Access"}}, {"type": "Feature", "geometry": {"type": "Point", "coordinates": [-120.50019, 34.509829]}, "properties": {"id": "ccc-861", "name": "Jalama Beach County Park"}}, {"type": "Feature", "geometry": {"type": "Point", "coordinates": [-120.227026, 34.505471]}, "properties": {"id": "ccc-862", "name": "Las Cruces Trailhead"}}, {"type": "Feature", "geometry": {"type": "Point", "coordinates": [-120.225931, 34.504835]}, "properties": {"id": "ccc-863", "name": "Gaviota State Park Trailhead East"}}, {"type": "Feature", "geometry": {"type": "Point", "coordinates": [-120.228753, 34.477535]}, "properties": {"id": "ccc-864", "name": "Gaviota State Park"}}, {"type": "Feature", "geometry": {"type": "Point", "coordinates": [-120.230582, 34.483938]}, "properties": {"id": "ccc-865", "name": "Gaviota Rest Areas"}}, {"type": "Feature", "geometry": {"type": "Point", "coordinates": [-120.139122, 34.474064]}, "properties": {"id": "ccc-866", "name": "Vista Point (Gaviota)"}}, {"type": "Feature", "geometry": {"type": "Point", "coordinates": [-120.177699, 34.533813]}, "properties": {"id": "ccc-867", "name": "Nojoqui Falls County Park"}}, {"type": "Feature", "geometry": {"type": "Point", "coordinates": [-120.142385, 34.48505]}, "properties": {"id": "ccc-868", "name": "Arroyo Hondo Preserve"}}, {"type": "Feature", "geometry": {"type": "Point", "coordinates": [-120.070174, 34.463081]}, "properties": {"id": "ccc-869", "name": "Refugio State Beach"}}, {"type": "Feature", "geometry": {"type": "Point", "coordinates": [-120.051137, 34.462135]}, "properties": {"id": "ccc-870", "name": "Bike Path (Refugio to El Capitan State Beaches)"}}, {"type": "Feature", "geometry": {"type": "Point", "coordinates": [-120.025783, 34.459321]}, "properties": {"id": "ccc-871", "name": "El Capit&aacute;n State Beach"}}, {"type": "Feature", "geometry": {"type": "Point", "coordinates": [-120.022192, 34.464798]}, "properties": {"id": "ccc-872", "name": "El Capitan Canyon Resort"}}, {"type": "Feature", "geometry": {"type": "Point", "coordinates": [-119.916072, 34.430797]}, "properties": {"id": "ccc-873", "name": "Haskell's Beach"}}, {"type": "Feature", "geometry": {"type": "Point", "coordinates": [-119.907339, 34.430477]}, "properties": {"id": "ccc-874", "name": "Sandpiper Golf Course"}}, {"type": "Feature", "geometry": {"type": "Point", "coordinates": [-119.896789, 34.428911]}, "properties": {"id": "ccc-875", "name": "Sperling Preserve at Ellwood Mesa"}}, {"type": "Feature", "geometry": {"type": "Point", "coordinates": [-119.876814, 34.411839]}, "properties": {"id": "ccc-876", "name": "Coal Oil Point Natural Reserve"}}, {"type": "Feature", "geometry": {"type": "Point", "coordinates": [-119.869549, 34.409709]}, "properties": {"id": "ccc-877", "name": "Stairway to Beach (Camino Majorca)"}}, {"type": "Feature", "geometry": {"type": "Point", "coordinates": [-119.866489, 34.409716]}, "properties": {"id": "ccc-878", "name": "Sea Lookout Park"}}, {"type": "Feature", "geometry": {"type": "Point", "coordinates": [-119.862609, 34.409666]}, "properties": {"id": "ccc-879", "name": "Stairway to Beach (Camino del Sur)"}}, {"type": "Feature", "geometry": {"type": "Point", "coordinates": [-119.85875, 34.409602]}, "properties": {"id": "ccc-880", "name": "Stairway to Beach (Camino Pescadero)"}}, {"type": "Feature", "geometry": {"type": "Point", "coordinates": [-119.85621, 34.409282]}, "properties": {"id": "ccc-881", "name": "Stairway to Beach (El Embarcadero)"}}, {"type": "Feature", "geometry": {"type": "Point", "coordinates": [-119.853499, 34.409753]}, "properties": {"id": "ccc-882", "name": "University of California at Santa Barbara (West)"}}, {"type": "Feature", "geometry": {"type": "Point", "coordinates": [-119.842095, 34.409979]}, "properties": {"id": "ccc-883", "name": "University of California at Santa Barbara (East)"}}, {"type": "Feature", "geometry": {"type": "Point", "coordinates": [-119.831321, 34.417237]}, "properties": {"id": "ccc-884", "name": "Goleta Beach County Park"}}, {"type": "Feature", "geometry": {"type": "Point", "coordinates": [-119.80534, 34.424378]}, "properties": {"id": "ccc-885", "name": "More Mesa Open Space"}}, {"type": "Feature", "geometry": {"type": "Point", "coordinates": [-119.755217, 34.407342]}, "properties": {"id": "ccc-886", "name": "Cliff Drive (Santa Barbara)"}}, {"type": "Feature", "geometry": {"type": "Point", "coordinates": [-119.743771, 34.403749]}, "properties": {"id": "ccc-887", "name": "Arroyo Burro Beach County Park"}}, {"type": "Feature", "geometry": {"type": "Point", "coordinates": [-119.734915, 34.399514]}, "properties": {"id": "ccc-888", "name": "Douglas Family Preserve"}}, {"type": "Feature", "geometry": {"type": "Point", "coordinates": [-119.739165, 34.405038]}, "properties": {"id": "ccc-889", "name": "Douglas Family Preserve (Las Positas Road)"}}, {"type": "Feature", "geometry": {"type": "Point", "coordinates": [-119.730904, 34.397019]}, "properties": {"id": "ccc-890", "name": "Mesa Lane Stairs"}}, {"type": "Feature", "geometry": {"type": "Point", "coordinates": [-119.722733, 34.397694]}, "properties": {"id": "ccc-891", "name": "La Mesa Park"}}, {"type": "Feature", "geometry": {"type": "Point", "coordinates": [-119.713893, 34.395971]}, "properties": {"id": "ccc-892", "name": "One Thousand Steps (Santa Barbara)"}}, {"type": "Feature", "geometry": {"type": "Point", "coordinates": [-119.707348, 34.396469]}, "properties": {"id": "ccc-893", "name": "Shoreline Park"}}, {"type": "Feature", "geometry": {"type": "Point", "coordinates": [-119.705632, 34.39663]}, "properties": {"id": "ccc-894", "name": "Shoreline Park Beach Access Stairs"}}, {"type": "Feature", "geometry": {"type": "Point", "coordinates": [-119.700651, 34.400825]}, "properties": {"id": "ccc-895", "name": "Leadbetter Beach"}}, {"type": "Feature", "geometry": {"type": "Point", "coordinates": [-119.71231, 34.441429]}, "properties": {"id": "ccc-896", "name": "Rocky Nook County Park"}}, {"type": "Feature", "geometry": {"type": "Point", "coordinates": [-119.703619, 34.422753]}, "properties": {"id": "ccc-897", "name": "Santa Barbara"}}, {"type": "Feature", "geometry": {"type": "Point", "coordinates": [-119.695608, 34.408942]}, "properties": {"id": "ccc-898", "name": "Pershing Park"}}, {"type": "Feature", "geometry": {"type": "Point", "coordinates": [-119.69436, 34.408061]}, "properties": {"id": "ccc-899", "name": "Plaza del Mar"}}, {"type": "Feature", "geometry": {"type": "Point", "coordinates": [-119.693565, 34.404171]}, "properties": {"id": "ccc-900", "name": "Santa Barbara Maritime Museum"}}, {"type": "Feature", "geometry": {"type": "Point", "coordinates": [-119.691282, 34.405274]}, "properties": {"id": "ccc-901", "name": "Santa Barbara Harbor"}}, {"type": "Feature", "geometry": {"type": "Point", "coordinates": [-119.693596, 34.407447]}, "properties": {"id": "ccc-902", "name": "Los Ba&ntilde;os del Mar"}}, {"type": "Feature", "geometry": {"type": "Point", "coordinates": [-119.691611, 34.410446]}, "properties": {"id": "ccc-903", "name": "Ambassador Park"}}, {"type": "Feature", "geometry": {"type": "Point", "coordinates": [-119.692633, 34.412977]}, "properties": {"id": "ccc-904", "name": "Santa Barbara Tourist Hostel"}}, {"type": "Feature", "geometry": {"type": "Point", "coordinates": [-119.690147, 34.410884]}, "properties": {"id": "ccc-905", "name": "West Beach (Santa Barbara)"}}, {"type": "Feature", "geometry": {"type": "Point", "coordinates": [-119.688805, 34.411913]}, "properties": {"id": "ccc-906", "name": "Stearns Wharf"}}, {"type": "Feature", "geometry": {"type": "Point", "coordinates": [-119.685714, 34.410592]}, "properties": {"id": "ccc-907", "name": "Ty Warner Sea Center"}}, {"type": "Feature", "geometry": {"type": "Point", "coordinates": [-119.6817, 34.415062]}, "properties": {"id": "ccc-908", "name": "Chase Palm Park"}}, {"type": "Feature", "geometry": {"type": "Point", "coordinates": [-119.687424, 34.413216]}, "properties": {"id": "ccc-909", "name": "Skater's Point"}}, {"type": "Feature", "geometry": {"type": "Point", "coordinates": [-119.673799, 34.417444]}, "properties": {"id": "ccc-910", "name": "Cabrillo Ball Field"}}, {"type": "Feature", "geometry": {"type": "Point", "coordinates": [-119.67134, 34.416648]}, "properties": {"id": "ccc-911", "name": "East Beach (Santa Barbara)"}}, {"type": "Feature", "geometry": {"type": "Point", "coordinates": [-119.670473, 34.419005]}, "properties": {"id": "ccc-912", "name": "Dwight Murphy Field"}}, {"type": "Feature", "geometry": {"type": "Point", "coordinates": [-119.666766, 34.420478]}, "properties": {"id": "ccc-913", "name": "Santa Barbara Zoo"}}, {"type": "Feature", "geometry": {"type": "Point", "coordinates": [-119.658045, 34.421897]}, "properties": {"id": "ccc-914", "name": "Andree Clark Bird Refuge"}}, {"type": "Feature", "geometry": {"type": "Point", "coordinates": [-119.647576, 34.417435]}, "properties": {"id": "ccc-915", "name": "Stairway to Beach (Butterfly Lane)"}}, {"type": "Feature", "geometry": {"type": "Point", "coordinates": [-119.642606, 34.416509]}, "properties": {"id": "ccc-916", "name": "Stairway to Beach (Biltmore Hotel)"}}, {"type": "Feature", "geometry": {"type": "Point", "coordinates": [-119.635733, 34.416491]}, "properties": {"id": "ccc-917", "name": "Hammonds Beach"}}, {"type": "Feature", "geometry": {"type": "Point", "coordinates": [-119.630696, 34.419009]}, "properties": {"id": "ccc-918", "name": "Miramar Beach"}}, {"type": "Feature", "geometry": {"type": "Point", "coordinates": [-119.601524, 34.420381]}, "properties": {"id": "ccc-919", "name": "Lookout County Park"}}, {"type": "Feature", "geometry": {"type": "Point", "coordinates": [-119.59028, 34.419691]}, "properties": {"id": "ccc-920", "name": "Oceanview Park"}}, {"type": "Feature", "geometry": {"type": "Point", "coordinates": [-119.582491, 34.415549]}, "properties": {"id": "ccc-921", "name": "Loon Point Beach Path"}}, {"type": "Feature", "geometry": {"type": "Point", "coordinates": [-119.52658, 34.397343]}, "properties": {"id": "ccc-922", "name": "Carpinteria Salt Marsh Nature Park"}}, {"type": "Feature", "geometry": {"type": "Point", "coordinates": [-119.527755, 34.394746]}, "properties": {"id": "ccc-923", "name": "Carpinteria City Beach"}}, {"type": "Feature", "geometry": {"type": "Point", "coordinates": [-119.521044, 34.392262]}, "properties": {"id": "ccc-924", "name": "Carpinteria State Beach"}}, {"type": "Feature", "geometry": {"type": "Point", "coordinates": [-119.521766, 34.396145]}, "properties": {"id": "ccc-925", "name": "Carpinteria"}}, {"type": "Feature", "geometry": {"type": "Point", "coordinates": [-119.508706, 34.386484]}, "properties": {"id": "ccc-926", "name": "Tarpits Park"}}, {"type": "Feature", "geometry": {"type": "Point", "coordinates": [-119.498292, 34.386822]}, "properties": {"id": "ccc-927", "name": "Carpinteria Bluffs Nature Preserve"}}, {"type": "Feature", "geometry": {"type": "Point", "coordinates": [-119.480782, 34.376658]}, "properties": {"id": "ccc-928", "name": "Rincon Beach County Park"}}, {"type": "Feature", "geometry": {"type": "Point", "coordinates": [-120.353636, 34.047113]}, "properties": {"id": "ccc-929", "name": "Cuyler Harbor Beach"}}, {"type": "Feature", "geometry": {"type": "Point", "coordinates": [-120.349447, 34.040809]}, "properties": {"id": "ccc-930", "name": "Campground (San Miguel Island)"}}, {"type": "Feature", "geometry": {"type": "Point", "coordinates": [-120.041449, 33.994674]}, "properties": {"id": "ccc-931", "name": "Water Canyon Beach"}}, {"type": "Feature", "geometry": {"type": "Point", "coordinates": [-120.047865, 33.991445]}, "properties": {"id": "ccc-932", "name": "Campground (Santa Rosa Island)"}}, {"type": "Feature", "geometry": {"type": "Point", "coordinates": [-120.37126, 34.038952]}, "properties": {"id": "ccc-933", "name": "San Miguel Island"}}, {"type": "Feature", "geometry": {"type": "Point", "coordinates": [-120.112831, 33.967322]}, "properties": {"id": "ccc-934", "name": "Santa Rosa Island"}}, {"type": "Feature", "geometry": {"type": "Point", "coordinates": [-119.556421, 34.049213]}, "properties": {"id": "ccc-935", "name": "Scorpion Beach"}}, {"type": "Feature", "geometry": {"type": "Point", "coordinates": [-119.556028, 34.048297]}, "properties": {"id": "ccc-936", "name": "Santa Cruz Island"}}, {"type": "Feature", "geometry": {"type": "Point", "coordinates": [-119.683857, 34.019016]}, "properties": {"id": "ccc-937", "name": "Prisoners Harbor"}}, {"type": "Feature", "geometry": {"type": "Point", "coordinates": [-119.542231, 34.02128]}, "properties": {"id": "ccc-938", "name": "Smugglers Cove"}}, {"type": "Feature", "geometry": {"type": "Point", "coordinates": [-119.362182, 34.016464]}, "properties": {"id": "ccc-939", "name": "Landing Cove (E. Anacapa Island)"}}, {"type": "Feature", "geometry": {"type": "Point", "coordinates": [-119.419478, 34.011009]}, "properties": {"id": "ccc-940", "name": "Anacapa Island"}}, {"type": "Feature", "geometry": {"type": "Point", "coordinates": [-119.368042, 34.01398]}, "properties": {"id": "ccc-941", "name": "Campground (E. Anacapa Island)"}}, {"type": "Feature", "geometry": {"type": "Point", "coordinates": [-119.029729, 33.482189]}, "properties": {"id": "ccc-942", "name": "Landing Cove (Santa Barbara Island)"}}, {"type": "Feature", "geometry": {"type": "Point", "coordinates": [-119.028972, 33.479985]}, "properties": {"id": "ccc-943", "name": "Campground (Santa Barbara Island)"}}, {"type": "Feature", "geometry": {"type": "Point", "coordinates": [-119.039519, 33.477423]}, "properties": {"id": "ccc-944", "name": "Santa Barbara Island"}}, {"type": "Feature", "geometry": {"type": "Point", "coordinates": [-119.477316, 34.372602]}, "properties": {"id": "ccc-945", "name": "Rincon Point"}}, {"type": "Feature", "geometry": {"type": "Point", "coordinates": [-119.454796, 34.369717]}, "properties": {"id": "ccc-946", "name": "Coastal Trail (Ventura Co.)"}}, {"type": "Feature", "geometry": {"type": "Point", "coordinates": [-119.449925, 34.363976]}, "properties": {"id": "ccc-947", "name": "La Conchita Beach"}}, {"type": "Feature", "geometry": {"type": "Point", "coordinates": [-119.442312, 34.355636]}, "properties": {"id": "ccc-948", "name": "Mussel Shoals Beach"}}, {"type": "Feature", "geometry": {"type": "Point", "coordinates": [-119.431808, 34.355833]}, "properties": {"id": "ccc-949", "name": "Punta Gorda Beach"}}, {"type": "Feature", "geometry": {"type": "Point", "coordinates": [-119.426478, 34.351054]}, "properties": {"id": "ccc-950", "name": "Beacon's Beach"}}, {"type": "Feature", "geometry": {"type": "Point", "coordinates": [-119.410701, 34.337563]}, "properties": {"id": "ccc-951", "name": "Hobson Beach County Park"}}, {"type": "Feature", "geometry": {"type": "Point", "coordinates": [-119.397826, 34.327861]}, "properties": {"id": "ccc-952", "name": "Rincon Parkway (North)"}}, {"type": "Feature", "geometry": {"type": "Point", "coordinates": [-119.390735, 34.318912]}, "properties": {"id": "ccc-953", "name": "Faria County Park"}}, {"type": "Feature", "geometry": {"type": "Point", "coordinates": [-119.376154, 34.321141]}, "properties": {"id": "ccc-954", "name": "Mondos"}}, {"type": "Feature", "geometry": {"type": "Point", "coordinates": [-119.36499, 34.316364]}, "properties": {"id": "ccc-955", "name": "Solimar Beach (North)"}}, {"type": "Feature", "geometry": {"type": "Point", "coordinates": [-119.354734, 34.308658]}, "properties": {"id": "ccc-956", "name": "Solimar Beach (South)"}}, {"type": "Feature", "geometry": {"type": "Point", "coordinates": [-119.34687, 34.30225]}, "properties": {"id": "ccc-957", "name": "Rincon Parkway (South)"}}, {"type": "Feature", "geometry": {"type": "Point", "coordinates": [-119.338052, 34.291592]}, "properties": {"id": "ccc-958", "name": "Emma Wood State Beach"}}, {"type": "Feature", "geometry": {"type": "Point", "coordinates": [-119.316777, 34.282182]}, "properties": {"id": "ccc-959", "name": "Emma Wood Group Camp"}}, {"type": "Feature", "geometry": {"type": "Point", "coordinates": [-119.308707, 34.275182]}, "properties": {"id": "ccc-960", "name": "Seaside Wilderness Park"}}, {"type": "Feature", "geometry": {"type": "Point", "coordinates": [-119.307648, 34.274333]}, "properties": {"id": "ccc-961", "name": "Ventura River"}}, {"type": "Feature", "geometry": {"type": "Point", "coordinates": [-119.305322, 34.285189]}, "properties": {"id": "ccc-962", "name": "Ventura River Trail"}}, {"type": "Feature", "geometry": {"type": "Point", "coordinates": [-119.306127, 34.281572]}, "properties": {"id": "ccc-963", "name": "Omer Rains Trail"}}, {"type": "Feature", "geometry": {"type": "Point", "coordinates": [-119.290785, 34.279183]}, "properties": {"id": "ccc-964", "name": "San Buenaventura"}}, {"type": "Feature", "geometry": {"type": "Point", "coordinates": [-119.305474, 34.273517]}, "properties": {"id": "ccc-965", "name": "Ventura County Fairgrounds Beach"}}, {"type": "Feature", "geometry": {"type": "Point", "coordinates": [-119.300166, 34.274062]}, "properties": {"id": "ccc-966", "name": "Surfer's Point at Seaside Park"}}, {"type": "Feature", "geometry": {"type": "Point", "coordinates": [-119.293967, 34.275729]}, "properties": {"id": "ccc-967", "name": "Promenade Park"}}, {"type": "Feature", "geometry": {"type": "Point", "coordinates": [-119.290531, 34.275975]}, "properties": {"id": "ccc-968", "name": "Ventura Pier"}}, {"type": "Feature", "geometry": {"type": "Point", "coordinates": [-119.280055, 34.269512]}, "properties": {"id": "ccc-969", "name": "San Buenaventura State Beach"}}, {"type": "Feature", "geometry": {"type": "Point", "coordinates": [-119.27441, 34.262862]}, "properties": {"id": "ccc-970", "name": "Seaward Avenue Access"}}, {"type": "Feature", "geometry": {"type": "Point", "coordinates": [-119.268628, 34.253647]}, "properties": {"id": "ccc-971", "name": "Marina Park"}}, {"type": "Feature", "geometry": {"type": "Point", "coordinates": [-119.263292, 34.249656]}, "properties": {"id": "ccc-972", "name": "Ventura Harbor Boat Launch"}}, {"type": "Feature", "geometry": {"type": "Point", "coordinates": [-119.265119, 34.249053]}, "properties": {"id": "ccc-973", "name": "Ventura Harbor"}}, {"type": "Feature", "geometry": {"type": "Point", "coordinates": [-119.266932, 34.248256]}, "properties": {"id": "ccc-974", "name": "Channel Islands National Park Visitor Center"}}, {"type": "Feature", "geometry": {"type": "Point", "coordinates": [-119.267784, 34.246779]}, "properties": {"id": "ccc-975", "name": "Harbor Cove Beach (Ventura Harbor)"}}, {"type": "Feature", "geometry": {"type": "Point", "coordinates": [-119.265348, 34.240122]}, "properties": {"id": "ccc-976", "name": "Surfer's Knoll"}}, {"type": "Feature", "geometry": {"type": "Point", "coordinates": [-119.265529, 34.234637]}, "properties": {"id": "ccc-977", "name": "Santa Clara River"}}, {"type": "Feature", "geometry": {"type": "Point", "coordinates": [-119.25873, 34.229134]}, "properties": {"id": "ccc-978", "name": "McGrath State Beach"}}, {"type": "Feature", "geometry": {"type": "Point", "coordinates": [-119.260175, 34.230037]}, "properties": {"id": "ccc-979", "name": "Santa Clara Estuary Natural Preserve"}}, {"type": "Feature", "geometry": {"type": "Point", "coordinates": [-119.247413, 34.200521]}, "properties": {"id": "ccc-980", "name": "Mandalay Beach Park"}}, {"type": "Feature", "geometry": {"type": "Point", "coordinates": [-119.242043, 34.186317]}, "properties": {"id": "ccc-981", "name": "Oxnard Shores"}}, {"type": "Feature", "geometry": {"type": "Point", "coordinates": [-119.239669, 34.182754]}, "properties": {"id": "ccc-982", "name": "Oxnard Beach Park"}}, {"type": "Feature", "geometry": {"type": "Point", "coordinates": [-119.22547, 34.189127]}, "properties": {"id": "ccc-983", "name": "Channel Islands Harbor - North"}}, {"type": "Feature", "geometry": {"type": "Point", "coordinates": [-119.227554, 34.164821]}, "properties": {"id": "ccc-984", "name": "Ventura County Maritime Museum"}}, {"type": "Feature", "geometry": {"type": "Point", "coordinates": [-119.226326, 34.16971]}, "properties": {"id": "ccc-985", "name": "Peninsula Park"}}, {"type": "Feature", "geometry": {"type": "Point", "coordinates": [-119.235708, 34.176698]}, "properties": {"id": "ccc-986", "name": "Hollywood Beach (North)"}}, {"type": "Feature", "geometry": {"type": "Point", "coordinates": [-119.230387, 34.164478]}, "properties": {"id": "ccc-987", "name": "Hollywood Beach"}}, {"type": "Feature", "geometry": {"type": "Point", "coordinates": [-119.224312, 34.164293]}, "properties": {"id": "ccc-988", "name": "Channel Islands Harbor"}}, {"type": "Feature", "geometry": {"type": "Point", "coordinates": [-119.224959, 34.159617]}, "properties": {"id": "ccc-989", "name": "Channel View Park"}}, {"type": "Feature", "geometry": {"type": "Point", "coordinates": [-119.224633, 34.157283]}, "properties": {"id": "ccc-990", "name": "Silver Strand Beach (North)"}}, {"type": "Feature", "geometry": {"type": "Point", "coordinates": [-119.222252, 34.154566]}, "properties": {"id": "ccc-991", "name": "Silver Strand Beach"}}, {"type": "Feature", "geometry": {"type": "Point", "coordinates": [-119.208283, 34.149761]}, "properties": {"id": "ccc-992", "name": "Port of Hueneme"}}, {"type": "Feature", "geometry": {"type": "Point", "coordinates": [-119.199042, 34.147808]}, "properties": {"id": "ccc-993", "name": "City of Port Hueneme"}}, {"type": "Feature", "geometry": {"type": "Point", "coordinates": [-119.195783, 34.169755]}, "properties": {"id": "ccc-994", "name": "U.S. Navy Seabee Museum"}}, {"type": "Feature", "geometry": {"type": "Point", "coordinates": [-119.196381, 34.142545]}, "properties": {"id": "ccc-995", "name": "Port Hueneme Beach Park"}}, {"type": "Feature", "geometry": {"type": "Point", "coordinates": [-119.194136, 34.141256]}, "properties": {"id": "ccc-996", "name": "Port Hueneme Fishing Pier"}}, {"type": "Feature", "geometry": {"type": "Point", "coordinates": [-119.186254, 34.137277]}, "properties": {"id": "ccc-997", "name": "Ormond Beach"}}, {"type": "Feature", "geometry": {"type": "Point", "coordinates": [-119.18713, 34.160503]}, "properties": {"id": "ccc-998", "name": "Bubbling Springs Park"}}, {"type": "Feature", "geometry": {"type": "Point", "coordinates": [-119.063301, 34.087452]}, "properties": {"id": "ccc-999", "name": "Point Mugu Beach"}}, {"type": "Feature", "geometry": {"type": "Point", "coordinates": [-119.094114, 34.101215]}, "properties": {"id": "ccc-1000", "name": "Mugu Lagoon"}}, {"type": "Feature", "geometry": {"type": "Point", "coordinates": [-119.00985, 34.110561]}, "properties": {"id": "ccc-1001", "name": "Point Mugu State Park"}}, {"type": "Feature", "geometry": {"type": "Point", "coordinates": [-119.036873, 34.086263]}, "properties": {"id": "ccc-1002", "name": "La Jolla Valley"}}, {"type": "Feature", "geometry": {"type": "Point", "coordinates": [-119.035834, 34.082996]}, "properties": {"id": "ccc-1003", "name": "Thornhill Broome Beach"}}, {"type": "Feature", "geometry": {"type": "Point", "coordinates": [-119.014046, 34.07296]}, "properties": {"id": "ccc-1004", "name": "Sycamore Canyon Campground"}}, {"type": "Feature", "geometry": {"type": "Point", "coordinates": [-119.012803, 34.069895]}, "properties": {"id": "ccc-1005", "name": "Sycamore Cove Beach"}}, {"type": "Feature", "geometry": {"type": "Point", "coordinates": [-118.985622, 34.062127]}, "properties": {"id": "ccc-1006", "name": "Beach Access (Deer Creek Rd.)"}}, {"type": "Feature", "geometry": {"type": "Point", "coordinates": [-118.962172, 34.052479]}, "properties": {"id": "ccc-1007", "name": "County Line Beach (Malibu)"}}, {"type": "Feature", "geometry": {"type": "Point", "coordinates": [-118.950246, 34.047352]}, "properties": {"id": "ccc-1008", "name": "Staircase Beach"}}, {"type": "Feature", "geometry": {"type": "Point", "coordinates": [-118.937581, 34.109939]}, "properties": {"id": "ccc-1009", "name": "Circle X Ranch"}}, {"type": "Feature", "geometry": {"type": "Point", "coordinates": [-118.933525, 34.044943]}, "properties": {"id": "ccc-1010", "name": "Leo Carrillo State Park"}}, {"type": "Feature", "geometry": {"type": "Point", "coordinates": [-118.890717, 34.089012]}, "properties": {"id": "ccc-1011", "name": "Arroyo Sequit"}}, {"type": "Feature", "geometry": {"type": "Point", "coordinates": [-118.915565, 34.042934]}, "properties": {"id": "ccc-1012", "name": "Nicholas Canyon County Beach"}}, {"type": "Feature", "geometry": {"type": "Point", "coordinates": [-118.876983, 34.061274]}, "properties": {"id": "ccc-1013", "name": "Charmlee Wilderness Park"}}, {"type": "Feature", "geometry": {"type": "Point", "coordinates": [-118.891986, 34.040611]}, "properties": {"id": "ccc-1014", "name": "El Pescador State Beach"}}, {"type": "Feature", "geometry": {"type": "Point", "coordinates": [-118.887894, 34.039715]}, "properties": {"id": "ccc-1015", "name": "La Piedra State Beach"}}, {"type": "Feature", "geometry": {"type": "Point", "coordinates": [-118.874947, 34.038685]}, "properties": {"id": "ccc-1016", "name": "El Matador State Beach"}}, {"type": "Feature", "geometry": {"type": "Point", "coordinates": [-118.868718, 34.038345]}, "properties": {"id": "ccc-1017", "name": "Lechuza Beach (West Accessway)"}}, {"type": "Feature", "geometry": {"type": "Point", "coordinates": [-118.865705, 34.036893]}, "properties": {"id": "ccc-1018", "name": "Lechuza Beach (Central Accessway)"}}, {"type": "Feature", "geometry": {"type": "Point", "coordinates": [-118.862264, 34.036336]}, "properties": {"id": "ccc-1019", "name": "Lechuza Beach (East Accessway)"}}, {"type": "Feature", "geometry": {"type": "Point", "coordinates": [-118.856245, 34.0356]}, "properties": {"id": "ccc-1020", "name": "Broad Beach (West Accessway)"}}, {"type": "Feature", "geometry": {"type": "Point", "coordinates": [-118.85193, 34.034548]}, "properties": {"id": "ccc-1021", "name": "Broad Beach (East Accessway)"}}, {"type": "Feature", "geometry": {"type": "Point", "coordinates": [-118.828146, 34.019523]}, "properties": {"id": "ccc-1022", "name": "Zuma Beach County Park"}}, {"type": "Feature", "geometry": {"type": "Point", "coordinates": [-118.812204, 34.0314]}, "properties": {"id": "ccc-1023", "name": "Zuma and Trancas Canyons"}}, {"type": "Feature", "geometry": {"type": "Point", "coordinates": [-118.817892, 34.011998]}, "properties": {"id": "ccc-1024", "name": "Westward Beach"}}, {"type": "Feature", "geometry": {"type": "Point", "coordinates": [-118.816418, 34.011145]}, "properties": {"id": "ccc-1025", "name": "Point Dume Whale Watch"}}, {"type": "Feature", "geometry": {"type": "Point", "coordinates": [-118.808735, 34.002003]}, "properties": {"id": "ccc-1026", "name": "Point Dume State Beach"}}, {"type": "Feature", "geometry": {"type": "Point", "coordinates": [-118.805079, 34.004974]}, "properties": {"id": "ccc-1027", "name": "Point Dume Natural Preserve"}}, {"type": "Feature", "geometry": {"type": "Point", "coordinates": [-118.805168, 34.00244]}, "properties": {"id": "ccc-1028", "name": "Dume Cove"}}, {"type": "Feature", "geometry": {"type": "Point", "coordinates": [-118.786449, 34.020128]}, "properties": {"id": "ccc-1029", "name": "Paradise Cove"}}, {"type": "Feature", "geometry": {"type": "Point", "coordinates": [-118.770779, 34.024587]}, "properties": {"id": "ccc-1030", "name": "Escondido Beach"}}, {"type": "Feature", "geometry": {"type": "Point", "coordinates": [-118.765686, 34.025656]}, "properties": {"id": "ccc-1031", "name": "Escondido Creek Stairway"}}, {"type": "Feature", "geometry": {"type": "Point", "coordinates": [-118.776418, 34.034677]}, "properties": {"id": "ccc-1032", "name": "Escondido Canyon Park"}}, {"type": "Feature", "geometry": {"type": "Point", "coordinates": [-118.793486, 34.038225]}, "properties": {"id": "ccc-1033", "name": "Ramirez Canyon Park"}}, {"type": "Feature", "geometry": {"type": "Point", "coordinates": [-118.75103, 34.030659]}, "properties": {"id": "ccc-1034", "name": "Latigo Shore Beach"}}, {"type": "Feature", "geometry": {"type": "Point", "coordinates": [-118.744547, 34.035085]}, "properties": {"id": "ccc-1035", "name": "Solstice Canyon"}}, {"type": "Feature", "geometry": {"type": "Point", "coordinates": [-118.775314, 34.07973]}, "properties": {"id": "ccc-1036", "name": "Castro Crest"}}, {"type": "Feature", "geometry": {"type": "Point", "coordinates": [-118.73821, 34.034095]}, "properties": {"id": "ccc-1037", "name": "Malibu Beach RV Park"}}, {"type": "Feature", "geometry": {"type": "Point", "coordinates": [-118.733936, 34.033176]}, "properties": {"id": "ccc-1038", "name": "Dan Blocker Beach"}}, {"type": "Feature", "geometry": {"type": "Point", "coordinates": [-118.746208, 34.032293]}, "properties": {"id": "ccc-1039", "name": "Overlook (Dan Blocker Beach)"}}, {"type": "Feature", "geometry": {"type": "Point", "coordinates": [-118.734651, 34.034083]}, "properties": {"id": "ccc-1040", "name": "Corral Canyon Park"}}, {"type": "Feature", "geometry": {"type": "Point", "coordinates": [-118.814019, 34.096723]}, "properties": {"id": "ccc-1041", "name": "Rocky Oaks"}}, {"type": "Feature", "geometry": {"type": "Point", "coordinates": [-118.779477, 34.113471]}, "properties": {"id": "ccc-1042", "name": "Peter Strauss Ranch"}}, {"type": "Feature", "geometry": {"type": "Point", "coordinates": [-118.753195, 34.11486]}, "properties": {"id": "ccc-1043", "name": "Paramount Ranch"}}, {"type": "Feature", "geometry": {"type": "Point", "coordinates": [-118.726452, 34.104377]}, "properties": {"id": "ccc-1044", "name": "Mulholland Scenic Parkway"}}, {"type": "Feature", "geometry": {"type": "Point", "coordinates": [-118.711288, 34.104167]}, "properties": {"id": "ccc-1045", "name": "Las Virgenes View Park"}}, {"type": "Feature", "geometry": {"type": "Point", "coordinates": [-118.707136, 34.10273]}, "properties": {"id": "ccc-1046", "name": "Santa Monica Mountains Nat'l Recreation Area Visitor Center"}}, {"type": "Feature", "geometry": {"type": "Point", "coordinates": [-118.712472, 34.100026]}, "properties": {"id": "ccc-1047", "name": "Malibu Creek State Park"}}, {"type": "Feature", "geometry": {"type": "Point", "coordinates": [-118.704572, 34.085614]}, "properties": {"id": "ccc-1048", "name": "Tapia Park"}}, {"type": "Feature", "geometry": {"type": "Point", "coordinates": [-118.651443, 34.112791]}, "properties": {"id": "ccc-1049", "name": "Calabasas Peak"}}, {"type": "Feature", "geometry": {"type": "Point", "coordinates": [-118.648835, 34.095121]}, "properties": {"id": "ccc-1050", "name": "Cold Creek Canyon"}}, {"type": "Feature", "geometry": {"type": "Point", "coordinates": [-118.721665, 34.03192]}, "properties": {"id": "ccc-1051", "name": "Stairway 1 (Puerco Beach)"}}, {"type": "Feature", "geometry": {"type": "Point", "coordinates": [-118.713647, 34.031584]}, "properties": {"id": "ccc-1052", "name": "Stairway 2 (Puerco Beach)"}}, {"type": "Feature", "geometry": {"type": "Point", "coordinates": [-118.711055, 34.030978]}, "properties": {"id": "ccc-1053", "name": "Stairway 3 (Puerco Beach)"}}, {"type": "Feature", "geometry": {"type": "Point", "coordinates": [-118.707648, 34.030106]}, "properties": {"id": "ccc-1054", "name": "Stairway 4 (Puerco Beach)"}}, {"type": "Feature", "geometry": {"type": "Point", "coordinates": [-118.704955, 34.030385]}, "properties": {"id": "ccc-1055", "name": "Stairway 5 (Puerco Beach)"}}, {"type": "Feature", "geometry": {"type": "Point", "coordinates": [-118.703996, 34.033856]}, "properties": {"id": "ccc-1056", "name": "Malibu Bluffs Park"}}, {"type": "Feature", "geometry": {"type": "Point", "coordinates": [-118.685319, 34.033657]}, "properties": {"id": "ccc-1057", "name": "Malibu Lagoon State Beach"}}, {"type": "Feature", "geometry": {"type": "Point", "coordinates": [-118.680614, 34.034728]}, "properties": {"id": "ccc-1058", "name": "Adamson House"}}, {"type": "Feature", "geometry": {"type": "Point", "coordinates": [-118.677602, 34.036396]}, "properties": {"id": "ccc-1059", "name": "Surfrider Beach"}}, {"type": "Feature", "geometry": {"type": "Point", "coordinates": [-118.676698, 34.037284]}, "properties": {"id": "ccc-1060", "name": "Malibu Pier"}}, {"type": "Feature", "geometry": {"type": "Point", "coordinates": [-118.656858, 34.038926]}, "properties": {"id": "ccc-1061", "name": "Carbon Beach - East"}}, {"type": "Feature", "geometry": {"type": "Point", "coordinates": [-118.669317, 34.039298]}, "properties": {"id": "ccc-1062", "name": "Carbon Beach - Zonker Harris Accessway"}}, {"type": "Feature", "geometry": {"type": "Point", "coordinates": [-118.664164, 34.039515]}, "properties": {"id": "ccc-1063", "name": "Carbon Beach - West"}}, {"type": "Feature", "geometry": {"type": "Point", "coordinates": [-118.647913, 34.038036]}, "properties": {"id": "ccc-1064", "name": "La Costa Beach"}}, {"type": "Feature", "geometry": {"type": "Point", "coordinates": [-118.610246, 34.036664]}, "properties": {"id": "ccc-1065", "name": "Stairs to Big Rock Beach"}}, {"type": "Feature", "geometry": {"type": "Point", "coordinates": [-118.608137, 34.037278]}, "properties": {"id": "ccc-1066", "name": "Big Rock Viewpoint"}}, {"type": "Feature", "geometry": {"type": "Point", "coordinates": [-118.59896, 34.039339]}, "properties": {"id": "ccc-1067", "name": "Las Tunas Beach"}}, {"type": "Feature", "geometry": {"type": "Point", "coordinates": [-118.581555, 34.038951]}, "properties": {"id": "ccc-1068", "name": "Topanga Beach"}}, {"type": "Feature", "geometry": {"type": "Point", "coordinates": [-118.616874, 34.059762]}, "properties": {"id": "ccc-1069", "name": "Tuna Canyon Park"}}, {"type": "Feature", "geometry": {"type": "Point", "coordinates": [-118.599082, 34.127535]}, "properties": {"id": "ccc-1070", "name": "Summit Valley Edmund D. Edelman Park"}}, {"type": "Feature", "geometry": {"type": "Point", "coordinates": [-118.588185, 34.093184]}, "properties": {"id": "ccc-1071", "name": "Topanga State Park"}}, {"type": "Feature", "geometry": {"type": "Point", "coordinates": [-118.566138, 34.043921]}, "properties": {"id": "ccc-1072", "name": "Getty Villa"}}, {"type": "Feature", "geometry": {"type": "Point", "coordinates": [-118.527356, 34.055003]}, "properties": {"id": "ccc-1073", "name": "Temescal Gateway Park"}}, {"type": "Feature", "geometry": {"type": "Point", "coordinates": [-118.534686, 34.036663]}, "properties": {"id": "ccc-1074", "name": "Temescal Canyon Park"}}, {"type": "Feature", "geometry": {"type": "Point", "coordinates": [-118.55633, 34.038112]}, "properties": {"id": "ccc-1075", "name": "Will Rogers State Beach (Sunset Blvd.)"}}, {"type": "Feature", "geometry": {"type": "Point", "coordinates": [-118.53615, 34.0356]}, "properties": {"id": "ccc-1076", "name": "Will Rogers State Beach (Temescal Canyon Rd.)"}}, {"type": "Feature", "geometry": {"type": "Point", "coordinates": [-118.517345, 34.026611]}, "properties": {"id": "ccc-1077", "name": "Will Rogers State Beach (Chautauqua Blvd.)"}}, {"type": "Feature", "geometry": {"type": "Point", "coordinates": [-118.513813, 34.053939]}, "properties": {"id": "ccc-1078", "name": "Will Rogers State Historic Park"}}, {"type": "Feature", "geometry": {"type": "Point", "coordinates": [-118.513097, 34.024615]}, "properties": {"id": "ccc-1079", "name": "Annenberg Community Beach House"}}, {"type": "Feature", "geometry": {"type": "Point", "coordinates": [-118.504409, 34.019368]}, "properties": {"id": "ccc-1080", "name": "Palisades Park"}}, {"type": "Feature", "geometry": {"type": "Point", "coordinates": [-118.506488, 34.017891]}, "properties": {"id": "ccc-1081", "name": "Santa Monica State Beach"}}, {"type": "Feature", "geometry": {"type": "Point", "coordinates": [-118.496269, 34.01409]}, "properties": {"id": "ccc-1082", "name": "Hostelling International Santa Monica"}}, {"type": "Feature", "geometry": {"type": "Point", "coordinates": [-118.496455, 34.010167]}, "properties": {"id": "ccc-1083", "name": "Santa Monica Municipal Pier"}}, {"type": "Feature", "geometry": {"type": "Point", "coordinates": [-118.490138, 34.005464]}, "properties": {"id": "ccc-1084", "name": "Crescent Bay Park"}}, {"type": "Feature", "geometry": {"type": "Point", "coordinates": [-118.486254, 34.000594]}, "properties": {"id": "ccc-1085", "name": "Beach Park Number One (Santa Monica)"}}, {"type": "Feature", "geometry": {"type": "Point", "coordinates": [-118.483766, 34.002013]}, "properties": {"id": "ccc-1086", "name": "California Heritage Museum"}}, {"type": "Feature", "geometry": {"type": "Point", "coordinates": [-118.484022, 33.999469]}, "properties": {"id": "ccc-1087", "name": "Ocean View Park"}}, {"type": "Feature", "geometry": {"type": "Point", "coordinates": [-118.482547, 33.9968]}, "properties": {"id": "ccc-1088", "name": "South Beach Park"}}, {"type": "Feature", "geometry": {"type": "Point", "coordinates": [-118.4732, 33.987262]}, "properties": {"id": "ccc-1089", "name": "Samesun Venice Beach Hostel"}}, {"type": "Feature", "geometry": {"type": "Point", "coordinates": [-118.473695, 33.986706]}, "properties": {"id": "ccc-1090", "name": "Venice Recreation Center"}}, {"type": "Feature", "geometry": {"type": "Point", "coordinates": [-118.472271, 33.983474]}, "properties": {"id": "ccc-1091", "name": "Venice City Beach"}}, {"type": "Feature", "geometry": {"type": "Point", "coordinates": [-118.468844, 33.981078]}, "properties": {"id": "ccc-1092", "name": "South Bay Bicycle Trail"}}, {"type": "Feature", "geometry": {"type": "Point", "coordinates": [-118.439607, 33.978763]}, "properties": {"id": "ccc-1093", "name": "Marina del Rey Bike Path"}}, {"type": "Feature", "geometry": {"type": "Point", "coordinates": [-118.468105, 33.978275]}, "properties": {"id": "ccc-1094", "name": "Venice Fishing Pier"}}, {"type": "Feature", "geometry": {"type": "Point", "coordinates": [-118.465952, 33.983839]}, "properties": {"id": "ccc-1095", "name": "Venice Canals"}}, {"type": "Feature", "geometry": {"type": "Point", "coordinates": [-118.466578, 33.984765]}, "properties": {"id": "ccc-1096", "name": "Canal Park"}}, {"type": "Feature", "geometry": {"type": "Point", "coordinates": [-118.459166, 33.972509]}, "properties": {"id": "ccc-1097", "name": "Ballona Lagoon Walkway"}}, {"type": "Feature", "geometry": {"type": "Point", "coordinates": [-118.455154, 33.965887]}, "properties": {"id": "ccc-1098", "name": "Aubrey E. Austin, Jr. Memorial Park"}}, {"type": "Feature", "geometry": {"type": "Point", "coordinates": [-118.448313, 33.968616]}, "properties": {"id": "ccc-1099", "name": "Marina del Rey Harbor"}}, {"type": "Feature", "geometry": {"type": "Point", "coordinates": [-118.458489, 33.981146]}, "properties": {"id": "ccc-1100", "name": "Mother's Beach"}}, {"type": "Feature", "geometry": {"type": "Point", "coordinates": [-118.45363, 33.983745]}, "properties": {"id": "ccc-1101", "name": "Dr. William A. Burke Promenade"}}, {"type": "Feature", "geometry": {"type": "Point", "coordinates": [-118.449483, 33.984684]}, "properties": {"id": "ccc-1102", "name": "Yvonne B. Burke Park"}}, {"type": "Feature", "geometry": {"type": "Point", "coordinates": [-118.44398, 33.97735]}, "properties": {"id": "ccc-1103", "name": "Burton Chace Park"}}, {"type": "Feature", "geometry": {"type": "Point", "coordinates": [-118.441221, 33.977641]}, "properties": {"id": "ccc-1104", "name": "Boat Launch Ramp (Marina del Rey)"}}, {"type": "Feature", "geometry": {"type": "Point", "coordinates": [-118.446199, 33.972838]}, "properties": {"id": "ccc-1105", "name": "Fisherman's Village"}}, {"type": "Feature", "geometry": {"type": "Point", "coordinates": [-118.431678, 33.971241]}, "properties": {"id": "ccc-1106", "name": "Ballona Wetlands"}}, {"type": "Feature", "geometry": {"type": "Point", "coordinates": [-118.449955, 33.959783]}, "properties": {"id": "ccc-1107", "name": "Del Rey Lagoon Park"}}, {"type": "Feature", "geometry": {"type": "Point", "coordinates": [-118.453984, 33.962024]}, "properties": {"id": "ccc-1108", "name": "Dockweiler State Beach (North)"}}, {"type": "Feature", "geometry": {"type": "Point", "coordinates": [-118.441451, 33.944538]}, "properties": {"id": "ccc-1109", "name": "Vista del Mar Park"}}, {"type": "Feature", "geometry": {"type": "Point", "coordinates": [-118.436873, 33.931068]}, "properties": {"id": "ccc-1110", "name": "Dockweiler State Beach"}}, {"type": "Feature", "geometry": {"type": "Point", "coordinates": [-118.433204, 33.926126]}, "properties": {"id": "ccc-1111", "name": "Dockweiler RV Park"}}, {"type": "Feature", "geometry": {"type": "Point", "coordinates": [-118.428698, 33.916333]}, "properties": {"id": "ccc-1112", "name": "El Segundo Beach"}}, {"type": "Feature", "geometry": {"type": "Point", "coordinates": [-118.422611, 33.904693]}, "properties": {"id": "ccc-1113", "name": "El Porto Beach"}}, {"type": "Feature", "geometry": {"type": "Point", "coordinates": [-118.412654, 33.898059]}, "properties": {"id": "ccc-1114", "name": "Sand Dune Park"}}, {"type": "Feature", "geometry": {"type": "Point", "coordinates": [-118.415577, 33.894292]}, "properties": {"id": "ccc-1115", "name": "Bruce's Beach"}}, {"type": "Feature", "geometry": {"type": "Point", "coordinates": [-118.41578, 33.890249]}, "properties": {"id": "ccc-1116", "name": "Manhattan Beach"}}, {"type": "Feature", "geometry": {"type": "Point", "coordinates": [-118.41249, 33.884124]}, "properties": {"id": "ccc-1117", "name": "Manhattan Beach Municipal Pier"}}, {"type": "Feature", "geometry": {"type": "Point", "coordinates": [-118.403052, 33.86463]}, "properties": {"id": "ccc-1118", "name": "Hermosa Beach"}}, {"type": "Feature", "geometry": {"type": "Point", "coordinates": [-118.401982, 33.861858]}, "properties": {"id": "ccc-1119", "name": "Hermosa Beach Municipal Pier"}}, {"type": "Feature", "geometry": {"type": "Point", "coordinates": [-118.401024, 33.861948]}, "properties": {"id": "ccc-1120", "name": "Los Angeles Surf City Hostel"}}, {"type": "Feature", "geometry": {"type": "Point", "coordinates": [-118.397091, 33.851618]}, "properties": {"id": "ccc-1121", "name": "SEA Lab"}}, {"type": "Feature", "geometry": {"type": "Point", "coordinates": [-118.398854, 33.845881]}, "properties": {"id": "ccc-1122", "name": "King Harbor"}}, {"type": "Feature", "geometry": {"type": "Point", "coordinates": [-118.394401, 33.844614]}, "properties": {"id": "ccc-1123", "name": "Seaside Lagoon"}}, {"type": "Feature", "geometry": {"type": "Point", "coordinates": [-118.393594, 33.843493]}, "properties": {"id": "ccc-1124", "name": "Redondo Sportfishing Pier"}}, {"type": "Feature", "geometry": {"type": "Point", "coordinates": [-118.39026, 33.84379]}, "properties": {"id": "ccc-1125", "name": "Plaza Park"}}, {"type": "Feature", "geometry": {"type": "Point", "coordinates": [-118.392004, 33.840941]}, "properties": {"id": "ccc-1126", "name": "Redondo Beach Municipal Pier"}}, {"type": "Feature", "geometry": {"type": "Point", "coordinates": [-118.391268, 33.839019]}, "properties": {"id": "ccc-1127", "name": "Monstad Pier"}}, {"type": "Feature", "geometry": {"type": "Point", "coordinates": [-118.388613, 33.837997]}, "properties": {"id": "ccc-1128", "name": "Veterans Park (Torrance Blvd.)"}}, {"type": "Feature", "geometry": {"type": "Point", "coordinates": [-118.390592, 33.826965]}, "properties": {"id": "ccc-1129", "name": "Redondo County Beach"}}, {"type": "Feature", "geometry": {"type": "Point", "coordinates": [-118.390101, 33.82564]}, "properties": {"id": "ccc-1130", "name": "Blufftop Walkway"}}, {"type": "Feature", "geometry": {"type": "Point", "coordinates": [-118.391767, 33.811746]}, "properties": {"id": "ccc-1131", "name": "Torrance County Beach"}}, {"type": "Feature", "geometry": {"type": "Point", "coordinates": [-118.390104, 33.81529]}, "properties": {"id": "ccc-1132", "name": "Miramar Park"}}, {"type": "Feature", "geometry": {"type": "Point", "coordinates": [-118.396059, 33.803235]}, "properties": {"id": "ccc-1133", "name": "Malaga Cove"}}, {"type": "Feature", "geometry": {"type": "Point", "coordinates": [-118.406581, 33.797596]}, "properties": {"id": "ccc-1134", "name": "Path to Bluff Cove (Palos Verdes Estates)"}}, {"type": "Feature", "geometry": {"type": "Point", "coordinates": [-118.41038, 33.788759]}, "properties": {"id": "ccc-1135", "name": "Overlook at Bluff Cove (Palos Verdes Estates)"}}, {"type": "Feature", "geometry": {"type": "Point", "coordinates": [-118.417661, 33.78625]}, "properties": {"id": "ccc-1136", "name": "Palos Verdes Estates Shoreline Preserve"}}, {"type": "Feature", "geometry": {"type": "Point", "coordinates": [-118.423662, 33.778289]}, "properties": {"id": "ccc-1137", "name": "Overlook (1900 block of Paseo del Mar)"}}, {"type": "Feature", "geometry": {"type": "Point", "coordinates": [-118.421389, 33.771489]}, "properties": {"id": "ccc-1138", "name": "Overlook (2300 block of Paseo del Mar)"}}, {"type": "Feature", "geometry": {"type": "Point", "coordinates": [-118.420735, 33.76595]}, "properties": {"id": "ccc-1139", "name": "Overlook (2800 block of Paseo del Mar)"}}, {"type": "Feature", "geometry": {"type": "Point", "coordinates": [-118.418396, 33.763712]}, "properties": {"id": "ccc-1140", "name": "Overlook (2850 block of Paseo del Mar)"}}, {"type": "Feature", "geometry": {"type": "Point", "coordinates": [-118.400047, 33.754403]}, "properties": {"id": "ccc-1141", "name": "Los Verdes Golf Course"}}, {"type": "Feature", "geometry": {"type": "Point", "coordinates": [-118.415208, 33.755717]}, "properties": {"id": "ccc-1142", "name": "Overlook (Rancho Palos Verdes)"}}, {"type": "Feature", "geometry": {"type": "Point", "coordinates": [-118.410859, 33.744656]}, "properties": {"id": "ccc-1143", "name": "Point Vicente Park"}}, {"type": "Feature", "geometry": {"type": "Point", "coordinates": [-118.410629, 33.74197]}, "properties": {"id": "ccc-1144", "name": "Point Vicente Lighthouse"}}, {"type": "Feature", "geometry": {"type": "Point", "coordinates": [-118.403308, 33.741677]}, "properties": {"id": "ccc-1145", "name": "Pelican Cove"}}, {"type": "Feature", "geometry": {"type": "Point", "coordinates": [-118.394219, 33.738759]}, "properties": {"id": "ccc-1146", "name": "Terranea Resort Access"}}, {"type": "Feature", "geometry": {"type": "Point", "coordinates": [-118.391572, 33.73995]}, "properties": {"id": "ccc-1147", "name": "Frank A. Vanderlip, Sr. Park"}}, {"type": "Feature", "geometry": {"type": "Point", "coordinates": [-118.381484, 33.743835]}, "properties": {"id": "ccc-1148", "name": "Abalone Cove Shoreline Park"}}, {"type": "Feature", "geometry": {"type": "Point", "coordinates": [-118.372796, 33.738407]}, "properties": {"id": "ccc-1149", "name": "Sacred Cove"}}, {"type": "Feature", "geometry": {"type": "Point", "coordinates": [-118.347477, 33.738089]}, "properties": {"id": "ccc-1150", "name": "Forrestal Ecological Reserve"}}, {"type": "Feature", "geometry": {"type": "Point", "coordinates": [-118.352272, 33.728633]}, "properties": {"id": "ccc-1151", "name": "Rancho Palos Verdes Beach"}}, {"type": "Feature", "geometry": {"type": "Point", "coordinates": [-118.35001, 33.728991]}, "properties": {"id": "ccc-1152", "name": "Founders Park"}}, {"type": "Feature", "geometry": {"type": "Point", "coordinates": [-118.349608, 33.730029]}, "properties": {"id": "ccc-1153", "name": "Trump National Golf Club"}}, {"type": "Feature", "geometry": {"type": "Point", "coordinates": [-118.348645, 33.727458]}, "properties": {"id": "ccc-1154", "name": "Ocean Trails Ecological Reserve"}}, {"type": "Feature", "geometry": {"type": "Point", "coordinates": [-118.339945, 33.728066]}, "properties": {"id": "ccc-1155", "name": "Lakeview Trail Access"}}, {"type": "Feature", "geometry": {"type": "Point", "coordinates": [-118.330436, 33.727302]}, "properties": {"id": "ccc-1156", "name": "Palos Verdes Shoreline Park"}}, {"type": "Feature", "geometry": {"type": "Point", "coordinates": [-118.31865, 33.733269]}, "properties": {"id": "ccc-1157", "name": "Deane Dana Friendship Regional Park"}}, {"type": "Feature", "geometry": {"type": "Point", "coordinates": [-118.322883, 33.718818]}, "properties": {"id": "ccc-1158", "name": "Royal Palms County Beach"}}, {"type": "Feature", "geometry": {"type": "Point", "coordinates": [-118.319514, 33.716382]}, "properties": {"id": "ccc-1159", "name": "White Point County Beach"}}, {"type": "Feature", "geometry": {"type": "Point", "coordinates": [-118.31808, 33.716317]}, "properties": {"id": "ccc-1160", "name": "White Point Bluff Park"}}, {"type": "Feature", "geometry": {"type": "Point", "coordinates": [-118.314766, 33.716148]}, "properties": {"id": "ccc-1161", "name": "White Point Nature Preserve"}}, {"type": "Feature", "geometry": {"type": "Point", "coordinates": [-118.305324, 33.712523]}, "properties": {"id": "ccc-1162", "name": "Shoreline Access (Barbara Street)"}}, {"type": "Feature", "geometry": {"type": "Point", "coordinates": [-118.301526, 33.710858]}, "properties": {"id": "ccc-1163", "name": "Shoreline Access (Meyler Street)"}}, {"type": "Feature", "geometry": {"type": "Point", "coordinates": [-118.293196, 33.710614]}, "properties": {"id": "ccc-1164", "name": "Angels Gate Park"}}, {"type": "Feature", "geometry": {"type": "Point", "coordinates": [-118.293689, 33.709865]}, "properties": {"id": "ccc-1165", "name": "Friendship Bell"}}, {"type": "Feature", "geometry": {"type": "Point", "coordinates": [-118.293609, 33.711302]}, "properties": {"id": "ccc-1166", "name": "Hostel Los Angeles South Bay"}}, {"type": "Feature", "geometry": {"type": "Point", "coordinates": [-118.296511, 33.713842]}, "properties": {"id": "ccc-1167", "name": "Marine Mammal Care Center"}}, {"type": "Feature", "geometry": {"type": "Point", "coordinates": [-118.295329, 33.709621]}, "properties": {"id": "ccc-1168", "name": "Joan Milke Flores Park"}}, {"type": "Feature", "geometry": {"type": "Point", "coordinates": [-118.294776, 33.707163]}, "properties": {"id": "ccc-1169", "name": "Point Fermin Park"}}, {"type": "Feature", "geometry": {"type": "Point", "coordinates": [-118.293825, 33.705739]}, "properties": {"id": "ccc-1170", "name": "Point Fermin Lighthouse"}}, {"type": "Feature", "geometry": {"type": "Point", "coordinates": [-118.292175, 33.71301]}, "properties": {"id": "ccc-1171", "name": "Lookout Point Park"}}, {"type": "Feature", "geometry": {"type": "Point", "coordinates": [-118.28362, 33.710469]}, "properties": {"id": "ccc-1172", "name": "Cabrillo Beach"}}, {"type": "Feature", "geometry": {"type": "Point", "coordinates": [-118.277327, 33.70809]}, "properties": {"id": "ccc-1173", "name": "Cabrillo Fishing Pier"}}, {"type": "Feature", "geometry": {"type": "Point", "coordinates": [-118.285459, 33.711263]}, "properties": {"id": "ccc-1174", "name": "Cabrillo Marine Aquarium"}}, {"type": "Feature", "geometry": {"type": "Point", "coordinates": [-118.28404, 33.713417]}, "properties": {"id": "ccc-1175", "name": "Cabrillo Beach Boat Ramp"}}, {"type": "Feature", "geometry": {"type": "Point", "coordinates": [-118.282816, 33.717006]}, "properties": {"id": "ccc-1176", "name": "Cabrillo Marina Boating Facilities"}}, {"type": "Feature", "geometry": {"type": "Point", "coordinates": [-118.276454, 33.731624]}, "properties": {"id": "ccc-1177", "name": "Ports O'Call Village"}}, {"type": "Feature", "geometry": {"type": "Point", "coordinates": [-118.269096, 33.718575]}, "properties": {"id": "ccc-1178", "name": "Los Angeles Harbor"}}, {"type": "Feature", "geometry": {"type": "Point", "coordinates": [-118.273154, 33.717203]}, "properties": {"id": "ccc-1179", "name": "S.S. Lane Victory"}}, {"type": "Feature", "geometry": {"type": "Point", "coordinates": [-118.275354, 33.719718]}, "properties": {"id": "ccc-1180", "name": "Cabrillo Way Marina"}}, {"type": "Feature", "geometry": {"type": "Point", "coordinates": [-118.279, 33.738866]}, "properties": {"id": "ccc-1181", "name": "Los Angeles Maritime Museum"}}, {"type": "Feature", "geometry": {"type": "Point", "coordinates": [-118.27957, 33.738884]}, "properties": {"id": "ccc-1182", "name": "John S. Gibson Jr. Park"}}, {"type": "Feature", "geometry": {"type": "Point", "coordinates": [-118.276916, 33.743207]}, "properties": {"id": "ccc-1183", "name": "U.S.S. Iowa"}}, {"type": "Feature", "geometry": {"type": "Point", "coordinates": [-118.276849, 33.749302]}, "properties": {"id": "ccc-1184", "name": "Cruise Ship Promenade"}}, {"type": "Feature", "geometry": {"type": "Point", "coordinates": [-118.274426, 33.750521]}, "properties": {"id": "ccc-1185", "name": "Catalina Terminal (San Pedro)"}}, {"type": "Feature", "geometry": {"type": "Point", "coordinates": [-118.189004, 33.746185]}, "properties": {"id": "ccc-1186", "name": "Fishing Access - Long Beach Harbor"}}, {"type": "Feature", "geometry": {"type": "Point", "coordinates": [-118.218776, 33.73865]}, "properties": {"id": "ccc-1187", "name": "Long Beach Harbor"}}, {"type": "Feature", "geometry": {"type": "Point", "coordinates": [-118.189931, 33.752982]}, "properties": {"id": "ccc-1188", "name": "Queen Mary"}}, {"type": "Feature", "geometry": {"type": "Point", "coordinates": [-118.193903, 33.756601]}, "properties": {"id": "ccc-1189", "name": "Queensway Bay"}}, {"type": "Feature", "geometry": {"type": "Point", "coordinates": [-118.198889, 33.76255]}, "properties": {"id": "ccc-1190", "name": "Catalina Terminal (Long Beach)"}}, {"type": "Feature", "geometry": {"type": "Point", "coordinates": [-118.201747, 33.759196]}, "properties": {"id": "ccc-1191", "name": "South Shore Launch Ramp"}}, {"type": "Feature", "geometry": {"type": "Point", "coordinates": [-118.19654, 33.762514]}, "properties": {"id": "ccc-1192", "name": "Aquarium of the Pacific"}}, {"type": "Feature", "geometry": {"type": "Point", "coordinates": [-118.203446, 33.763989]}, "properties": {"id": "ccc-1193", "name": "Golden Shore Marine Biological Reserve"}}, {"type": "Feature", "geometry": {"type": "Point", "coordinates": [-118.202182, 33.764497]}, "properties": {"id": "ccc-1194", "name": "Golden Shore RV Resort"}}, {"type": "Feature", "geometry": {"type": "Point", "coordinates": [-118.193418, 33.762242]}, "properties": {"id": "ccc-1195", "name": "Rainbow Harbor"}}, {"type": "Feature", "geometry": {"type": "Point", "coordinates": [-118.195915, 33.760581]}, "properties": {"id": "ccc-1196", "name": "Shoreline Park (Long Beach)"}}, {"type": "Feature", "geometry": {"type": "Point", "coordinates": [-118.191965, 33.760256]}, "properties": {"id": "ccc-1197", "name": "Shoreline Village"}}, {"type": "Feature", "geometry": {"type": "Point", "coordinates": [-118.184488, 33.759628]}, "properties": {"id": "ccc-1198", "name": "Long Beach Shoreline Marina"}}, {"type": "Feature", "geometry": {"type": "Point", "coordinates": [-118.176066, 33.763737]}, "properties": {"id": "ccc-1199", "name": "Long Beach City Beach"}}, {"type": "Feature", "geometry": {"type": "Point", "coordinates": [-118.167177, 33.765548]}, "properties": {"id": "ccc-1200", "name": "Bixby Park"}}, {"type": "Feature", "geometry": {"type": "Point", "coordinates": [-118.164788, 33.762552]}, "properties": {"id": "ccc-1201", "name": "Long Beach City Beach (Junipero Avenue)"}}, {"type": "Feature", "geometry": {"type": "Point", "coordinates": [-118.158132, 33.761927]}, "properties": {"id": "ccc-1202", "name": "Bluff Park"}}, {"type": "Feature", "geometry": {"type": "Point", "coordinates": [-118.147848, 33.758807]}, "properties": {"id": "ccc-1203", "name": "Belmont Veterans Memorial Pier"}}, {"type": "Feature", "geometry": {"type": "Point", "coordinates": [-118.144756, 33.757657]}, "properties": {"id": "ccc-1204", "name": "Belmont Plaza Olympic Pool"}}, {"type": "Feature", "geometry": {"type": "Point", "coordinates": [-118.139028, 33.756032]}, "properties": {"id": "ccc-1205", "name": "Belmont Shore (Granada Avenue)"}}, {"type": "Feature", "geometry": {"type": "Point", "coordinates": [-118.137766, 33.754287]}, "properties": {"id": "ccc-1206", "name": "Belmont Shore"}}, {"type": "Feature", "geometry": {"type": "Point", "coordinates": [-118.126456, 33.749232]}, "properties": {"id": "ccc-1207", "name": "Alamitos Peninsula"}}, {"type": "Feature", "geometry": {"type": "Point", "coordinates": [-118.128389, 33.751775]}, "properties": {"id": "ccc-1208", "name": "Bay Shore Walk"}}, {"type": "Feature", "geometry": {"type": "Point", "coordinates": [-118.116372, 33.748845]}, "properties": {"id": "ccc-1209", "name": "Alamitos Bay"}}, {"type": "Feature", "geometry": {"type": "Point", "coordinates": [-118.124061, 33.752998]}, "properties": {"id": "ccc-1210", "name": "Naples"}}, {"type": "Feature", "geometry": {"type": "Point", "coordinates": [-118.120552, 33.758259]}, "properties": {"id": "ccc-1211", "name": "Marine Park"}}, {"type": "Feature", "geometry": {"type": "Point", "coordinates": [-118.125133, 33.765591]}, "properties": {"id": "ccc-1212", "name": "Marine Stadium"}}, {"type": "Feature", "geometry": {"type": "Point", "coordinates": [-118.120548, 33.761784]}, "properties": {"id": "ccc-1213", "name": "Jack Dunster Marine Biological Reserve"}}, {"type": "Feature", "geometry": {"type": "Point", "coordinates": [-118.116186, 33.76343]}, "properties": {"id": "ccc-1214", "name": "Jack Nichol Park"}}, {"type": "Feature", "geometry": {"type": "Point", "coordinates": [-118.132804, 33.772904]}, "properties": {"id": "ccc-1215", "name": "Colorado Lagoon"}}, {"type": "Feature", "geometry": {"type": "Point", "coordinates": [-118.110715, 33.751913]}, "properties": {"id": "ccc-1216", "name": "Alamitos Bay Marina"}}, {"type": "Feature", "geometry": {"type": "Point", "coordinates": [-118.33058, 33.354485]}, "properties": {"id": "ccc-1217", "name": "Hamilton Cove"}}, {"type": "Feature", "geometry": {"type": "Point", "coordinates": [-118.328505, 33.350676]}, "properties": {"id": "ccc-1218", "name": "Descanso Beach"}}, {"type": "Feature", "geometry": {"type": "Point", "coordinates": [-118.324643, 33.348894]}, "properties": {"id": "ccc-1219", "name": "Casino Point Marine Park"}}, {"type": "Feature", "geometry": {"type": "Point", "coordinates": [-118.325093, 33.3436]}, "properties": {"id": "ccc-1220", "name": "Pleasure Pier"}}, {"type": "Feature", "geometry": {"type": "Point", "coordinates": [-118.322807, 33.34508]}, "properties": {"id": "ccc-1221", "name": "Avalon Bay"}}, {"type": "Feature", "geometry": {"type": "Point", "coordinates": [-118.325254, 33.343692]}, "properties": {"id": "ccc-1222", "name": "Crescent Beach"}}, {"type": "Feature", "geometry": {"type": "Point", "coordinates": [-118.337432, 33.329894]}, "properties": {"id": "ccc-1223", "name": "Nature Center at Avalon Canyon"}}, {"type": "Feature", "geometry": {"type": "Point", "coordinates": [-118.338254, 33.329473]}, "properties": {"id": "ccc-1224", "name": "Hermit Gulch Campground"}}, {"type": "Feature", "geometry": {"type": "Point", "coordinates": [-118.340135, 33.326739]}, "properties": {"id": "ccc-1225", "name": "Wrigley Memorial and Botanical Garden"}}, {"type": "Feature", "geometry": {"type": "Point", "coordinates": [-118.54939, 33.47301]}, "properties": {"id": "ccc-1226", "name": "Parson's Landing Campground"}}, {"type": "Feature", "geometry": {"type": "Point", "coordinates": [-118.492083, 33.441423]}, "properties": {"id": "ccc-1227", "name": "Two Harbors Campground"}}, {"type": "Feature", "geometry": {"type": "Point", "coordinates": [-118.500027, 33.43933]}, "properties": {"id": "ccc-1228", "name": "Two Harbors Isthmus"}}, {"type": "Feature", "geometry": {"type": "Point", "coordinates": [-118.472952, 33.385555]}, "properties": {"id": "ccc-1229", "name": "Little Harbor Campground"}}, {"type": "Feature", "geometry": {"type": "Point", "coordinates": [-118.481028, 33.368066]}, "properties": {"id": "ccc-1230", "name": "Ben Weston Beach"}}, {"type": "Feature", "geometry": {"type": "Point", "coordinates": [-118.41625, 33.404176]}, "properties": {"id": "ccc-1231", "name": "Airport-In-The-Sky"}}, {"type": "Feature", "geometry": {"type": "Point", "coordinates": [-118.406291, 33.385653]}, "properties": {"id": "ccc-1232", "name": "Black Jack Campground"}}, {"type": "Feature", "geometry": {"type": "Point", "coordinates": [-118.360702, 33.355005]}, "properties": {"id": "ccc-1233", "name": "Haypress Picnic Area"}}, {"type": "Feature", "geometry": {"type": "Point", "coordinates": [-118.109428, 33.740726]}, "properties": {"id": "ccc-1234", "name": "Seal Beach"}}, {"type": "Feature", "geometry": {"type": "Point", "coordinates": [-118.106377, 33.739218]}, "properties": {"id": "ccc-1235", "name": "Seal Beach Pier"}}, {"type": "Feature", "geometry": {"type": "Point", "coordinates": [-118.10969, 33.749188]}, "properties": {"id": "ccc-1236", "name": "San Gabriel River Trail"}}, {"type": "Feature", "geometry": {"type": "Point", "coordinates": [-118.079678, 33.723568]}, "properties": {"id": "ccc-1237", "name": "Surfside Beach"}}, {"type": "Feature", "geometry": {"type": "Point", "coordinates": [-118.082319, 33.728119]}, "properties": {"id": "ccc-1238", "name": "Boardwalk and viewpoint"}}, {"type": "Feature", "geometry": {"type": "Point", "coordinates": [-118.077265, 33.724983]}, "properties": {"id": "ccc-1239", "name": "Waterfront walkway"}}, {"type": "Feature", "geometry": {"type": "Point", "coordinates": [-118.073476, 33.717868]}, "properties": {"id": "ccc-1240", "name": "Sunset Beach"}}, {"type": "Feature", "geometry": {"type": "Point", "coordinates": [-118.063674, 33.72001]}, "properties": {"id": "ccc-1241", "name": "Huntington Harbour"}}, {"type": "Feature", "geometry": {"type": "Point", "coordinates": [-118.055463, 33.712124]}, "properties": {"id": "ccc-1242", "name": "Warner Avenue Access"}}, {"type": "Feature", "geometry": {"type": "Point", "coordinates": [-118.067752, 33.723633]}, "properties": {"id": "ccc-1243", "name": "French Park"}}, {"type": "Feature", "geometry": {"type": "Point", "coordinates": [-118.065777, 33.726517]}, "properties": {"id": "ccc-1244", "name": "Trinidad Park"}}, {"type": "Feature", "geometry": {"type": "Point", "coordinates": [-118.071837, 33.726678]}, "properties": {"id": "ccc-1245", "name": "Seabridge Park"}}, {"type": "Feature", "geometry": {"type": "Point", "coordinates": [-118.072491, 33.729638]}, "properties": {"id": "ccc-1246", "name": "Sunset Aquatic Marina"}}, {"type": "Feature", "geometry": {"type": "Point", "coordinates": [-118.06149, 33.711348]}, "properties": {"id": "ccc-1247", "name": "Bolsa Chica Interpretive Center"}}, {"type": "Feature", "geometry": {"type": "Point", "coordinates": [-118.060734, 33.707662]}, "properties": {"id": "ccc-1248", "name": "Bolsa Chica State Beach"}}, {"type": "Feature", "geometry": {"type": "Point", "coordinates": [-118.046719, 33.695575]}, "properties": {"id": "ccc-1249", "name": "Bolsa Chica Ecological Reserve"}}, {"type": "Feature", "geometry": {"type": "Point", "coordinates": [-118.044305, 33.692133]}, "properties": {"id": "ccc-1250", "name": "Bolsa Chica State Beach Campground"}}, {"type": "Feature", "geometry": {"type": "Point", "coordinates": [-118.028063, 33.675997]}, "properties": {"id": "ccc-1251", "name": "Dog Beach (Huntington Beach)"}}, {"type": "Feature", "geometry": {"type": "Point", "coordinates": [-118.00409, 33.657853]}, "properties": {"id": "ccc-1252", "name": "Huntington City Beach (6th Street)"}}, {"type": "Feature", "geometry": {"type": "Point", "coordinates": [-118.000741, 33.659175]}, "properties": {"id": "ccc-1253", "name": "Huntington Beach International Surfing Museum"}}, {"type": "Feature", "geometry": {"type": "Point", "coordinates": [-118.002388, 33.656809]}, "properties": {"id": "ccc-1254", "name": "Huntington Beach Pier"}}, {"type": "Feature", "geometry": {"type": "Point", "coordinates": [-117.992591, 33.649946]}, "properties": {"id": "ccc-1255", "name": "Huntington City Beach"}}, {"type": "Feature", "geometry": {"type": "Point", "coordinates": [-117.979774, 33.64376]}, "properties": {"id": "ccc-1256", "name": "Wetlands and Wildlife Care Center"}}, {"type": "Feature", "geometry": {"type": "Point", "coordinates": [-117.962506, 33.636579]}, "properties": {"id": "ccc-1257", "name": "Huntington Beach Wetlands / Talbert Marsh"}}, {"type": "Feature", "geometry": {"type": "Point", "coordinates": [-117.974031, 33.639216]}, "properties": {"id": "ccc-1258", "name": "Huntington State Beach"}}, {"type": "Feature", "geometry": {"type": "Point", "coordinates": [-117.957308, 33.632934]}, "properties": {"id": "ccc-1259", "name": "Santa Ana River Trail"}}, {"type": "Feature", "geometry": {"type": "Point", "coordinates": [-117.956851, 33.628985]}, "properties": {"id": "ccc-1260", "name": "Santa Ana River Mouth Beach"}}, {"type": "Feature", "geometry": {"type": "Point", "coordinates": [-117.939854, 33.619853]}, "properties": {"id": "ccc-1261", "name": "West Newport Beach"}}, {"type": "Feature", "geometry": {"type": "Point", "coordinates": [-117.936942, 33.621044]}, "properties": {"id": "ccc-1262", "name": "Channel Place Park"}}, {"type": "Feature", "geometry": {"type": "Point", "coordinates": [-117.934237, 33.618917]}, "properties": {"id": "ccc-1263", "name": "Newport Island Park"}}, {"type": "Feature", "geometry": {"type": "Point", "coordinates": [-117.926474, 33.616505]}, "properties": {"id": "ccc-1264", "name": "Lido Park"}}, {"type": "Feature", "geometry": {"type": "Point", "coordinates": [-117.935613, 33.616085]}, "properties": {"id": "ccc-1265", "name": "Oceanfront Walk"}}, {"type": "Feature", "geometry": {"type": "Point", "coordinates": [-117.928825, 33.607705]}, "properties": {"id": "ccc-1266", "name": "Newport Pier"}}, {"type": "Feature", "geometry": {"type": "Point", "coordinates": [-117.915307, 33.603904]}, "properties": {"id": "ccc-1267", "name": "Balboa Beach"}}, {"type": "Feature", "geometry": {"type": "Point", "coordinates": [-117.900076, 33.600712]}, "properties": {"id": "ccc-1268", "name": "Balboa Pier"}}, {"type": "Feature", "geometry": {"type": "Point", "coordinates": [-117.924821, 33.608704]}, "properties": {"id": "ccc-1269", "name": "Las Arenas Beach"}}, {"type": "Feature", "geometry": {"type": "Point", "coordinates": [-117.912996, 33.606266]}, "properties": {"id": "ccc-1270", "name": "10th Street Beach"}}, {"type": "Feature", "geometry": {"type": "Point", "coordinates": [-117.904588, 33.605799]}, "properties": {"id": "ccc-1271", "name": "Montero Beach"}}, {"type": "Feature", "geometry": {"type": "Point", "coordinates": [-117.921133, 33.609704]}, "properties": {"id": "ccc-1272", "name": "Newport Harbor"}}, {"type": "Feature", "geometry": {"type": "Point", "coordinates": [-117.899456, 33.610068]}, "properties": {"id": "ccc-1273", "name": "Beacon Bay Beach"}}, {"type": "Feature", "geometry": {"type": "Point", "coordinates": [-117.88982, 33.606879]}, "properties": {"id": "ccc-1274", "name": "Balboa Island"}}, {"type": "Feature", "geometry": {"type": "Point", "coordinates": [-117.90052, 33.60307]}, "properties": {"id": "ccc-1275", "name": "ExplorOcean"}}, {"type": "Feature", "geometry": {"type": "Point", "coordinates": [-117.899047, 33.602577]}, "properties": {"id": "ccc-1276", "name": "Balboa Pavilion"}}, {"type": "Feature", "geometry": {"type": "Point", "coordinates": [-117.899483, 33.600823]}, "properties": {"id": "ccc-1277", "name": "Peninsula Park"}}, {"type": "Feature", "geometry": {"type": "Point", "coordinates": [-117.886896, 33.599767]}, "properties": {"id": "ccc-1278", "name": "Bay Beaches"}}, {"type": "Feature", "geometry": {"type": "Point", "coordinates": [-117.899322, 33.602842]}, "properties": {"id": "ccc-1279", "name": "Bayfront Walkway"}}, {"type": "Feature", "geometry": {"type": "Point", "coordinates": [-117.882025, 33.595579]}, "properties": {"id": "ccc-1280", "name": "West Jetty View Park"}}, {"type": "Feature", "geometry": {"type": "Point", "coordinates": [-117.882999, 33.602561]}, "properties": {"id": "ccc-1281", "name": "Bayside Drive County Beach"}}, {"type": "Feature", "geometry": {"type": "Point", "coordinates": [-117.879167, 33.596891]}, "properties": {"id": "ccc-1282", "name": "China Cove Beach"}}, {"type": "Feature", "geometry": {"type": "Point", "coordinates": [-117.878073, 33.595166]}, "properties": {"id": "ccc-1283", "name": "Pirates Cove"}}, {"type": "Feature", "geometry": {"type": "Point", "coordinates": [-117.876799, 33.594004]}, "properties": {"id": "ccc-1284", "name": "Corona del Mar State Beach"}}, {"type": "Feature", "geometry": {"type": "Point", "coordinates": [-117.871383, 33.592329]}, "properties": {"id": "ccc-1285", "name": "Inspiration Point"}}, {"type": "Feature", "geometry": {"type": "Point", "coordinates": [-117.869376, 33.590144]}, "properties": {"id": "ccc-1286", "name": "Little Corona del Mar Beach"}}, {"type": "Feature", "geometry": {"type": "Point", "coordinates": [-117.905907, 33.619042]}, "properties": {"id": "ccc-1287", "name": "Castaways Park"}}, {"type": "Feature", "geometry": {"type": "Point", "coordinates": [-117.908213, 33.623089]}, "properties": {"id": "ccc-1288", "name": "Environmental Nature Center"}}, {"type": "Feature", "geometry": {"type": "Point", "coordinates": [-117.898741, 33.621942]}, "properties": {"id": "ccc-1289", "name": "Westcliff Park"}}, {"type": "Feature", "geometry": {"type": "Point", "coordinates": [-117.893525, 33.625315]}, "properties": {"id": "ccc-1290", "name": "Newport Aquatic Center at North Star Beach"}}, {"type": "Feature", "geometry": {"type": "Point", "coordinates": [-117.89073, 33.627776]}, "properties": {"id": "ccc-1291", "name": "Galaxy Park"}}, {"type": "Feature", "geometry": {"type": "Point", "coordinates": [-117.887284, 33.642359]}, "properties": {"id": "ccc-1292", "name": "Upper Newport Bay Ecological Reserve"}}, {"type": "Feature", "geometry": {"type": "Point", "coordinates": [-117.885033, 33.653338]}, "properties": {"id": "ccc-1293", "name": "Peter and Mary Muth Interpretive Center"}}, {"type": "Feature", "geometry": {"type": "Point", "coordinates": [-117.870764, 33.645175]}, "properties": {"id": "ccc-1294", "name": "Vista Point (Upper Newport Bay)"}}, {"type": "Feature", "geometry": {"type": "Point", "coordinates": [-117.892569, 33.615432]}, "properties": {"id": "ccc-1295", "name": "Newport Dunes Waterfront Resort and Marina"}}, {"type": "Feature", "geometry": {"type": "Point", "coordinates": [-117.891411, 33.613656]}, "properties": {"id": "ccc-1296", "name": "Back Bay View Park"}}, {"type": "Feature", "geometry": {"type": "Point", "coordinates": [-117.891341, 33.620978]}, "properties": {"id": "ccc-1297", "name": "Back Bay Science Center"}}, {"type": "Feature", "geometry": {"type": "Point", "coordinates": [-117.849215, 33.582703]}, "properties": {"id": "ccc-1298", "name": "Crystal Cove State Park (Pelican Point)"}}, {"type": "Feature", "geometry": {"type": "Point", "coordinates": [-117.839919, 33.573673]}, "properties": {"id": "ccc-1299", "name": "Crystal Cove State Park"}}, {"type": "Feature", "geometry": {"type": "Point", "coordinates": [-117.840356, 33.574948]}, "properties": {"id": "ccc-1300", "name": "Crystal Cove Historic District"}}, {"type": "Feature", "geometry": {"type": "Point", "coordinates": [-117.830338, 33.566602]}, "properties": {"id": "ccc-1301", "name": "Crystal Cove State Park (Reef Point)"}}, {"type": "Feature", "geometry": {"type": "Point", "coordinates": [-117.822281, 33.56647]}, "properties": {"id": "ccc-1302", "name": "El Moro Visitor Center"}}, {"type": "Feature", "geometry": {"type": "Point", "coordinates": [-117.821762, 33.561231]}, "properties": {"id": "ccc-1303", "name": "Moro Canyon"}}, {"type": "Feature", "geometry": {"type": "Point", "coordinates": [-117.764854, 33.566501]}, "properties": {"id": "ccc-1304", "name": "Laguna Coast Wilderness Park"}}, {"type": "Feature", "geometry": {"type": "Point", "coordinates": [-117.803866, 33.54976]}, "properties": {"id": "ccc-1305", "name": "Smithcliffs View Park"}}, {"type": "Feature", "geometry": {"type": "Point", "coordinates": [-117.802013, 33.547255]}, "properties": {"id": "ccc-1306", "name": "Crescent Bay"}}, {"type": "Feature", "geometry": {"type": "Point", "coordinates": [-117.803819, 33.546791]}, "properties": {"id": "ccc-1307", "name": "Crescent Bay Point Park"}}, {"type": "Feature", "geometry": {"type": "Point", "coordinates": [-117.798236, 33.546491]}, "properties": {"id": "ccc-1308", "name": "Shaw's Cove"}}, {"type": "Feature", "geometry": {"type": "Point", "coordinates": [-117.794874, 33.545359]}, "properties": {"id": "ccc-1309", "name": "Fisherman's Cove"}}, {"type": "Feature", "geometry": {"type": "Point", "coordinates": [-117.79476, 33.545162]}, "properties": {"id": "ccc-1310", "name": "Divers Cove"}}, {"type": "Feature", "geometry": {"type": "Point", "coordinates": [-117.793419, 33.544608]}, "properties": {"id": "ccc-1311", "name": "Picnic Beach"}}, {"type": "Feature", "geometry": {"type": "Point", "coordinates": [-117.791029, 33.543819]}, "properties": {"id": "ccc-1312", "name": "Heisler Park"}}, {"type": "Feature", "geometry": {"type": "Point", "coordinates": [-117.790514, 33.543416]}, "properties": {"id": "ccc-1313", "name": "Rockpile Beach"}}, {"type": "Feature", "geometry": {"type": "Point", "coordinates": [-117.785489, 33.542156]}, "properties": {"id": "ccc-1314", "name": "Main Beach (Laguna Beach)"}}, {"type": "Feature", "geometry": {"type": "Point", "coordinates": [-117.76247, 33.57309]}, "properties": {"id": "ccc-1315", "name": "Pacific Marine Mammal Center"}}, {"type": "Feature", "geometry": {"type": "Point", "coordinates": [-117.780594, 33.537125]}, "properties": {"id": "ccc-1316", "name": "Central Laguna Beaches - Sleepy Hollow Ln. to Thalia St."}}, {"type": "Feature", "geometry": {"type": "Point", "coordinates": [-117.778499, 33.534528]}, "properties": {"id": "ccc-1317", "name": "Central Laguna Beaches - Anita St. to Pearl St."}}, {"type": "Feature", "geometry": {"type": "Point", "coordinates": [-117.770485, 33.526588]}, "properties": {"id": "ccc-1318", "name": "Wood's Cove"}}, {"type": "Feature", "geometry": {"type": "Point", "coordinates": [-117.769543, 33.52605]}, "properties": {"id": "ccc-1319", "name": "Ruby Street Park"}}, {"type": "Feature", "geometry": {"type": "Point", "coordinates": [-117.768686, 33.525413]}, "properties": {"id": "ccc-1320", "name": "Moss Point"}}, {"type": "Feature", "geometry": {"type": "Point", "coordinates": [-117.78129, 33.539553]}, "properties": {"id": "ccc-1321", "name": "611 Coast Hwy. Beach Access"}}, {"type": "Feature", "geometry": {"type": "Point", "coordinates": [-117.763609, 33.52054]}, "properties": {"id": "ccc-1322", "name": "Victoria Beach"}}, {"type": "Feature", "geometry": {"type": "Point", "coordinates": [-117.755711, 33.51344]}, "properties": {"id": "ccc-1323", "name": "Treasure Island Park"}}, {"type": "Feature", "geometry": {"type": "Point", "coordinates": [-117.756834, 33.513577]}, "properties": {"id": "ccc-1324", "name": "Treasure Island Beach"}}, {"type": "Feature", "geometry": {"type": "Point", "coordinates": [-117.751923, 33.509368]}, "properties": {"id": "ccc-1325", "name": "Aliso Beach Park"}}, {"type": "Feature", "geometry": {"type": "Point", "coordinates": [-117.750605, 33.507008]}, "properties": {"id": "ccc-1326", "name": "Camel Point Beach Access #1"}}, {"type": "Feature", "geometry": {"type": "Point", "coordinates": [-117.749597, 33.507783]}, "properties": {"id": "ccc-1327", "name": "Camel Point Beach Access #2"}}, {"type": "Feature", "geometry": {"type": "Point", "coordinates": [-117.749052, 33.507397]}, "properties": {"id": "ccc-1328", "name": "Camel Point Beach Access #3"}}, {"type": "Feature", "geometry": {"type": "Point", "coordinates": [-117.747944, 33.504423]}, "properties": {"id": "ccc-1329", "name": "West Street Beach"}}, {"type": "Feature", "geometry": {"type": "Point", "coordinates": [-117.74656, 33.502285]}, "properties": {"id": "ccc-1330", "name": "Table Rock Beach"}}, {"type": "Feature", "geometry": {"type": "Point", "coordinates": [-117.74027, 33.498261]}, "properties": {"id": "ccc-1331", "name": "Thousand Steps Beach"}}, {"type": "Feature", "geometry": {"type": "Point", "coordinates": [-117.718174, 33.552135]}, "properties": {"id": "ccc-1332", "name": "Aliso and Wood Canyons Wilderness Park"}}, {"type": "Feature", "geometry": {"type": "Point", "coordinates": [-117.721919, 33.476079]}, "properties": {"id": "ccc-1333", "name": "Salt Creek Beach Park"}}, {"type": "Feature", "geometry": {"type": "Point", "coordinates": [-117.718125, 33.475583]}, "properties": {"id": "ccc-1334", "name": "Blufftop Path (Ritz-Carlton Hotel)"}}, {"type": "Feature", "geometry": {"type": "Point", "coordinates": [-117.716273, 33.466384]}, "properties": {"id": "ccc-1335", "name": "Strand Beach"}}, {"type": "Feature", "geometry": {"type": "Point", "coordinates": [-117.714647, 33.460868]}, "properties": {"id": "ccc-1336", "name": "Dana Point Headlands"}}, {"type": "Feature", "geometry": {"type": "Point", "coordinates": [-117.711364, 33.461608]}, "properties": {"id": "ccc-1337", "name": "Nature Interpretive Center"}}, {"type": "Feature", "geometry": {"type": "Point", "coordinates": [-117.706587, 33.463719]}, "properties": {"id": "ccc-1338", "name": "Ken Sampson Lookout"}}, {"type": "Feature", "geometry": {"type": "Point", "coordinates": [-117.70433, 33.46269]}, "properties": {"id": "ccc-1339", "name": "Baby Beach"}}, {"type": "Feature", "geometry": {"type": "Point", "coordinates": [-117.697063, 33.462911]}, "properties": {"id": "ccc-1340", "name": "Heritage Park"}}, {"type": "Feature", "geometry": {"type": "Point", "coordinates": [-117.692986, 33.463198]}, "properties": {"id": "ccc-1341", "name": "Lantern Bay Park"}}, {"type": "Feature", "geometry": {"type": "Point", "coordinates": [-117.692512, 33.460714]}, "properties": {"id": "ccc-1342", "name": "Dana Point Harbor"}}, {"type": "Feature", "geometry": {"type": "Point", "coordinates": [-117.692016, 33.460124]}, "properties": {"id": "ccc-1343", "name": "Catalina Express Terminal"}}, {"type": "Feature", "geometry": {"type": "Point", "coordinates": [-117.700003, 33.458415]}, "properties": {"id": "ccc-1344", "name": "Dana Point Harbor Linear Park"}}, {"type": "Feature", "geometry": {"type": "Point", "coordinates": [-117.706747, 33.461342]}, "properties": {"id": "ccc-1345", "name": "Ocean Institute"}}, {"type": "Feature", "geometry": {"type": "Point", "coordinates": [-117.686164, 33.462436]}, "properties": {"id": "ccc-1346", "name": "Doheny State Beach"}}, {"type": "Feature", "geometry": {"type": "Point", "coordinates": [-117.677306, 33.462018]}, "properties": {"id": "ccc-1347", "name": "Louise Leyden Park"}}, {"type": "Feature", "geometry": {"type": "Point", "coordinates": [-117.668552, 33.455112]}, "properties": {"id": "ccc-1348", "name": "Capistrano Beach Park"}}, {"type": "Feature", "geometry": {"type": "Point", "coordinates": [-117.64511, 33.440618]}, "properties": {"id": "ccc-1349", "name": "Poche Beach"}}, {"type": "Feature", "geometry": {"type": "Point", "coordinates": [-117.63127, 33.431793]}, "properties": {"id": "ccc-1350", "name": "Ole Hanson Beach Club"}}, {"type": "Feature", "geometry": {"type": "Point", "coordinates": [-117.631455, 33.430503]}, "properties": {"id": "ccc-1351", "name": "San Clemente City Beach"}}, {"type": "Feature", "geometry": {"type": "Point", "coordinates": [-117.628404, 33.429053]}, "properties": {"id": "ccc-1352", "name": "San Clemente Beach Trail Access - Dije Court"}}, {"type": "Feature", "geometry": {"type": "Point", "coordinates": [-117.627339, 33.427381]}, "properties": {"id": "ccc-1353", "name": "San Clemente City Beach - West El Portal"}}, {"type": "Feature", "geometry": {"type": "Point", "coordinates": [-117.624508, 33.425143]}, "properties": {"id": "ccc-1354", "name": "San Clemente Beach Trail Access - West Mariposa"}}, {"type": "Feature", "geometry": {"type": "Point", "coordinates": [-117.611668, 33.411689]}, "properties": {"id": "ccc-1355", "name": "Leslie Park"}}, {"type": "Feature", "geometry": {"type": "Point", "coordinates": [-117.623371, 33.42306]}, "properties": {"id": "ccc-1356", "name": "San Clemente Beach Trail"}}, {"type": "Feature", "geometry": {"type": "Point", "coordinates": [-117.622536, 33.423262]}, "properties": {"id": "ccc-1357", "name": "Linda Lane City Park"}}, {"type": "Feature", "geometry": {"type": "Point", "coordinates": [-117.621717, 33.42358]}, "properties": {"id": "ccc-1358", "name": "Linda Lane Blufftop View Area"}}, {"type": "Feature", "geometry": {"type": "Point", "coordinates": [-117.620987, 33.422553]}, "properties": {"id": "ccc-1359", "name": "San Clemente City Beach - Corto Lane"}}, {"type": "Feature", "geometry": {"type": "Point", "coordinates": [-117.620202, 33.419557]}, "properties": {"id": "ccc-1360", "name": "San Clemente Municipal Pier"}}, {"type": "Feature", "geometry": {"type": "Point", "coordinates": [-117.61696, 33.416551]}, "properties": {"id": "ccc-1361", "name": "San Clemente City Beach - Avenida Esplanade"}}, {"type": "Feature", "geometry": {"type": "Point", "coordinates": [-117.6102, 33.411222]}, "properties": {"id": "ccc-1362", "name": "San Clemente Beach Trail Access - Calle Los Alamos"}}, {"type": "Feature", "geometry": {"type": "Point", "coordinates": [-117.608946, 33.408706]}, "properties": {"id": "ccc-1363", "name": "San Clemente City Beach - Plaza a la Playa"}}, {"type": "Feature", "geometry": {"type": "Point", "coordinates": [-117.606237, 33.405504]}, "properties": {"id": "ccc-1364", "name": "Calafia Beach Park"}}, {"type": "Feature", "geometry": {"type": "Point", "coordinates": [-117.602689, 33.402724]}, "properties": {"id": "ccc-1365", "name": "San Clemente State Beach"}}, {"type": "Feature", "geometry": {"type": "Point", "coordinates": [-117.58599, 33.406524]}, "properties": {"id": "ccc-1366", "name": "San Mateo Campground"}}, {"type": "Feature", "geometry": {"type": "Point", "coordinates": [-117.59594, 33.387082]}, "properties": {"id": "ccc-1367", "name": "Trestles Beach"}}, {"type": "Feature", "geometry": {"type": "Point", "coordinates": [-117.567193, 33.374222]}, "properties": {"id": "ccc-1368", "name": "San Onofre Surf Beach"}}, {"type": "Feature", "geometry": {"type": "Point", "coordinates": [-117.518998, 33.343835]}, "properties": {"id": "ccc-1369", "name": "Bluffs Beach"}}, {"type": "Feature", "geometry": {"type": "Point", "coordinates": [-117.529628, 33.354427]}, "properties": {"id": "ccc-1370", "name": "Bicycle Route (San Onofre)"}}, {"type": "Feature", "geometry": {"type": "Point", "coordinates": [-117.482386, 33.313925]}, "properties": {"id": "ccc-1371", "name": "Las Flores Viewpoint"}}, {"type": "Feature", "geometry": {"type": "Point", "coordinates": [-117.44366, 33.272785]}, "properties": {"id": "ccc-1372", "name": "Aliso Creek Roadside Rest"}}, {"type": "Feature", "geometry": {"type": "Point", "coordinates": [-117.395222, 33.207833]}, "properties": {"id": "ccc-1373", "name": "Oceanside Harbor"}}, {"type": "Feature", "geometry": {"type": "Point", "coordinates": [-117.394544, 33.205538]}, "properties": {"id": "ccc-1374", "name": "Harbor Beach (Oceanside)"}}, {"type": "Feature", "geometry": {"type": "Point", "coordinates": [-117.387199, 33.203576]}, "properties": {"id": "ccc-1375", "name": "San Luis Rey River Trail"}}, {"type": "Feature", "geometry": {"type": "Point", "coordinates": [-117.386494, 33.196821]}, "properties": {"id": "ccc-1376", "name": "Oceanside City Beach (Surfrider Way)"}}, {"type": "Feature", "geometry": {"type": "Point", "coordinates": [-117.385178, 33.195272]}, "properties": {"id": "ccc-1377", "name": "Oceanside City Beach"}}, {"type": "Feature", "geometry": {"type": "Point", "coordinates": [-117.382404, 33.192713]}, "properties": {"id": "ccc-1378", "name": "Linear Park and Tyson St. Park"}}, {"type": "Feature", "geometry": {"type": "Point", "coordinates": [-117.384698, 33.194107]}, "properties": {"id": "ccc-1379", "name": "Oceanside Pier"}}, {"type": "Feature", "geometry": {"type": "Point", "coordinates": [-117.381446, 33.19619]}, "properties": {"id": "ccc-1380", "name": "California Surf Museum"}}, {"type": "Feature", "geometry": {"type": "Point", "coordinates": [-117.377323, 33.186021]}, "properties": {"id": "ccc-1381", "name": "Oceanside City Beach (Wisconsin Avenue)"}}, {"type": "Feature", "geometry": {"type": "Point", "coordinates": [-117.367965, 33.17742]}, "properties": {"id": "ccc-1382", "name": "Buccaneer Park"}}, {"type": "Feature", "geometry": {"type": "Point", "coordinates": [-117.365967, 33.172914]}, "properties": {"id": "ccc-1383", "name": "South Oceanside Beach"}}, {"type": "Feature", "geometry": {"type": "Point", "coordinates": [-117.356526, 33.169317]}, "properties": {"id": "ccc-1384", "name": "Buena Vista Audubon Nature Center"}}, {"type": "Feature", "geometry": {"type": "Point", "coordinates": [-117.35125, 33.169998]}, "properties": {"id": "ccc-1385", "name": "Buena Vista Lagoon Ecological Reserve"}}, {"type": "Feature", "geometry": {"type": "Point", "coordinates": [-117.353289, 33.165368]}, "properties": {"id": "ccc-1386", "name": "Maxton Brown Park"}}, {"type": "Feature", "geometry": {"type": "Point", "coordinates": [-117.356031, 33.161558]}, "properties": {"id": "ccc-1387", "name": "Carlsbad City Beach - Cypress Avenue"}}, {"type": "Feature", "geometry": {"type": "Point", "coordinates": [-117.354744, 33.159968]}, "properties": {"id": "ccc-1388", "name": "Carlsbad City Beach - Beech Avenue)"}}, {"type": "Feature", "geometry": {"type": "Point", "coordinates": [-117.354105, 33.159167]}, "properties": {"id": "ccc-1389", "name": "Carlsbad City Beach - Christiansen Way"}}, {"type": "Feature", "geometry": {"type": "Point", "coordinates": [-117.353487, 33.158505]}, "properties": {"id": "ccc-1390", "name": "Carlsbad City Beach - Grand Avenue"}}, {"type": "Feature", "geometry": {"type": "Point", "coordinates": [-117.354261, 33.158471]}, "properties": {"id": "ccc-1391", "name": "Carlsbad City Beach"}}, {"type": "Feature", "geometry": {"type": "Point", "coordinates": [-117.352602, 33.15736]}, "properties": {"id": "ccc-1392", "name": "Carlsbad City Beach - Carlsbad Village Drive"}}, {"type": "Feature", "geometry": {"type": "Point", "coordinates": [-117.346371, 33.147743]}, "properties": {"id": "ccc-1393", "name": "Carlsbad State Beach"}}, {"type": "Feature", "geometry": {"type": "Point", "coordinates": [-117.326612, 33.141691]}, "properties": {"id": "ccc-1394", "name": "Agua Hedionda Lagoon"}}, {"type": "Feature", "geometry": {"type": "Point", "coordinates": [-117.342109, 33.146109]}, "properties": {"id": "ccc-1395", "name": "Agua Hedionda Lagoon (Garfield Street)"}}, {"type": "Feature", "geometry": {"type": "Point", "coordinates": [-117.337013, 33.147075]}, "properties": {"id": "ccc-1396", "name": "San Pacifico Overlook and Trail"}}, {"type": "Feature", "geometry": {"type": "Point", "coordinates": [-117.330377, 33.148009]}, "properties": {"id": "ccc-1397", "name": "Agua Hedionda Lagoon (Hoover Street)"}}, {"type": "Feature", "geometry": {"type": "Point", "coordinates": [-117.324052, 33.144245]}, "properties": {"id": "ccc-1398", "name": "Agua Hedionda Lagoon (Cove Drive)"}}, {"type": "Feature", "geometry": {"type": "Point", "coordinates": [-117.321107, 33.145521]}, "properties": {"id": "ccc-1399", "name": "Agua Hedionda Lagoon (Overlook and Trail)"}}, {"type": "Feature", "geometry": {"type": "Point", "coordinates": [-117.319171, 33.143904]}, "properties": {"id": "ccc-1400", "name": "Agua Hedionda Lagoon (Marina Drive)"}}, {"type": "Feature", "geometry": {"type": "Point", "coordinates": [-117.321133, 33.142614]}, "properties": {"id": "ccc-1401", "name": "Agua Hedionda Lagoon (Bayshore Drive)"}}, {"type": "Feature", "geometry": {"type": "Point", "coordinates": [-117.319214, 33.143888]}, "properties": {"id": "ccc-1402", "name": "Agua Hedionda Lagoon (Neblina Drive)"}}, {"type": "Feature", "geometry": {"type": "Point", "coordinates": [-117.307382, 33.139678]}, "properties": {"id": "ccc-1403", "name": "Agua Hedionda Discovery Center"}}, {"type": "Feature", "geometry": {"type": "Point", "coordinates": [-117.310652, 33.146387]}, "properties": {"id": "ccc-1404", "name": "Agua Hedionda Lagoon Ecological Reserve"}}, {"type": "Feature", "geometry": {"type": "Point", "coordinates": [-117.333344, 33.128751]}, "properties": {"id": "ccc-1405", "name": "Stairway to Beach - Cerezo Dr."}}, {"type": "Feature", "geometry": {"type": "Point", "coordinates": [-117.31879, 33.100857]}, "properties": {"id": "ccc-1406", "name": "South Carlsbad State Beach"}}, {"type": "Feature", "geometry": {"type": "Point", "coordinates": [-117.308506, 33.092284]}, "properties": {"id": "ccc-1407", "name": "Batiquitos Lagoon Viewpoint - Windrose Circle"}}, {"type": "Feature", "geometry": {"type": "Point", "coordinates": [-117.300766, 33.093181]}, "properties": {"id": "ccc-1408", "name": "Batiquitos Lagoon"}}, {"type": "Feature", "geometry": {"type": "Point", "coordinates": [-117.290922, 33.093192]}, "properties": {"id": "ccc-1409", "name": "Batiquitos Lagoon Shoreline Trail"}}, {"type": "Feature", "geometry": {"type": "Point", "coordinates": [-117.312963, 33.086492]}, "properties": {"id": "ccc-1410", "name": "South Ponto Beach"}}, {"type": "Feature", "geometry": {"type": "Point", "coordinates": [-117.309632, 33.076512]}, "properties": {"id": "ccc-1411", "name": "Grandview Beach"}}, {"type": "Feature", "geometry": {"type": "Point", "coordinates": [-117.305322, 33.065089]}, "properties": {"id": "ccc-1412", "name": "Beacon's Beach (San Diego)"}}, {"type": "Feature", "geometry": {"type": "Point", "coordinates": [-117.302908, 33.05897]}, "properties": {"id": "ccc-1413", "name": "Encinitas Beach"}}, {"type": "Feature", "geometry": {"type": "Point", "coordinates": [-117.301028, 33.05464]}, "properties": {"id": "ccc-1414", "name": "Stone Steps Beach"}}, {"type": "Feature", "geometry": {"type": "Point", "coordinates": [-117.297985, 33.047779]}, "properties": {"id": "ccc-1415", "name": "Moonlight Beach"}}, {"type": "Feature", "geometry": {"type": "Point", "coordinates": [-117.29786, 33.0456]}, "properties": {"id": "ccc-1416", "name": "D Street Beach"}}, {"type": "Feature", "geometry": {"type": "Point", "coordinates": [-117.296116, 33.040463]}, "properties": {"id": "ccc-1417", "name": "Viewpoint Park - H Street"}}, {"type": "Feature", "geometry": {"type": "Point", "coordinates": [-117.296032, 33.039157]}, "properties": {"id": "ccc-1418", "name": "Viewpoint Park - I Street"}}, {"type": "Feature", "geometry": {"type": "Point", "coordinates": [-117.295401, 33.037913]}, "properties": {"id": "ccc-1419", "name": "Viewpoint Park - J Street)"}}, {"type": "Feature", "geometry": {"type": "Point", "coordinates": [-117.294636, 33.036758]}, "properties": {"id": "ccc-1420", "name": "Self-Realization Fellowship Meditation Garden"}}, {"type": "Feature", "geometry": {"type": "Point", "coordinates": [-117.291838, 33.034849]}, "properties": {"id": "ccc-1421", "name": "Swami's"}}, {"type": "Feature", "geometry": {"type": "Point", "coordinates": [-117.284289, 33.021634]}, "properties": {"id": "ccc-1422", "name": "San Elijo State Beach"}}, {"type": "Feature", "geometry": {"type": "Point", "coordinates": [-117.274007, 33.013381]}, "properties": {"id": "ccc-1423", "name": "San Elijo Lagoon Nature Center"}}, {"type": "Feature", "geometry": {"type": "Point", "coordinates": [-117.2714, 33.015961]}, "properties": {"id": "ccc-1424", "name": "Vista Point (Cardiff-by-the-Sea)"}}, {"type": "Feature", "geometry": {"type": "Point", "coordinates": [-117.27382, 33.008591]}, "properties": {"id": "ccc-1425", "name": "San Elijo Lagoon"}}, {"type": "Feature", "geometry": {"type": "Point", "coordinates": [-117.278454, 33.002893]}, "properties": {"id": "ccc-1426", "name": "Cardiff State Beach"}}, {"type": "Feature", "geometry": {"type": "Point", "coordinates": [-117.275729, 32.997647]}, "properties": {"id": "ccc-1427", "name": "Tide Beach Park"}}, {"type": "Feature", "geometry": {"type": "Point", "coordinates": [-117.273769, 32.991246]}, "properties": {"id": "ccc-1428", "name": "Fletcher Cove Park"}}, {"type": "Feature", "geometry": {"type": "Point", "coordinates": [-117.274077, 32.990868]}, "properties": {"id": "ccc-1429", "name": "Overlook (Solana Beach)"}}, {"type": "Feature", "geometry": {"type": "Point", "coordinates": [-117.273232, 32.985567]}, "properties": {"id": "ccc-1430", "name": "Seascape Sur Stairway"}}, {"type": "Feature", "geometry": {"type": "Point", "coordinates": [-117.273045, 32.982084]}, "properties": {"id": "ccc-1431", "name": "Del Mar Shores Terrace Stairway"}}, {"type": "Feature", "geometry": {"type": "Point", "coordinates": [-117.270369, 32.980237]}, "properties": {"id": "ccc-1432", "name": "Overlook (Del Mar)"}}, {"type": "Feature", "geometry": {"type": "Point", "coordinates": [-117.269564, 32.976851]}, "properties": {"id": "ccc-1433", "name": "Del Mar Bluffs City Park"}}, {"type": "Feature", "geometry": {"type": "Point", "coordinates": [-117.268623, 32.973953]}, "properties": {"id": "ccc-1434", "name": "San Dieguito River Trail"}}, {"type": "Feature", "geometry": {"type": "Point", "coordinates": [-117.261394, 32.970911]}, "properties": {"id": "ccc-1435", "name": "San Dieguito Lagoon"}}, {"type": "Feature", "geometry": {"type": "Point", "coordinates": [-117.269303, 32.969451]}, "properties": {"id": "ccc-1436", "name": "Del Mar City Beach"}}, {"type": "Feature", "geometry": {"type": "Point", "coordinates": [-117.268372, 32.962258]}, "properties": {"id": "ccc-1437", "name": "Del Mar City Beach (17th Street)"}}, {"type": "Feature", "geometry": {"type": "Point", "coordinates": [-117.267821, 32.96061]}, "properties": {"id": "ccc-1438", "name": "Powerhouse Park"}}, {"type": "Feature", "geometry": {"type": "Point", "coordinates": [-117.267273, 32.958895]}, "properties": {"id": "ccc-1439", "name": "Seagrove Park"}}, {"type": "Feature", "geometry": {"type": "Point", "coordinates": [-117.261389, 32.936163]}, "properties": {"id": "ccc-1440", "name": "Torrey Pines State Beach"}}, {"type": "Feature", "geometry": {"type": "Point", "coordinates": [-117.252049, 32.941017]}, "properties": {"id": "ccc-1441", "name": "Torrey Pines State Reserve Extension"}}, {"type": "Feature", "geometry": {"type": "Point", "coordinates": [-117.252622, 32.931]}, "properties": {"id": "ccc-1442", "name": "Los Pe&ntilde;asquitos Lagoon"}}, {"type": "Feature", "geometry": {"type": "Point", "coordinates": [-117.253009, 32.920406]}, "properties": {"id": "ccc-1443", "name": "Torrey Pines State Natural Reserve"}}, {"type": "Feature", "geometry": {"type": "Point", "coordinates": [-117.249383, 32.889996]}, "properties": {"id": "ccc-1444", "name": "Torrey Pines Gliderport"}}, {"type": "Feature", "geometry": {"type": "Point", "coordinates": [-117.250941, 32.877414]}, "properties": {"id": "ccc-1445", "name": "Torrey Pines City Beach"}}, {"type": "Feature", "geometry": {"type": "Point", "coordinates": [-117.251102, 32.872539]}, "properties": {"id": "ccc-1446", "name": "Overlook - La Jolla"}}, {"type": "Feature", "geometry": {"type": "Point", "coordinates": [-117.25004, 32.866167]}, "properties": {"id": "ccc-1447", "name": "Birch Aquarium at Scripps"}}, {"type": "Feature", "geometry": {"type": "Point", "coordinates": [-117.254399, 32.865768]}, "properties": {"id": "ccc-1448", "name": "Scripps Beach"}}, {"type": "Feature", "geometry": {"type": "Point", "coordinates": [-117.252204, 32.867315]}, "properties": {"id": "ccc-1449", "name": "Scripps Institution of Oceanography"}}, {"type": "Feature", "geometry": {"type": "Point", "coordinates": [-117.257105, 32.857615]}, "properties": {"id": "ccc-1450", "name": "La Jolla Shores Beach Park"}}, {"type": "Feature", "geometry": {"type": "Point", "coordinates": [-117.260744, 32.852007]}, "properties": {"id": "ccc-1451", "name": "Walkway to Beach (La Jolla)"}}, {"type": "Feature", "geometry": {"type": "Point", "coordinates": [-117.268918, 32.849241]}, "properties": {"id": "ccc-1452", "name": "Coast Walk"}}, {"type": "Feature", "geometry": {"type": "Point", "coordinates": [-117.26976, 32.849719]}, "properties": {"id": "ccc-1453", "name": "La Jolla Caves"}}, {"type": "Feature", "geometry": {"type": "Point", "coordinates": [-117.272371, 32.850307]}, "properties": {"id": "ccc-1454", "name": "La Jolla Cove"}}, {"type": "Feature", "geometry": {"type": "Point", "coordinates": [-117.27418, 32.849914]}, "properties": {"id": "ccc-1455", "name": "Ellen Browning Scripps Park"}}, {"type": "Feature", "geometry": {"type": "Point", "coordinates": [-117.278884, 32.847549]}, "properties": {"id": "ccc-1456", "name": "Children's Pool Beach"}}, {"type": "Feature", "geometry": {"type": "Point", "coordinates": [-117.279012, 32.844153]}, "properties": {"id": "ccc-1457", "name": "Coast Boulevard Park"}}, {"type": "Feature", "geometry": {"type": "Point", "coordinates": [-117.28084, 32.839369]}, "properties": {"id": "ccc-1458", "name": "Nicholson Point Park"}}, {"type": "Feature", "geometry": {"type": "Point", "coordinates": [-117.281411, 32.836688]}, "properties": {"id": "ccc-1459", "name": "Marine Street Beach"}}, {"type": "Feature", "geometry": {"type": "Point", "coordinates": [-117.281343, 32.835744]}, "properties": {"id": "ccc-1460", "name": "Sea Lane Accessway"}}, {"type": "Feature", "geometry": {"type": "Point", "coordinates": [-117.281024, 32.830669]}, "properties": {"id": "ccc-1461", "name": "Windansea Beach"}}, {"type": "Feature", "geometry": {"type": "Point", "coordinates": [-117.280187, 32.828405]}, "properties": {"id": "ccc-1462", "name": "La Jolla Strand Park"}}, {"type": "Feature", "geometry": {"type": "Point", "coordinates": [-117.279202, 32.825453]}, "properties": {"id": "ccc-1463", "name": "Hermosa Terrace Park"}}, {"type": "Feature", "geometry": {"type": "Point", "coordinates": [-117.27594, 32.818652]}, "properties": {"id": "ccc-1464", "name": "Overlooks and Stairway (La Jolla)"}}, {"type": "Feature", "geometry": {"type": "Point", "coordinates": [-117.272638, 32.817163]}, "properties": {"id": "ccc-1465", "name": "La Jolla Hermosa Park"}}, {"type": "Feature", "geometry": {"type": "Point", "coordinates": [-117.27337, 32.815002]}, "properties": {"id": "ccc-1466", "name": "Bird Rock Viewpoint"}}, {"type": "Feature", "geometry": {"type": "Point", "coordinates": [-117.269425, 32.810938]}, "properties": {"id": "ccc-1467", "name": "Calumet Park"}}, {"type": "Feature", "geometry": {"type": "Point", "coordinates": [-117.267778, 32.808469]}, "properties": {"id": "ccc-1468", "name": "Viewpoint - False Point"}}, {"type": "Feature", "geometry": {"type": "Point", "coordinates": [-117.266209, 32.808309]}, "properties": {"id": "ccc-1469", "name": "Stairway to Beach - Linda Way"}}, {"type": "Feature", "geometry": {"type": "Point", "coordinates": [-117.262229, 32.805167]}, "properties": {"id": "ccc-1470", "name": "Tourmaline Surfing Park"}}, {"type": "Feature", "geometry": {"type": "Point", "coordinates": [-117.259646, 32.80248]}, "properties": {"id": "ccc-1471", "name": "Palisades Park (Pacific Beach)"}}, {"type": "Feature", "geometry": {"type": "Point", "coordinates": [-117.257458, 32.797249]}, "properties": {"id": "ccc-1472", "name": "Pacific Beach Park"}}, {"type": "Feature", "geometry": {"type": "Point", "coordinates": [-117.256853, 32.796302]}, "properties": {"id": "ccc-1473", "name": "Crystal Pier"}}, {"type": "Feature", "geometry": {"type": "Point", "coordinates": [-117.255625, 32.79165]}, "properties": {"id": "ccc-1474", "name": "Pacific Beach"}}, {"type": "Feature", "geometry": {"type": "Point", "coordinates": [-117.254473, 32.786061]}, "properties": {"id": "ccc-1475", "name": "Mission Beach"}}, {"type": "Feature", "geometry": {"type": "Point", "coordinates": [-117.246459, 32.788806]}, "properties": {"id": "ccc-1476", "name": "Sail Bay and Riviera Shores"}}, {"type": "Feature", "geometry": {"type": "Point", "coordinates": [-117.240618, 32.789489]}, "properties": {"id": "ccc-1477", "name": "Riviera Shores Access #1"}}, {"type": "Feature", "geometry": {"type": "Point", "coordinates": [-117.240065, 32.787627]}, "properties": {"id": "ccc-1478", "name": "Riviera Shores Access #2"}}, {"type": "Feature", "geometry": {"type": "Point", "coordinates": [-117.249378, 32.783388]}, "properties": {"id": "ccc-1479", "name": "Santa Clara Point"}}, {"type": "Feature", "geometry": {"type": "Point", "coordinates": [-117.249463, 32.784902]}, "properties": {"id": "ccc-1480", "name": "Mission Bay Sports Center"}}, {"type": "Feature", "geometry": {"type": "Point", "coordinates": [-117.247759, 32.778831]}, "properties": {"id": "ccc-1481", "name": "El Carmel Point"}}, {"type": "Feature", "geometry": {"type": "Point", "coordinates": [-117.253235, 32.778167]}, "properties": {"id": "ccc-1482", "name": "Mission Beach Park"}}, {"type": "Feature", "geometry": {"type": "Point", "coordinates": [-117.244734, 32.770379]}, "properties": {"id": "ccc-1483", "name": "Ventura Cove"}}, {"type": "Feature", "geometry": {"type": "Point", "coordinates": [-117.249613, 32.769601]}, "properties": {"id": "ccc-1484", "name": "Bonita Cove"}}, {"type": "Feature", "geometry": {"type": "Point", "coordinates": [-117.239131, 32.767251]}, "properties": {"id": "ccc-1485", "name": "Sunset Point"}}, {"type": "Feature", "geometry": {"type": "Point", "coordinates": [-117.241578, 32.763462]}, "properties": {"id": "ccc-1486", "name": "Quivira Basin"}}, {"type": "Feature", "geometry": {"type": "Point", "coordinates": [-117.234888, 32.766525]}, "properties": {"id": "ccc-1487", "name": "Dana Landing"}}, {"type": "Feature", "geometry": {"type": "Point", "coordinates": [-117.237806, 32.772154]}, "properties": {"id": "ccc-1488", "name": "Vacation Isle"}}, {"type": "Feature", "geometry": {"type": "Point", "coordinates": [-117.233234, 32.776356]}, "properties": {"id": "ccc-1489", "name": "Ski Beach"}}, {"type": "Feature", "geometry": {"type": "Point", "coordinates": [-117.232516, 32.78413]}, "properties": {"id": "ccc-1490", "name": "Crown Point Shores"}}, {"type": "Feature", "geometry": {"type": "Point", "coordinates": [-117.224706, 32.795624]}, "properties": {"id": "ccc-1491", "name": "Campland on the Bay"}}, {"type": "Feature", "geometry": {"type": "Point", "coordinates": [-117.213345, 32.797184]}, "properties": {"id": "ccc-1492", "name": "De Anza Cove"}}, {"type": "Feature", "geometry": {"type": "Point", "coordinates": [-117.209954, 32.789478]}, "properties": {"id": "ccc-1493", "name": "Visitor Information Center (Mission Bay)"}}, {"type": "Feature", "geometry": {"type": "Point", "coordinates": [-117.210201, 32.781527]}, "properties": {"id": "ccc-1494", "name": "Playa Pacifica"}}, {"type": "Feature", "geometry": {"type": "Point", "coordinates": [-117.209991, 32.775734]}, "properties": {"id": "ccc-1495", "name": "Tecolote Shores North"}}, {"type": "Feature", "geometry": {"type": "Point", "coordinates": [-117.219177, 32.780292]}, "properties": {"id": "ccc-1496", "name": "Fiesta Island"}}, {"type": "Feature", "geometry": {"type": "Point", "coordinates": [-117.218144, 32.764438]}, "properties": {"id": "ccc-1497", "name": "South Shores Park"}}, {"type": "Feature", "geometry": {"type": "Point", "coordinates": [-117.228557, 32.763923]}, "properties": {"id": "ccc-1498", "name": "SeaWorld San Diego"}}, {"type": "Feature", "geometry": {"type": "Point", "coordinates": [-117.196293, 32.754107]}, "properties": {"id": "ccc-1499", "name": "Old Town San Diego State Historic Park"}}, {"type": "Feature", "geometry": {"type": "Point", "coordinates": [-117.226675, 32.757315]}, "properties": {"id": "ccc-1500", "name": "Bike Path (San Diego River)"}}, {"type": "Feature", "geometry": {"type": "Point", "coordinates": [-117.228703, 32.752337]}, "properties": {"id": "ccc-1501", "name": "Famosa Slough"}}, {"type": "Feature", "geometry": {"type": "Point", "coordinates": [-117.23985, 32.754264]}, "properties": {"id": "ccc-1502", "name": "Robb Field"}}, {"type": "Feature", "geometry": {"type": "Point", "coordinates": [-117.251115, 32.754904]}, "properties": {"id": "ccc-1503", "name": "Dog Beach (Ocean Beach)"}}, {"type": "Feature", "geometry": {"type": "Point", "coordinates": [-117.25279, 32.749216]}, "properties": {"id": "ccc-1504", "name": "Ocean Beach Park"}}, {"type": "Feature", "geometry": {"type": "Point", "coordinates": [-117.253394, 32.747001]}, "properties": {"id": "ccc-1505", "name": "Ocean Beach Municipal Fishing Pier"}}, {"type": "Feature", "geometry": {"type": "Point", "coordinates": [-117.254691, 32.743925]}, "properties": {"id": "ccc-1506", "name": "Ocean Beach City Beaches"}}, {"type": "Feature", "geometry": {"type": "Point", "coordinates": [-117.255893, 32.718288]}, "properties": {"id": "ccc-1507", "name": "Sunset Cliffs Natural Park"}}, {"type": "Feature", "geometry": {"type": "Point", "coordinates": [-117.246059, 32.675024]}, "properties": {"id": "ccc-1508", "name": "Cabrillo National Monument Ocean Access"}}, {"type": "Feature", "geometry": {"type": "Point", "coordinates": [-117.239526, 32.674189]}, "properties": {"id": "ccc-1509", "name": "Cabrillo National Monument"}}, {"type": "Feature", "geometry": {"type": "Point", "coordinates": [-117.240958, 32.672152]}, "properties": {"id": "ccc-1510", "name": "Old Point Loma Lighthouse"}}, {"type": "Feature", "geometry": {"type": "Point", "coordinates": [-117.235596, 32.715955]}, "properties": {"id": "ccc-1511", "name": "La Playa"}}, {"type": "Feature", "geometry": {"type": "Point", "coordinates": [-117.231823, 32.71338]}, "properties": {"id": "ccc-1512", "name": "Shelter Island Yacht Basin"}}, {"type": "Feature", "geometry": {"type": "Point", "coordinates": [-117.223885, 32.715141]}, "properties": {"id": "ccc-1513", "name": "Shelter Island Shoreline Park"}}, {"type": "Feature", "geometry": {"type": "Point", "coordinates": [-117.224235, 32.718574]}, "properties": {"id": "ccc-1514", "name": "Shelter Island"}}, {"type": "Feature", "geometry": {"type": "Point", "coordinates": [-117.22477, 32.720976]}, "properties": {"id": "ccc-1515", "name": "America's Cup Harbor"}}, {"type": "Feature", "geometry": {"type": "Point", "coordinates": [-117.230608, 32.740295]}, "properties": {"id": "ccc-1516", "name": "Point Loma International Youth Hostel"}}, {"type": "Feature", "geometry": {"type": "Point", "coordinates": [-117.205216, 32.729047]}, "properties": {"id": "ccc-1517", "name": "Spanish Landing Park"}}, {"type": "Feature", "geometry": {"type": "Point", "coordinates": [-117.206503, 32.725066]}, "properties": {"id": "ccc-1518", "name": "Harbor Island"}}, {"type": "Feature", "geometry": {"type": "Point", "coordinates": [-117.173598, 32.725066]}, "properties": {"id": "ccc-1519", "name": "Embarcadero"}}, {"type": "Feature", "geometry": {"type": "Point", "coordinates": [-117.173412, 32.720949]}, "properties": {"id": "ccc-1520", "name": "Maritime Museum of San Diego"}}, {"type": "Feature", "geometry": {"type": "Point", "coordinates": [-117.175837, 32.717435]}, "properties": {"id": "ccc-1521", "name": "Cruise Ship Terminal"}}, {"type": "Feature", "geometry": {"type": "Point", "coordinates": [-117.17594, 32.71569]}, "properties": {"id": "ccc-1522", "name": "Broadway Pier"}}, {"type": "Feature", "geometry": {"type": "Point", "coordinates": [-117.175728, 32.714348]}, "properties": {"id": "ccc-1523", "name": "U.S.S. Midway Museum"}}, {"type": "Feature", "geometry": {"type": "Point", "coordinates": [-117.17476, 32.712893]}, "properties": {"id": "ccc-1524", "name": "Tuna Harbor Park"}}, {"type": "Feature", "geometry": {"type": "Point", "coordinates": [-117.175172, 32.711819]}, "properties": {"id": "ccc-1525", "name": "G Street Pier"}}, {"type": "Feature", "geometry": {"type": "Point", "coordinates": [-117.170173, 32.708899]}, "properties": {"id": "ccc-1526", "name": "Seaport Village"}}, {"type": "Feature", "geometry": {"type": "Point", "coordinates": [-117.169434, 32.707565]}, "properties": {"id": "ccc-1527", "name": "Embarcadero Marina Park - North"}}, {"type": "Feature", "geometry": {"type": "Point", "coordinates": [-117.164471, 32.703703]}, "properties": {"id": "ccc-1528", "name": "Embarcadero Marina Park - South"}}, {"type": "Feature", "geometry": {"type": "Point", "coordinates": [-117.163355, 32.706592]}, "properties": {"id": "ccc-1529", "name": "San Diego Convention Center"}}, {"type": "Feature", "geometry": {"type": "Point", "coordinates": [-117.159745, 32.711374]}, "properties": {"id": "ccc-1530", "name": "Hostelling International San Diego Downtown"}}, {"type": "Feature", "geometry": {"type": "Point", "coordinates": [-117.150237, 32.696032]}, "properties": {"id": "ccc-1531", "name": "Cesar Chavez Park"}}, {"type": "Feature", "geometry": {"type": "Point", "coordinates": [-117.17908, 32.701598]}, "properties": {"id": "ccc-1532", "name": "Bay View Park"}}, {"type": "Feature", "geometry": {"type": "Point", "coordinates": [-117.174457, 32.70016]}, "properties": {"id": "ccc-1533", "name": "Harbor View Park"}}, {"type": "Feature", "geometry": {"type": "Point", "coordinates": [-117.172209, 32.698965]}, "properties": {"id": "ccc-1534", "name": "Centennial Park"}}, {"type": "Feature", "geometry": {"type": "Point", "coordinates": [-117.169819, 32.699871]}, "properties": {"id": "ccc-1535", "name": "Ferry Landing (Coronado)"}}, {"type": "Feature", "geometry": {"type": "Point", "coordinates": [-117.165478, 32.691201]}, "properties": {"id": "ccc-1536", "name": "Coronado Tidelands Regional Park"}}, {"type": "Feature", "geometry": {"type": "Point", "coordinates": [-117.167202, 32.685001]}, "properties": {"id": "ccc-1537", "name": "Coronado Municipal Golf Course"}}, {"type": "Feature", "geometry": {"type": "Point", "coordinates": [-117.193345, 32.68657]}, "properties": {"id": "ccc-1538", "name": "Coronado Dog Beach"}}, {"type": "Feature", "geometry": {"type": "Point", "coordinates": [-117.183827, 32.682798]}, "properties": {"id": "ccc-1539", "name": "Coronado City Beach"}}, {"type": "Feature", "geometry": {"type": "Point", "coordinates": [-117.175283, 32.676192]}, "properties": {"id": "ccc-1540", "name": "Coronado Shores Beach"}}, {"type": "Feature", "geometry": {"type": "Point", "coordinates": [-117.174461, 32.678945]}, "properties": {"id": "ccc-1541", "name": "Glorietta Bay Marina"}}, {"type": "Feature", "geometry": {"type": "Point", "coordinates": [-117.170468, 32.67624]}, "properties": {"id": "ccc-1542", "name": "Coronado Aquatics Center"}}, {"type": "Feature", "geometry": {"type": "Point", "coordinates": [-117.169047, 32.675232]}, "properties": {"id": "ccc-1543", "name": "Glorietta Bay Park"}}, {"type": "Feature", "geometry": {"type": "Point", "coordinates": [-117.111868, 32.649882]}, "properties": {"id": "ccc-1544", "name": "Pepper Park"}}, {"type": "Feature", "geometry": {"type": "Point", "coordinates": [-117.111025, 32.639838]}, "properties": {"id": "ccc-1545", "name": "Living Coast Discovery Center"}}, {"type": "Feature", "geometry": {"type": "Point", "coordinates": [-117.107364, 32.628267]}, "properties": {"id": "ccc-1546", "name": "Chula Vista Bayside Park"}}, {"type": "Feature", "geometry": {"type": "Point", "coordinates": [-117.103395, 32.621377]}, "properties": {"id": "ccc-1547", "name": "Chula Vista Launch Ramp"}}, {"type": "Feature", "geometry": {"type": "Point", "coordinates": [-117.129468, 32.624131]}, "properties": {"id": "ccc-1548", "name": "Grand Caribe Shoreline Park"}}, {"type": "Feature", "geometry": {"type": "Point", "coordinates": [-117.135282, 32.622221]}, "properties": {"id": "ccc-1549", "name": "Cays Park"}}, {"type": "Feature", "geometry": {"type": "Point", "coordinates": [-117.140939, 32.631013]}, "properties": {"id": "ccc-1550", "name": "Silver Strand State Beach"}}, {"type": "Feature", "geometry": {"type": "Point", "coordinates": [-117.140978, 32.635808]}, "properties": {"id": "ccc-1551", "name": "Crown Cove"}}, {"type": "Feature", "geometry": {"type": "Point", "coordinates": [-117.119239, 32.594119]}, "properties": {"id": "ccc-1552", "name": "San Diego Bay National Wildlife Refuge"}}, {"type": "Feature", "geometry": {"type": "Point", "coordinates": [-117.113402, 32.639141]}, "properties": {"id": "ccc-1553", "name": "San Diego Bay Nat'l Wildlife Refuge - Sweetwater Marsh"}}, {"type": "Feature", "geometry": {"type": "Point", "coordinates": [-117.123208, 32.603754]}, "properties": {"id": "ccc-1554", "name": "South Bay Marine Biological Study Area"}}, {"type": "Feature", "geometry": {"type": "Point", "coordinates": [-117.105702, 32.587596]}, "properties": {"id": "ccc-1555", "name": "Bayshore Bikeway (San Diego Bay)"}}, {"type": "Feature", "geometry": {"type": "Point", "coordinates": [-117.132867, 32.580791]}, "properties": {"id": "ccc-1556", "name": "Imperial Beach"}}, {"type": "Feature", "geometry": {"type": "Point", "coordinates": [-117.132575, 32.579563]}, "properties": {"id": "ccc-1557", "name": "Imperial Beach Pier"}}, {"type": "Feature", "geometry": {"type": "Point", "coordinates": [-117.127811, 32.556817]}, "properties": {"id": "ccc-1558", "name": "Tijuana River Estuary"}}, {"type": "Feature", "geometry": {"type": "Point", "coordinates": [-117.124852, 32.575166]}, "properties": {"id": "ccc-1559", "name": "Tijuana Estuary Visitor Center"}}, {"type": "Feature", "geometry": {"type": "Point", "coordinates": [-117.062808, 32.554299]}, "properties": {"id": "ccc-1560", "name": "Dairy Mart Ponds"}}, {"type": "Feature", "geometry": {"type": "Point", "coordinates": [-117.074186, 32.544516]}, "properties": {"id": "ccc-1561", "name": "Tijuana River Valley Regional Park"}}, {"type": "Feature", "geometry": {"type": "Point", "coordinates": [-117.121919, 32.544757]}, "properties": {"id": "ccc-1562", "name": "Border Field State Park"}}, {"type": "Feature", "geometry": {"type": "Point", "coordinates": [-124.090502, 40.858197]}, "properties": {"id": "ccc-1563", "name": "Humboldt Bay Trail - North"}}, {"type": "Feature", "geometry": {"type": "Point", "coordinates": [-124.125058, 41.048402]}, "properties": {"id": "ccc-1564", "name": "Baker Beach (Trinidad)"}}, {"type": "Feature", "geometry": {"type": "Point", "coordinates": [-124.14235, 40.80545]}, "properties": {"id": "ccc-1565", "name": "Eureka Waterfront Trail"}}, {"type": "Feature", "geometry": {"type": "Point", "coordinates": [-123.812308, 39.431869]}, "properties": {"id": "ccc-1566", "name": "Noyo Headlands Park - South"}}, {"type": "Feature", "geometry": {"type": "Point", "coordinates": [-123.8088, 39.42833]}, "properties": {"id": "ccc-1567", "name": "Noyo Beach Off-Leash Dog Area"}}, {"type": "Feature", "geometry": {"type": "Point", "coordinates": [-123.066552, 38.350215]}, "properties": {"id": "ccc-1568", "name": "South Salmon Creek Beach"}}, {"type": "Feature", "geometry": {"type": "Point", "coordinates": [-120.6916676, 35.1663947]}, "properties": {"id": "ccc-1569", "name": "Ebb Tide Park and Beach Stairway"}}, {"type": "Feature", "geometry": {"type": "Point", "coordinates": [-118.621147, 34.037855]}, "properties": {"id": "ccc-1570", "name": "Maritime Rocks Beach Stairway"}}, {"type": "Feature", "geometry": {"type": "Point", "coordinates": [-118.603321, 34.039281]}, "properties": {"id": "ccc-1571", "name": "Miramar Coastal Overlook"}}, {"type": "Feature", "geometry": {"type": "Point", "coordinates": [-118.606634, 34.038274]}, "properties": {"id": "ccc-1572", "name": "Dolphin View Coastal Overlook"}}, {"type": "Feature", "geometry": {"type": "Point", "coordinates": [-118.765486, 34.026042]}, "properties": {"id": "ccc-1573", "name": "Escondido Creek Beach - PCH Underpass"}}, {"type": "Feature", "geometry": {"type": "Point", "coordinates": [-118.6991722, 34.0317979]}, "properties": {"id": "ccc-1574", "name": "Malibu Road East Stairway"}}, {"type": "Feature", "geometry": {"type": "Point", "coordinates": [-124.198709, 41.943917]}, "properties": {"id": "ccc-1575", "name": "Xaa-wan'-k'wvt Village & Resort Boat Ramp"}}]}