{"type": "FeatureCollection", "features": [{"type": "Feature", "geometry": {"type": "Polygon", "coordinates": [[[-117.29783, 33.14941], [-117.30591, 33.14419], [-117.30799, 33.13909], [-117.32019, 33.14162], [-117.31932, 33.14321], [-117.31315, 33.14316], [-117.31182, 33.14611], [-117.30169, 33.14778], [-117.30021, 33.15046], [-117.29783, 33.14941]]]}, "properties": {"id": "1", "name": "Agua Hedionda Lagoon Ecological Reserve", "kind": "public_land", "land_type": "Ecological Reserve", "access_verbatim": "Open; Refer to regulations or contact CDFW regional or area office prior to visit.", "link": "http://www.wildlife.ca.gov/Lands/Places-to-Visit/Agua-Hedionda-Lagoon-ER", "cdfw_region": 5, "hunting": {"state": "not_listed_prohibited", "entry": null, "verbatim": "Unless listed and specified as allowed in the table below, hunting is prohibited on ecological reserves. Where hunting is allowed, it shall be subject to all applicable general hunting regulations and the area-specific regulations set forth in this subsection.", "ccr_cite": "14 CCR \u00a7 630(d)", "booklet_page": 106, "wildlife_area_type": null, "restrictions": [], "absence_sentence": null, "name_note": null}}}, {"type": "Feature", "geometry": {"type": "Polygon", "coordinates": [[[-122.30931, 37.8898], [-122.31383, 37.89175], [-122.32333, 37.89008], [-122.32103, 37.89138], [-122.32103, 37.89499], [-122.32257, 37.89495], [-122.31277, 37.89725], [-122.30931, 37.8898]]]}, "properties": {"id": "2", "name": "Albany Mudflats Ecological Reserve", "kind": "public_land", "land_type": "Ecological Reserve", "access_verbatim": "Open; Refer to regulations or contact CDFW regional or area office prior to visit.", "link": "http://www.wildlife.ca.gov/Lands/Places-to-Visit/Albany-Mudflats-ER", "cdfw_region": 3, "hunting": {"state": "not_listed_prohibited", "entry": null, "verbatim": "Unless listed and specified as allowed in the table below, hunting is prohibited on ecological reserves. Where hunting is allowed, it shall be subject to all applicable general hunting regulations and the area-specific regulations set forth in this subsection.", "ccr_cite": "14 CCR \u00a7 630(d)", "booklet_page": 106, "wildlife_area_type": null, "restrictions": [], "absence_sentence": null, "name_note": null}}}, {"type": "Feature", "geometry": {"type": "MultiPolygon", "coordinates": [[[[-120.29685, 36.72692], [-120.30564, 36.7269], [-120.30565, 36.72821], [-120.29685, 36.72692]]], [[[-120.28735, 36.73429], [-120.27832, 36.73428], [-120.27835, 36.72438], [-120.3056, 36.72849], [-120.30552, 36.7343], [-120.29189, 36.73424], [-120.29189, 36.72942], [-120.28741, 36.72946], [-120.28735, 36.73429]]], [[[-120.2622, 36.7218], [-120.26046, 36.71661], [-120.28789, 36.71632], [-120.28783, 36.72559], [-120.2622, 36.7218]]]]}, "properties": {"id": "3", "name": "Alkali Sink Ecological Reserve", "kind": "public_land", "land_type": "Ecological Reserve", "access_verbatim": "Open; Refer to regulations or contact CDFW regional or area office prior to visit.", "link": "http://www.wildlife.ca.gov/Lands/Places-to-Visit/Alkali-Sink-ER", "cdfw_region": 4, "hunting": {"state": "not_listed_prohibited", "entry": null, "verbatim": "Unless listed and specified as allowed in the table below, hunting is prohibited on ecological reserves. Where hunting is allowed, it shall be subject to all applicable general hunting regulations and the area-specific regulations set forth in this subsection.", "ccr_cite": "14 CCR \u00a7 630(d)", "booklet_page": 106, "wildlife_area_type": null, "restrictions": [], "absence_sentence": null, "name_note": null}}}, {"type": "Feature", "geometry": {"type": "MultiPolygon", "coordinates": [[[[-119.42788, 35.77216], [-119.43237, 35.77252], [-119.42788, 35.77289], [-119.42788, 35.77216]]], [[[-119.38402, 35.79022], [-119.38414, 35.8048], [-119.36414, 35.80476], [-119.3641, 35.80114], [-119.35935, 35.80113], [-119.35564, 35.79035], [-119.36627, 35.79029], [-119.36635, 35.79697], [-119.36404, 35.79698], [-119.36408, 35.79935], [-119.36632, 35.79935], [-119.36629, 35.79754], [-119.36928, 35.79755], [-119.3692, 35.7903], [-119.38402, 35.79022]]], [[[-119.36183, 35.79842], [-119.35959, 35.79754], [-119.3596, 35.79842], [-119.36183, 35.79842]]], [[[-119.35502, 35.79035], [-119.35873, 35.80113], [-119.35745, 35.80473], [-119.33955, 35.80475], [-119.33942, 35.79039], [-119.35502, 35.79035]]], [[[-119.33874, 35.78299], [-119.34767, 35.78298], [-119.34766, 35.78655], [-119.34099, 35.78656], [-119.34094, 35.79028], [-119.33873, 35.79028], [-119.33873, 35.78748], [-119.33432, 35.78708], [-119.33872, 35.78659], [-119.33874, 35.78299]]], [[[-119.32184, 35.83391], [-119.32852, 35.83394], [-119.32741, 35.83569], [-119.33072, 35.83604], [-119.33071, 35.83749], [-119.32628, 35.83896], [-119.32629, 35.83751], [-119.32189, 35.83754], [-119.32629, 35.83679], [-119.3219, 35.83681], [-119.32184, 35.83391]]], [[[-119.32961, 35.83713], [-119.3274, 35.83678], [-119.3274, 35.83714], [-119.32961, 35.83713]]], [[[-119.32406, 35.83607], [-119.32293, 35.83572], [-119.32293, 35.83608], [-119.32406, 35.83607]]], [[[-119.32517, 35.83516], [-119.32407, 35.83498], [-119.32407, 35.83517], [-119.32517, 35.83516]]], [[[-119.32627, 35.84114], [-119.33069, 35.83966], [-119.33068, 35.84167], [-119.32627, 35.84114]]], [[[-119.33976, 35.83382], [-119.33967, 35.84491], [-119.3382, 35.84434], [-119.33966, 35.84708], [-119.33083, 35.84716], [-119.33158, 35.84222], [-119.33525, 35.84437], [-119.3382, 35.8427], [-119.33747, 35.84106], [-119.33077, 35.84111], [-119.33081, 35.83386], [-119.33976, 35.83382]]], [[[-119.33452, 35.84493], [-119.33378, 35.84549], [-119.33451, 35.84548], [-119.33452, 35.84493]]], [[[-119.33746, 35.84546], [-119.33672, 35.84491], [-119.33672, 35.84547], [-119.33746, 35.84546]]], [[[-119.33231, 35.84439], [-119.33157, 35.84495], [-119.33231, 35.84494], [-119.33231, 35.84439]]], [[[-119.33746, 35.84435], [-119.33672, 35.84379], [-119.33672, 35.84435], [-119.33746, 35.84435]]], [[[-119.33975, 35.84105], [-119.35188, 35.84099], [-119.35192, 35.84824], [-119.34866, 35.84826], [-119.34869, 35.85007], [-119.35315, 35.85004], [-119.35318, 35.85185], [-119.34421, 35.8519], [-119.34639, 35.84828], [-119.33975, 35.84826], [-119.33975, 35.84105]]], [[[-119.33526, 35.84272], [-119.33599, 35.84219], [-119.33599, 35.84272], [-119.33526, 35.84272]]], [[[-119.33158, 35.84166], [-119.33085, 35.84222], [-119.33085, 35.84167], [-119.33158, 35.84166]]], [[[-119.32994, 35.84332], [-119.32921, 35.84222], [-119.33068, 35.84222], [-119.32994, 35.84332]]], [[[-119.32918, 35.84829], [-119.32992, 35.8477], [-119.32992, 35.84828], [-119.32918, 35.84829]]], [[[-119.32186, 35.84228], [-119.33067, 35.8444], [-119.33066, 35.84716], [-119.32698, 35.84608], [-119.32918, 35.8477], [-119.32181, 35.84837], [-119.32257, 35.84557], [-119.32699, 35.84443], [-119.32186, 35.84228]]], [[[-119.32625, 35.84608], [-119.32552, 35.845], [-119.32551, 35.84609], [-119.32625, 35.84608]]], [[[-119.30357, 35.84833], [-119.30362, 35.84109], [-119.32178, 35.84117], [-119.32173, 35.84843], [-119.33065, 35.84835], [-119.33081, 35.85746], [-119.33981, 35.85736], [-119.33984, 35.86099], [-119.34882, 35.8609], [-119.34885, 35.8627], [-119.32201, 35.86295], [-119.32208, 35.8701], [-119.32659, 35.87011], [-119.32661, 35.87193], [-119.3221, 35.87193], [-119.32213, 35.8846], [-119.30378, 35.88459], [-119.3039, 35.87734], [-119.29485, 35.87733], [-119.2948, 35.87004], [-119.30382, 35.87006], [-119.30366, 35.85562], [-119.31261, 35.85566], [-119.3125, 35.84838], [-119.30357, 35.84833]]], [[[-119.31553, 35.89909], [-119.3161, 35.89819], [-119.31609, 35.89909], [-119.31553, 35.89909]]], [[[-119.31443, 35.89567], [-119.31554, 35.89819], [-119.31329, 35.89729], [-119.31272, 35.89908], [-119.31274, 35.89638], [-119.31443, 35.89567]]], [[[-119.4346, 35.77086], [-119.43013, 35.77097], [-119.43013, 35.77088], [-119.4346, 35.77086]]], [[[-119.43013, 35.76915], [-119.43238, 35.7687], [-119.43238, 35.76914], [-119.43013, 35.76915]]], [[[-119.43237, 35.77033], [-119.43013, 35.77043], [-119.43013, 35.77033], [-119.43237, 35.77033]]], [[[-119.43013, 35.7706], [-119.43237, 35.7707], [-119.43013, 35.7707], [-119.43013, 35.7706]]], [[[-119.42125, 35.76963], [-119.42349, 35.76943], [-119.42349, 35.76955], [-119.42125, 35.76963]]], [[[-119.42069, 35.77507], [-119.42123, 35.7747], [-119.42123, 35.77507], [-119.42069, 35.77507]]], [[[-119.419, 35.76908], [-119.42125, 35.76898], [-119.42125, 35.76908], [-119.419, 35.76908]]], [[[-119.42124, 35.77108], [-119.41899, 35.77071], [-119.42124, 35.77071], [-119.42124, 35.77108]]], [[[-119.33451, 35.84768], [-119.33558, 35.84824], [-119.33451, 35.84825], [-119.33451, 35.84768]]], [[[-119.33156, 35.84827], [-119.33082, 35.84771], [-119.33156, 35.84771], [-119.33156, 35.84827]]], [[[-119.32655, 35.89458], [-119.32767, 35.8937], [-119.32767, 35.89459], [-119.32655, 35.89458]]], [[[-119.33436, 35.89503], [-119.33548, 35.89458], [-119.33548, 35.89503], [-119.33436, 35.89503]]], [[[-119.31893, 35.89366], [-119.31835, 35.89457], [-119.31836, 35.89366], [-119.31893, 35.89366]]], [[[-119.31892, 35.89638], [-119.32005, 35.89547], [-119.32004, 35.89639], [-119.31892, 35.89638]]], [[[-119.31834, 35.8982], [-119.31892, 35.89729], [-119.31891, 35.8982], [-119.31834, 35.8982]]], [[[-119.31498, 35.89547], [-119.31555, 35.89457], [-119.31555, 35.89547], [-119.31498, 35.89547]]], [[[-119.33101, 35.89729], [-119.32878, 35.90001], [-119.32878, 35.89729], [-119.33101, 35.89729]]], [[[-119.33659, 35.89729], [-119.33771, 35.89548], [-119.3377, 35.89729], [-119.33659, 35.89729]]], [[[-119.33658, 35.89955], [-119.3377, 35.8991], [-119.3377, 35.89955], [-119.33658, 35.89955]]], [[[-119.3377, 35.9], [-119.33881, 35.9009], [-119.3377, 35.90091], [-119.3377, 35.9]]], [[[-119.32432, 35.90092], [-119.32544, 35.8991], [-119.32544, 35.90092], [-119.32432, 35.90092]]], [[[-119.32116, 35.89775], [-119.3221, 35.89729], [-119.3221, 35.89775], [-119.32116, 35.89775]]], [[[-119.3221, 35.89593], [-119.3206, 35.89547], [-119.3221, 35.89547], [-119.3221, 35.89593]]], [[[-119.32321, 35.90318], [-119.32432, 35.90273], [-119.32432, 35.90318], [-119.32321, 35.90318]]], [[[-119.32543, 35.905], [-119.32655, 35.90454], [-119.32655, 35.905], [-119.32543, 35.905]]], [[[-119.3206, 35.89199], [-119.32005, 35.89276], [-119.32005, 35.89199], [-119.3206, 35.89199]]], [[[-119.37989, 35.8624], [-119.3578, 35.86262], [-119.35772, 35.85901], [-119.35551, 35.85903], [-119.35535, 35.85182], [-119.3753, 35.85282], [-119.3752, 35.84938], [-119.37981, 35.85682], [-119.37989, 35.8624]]], [[[-119.35095, 35.85365], [-119.351, 35.85727], [-119.34877, 35.85728], [-119.34871, 35.85367], [-119.35095, 35.85365]]], [[[-119.35103, 35.85729], [-119.35109, 35.8609], [-119.34882, 35.8609], [-119.34877, 35.85728], [-119.35103, 35.85729]]], [[[-119.3296, 35.83858], [-119.3307, 35.83821], [-119.3307, 35.83857], [-119.3296, 35.83858]]], [[[-119.3307, 35.83894], [-119.3296, 35.83931], [-119.3296, 35.83894], [-119.3307, 35.83894]]], [[[-119.41415, 35.78081], [-119.40996, 35.78789], [-119.41002, 35.78078], [-119.41415, 35.78081]]], [[[-119.41451, 35.78084], [-119.41894, 35.78082], [-119.41887, 35.79007], [-119.40997, 35.79005], [-119.41451, 35.78084]]], [[[-119.37433, 35.78658], [-119.37784, 35.78571], [-119.3778, 35.7902], [-119.3743, 35.79021], [-119.37433, 35.78658]]], [[[-119.41897, 35.77471], [-119.42052, 35.7747], [-119.4203, 35.77507], [-119.41897, 35.77471]]], [[[-119.40563, 35.76838], [-119.41008, 35.76746], [-119.41007, 35.76837], [-119.40563, 35.76838]]], [[[-119.33767, 35.78029], [-119.33874, 35.78299], [-119.33543, 35.78301], [-119.33543, 35.78118], [-119.33767, 35.78029]]], [[[-119.32984, 35.7903], [-119.33208, 35.78844], [-119.33651, 35.78881], [-119.32984, 35.7903]]], [[[-119.32427, 35.79031], [-119.32537, 35.78982], [-119.32538, 35.79031], [-119.32427, 35.79031]]], [[[-119.42574, 35.76466], [-119.42354, 35.76466], [-119.42357, 35.76116], [-119.42575, 35.76116], [-119.42574, 35.76466]]], [[[-119.4279, 35.76942], [-119.4235, 35.77031], [-119.4235, 35.7702], [-119.4279, 35.76942]]], [[[-119.42568, 35.77486], [-119.42351, 35.77469], [-119.42569, 35.77468], [-119.42568, 35.77486]]], [[[-119.42351, 35.77415], [-119.42138, 35.77388], [-119.42351, 35.77388], [-119.42351, 35.77415]]], [[[-119.49912, 35.76822], [-119.51243, 35.76811], [-119.51241, 35.77527], [-119.49911, 35.77529], [-119.49912, 35.76822]]], [[[-119.43237, 35.77268], [-119.43458, 35.77249], [-119.43458, 35.77267], [-119.43237, 35.77268]]], [[[-119.43236, 35.77304], [-119.43456, 35.7743], [-119.43236, 35.77431], [-119.43236, 35.77304]]], [[[-119.45446, 35.79003], [-119.45452, 35.77912], [-119.45898, 35.77915], [-119.459, 35.77188], [-119.46794, 35.77183], [-119.46801, 35.76451], [-119.47232, 35.76452], [-119.4722, 35.78274], [-119.46002, 35.78265], [-119.46001, 35.78619], [-119.45672, 35.7862], [-119.45674, 35.79002], [-119.45446, 35.79003]]], [[[-119.46412, 35.77777], [-119.46646, 35.77548], [-119.46332, 35.77768], [-119.46379, 35.78266], [-119.46412, 35.77777]]], [[[-119.43461, 35.76995], [-119.43679, 35.77031], [-119.43461, 35.77032], [-119.43461, 35.76995]]], [[[-119.43676, 35.77447], [-119.43456, 35.77467], [-119.43456, 35.77448], [-119.43676, 35.77447]]], [[[-119.43235, 35.77556], [-119.43455, 35.77503], [-119.43455, 35.77555], [-119.43235, 35.77556]]], [[[-119.32332, 35.8439], [-119.32404, 35.84501], [-119.32331, 35.84501], [-119.32332, 35.8439]]], [[[-119.32257, 35.84502], [-119.32183, 35.84556], [-119.32184, 35.84503], [-119.32257, 35.84502]]]]}, "properties": {"id": "4", "name": "Allensworth Ecological Reserve", "kind": "public_land", "land_type": "Ecological Reserve", "access_verbatim": "Open; Refer to regulations or contact CDFW regional or area office prior to visit.", "link": "http://www.wildlife.ca.gov/Lands/Places-to-Visit/Allensworth-ER", "cdfw_region": 4, "hunting": {"state": "listed", "entry": 1, "verbatim": "Allowed only at such times and in the specific areas designated by the department.", "ccr_cite": "14 CCR \u00a7 630(d)", "booklet_page": 106, "wildlife_area_type": null, "restrictions": [], "absence_sentence": null, "name_note": null}}}, {"type": "Feature", "geometry": {"type": "Polygon", "coordinates": [[[-122.88968, 38.45209], [-122.88531, 38.44816], [-122.87788, 38.44771], [-122.87707, 38.44432], [-122.88584, 38.44774], [-122.89112, 38.45184], [-122.88969, 38.45207], [-122.89035, 38.45224], [-122.89078, 38.45252], [-122.89101, 38.45275], [-122.89106, 38.45298], [-122.89076, 38.45253], [-122.89033, 38.45226], [-122.88968, 38.45209]]]}, "properties": {"id": "5", "name": "Atascadero Creek Marsh Ecological Reserve", "kind": "public_land", "land_type": "Ecological Reserve", "access_verbatim": "Open; Refer to regulations or contact CDFW regional or area office prior to visit.", "link": "http://www.wildlife.ca.gov/Lands/Places-to-Visit/Atascadero-Creek-Marsh-ER", "cdfw_region": 3, "hunting": {"state": "not_listed_prohibited", "entry": null, "verbatim": "Unless listed and specified as allowed in the table below, hunting is prohibited on ecological reserves. Where hunting is allowed, it shall be subject to all applicable general hunting regulations and the area-specific regulations set forth in this subsection.", "ccr_cite": "14 CCR \u00a7 630(d)", "booklet_page": 106, "wildlife_area_type": null, "restrictions": [], "absence_sentence": null, "name_note": null}}}, {"type": "Feature", "geometry": {"type": "MultiPolygon", "coordinates": [[[[-122.2346, 37.51937], [-122.22945, 37.51744], [-122.22731, 37.52049], [-122.22327, 37.52052], [-122.22066, 37.51735], [-122.22491, 37.50122], [-122.22894, 37.50568], [-122.23866, 37.50911], [-122.239, 37.51911], [-122.2368, 37.5161], [-122.23449, 37.51537], [-122.2346, 37.51937]]], [[[-122.22915, 37.51949], [-122.23435, 37.52097], [-122.23575, 37.51642], [-122.23813, 37.52177], [-122.24272, 37.52501], [-122.24033, 37.52831], [-122.23078, 37.53068], [-122.22416, 37.54283], [-122.20342, 37.54041], [-122.20505, 37.538], [-122.19971, 37.53527], [-122.20069, 37.53405], [-122.19797, 37.5319], [-122.20679, 37.52505], [-122.21631, 37.52628], [-122.2202, 37.52285], [-122.21895, 37.51825], [-122.22107, 37.51826], [-122.22192, 37.52346], [-122.22915, 37.51949]]]]}, "properties": {"id": "6", "name": "Bair Island Ecological Reserve", "kind": "public_land", "land_type": "Ecological Reserve", "access_verbatim": "Open; Refer to regulations or contact CDFW regional or area office prior to visit.", "link": "http://www.wildlife.ca.gov/Lands/Places-to-Visit/Bair-Island-ER", "cdfw_region": 3, "hunting": {"state": "listed", "entry": 2, "verbatim": "Waterfowl hunting only.", "ccr_cite": "14 CCR \u00a7 630(d)", "booklet_page": 106, "wildlife_area_type": null, "restrictions": [{"entry": 2, "label": "Closure or restriction", "verbatim": "Closed to all visitor use/access from February 15 through May 20.", "ccr_cite": "14 CCR \u00a7 630", "booklet_table": "Designated Closures and Restrictions on Ecological Reserves", "booklet_page": 112}], "absence_sentence": null, "name_note": null}}}, {"type": "Feature", "geometry": {"type": "Polygon", "coordinates": [[[-116.8141, 34.28663], [-116.82257, 34.28675], [-116.82266, 34.29413], [-116.81413, 34.29405], [-116.8141, 34.28663]]]}, "properties": {"id": "7", "name": "Baldwin Lake Ecological Reserve", "kind": "public_land", "land_type": "Ecological Reserve", "access_verbatim": "Open; Refer to regulations or contact CDFW regional or area office prior to visit.", "link": "http://www.wildlife.ca.gov/Lands/Places-to-Visit/Baldwin-Lake-ER", "cdfw_region": 6, "hunting": {"state": "listed", "entry": 3, "verbatim": "Waterfowl and upland game only. Waterfowl hunting shall be from boats only.", "ccr_cite": "14 CCR \u00a7 630(d)", "booklet_page": 106, "wildlife_area_type": null, "restrictions": [], "absence_sentence": null, "name_note": null}}}, {"type": "Feature", "geometry": {"type": "MultiPolygon", "coordinates": [[[[-118.45159, 33.96464], [-118.44448, 33.96865], [-118.43377, 33.97472], [-118.43351, 33.97239], [-118.43788, 33.97008], [-118.44394, 33.96277], [-118.44818, 33.95963], [-118.45159, 33.96464]]], [[[-118.4407, 33.96933], [-118.4402, 33.96925], [-118.44044, 33.96951], [-118.4407, 33.96933]]], [[[-118.44252, 33.96733], [-118.44201, 33.96724], [-118.44226, 33.9675], [-118.44252, 33.96733]]], [[[-118.44371, 33.96652], [-118.44323, 33.96636], [-118.44342, 33.96665], [-118.44371, 33.96652]]], [[[-118.44166, 33.96645], [-118.44118, 33.96629], [-118.44137, 33.96658], [-118.44166, 33.96645]]], [[[-118.4431, 33.9658], [-118.4426, 33.96591], [-118.44296, 33.96605], [-118.4431, 33.9658]]], [[[-118.44507, 33.96593], [-118.44459, 33.96578], [-118.44478, 33.96607], [-118.44507, 33.96593]]], [[[-118.4444, 33.96521], [-118.44392, 33.96505], [-118.44412, 33.96534], [-118.4444, 33.96521]]], [[[-118.44836, 33.96124], [-118.44788, 33.96109], [-118.44807, 33.96138], [-118.44836, 33.96124]]], [[[-118.44451, 33.96869], [-118.44544, 33.96982], [-118.44544, 33.97342], [-118.44495, 33.97411], [-118.43613, 33.97802], [-118.4332, 33.97591], [-118.43376, 33.97478], [-118.44451, 33.96869]]], [[[-118.44533, 33.97178], [-118.44482, 33.97186], [-118.44517, 33.97202], [-118.44533, 33.97178]]], [[[-118.44337, 33.97151], [-118.44297, 33.97123], [-118.44304, 33.97156], [-118.44337, 33.97151]]], [[[-118.44474, 33.97082], [-118.44426, 33.97066], [-118.44445, 33.97095], [-118.44474, 33.97082]]], [[[-118.44294, 33.97006], [-118.44243, 33.97014], [-118.44277, 33.9703], [-118.44294, 33.97006]]], [[[-118.44411, 33.96967], [-118.44363, 33.96951], [-118.44382, 33.9698], [-118.44411, 33.96967]]], [[[-118.43241, 33.97494], [-118.43067, 33.97205], [-118.43926, 33.96809], [-118.43752, 33.97012], [-118.4332, 33.97234], [-118.43241, 33.97494]]], [[[-118.43841, 33.96897], [-118.43793, 33.96881], [-118.43812, 33.9691], [-118.43841, 33.96897]]], [[[-118.43267, 33.97533], [-118.43335, 33.97494], [-118.43298, 33.97571], [-118.43267, 33.97533]]], [[[-118.43294, 33.97623], [-118.43569, 33.97821], [-118.43188, 33.98175], [-118.42893, 33.9812], [-118.43294, 33.97623]]], [[[-118.43198, 33.97484], [-118.42516, 33.98023], [-118.4238, 33.97997], [-118.42539, 33.97912], [-118.43198, 33.97484]]], [[[-118.43142, 33.97613], [-118.42875, 33.98091], [-118.4253, 33.98025], [-118.43142, 33.97613]]], [[[-118.43443, 33.97002], [-118.43089, 33.96978], [-118.42614, 33.96548], [-118.43069, 33.96733], [-118.43418, 33.96523], [-118.43707, 33.96605], [-118.44472, 33.96152], [-118.43915, 33.96778], [-118.43443, 33.97002]]], [[[-118.44127, 33.96475], [-118.4408, 33.96459], [-118.44099, 33.96488], [-118.44127, 33.96475]]], [[[-118.43871, 33.96659], [-118.43823, 33.96643], [-118.43842, 33.96672], [-118.43871, 33.96659]]], [[[-118.43826, 33.96817], [-118.43778, 33.96801], [-118.43797, 33.9683], [-118.43826, 33.96817]]]]}, "properties": {"id": "8", "name": "Ballona Wetlands Ecological Reserve", "kind": "public_land", "land_type": "Ecological Reserve", "access_verbatim": "Open; Refer to regulations or contact CDFW regional or area office prior to visit.", "link": "https://wildlife.ca.gov/Lands/Places-to-Visit/Ballona-Wetland-ER", "cdfw_region": 5, "hunting": {"state": "not_listed_prohibited", "entry": null, "verbatim": "Unless listed and specified as allowed in the table below, hunting is prohibited on ecological reserves. Where hunting is allowed, it shall be subject to all applicable general hunting regulations and the area-specific regulations set forth in this subsection.", "ccr_cite": "14 CCR \u00a7 630(d)", "booklet_page": 106, "wildlife_area_type": null, "restrictions": [{"entry": 3, "label": "Closure or restriction", "verbatim": "Pets, including dogs and cats, are prohibited. Unless the department determines that restoration or other uses in the following areas is more appropriate, existing recreational uses may be allowed under license agreement with Playa Vista Little League in that portion of Area C identified in the license agreement and existing parking areas may be allowed under leases to the County of Los Angeles.", "ccr_cite": "14 CCR \u00a7 630", "booklet_table": "Designated Closures and Restrictions on Ecological Reserves", "booklet_page": 112}], "absence_sentence": null, "name_note": null}}}, {"type": "Feature", "geometry": {"type": "MultiPolygon", "coordinates": [[[[-117.31151, 33.08908], [-117.30872, 33.0838], [-117.30939, 33.08358], [-117.31151, 33.08908]]], [[[-117.30971, 33.08909], [-117.30633, 33.0891], [-117.30493, 33.09321], [-117.30081, 33.087], [-117.30808, 33.08406], [-117.30971, 33.08909]]], [[[-117.26916, 33.09307], [-117.26919, 33.0855], [-117.28001, 33.08809], [-117.29552, 33.0853], [-117.3024, 33.09298], [-117.29331, 33.09102], [-117.29093, 33.09265], [-117.28935, 33.09104], [-117.282, 33.09147], [-117.27923, 33.09404], [-117.26916, 33.09307]]]]}, "properties": {"id": "9", "name": "Batiquitos Lagoon Ecological Reserve", "kind": "public_land", "land_type": "Ecological Reserve", "access_verbatim": "Open; Refer to regulations or contact CDFW regional or area office prior to visit.", "link": "http://www.wildlife.ca.gov/Lands/Places-to-Visit/Batiquitos-Lagoon-ER", "cdfw_region": 5, "hunting": {"state": "not_listed_prohibited", "entry": null, "verbatim": "Unless listed and specified as allowed in the table below, hunting is prohibited on ecological reserves. Where hunting is allowed, it shall be subject to all applicable general hunting regulations and the area-specific regulations set forth in this subsection.", "ccr_cite": "14 CCR \u00a7 630(d)", "booklet_page": 106, "wildlife_area_type": null, "restrictions": [], "absence_sentence": null, "name_note": null}}}, {"type": "Feature", "geometry": {"type": "Polygon", "coordinates": [[[-119.59451, 37.05547], [-119.58848, 37.05776], [-119.58844, 37.05386], [-119.58348, 37.05371], [-119.58351, 37.032], [-119.58817, 37.03204], [-119.58813, 37.03933], [-119.59692, 37.03952], [-119.59651, 37.04667], [-119.60133, 37.04677], [-119.60129, 37.05052], [-119.60561, 37.05063], [-119.60553, 37.05463], [-119.60151, 37.05776], [-119.59317, 37.05783], [-119.59563, 37.0567], [-119.59628, 37.05218], [-119.59419, 37.05221], [-119.59281, 37.05545], [-119.59451, 37.05547]], [[-119.59069, 37.05394], [-119.592, 37.05068], [-119.59109, 37.04986], [-119.58967, 37.05297], [-119.59069, 37.05394]]]}, "properties": {"id": "10", "name": "Big Table Mountain Ecological Reserve", "kind": "public_land", "land_type": "Ecological Reserve", "access_verbatim": "Open; Refer to regulations or contact CDFW regional or area office prior to visit.", "link": "http://www.wildlife.ca.gov/Lands/Places-to-Visit/Big-Table-Mountain-ER", "cdfw_region": 4, "hunting": {"state": "not_listed_prohibited", "entry": null, "verbatim": "Unless listed and specified as allowed in the table below, hunting is prohibited on ecological reserves. Where hunting is allowed, it shall be subject to all applicable general hunting regulations and the area-specific regulations set forth in this subsection.", "ccr_cite": "14 CCR \u00a7 630(d)", "booklet_page": 106, "wildlife_area_type": null, "restrictions": [], "absence_sentence": null, "name_note": null}}}, {"type": "Feature", "geometry": {"type": "Polygon", "coordinates": [[[-117.00395, 33.01294], [-116.99636, 33.01507], [-116.99613, 33.00753], [-117.00664, 33.00842], [-117.00625, 33.01481], [-117.02362, 33.01454], [-117.02227, 33.0187], [-117.02401, 33.01936], [-117.01485, 33.02099], [-117.01497, 33.02315], [-116.99657, 33.02182], [-116.99648, 33.01886], [-117.00117, 33.01885], [-117.00114, 33.01494], [-117.00153, 33.01604], [-117.00225, 33.01638], [-117.00337, 33.01606], [-117.00395, 33.01294]]]}, "properties": {"id": "11", "name": "Blue Sky Ecological Reserve", "kind": "public_land", "land_type": "Ecological Reserve", "access_verbatim": "Open; Refer to regulations or contact CDFW regional or area office prior to visit.", "link": "http://www.wildlife.ca.gov/Lands/Places-to-Visit/Blue-Sky-ER", "cdfw_region": 5, "hunting": {"state": "not_listed_prohibited", "entry": null, "verbatim": "Unless listed and specified as allowed in the table below, hunting is prohibited on ecological reserves. Where hunting is allowed, it shall be subject to all applicable general hunting regulations and the area-specific regulations set forth in this subsection.", "ccr_cite": "14 CCR \u00a7 630(d)", "booklet_page": 106, "wildlife_area_type": null, "restrictions": [], "absence_sentence": null, "name_note": null}}}, {"type": "Feature", "geometry": {"type": "MultiPolygon", "coordinates": [[[[-116.90375, 33.08626], [-116.90509, 33.08321], [-116.9047, 33.08703], [-116.90375, 33.08626]]], [[[-116.90147, 33.09117], [-116.90103, 33.08338], [-116.90368, 33.08327], [-116.90353, 33.08618], [-116.90558, 33.09089], [-116.90147, 33.09117]]], [[[-116.89731, 33.10293], [-116.8973, 33.10663], [-116.90583, 33.10636], [-116.90586, 33.11019], [-116.90156, 33.11026], [-116.90157, 33.12109], [-116.88874, 33.12113], [-116.88869, 33.11754], [-116.88441, 33.11746], [-116.8844, 33.11378], [-116.88868, 33.11384], [-116.88867, 33.11018], [-116.89296, 33.11039], [-116.893, 33.1049], [-116.89731, 33.10293]]], [[[-116.90571, 33.12476], [-116.90611, 33.14168], [-116.89314, 33.14275], [-116.89323, 33.12482], [-116.90571, 33.12476]]]]}, "properties": {"id": "12", "name": "Boden Canyon Ecological Reserve", "kind": "public_land", "land_type": "Ecological Reserve", "access_verbatim": "Open; Refer to regulations or contact CDFW regional or area office prior to visit.", "link": "http://www.wildlife.ca.gov/Lands/Places-to-Visit/Boden-Canyon-ER", "cdfw_region": 5, "hunting": {"state": "listed", "entry": 5, "verbatim": "Allowed but only at such times and in the specific areas designated by the department. Deer hunting restricted to archery only.", "ccr_cite": "14 CCR \u00a7 630(d)", "booklet_page": 106, "wildlife_area_type": null, "restrictions": [], "absence_sentence": null, "name_note": null}}}, {"type": "Feature", "geometry": {"type": "Polygon", "coordinates": [[[-122.77944, 38.89017], [-122.77005, 38.89005], [-122.76972, 38.88268], [-122.7712, 38.88377], [-122.77127, 38.88185], [-122.77359, 38.88188], [-122.77364, 38.8839], [-122.77029, 38.88567], [-122.77278, 38.88929], [-122.77944, 38.89017]]]}, "properties": {"id": "13", "name": "Boggs Lake Ecological Reserve", "kind": "public_land", "land_type": "Ecological Reserve", "access_verbatim": "Open; Refer to regulations or contact CDFW regional or area office prior to visit.", "link": "http://www.wildlife.ca.gov/Lands/Places-to-Visit/Boggs-Lake-ER", "cdfw_region": 2, "hunting": {"state": "not_listed_prohibited", "entry": null, "verbatim": "Unless listed and specified as allowed in the table below, hunting is prohibited on ecological reserves. Where hunting is allowed, it shall be subject to all applicable general hunting regulations and the area-specific regulations set forth in this subsection.", "ccr_cite": "14 CCR \u00a7 630(d)", "booklet_page": 106, "wildlife_area_type": null, "restrictions": [], "absence_sentence": null, "name_note": null}}}, {"type": "Feature", "geometry": {"type": "Polygon", "coordinates": [[[-118.03949, 33.70723], [-118.02083, 33.69489], [-118.02046, 33.68902], [-118.02234, 33.68627], [-118.03519, 33.68308], [-118.06263, 33.7114], [-118.0521, 33.71157], [-118.04767, 33.70729], [-118.04251, 33.70643], [-118.03269, 33.71073], [-118.03949, 33.70723]]]}, "properties": {"id": "14", "name": "Bolsa Chica Ecological Reserve", "kind": "public_land", "land_type": "Ecological Reserve", "access_verbatim": "Open; Refer to regulations or contact CDFW regional or area office prior to visit.", "link": "http://www.wildlife.ca.gov/Lands/Places-to-Visit/Bolsa-Chica-ER", "cdfw_region": 5, "hunting": {"state": "not_listed_prohibited", "entry": null, "verbatim": "Unless listed and specified as allowed in the table below, hunting is prohibited on ecological reserves. Where hunting is allowed, it shall be subject to all applicable general hunting regulations and the area-specific regulations set forth in this subsection.", "ccr_cite": "14 CCR \u00a7 630(d)", "booklet_page": 106, "wildlife_area_type": null, "restrictions": [{"entry": 5, "label": "Closure or restriction", "verbatim": "Pets are prohibited, except when they remain inside a motor vehicle. Visitors must stay on established trails, paths or other designated areas. The reserve is closed to visitor access and use from 8:00 p.m. to 6:00 a.m.", "ccr_cite": "14 CCR \u00a7 630", "booklet_table": "Designated Closures and Restrictions on Ecological Reserves", "booklet_page": 112}], "absence_sentence": null, "name_note": null}}}, {"type": "Feature", "geometry": {"type": "Polygon", "coordinates": [[[-122.14731, 37.05839], [-122.13396, 37.05853], [-122.13397, 37.05305], [-122.12436, 37.05302], [-122.12343, 37.04574], [-122.13399, 37.04563], [-122.13386, 37.04037], [-122.13812, 37.04031], [-122.13824, 37.04382], [-122.14489, 37.0438], [-122.14226, 37.04578], [-122.14278, 37.05109], [-122.13798, 37.05121], [-122.13801, 37.05338], [-122.1473, 37.05338], [-122.14731, 37.05839]], [[-122.13828, 37.05487], [-122.1361, 37.05645], [-122.13828, 37.05605], [-122.13828, 37.05487]], [[-122.13397, 37.04855], [-122.13655, 37.04968], [-122.13864, 37.04873], [-122.13397, 37.04855]]]}, "properties": {"id": "15", "name": "Bonny Doon Ecological Reserve", "kind": "public_land", "land_type": "Ecological Reserve", "access_verbatim": "Open; Refer to regulations or contact CDFW regional or area office prior to visit.", "link": "http://www.wildlife.ca.gov/Lands/Places-to-Visit/Bonny-Doon-ER", "cdfw_region": 3, "hunting": {"state": "not_listed_prohibited", "entry": null, "verbatim": "Unless listed and specified as allowed in the table below, hunting is prohibited on ecological reserves. Where hunting is allowed, it shall be subject to all applicable general hunting regulations and the area-specific regulations set forth in this subsection.", "ccr_cite": "14 CCR \u00a7 630(d)", "booklet_page": 106, "wildlife_area_type": null, "restrictions": [], "absence_sentence": null, "name_note": null}}}, {"type": "Feature", "geometry": {"type": "MultiPolygon", "coordinates": [[[[-117.3228, 33.17941], [-117.3063, 33.1797], [-117.30599, 33.17687], [-117.31246, 33.17652], [-117.31344, 33.17415], [-117.32444, 33.17989], [-117.32454, 33.18131], [-117.3228, 33.17941]]], [[[-117.29826, 33.18064], [-117.29583, 33.18017], [-117.29823, 33.1803], [-117.29826, 33.18064]]]]}, "properties": {"id": "16", "name": "Buena Vista Creek Ecological Reserve", "kind": "public_land", "land_type": "Ecological Reserve", "access_verbatim": "Open; Refer to regulations or contact CDFW regional or area office prior to visit.", "link": "http://www.wildlife.ca.gov/Lands/Places-to-Visit/Buena-Vista-Creek-ER", "cdfw_region": 5, "hunting": {"state": "not_listed_prohibited", "entry": null, "verbatim": "Unless listed and specified as allowed in the table below, hunting is prohibited on ecological reserves. Where hunting is allowed, it shall be subject to all applicable general hunting regulations and the area-specific regulations set forth in this subsection.", "ccr_cite": "14 CCR \u00a7 630(d)", "booklet_page": 106, "wildlife_area_type": null, "restrictions": [], "absence_sentence": null, "name_note": null}}}, {"type": "Feature", "geometry": {"type": "MultiPolygon", "coordinates": [[[[-117.35703, 33.16884], [-117.3557, 33.16576], [-117.35885, 33.16883], [-117.35703, 33.16884]]], [[[-117.35387, 33.16563], [-117.35686, 33.16908], [-117.35283, 33.17479], [-117.35035, 33.17486], [-117.34954, 33.16905], [-117.35387, 33.16563]]], [[[-117.3478, 33.17342], [-117.34832, 33.17818], [-117.34043, 33.17988], [-117.34069, 33.17823], [-117.3478, 33.17342]]], [[[-117.3427, 33.18054], [-117.34443, 33.18043], [-117.34106, 33.18072], [-117.3427, 33.18054]]], [[[-117.3408, 33.18058], [-117.3405, 33.1801], [-117.34176, 33.18048], [-117.3408, 33.18058]]]]}, "properties": {"id": "17", "name": "Buena Vista Lagoon Ecological Reserve", "kind": "public_land", "land_type": "Ecological Reserve", "access_verbatim": "Open; Refer to regulations or contact CDFW regional or area office prior to visit.", "link": "http://www.wildlife.ca.gov/Lands/Places-to-Visit/Buena-Vista-Lagoon-ER", "cdfw_region": 5, "hunting": {"state": "not_listed_prohibited", "entry": null, "verbatim": "Unless listed and specified as allowed in the table below, hunting is prohibited on ecological reserves. Where hunting is allowed, it shall be subject to all applicable general hunting regulations and the area-specific regulations set forth in this subsection.", "ccr_cite": "14 CCR \u00a7 630(d)", "booklet_page": 106, "wildlife_area_type": null, "restrictions": [], "absence_sentence": null, "name_note": null}}}, {"type": "Feature", "geometry": {"type": "MultiPolygon", "coordinates": [[[[-120.45921, 34.68935], [-120.46309, 34.68878], [-120.46301, 34.69569], [-120.45934, 34.69343], [-120.45921, 34.68935]]], [[[-120.44933, 34.68871], [-120.45857, 34.68875], [-120.45865, 34.69356], [-120.463, 34.69638], [-120.46321, 34.70385], [-120.45112, 34.70017], [-120.45139, 34.69351], [-120.45076, 34.69205], [-120.44813, 34.69044], [-120.44933, 34.68871]]], [[[-120.44781, 34.69036], [-120.44725, 34.68935], [-120.44872, 34.68881], [-120.44781, 34.69036]]], [[[-120.48619, 34.70707], [-120.4721, 34.70137], [-120.47286, 34.69444], [-120.47545, 34.69345], [-120.47365, 34.69268], [-120.47688, 34.68886], [-120.50382, 34.68903], [-120.49188, 34.70681], [-120.48952, 34.70585], [-120.48782, 34.7087], [-120.48619, 34.70707]]], [[[-120.43966, 34.69175], [-120.43786, 34.68871], [-120.44774, 34.68869], [-120.44284, 34.69005], [-120.43966, 34.69175]]], [[[-120.43925, 34.70571], [-120.44788, 34.69066], [-120.44962, 34.69143], [-120.45125, 34.6945], [-120.4495, 34.69755], [-120.45075, 34.70015], [-120.45284, 34.70125], [-120.44916, 34.70122], [-120.44903, 34.70828], [-120.43677, 34.70841], [-120.43925, 34.70571]]], [[[-120.42999, 34.70051], [-120.43525, 34.70037], [-120.43629, 34.69547], [-120.43839, 34.69466], [-120.43654, 34.69434], [-120.43702, 34.69237], [-120.44671, 34.69048], [-120.43637, 34.70872], [-120.43414, 34.71498], [-120.43003, 34.71715], [-120.42189, 34.71368], [-120.42866, 34.70578], [-120.42946, 34.70419], [-120.42999, 34.70051]]], [[[-120.43664, 34.70057], [-120.43523, 34.70138], [-120.43661, 34.7014], [-120.43664, 34.70057]]], [[[-120.42998, 34.70037], [-120.4271, 34.70148], [-120.429, 34.70452], [-120.42184, 34.71305], [-120.41389, 34.70935], [-120.4121, 34.71069], [-120.39974, 34.70876], [-120.40015, 34.71189], [-120.39681, 34.71107], [-120.39611, 34.7087], [-120.39273, 34.70971], [-120.39926, 34.70038], [-120.42998, 34.70037]]], [[[-120.46775, 34.73924], [-120.47378, 34.73711], [-120.47248, 34.73249], [-120.47042, 34.73577], [-120.46088, 34.72897], [-120.45946, 34.72675], [-120.46225, 34.72673], [-120.45926, 34.72476], [-120.44438, 34.71964], [-120.43991, 34.72022], [-120.43844, 34.71627], [-120.43417, 34.71534], [-120.43582, 34.71165], [-120.44903, 34.71141], [-120.44907, 34.7196], [-120.4626, 34.71951], [-120.46285, 34.71599], [-120.47437, 34.71628], [-120.47822, 34.7117], [-120.47072, 34.70514], [-120.47303, 34.70282], [-120.48607, 34.70766], [-120.48744, 34.70933], [-120.47828, 34.72468], [-120.48371, 34.72687], [-120.47697, 34.74825], [-120.46392, 34.74918], [-120.45142, 34.74236], [-120.46783, 34.74206], [-120.46775, 34.73924]]]]}, "properties": {"id": "18", "name": "Burton Mesa Ecological Reserve", "kind": "public_land", "land_type": "Ecological Reserve", "access_verbatim": "Open; Refer to regulations or contact CDFW regional or area office prior to visit.", "link": "http://www.wildlife.ca.gov/Lands/Places-to-Visit/Burton-Mesa-ER", "cdfw_region": 5, "hunting": {"state": "listed", "entry": 7, "verbatim": "Allowed for upland game birds during department sponsored special hunt program events. Shotgun and archery only.", "ccr_cite": "14 CCR \u00a7 630(d)", "booklet_page": 106, "wildlife_area_type": null, "restrictions": [{"entry": 6, "label": "Closure or restriction", "verbatim": "Motor vehicle use by visitors is prohibited.", "ccr_cite": "14 CCR \u00a7 630", "booklet_table": "Designated Closures and Restrictions on Ecological Reserves", "booklet_page": 112}], "absence_sentence": null, "name_note": null}}}, {"type": "Feature", "geometry": {"type": "Polygon", "coordinates": [[[-122.12919, 40.15297], [-122.12154, 40.15087], [-122.11949, 40.14718], [-122.12393, 40.1472], [-122.12919, 40.15297]]]}, "properties": {"id": "19", "name": "Butler Slough Ecological Reserve", "kind": "public_land", "land_type": "Ecological Reserve", "access_verbatim": "Open; Refer to regulations or contact CDFW regional or area office prior to visit.", "link": "http://www.wildlife.ca.gov/Lands/Places-to-Visit/Butler-Slough-ER", "cdfw_region": 1, "hunting": {"state": "not_listed_prohibited", "entry": null, "verbatim": "Unless listed and specified as allowed in the table below, hunting is prohibited on ecological reserves. Where hunting is allowed, it shall be subject to all applicable general hunting regulations and the area-specific regulations set forth in this subsection.", "ccr_cite": "14 CCR \u00a7 630(d)", "booklet_page": 106, "wildlife_area_type": null, "restrictions": [], "absence_sentence": null, "name_note": null}}}, {"type": "Feature", "geometry": {"type": "MultiPolygon", "coordinates": [[[[-121.74945, 39.71022], [-121.7387, 39.71337], [-121.72405, 39.71143], [-121.72964, 39.70962], [-121.74205, 39.71044], [-121.75258, 39.70585], [-121.76539, 39.70316], [-121.77064, 39.70503], [-121.75705, 39.70531], [-121.74946, 39.70848], [-121.74945, 39.71022]]], [[[-121.77888, 39.70269], [-121.77584, 39.70202], [-121.7768, 39.70052], [-121.77381, 39.69725], [-121.7778, 39.69429], [-121.77888, 39.70269]]]]}, "properties": {"id": "20", "name": "Butte Creek Canyon Ecological Reserve", "kind": "public_land", "land_type": "Ecological Reserve", "access_verbatim": "Open; Refer to regulations or contact CDFW regional or area office prior to visit.", "link": "http://www.wildlife.ca.gov/Lands/Places-to-Visit/Butte-Creek-Canyon-ER", "cdfw_region": 2, "hunting": {"state": "not_listed_prohibited", "entry": null, "verbatim": "Unless listed and specified as allowed in the table below, hunting is prohibited on ecological reserves. Where hunting is allowed, it shall be subject to all applicable general hunting regulations and the area-specific regulations set forth in this subsection.", "ccr_cite": "14 CCR \u00a7 630(d)", "booklet_page": 106, "wildlife_area_type": null, "restrictions": [{"entry": 7, "label": "Closure or restriction", "verbatim": "Motor vehicle use by visitors is prohibited.", "ccr_cite": "14 CCR \u00a7 630", "booklet_table": "Designated Closures and Restrictions on Ecological Reserves", "booklet_page": 112}], "absence_sentence": null, "name_note": null}}}, {"type": "Feature", "geometry": {"type": "Polygon", "coordinates": [[[-121.41919, 40.08977], [-121.40011, 40.08995], [-121.39997, 40.07894], [-121.40504, 40.07891], [-121.40498, 40.08256], [-121.41451, 40.08253], [-121.41448, 40.08613], [-121.41914, 40.08608], [-121.41919, 40.08977]]]}, "properties": {"id": "21", "name": "Butte Creek House Ecological Reserve", "kind": "public_land", "land_type": "Ecological Reserve", "access_verbatim": "Open; Refer to regulations or contact CDFW regional or area office prior to visit.", "link": "http://www.wildlife.ca.gov/Lands/Places-to-Visit/Butte-Creek-House-ER", "cdfw_region": 2, "hunting": {"state": "not_listed_prohibited", "entry": null, "verbatim": "Unless listed and specified as allowed in the table below, hunting is prohibited on ecological reserves. Where hunting is allowed, it shall be subject to all applicable general hunting regulations and the area-specific regulations set forth in this subsection.", "ccr_cite": "14 CCR \u00a7 630(d)", "booklet_page": 106, "wildlife_area_type": null, "restrictions": [{"entry": 8, "label": "Closure or restriction", "verbatim": "Motor vehicle use by visitors is prohibited.", "ccr_cite": "14 CCR \u00a7 630", "booklet_table": "Designated Closures and Restrictions on Ecological Reserves", "booklet_page": 113}], "absence_sentence": null, "name_note": null}}}, {"type": "Feature", "geometry": {"type": "MultiPolygon", "coordinates": [[[[-119.40365, 35.45962], [-119.40365, 35.4568], [-119.41267, 35.45691], [-119.4123, 35.47125], [-119.40367, 35.47124], [-119.40366, 35.46052], [-119.40151, 35.4605], [-119.40365, 35.45962]]], [[[-119.40153, 35.45862], [-119.39944, 35.45956], [-119.39948, 35.45861], [-119.40153, 35.45862]]], [[[-119.39917, 35.46399], [-119.39025, 35.46395], [-119.39028, 35.46027], [-119.3992, 35.46031], [-119.39917, 35.46399]]], [[[-119.40363, 35.45678], [-119.3859, 35.45671], [-119.38589, 35.44196], [-119.37601, 35.44198], [-119.37604, 35.43125], [-119.38506, 35.43115], [-119.38508, 35.43464], [-119.39375, 35.43473], [-119.39367, 35.44201], [-119.40362, 35.44206], [-119.40363, 35.45678]]]]}, "properties": {"id": "22", "name": "Buttonwillow Ecological Reserve", "kind": "public_land", "land_type": "Ecological Reserve", "access_verbatim": "Open; Refer to regulations or contact CDFW regional or area office prior to visit.", "link": "http://www.wildlife.ca.gov/Lands/Places-to-Visit/Buttonwillow-ER", "cdfw_region": 4, "hunting": {"state": "listed", "entry": 8, "verbatim": "Allowed only at such times and in the specific areas designated by the department.", "ccr_cite": "14 CCR \u00a7 630(d)", "booklet_page": 106, "wildlife_area_type": null, "restrictions": [], "absence_sentence": null, "name_note": null}}}, {"type": "Feature", "geometry": {"type": "MultiPolygon", "coordinates": [[[[-119.33714, 38.27071], [-119.33715, 38.25997], [-119.33943, 38.25991], [-119.33944, 38.25629], [-119.3417, 38.25623], [-119.34167, 38.27063], [-119.33714, 38.27071]]], [[[-119.33255, 38.2708], [-119.33714, 38.27071], [-119.33714, 38.27426], [-119.3188, 38.27469], [-119.31881, 38.27107], [-119.32339, 38.27097], [-119.32341, 38.26374], [-119.33258, 38.26357], [-119.33255, 38.2708]]]]}, "properties": {"id": "23", "name": "By Day Creek Ecological Reserve", "kind": "public_land", "land_type": "Ecological Reserve", "access_verbatim": "Open; Refer to regulations or contact CDFW regional or area office prior to visit.", "link": "http://www.wildlife.ca.gov/Lands/Places-to-Visit/By-Day-Creek-ER", "cdfw_region": 6, "hunting": {"state": "listed", "entry": 9, "verbatim": "Allowed.", "ccr_cite": "14 CCR \u00a7 630(d)", "booklet_page": 106, "wildlife_area_type": null, "restrictions": [], "absence_sentence": null, "name_note": null}}}, {"type": "Feature", "geometry": {"type": "Polygon", "coordinates": [[[-121.79621, 38.26681], [-121.78611, 38.26604], [-121.77565, 38.26078], [-121.78247, 38.25595], [-121.78255, 38.24901], [-121.80556, 38.24907], [-121.80533, 38.264], [-121.7963, 38.26399], [-121.79621, 38.26681]]]}, "properties": {"id": "24", "name": "Calhoun Cut Ecological Reserve", "kind": "public_land", "land_type": "Ecological Reserve", "access_verbatim": "Open; Refer to regulations or contact CDFW regional or area office prior to visit.", "link": "http://www.wildlife.ca.gov/Lands/Places-to-Visit/Calhoun-Cut-ER", "cdfw_region": 3, "hunting": {"state": "listed", "entry": 10, "verbatim": "Waterfowl allowed only from a boat on the waters within the reserve that are accessible only from Lindsey Slough. There are no launch sites on the reserve.", "ccr_cite": "14 CCR \u00a7 630(d)", "booklet_page": 106, "wildlife_area_type": null, "restrictions": [{"entry": 9, "label": "Closure or restriction", "verbatim": "The land portions of the reserve are closed to all visitor use/ access. The navigable portions of Calhoun Cut and associated sloughs are accessible only by boat from Lindsey Slough.", "ccr_cite": "14 CCR \u00a7 630", "booklet_table": "Designated Closures and Restrictions on Ecological Reserves", "booklet_page": 113}], "absence_sentence": null, "name_note": null}}}, {"type": "Feature", "geometry": {"type": "Polygon", "coordinates": [[[-121.36351, 37.05469], [-121.3598, 37.05195], [-121.32986, 37.05032], [-121.33836, 37.02376], [-121.35159, 37.02555], [-121.35188, 37.03006], [-121.35648, 37.0363], [-121.35931, 37.03393], [-121.36401, 37.03394], [-121.36423, 37.04326], [-121.37786, 37.04373], [-121.38389, 37.03927], [-121.38388, 37.03637], [-121.40663, 37.03527], [-121.412, 37.03292], [-121.42389, 37.03444], [-121.42101, 37.03583], [-121.42061, 37.04341], [-121.42516, 37.04679], [-121.41823, 37.05062], [-121.41172, 37.05078], [-121.41176, 37.05427], [-121.40468, 37.05799], [-121.38542, 37.05837], [-121.38548, 37.08733], [-121.36403, 37.08619], [-121.36424, 37.05726], [-121.37633, 37.05786], [-121.37606, 37.05044], [-121.36702, 37.04992], [-121.36696, 37.04679], [-121.36414, 37.04664], [-121.36351, 37.05469]]]}, "properties": {"id": "25", "name": "Canada de Los Osos Ecological Reserve", "kind": "public_land", "land_type": "Ecological Reserve", "access_verbatim": "Open; Refer to regulations or contact CDFW regional or area office prior to visit.", "link": "http://www.wildlife.ca.gov/Lands/Places-to-Visit/Canada-de-los-Osos-ER", "cdfw_region": 3, "hunting": {"state": "listed", "entry": 11, "verbatim": "Allowed but only as part of department special opportunities at such times and in the specific areas designated by the department.", "ccr_cite": "14 CCR \u00a7 630(d)", "booklet_page": 106, "wildlife_area_type": null, "restrictions": [{"entry": 10, "label": "Closure or restriction", "verbatim": "Closed to all visitor use/access except for special opportunities as provided in subsections 630(d)(9) and 630(e)(9) of these regulations.", "ccr_cite": "14 CCR \u00a7 630", "booklet_table": "Designated Closures and Restrictions on Ecological Reserves", "booklet_page": 113}], "absence_sentence": null, "name_note": null}}}, {"type": "Feature", "geometry": {"type": "MultiPolygon", "coordinates": [[[[-118.29947, 35.71057], [-118.29962, 35.70353], [-118.29049, 35.70316], [-118.29033, 35.696], [-118.29934, 35.69594], [-118.29926, 35.68863], [-118.31711, 35.68863], [-118.31725, 35.71781], [-118.30832, 35.71782], [-118.3084, 35.71045], [-118.29947, 35.71057]]], [[[-118.29025, 35.67924], [-118.29917, 35.67776], [-118.29929, 35.67573], [-118.30582, 35.67567], [-118.30807, 35.68126], [-118.30357, 35.68132], [-118.3035, 35.68491], [-118.29477, 35.68499], [-118.29475, 35.68143], [-118.2902, 35.68136], [-118.29025, 35.68874], [-118.27708, 35.68859], [-118.27705, 35.68494], [-118.27254, 35.68488], [-118.27253, 35.68124], [-118.27693, 35.68112], [-118.27699, 35.6776], [-118.28135, 35.6775], [-118.28144, 35.67599], [-118.29016, 35.67567], [-118.29025, 35.67924]]], [[[-118.16568, 35.69763], [-118.17011, 35.69583], [-118.17007, 35.6977], [-118.16568, 35.69763]]], [[[-118.15633, 35.68933], [-118.15636, 35.69274], [-118.161, 35.69279], [-118.16087, 35.69956], [-118.17009, 35.69971], [-118.1702, 35.70348], [-118.17473, 35.70343], [-118.17483, 35.6997], [-118.17911, 35.69961], [-118.17938, 35.7034], [-118.188, 35.70333], [-118.18793, 35.69761], [-118.19243, 35.69614], [-118.19245, 35.71071], [-118.18345, 35.71812], [-118.17908, 35.71819], [-118.17932, 35.72528], [-118.17485, 35.72539], [-118.17498, 35.72899], [-118.17925, 35.72897], [-118.17945, 35.74373], [-118.1749, 35.74362], [-118.17483, 35.73999], [-118.16609, 35.74001], [-118.16597, 35.73632], [-118.15249, 35.73633], [-118.14374, 35.73648], [-118.1438, 35.74369], [-118.13484, 35.74392], [-118.13482, 35.74027], [-118.13933, 35.74016], [-118.1392, 35.73136], [-118.15254, 35.73085], [-118.1392, 35.73123], [-118.13917, 35.72948], [-118.1659, 35.72915], [-118.16586, 35.72693], [-118.16871, 35.72804], [-118.1702, 35.71826], [-118.17489, 35.71825], [-118.17491, 35.71465], [-118.1656, 35.71492], [-118.16567, 35.71094], [-118.15705, 35.71103], [-118.15682, 35.70739], [-118.15236, 35.70738], [-118.15215, 35.70364], [-118.15673, 35.70364], [-118.15658, 35.69997], [-118.14764, 35.70014], [-118.14759, 35.68941], [-118.15633, 35.68933]]], [[[-118.1677, 35.7035], [-118.16565, 35.70354], [-118.16567, 35.70719], [-118.16781, 35.7072], [-118.1677, 35.7035]]], [[[-118.12591, 35.73675], [-118.1283, 35.73671], [-118.12813, 35.73323], [-118.13889, 35.73297], [-118.13902, 35.7366], [-118.13022, 35.73678], [-118.13023, 35.74385], [-118.12586, 35.74391], [-118.12591, 35.73675]]], [[[-118.11287, 35.74955], [-118.1173, 35.74956], [-118.11733, 35.75125], [-118.11292, 35.75132], [-118.11287, 35.74955]]], [[[-118.25473, 35.68134], [-118.24593, 35.68145], [-118.24586, 35.67797], [-118.25459, 35.67777], [-118.25473, 35.68134]]], [[[-118.21456, 35.6922], [-118.21457, 35.68857], [-118.20573, 35.68868], [-118.20571, 35.68512], [-118.20127, 35.6851], [-118.20127, 35.67421], [-118.1882, 35.67424], [-118.18809, 35.65614], [-118.18349, 35.65615], [-118.1835, 35.64152], [-118.18795, 35.64155], [-118.18792, 35.64519], [-118.1924, 35.64519], [-118.19243, 35.64893], [-118.20129, 35.64887], [-118.20127, 35.66331], [-118.2058, 35.66335], [-118.20583, 35.6669], [-118.21023, 35.66687], [-118.21028, 35.67056], [-118.21467, 35.67056], [-118.2149, 35.67778], [-118.21912, 35.67782], [-118.21907, 35.68123], [-118.21671, 35.68122], [-118.21679, 35.69219], [-118.21456, 35.6922]]], [[[-118.29947, 35.71057], [-118.29943, 35.71776], [-118.30832, 35.71782], [-118.30832, 35.7251], [-118.28164, 35.72505], [-118.28158, 35.71774], [-118.29066, 35.71783], [-118.29064, 35.71059], [-118.29947, 35.71057]]], [[[-118.27024, 35.67781], [-118.26373, 35.67787], [-118.26357, 35.67428], [-118.27238, 35.67419], [-118.27024, 35.67781]]]]}, "properties": {"id": "26", "name": "Canebrake Ecological Reserve", "kind": "public_land", "land_type": "Ecological Reserve", "access_verbatim": "Open; Refer to regulations or contact CDFW regional or area office prior to visit.", "link": "http://www.wildlife.ca.gov/Lands/Places-to-Visit/Canebrake-ER", "cdfw_region": 4, "hunting": {"state": "listed", "entry": 13, "verbatim": "Allowed only at such times and in the specific areas designated by the department.", "ccr_cite": "14 CCR \u00a7 630(d)", "booklet_page": 106, "wildlife_area_type": null, "restrictions": [{"entry": 12, "label": "Closure or restriction", "verbatim": "Pets are prohibited except for hunting dogs at such times and in the specific areas designated by the department.", "ccr_cite": "14 CCR \u00a7 630", "booklet_table": "Designated Closures and Restrictions on Ecological Reserves", "booklet_page": 113}], "absence_sentence": null, "name_note": null}}}, {"type": "Feature", "geometry": {"type": "MultiPolygon", "coordinates": [[[[-117.28386, 33.155], [-117.28204, 33.15771], [-117.28403, 33.16166], [-117.28734, 33.161], [-117.28817, 33.1691], [-117.27085, 33.16848], [-117.27072, 33.15821], [-117.27714, 33.15812], [-117.27671, 33.15661], [-117.28386, 33.155]]], [[[-117.28063, 33.16068], [-117.2801, 33.16068], [-117.28037, 33.1609], [-117.28063, 33.16068]]], [[[-117.28491, 33.14169], [-117.28559, 33.1409], [-117.28625, 33.14129], [-117.28491, 33.14169]]]]}, "properties": {"id": "27", "name": "Carlsbad Highlands Ecological Reserve", "kind": "public_land", "land_type": "Ecological Reserve", "access_verbatim": "Open; Refer to regulations or contact CDFW regional or area office prior to visit.", "link": "https://wildlife.ca.gov/Lands/Places-to-Visit/Carlsbad-Highlands-ER", "cdfw_region": 5, "hunting": {"state": "not_listed_prohibited", "entry": null, "verbatim": "Unless listed and specified as allowed in the table below, hunting is prohibited on ecological reserves. Where hunting is allowed, it shall be subject to all applicable general hunting regulations and the area-specific regulations set forth in this subsection.", "ccr_cite": "14 CCR \u00a7 630(d)", "booklet_page": 106, "wildlife_area_type": null, "restrictions": [], "absence_sentence": null, "name_note": null}}}, {"type": "Feature", "geometry": {"type": "MultiPolygon", "coordinates": [[[[-116.41252, 33.62707], [-116.41252, 33.64158], [-116.41978, 33.6496], [-116.42204, 33.64954], [-116.42188, 33.64157], [-116.42557, 33.64157], [-116.42547, 33.65614], [-116.40816, 33.65615], [-116.40817, 33.6357], [-116.40339, 33.63568], [-116.40266, 33.63089], [-116.40366, 33.62709], [-116.41252, 33.62707]]], [[[-116.40812, 33.6678], [-116.39916, 33.66358], [-116.3974, 33.65928], [-116.40093, 33.65863], [-116.39824, 33.65615], [-116.40816, 33.65615], [-116.40812, 33.6678]]], [[[-116.44299, 33.64161], [-116.443, 33.62706], [-116.46036, 33.62709], [-116.46032, 33.64163], [-116.44299, 33.64161]]], [[[-116.44538, 33.63158], [-116.44349, 33.62989], [-116.44541, 33.63333], [-116.44538, 33.63158]]]]}, "properties": {"id": "28", "name": "Carrizo Canyon Ecological Reserve", "kind": "public_land", "land_type": "Ecological Reserve", "access_verbatim": "Open; Refer to regulations or contact CDFW regional or area office prior to visit.", "link": "http://www.wildlife.ca.gov/Lands/Places-to-Visit/Carrizo-Canyon-ER", "cdfw_region": 6, "hunting": {"state": "not_listed_prohibited", "entry": null, "verbatim": "Unless listed and specified as allowed in the table below, hunting is prohibited on ecological reserves. Where hunting is allowed, it shall be subject to all applicable general hunting regulations and the area-specific regulations set forth in this subsection.", "ccr_cite": "14 CCR \u00a7 630(d)", "booklet_page": 106, "wildlife_area_type": null, "restrictions": [{"entry": 13, "label": "Closure or restriction", "verbatim": "Closed to all visitor use/access from January 1 through September 30. Pets are prohibited, except when they remain inside a motor vehicle.", "ccr_cite": "14 CCR \u00a7 630", "booklet_table": "Designated Closures and Restrictions on Ecological Reserves", "booklet_page": 113}], "absence_sentence": null, "name_note": null}}}, {"type": "Feature", "geometry": {"type": "MultiPolygon", "coordinates": [[[[-120.04072, 35.12218], [-120.04082, 35.10737], [-120.04995, 35.10736], [-120.04988, 35.12228], [-120.04072, 35.12218]]], [[[-120.02346, 35.1261], [-120.02347, 35.12245], [-120.02776, 35.12243], [-120.02762, 35.1261], [-120.02346, 35.1261]]], [[[-120.02356, 35.14033], [-120.03243, 35.14038], [-120.03237, 35.14398], [-120.0368, 35.14403], [-120.03676, 35.14752], [-120.02792, 35.14758], [-120.0279, 35.14394], [-120.02366, 35.14399], [-120.02356, 35.14033]]], [[[-119.95481, 35.08826], [-119.95489, 35.08479], [-119.95892, 35.08472], [-119.95896, 35.08012], [-119.96605, 35.07234], [-119.97086, 35.06128], [-119.98929, 35.06964], [-119.98972, 35.0651], [-119.98727, 35.06558], [-119.97861, 35.06223], [-119.97724, 35.05929], [-119.97493, 35.06087], [-119.97183, 35.05911], [-119.97574, 35.05819], [-119.97809, 35.05941], [-119.98022, 35.05754], [-119.97983, 35.06182], [-119.98539, 35.0616], [-119.98709, 35.06487], [-119.99127, 35.0631], [-120.0005, 35.07296], [-120.00748, 35.07253], [-120.00964, 35.07531], [-120.01348, 35.07574], [-120.01418, 35.08146], [-120.01915, 35.08188], [-120.01496, 35.08641], [-120.01356, 35.09344], [-119.98114, 35.08561], [-119.98131, 35.09264], [-119.98797, 35.09271], [-119.98798, 35.09618], [-119.98346, 35.09645], [-119.98355, 35.0999], [-119.98802, 35.09997], [-119.98814, 35.1035], [-119.99235, 35.10354], [-119.99256, 35.10716], [-119.99672, 35.1072], [-119.9967, 35.11051], [-119.9877, 35.11053], [-119.98773, 35.1069], [-119.98352, 35.10676], [-119.98333, 35.10332], [-119.97914, 35.10318], [-119.97887, 35.09261], [-119.95918, 35.0925], [-119.9589, 35.08831], [-119.95481, 35.08826]]], [[[-119.8813, 35.132], [-119.87231, 35.13208], [-119.87242, 35.12506], [-119.88119, 35.12498], [-119.88139, 35.11841], [-119.89911, 35.11735], [-119.89899, 35.10286], [-119.88111, 35.10343], [-119.88079, 35.08779], [-119.89326, 35.08776], [-119.89298, 35.0806], [-119.88869, 35.08058], [-119.88877, 35.07656], [-119.89337, 35.07649], [-119.89306, 35.07293], [-119.88886, 35.07292], [-119.88884, 35.06367], [-119.89276, 35.06462], [-119.89282, 35.04352], [-119.92535, 35.06023], [-119.93658, 35.05792], [-119.94851, 35.06061], [-119.94679, 35.06748], [-119.93726, 35.07508], [-119.94609, 35.07719], [-119.946, 35.08042], [-119.93734, 35.08047], [-119.93733, 35.08405], [-119.92854, 35.0843], [-119.9286, 35.09235], [-119.93025, 35.09244], [-119.93007, 35.09925], [-119.94363, 35.09919], [-119.94353, 35.10283], [-119.94757, 35.10299], [-119.94752, 35.10658], [-119.95181, 35.10666], [-119.95176, 35.10303], [-119.96074, 35.10303], [-119.9607, 35.1067], [-119.95622, 35.1067], [-119.95612, 35.11399], [-119.9605, 35.11414], [-119.96045, 35.11775], [-119.95645, 35.11777], [-119.95646, 35.12504], [-119.95163, 35.12502], [-119.95165, 35.12128], [-119.94718, 35.12135], [-119.9472, 35.12498], [-119.93849, 35.1249], [-119.93849, 35.12135], [-119.93382, 35.12126], [-119.93379, 35.11774], [-119.92972, 35.11768], [-119.92968, 35.12848], [-119.93388, 35.12849], [-119.93405, 35.13225], [-119.92542, 35.13229], [-119.92543, 35.13562], [-119.92996, 35.13586], [-119.9298, 35.13943], [-119.93402, 35.13929], [-119.93405, 35.13225], [-119.9523, 35.13217], [-119.95249, 35.13576], [-119.96106, 35.13561], [-119.96098, 35.14293], [-119.97451, 35.14304], [-119.97447, 35.15033], [-119.97865, 35.15044], [-119.97878, 35.15385], [-119.98768, 35.15406], [-119.98776, 35.17637], [-120.02776, 35.17693], [-120.02785, 35.16983], [-120.02335, 35.16969], [-120.02346, 35.16614], [-120.03245, 35.16613], [-120.03238, 35.17697], [-120.04119, 35.17693], [-120.04131, 35.20967], [-120.02333, 35.20949], [-120.02332, 35.20596], [-120.00542, 35.20565], [-120.00547, 35.19842], [-119.99662, 35.19833], [-119.99679, 35.19103], [-119.98786, 35.191], [-119.98781, 35.18705], [-119.98344, 35.18712], [-119.98337, 35.19112], [-119.95192, 35.19077], [-119.95125, 35.20177], [-119.94796, 35.20136], [-119.94338, 35.20149], [-119.94225, 35.20002], [-119.93927, 35.19863], [-119.93475, 35.20008], [-119.93925, 35.19877], [-119.94334, 35.20162], [-119.95119, 35.20192], [-119.95195, 35.20118], [-119.95205, 35.23449], [-119.93438, 35.23444], [-119.93459, 35.21974], [-119.88108, 35.2195], [-119.88112, 35.19036], [-119.88993, 35.19041], [-119.89001, 35.18314], [-119.89886, 35.1832], [-119.89918, 35.1613], [-119.8988, 35.14656], [-119.89006, 35.14639], [-119.89003, 35.13899], [-119.8811, 35.13888], [-119.8813, 35.132]]], [[[-119.93445, 35.1104], [-119.93436, 35.11385], [-119.94325, 35.11379], [-119.94328, 35.11042], [-119.93445, 35.1104]]], [[[-119.75174, 35.16413], [-119.75185, 35.1674], [-119.7559, 35.16742], [-119.75584, 35.17514], [-119.76488, 35.17527], [-119.76484, 35.1786], [-119.76924, 35.17864], [-119.76931, 35.18221], [-119.77366, 35.18224], [-119.77348, 35.20452], [-119.75556, 35.20448], [-119.75559, 35.21162], [-119.74668, 35.21153], [-119.74684, 35.20118], [-119.73813, 35.20111], [-119.73829, 35.19361], [-119.73371, 35.19358], [-119.73371, 35.17762], [-119.74703, 35.17764], [-119.74684, 35.16408], [-119.75174, 35.16413]]], [[[-119.62926, 35.11998], [-119.63804, 35.12019], [-119.63735, 35.13101], [-119.63286, 35.13101], [-119.63347, 35.12371], [-119.62904, 35.12364], [-119.62926, 35.11998]]], [[[-119.86348, 35.19023], [-119.86352, 35.18659], [-119.86807, 35.18664], [-119.86805, 35.19024], [-119.86348, 35.19023]]], [[[-119.99166, 35.13935], [-119.99162, 35.13588], [-119.99623, 35.13602], [-119.99594, 35.13959], [-119.99166, 35.13935]]], [[[-120.01356, 35.09344], [-120.01456, 35.1073], [-119.99672, 35.10713], [-119.9968, 35.09287], [-120.01356, 35.09344]]], [[[-120.05913, 35.14745], [-120.05375, 35.14738], [-120.04835, 35.13994], [-120.05468, 35.14012], [-120.05485, 35.14377], [-120.05922, 35.1438], [-120.05913, 35.14745]]]]}, "properties": {"id": "29", "name": "Carrizo Plains Ecological Reserve", "kind": "public_land", "land_type": "Ecological Reserve", "access_verbatim": "Open; Refer to regulations or contact CDFW regional or area office prior to visit.", "link": "http://www.wildlife.ca.gov/Lands/Places-to-Visit/Carrizo-Plains-ER", "cdfw_region": 4, "hunting": {"state": "listed", "entry": 14, "verbatim": "Allowed only at such times and in the specific areas designated by the department. Hunting of coyote and ground squirrel is prohibited on all units.", "ccr_cite": "14 CCR \u00a7 630(d)", "booklet_page": 106, "wildlife_area_type": null, "restrictions": [{"entry": 14, "label": "Closure or restriction", "verbatim": "Access to the South Chimineas Unit requires an entry permit issued by the department. Permits must be filled out and retured to the department upon leaving the area.", "ccr_cite": "14 CCR \u00a7 630", "booklet_table": "Designated Closures and Restrictions on Ecological Reserves", "booklet_page": 113}], "absence_sentence": null, "name_note": null}}}, {"type": "Feature", "geometry": {"type": "MultiPolygon", "coordinates": [[[[-116.3512, 33.81296], [-116.35323, 33.81294], [-116.35318, 33.8165], [-116.35114, 33.81652], [-116.3512, 33.81296]]], [[[-116.35774, 33.80953], [-116.35772, 33.81287], [-116.34887, 33.8129], [-116.351, 33.81296], [-116.35094, 33.81652], [-116.3488, 33.81654], [-116.34827, 33.8129], [-116.33547, 33.81299], [-116.33566, 33.80928], [-116.35774, 33.80953]]], [[[-116.30379, 33.77298], [-116.30982, 33.77302], [-116.30981, 33.77651], [-116.31417, 33.77649], [-116.31418, 33.7747], [-116.31963, 33.77646], [-116.31853, 33.78016], [-116.31415, 33.78193], [-116.31413, 33.78736], [-116.30106, 33.78739], [-116.3012, 33.77599], [-116.30379, 33.77298]]], [[[-116.31417, 33.77831], [-116.31201, 33.77831], [-116.312, 33.78015], [-116.31416, 33.78015], [-116.31417, 33.77831]]], [[[-116.38184, 33.84099], [-116.38607, 33.84093], [-116.38395, 33.84096], [-116.38288, 33.8437], [-116.38184, 33.84099]]], [[[-116.37975, 33.84101], [-116.37869, 33.84191], [-116.37869, 33.84102], [-116.37975, 33.84101]]], [[[-116.37975, 33.84281], [-116.38079, 33.8419], [-116.38079, 33.8428], [-116.37975, 33.84281]]], [[[-116.37134, 33.83838], [-116.37341, 33.83836], [-116.3734, 33.84015], [-116.37133, 33.84017], [-116.37131, 33.84563], [-116.36888, 33.84563], [-116.36904, 33.83172], [-116.37131, 33.83241], [-116.37134, 33.83838]]], [[[-116.36683, 33.81649], [-116.36677, 33.81291], [-116.37069, 33.81289], [-116.37078, 33.81644], [-116.36683, 33.81649]]], [[[-116.35785, 33.81295], [-116.36, 33.81294], [-116.36, 33.81652], [-116.35782, 33.81653], [-116.35785, 33.81295]]], [[[-116.36, 33.81278], [-116.35785, 33.81279], [-116.35787, 33.80937], [-116.36, 33.80936], [-116.36, 33.81278]]], [[[-116.37902, 33.84554], [-116.37974, 33.84732], [-116.37902, 33.84732], [-116.37902, 33.84554]]], [[[-116.35328, 33.81673], [-116.35769, 33.81669], [-116.35793, 33.82385], [-116.37047, 33.82381], [-116.36882, 33.83109], [-116.36687, 33.83109], [-116.36671, 33.84563], [-116.35578, 33.84563], [-116.35594, 33.83108], [-116.35377, 33.83108], [-116.35328, 33.81673]]], [[[-116.37551, 33.84105], [-116.3734, 33.84195], [-116.3734, 33.84107], [-116.37551, 33.84105]]], [[[-116.37764, 33.84372], [-116.37657, 33.84193], [-116.37764, 33.84192], [-116.37764, 33.84372]]], [[[-116.37657, 33.84372], [-116.37551, 33.84558], [-116.37551, 33.84372], [-116.37657, 33.84372]]], [[[-116.38079, 33.84462], [-116.37975, 33.84372], [-116.38079, 33.84372], [-116.38079, 33.84462]]], [[[-116.38288, 33.8437], [-116.38184, 33.84461], [-116.38184, 33.84371], [-116.38288, 33.8437]]], [[[-116.38184, 33.83917], [-116.38288, 33.84007], [-116.38184, 33.84008], [-116.38184, 33.83917]]], [[[-116.38819, 33.83819], [-116.39472, 33.83883], [-116.3947, 33.84183], [-116.38929, 33.84545], [-116.39037, 33.84183], [-116.3882, 33.84182], [-116.38819, 33.83819]]]]}, "properties": {"id": "30", "name": "Coachella Valley Ecological Reserve", "kind": "public_land", "land_type": "Ecological Reserve", "access_verbatim": "Open; Refer to regulations or contact CDFW regional or area office prior to visit.", "link": "http://www.wildlife.ca.gov/Lands/Places-to-Visit/Coachella-Valley-ER", "cdfw_region": 6, "hunting": {"state": "not_listed_prohibited", "entry": null, "verbatim": "Unless listed and specified as allowed in the table below, hunting is prohibited on ecological reserves. Where hunting is allowed, it shall be subject to all applicable general hunting regulations and the area-specific regulations set forth in this subsection.", "ccr_cite": "14 CCR \u00a7 630(d)", "booklet_page": 106, "wildlife_area_type": null, "restrictions": [], "absence_sentence": null, "name_note": null}}}, {"type": "Feature", "geometry": {"type": "Polygon", "coordinates": [[[-117.67367, 33.86325], [-117.67218, 33.84281], [-117.68002, 33.83507], [-117.69334, 33.84429], [-117.68792, 33.84981], [-117.6922, 33.85259], [-117.68466, 33.85523], [-117.68817, 33.8598], [-117.6854, 33.86019], [-117.68478, 33.85731], [-117.68175, 33.85724], [-117.68167, 33.86121], [-117.67367, 33.86325]]]}, "properties": {"id": "31", "name": "Coal Canyon Ecological Reserve", "kind": "public_land", "land_type": "Ecological Reserve", "access_verbatim": "Open; Refer to regulations or contact CDFW regional or area office prior to visit.", "link": "http://www.wildlife.ca.gov/Lands/Places-to-Visit/Coal-Canyon-ER", "cdfw_region": 5, "hunting": {"state": "listed", "entry": 18, "verbatim": "Allowed only at such times and in the specific areas designated by the department. Shotguns and archery equipment only.", "ccr_cite": "14 CCR \u00a7 630(d)", "booklet_page": 106, "wildlife_area_type": null, "restrictions": [], "absence_sentence": null, "name_note": null}}}, {"type": "Feature", "geometry": {"type": "MultiPolygon", "coordinates": [[[[-122.5131, 37.94194], [-122.51316, 37.94249], [-122.51282, 37.94235], [-122.5131, 37.94194]]], [[[-122.49758, 37.93232], [-122.48843, 37.93247], [-122.4885, 37.93503], [-122.47976, 37.93517], [-122.47994, 37.92899], [-122.49749, 37.92869], [-122.49758, 37.93232]]], [[[-122.49773, 37.93771], [-122.49758, 37.93232], [-122.49987, 37.93228], [-122.49977, 37.92866], [-122.50161, 37.92862], [-122.50003, 37.92579], [-122.51036, 37.92431], [-122.50747, 37.93685], [-122.5122, 37.93637], [-122.51068, 37.9376], [-122.5131, 37.94194], [-122.5113, 37.94078], [-122.50455, 37.94262], [-122.49773, 37.93771]]], [[[-122.50222, 37.93178], [-122.50226, 37.93587], [-122.50447, 37.93583], [-122.50374, 37.93296], [-122.50222, 37.93178]]]]}, "properties": {"id": "32", "name": "Corte Madera Marsh Ecological Reserve", "kind": "public_land", "land_type": "Ecological Reserve", "access_verbatim": "Open; Refer to regulations or contact CDFW regional or area office prior to visit.", "link": "http://www.wildlife.ca.gov/Lands/Places-to-Visit/Corte-Madera-Marsh-ER", "cdfw_region": 3, "hunting": {"state": "not_listed_prohibited", "entry": null, "verbatim": "Unless listed and specified as allowed in the table below, hunting is prohibited on ecological reserves. Where hunting is allowed, it shall be subject to all applicable general hunting regulations and the area-specific regulations set forth in this subsection.", "ccr_cite": "14 CCR \u00a7 630(d)", "booklet_page": 106, "wildlife_area_type": null, "restrictions": [], "absence_sentence": null, "name_note": null}}}, {"type": "Feature", "geometry": {"type": "MultiPolygon", "coordinates": [[[[-121.35985, 38.26195], [-121.36916, 38.26204], [-121.3692, 38.26661], [-121.37869, 38.26667], [-121.37856, 38.262], [-121.39225, 38.26208], [-121.39197, 38.2767], [-121.38769, 38.27664], [-121.38782, 38.28332], [-121.37899, 38.2834], [-121.37889, 38.27667], [-121.37253, 38.27673], [-121.37247, 38.2734], [-121.36962, 38.27191], [-121.35963, 38.2718], [-121.35985, 38.26195]]], [[[-121.36693, 38.32211], [-121.3668, 38.33286], [-121.35758, 38.33281], [-121.35754, 38.33645], [-121.33797, 38.33677], [-121.33256, 38.32207], [-121.33762, 38.32208], [-121.33755, 38.31279], [-121.34389, 38.31278], [-121.34386, 38.30808], [-121.36429, 38.2996], [-121.36659, 38.30025], [-121.36531, 38.31376], [-121.37113, 38.31379], [-121.37569, 38.30826], [-121.38514, 38.31502], [-121.37966, 38.31746], [-121.37731, 38.3221], [-121.36693, 38.32211]]], [[[-121.33648, 38.34185], [-121.32749, 38.32506], [-121.32845, 38.32372], [-121.32627, 38.32212], [-121.33212, 38.32204], [-121.33761, 38.33677], [-121.33519, 38.33678], [-121.33648, 38.34185]]], [[[-121.32178, 38.35345], [-121.32061, 38.34373], [-121.33253, 38.3444], [-121.32178, 38.35345]]], [[[-121.34172, 38.36067], [-121.33597, 38.36372], [-121.33517, 38.36101], [-121.32592, 38.35781], [-121.32199, 38.35367], [-121.33605, 38.34469], [-121.34792, 38.36508], [-121.34172, 38.36067]]], [[[-121.37502, 38.29095], [-121.37866, 38.29089], [-121.37859, 38.29857], [-121.36981, 38.29852], [-121.37502, 38.29095]]], [[[-121.3863, 38.24135], [-121.39029, 38.24476], [-121.39063, 38.24811], [-121.38687, 38.24988], [-121.38009, 38.24877], [-121.37936, 38.24165], [-121.3863, 38.24135]]], [[[-121.43882, 38.26602], [-121.44109, 38.26513], [-121.44059, 38.26635], [-121.43882, 38.26602]]], [[[-121.45788, 38.26597], [-121.45733, 38.26973], [-121.45442, 38.27046], [-121.45271, 38.26602], [-121.45788, 38.26597]]]]}, "properties": {"id": "33", "name": "Cosumnes River Ecological Reserve", "kind": "public_land", "land_type": "Ecological Reserve", "access_verbatim": "Open; Refer to regulations or contact CDFW regional or area office prior to visit.", "link": "http://www.wildlife.ca.gov/Lands/Places-to-Visit/Cosumnes-River-ER", "cdfw_region": 2, "hunting": {"state": "listed", "entry": 19, "verbatim": "Allowed only at such times and in the specific areas designated by the department.", "ccr_cite": "14 CCR \u00a7 630(d)", "booklet_page": 106, "wildlife_area_type": null, "restrictions": [{"entry": 17, "label": "Closure or restriction", "verbatim": "Pets are prohibited, except when they remain inside a motor vehicle.", "ccr_cite": "14 CCR \u00a7 630", "booklet_table": "Designated Closures and Restrictions on Ecological Reserves", "booklet_page": 113}], "absence_sentence": null, "name_note": null}}}, {"type": "Feature", "geometry": {"type": "MultiPolygon", "coordinates": [[[[-116.90141, 32.8184], [-116.89487, 32.81768], [-116.89729, 32.81661], [-116.8967, 32.81426], [-116.89735, 32.81443], [-116.89905, 32.81407], [-116.90028, 32.81345], [-116.90141, 32.8184]]], [[[-116.89435, 32.82014], [-116.89129, 32.82042], [-116.89187, 32.82553], [-116.88837, 32.82853], [-116.88148, 32.82421], [-116.87382, 32.82599], [-116.87104, 32.8299], [-116.8606, 32.82923], [-116.85891, 32.83213], [-116.86205, 32.83556], [-116.86951, 32.83736], [-116.87295, 32.8434], [-116.87171, 32.84428], [-116.85783, 32.84533], [-116.85467, 32.84966], [-116.84789, 32.84965], [-116.84787, 32.85223], [-116.83302, 32.85542], [-116.82567, 32.85515], [-116.82363, 32.85218], [-116.86643, 32.81973], [-116.86783, 32.82113], [-116.87442, 32.81648], [-116.87304, 32.81509], [-116.87878, 32.81111], [-116.88404, 32.81237], [-116.88956, 32.81065], [-116.88824, 32.80929], [-116.89674, 32.80953], [-116.89827, 32.81254], [-116.89336, 32.81521], [-116.89435, 32.82014]]], [[[-116.8867, 32.81477], [-116.88541, 32.81508], [-116.88646, 32.81538], [-116.8867, 32.81477]]], [[[-116.86981, 32.82262], [-116.86942, 32.82187], [-116.86921, 32.82246], [-116.86981, 32.82262]]], [[[-116.88743, 32.82517], [-116.88776, 32.8267], [-116.88849, 32.82617], [-116.88743, 32.82517]]], [[[-116.88678, 32.79951], [-116.88467, 32.80069], [-116.8847, 32.79426], [-116.89308, 32.79503], [-116.89302, 32.79958], [-116.88992, 32.802], [-116.88678, 32.79951]]]]}, "properties": {"id": "34", "name": "Crestridge Ecological Reserve", "kind": "public_land", "land_type": "Ecological Reserve", "access_verbatim": "Open; Refer to regulations or contact CDFW regional or area office prior to visit.", "link": "http://www.wildlife.ca.gov/Lands/Places-to-Visit/Crestridge-ER", "cdfw_region": 5, "hunting": {"state": "not_listed_prohibited", "entry": null, "verbatim": "Unless listed and specified as allowed in the table below, hunting is prohibited on ecological reserves. Where hunting is allowed, it shall be subject to all applicable general hunting regulations and the area-specific regulations set forth in this subsection.", "ccr_cite": "14 CCR \u00a7 630(d)", "booklet_page": 106, "wildlife_area_type": null, "restrictions": [], "absence_sentence": null, "name_note": null}}}, {"type": "Feature", "geometry": {"type": "Polygon", "coordinates": [[[-122.06597, 40.34513], [-122.04817, 40.34473], [-122.05595, 40.33996], [-122.06611, 40.32085], [-122.06597, 40.34513]]]}, "properties": {"id": "35", "name": "Dales Lake Ecological Reserve", "kind": "public_land", "land_type": "Ecological Reserve", "access_verbatim": "Open; Refer to regulations or contact CDFW regional or area office prior to visit.", "link": "http://www.wildlife.ca.gov/Lands/Places-to-Visit/Dales-Lake-ER", "cdfw_region": 1, "hunting": {"state": "listed", "entry": 20, "verbatim": "Waterfowl only.", "ccr_cite": "14 CCR \u00a7 630(d)", "booklet_page": 106, "wildlife_area_type": null, "restrictions": [], "absence_sentence": null, "name_note": null}}}, {"type": "Feature", "geometry": {"type": "Polygon", "coordinates": [[[-118.05047, 37.26696], [-118.05033, 37.28884], [-118.04579, 37.28881], [-118.04582, 37.28518], [-118.04123, 37.28515], [-118.04126, 37.28152], [-118.03673, 37.28149], [-118.03676, 37.27786], [-118.03222, 37.27783], [-118.03231, 37.26688], [-118.05047, 37.26696]]]}, "properties": {"id": "36", "name": "Deep Springs Lake Ecological Reserve", "kind": "public_land", "land_type": "Ecological Reserve", "access_verbatim": "Open; Refer to regulations or contact CDFW regional or area office prior to visit.", "link": "http://wildlife.ca.gov/Lands/Places-to-Visit/Deep-Springs-ER", "cdfw_region": 6, "hunting": {"state": "not_listed_prohibited", "entry": null, "verbatim": "Unless listed and specified as allowed in the table below, hunting is prohibited on ecological reserves. Where hunting is allowed, it shall be subject to all applicable general hunting regulations and the area-specific regulations set forth in this subsection.", "ccr_cite": "14 CCR \u00a7 630(d)", "booklet_page": 106, "wildlife_area_type": null, "restrictions": [], "absence_sentence": null, "name_note": null}}}, {"type": "Feature", "geometry": {"type": "MultiPolygon", "coordinates": [[[[-122.09645, 37.58351], [-122.1022, 37.57535], [-122.10434, 37.58178], [-122.11425, 37.5734], [-122.12548, 37.57342], [-122.13396, 37.56663], [-122.14342, 37.5822], [-122.14741, 37.58484], [-122.14756, 37.59381], [-122.11107, 37.5897], [-122.10284, 37.59309], [-122.09237, 37.59352], [-122.09166, 37.58505], [-122.09645, 37.58351]]], [[[-122.10009, 37.56978], [-122.10582, 37.57597], [-122.10583, 37.57037], [-122.10295, 37.57185], [-122.09815, 37.56679], [-122.10805, 37.56922], [-122.10772, 37.57586], [-122.10627, 37.57661], [-122.10198, 37.57426], [-122.09763, 37.57924], [-122.08717, 37.57862], [-122.08661, 37.5738], [-122.10009, 37.56978]]], [[[-122.09766, 37.60551], [-122.09079, 37.60543], [-122.094, 37.59423], [-122.10334, 37.59408], [-122.11216, 37.5909], [-122.14737, 37.59512], [-122.14722, 37.59993], [-122.1418, 37.60676], [-122.13482, 37.60622], [-122.13308, 37.61071], [-122.13524, 37.61355], [-122.12874, 37.61474], [-122.12444, 37.61891], [-122.12854, 37.61773], [-122.12924, 37.61533], [-122.13583, 37.61417], [-122.13398, 37.61127], [-122.13512, 37.60727], [-122.14181, 37.60858], [-122.14609, 37.60278], [-122.14904, 37.61483], [-122.1515, 37.6176], [-122.13301, 37.62251], [-122.11293, 37.62106], [-122.104, 37.6184], [-122.10245, 37.61131], [-122.09775, 37.61318], [-122.09766, 37.60551]]], [[[-122.13187, 37.62338], [-122.13426, 37.62343], [-122.13144, 37.62439], [-122.13187, 37.62338]]]]}, "properties": {"id": "37", "name": "Eden Landing Ecological Reserve", "kind": "public_land", "land_type": "Ecological Reserve", "access_verbatim": "Open; Refer to regulations or contact CDFW regional or area office prior to visit.", "link": "http://www.wildlife.ca.gov/Lands/Places-to-Visit/Eden-Landing-ER", "cdfw_region": 3, "hunting": {"state": "listed", "entry": 21, "verbatim": "Waterfowl allowed, but only at such times and in the specific areas designated by the department.", "ccr_cite": "14 CCR \u00a7 630(d)", "booklet_page": 106, "wildlife_area_type": null, "restrictions": [], "absence_sentence": null, "name_note": null}}}, {"type": "Feature", "geometry": {"type": "MultiPolygon", "coordinates": [[[[-121.76655, 36.80929], [-121.77127, 36.80852], [-121.77294, 36.81244], [-121.77975, 36.81279], [-121.76746, 36.81446], [-121.76054, 36.81303], [-121.76724, 36.81213], [-121.76655, 36.80929]]], [[[-121.75355, 36.8129], [-121.74502, 36.81619], [-121.74011, 36.82954], [-121.74212, 36.83681], [-121.74032, 36.83735], [-121.73891, 36.83036], [-121.74698, 36.80828], [-121.75377, 36.80479], [-121.75354, 36.80155], [-121.76205, 36.80362], [-121.75996, 36.81363], [-121.75362, 36.81455], [-121.75355, 36.8129]]], [[[-121.73129, 36.80013], [-121.74146, 36.80304], [-121.74524, 36.8006], [-121.74886, 36.80307], [-121.73847, 36.83087], [-121.73939, 36.83643], [-121.74413, 36.8416], [-121.74226, 36.8431], [-121.73222, 36.83692], [-121.73455, 36.83038], [-121.73221, 36.8255], [-121.7285, 36.82406], [-121.73027, 36.82138], [-121.72789, 36.82073], [-121.73012, 36.81921], [-121.72711, 36.81624], [-121.72072, 36.81507], [-121.72718, 36.81423], [-121.72686, 36.81212], [-121.73044, 36.81209], [-121.73476, 36.80911], [-121.73002, 36.81175], [-121.72517, 36.81046], [-121.72742, 36.80852], [-121.72616, 36.80684], [-121.73292, 36.80256], [-121.73129, 36.80013]]], [[[-121.72932, 36.80117], [-121.72843, 36.79867], [-121.73238, 36.79888], [-121.72932, 36.80117]]], [[[-121.73114, 36.82614], [-121.73303, 36.82911], [-121.72845, 36.82693], [-121.73114, 36.82614]]], [[[-121.73402, 36.82999], [-121.72671, 36.82933], [-121.72946, 36.82885], [-121.73402, 36.82999]]], [[[-121.72633, 36.83084], [-121.72825, 36.8296], [-121.73438, 36.83042], [-121.73296, 36.8334], [-121.72633, 36.83084]]]]}, "properties": {"id": "38", "name": "Elkhorn Slough Ecological Reserve", "kind": "public_land", "land_type": "Ecological Reserve", "access_verbatim": "Open; Refer to regulations or contact CDFW regional or area office prior to visit.", "link": "http://www.wildlife.ca.gov/Lands/Places-to-Visit/Elkhorn-Slough-ER", "cdfw_region": 4, "hunting": {"state": "listed", "entry": 22, "verbatim": "Allowed only at such times and in the specific areas designated by the department.", "ccr_cite": "14 CCR \u00a7 630(d)", "booklet_page": 106, "wildlife_area_type": null, "restrictions": [{"entry": 19, "label": "Closure or restriction", "verbatim": "Pets are prohibited, except when they remain inside a motor vehicle. Visitors must stay on established trails, paths, or other designated areas. The Reserve is closed to visitor access and use on Mondays and Tuesdays and all days from 5:00 p.m. to 9:00 a.m.", "ccr_cite": "14 CCR \u00a7 630", "booklet_table": "Designated Closures and Restrictions on Ecological Reserves", "booklet_page": 113}], "absence_sentence": null, "name_note": null}}}, {"type": "Feature", "geometry": {"type": "Polygon", "coordinates": [[[-121.44033, 41.00378], [-121.43956, 41.00432], [-121.43942, 41.00394], [-121.44033, 41.00378]]]}, "properties": {"id": "39", "name": "Fall River Mills Ecological Reserve", "kind": "public_land", "land_type": "Ecological Reserve", "access_verbatim": "Open; Refer to regulations or contact CDFW regional or area office prior to visit.", "link": "http://www.wildlife.ca.gov/Lands/Places-to-Visit/Fall-Rivers-Mills-ER", "cdfw_region": 1, "hunting": {"state": "not_listed_prohibited", "entry": null, "verbatim": "Unless listed and specified as allowed in the table below, hunting is prohibited on ecological reserves. Where hunting is allowed, it shall be subject to all applicable general hunting regulations and the area-specific regulations set forth in this subsection.", "ccr_cite": "14 CCR \u00a7 630(d)", "booklet_page": 106, "wildlife_area_type": null, "restrictions": [], "absence_sentence": null, "name_note": null}}}, {"type": "Feature", "geometry": {"type": "MultiPolygon", "coordinates": [[[[-118.39534, 37.452], [-118.40471, 37.45181], [-118.40485, 37.45903], [-118.39551, 37.45918], [-118.39534, 37.452]]], [[[-118.4148, 37.50651], [-118.41389, 37.50994], [-118.41094, 37.50625], [-118.41188, 37.50544], [-118.4148, 37.50651]]]]}, "properties": {"id": "40", "name": "Fish Slough Ecological Reserve", "kind": "public_land", "land_type": "Ecological Reserve", "access_verbatim": "Open; Refer to regulations or contact CDFW regional or area office prior to visit.", "link": "http://www.wildlife.ca.gov/Lands/Places-to-Visit/Fish-Slough-ER", "cdfw_region": 6, "hunting": {"state": "listed", "entry": 24, "verbatim": "Allowed.", "ccr_cite": "14 CCR \u00a7 630(d)", "booklet_page": 107, "wildlife_area_type": null, "restrictions": [], "absence_sentence": null, "name_note": null}}}, {"type": "Feature", "geometry": {"type": "MultiPolygon", "coordinates": [[[[-117.82566, 35.38131], [-117.80806, 35.38327], [-117.80791, 35.37601], [-117.82561, 35.37573], [-117.82566, 35.38131]]], [[[-117.72065, 35.25812], [-117.72503, 35.25076], [-117.72957, 35.25073], [-117.7295, 35.25799], [-117.72065, 35.25812]]], [[[-117.72058, 35.25543], [-117.72048, 35.25088], [-117.72462, 35.25077], [-117.72264, 35.25306], [-117.72058, 35.25543]]], [[[-117.72929, 35.22876], [-117.73855, 35.22876], [-117.73851, 35.23879], [-117.74469, 35.23873], [-117.74739, 35.24311], [-117.74762, 35.24077], [-117.75629, 35.23947], [-117.75631, 35.25753], [-117.74786, 35.2577], [-117.74776, 35.2624], [-117.73347, 35.27141], [-117.73335, 35.27996], [-117.72526, 35.27982], [-117.72551, 35.26519], [-117.72973, 35.26531], [-117.7297, 35.25053], [-117.72047, 35.25051], [-117.72056, 35.24348], [-117.70258, 35.24366], [-117.70253, 35.22287], [-117.71126, 35.22186], [-117.71178, 35.22904], [-117.71152, 35.22185], [-117.7292, 35.22148], [-117.72929, 35.22876]]], [[[-117.75519, 35.28768], [-117.74686, 35.28723], [-117.7447, 35.27238], [-117.75636, 35.27242], [-117.75519, 35.28768]]], [[[-117.81707, 35.38449], [-117.82567, 35.3822], [-117.82575, 35.38624], [-117.81702, 35.38845], [-117.81707, 35.38449]]], [[[-117.78217, 35.40942], [-117.7822, 35.41155], [-117.77325, 35.41244], [-117.77319, 35.41114], [-117.77839, 35.41087], [-117.78217, 35.40942]]], [[[-117.72486, 35.41985], [-117.73441, 35.41983], [-117.72107, 35.42501], [-117.72078, 35.42308], [-117.72524, 35.42313], [-117.72486, 35.41985]]], [[[-117.72538, 35.42563], [-117.72924, 35.42385], [-117.72544, 35.42584], [-117.7213, 35.42657], [-117.72538, 35.42563]]], [[[-117.72953, 35.42406], [-117.72967, 35.42714], [-117.72137, 35.42709], [-117.72545, 35.42618], [-117.72953, 35.42406]]], [[[-117.72449, 35.42536], [-117.72109, 35.42517], [-117.72759, 35.42375], [-117.72449, 35.42536]]], [[[-117.80822, 35.39052], [-117.79942, 35.39263], [-117.79736, 35.39251], [-117.80095, 35.39054], [-117.80822, 35.39052]]], [[[-117.80074, 35.39054], [-117.79696, 35.3924], [-117.79069, 35.39145], [-117.79066, 35.39057], [-117.80074, 35.39054]]], [[[-117.79969, 35.39282], [-117.80824, 35.39083], [-117.8088, 35.40488], [-117.7911, 35.40493], [-117.79269, 35.39821], [-117.79969, 35.39282]]], [[[-117.79668, 35.39257], [-117.79347, 35.39507], [-117.7909, 35.39822], [-117.7907, 35.39168], [-117.79668, 35.39257]]], [[[-117.79672, 35.39298], [-117.79825, 35.39292], [-117.79629, 35.39386], [-117.79271, 35.39787], [-117.79095, 35.40081], [-117.7909, 35.3988], [-117.79672, 35.39298]]], [[[-117.77621, 35.41055], [-117.77307, 35.40875], [-117.77761, 35.40869], [-117.7775, 35.40511], [-117.78568, 35.405], [-117.78151, 35.40911], [-117.77621, 35.41055]]], [[[-117.65474, 35.42811], [-117.66047, 35.42754], [-117.66373, 35.42547], [-117.66418, 35.428], [-117.65474, 35.42811]]], [[[-117.65073, 35.42829], [-117.65018, 35.42475], [-117.65922, 35.42446], [-117.65801, 35.41938], [-117.66686, 35.41937], [-117.66772, 35.42445], [-117.65073, 35.42829]]], [[[-117.73278, 35.42263], [-117.73354, 35.42332], [-117.73089, 35.42335], [-117.73278, 35.42263]]], [[[-117.73357, 35.42084], [-117.73355, 35.4223], [-117.72902, 35.42349], [-117.73357, 35.42084]]], [[[-117.75531, 35.41059], [-117.75536, 35.41243], [-117.74937, 35.41249], [-117.75215, 35.41147], [-117.75531, 35.41059]]], [[[-117.75073, 35.40519], [-117.75499, 35.40517], [-117.75527, 35.41009], [-117.74655, 35.41252], [-117.73789, 35.41808], [-117.73788, 35.4126], [-117.74217, 35.4126], [-117.74218, 35.40898], [-117.7509, 35.40894], [-117.75073, 35.40519]]], [[[-117.78119, 35.41201], [-117.78221, 35.41231], [-117.78026, 35.41234], [-117.78119, 35.41201]]], [[[-117.81702, 35.3887], [-117.82576, 35.38649], [-117.82578, 35.39043], [-117.817, 35.39048], [-117.81702, 35.3887]]], [[[-117.70418, 35.22195], [-117.70252, 35.22257], [-117.70249, 35.22196], [-117.70418, 35.22195]]], [[[-117.78934, 35.33215], [-117.78936, 35.3175], [-117.80701, 35.3169], [-117.80725, 35.33162], [-117.78934, 35.33215]]]]}, "properties": {"id": "41", "name": "Fremont Valley Ecological Reserve", "kind": "public_land", "land_type": "Ecological Reserve", "access_verbatim": "Open; Refer to regulations or contact CDFW regional or area office prior to visit.", "link": "http://www.wildlife.ca.gov/Lands/Places-to-Visit/Fremont-Valley-ER", "cdfw_region": 4, "hunting": {"state": "not_listed_prohibited", "entry": null, "verbatim": "Unless listed and specified as allowed in the table below, hunting is prohibited on ecological reserves. Where hunting is allowed, it shall be subject to all applicable general hunting regulations and the area-specific regulations set forth in this subsection.", "ccr_cite": "14 CCR \u00a7 630(d)", "booklet_page": 106, "wildlife_area_type": null, "restrictions": [], "absence_sentence": null, "name_note": null}}}, {"type": "Feature", "geometry": {"type": "MultiPolygon", "coordinates": [[[[-119.8356, 34.41919], [-119.83527, 34.41727], [-119.83863, 34.41589], [-119.85287, 34.423], [-119.8596, 34.42257], [-119.85958, 34.42733], [-119.85745, 34.43043], [-119.85033, 34.43089], [-119.84773, 34.42809], [-119.85524, 34.4283], [-119.85518, 34.42665], [-119.8457, 34.42617], [-119.83809, 34.41881], [-119.8356, 34.41919]]], [[[-119.8641, 34.42364], [-119.85988, 34.42432], [-119.85989, 34.42258], [-119.86181, 34.42336], [-119.8641, 34.42364]]]]}, "properties": {"id": "42", "name": "Goleta Slough Ecological Reserve", "kind": "public_land", "land_type": "Ecological Reserve", "access_verbatim": "Open; Refer to regulations or contact CDFW regional or area office prior to visit.", "link": "http://www.wildlife.ca.gov/Lands/Places-to-Visit/Goleta-Slough-ER", "cdfw_region": 5, "hunting": {"state": "not_listed_prohibited", "entry": null, "verbatim": "Unless listed and specified as allowed in the table below, hunting is prohibited on ecological reserves. Where hunting is allowed, it shall be subject to all applicable general hunting regulations and the area-specific regulations set forth in this subsection.", "ccr_cite": "14 CCR \u00a7 630(d)", "booklet_page": 106, "wildlife_area_type": null, "restrictions": [{"entry": 20, "label": "Closure or restriction", "verbatim": "Visitors must stay on established trails, paths or other designated areas.", "ccr_cite": "14 CCR \u00a7 630", "booklet_table": "Designated Closures and Restrictions on Ecological Reserves", "booklet_page": 113}], "absence_sentence": null, "name_note": null}}}, {"type": "Feature", "geometry": {"type": "Polygon", "coordinates": [[[-124.14743, 40.69348], [-124.14058, 40.69342], [-124.14055, 40.69198], [-124.13039, 40.68983], [-124.12152, 40.68448], [-124.12148, 40.6827], [-124.09882, 40.67462], [-124.08835, 40.67698], [-124.07126, 40.6721], [-124.06833, 40.66791], [-124.05957, 40.66442], [-124.05385, 40.65825], [-124.05367, 40.65509], [-124.04075, 40.64823], [-124.02928, 40.64746], [-124.0306, 40.63728], [-124.02013, 40.63068], [-124.02637, 40.62391], [-124.03748, 40.62131], [-124.0446, 40.61227], [-124.05365, 40.61226], [-124.05811, 40.6085], [-124.06703, 40.60781], [-124.07767, 40.61879], [-124.08894, 40.61993], [-124.09553, 40.62447], [-124.11183, 40.62545], [-124.11133, 40.64263], [-124.10176, 40.64225], [-124.10345, 40.67118], [-124.10617, 40.67121], [-124.11219, 40.67743], [-124.12143, 40.68026], [-124.1214, 40.67879], [-124.13118, 40.68583], [-124.1474, 40.69182], [-124.14743, 40.69348]], [[-124.08787, 40.67522], [-124.09643, 40.6725], [-124.08995, 40.66756], [-124.0853, 40.66692], [-124.08064, 40.65854], [-124.07605, 40.65702], [-124.06775, 40.6482], [-124.06402, 40.64939], [-124.0563, 40.64394], [-124.04487, 40.63975], [-124.04492, 40.64864], [-124.0554, 40.65477], [-124.06021, 40.66207], [-124.07069, 40.66746], [-124.07236, 40.67099], [-124.08787, 40.67522]]]}, "properties": {"id": "43", "name": "Headwaters Forest Ecological Reserve", "kind": "public_land", "land_type": "Ecological Reserve", "access_verbatim": "Open; Refer to regulations or contact CDFW regional or area office prior to visit.", "link": "http://www.wildlife.ca.gov/Lands/Places-to-Visit/Headwaters-Forest-ER", "cdfw_region": 1, "hunting": {"state": "not_listed_prohibited", "entry": null, "verbatim": "Unless listed and specified as allowed in the table below, hunting is prohibited on ecological reserves. Where hunting is allowed, it shall be subject to all applicable general hunting regulations and the area-specific regulations set forth in this subsection.", "ccr_cite": "14 CCR \u00a7 630(d)", "booklet_page": 106, "wildlife_area_type": null, "restrictions": [{"entry": 21, "label": "Closure or restriction", "verbatim": "Pets are prohibited except for dogs on a leash on the northern 3.5 mile designated corridor.", "ccr_cite": "14 CCR \u00a7 630", "booklet_table": "Designated Closures and Restrictions on Ecological Reserves", "booklet_page": 113}], "absence_sentence": null, "name_note": null}}}, {"type": "Feature", "geometry": {"type": "Polygon", "coordinates": [[[-117.39903, 35.83911], [-117.39891, 35.83548], [-117.38953, 35.83548], [-117.38913, 35.82822], [-117.38437, 35.82822], [-117.38413, 35.82459], [-117.3753, 35.8245], [-117.3753, 35.82085], [-117.38893, 35.82093], [-117.38893, 35.82459], [-117.39373, 35.82459], [-117.39389, 35.82822], [-117.40342, 35.82822], [-117.40351, 35.83185], [-117.40816, 35.83185], [-117.40833, 35.83911], [-117.39903, 35.83911]]]}, "properties": {"id": "44", "name": "Indian Joe Springs Ecological Reserve", "kind": "public_land", "land_type": "Ecological Reserve", "access_verbatim": "Open; Refer to regulations or contact CDFW regional or area office prior to visit.", "link": "http://www.wildlife.ca.gov/Lands/Places-to-Visit/Indian-Joe-Springs-ER", "cdfw_region": 6, "hunting": {"state": "listed", "entry": 25, "verbatim": "Upland game only.", "ccr_cite": "14 CCR \u00a7 630(d)", "booklet_page": 107, "wildlife_area_type": null, "restrictions": [], "absence_sentence": null, "name_note": null}}}, {"type": "Feature", "geometry": {"type": "MultiPolygon", "coordinates": [[[[-120.20481, 36.74922], [-120.17747, 36.74922], [-120.17771, 36.73469], [-120.20507, 36.73469], [-120.20481, 36.74922]]], [[[-120.1961, 36.7345], [-120.17347, 36.73451], [-120.1732, 36.71998], [-120.19609, 36.71999], [-120.1961, 36.7345]]]]}, "properties": {"id": "45", "name": "Kerman Ecological Reserve", "kind": "public_land", "land_type": "Ecological Reserve", "access_verbatim": "Open; Refer to regulations or contact CDFW regional or area office prior to visit.", "link": "http://www.wildlife.ca.gov/Lands/Places-to-Visit/Kerman-ER", "cdfw_region": 4, "hunting": {"state": "listed", "entry": 28, "verbatim": "Allowed as part of department special hunting opportunities or at such times and in the specific areas designated by the department. Only licensed hunters are allowed to possess firearms. Shotguns only.", "ccr_cite": "14 CCR \u00a7 630(d)", "booklet_page": 107, "wildlife_area_type": null, "restrictions": [], "absence_sentence": null, "name_note": null}}}, {"type": "Feature", "geometry": {"type": "Polygon", "coordinates": [[[-116.71397, 34.42094], [-116.71391, 34.42438], [-116.70968, 34.42442], [-116.70972, 34.4281], [-116.70067, 34.42805], [-116.70082, 34.41348], [-116.71683, 34.41356], [-116.71248, 34.41511], [-116.71035, 34.41643], [-116.70979, 34.41714], [-116.71818, 34.4135], [-116.7182, 34.42083], [-116.71397, 34.42094]]]}, "properties": {"id": "46", "name": "King Clone Ecological Reserve", "kind": "public_land", "land_type": "Ecological Reserve", "access_verbatim": "Open; Refer to regulations or contact CDFW regional or area office prior to visit.", "link": "http://www.wildlife.ca.gov/Lands/Places-to-Visit/King-Clone-ER", "cdfw_region": 6, "hunting": {"state": "not_listed_prohibited", "entry": null, "verbatim": "Unless listed and specified as allowed in the table below, hunting is prohibited on ecological reserves. Where hunting is allowed, it shall be subject to all applicable general hunting regulations and the area-specific regulations set forth in this subsection.", "ccr_cite": "14 CCR \u00a7 630(d)", "booklet_page": 106, "wildlife_area_type": null, "restrictions": [], "absence_sentence": null, "name_note": null}}}, {"type": "Feature", "geometry": {"type": "Polygon", "coordinates": [[[-117.76212, 33.58322], [-117.77055, 33.59072], [-117.76861, 33.593], [-117.76422, 33.59012], [-117.76212, 33.58322]]]}, "properties": {"id": "47", "name": "Laguna Laurel Ecological Reserve", "kind": "public_land", "land_type": "Ecological Reserve", "access_verbatim": "Open; Refer to regulations or contact CDFW regional or area office prior to visit.", "link": "http://www.wildlife.ca.gov/Lands/Places-to-Visit/Laguna-Laurel-ER", "cdfw_region": 5, "hunting": {"state": "not_listed_prohibited", "entry": null, "verbatim": "Unless listed and specified as allowed in the table below, hunting is prohibited on ecological reserves. Where hunting is allowed, it shall be subject to all applicable general hunting regulations and the area-specific regulations set forth in this subsection.", "ccr_cite": "14 CCR \u00a7 630(d)", "booklet_page": 106, "wildlife_area_type": null, "restrictions": [], "absence_sentence": null, "name_note": null}}}, {"type": "Feature", "geometry": {"type": "Polygon", "coordinates": [[[-121.69225, 38.31443], [-121.66724, 38.31409], [-121.66713, 38.29214], [-121.66357, 38.27936], [-121.66649, 38.26944], [-121.66986, 38.26611], [-121.66859, 38.26423], [-121.67073, 38.25382], [-121.67694, 38.24372], [-121.68249, 38.23893], [-121.68565, 38.23899], [-121.69009, 38.24368], [-121.688, 38.24776], [-121.6895, 38.255], [-121.69224, 38.25596], [-121.69377, 38.26249], [-121.69186, 38.26293], [-121.69447, 38.26645], [-121.69606, 38.27822], [-121.69344, 38.28283], [-121.69347, 38.30655], [-121.69171, 38.30626], [-121.69037, 38.30646], [-121.69347, 38.30672], [-121.69225, 38.31443]]]}, "properties": {"id": "48", "name": "Liberty Island Ecological Reserve", "kind": "public_land", "land_type": "Ecological Reserve", "access_verbatim": "Open; Refer to regulations or contact CDFW regional or area office prior to visit.", "link": "http://www.wildlife.ca.gov/Lands/Places-to-Visit/Liberty-Island-ER", "cdfw_region": 3, "hunting": {"state": "listed", "entry": 29, "verbatim": "Allowed only at such times and in the specific areas designated by the department.", "ccr_cite": "14 CCR \u00a7 630(d)", "booklet_page": 107, "wildlife_area_type": null, "restrictions": [], "absence_sentence": null, "name_note": null}}}, {"type": "Feature", "geometry": {"type": "Polygon", "coordinates": [[[-122.72148, 38.86587], [-122.71882, 38.86525], [-122.71872, 38.8641], [-122.72148, 38.86587]]]}, "properties": {"id": "49", "name": "Loch Lomond Vernal Pool Ecological Reserve", "kind": "public_land", "land_type": "Ecological Reserve", "access_verbatim": "Open; Refer to regulations or contact CDFW regional or area office prior to visit.", "link": "http://www.wildlife.ca.gov/Lands/Places-to-Visit/Loch-Lomond-Vernal-Pool-ER", "cdfw_region": 2, "hunting": {"state": "not_listed_prohibited", "entry": null, "verbatim": "Unless listed and specified as allowed in the table below, hunting is prohibited on ecological reserves. Where hunting is allowed, it shall be subject to all applicable general hunting regulations and the area-specific regulations set forth in this subsection.", "ccr_cite": "14 CCR \u00a7 630(d)", "booklet_page": 106, "wildlife_area_type": null, "restrictions": [], "absence_sentence": null, "name_note": null}}}, {"type": "Feature", "geometry": {"type": "MultiPolygon", "coordinates": [[[[-119.59727, 35.42141], [-119.60154, 35.42145], [-119.60176, 35.42408], [-119.59842, 35.42319], [-119.59842, 35.42674], [-119.59504, 35.42501], [-119.59504, 35.42674], [-119.59393, 35.42674], [-119.59391, 35.42318], [-119.59614, 35.42413], [-119.59727, 35.42141]]], [[[-119.64698, 35.37056], [-119.64697, 35.37603], [-119.64256, 35.37609], [-119.64256, 35.37056], [-119.64698, 35.37056]]], [[[-119.60719, 35.42322], [-119.60509, 35.42147], [-119.60721, 35.4215], [-119.60719, 35.42322]]], [[[-119.59555, 35.416], [-119.59498, 35.41504], [-119.59555, 35.41504], [-119.59555, 35.416]]], [[[-119.59612, 35.41774], [-119.59838, 35.41664], [-119.59839, 35.41775], [-119.59612, 35.41774]]], [[[-119.5911, 35.41599], [-119.59279, 35.41772], [-119.59108, 35.41772], [-119.58941, 35.42135], [-119.5911, 35.41599]]], [[[-119.59496, 35.416], [-119.59388, 35.41686], [-119.59387, 35.41599], [-119.59496, 35.416]]], [[[-119.60233, 35.42674], [-119.60333, 35.4232], [-119.60508, 35.42676], [-119.60233, 35.42674]]], [[[-119.59716, 35.43789], [-119.59835, 35.44147], [-119.59165, 35.44151], [-119.59714, 35.43968], [-119.59383, 35.4379], [-119.59716, 35.43789]]], [[[-119.55848, 35.40147], [-119.5562, 35.39963], [-119.55849, 35.39964], [-119.55848, 35.40147]]], [[[-119.57914, 35.43151], [-119.58073, 35.42967], [-119.58024, 35.43151], [-119.57914, 35.43151]]], [[[-119.58734, 35.43793], [-119.58681, 35.43888], [-119.58679, 35.43794], [-119.58734, 35.43793]]], [[[-119.58138, 35.43708], [-119.58521, 35.43795], [-119.58526, 35.44062], [-119.58895, 35.43791], [-119.58844, 35.43969], [-119.59109, 35.43968], [-119.59109, 35.44151], [-119.5845, 35.44154], [-119.58138, 35.43708]]], [[[-119.57628, 35.42505], [-119.5785, 35.42505], [-119.57796, 35.42685], [-119.57629, 35.42687], [-119.57628, 35.42505]]], [[[-119.57851, 35.42063], [-119.5763, 35.41965], [-119.57853, 35.41964], [-119.57851, 35.42063]]], [[[-119.55618, 35.40964], [-119.55506, 35.40868], [-119.5584, 35.4087], [-119.55838, 35.41146], [-119.55395, 35.4123], [-119.55618, 35.40964]]], [[[-119.57169, 35.42332], [-119.57629, 35.42335], [-119.57628, 35.42505], [-119.57402, 35.42504], [-119.57399, 35.42688], [-119.57169, 35.4269], [-119.57169, 35.42332]]], [[[-119.52922, 35.38784], [-119.52864, 35.38966], [-119.5281, 35.38784], [-119.52922, 35.38784]]], [[[-119.54941, 35.36876], [-119.55396, 35.36876], [-119.55395, 35.37059], [-119.54504, 35.37056], [-119.5451, 35.36331], [-119.54945, 35.36331], [-119.54941, 35.36876]]], [[[-119.5281, 35.38694], [-119.52751, 35.39147], [-119.52919, 35.39148], [-119.5275, 35.39238], [-119.5275, 35.3943], [-119.52384, 35.39428], [-119.52174, 35.39199], [-119.52293, 35.38694], [-119.51848, 35.38693], [-119.51849, 35.38331], [-119.53032, 35.38327], [-119.53033, 35.38693], [-119.5281, 35.38694]]], [[[-119.53396, 35.39239], [-119.53296, 35.39055], [-119.53611, 35.39052], [-119.53612, 35.39334], [-119.53396, 35.39239]]], [[[-119.53449, 35.39238], [-119.53503, 35.39145], [-119.53449, 35.39145], [-119.53449, 35.39238]]], [[[-119.53194, 35.3943], [-119.52972, 35.39332], [-119.53195, 35.39332], [-119.53194, 35.3943]]], [[[-119.52861, 35.39331], [-119.52972, 35.39239], [-119.52972, 35.39332], [-119.52861, 35.39331]]], [[[-119.54949, 35.4033], [-119.55393, 35.40328], [-119.55506, 35.40597], [-119.55172, 35.40686], [-119.55172, 35.40867], [-119.55395, 35.40867], [-119.55173, 35.41231], [-119.54841, 35.4105], [-119.54949, 35.40505], [-119.54728, 35.40505], [-119.54728, 35.40868], [-119.54507, 35.40952], [-119.53617, 35.40278], [-119.53615, 35.39979], [-119.54128, 35.4005], [-119.54948, 35.39974], [-119.54949, 35.4033]]], [[[-119.63808, 35.3942], [-119.63812, 35.39059], [-119.64257, 35.39054], [-119.64257, 35.3942], [-119.63808, 35.3942]]], [[[-119.5995, 35.41955], [-119.59897, 35.41865], [-119.59953, 35.41865], [-119.5995, 35.41955]]], [[[-119.61494, 35.43871], [-119.61549, 35.43782], [-119.61548, 35.43871], [-119.61494, 35.43871]]], [[[-119.54504, 35.37244], [-119.55394, 35.37244], [-119.5517, 35.3779], [-119.55054, 35.37604], [-119.54501, 35.37604], [-119.54504, 35.37244]]], [[[-119.54498, 35.37972], [-119.545, 35.37788], [-119.54947, 35.3779], [-119.54946, 35.37973], [-119.54498, 35.37972]]], [[[-119.58069, 35.42786], [-119.58019, 35.42876], [-119.58018, 35.42786], [-119.58069, 35.42786]]], [[[-119.59197, 35.43885], [-119.5923, 35.4379], [-119.5923, 35.43885], [-119.59197, 35.43885]]], [[[-119.58066, 35.42416], [-119.57684, 35.42242], [-119.58066, 35.42244], [-119.58066, 35.42416]]], [[[-119.57965, 35.42596], [-119.58068, 35.42683], [-119.57966, 35.42684], [-119.57965, 35.42596]]], [[[-119.58028, 35.43423], [-119.57974, 35.43334], [-119.58026, 35.43334], [-119.58028, 35.43423]]], [[[-119.55484, 35.40055], [-119.55438, 35.40144], [-119.55438, 35.40055], [-119.55484, 35.40055]]], [[[-119.616, 35.43872], [-119.61819, 35.43962], [-119.61599, 35.43962], [-119.616, 35.43872]]], [[[-119.61819, 35.43962], [-119.61958, 35.44139], [-119.61161, 35.44141], [-119.61162, 35.4405], [-119.61819, 35.43962]]], [[[-119.60942, 35.43956], [-119.60721, 35.43955], [-119.6072, 35.43776], [-119.60943, 35.43777], [-119.60942, 35.43956]]], [[[-119.54215, 35.37972], [-119.54497, 35.38236], [-119.54162, 35.38142], [-119.54215, 35.37972]]], [[[-119.53145, 35.37785], [-119.52733, 35.37788], [-119.52733, 35.37607], [-119.52972, 35.37605], [-119.53145, 35.37785]]], [[[-119.52842, 35.36734], [-119.52734, 35.36771], [-119.52735, 35.36735], [-119.52842, 35.36734]]], [[[-119.51233, 35.38246], [-119.51407, 35.38065], [-119.51407, 35.38249], [-119.51233, 35.38246]]], [[[-119.54141, 35.3943], [-119.54169, 35.39776], [-119.54948, 35.39886], [-119.53662, 35.39843], [-119.54141, 35.3943]]], [[[-119.54948, 35.39941], [-119.54175, 35.40032], [-119.53863, 35.39979], [-119.5457, 35.39974], [-119.54948, 35.39941]]], [[[-119.49187, 35.35804], [-119.49194, 35.35435], [-119.5008, 35.35432], [-119.50077, 35.36], [-119.4919, 35.36149], [-119.48751, 35.36006], [-119.48749, 35.35804], [-119.49187, 35.35804]]], [[[-119.46608, 35.33999], [-119.47415, 35.33994], [-119.47407, 35.3472], [-119.47075, 35.34553], [-119.46926, 35.3455], [-119.46608, 35.33999]]], [[[-119.47013, 35.34724], [-119.47059, 35.34569], [-119.47312, 35.34721], [-119.47013, 35.34724]]], [[[-119.46526, 35.33999], [-119.4687, 35.34493], [-119.46902, 35.34657], [-119.46527, 35.34624], [-119.46526, 35.33999]]], [[[-119.39431, 35.31715], [-119.39212, 35.31711], [-119.39211, 35.31525], [-119.39427, 35.3153], [-119.39422, 35.31163], [-119.40301, 35.31153], [-119.4032, 35.32233], [-119.39437, 35.3209], [-119.39431, 35.31715]]], [[[-119.43755, 35.33927], [-119.43531, 35.33759], [-119.43754, 35.33796], [-119.43755, 35.33927]]], [[[-119.42095, 35.33666], [-119.42539, 35.33649], [-119.42539, 35.33905], [-119.42227, 35.33758], [-119.42095, 35.33666]]], [[[-119.3944, 35.3223], [-119.4009, 35.32306], [-119.40329, 35.32573], [-119.39444, 35.32567], [-119.3944, 35.3223]]], [[[-119.38926, 35.31516], [-119.38826, 35.31424], [-119.38926, 35.31426], [-119.38926, 35.31516]]], [[[-119.511, 35.38142], [-119.50989, 35.3806], [-119.511, 35.38062], [-119.511, 35.38142]]], [[[-119.49632, 35.36225], [-119.50077, 35.36145], [-119.50077, 35.36886], [-119.49629, 35.36888], [-119.49632, 35.36225]]], [[[-119.49265, 35.46794], [-119.50163, 35.46793], [-119.50161, 35.47156], [-119.4976, 35.47153], [-119.49265, 35.46794]]], [[[-119.5218, 35.36735], [-119.51962, 35.3651], [-119.52183, 35.36511], [-119.5218, 35.36735]]], [[[-119.52736, 35.36622], [-119.52626, 35.36605], [-119.52736, 35.36605], [-119.52736, 35.36622]]], [[[-119.52511, 35.3677], [-119.52623, 35.36716], [-119.52622, 35.3677], [-119.52511, 35.3677]]], [[[-119.524, 35.36698], [-119.5229, 35.36793], [-119.52288, 35.36698], [-119.524, 35.36698]]], [[[-119.51048, 35.47888], [-119.51492, 35.47888], [-119.51491, 35.48255], [-119.51936, 35.48258], [-119.51936, 35.48622], [-119.51047, 35.48083], [-119.51048, 35.47888]]], [[[-119.53612, 35.39433], [-119.54113, 35.3943], [-119.53614, 35.39859], [-119.53612, 35.39433]]], [[[-119.53648, 35.39855], [-119.53614, 35.39925], [-119.53614, 35.39882], [-119.53648, 35.39855]]], [[[-119.54284, 35.3952], [-119.54391, 35.39428], [-119.54391, 35.39519], [-119.54284, 35.3952]]], [[[-119.5353, 35.3684], [-119.53299, 35.36876], [-119.53299, 35.36733], [-119.5353, 35.3684]]], [[[-119.53938, 35.38327], [-119.53937, 35.38142], [-119.54163, 35.38236], [-119.54164, 35.38327], [-119.53938, 35.38327]]], [[[-119.53526, 35.36584], [-119.5364, 35.36604], [-119.53527, 35.36604], [-119.53526, 35.36584]]], [[[-119.53529, 35.36732], [-119.5364, 35.36657], [-119.53641, 35.36732], [-119.53529, 35.36732]]], [[[-119.53505, 35.3797], [-119.53229, 35.37627], [-119.53213, 35.37604], [-119.53613, 35.37601], [-119.53505, 35.3797]]], [[[-119.61517, 35.46344], [-119.61409, 35.46157], [-119.61516, 35.46158], [-119.61517, 35.46344]]], [[[-119.60971, 35.45779], [-119.61189, 35.4578], [-119.61189, 35.45967], [-119.6097, 35.45967], [-119.6097, 35.4634], [-119.60489, 35.46336], [-119.60076, 35.45596], [-119.60971, 35.45594], [-119.60971, 35.45779]]], [[[-119.61631, 35.46518], [-119.61517, 35.46344], [-119.61629, 35.46345], [-119.61631, 35.46518]]], [[[-119.62071, 35.44771], [-119.61849, 35.44676], [-119.62071, 35.44677], [-119.62071, 35.44771]]], [[[-119.61847, 35.45226], [-119.6229, 35.45226], [-119.62292, 35.45588], [-119.61845, 35.45591], [-119.61847, 35.45226]]], [[[-119.61739, 35.46498], [-119.61854, 35.46674], [-119.61741, 35.46675], [-119.61739, 35.46498]]], [[[-119.61409, 35.45968], [-119.61631, 35.45781], [-119.61631, 35.45969], [-119.61409, 35.45968]]], [[[-119.61577, 35.46776], [-119.61518, 35.46686], [-119.61577, 35.46687], [-119.61577, 35.46776]]], [[[-119.61184, 35.465], [-119.61297, 35.46319], [-119.61297, 35.465], [-119.61184, 35.465]]], [[[-119.61186, 35.4704], [-119.61186, 35.46865], [-119.61465, 35.46953], [-119.61465, 35.4704], [-119.61186, 35.4704]]], [[[-119.62771, 35.51824], [-119.62301, 35.51787], [-119.62771, 35.51779], [-119.62771, 35.51824]]], [[[-119.57517, 35.42061], [-119.57629, 35.42152], [-119.57517, 35.42151], [-119.57517, 35.42061]]], [[[-119.57517, 35.42061], [-119.57408, 35.41967], [-119.57518, 35.41966], [-119.57517, 35.42061]]], [[[-119.57293, 35.4215], [-119.57168, 35.42058], [-119.57294, 35.42059], [-119.57293, 35.4215]]], [[[-119.57408, 35.43336], [-119.5752, 35.43242], [-119.57521, 35.43336], [-119.57408, 35.43336]]], [[[-119.55951, 35.41514], [-119.5601, 35.41419], [-119.56009, 35.41514], [-119.55951, 35.41514]]], [[[-119.55506, 35.41419], [-119.55398, 35.41605], [-119.55396, 35.41419], [-119.55506, 35.41419]]], [[[-119.56181, 35.40783], [-119.56066, 35.40599], [-119.56187, 35.406], [-119.56181, 35.40783]]], [[[-119.55739, 35.40505], [-119.55677, 35.40598], [-119.55678, 35.40505], [-119.55739, 35.40505]]], [[[-119.55738, 35.40688], [-119.55844, 35.40598], [-119.55843, 35.40689], [-119.55738, 35.40688]]], [[[-119.55848, 35.40235], [-119.55734, 35.40323], [-119.55734, 35.40234], [-119.55848, 35.40235]]], [[[-119.5553, 35.40413], [-119.55438, 35.40323], [-119.5553, 35.40323], [-119.5553, 35.40413]]], [[[-119.57855, 35.42967], [-119.57795, 35.42876], [-119.57853, 35.42876], [-119.57855, 35.42967]]], [[[-119.57812, 35.43524], [-119.57866, 35.43423], [-119.57868, 35.43524], [-119.57812, 35.43524]]], [[[-119.5787, 35.43616], [-119.57816, 35.43708], [-119.57814, 35.43616], [-119.5787, 35.43616]]], [[[-119.58516, 35.43613], [-119.58567, 35.43521], [-119.5857, 35.43612], [-119.58516, 35.43613]]], [[[-119.58346, 35.43421], [-119.58513, 35.43521], [-119.58293, 35.43615], [-119.58346, 35.43421]]], [[[-119.58939, 35.42673], [-119.5894, 35.42495], [-119.59169, 35.42497], [-119.59168, 35.42673], [-119.58939, 35.42673]]], [[[-119.58089, 35.43617], [-119.58181, 35.43524], [-119.58182, 35.43616], [-119.58089, 35.43617]]], [[[-119.59166, 35.43608], [-119.58946, 35.43702], [-119.58945, 35.43608], [-119.59166, 35.43608]]], [[[-119.58733, 35.43704], [-119.58842, 35.4361], [-119.58842, 35.43703], [-119.58733, 35.43704]]], [[[-119.55396, 35.36876], [-119.55397, 35.36694], [-119.56292, 35.36696], [-119.56297, 35.3688], [-119.55396, 35.36876]]], [[[-119.56265, 35.3887], [-119.56499, 35.3887], [-119.56611, 35.39039], [-119.56263, 35.39038], [-119.56265, 35.3887]]], [[[-119.56278, 35.35784], [-119.56282, 35.35412], [-119.56512, 35.35412], [-119.56504, 35.35783], [-119.56278, 35.35784]]], [[[-119.55837, 35.36151], [-119.55398, 35.36153], [-119.55398, 35.35409], [-119.5584, 35.3541], [-119.55837, 35.36151]]], [[[-119.57617, 35.38235], [-119.57146, 35.38307], [-119.57397, 35.38058], [-119.57147, 35.38053], [-119.57146, 35.37611], [-119.57627, 35.37617], [-119.57617, 35.38235]]], [[[-119.56937, 35.38343], [-119.56939, 35.38689], [-119.56719, 35.3869], [-119.56725, 35.38342], [-119.56937, 35.38343]]], [[[-119.56501, 35.38343], [-119.56269, 35.38508], [-119.56279, 35.38342], [-119.56501, 35.38343]]], [[[-119.5562, 35.39837], [-119.55807, 35.39782], [-119.55807, 35.3982], [-119.5562, 35.39837]]], [[[-119.59499, 35.41445], [-119.59389, 35.41503], [-119.59388, 35.41414], [-119.59499, 35.41445]]], [[[-119.58494, 35.40149], [-119.58493, 35.39968], [-119.58715, 35.39969], [-119.58939, 35.40508], [-119.58271, 35.40332], [-119.58271, 35.4015], [-119.58494, 35.40149]]], [[[-119.59276, 35.41413], [-119.59056, 35.41322], [-119.59276, 35.41323], [-119.59276, 35.41413]]], [[[-119.58271, 35.4015], [-119.58049, 35.4015], [-119.5805, 35.39967], [-119.58269, 35.39967], [-119.58271, 35.4015]]], [[[-119.59498, 35.41231], [-119.59831, 35.41232], [-119.59834, 35.4133], [-119.59608, 35.41327], [-119.59498, 35.41231]]], [[[-119.58285, 35.37882], [-119.58067, 35.37615], [-119.58504, 35.37612], [-119.58497, 35.38314], [-119.58063, 35.38313], [-119.58062, 35.37884], [-119.58285, 35.37882]]], [[[-119.5805, 35.39877], [-119.58269, 35.39793], [-119.58269, 35.39878], [-119.5805, 35.39877]]], [[[-119.59445, 35.41868], [-119.5939, 35.41773], [-119.59444, 35.41773], [-119.59445, 35.41868]]], [[[-119.59503, 35.42139], [-119.59393, 35.42046], [-119.59503, 35.42047], [-119.59503, 35.42139]]], [[[-119.59222, 35.41954], [-119.59169, 35.41866], [-119.59221, 35.41866], [-119.59222, 35.41954]]], [[[-119.59171, 35.4222], [-119.5906, 35.42136], [-119.59171, 35.42137], [-119.59171, 35.4222]]], [[[-119.6116, 35.43416], [-119.61158, 35.43056], [-119.61318, 35.43243], [-119.6116, 35.43416]]], [[[-119.60118, 35.42501], [-119.60063, 35.42587], [-119.60063, 35.42501], [-119.60118, 35.42501]]], [[[-119.59604, 35.43607], [-119.59384, 35.43514], [-119.59604, 35.43515], [-119.59604, 35.43607]]], [[[-119.62324, 35.43786], [-119.62268, 35.43875], [-119.62267, 35.43786], [-119.62324, 35.43786]]], [[[-119.60511, 35.41604], [-119.60625, 35.41424], [-119.60624, 35.41604], [-119.60511, 35.41604]]], [[[-119.60456, 35.41332], [-119.60511, 35.41424], [-119.60457, 35.41423], [-119.60456, 35.41332]]], [[[-119.60287, 35.41603], [-119.60398, 35.41232], [-119.604, 35.41604], [-119.60287, 35.41603]]], [[[-119.60176, 35.41776], [-119.60061, 35.41602], [-119.60287, 35.41603], [-119.60176, 35.41776]]], [[[-119.63357, 35.35789], [-119.63354, 35.35607], [-119.63786, 35.35607], [-119.6379, 35.35786], [-119.63357, 35.35789]]], [[[-119.63369, 35.39062], [-119.63369, 35.39771], [-119.62928, 35.39769], [-119.62926, 35.39063], [-119.63369, 35.39062]]], [[[-119.60006, 35.41331], [-119.6006, 35.41232], [-119.6006, 35.41331], [-119.60006, 35.41331]]], [[[-119.60674, 35.41869], [-119.60721, 35.41779], [-119.60721, 35.41869], [-119.60674, 35.41869]]], [[[-119.65589, 35.37049], [-119.66033, 35.36867], [-119.66033, 35.37047], [-119.65589, 35.37049]]], [[[-119.65588, 35.37316], [-119.6581, 35.37405], [-119.65808, 35.37589], [-119.65586, 35.37592], [-119.65588, 35.37316]]], [[[-119.65145, 35.37228], [-119.65588, 35.37316], [-119.65144, 35.37409], [-119.65145, 35.37228]]], [[[-119.65145, 35.37228], [-119.64966, 35.37231], [-119.64924, 35.37054], [-119.65144, 35.37052], [-119.65145, 35.37228]]], [[[-119.66033, 35.38315], [-119.65623, 35.38316], [-119.65406, 35.37958], [-119.66033, 35.37949], [-119.66033, 35.38315]]], [[[-119.65145, 35.3832], [-119.65148, 35.37962], [-119.65369, 35.37958], [-119.65585, 35.38316], [-119.65145, 35.3832]]], [[[-119.80238, 35.40165], [-119.80235, 35.39083], [-119.80673, 35.39086], [-119.80677, 35.39438], [-119.81124, 35.3944], [-119.81124, 35.40161], [-119.80238, 35.40165]]]]}, "properties": {"id": "50", "name": "Lokern Ecological Reserve", "kind": "public_land", "land_type": "Ecological Reserve", "access_verbatim": "Open; Refer to regulations or contact CDFW regional or area office prior to visit.", "link": "http://www.wildlife.ca.gov/Lands/Places-to-Visit/Lokern-ER", "cdfw_region": 4, "hunting": {"state": "listed", "entry": 30, "verbatim": "Allowed only at such times and in the specific areas designated by the department.", "ccr_cite": "14 CCR \u00a7 630(d)", "booklet_page": 107, "wildlife_area_type": null, "restrictions": [], "absence_sentence": null, "name_note": null}}}, {"type": "Feature", "geometry": {"type": "MultiPolygon", "coordinates": [[[[-116.46033, 33.69966], [-116.46036, 33.7141], [-116.44298, 33.7141], [-116.44296, 33.69957], [-116.46033, 33.69966]]], [[[-116.44292, 33.68507], [-116.44296, 33.69957], [-116.4256, 33.69962], [-116.42555, 33.68507], [-116.44292, 33.68507]]], [[[-116.44295, 33.7141], [-116.44299, 33.72866], [-116.46038, 33.72868], [-116.46038, 33.7432], [-116.42405, 33.74312], [-116.42276, 33.74086], [-116.4274, 33.73371], [-116.43075, 33.732], [-116.43388, 33.73385], [-116.43398, 33.72963], [-116.43242, 33.731], [-116.42604, 33.72938], [-116.42559, 33.73126], [-116.4256, 33.72862], [-116.40825, 33.72863], [-116.40821, 33.71415], [-116.44295, 33.7141]]]]}, "properties": {"id": "51", "name": "Magnesia Spring Ecological Reserve", "kind": "public_land", "land_type": "Ecological Reserve", "access_verbatim": "Open; Refer to regulations or contact CDFW regional or area office prior to visit.", "link": "http://www.wildlife.ca.gov/Lands/Places-to-Visit/Magnesia-Spring-ER", "cdfw_region": 6, "hunting": {"state": "not_listed_prohibited", "entry": null, "verbatim": "Unless listed and specified as allowed in the table below, hunting is prohibited on ecological reserves. Where hunting is allowed, it shall be subject to all applicable general hunting regulations and the area-specific regulations set forth in this subsection.", "ccr_cite": "14 CCR \u00a7 630(d)", "booklet_page": 106, "wildlife_area_type": null, "restrictions": [{"entry": 28, "label": "Closure or restriction", "verbatim": "Year round access is allowed only on that portion of the Mike Schuler Trail in the northeast corner of Section 24, and the Lower Mirage Trail where it enters Section 24 in the north and continues south until the trail becomes the Herb Jeffries Trail which continues south and then east and exits the Ecological Reserve at the eastern border of Section 24. Access is also allowed year round on the Hopalong Cassidy Trail in the eastern portion of Section 35. The Mirage Trail, located above the gate and west of the intersection with the Herb Jefferies trail, is open only for pedestrian use from May 1 through January 31, and is closed to all visitor use from February 1 through April 30. Those portions of the Art Smith Trail in Sections 35 and 27 are open from October 1 through June 30 and closed from July 1 through September 30.", "ccr_cite": "14 CCR \u00a7 630", "booklet_table": "Designated Closures and Restrictions on Ecological Reserves", "booklet_page": 114}], "absence_sentence": null, "name_note": null}}}, {"type": "Feature", "geometry": {"type": "Polygon", "coordinates": [[[-122.45473, 37.97573], [-122.46093, 37.97165], [-122.46415, 37.96736], [-122.46222, 37.96531], [-122.46628, 37.963], [-122.46872, 37.96366], [-122.4666, 37.96538], [-122.47047, 37.96505], [-122.46892, 37.96376], [-122.4765, 37.96699], [-122.4767, 37.97145], [-122.47659, 37.9739], [-122.47456, 37.97541], [-122.45473, 37.97573]], [[-122.47205, 37.97197], [-122.47661, 37.97139], [-122.47652, 37.96798], [-122.46965, 37.96809], [-122.46984, 37.97492], [-122.47213, 37.97488], [-122.47205, 37.97197]]]}, "properties": {"id": "52", "name": "Marin Islands Ecological Reserve", "kind": "public_land", "land_type": "Ecological Reserve", "access_verbatim": "Open; Refer to regulations or contact CDFW regional or area office prior to visit.", "link": "http://www.wildlife.ca.gov/Lands/Places-to-Visit/Marin-Islands-ER", "cdfw_region": 3, "hunting": {"state": "not_listed_prohibited", "entry": null, "verbatim": "Unless listed and specified as allowed in the table below, hunting is prohibited on ecological reserves. Where hunting is allowed, it shall be subject to all applicable general hunting regulations and the area-specific regulations set forth in this subsection.", "ccr_cite": "14 CCR \u00a7 630(d)", "booklet_page": 106, "wildlife_area_type": null, "restrictions": [], "absence_sentence": null, "name_note": null}}}, {"type": "Feature", "geometry": {"type": "MultiPolygon", "coordinates": [[[[-123.93688, 39.96902], [-123.93801, 39.97584], [-123.94282, 39.9758], [-123.94442, 39.98343], [-123.9582, 39.98335], [-123.95757, 39.98701], [-123.96259, 39.9868], [-123.96188, 39.99078], [-123.95692, 39.99086], [-123.95566, 39.99834], [-123.9425, 39.9976], [-123.9419, 39.99488], [-123.93206, 39.99535], [-123.93365, 39.98738], [-123.92877, 39.98742], [-123.92929, 39.98466], [-123.92426, 39.98474], [-123.92292, 39.97199], [-123.92667, 39.97417], [-123.93688, 39.96902]]], [[[-123.93013, 39.97982], [-123.92949, 39.98364], [-123.93056, 39.98358], [-123.93013, 39.97982]]], [[[-123.93136, 39.9798], [-123.93191, 39.98353], [-123.93941, 39.98343], [-123.93872, 39.9797], [-123.93136, 39.9798]]], [[[-123.91969, 39.98376], [-123.91493, 39.98391], [-123.91401, 39.97613], [-123.91874, 39.97603], [-123.91969, 39.98376]]], [[[-123.95304, 39.97953], [-123.95186, 39.97443], [-123.95571, 39.97498], [-123.95614, 39.973], [-123.95755, 39.97953], [-123.95304, 39.97953]]]]}, "properties": {"id": "53", "name": "Mattole River Ecological Reserve", "kind": "public_land", "land_type": "Ecological Reserve", "access_verbatim": "Open; Refer to regulations or contact CDFW regional or area office prior to visit.", "link": "http://www.wildlife.ca.gov/Lands/Places-to-Visit/Mattole-River-ER", "cdfw_region": 1, "hunting": {"state": "not_listed_prohibited", "entry": null, "verbatim": "Unless listed and specified as allowed in the table below, hunting is prohibited on ecological reserves. Where hunting is allowed, it shall be subject to all applicable general hunting regulations and the area-specific regulations set forth in this subsection.", "ccr_cite": "14 CCR \u00a7 630(d)", "booklet_page": 106, "wildlife_area_type": null, "restrictions": [], "absence_sentence": null, "name_note": null}}}, {"type": "Feature", "geometry": {"type": "Polygon", "coordinates": [[[-116.88914, 32.75828], [-116.88909, 32.75471], [-116.89437, 32.75359], [-116.89336, 32.75103], [-116.89765, 32.75105], [-116.89743, 32.75511], [-116.90442, 32.75514], [-116.90083, 32.75834], [-116.88946, 32.75827], [-116.89039, 32.75989], [-116.88475, 32.76206], [-116.88474, 32.75838], [-116.88914, 32.75828]]]}, "properties": {"id": "54", "name": "McGinty Mountain Ecological Reserve", "kind": "public_land", "land_type": "Ecological Reserve", "access_verbatim": "Open; Refer to regulations or contact CDFW regional or area office prior to visit.", "link": "http://www.wildlife.ca.gov/Lands/Places-to-Visit/McGinty-Mountain-ER", "cdfw_region": 5, "hunting": {"state": "not_listed_prohibited", "entry": null, "verbatim": "Unless listed and specified as allowed in the table below, hunting is prohibited on ecological reserves. Where hunting is allowed, it shall be subject to all applicable general hunting regulations and the area-specific regulations set forth in this subsection.", "ccr_cite": "14 CCR \u00a7 630(d)", "booklet_page": 106, "wildlife_area_type": null, "restrictions": [], "absence_sentence": null, "name_note": null}}}, {"type": "Feature", "geometry": {"type": "Polygon", "coordinates": [[[-117.07246, 32.96168], [-117.06369, 32.96325], [-117.06367, 32.96056], [-117.0669, 32.96054], [-117.06688, 32.95322], [-117.07127, 32.95516], [-117.07128, 32.96071], [-117.07555, 32.96077], [-117.07559, 32.96448], [-117.07066, 32.96442], [-117.07246, 32.96168]]]}, "properties": {"id": "55", "name": "Meadowbrook Ecological Reserve", "kind": "public_land", "land_type": "Ecological Reserve", "access_verbatim": "Open; Refer to regulations or contact CDFW regional or area office prior to visit.", "link": "http://www.wildlife.ca.gov/Lands/Places-to-Visit/Meadowbrook-ER", "cdfw_region": 5, "hunting": {"state": "not_listed_prohibited", "entry": null, "verbatim": "Unless listed and specified as allowed in the table below, hunting is prohibited on ecological reserves. Where hunting is allowed, it shall be subject to all applicable general hunting regulations and the area-specific regulations set forth in this subsection.", "ccr_cite": "14 CCR \u00a7 630(d)", "booklet_page": 106, "wildlife_area_type": null, "restrictions": [], "absence_sentence": null, "name_note": null}}}, {"type": "Feature", "geometry": {"type": "MultiPolygon", "coordinates": [[[[-120.83607, 35.3015], [-120.84324, 35.2991], [-120.84321, 35.30839], [-120.83297, 35.3081], [-120.82824, 35.29978], [-120.83607, 35.3015]]], [[[-120.86168, 35.30144], [-120.86766, 35.30116], [-120.86778, 35.30432], [-120.86164, 35.30437], [-120.86168, 35.30144]]]]}, "properties": {"id": "56", "name": "Morro Dunes Ecological Reserve", "kind": "public_land", "land_type": "Ecological Reserve", "access_verbatim": "Open; Refer to regulations or contact CDFW regional or area office prior to visit.", "link": "http://www.wildlife.ca.gov/Lands/Places-to-Visit/Morro-Dunes-ER", "cdfw_region": 4, "hunting": {"state": "not_listed_prohibited", "entry": null, "verbatim": "Unless listed and specified as allowed in the table below, hunting is prohibited on ecological reserves. Where hunting is allowed, it shall be subject to all applicable general hunting regulations and the area-specific regulations set forth in this subsection.", "ccr_cite": "14 CCR \u00a7 630(d)", "booklet_page": 106, "wildlife_area_type": null, "restrictions": [{"entry": 29, "label": "Closure or restriction", "verbatim": "Visitor access allowed only on designated trails during daylight hours.", "ccr_cite": "14 CCR \u00a7 630", "booklet_table": "Designated Closures and Restrictions on Ecological Reserves", "booklet_page": 114}], "absence_sentence": null, "name_note": null}}}, {"type": "Feature", "geometry": {"type": "Polygon", "coordinates": [[[-122.35307, 38.41743], [-122.35928, 38.42137], [-122.35934, 38.42402], [-122.35684, 38.42551], [-122.35047, 38.41947], [-122.35307, 38.41743]]]}, "properties": {"id": "57", "name": "Napa River Ecological Reserve", "kind": "public_land", "land_type": "Ecological Reserve", "access_verbatim": "Open; Refer to regulations or contact CDFW regional or area office prior to visit.", "link": "http://www.wildlife.ca.gov/Lands/Places-to-Visit/Napa-River-ER", "cdfw_region": 3, "hunting": {"state": "not_listed_prohibited", "entry": null, "verbatim": "Unless listed and specified as allowed in the table below, hunting is prohibited on ecological reserves. Where hunting is allowed, it shall be subject to all applicable general hunting regulations and the area-specific regulations set forth in this subsection.", "ccr_cite": "14 CCR \u00a7 630(d)", "booklet_page": 106, "wildlife_area_type": null, "restrictions": [], "absence_sentence": null, "name_note": null}}}, {"type": "Feature", "geometry": {"type": "Polygon", "coordinates": [[[-121.58667, 39.57812], [-121.60551, 39.57654], [-121.60862, 39.57795], [-121.60915, 39.5809], [-121.60085, 39.58197], [-121.59618, 39.58572], [-121.59629, 39.58929], [-121.59186, 39.58947], [-121.59188, 39.59459], [-121.57847, 39.59472], [-121.5788, 39.607], [-121.57245, 39.6086], [-121.5724, 39.61014], [-121.55885, 39.61046], [-121.55879, 39.60495], [-121.54944, 39.60701], [-121.54951, 39.60504], [-121.54016, 39.60518], [-121.54019, 39.59558], [-121.54495, 39.58991], [-121.54489, 39.59778], [-121.55416, 39.59769], [-121.55408, 39.5724], [-121.58642, 39.57137], [-121.58667, 39.57812]]]}, "properties": {"id": "58", "name": "North Table Mountain Ecological Reserve", "kind": "public_land", "land_type": "Ecological Reserve", "access_verbatim": "Open; Refer to regulations or contact CDFW regional or area office prior to visit.", "link": "http://www.wildlife.ca.gov/Lands/Places-to-Visit/North-Table-Mountain-ER", "cdfw_region": 2, "hunting": {"state": "listed", "entry": 32, "verbatim": "Deer and upland game allowed from the day after spring turkey season through November 15.", "ccr_cite": "14 CCR \u00a7 630(d)", "booklet_page": 107, "wildlife_area_type": null, "restrictions": [], "absence_sentence": null, "name_note": null}}}, {"type": "Feature", "geometry": {"type": "Polygon", "coordinates": [[[-115.78315, 33.44778], [-115.78303, 33.46212], [-115.77426, 33.46207], [-115.77445, 33.45506], [-115.7656, 33.45497], [-115.76571, 33.44752], [-115.78315, 33.44778]]]}, "properties": {"id": "59", "name": "Oasis Spring Ecological Reserve", "kind": "public_land", "land_type": "Ecological Reserve", "access_verbatim": "Open; Refer to regulations or contact CDFW regional or area office prior to visit.", "link": "http://www.wildlife.ca.gov/Lands/Places-to-Visit/Oasis-Spring-ER", "cdfw_region": 6, "hunting": {"state": "not_listed_prohibited", "entry": null, "verbatim": "Unless listed and specified as allowed in the table below, hunting is prohibited on ecological reserves. Where hunting is allowed, it shall be subject to all applicable general hunting regulations and the area-specific regulations set forth in this subsection.", "ccr_cite": "14 CCR \u00a7 630(d)", "booklet_page": 106, "wildlife_area_type": null, "restrictions": [], "absence_sentence": null, "name_note": null}}}, {"type": "Feature", "geometry": {"type": "Polygon", "coordinates": [[[-116.8935, 32.61196], [-116.90215, 32.61198], [-116.9022, 32.61927], [-116.90667, 32.61928], [-116.90659, 32.61568], [-116.91218, 32.61549], [-116.91059, 32.62287], [-116.90635, 32.62286], [-116.90649, 32.62652], [-116.90218, 32.6265], [-116.90213, 32.62888], [-116.89745, 32.62741], [-116.89798, 32.63012], [-116.88487, 32.6301], [-116.88479, 32.6373], [-116.87996, 32.63795], [-116.88013, 32.62103], [-116.88699, 32.62283], [-116.88696, 32.62103], [-116.89128, 32.62103], [-116.89127, 32.61923], [-116.88898, 32.61921], [-116.88906, 32.61191], [-116.88463, 32.61186], [-116.88466, 32.60815], [-116.88022, 32.60808], [-116.88031, 32.60066], [-116.88465, 32.60063], [-116.88468, 32.60442], [-116.88905, 32.60447], [-116.88907, 32.6082], [-116.89346, 32.60825], [-116.8935, 32.61196]]]}, "properties": {"id": "60", "name": "Otay Mountain Ecological Reserve", "kind": "public_land", "land_type": "Ecological Reserve", "access_verbatim": "Open; Refer to regulations or contact CDFW regional or area office prior to visit.", "link": "http://www.wildlife.ca.gov/Lands/Places-to-Visit/Otay-Mountain-ER", "cdfw_region": 5, "hunting": {"state": "listed", "entry": 34, "verbatim": "Allowed in accordance with the Bureau of Land Management\u2019s Wilderness Area regulations (43 CFR 6300, Oct. 1, 2012).", "ccr_cite": "14 CCR \u00a7 630(d)", "booklet_page": 107, "wildlife_area_type": null, "restrictions": [], "absence_sentence": null, "name_note": null}}}, {"type": "Feature", "geometry": {"type": "MultiPolygon", "coordinates": [[[[-114.549, 33.63872], [-114.54448, 33.64255], [-114.5367, 33.64236], [-114.54389, 33.64168], [-114.54715, 33.63873], [-114.52615, 33.63869], [-114.5256, 33.63375], [-114.54887, 33.63305], [-114.549, 33.63872]]], [[[-114.50477, 33.72637], [-114.49674, 33.71733], [-114.49542, 33.71031], [-114.49704, 33.69776], [-114.51789, 33.69058], [-114.53047, 33.68186], [-114.53771, 33.68188], [-114.53777, 33.69142], [-114.52065, 33.69147], [-114.52074, 33.69535], [-114.51198, 33.69541], [-114.51206, 33.69894], [-114.50758, 33.69895], [-114.50854, 33.72563], [-114.50477, 33.72637]]], [[[-114.53423, 33.64758], [-114.54323, 33.64754], [-114.54335, 33.65483], [-114.53911, 33.65484], [-114.53918, 33.66215], [-114.53063, 33.6623], [-114.5306, 33.65569], [-114.53415, 33.65215], [-114.53423, 33.64758]]], [[[-114.64126, 33.64622], [-114.64142, 33.63902], [-114.6455, 33.63901], [-114.64559, 33.64617], [-114.64126, 33.64622]]]]}, "properties": {"id": "61", "name": "Palo Verde Ecological Reserve", "kind": "public_land", "land_type": "Ecological Reserve", "access_verbatim": "Open; Refer to regulations or contact CDFW regional or area office prior to visit.", "link": "http://www.wildlife.ca.gov/Lands/Places-to-Visit/Palo-Verde-ER", "cdfw_region": 6, "hunting": {"state": "listed", "entry": 35, "verbatim": "Deer, rabbit, dove, quail, and waterfowl only and allowed only at such times and in the specific areas designated by the department. Deer hunting is by archery only. Rabbit, dove, quail, and waterfowl hunting is by shotgun only.", "ccr_cite": "14 CCR \u00a7 630(d)", "booklet_page": 107, "wildlife_area_type": null, "restrictions": [], "absence_sentence": null, "name_note": null}}}, {"type": "Feature", "geometry": {"type": "Polygon", "coordinates": [[[-120.79061, 36.68522], [-120.78162, 36.68516], [-120.78162, 36.67803], [-120.7861, 36.67807], [-120.78629, 36.6674], [-120.79076, 36.66746], [-120.79058, 36.67456], [-120.79954, 36.67465], [-120.79963, 36.68882], [-120.79063, 36.68877], [-120.79061, 36.68522]]]}, "properties": {"id": "62", "name": "Panoche Hills Ecological Reserve", "kind": "public_land", "land_type": "Ecological Reserve", "access_verbatim": "Open; Refer to regulations or contact CDFW regional or area office prior to visit.", "link": "http://www.wildlife.ca.gov/Lands/Places-to-Visit/Panoche-Hills-ER", "cdfw_region": 4, "hunting": {"state": "listed", "entry": 36, "verbatim": "Allowed from July 1 through January 31.", "ccr_cite": "14 CCR \u00a7 630(d)", "booklet_page": 107, "wildlife_area_type": null, "restrictions": [], "absence_sentence": null, "name_note": null}}}, {"type": "Feature", "geometry": {"type": "MultiPolygon", "coordinates": [[[[-116.16477, 33.49893], [-116.16478, 33.48417], [-116.18213, 33.48411], [-116.18213, 33.49139], [-116.19825, 33.4913], [-116.19826, 33.49856], [-116.16477, 33.49893]]], [[[-116.14732, 33.45515], [-116.13862, 33.45513], [-116.13864, 33.44783], [-116.12991, 33.44783], [-116.12999, 33.42601], [-116.1473, 33.4267], [-116.14736, 33.44055], [-116.16461, 33.44055], [-116.1646, 33.46967], [-116.14728, 33.46973], [-116.14732, 33.45515]]]]}, "properties": {"id": "63", "name": "Peninsular Ranges Ecological Reserve", "kind": "public_land", "land_type": "Ecological Reserve", "access_verbatim": "Open; Refer to regulations or contact CDFW regional or area office prior to visit.", "link": "http://www.wildlife.ca.gov/Lands/Places-to-Visit/Peninsular-Ranges-ER", "cdfw_region": 6, "hunting": {"state": "listed", "entry": 38, "verbatim": "Upland game only.", "ccr_cite": "14 CCR \u00a7 630(d)", "booklet_page": 107, "wildlife_area_type": null, "restrictions": [], "absence_sentence": null, "name_note": null}}}, {"type": "Feature", "geometry": {"type": "Polygon", "coordinates": [[[-122.03758, 38.23254], [-122.035, 38.22679], [-122.03666, 38.22595], [-122.05069, 38.22608], [-122.04779, 38.23107], [-122.03809, 38.23048], [-122.03758, 38.23254]]]}, "properties": {"id": "64", "name": "Peytonia Slough Ecological Reserve", "kind": "public_land", "land_type": "Ecological Reserve", "access_verbatim": "Open; Refer to regulations or contact CDFW regional or area office prior to visit.", "link": "http://www.wildlife.ca.gov/Lands/Places-to-Visit/Peytonia-Slough-ER", "cdfw_region": 3, "hunting": {"state": "not_listed_prohibited", "entry": null, "verbatim": "Unless listed and specified as allowed in the table below, hunting is prohibited on ecological reserves. Where hunting is allowed, it shall be subject to all applicable general hunting regulations and the area-specific regulations set forth in this subsection.", "ccr_cite": "14 CCR \u00a7 630(d)", "booklet_page": 106, "wildlife_area_type": null, "restrictions": [], "absence_sentence": null, "name_note": null}}}, {"type": "Feature", "geometry": {"type": "Polygon", "coordinates": [[[-117.31358, 33.2567], [-117.31413, 33.26599], [-117.30549, 33.27069], [-117.30436, 33.26951], [-117.3084, 33.26248], [-117.31358, 33.2567]]]}, "properties": {"id": "65", "name": "Pilgrim Creek Ecological Reserve", "kind": "public_land", "land_type": "Ecological Reserve", "access_verbatim": "Open; Refer to regulations or contact CDFW regional or area office prior to visit.", "link": "http://www.wildlife.ca.gov/Lands/Places-to-Visit/Pilgrim-Creek-ER", "cdfw_region": 5, "hunting": {"state": "not_listed_prohibited", "entry": null, "verbatim": "Unless listed and specified as allowed in the table below, hunting is prohibited on ecological reserves. Where hunting is allowed, it shall be subject to all applicable general hunting regulations and the area-specific regulations set forth in this subsection.", "ccr_cite": "14 CCR \u00a7 630(d)", "booklet_page": 106, "wildlife_area_type": null, "restrictions": [], "absence_sentence": null, "name_note": null}}}, {"type": "Feature", "geometry": {"type": "MultiPolygon", "coordinates": [[[[-121.04341, 38.75441], [-121.04351, 38.76004], [-121.03615, 38.75997], [-121.03717, 38.76266], [-121.03197, 38.76236], [-121.03438, 38.75998], [-121.02611, 38.76145], [-121.02633, 38.75445], [-121.04341, 38.75441]]], [[[-120.99297, 38.76171], [-120.99302, 38.75829], [-120.99767, 38.7583], [-120.99766, 38.76187], [-120.99297, 38.76171]]], [[[-121.00674, 38.76515], [-121.00673, 38.7615], [-121.01188, 38.76153], [-121.01166, 38.76507], [-121.00674, 38.76515]]], [[[-120.98453, 38.71462], [-120.99867, 38.71461], [-120.99859, 38.72553], [-120.98931, 38.72561], [-120.98932, 38.72194], [-120.99288, 38.72197], [-120.99631, 38.71826], [-120.98798, 38.71734], [-120.98793, 38.72008], [-120.98451, 38.72007], [-120.98453, 38.71462]]], [[[-121.02146, 38.73639], [-121.0215, 38.7328], [-121.03081, 38.73277], [-121.03077, 38.73635], [-121.02146, 38.73639]]]]}, "properties": {"id": "66", "name": "Pine Hill Ecological Reserve", "kind": "public_land", "land_type": "Ecological Reserve", "access_verbatim": "Open; Refer to regulations or contact CDFW regional or area office prior to visit.", "link": "http://www.wildlife.ca.gov/Lands/Places-to-Visit/Pine-Hill-ER", "cdfw_region": 2, "hunting": {"state": "not_listed_prohibited", "entry": null, "verbatim": "Unless listed and specified as allowed in the table below, hunting is prohibited on ecological reserves. Where hunting is allowed, it shall be subject to all applicable general hunting regulations and the area-specific regulations set forth in this subsection.", "ccr_cite": "14 CCR \u00a7 630(d)", "booklet_page": 106, "wildlife_area_type": null, "restrictions": [{"entry": 34, "label": "Closure or restriction", "verbatim": "Closed to all visitor use/access.", "ccr_cite": "14 CCR \u00a7 630", "booklet_table": "Designated Closures and Restrictions on Ecological Reserves", "booklet_page": 114}], "absence_sentence": null, "name_note": null}}}, {"type": "Feature", "geometry": {"type": "Polygon", "coordinates": [[[-114.96961, 35.11708], [-114.96955, 35.11336], [-114.98501, 35.11339], [-114.98492, 35.1171], [-114.96961, 35.11708]]]}, "properties": {"id": "67", "name": "Piute Creek Ecological Reserve", "kind": "public_land", "land_type": "Ecological Reserve", "access_verbatim": "Open; Refer to regulations or contact CDFW regional or area office prior to visit.", "link": "http://www.wildlife.ca.gov/Lands/Places-to-Visit/Piute-Creek-ER", "cdfw_region": 6, "hunting": {"state": "listed", "entry": 39, "verbatim": "Allowed.", "ccr_cite": "14 CCR \u00a7 630(d)", "booklet_page": 107, "wildlife_area_type": null, "restrictions": [], "absence_sentence": null, "name_note": null}}}, {"type": "Feature", "geometry": {"type": "MultiPolygon", "coordinates": [[[[-120.25988, 36.14436], [-120.26434, 36.14429], [-120.26434, 36.15161], [-120.25053, 36.15847], [-120.24646, 36.16211], [-120.24643, 36.15179], [-120.25091, 36.15172], [-120.25087, 36.14811], [-120.25987, 36.14798], [-120.25988, 36.14436]]], [[[-120.24646, 36.16305], [-120.2514, 36.15893], [-120.26434, 36.15239], [-120.26434, 36.16602], [-120.24647, 36.16616], [-120.24646, 36.16305]]], [[[-120.22848, 36.15197], [-120.21956, 36.15198], [-120.21955, 36.13755], [-120.22843, 36.13748], [-120.22848, 36.15197]]], [[[-120.20907, 36.12294], [-120.21803, 36.12285], [-120.21807, 36.1301], [-120.20913, 36.13016], [-120.20907, 36.12294]]]]}, "properties": {"id": "68", "name": "Pleasant Valley Ecological Reserve", "kind": "public_land", "land_type": "Ecological Reserve", "access_verbatim": "Open; Refer to regulations or contact CDFW regional or area office prior to visit.", "link": "http://www.wildlife.ca.gov/Lands/Places-to-Visit/Pleasant-Valley-ER", "cdfw_region": 4, "hunting": {"state": "listed", "entry": 40, "verbatim": "Allowed only at such times and in the specific areas designated by the department.", "ccr_cite": "14 CCR \u00a7 630(d)", "booklet_page": 107, "wildlife_area_type": null, "restrictions": [], "absence_sentence": null, "name_note": null}}}, {"type": "Feature", "geometry": {"type": "MultiPolygon", "coordinates": [[[[-122.06097, 37.07731], [-122.06798, 37.0818], [-122.06795, 37.08389], [-122.06513, 37.08392], [-122.06336, 37.07921], [-122.05937, 37.07847], [-122.06097, 37.07731]]], [[[-122.06007, 37.07987], [-122.06003, 37.08557], [-122.05788, 37.08555], [-122.05789, 37.07983], [-122.06007, 37.07987]]]]}, "properties": {"id": "69", "name": "Quail Hollow Ecological Reserve", "kind": "public_land", "land_type": "Ecological Reserve", "access_verbatim": "Open; Refer to regulations or contact CDFW regional or area office prior to visit.", "link": "http://www.wildlife.ca.gov/Lands/Places-to-Visit/Quail-Hollow-ER", "cdfw_region": 3, "hunting": {"state": "not_listed_prohibited", "entry": null, "verbatim": "Unless listed and specified as allowed in the table below, hunting is prohibited on ecological reserves. Where hunting is allowed, it shall be subject to all applicable general hunting regulations and the area-specific regulations set forth in this subsection.", "ccr_cite": "14 CCR \u00a7 630(d)", "booklet_page": 106, "wildlife_area_type": null, "restrictions": [], "absence_sentence": null, "name_note": null}}}, {"type": "Feature", "geometry": {"type": "MultiPolygon", "coordinates": [[[[-116.91487, 32.66093], [-116.9149, 32.65935], [-116.91042, 32.65924], [-116.91059, 32.65557], [-116.91496, 32.65932], [-116.91487, 32.66093]]], [[[-116.88369, 32.63704], [-116.89104, 32.64092], [-116.87394, 32.64858], [-116.87363, 32.66525], [-116.87638, 32.66563], [-116.87647, 32.68464], [-116.88284, 32.68457], [-116.88508, 32.68998], [-116.89406, 32.68808], [-116.89408, 32.69175], [-116.89805, 32.69174], [-116.89802, 32.68806], [-116.90244, 32.68803], [-116.90231, 32.67031], [-116.91057, 32.67027], [-116.91042, 32.66653], [-116.91489, 32.66665], [-116.91487, 32.66093], [-116.91927, 32.66406], [-116.91926, 32.66677], [-116.92353, 32.66681], [-116.92349, 32.67046], [-116.91494, 32.67032], [-116.91493, 32.67321], [-116.91918, 32.67321], [-116.9192, 32.67684], [-116.92354, 32.67685], [-116.92351, 32.68047], [-116.91492, 32.68046], [-116.9154, 32.69914], [-116.90711, 32.69909], [-116.90714, 32.70271], [-116.90231, 32.70267], [-116.9034, 32.70201], [-116.90413, 32.70111], [-116.90482, 32.69943], [-116.90482, 32.69907], [-116.90212, 32.70267], [-116.88739, 32.70635], [-116.88519, 32.70641], [-116.88528, 32.7028], [-116.87637, 32.70295], [-116.87642, 32.69969], [-116.87334, 32.69967], [-116.87359, 32.70358], [-116.86726, 32.70336], [-116.85013, 32.68602], [-116.84149, 32.68249], [-116.83438, 32.67212], [-116.82609, 32.67033], [-116.82303, 32.66747], [-116.82817, 32.66817], [-116.83518, 32.66612], [-116.83736, 32.66387], [-116.83951, 32.6598], [-116.84721, 32.6569], [-116.85109, 32.65283], [-116.85606, 32.6556], [-116.86007, 32.65531], [-116.86899, 32.64927], [-116.8706, 32.64345], [-116.88212, 32.63957], [-116.88369, 32.63704]]], [[[-116.87273, 32.64366], [-116.87208, 32.64428], [-116.87286, 32.64415], [-116.87273, 32.64366]]], [[[-116.87254, 32.64297], [-116.87095, 32.64367], [-116.8703, 32.64506], [-116.87063, 32.64523], [-116.87254, 32.64297]]], [[[-116.85719, 32.65357], [-116.85694, 32.65096], [-116.87012, 32.64237], [-116.86875, 32.64935], [-116.86311, 32.64986], [-116.85719, 32.65357]]], [[[-116.83516, 32.65763], [-116.84753, 32.64662], [-116.8526, 32.65128], [-116.84713, 32.65681], [-116.83941, 32.65973], [-116.8351, 32.66603], [-116.82812, 32.66807], [-116.82206, 32.66711], [-116.82206, 32.66298], [-116.83522, 32.66305], [-116.83516, 32.65763]]]]}, "properties": {"id": "70", "name": "Rancho Jamul Ecological Reserve", "kind": "public_land", "land_type": "Ecological Reserve", "access_verbatim": "Open; Refer to regulations or contact CDFW regional or area office prior to visit.", "link": "http://www.wildlife.ca.gov/Lands/Places-to-Visit/Rancho-Jamul-ER", "cdfw_region": 5, "hunting": {"state": "listed", "entry": 42, "verbatim": "Allowed only at the times and in the specific areas designated by the department.", "ccr_cite": "14 CCR \u00a7 630(d)", "booklet_page": 107, "wildlife_area_type": null, "restrictions": [], "absence_sentence": null, "name_note": null}}}, {"type": "Feature", "geometry": {"type": "MultiPolygon", "coordinates": [[[[-122.26013, 37.53078], [-122.26052, 37.53421], [-122.26131, 37.53318], [-122.2644, 37.53405], [-122.26098, 37.534], [-122.25929, 37.54083], [-122.25267, 37.54163], [-122.25393, 37.54475], [-122.25424, 37.5463], [-122.25426, 37.54779], [-122.247, 37.55352], [-122.24786, 37.55595], [-122.24541, 37.55607], [-122.24755, 37.55204], [-122.25406, 37.54595], [-122.25119, 37.5389], [-122.25902, 37.53885], [-122.26013, 37.53078]]], [[[-122.2487, 37.51817], [-122.24747, 37.5187], [-122.24745, 37.51819], [-122.2487, 37.51817]]], [[[-122.24832, 37.52219], [-122.24793, 37.52536], [-122.24502, 37.52927], [-122.23917, 37.53391], [-122.23775, 37.53271], [-122.23329, 37.53505], [-122.23246, 37.53993], [-122.23473, 37.54143], [-122.23, 37.54184], [-122.22603, 37.54567], [-122.22964, 37.54797], [-122.24403, 37.54889], [-122.24506, 37.55062], [-122.24736, 37.54934], [-122.24623, 37.54771], [-122.24854, 37.54911], [-122.2501, 37.5476], [-122.24886, 37.54115], [-122.25119, 37.53891], [-122.25029, 37.54873], [-122.2458, 37.55164], [-122.22909, 37.54832], [-122.2259, 37.54585], [-122.23193, 37.53592], [-122.23557, 37.53326], [-122.24457, 37.52923], [-122.24838, 37.51954], [-122.25002, 37.51952], [-122.25036, 37.51819], [-122.25313, 37.51708], [-122.25041, 37.51861], [-122.25105, 37.52291], [-122.24832, 37.52219]]]]}, "properties": {"id": "71", "name": "Redwood Shores Ecological Reserve", "kind": "public_land", "land_type": "Ecological Reserve", "access_verbatim": "Open; Refer to regulations or contact CDFW regional or area office prior to visit.", "link": "http://www.wildlife.ca.gov/Lands/Places-to-Visit/Redwood-Shores-ER", "cdfw_region": 3, "hunting": {"state": "not_listed_prohibited", "entry": null, "verbatim": "Unless listed and specified as allowed in the table below, hunting is prohibited on ecological reserves. Where hunting is allowed, it shall be subject to all applicable general hunting regulations and the area-specific regulations set forth in this subsection.", "ccr_cite": "14 CCR \u00a7 630(d)", "booklet_page": 106, "wildlife_area_type": null, "restrictions": [], "absence_sentence": null, "name_note": null}}}, {"type": "Feature", "geometry": {"type": "Polygon", "coordinates": [[[-118.60695, 37.93873], [-118.60696, 37.93521], [-118.60239, 37.93518], [-118.60225, 37.93163], [-118.59779, 37.9316], [-118.59783, 37.92797], [-118.60237, 37.92796], [-118.60239, 37.91712], [-118.60696, 37.91709], [-118.60699, 37.9207], [-118.61164, 37.92071], [-118.61153, 37.92415], [-118.6158, 37.92414], [-118.61578, 37.92791], [-118.6204, 37.92786], [-118.62039, 37.93151], [-118.61582, 37.93154], [-118.61577, 37.93863], [-118.60695, 37.93873]]]}, "properties": {"id": "72", "name": "River Spring Lakes Ecological Reserve", "kind": "public_land", "land_type": "Ecological Reserve", "access_verbatim": "Open; Refer to regulations or contact CDFW regional or area office prior to visit.", "link": "http://www.wildlife.ca.gov/Lands/Places-to-Visit/River-Springs-ER", "cdfw_region": 6, "hunting": {"state": "not_listed_prohibited", "entry": null, "verbatim": "Unless listed and specified as allowed in the table below, hunting is prohibited on ecological reserves. Where hunting is allowed, it shall be subject to all applicable general hunting regulations and the area-specific regulations set forth in this subsection.", "ccr_cite": "14 CCR \u00a7 630(d)", "booklet_page": 106, "wildlife_area_type": null, "restrictions": [], "absence_sentence": null, "name_note": null}}}, {"type": "Feature", "geometry": {"type": "MultiPolygon", "coordinates": [[[[-117.80308, 36.69473], [-117.82128, 36.69456], [-117.82126, 36.70924], [-117.81218, 36.70929], [-117.81219, 36.70197], [-117.80312, 36.70203], [-117.80308, 36.69473]]], [[[-117.83041, 36.69456], [-117.8304, 36.69827], [-117.82584, 36.69825], [-117.82585, 36.69456], [-117.83041, 36.69456]]]]}, "properties": {"id": "73", "name": "Saline Valley Ecological Reserve", "kind": "public_land", "land_type": "Ecological Reserve", "access_verbatim": "Open; Refer to regulations or contact CDFW regional or area office prior to visit.", "link": "http://www.wildlife.ca.gov/Lands/Places-to-Visit/Saline-Valley-ER", "cdfw_region": 6, "hunting": {"state": "listed", "entry": 44, "verbatim": "Allowed.", "ccr_cite": "14 CCR \u00a7 630(d)", "booklet_page": 107, "wildlife_area_type": null, "restrictions": [], "absence_sentence": null, "name_note": null}}}, {"type": "Feature", "geometry": {"type": "Polygon", "coordinates": [[[-122.40968, 37.68626], [-122.40845, 37.68222], [-122.41606, 37.68485], [-122.41592, 37.6817], [-122.42151, 37.67871], [-122.41746, 37.68303], [-122.41967, 37.68644], [-122.40968, 37.68626]]]}, "properties": {"id": "74", "name": "San Bruno Mountain Ecological Reserve", "kind": "public_land", "land_type": "Ecological Reserve", "access_verbatim": "Open; Refer to regulations or contact CDFW regional or area office prior to visit.", "link": "http://www.wildlife.ca.gov/Lands/Places-to-Visit/San-Bruno-Mountain-ER", "cdfw_region": 3, "hunting": {"state": "not_listed_prohibited", "entry": null, "verbatim": "Unless listed and specified as allowed in the table below, hunting is prohibited on ecological reserves. Where hunting is allowed, it shall be subject to all applicable general hunting regulations and the area-specific regulations set forth in this subsection.", "ccr_cite": "14 CCR \u00a7 630(d)", "booklet_page": 106, "wildlife_area_type": null, "restrictions": [], "absence_sentence": null, "name_note": null}}}, {"type": "Feature", "geometry": {"type": "Polygon", "coordinates": [[[-117.25595, 32.96362], [-117.25998, 32.9676], [-117.24945, 32.96745], [-117.24828, 32.96383], [-117.25595, 32.96362]]]}, "properties": {"id": "75", "name": "San Dieguito Lagoon Ecological Reserve", "kind": "public_land", "land_type": "Ecological Reserve", "access_verbatim": "Open; Refer to regulations or contact CDFW regional or area office prior to visit.", "link": "https://wildlife.ca.gov/Lands/Places-to-Visit/San-Dieguito-Lagoon-ER", "cdfw_region": 5, "hunting": {"state": "not_listed_prohibited", "entry": null, "verbatim": "Unless listed and specified as allowed in the table below, hunting is prohibited on ecological reserves. Where hunting is allowed, it shall be subject to all applicable general hunting regulations and the area-specific regulations set forth in this subsection.", "ccr_cite": "14 CCR \u00a7 630(d)", "booklet_page": 106, "wildlife_area_type": null, "restrictions": [{"entry": 36, "label": "Closure or restriction", "verbatim": "The California least tern nesting island is closed to all visitor use/access.", "ccr_cite": "14 CCR \u00a7 630", "booklet_table": "Designated Closures and Restrictions on Ecological Reserves", "booklet_page": 114}], "absence_sentence": null, "name_note": null}}}, {"type": "Feature", "geometry": {"type": "MultiPolygon", "coordinates": [[[[-117.27824, 33.00739], [-117.27551, 33.00216], [-117.27645, 33.00178], [-117.27824, 33.00739]]], [[[-117.24698, 33.02044], [-117.24794, 33.0218], [-117.24111, 33.02763], [-117.24063, 33.02332], [-117.24705, 33.01672], [-117.24703, 33.01395], [-117.24056, 33.01099], [-117.25117, 33.01098], [-117.25117, 33.00742], [-117.26029, 33.00739], [-117.264, 33.01039], [-117.25878, 33.01466], [-117.2557, 33.01469], [-117.25538, 33.01813], [-117.24698, 33.02044]]], [[[-117.24906, 33.02181], [-117.24917, 33.02175], [-117.24915, 33.02331], [-117.24906, 33.02181]]], [[[-117.27725, 33.01413], [-117.27406, 33.01107], [-117.27084, 33.0125], [-117.26866, 33.00968], [-117.26493, 33.01021], [-117.26003, 33.00387], [-117.27361, 33.0045], [-117.2749, 33.00236], [-117.27725, 33.01413]]]]}, "properties": {"id": "76", "name": "San Elijo Lagoon Ecological Reserve", "kind": "public_land", "land_type": "Ecological Reserve", "access_verbatim": "Open; Refer to regulations or contact CDFW regional or area office prior to visit.", "link": "http://www.wildlife.ca.gov/Lands/Places-to-Visit/San-Elijo-Lagoon-ER", "cdfw_region": 5, "hunting": {"state": "not_listed_prohibited", "entry": null, "verbatim": "Unless listed and specified as allowed in the table below, hunting is prohibited on ecological reserves. Where hunting is allowed, it shall be subject to all applicable general hunting regulations and the area-specific regulations set forth in this subsection.", "ccr_cite": "14 CCR \u00a7 630(d)", "booklet_page": 106, "wildlife_area_type": null, "restrictions": [], "absence_sentence": null, "name_note": null}}}, {"type": "Feature", "geometry": {"type": "MultiPolygon", "coordinates": [[[[-115.90919, 33.10492], [-115.90879, 33.08986], [-115.92594, 33.08993], [-115.92651, 33.10486], [-115.90919, 33.10492]]], [[[-115.90919, 33.10492], [-115.90954, 33.11992], [-115.89203, 33.11968], [-115.89183, 33.105], [-115.90919, 33.10492]]], [[[-115.94383, 33.10521], [-115.94315, 33.0901], [-115.9604, 33.08973], [-115.961, 33.1049], [-115.94383, 33.10521]]]]}, "properties": {"id": "77", "name": "San Felipe Creek Ecological Reserve", "kind": "public_land", "land_type": "Ecological Reserve", "access_verbatim": "Open; Refer to regulations or contact CDFW regional or area office prior to visit.", "link": "http://www.wildlife.ca.gov/Lands/Places-to-Visit/San-Felipe-Creek-ER", "cdfw_region": 6, "hunting": {"state": "listed", "entry": 46, "verbatim": "Allowed.", "ccr_cite": "14 CCR \u00a7 630(d)", "booklet_page": 107, "wildlife_area_type": null, "restrictions": [], "absence_sentence": null, "name_note": null}}}, {"type": "Feature", "geometry": {"type": "MultiPolygon", "coordinates": [[[[-117.29561, 33.51706], [-117.29589, 33.51462], [-117.29904, 33.51488], [-117.29884, 33.51726], [-117.29561, 33.51706]]], [[[-117.2843, 33.50089], [-117.28839, 33.50253], [-117.29052, 33.50126], [-117.29066, 33.50449], [-117.29314, 33.50408], [-117.29625, 33.52254], [-117.29132, 33.5288], [-117.28301, 33.52721], [-117.27319, 33.52835], [-117.2714, 33.542], [-117.26836, 33.54183], [-117.27036, 33.54522], [-117.26289, 33.56667], [-117.25622, 33.56809], [-117.25486, 33.55451], [-117.24224, 33.53693], [-117.23592, 33.53433], [-117.23608, 33.53089], [-117.23305, 33.53377], [-117.23036, 33.53267], [-117.23181, 33.5306], [-117.22623, 33.52966], [-117.22577, 33.52614], [-117.22323, 33.52492], [-117.22414, 33.52116], [-117.2206, 33.52141], [-117.22519, 33.51826], [-117.22058, 33.51356], [-117.22907, 33.51536], [-117.23091, 33.51925], [-117.23537, 33.51836], [-117.24324, 33.52422], [-117.25378, 33.5195], [-117.24829, 33.50454], [-117.2536, 33.50389], [-117.25639, 33.50026], [-117.25853, 33.5043], [-117.27187, 33.50668], [-117.2843, 33.50089]]]]}, "properties": {"id": "78", "name": "Santa Rosa Plateau Ecological Reserve", "kind": "public_land", "land_type": "Ecological Reserve", "access_verbatim": "Open; Refer to regulations or contact CDFW regional or area office prior to visit.", "link": "http://www.wildlife.ca.gov/Lands/Places-to-Visit/Santa-Rosa-Plateau-ER", "cdfw_region": 6, "hunting": {"state": "not_listed_prohibited", "entry": null, "verbatim": "Unless listed and specified as allowed in the table below, hunting is prohibited on ecological reserves. Where hunting is allowed, it shall be subject to all applicable general hunting regulations and the area-specific regulations set forth in this subsection.", "ccr_cite": "14 CCR \u00a7 630(d)", "booklet_page": 106, "wildlife_area_type": null, "restrictions": [{"entry": 41, "label": "Closure or restriction", "verbatim": "Pets are prohibited. Smoking is prohibited, except inside a motor vehicle.", "ccr_cite": "14 CCR \u00a7 630", "booklet_table": "Designated Closures and Restrictions on Ecological Reserves", "booklet_page": 114}], "absence_sentence": null, "name_note": null}}}, {"type": "Feature", "geometry": {"type": "MultiPolygon", "coordinates": [[[[-119.66097, 35.62716], [-119.65443, 35.62726], [-119.65453, 35.61869], [-119.65501, 35.61918], [-119.66097, 35.62716]]], [[[-119.6465, 35.62704], [-119.65443, 35.62726], [-119.65441, 35.63068], [-119.6448, 35.63056], [-119.64641, 35.62917], [-119.6465, 35.62704]]], [[[-119.61576, 35.61597], [-119.61565, 35.6339], [-119.62538, 35.63405], [-119.62543, 35.64483], [-119.63502, 35.64495], [-119.63513, 35.63773], [-119.64475, 35.63617], [-119.64477, 35.63245], [-119.63514, 35.63238], [-119.63511, 35.63078], [-119.65441, 35.63101], [-119.6544, 35.64518], [-119.64473, 35.64506], [-119.64469, 35.65229], [-119.62535, 35.65207], [-119.62554, 35.65935], [-119.63518, 35.65946], [-119.63516, 35.66309], [-119.64463, 35.66313], [-119.64458, 35.66678], [-119.65409, 35.66684], [-119.65439, 35.64614], [-119.66316, 35.64517], [-119.66296, 35.65967], [-119.66764, 35.65971], [-119.66764, 35.67421], [-119.65398, 35.67411], [-119.65376, 35.68857], [-119.64914, 35.68855], [-119.64899, 35.69222], [-119.63962, 35.69218], [-119.6397, 35.68851], [-119.64454, 35.68853], [-119.62539, 35.68841], [-119.62554, 35.69931], [-119.61571, 35.69931], [-119.61573, 35.70281], [-119.62556, 35.70285], [-119.62554, 35.7068], [-119.63021, 35.70683], [-119.63022, 35.70287], [-119.63434, 35.70294], [-119.63431, 35.71038], [-119.6302, 35.71034], [-119.63019, 35.71386], [-119.6344, 35.71389], [-119.63445, 35.71735], [-119.62812, 35.71735], [-119.62862, 35.71407], [-119.62834, 35.71386], [-119.62805, 35.71735], [-119.6119, 35.71732], [-119.61189, 35.71377], [-119.60737, 35.71378], [-119.60736, 35.71026], [-119.61568, 35.71031], [-119.61576, 35.70676], [-119.59362, 35.70786], [-119.59361, 35.70287], [-119.60729, 35.70284], [-119.60714, 35.69552], [-119.61569, 35.69562], [-119.61595, 35.6847], [-119.6113, 35.68469], [-119.6113, 35.68837], [-119.60697, 35.68839], [-119.6068, 35.68114], [-119.61595, 35.68112], [-119.61604, 35.67381], [-119.6113, 35.67386], [-119.61137, 35.65928], [-119.60666, 35.65931], [-119.60682, 35.6411], [-119.60229, 35.64106], [-119.60222, 35.6374], [-119.60679, 35.63743], [-119.60689, 35.6193], [-119.60239, 35.61923], [-119.60243, 35.61598], [-119.61576, 35.61597]]], [[[-119.62546, 35.68117], [-119.62543, 35.6848], [-119.63055, 35.68486], [-119.63058, 35.68121], [-119.62546, 35.68117]]], [[[-119.61565, 35.63749], [-119.61564, 35.64472], [-119.61565, 35.64472], [-119.61565, 35.63749]]], [[[-119.60458, 35.63033], [-119.60454, 35.63262], [-119.60218, 35.6339], [-119.60218, 35.63033], [-119.60458, 35.63033]]], [[[-119.55754, 35.64842], [-119.56627, 35.64877], [-119.56623, 35.65193], [-119.57551, 35.65195], [-119.57879, 35.64842], [-119.57101, 35.64832], [-119.57115, 35.64496], [-119.58001, 35.64523], [-119.57999, 35.65286], [-119.57823, 35.65378], [-119.5799, 35.65927], [-119.57547, 35.65925], [-119.57548, 35.65557], [-119.55741, 35.65559], [-119.55749, 35.6592], [-119.56214, 35.65918], [-119.56219, 35.66289], [-119.55311, 35.66291], [-119.55325, 35.65921], [-119.54881, 35.65922], [-119.54893, 35.64847], [-119.55316, 35.64844], [-119.55314, 35.65137], [-119.55099, 35.65191], [-119.55743, 35.65192], [-119.55754, 35.64842]]], [[[-119.57769, 35.65468], [-119.57549, 35.65378], [-119.57549, 35.65469], [-119.57769, 35.65468]]], [[[-119.55763, 35.67021], [-119.56214, 35.67031], [-119.56205, 35.68499], [-119.55741, 35.68491], [-119.55736, 35.68106], [-119.55304, 35.68103], [-119.55317, 35.67382], [-119.55635, 35.67383], [-119.55629, 35.66656], [-119.55763, 35.67021]]], [[[-119.55737, 35.67274], [-119.55685, 35.67383], [-119.55739, 35.67384], [-119.55737, 35.67274]]], [[[-119.59763, 35.68021], [-119.59765, 35.67752], [-119.59325, 35.67614], [-119.59766, 35.67618], [-119.59768, 35.67391], [-119.6113, 35.67386], [-119.6113, 35.67752], [-119.6067, 35.67756], [-119.6068, 35.68114], [-119.59985, 35.68116], [-119.59992, 35.68842], [-119.59775, 35.68843], [-119.59762, 35.68116], [-119.5932, 35.68115], [-119.59763, 35.68021]]], [[[-119.56179, 35.70845], [-119.55183, 35.70282], [-119.56182, 35.70281], [-119.56179, 35.70845]]], [[[-119.54396, 35.7173], [-119.54402, 35.70279], [-119.55064, 35.70282], [-119.56179, 35.70912], [-119.56182, 35.71744], [-119.54396, 35.7173]]], [[[-119.55281, 35.72821], [-119.55275, 35.73182], [-119.56166, 35.73181], [-119.56163, 35.73907], [-119.55275, 35.73904], [-119.5527, 35.74991], [-119.55715, 35.74988], [-119.55714, 35.75343], [-119.55266, 35.75345], [-119.5527, 35.75705], [-119.55714, 35.75705], [-119.55712, 35.76075], [-119.53476, 35.76079], [-119.5348, 35.75729], [-119.53923, 35.75726], [-119.53927, 35.75361], [-119.53482, 35.75361], [-119.53257, 35.75725], [-119.53035, 35.75725], [-119.53038, 35.75362], [-119.52592, 35.75364], [-119.52589, 35.75726], [-119.52868, 35.75725], [-119.53032, 35.75997], [-119.51694, 35.76081], [-119.51703, 35.74989], [-119.52149, 35.74989], [-119.5215, 35.74633], [-119.51482, 35.74633], [-119.5149, 35.7391], [-119.52603, 35.73911], [-119.52603, 35.74278], [-119.53054, 35.74277], [-119.53055, 35.74634], [-119.54375, 35.74634], [-119.54377, 35.74453], [-119.53936, 35.74454], [-119.53938, 35.7391], [-119.54381, 35.73908], [-119.54383, 35.73545], [-119.5305, 35.73547], [-119.53051, 35.73366], [-119.52606, 35.73366], [-119.52606, 35.73184], [-119.53275, 35.73183], [-119.5306, 35.72821], [-119.53503, 35.72822], [-119.53501, 35.73007], [-119.53507, 35.72458], [-119.53952, 35.72457], [-119.53947, 35.7282], [-119.5439, 35.72819], [-119.54387, 35.73182], [-119.54824, 35.73182], [-119.54828, 35.7282], [-119.55281, 35.72821]]], [[[-119.54593, 35.74993], [-119.54373, 35.74994], [-119.54367, 35.75706], [-119.54589, 35.75706], [-119.54593, 35.74993]]], [[[-119.48202, 35.66668], [-119.48199, 35.67026], [-119.47976, 35.67029], [-119.47974, 35.67378], [-119.47305, 35.67384], [-119.47306, 35.67035], [-119.47753, 35.67031], [-119.4753, 35.66854], [-119.48202, 35.66668]]], [[[-119.54415, 35.68837], [-119.54421, 35.68095], [-119.55304, 35.68103], [-119.553, 35.68839], [-119.54415, 35.68837]]], [[[-119.51724, 35.72456], [-119.51735, 35.71733], [-119.52175, 35.71733], [-119.52174, 35.71914], [-119.52625, 35.71824], [-119.52499, 35.72821], [-119.52167, 35.7282], [-119.5217, 35.72457], [-119.51724, 35.72456]]], [[[-119.52616, 35.72458], [-119.52847, 35.72457], [-119.52842, 35.72821], [-119.52611, 35.72821], [-119.52616, 35.72458]]], [[[-119.46661, 35.73559], [-119.46829, 35.73404], [-119.47707, 35.73477], [-119.47261, 35.73561], [-119.47259, 35.73914], [-119.46378, 35.74091], [-119.46377, 35.73741], [-119.4594, 35.73738], [-119.45767, 35.73437], [-119.46026, 35.73378], [-119.46026, 35.7356], [-119.46551, 35.73559], [-119.46662, 35.73338], [-119.46661, 35.73559]]], [[[-119.45588, 35.7357], [-119.45481, 35.7348], [-119.45589, 35.7348], [-119.45588, 35.7357]]], [[[-119.53051, 35.73912], [-119.53493, 35.73909], [-119.5349, 35.74272], [-119.53046, 35.74273], [-119.53051, 35.73912]]], [[[-119.48579, 35.76089], [-119.48583, 35.75357], [-119.49031, 35.75355], [-119.49026, 35.76085], [-119.48579, 35.76089]]], [[[-119.48185, 35.74645], [-119.48585, 35.74641], [-119.48583, 35.75357], [-119.48363, 35.75358], [-119.48362, 35.75542], [-119.47724, 35.75722], [-119.47721, 35.75361], [-119.4769, 35.76091], [-119.46457, 35.76091], [-119.46369, 35.75361], [-119.47055, 35.75543], [-119.4706, 35.75364], [-119.46596, 35.75271], [-119.46601, 35.75001], [-119.47063, 35.75181], [-119.47251, 35.75004], [-119.47248, 35.75363], [-119.4814, 35.75183], [-119.48142, 35.75], [-119.47712, 35.75001], [-119.47712, 35.74829], [-119.48142, 35.74828], [-119.48147, 35.74645], [-119.47748, 35.74643], [-119.47748, 35.73921], [-119.48188, 35.73922], [-119.48185, 35.74645]]], [[[-119.45588, 35.7357], [-119.45851, 35.73738], [-119.45754, 35.74648], [-119.45668, 35.74142], [-119.45483, 35.7442], [-119.45588, 35.7357]]], [[[-119.65659, 35.64437], [-119.65887, 35.64341], [-119.65887, 35.64433], [-119.65659, 35.64437]]], [[[-119.55454, 35.55397], [-119.55459, 35.5503], [-119.54632, 35.54934], [-119.54673, 35.54291], [-119.56384, 35.54283], [-119.56352, 35.55706], [-119.55881, 35.55719], [-119.55887, 35.5539], [-119.55454, 35.55397]]], [[[-119.57117, 35.63739], [-119.56895, 35.63648], [-119.57117, 35.63648], [-119.57117, 35.63739]]], [[[-119.59049, 35.64108], [-119.59775, 35.6374], [-119.59781, 35.64103], [-119.59049, 35.64108]]], [[[-119.58017, 35.63739], [-119.59703, 35.63742], [-119.58552, 35.64275], [-119.58441, 35.64111], [-119.5844, 35.64323], [-119.5802, 35.6444], [-119.58017, 35.63739]]], [[[-119.64393, 35.71749], [-119.64394, 35.70658], [-119.64853, 35.70661], [-119.64853, 35.71026], [-119.65261, 35.7103], [-119.65277, 35.71763], [-119.64393, 35.71749]]], [[[-119.60697, 35.68839], [-119.60706, 35.69198], [-119.60453, 35.69195], [-119.60449, 35.6884], [-119.60697, 35.68839]]], [[[-119.57075, 35.67726], [-119.57098, 35.67387], [-119.57547, 35.67388], [-119.57541, 35.67721], [-119.57075, 35.67726]]], [[[-119.58423, 35.70285], [-119.58653, 35.70285], [-119.58649, 35.7101], [-119.5842, 35.7101], [-119.58423, 35.70285]]], [[[-119.59801, 35.71013], [-119.598, 35.71375], [-119.5934, 35.71043], [-119.5934, 35.71012], [-119.59801, 35.71013]]], [[[-119.59127, 35.70286], [-119.59131, 35.71024], [-119.58895, 35.71023], [-119.58893, 35.70286], [-119.59127, 35.70286]]], [[[-119.48648, 35.66727], [-119.49094, 35.66767], [-119.48648, 35.66772], [-119.48648, 35.66727]]], [[[-119.48648, 35.66681], [-119.49095, 35.66703], [-119.48648, 35.66708], [-119.48648, 35.66681]]], [[[-119.47307, 35.66678], [-119.4753, 35.66854], [-119.47306, 35.66856], [-119.47307, 35.66678]]], [[[-119.49923, 35.72459], [-119.49923, 35.71745], [-119.50149, 35.71745], [-119.50149, 35.72458], [-119.49923, 35.72459]]], [[[-119.46081, 35.72289], [-119.46033, 35.7238], [-119.46035, 35.72288], [-119.46081, 35.72289]]], [[[-119.46122, 35.72381], [-119.46078, 35.72469], [-119.46079, 35.72381], [-119.46122, 35.72381]]], [[[-119.46384, 35.71753], [-119.47255, 35.71751], [-119.47243, 35.73194], [-119.46373, 35.73196], [-119.46384, 35.71753]]], [[[-119.48593, 35.7319], [-119.48797, 35.7319], [-119.48801, 35.7392], [-119.48589, 35.7392], [-119.48593, 35.7319]]], [[[-119.46027, 35.73962], [-119.45937, 35.7387], [-119.46027, 35.7387], [-119.46027, 35.73962]]], [[[-119.46026, 35.741], [-119.45936, 35.74007], [-119.46026, 35.74008], [-119.46026, 35.741]]], [[[-119.47698, 35.75001], [-119.47705, 35.74829], [-119.47705, 35.75001], [-119.47698, 35.75001]]], [[[-119.47477, 35.75092], [-119.47698, 35.75001], [-119.47697, 35.7509], [-119.47477, 35.75092]]], [[[-119.47591, 35.7404], [-119.4748, 35.73946], [-119.47591, 35.73947], [-119.47591, 35.7404]]], [[[-119.50814, 35.74817], [-119.50369, 35.74818], [-119.50372, 35.74635], [-119.51256, 35.74633], [-119.51256, 35.74989], [-119.50812, 35.74989], [-119.50814, 35.74817]]], [[[-119.52976, 35.76082], [-119.53032, 35.76065], [-119.53032, 35.76082], [-119.52976, 35.76082]]], [[[-119.48848, 35.74636], [-119.49037, 35.74456], [-119.49036, 35.74636], [-119.48848, 35.74636]]], [[[-119.45854, 35.72469], [-119.45944, 35.73019], [-119.46157, 35.72929], [-119.46162, 35.73197], [-119.45854, 35.73197], [-119.45854, 35.72469]]], [[[-119.46115, 35.72837], [-119.45981, 35.72928], [-119.45982, 35.72837], [-119.46115, 35.72837]]], [[[-119.46116, 35.72746], [-119.45987, 35.72469], [-119.46032, 35.72469], [-119.46116, 35.72746]]], [[[-119.46116, 35.7353], [-119.46204, 35.73307], [-119.46203, 35.73531], [-119.46116, 35.7353]]], [[[-119.51943, 35.7282], [-119.52608, 35.73006], [-119.52606, 35.73184], [-119.51716, 35.73184], [-119.51722, 35.72639], [-119.51945, 35.7264], [-119.51943, 35.7282]]], [[[-119.49045, 35.73006], [-119.50151, 35.73002], [-119.50151, 35.73185], [-119.49041, 35.73189], [-119.49045, 35.73006]]], [[[-119.49041, 35.73371], [-119.48876, 35.73189], [-119.49041, 35.73189], [-119.49041, 35.73371]]], [[[-119.51269, 35.73547], [-119.50821, 35.73552], [-119.50826, 35.73183], [-119.51275, 35.73183], [-119.51269, 35.73547]]], [[[-119.598, 35.71376], [-119.5957, 35.71425], [-119.5957, 35.71374], [-119.598, 35.71376]]], [[[-119.56616, 35.73905], [-119.56617, 35.73365], [-119.57057, 35.73364], [-119.57058, 35.73905], [-119.57936, 35.73907], [-119.57937, 35.74268], [-119.56615, 35.7427], [-119.56613, 35.74631], [-119.56161, 35.74631], [-119.56163, 35.73907], [-119.56616, 35.73905]]], [[[-119.59569, 35.71529], [-119.59799, 35.71564], [-119.59569, 35.71564], [-119.59569, 35.71529]]], [[[-119.64394, 35.70658], [-119.63934, 35.70655], [-119.63936, 35.7029], [-119.64394, 35.70294], [-119.64394, 35.70658]]], [[[-119.57981, 35.69579], [-119.58206, 35.69575], [-119.58206, 35.69758], [-119.5798, 35.6976], [-119.57981, 35.69579]]], [[[-119.58206, 35.69758], [-119.58432, 35.69755], [-119.58432, 35.69937], [-119.58205, 35.69938], [-119.58206, 35.69758]]], [[[-119.59797, 35.70107], [-119.59684, 35.70016], [-119.59795, 35.70019], [-119.59797, 35.70107]]], [[[-119.65345, 35.69578], [-119.66723, 35.69592], [-119.6669, 35.7031], [-119.66259, 35.70306], [-119.66272, 35.69945], [-119.65789, 35.69939], [-119.65773, 35.70302], [-119.65313, 35.70298], [-119.65345, 35.69578]]], [[[-119.92117, 35.76006], [-119.91212, 35.75995], [-119.91218, 35.75635], [-119.92114, 35.7564], [-119.92117, 35.76006]]], [[[-119.90553, 35.70545], [-119.90328, 35.70545], [-119.90329, 35.70363], [-119.90554, 35.70365], [-119.90553, 35.70545]]], [[[-119.65814, 35.69396], [-119.65841, 35.68859], [-119.66317, 35.68861], [-119.66293, 35.69399], [-119.65814, 35.69396]]], [[[-119.67172, 35.71769], [-119.67176, 35.71039], [-119.68277, 35.71041], [-119.68102, 35.71772], [-119.67172, 35.71769]]], [[[-119.49101, 35.65939], [-119.49095, 35.66658], [-119.48426, 35.66484], [-119.48427, 35.66302], [-119.47307, 35.66493], [-119.47308, 35.6594], [-119.49101, 35.65939]]], [[[-119.47531, 35.66583], [-119.47643, 35.66491], [-119.47643, 35.66582], [-119.47531, 35.66583]]], [[[-119.53685, 35.54294], [-119.52794, 35.54074], [-119.52798, 35.53569], [-119.53691, 35.53569], [-119.53685, 35.54294]]], [[[-119.53113, 35.63749], [-119.53556, 35.63748], [-119.53555, 35.64452], [-119.53116, 35.64453], [-119.53113, 35.63749]]], [[[-119.48202, 35.66531], [-119.4809, 35.66624], [-119.48091, 35.66532], [-119.48202, 35.66531]]], [[[-119.49093, 35.66867], [-119.48647, 35.66908], [-119.48647, 35.66872], [-119.49093, 35.66867]]], [[[-119.52641, 35.68823], [-119.51961, 35.68259], [-119.51798, 35.68092], [-119.52196, 35.68099], [-119.52193, 35.68281], [-119.52644, 35.68109], [-119.52641, 35.68823]]], [[[-119.45513, 35.68287], [-119.45987, 35.68287], [-119.45989, 35.68473], [-119.45512, 35.68469], [-119.45513, 35.68287]]], [[[-119.4665, 35.68744], [-119.46869, 35.68843], [-119.46652, 35.68842], [-119.4665, 35.68744]]], [[[-119.46408, 35.70292], [-119.45504, 35.70294], [-119.4551, 35.68836], [-119.4643, 35.68841], [-119.46408, 35.70292]]], [[[-119.58554, 35.64324], [-119.58885, 35.6418], [-119.58827, 35.64467], [-119.58554, 35.64324]]], [[[-119.58438, 35.64467], [-119.58213, 35.64467], [-119.5844, 35.64374], [-119.58438, 35.64467]]], [[[-119.57879, 35.65377], [-119.57998, 35.65468], [-119.57878, 35.65468], [-119.57879, 35.65377]]], [[[-119.5977, 35.67029], [-119.58877, 35.67028], [-119.58878, 35.66659], [-119.59772, 35.6666], [-119.5977, 35.67029]]], [[[-119.64479, 35.63019], [-119.64477, 35.627], [-119.64616, 35.62703], [-119.64601, 35.62933], [-119.64479, 35.63019]]], [[[-119.58082, 35.54282], [-119.56384, 35.54283], [-119.56387, 35.52831], [-119.58082, 35.54282]]], [[[-119.58203, 35.54282], [-119.59923, 35.54266], [-119.59918, 35.54629], [-119.59467, 35.54631], [-119.59461, 35.55436], [-119.58203, 35.54282]]], [[[-119.5813, 35.55665], [-119.58157, 35.54352], [-119.59457, 35.55543], [-119.59455, 35.55659], [-119.5813, 35.55665]]], [[[-119.55411, 35.58109], [-119.55416, 35.57924], [-119.56302, 35.57916], [-119.56283, 35.58649], [-119.55411, 35.58109]]], [[[-119.57168, 35.58657], [-119.57166, 35.59022], [-119.56283, 35.58649], [-119.57168, 35.58657]]], [[[-119.56263, 35.63375], [-119.56452, 35.63265], [-119.56673, 35.63375], [-119.56263, 35.63375]]], [[[-119.57118, 35.63193], [-119.56896, 35.63284], [-119.56896, 35.63193], [-119.57118, 35.63193]]], [[[-119.56895, 35.63375], [-119.57117, 35.6333], [-119.57117, 35.63375], [-119.56895, 35.63375]]], [[[-119.56674, 35.63194], [-119.56452, 35.63239], [-119.56452, 35.63194], [-119.56674, 35.63194]]], [[[-119.56265, 35.63171], [-119.56674, 35.63148], [-119.56674, 35.63171], [-119.56265, 35.63171]]], [[[-119.5645, 35.63557], [-119.56673, 35.63511], [-119.56673, 35.63557], [-119.5645, 35.63557]]]]}, "properties": {"id": "79", "name": "Semitropic Ecological Reserve", "kind": "public_land", "land_type": "Ecological Reserve", "access_verbatim": "Open; Refer to regulations or contact CDFW regional or area office prior to visit.", "link": "http://www.wildlife.ca.gov/Lands/Places-to-Visit/Semitropic-ER", "cdfw_region": 4, "hunting": {"state": "not_listed_prohibited", "entry": null, "verbatim": "Unless listed and specified as allowed in the table below, hunting is prohibited on ecological reserves. Where hunting is allowed, it shall be subject to all applicable general hunting regulations and the area-specific regulations set forth in this subsection.", "ccr_cite": "14 CCR \u00a7 630(d)", "booklet_page": 106, "wildlife_area_type": null, "restrictions": [], "absence_sentence": null, "name_note": null}}}, {"type": "Feature", "geometry": {"type": "Polygon", "coordinates": [[[-116.24395, 33.88147], [-116.23119, 33.87509], [-116.23134, 33.84556], [-116.24434, 33.84574], [-116.24423, 33.84754], [-116.24881, 33.84842], [-116.24878, 33.86054], [-116.2593, 33.86039], [-116.25951, 33.87497], [-116.24399, 33.87495], [-116.24395, 33.88147]]]}, "properties": {"id": "80", "name": "Sky Valley Ecological Reserve", "kind": "public_land", "land_type": "Ecological Reserve", "access_verbatim": "Open; Refer to regulations or contact CDFW regional or area office prior to visit.", "link": "http://www.wildlife.ca.gov/Lands/Places-to-Visit/Sky-Valley-ER", "cdfw_region": 6, "hunting": {"state": "listed", "entry": 47, "verbatim": "Upland game only.", "ccr_cite": "14 CCR \u00a7 630(d)", "booklet_page": 108, "wildlife_area_type": null, "restrictions": [], "absence_sentence": null, "name_note": null}}}, {"type": "Feature", "geometry": {"type": "MultiPolygon", "coordinates": [[[[-119.30493, 36.42879], [-119.30522, 36.43119], [-119.31361, 36.43137], [-119.31377, 36.42892], [-119.3134, 36.45066], [-119.30456, 36.45047], [-119.3047, 36.44713], [-119.29575, 36.44703], [-119.29895, 36.44502], [-119.29574, 36.44314], [-119.30465, 36.44329], [-119.30493, 36.42879]]], [[[-119.24128, 36.4788], [-119.24128, 36.4718], [-119.25037, 36.47184], [-119.25014, 36.47894], [-119.24128, 36.4788]]], [[[-119.24128, 36.4788], [-119.24319, 36.4927], [-119.2353, 36.49264], [-119.23256, 36.4902], [-119.23256, 36.48611], [-119.2366, 36.48609], [-119.23681, 36.47878], [-119.24128, 36.4788]]], [[[-119.25224, 36.47177], [-119.25231, 36.46976], [-119.25527, 36.4698], [-119.25521, 36.47184], [-119.25224, 36.47177]]], [[[-119.26889, 36.4502], [-119.26441, 36.45014], [-119.26445, 36.44306], [-119.2689, 36.44302], [-119.26889, 36.4502]]]]}, "properties": {"id": "81", "name": "Stone Corral Ecological Reserve", "kind": "public_land", "land_type": "Ecological Reserve", "access_verbatim": "Open; Refer to regulations or contact CDFW regional or area office prior to visit.", "link": "http://www.wildlife.ca.gov/Lands/Places-to-Visit/Stone-Corral-ER", "cdfw_region": 4, "hunting": {"state": "listed", "entry": 48, "verbatim": "Allowed only at such times and in the specific areas designated by the department. Shotguns only. Hunting of ground squirrels is prohibited.", "ccr_cite": "14 CCR \u00a7 630(d)", "booklet_page": 108, "wildlife_area_type": null, "restrictions": [], "absence_sentence": null, "name_note": null}}}, {"type": "Feature", "geometry": {"type": "MultiPolygon", "coordinates": [[[[-117.31287, 33.92212], [-117.31372, 33.92386], [-117.31046, 33.92387], [-117.31126, 33.92327], [-117.31287, 33.92212]]], [[[-117.31372, 33.92014], [-117.31006, 33.92388], [-117.30087, 33.92389], [-117.30071, 33.91849], [-117.30841, 33.9214], [-117.31372, 33.92014]]]]}, "properties": {"id": "82", "name": "Sycamore Canyon Ecological Reserve", "kind": "public_land", "land_type": "Ecological Reserve", "access_verbatim": "Open; Refer to regulations or contact CDFW regional or area office prior to visit.", "link": "http://www.wildlife.ca.gov/Lands/Places-to-Visit/Sycamore-Canyon-ER", "cdfw_region": 6, "hunting": {"state": "not_listed_prohibited", "entry": null, "verbatim": "Unless listed and specified as allowed in the table below, hunting is prohibited on ecological reserves. Where hunting is allowed, it shall be subject to all applicable general hunting regulations and the area-specific regulations set forth in this subsection.", "ccr_cite": "14 CCR \u00a7 630(d)", "booklet_page": 106, "wildlife_area_type": null, "restrictions": [], "absence_sentence": null, "name_note": null}}}, {"type": "Feature", "geometry": {"type": "Polygon", "coordinates": [[[-116.80486, 32.74443], [-116.81786, 32.74445], [-116.81813, 32.74806], [-116.82268, 32.74811], [-116.82709, 32.74805], [-116.82674, 32.74437], [-116.83653, 32.74436], [-116.83653, 32.75505], [-116.84097, 32.75495], [-116.84119, 32.76188], [-116.83248, 32.76212], [-116.8325, 32.76552], [-116.82819, 32.76561], [-116.82824, 32.76903], [-116.82373, 32.76917], [-116.82365, 32.76232], [-116.81893, 32.76236], [-116.81914, 32.77631], [-116.82388, 32.7761], [-116.82399, 32.77959], [-116.81444, 32.78019], [-116.81443, 32.77293], [-116.79008, 32.77342], [-116.79006, 32.76975], [-116.78794, 32.76976], [-116.7879, 32.76251], [-116.79215, 32.7625], [-116.79194, 32.75208], [-116.79781, 32.75197], [-116.79885, 32.74684], [-116.80482, 32.74822], [-116.80486, 32.74443]], [[-116.80954, 32.75891], [-116.80469, 32.75889], [-116.80478, 32.76246], [-116.8007, 32.76248], [-116.80072, 32.76972], [-116.80969, 32.76957], [-116.80954, 32.75891]], [[-116.79645, 32.76612], [-116.79539, 32.76441], [-116.79541, 32.76612], [-116.79645, 32.76612]], [[-116.79682, 32.76967], [-116.80012, 32.77094], [-116.79668, 32.76883], [-116.79682, 32.76967]]]}, "properties": {"id": "83", "name": "Sycuan Peak Ecological Reserve", "kind": "public_land", "land_type": "Ecological Reserve", "access_verbatim": "Open; Refer to regulations or contact CDFW regional or area office prior to visit.", "link": "http://www.wildlife.ca.gov/Lands/Places-to-Visit/Sycuan-Peak-ER", "cdfw_region": 5, "hunting": {"state": "not_listed_prohibited", "entry": null, "verbatim": "Unless listed and specified as allowed in the table below, hunting is prohibited on ecological reserves. Where hunting is allowed, it shall be subject to all applicable general hunting regulations and the area-specific regulations set forth in this subsection.", "ccr_cite": "14 CCR \u00a7 630(d)", "booklet_page": 106, "wildlife_area_type": null, "restrictions": [], "absence_sentence": null, "name_note": null}}}, {"type": "Feature", "geometry": {"type": "MultiPolygon", "coordinates": [[[[-116.23428, 35.87758], [-116.23529, 35.8812], [-116.23236, 35.88121], [-116.23113, 35.87758], [-116.23428, 35.87758]]], [[[-116.23071, 35.87758], [-116.2311, 35.87915], [-116.23207, 35.88121], [-116.23075, 35.88121], [-116.23071, 35.87758]]], [[[-116.22193, 35.87488], [-116.2264, 35.87396], [-116.22646, 35.87759], [-116.22193, 35.87488]]], [[[-116.22193, 35.87759], [-116.22193, 35.87504], [-116.22538, 35.87759], [-116.22193, 35.87759]]], [[[-116.22839, 35.87178], [-116.22897, 35.87032], [-116.22947, 35.87178], [-116.22839, 35.87178]]], [[[-116.23115, 35.87527], [-116.23133, 35.87488], [-116.23238, 35.87525], [-116.23115, 35.87527]]]]}, "properties": {"id": "84", "name": "Tecopa Ecological Reserve", "kind": "public_land", "land_type": "Ecological Reserve", "access_verbatim": "Open; Refer to regulations or contact CDFW regional or area office prior to visit.", "link": "http://wildlife.ca.gov/Lands/Places-to-Visit/Tecopa-Ecological-Reserve", "cdfw_region": 6, "hunting": {"state": "not_listed_prohibited", "entry": null, "verbatim": "Unless listed and specified as allowed in the table below, hunting is prohibited on ecological reserves. Where hunting is allowed, it shall be subject to all applicable general hunting regulations and the area-specific regulations set forth in this subsection.", "ccr_cite": "14 CCR \u00a7 630(d)", "booklet_page": 106, "wildlife_area_type": null, "restrictions": [], "absence_sentence": null, "name_note": null}}}, {"type": "Feature", "geometry": {"type": "Polygon", "coordinates": [[[-122.82371, 38.08273], [-122.82693, 38.08239], [-122.82603, 38.07956], [-122.83043, 38.07866], [-122.8421, 38.09047], [-122.83032, 38.09514], [-122.82144, 38.08913], [-122.82371, 38.08273]]]}, "properties": {"id": "85", "name": "Tomales Bay Ecological Reserve", "kind": "public_land", "land_type": "Ecological Reserve", "access_verbatim": "Open; Refer to regulations or contact CDFW regional or area office prior to visit.", "link": "http://www.wildlife.ca.gov/Lands/Places-to-Visit/Tomales-Bay-ER", "cdfw_region": 3, "hunting": {"state": "listed", "entry": 49, "verbatim": "Waterfowl only.", "ccr_cite": "14 CCR \u00a7 630(d)", "booklet_page": 108, "wildlife_area_type": null, "restrictions": [{"entry": 44, "label": "Closure or restriction", "verbatim": "The land area of the reserve is closed to all visitor use/access from March 1 through June 30.", "ccr_cite": "14 CCR \u00a7 630", "booklet_table": "Designated Closures and Restrictions on Ecological Reserves", "booklet_page": 114}], "absence_sentence": null, "name_note": null}}}, {"type": "Feature", "geometry": {"type": "MultiPolygon", "coordinates": [[[[-117.89177, 33.6196], [-117.8933, 33.62376], [-117.89042, 33.62836], [-117.89233, 33.63093], [-117.89045, 33.63266], [-117.89233, 33.63502], [-117.89044, 33.63859], [-117.89225, 33.64469], [-117.89017, 33.65048], [-117.88344, 33.65288], [-117.87555, 33.65046], [-117.86705, 33.65233], [-117.86703, 33.64727], [-117.86942, 33.64562], [-117.88124, 33.64639], [-117.88629, 33.64067], [-117.88696, 33.63635], [-117.88467, 33.63323], [-117.88619, 33.62979], [-117.88392, 33.6267], [-117.89177, 33.6196]]], [[[-117.88462, 33.63365], [-117.88207, 33.63139], [-117.88533, 33.62988], [-117.88455, 33.63309], [-117.88462, 33.63365]]]]}, "properties": {"id": "86", "name": "Upper Newport Bay Ecological Reserve", "kind": "public_land", "land_type": "Ecological Reserve", "access_verbatim": "Open; Refer to regulations or contact CDFW regional or area office prior to visit.", "link": "http://www.wildlife.ca.gov/Lands/Places-to-Visit/Upper-Newport-Bay-ER", "cdfw_region": 5, "hunting": {"state": "not_listed_prohibited", "entry": null, "verbatim": "Unless listed and specified as allowed in the table below, hunting is prohibited on ecological reserves. Where hunting is allowed, it shall be subject to all applicable general hunting regulations and the area-specific regulations set forth in this subsection.", "ccr_cite": "14 CCR \u00a7 630(d)", "booklet_page": 106, "wildlife_area_type": null, "restrictions": [], "absence_sentence": null, "name_note": null}}}, {"type": "Feature", "geometry": {"type": "Polygon", "coordinates": [[[-116.2427, 32.66816], [-116.24282, 32.6644], [-116.22573, 32.6643], [-116.22579, 32.66803], [-116.20838, 32.66849], [-116.2083, 32.66124], [-116.23662, 32.66155], [-116.24718, 32.66483], [-116.24701, 32.67173], [-116.23843, 32.67172], [-116.23849, 32.66813], [-116.2427, 32.66816]]]}, "properties": {"id": "87", "name": "Walker Canyon Ecological Reserve", "kind": "public_land", "land_type": "Ecological Reserve", "access_verbatim": "Open; Refer to regulations or contact CDFW regional or area office prior to visit.", "link": "http://www.wildlife.ca.gov/Lands/Places-to-Visit/Walker-Canyon-ER", "cdfw_region": 5, "hunting": {"state": "listed", "entry": 51, "verbatim": "Allowed.", "ccr_cite": "14 CCR \u00a7 630(d)", "booklet_page": 108, "wildlife_area_type": null, "restrictions": [], "absence_sentence": null, "name_note": null}}}, {"type": "Feature", "geometry": {"type": "MultiPolygon", "coordinates": [[[[-121.44076, 38.1581], [-121.43748, 38.14548], [-121.44085, 38.15774], [-121.44888, 38.15698], [-121.44076, 38.1581]]], [[[-121.43921, 38.151], [-121.44822, 38.15073], [-121.44887, 38.15687], [-121.44096, 38.15762], [-121.43921, 38.151]]], [[[-121.42686, 38.17507], [-121.42476, 38.15999], [-121.42837, 38.15915], [-121.43004, 38.16572], [-121.43722, 38.17422], [-121.42686, 38.17507]]]]}, "properties": {"id": "88", "name": "Woodbridge Ecological Reserve", "kind": "public_land", "land_type": "Ecological Reserve", "access_verbatim": "Open; Refer to regulations or contact CDFW regional or area office prior to visit.", "link": "http://www.wildlife.ca.gov/Lands/Places-to-Visit/Woodbridge-ER", "cdfw_region": 3, "hunting": {"state": "not_listed_prohibited", "entry": null, "verbatim": "Unless listed and specified as allowed in the table below, hunting is prohibited on ecological reserves. Where hunting is allowed, it shall be subject to all applicable general hunting regulations and the area-specific regulations set forth in this subsection.", "ccr_cite": "14 CCR \u00a7 630(d)", "booklet_page": 106, "wildlife_area_type": null, "restrictions": [{"entry": 45, "label": "Closure or restriction", "verbatim": "Closed to all visitor use/access except for the viewing area.", "ccr_cite": "14 CCR \u00a7 630", "booklet_table": "Designated Closures and Restrictions on Ecological Reserves", "booklet_page": 114}], "absence_sentence": null, "name_note": null}}}, {"type": "Feature", "geometry": {"type": "Polygon", "coordinates": [[[-121.22667, 38.63472], [-121.22842, 38.63287], [-121.22908, 38.63399], [-121.22667, 38.63472]]]}, "properties": {"id": "89", "name": "American River Fish Hatchery", "kind": "public_land", "land_type": "Fish Hatchery", "access_verbatim": "Open; Refer to regulations or contact CDFW regional or area office prior to visit.", "link": "http://www.wildlife.ca.gov/Fishing/Hatcheries/American-River", "cdfw_region": 2, "hunting": {"state": "absent", "entry": null, "verbatim": null, "ccr_cite": null, "booklet_page": null, "wildlife_area_type": null, "restrictions": [], "absence_sentence": "CDFW's lands booklet does not list a hunting rule for this property.", "name_note": null}}}, {"type": "Feature", "geometry": {"type": "Polygon", "coordinates": [[[-118.22954, 36.93074], [-118.22857, 36.92582], [-118.23354, 36.92741], [-118.23342, 36.93074], [-118.22954, 36.93074]]]}, "properties": {"id": "90", "name": "Black Rock Fish Hatchery", "kind": "public_land", "land_type": "Fish Hatchery", "access_verbatim": "Open; Refer to regulations or contact CDFW regional or area office prior to visit.", "link": "http://www.wildlife.ca.gov/Fishing/Hatcheries/Black-Rock", "cdfw_region": 6, "hunting": {"state": "absent", "entry": null, "verbatim": null, "ccr_cite": null, "booklet_page": null, "wildlife_area_type": null, "restrictions": [], "absence_sentence": "CDFW's lands booklet does not list a hunting rule for this property.", "name_note": null}}}, {"type": "Feature", "geometry": {"type": "Polygon", "coordinates": [[[-121.54898, 40.93341], [-121.54666, 40.9342], [-121.54118, 40.93119], [-121.54451, 40.92967], [-121.54898, 40.93341]]]}, "properties": {"id": "91", "name": "Crystal Lake Fish Hatchery", "kind": "public_land", "land_type": "Fish Hatchery", "access_verbatim": "Open; Refer to regulations or contact CDFW regional or area office prior to visit.", "link": "http://www.wildlife.ca.gov/Fishing/Hatcheries/Crystal-Lake", "cdfw_region": 1, "hunting": {"state": "absent", "entry": null, "verbatim": null, "ccr_cite": null, "booklet_page": null, "wildlife_area_type": null, "restrictions": [], "absence_sentence": "CDFW's lands booklet does not list a hunting rule for this property.", "name_note": null}}}, {"type": "Feature", "geometry": {"type": "Polygon", "coordinates": [[[-121.99176, 40.43179], [-121.99172, 40.42895], [-122.00051, 40.42821], [-121.9989, 40.43319], [-121.99176, 40.43179]]]}, "properties": {"id": "92", "name": "Darrah Springs Fish Hatchery", "kind": "public_land", "land_type": "Fish Hatchery", "access_verbatim": "Open; Refer to regulations or contact CDFW regional or area office prior to visit.", "link": "http://www.wildlife.ca.gov/Fishing/Hatcheries/Darrah-Springs", "cdfw_region": 1, "hunting": {"state": "absent", "entry": null, "verbatim": null, "ccr_cite": null, "booklet_page": null, "wildlife_area_type": null, "restrictions": [], "absence_sentence": "CDFW's lands booklet does not list a hunting rule for this property.", "name_note": null}}}, {"type": "Feature", "geometry": {"type": "MultiPolygon", "coordinates": [[[[-121.55664, 39.51708], [-121.55422, 39.51728], [-121.559, 39.51628], [-121.55664, 39.51708]]], [[[-121.68864, 39.48189], [-121.6875, 39.47973], [-121.68852, 39.47969], [-121.68864, 39.48189]]]]}, "properties": {"id": "93", "name": "Feather River Fish Hatchery", "kind": "public_land", "land_type": "Fish Hatchery", "access_verbatim": "Open; Refer to regulations or contact CDFW regional or area office prior to visit.", "link": "http://www.wildlife.ca.gov/Fishing/Hatcheries/Feather-River", "cdfw_region": 2, "hunting": {"state": "absent", "entry": null, "verbatim": null, "ccr_cite": null, "booklet_page": null, "wildlife_area_type": null, "restrictions": [], "absence_sentence": "CDFW's lands booklet does not list a hunting rule for this property.", "name_note": null}}}, {"type": "Feature", "geometry": {"type": "MultiPolygon", "coordinates": [[[[-118.88544, 34.39461], [-118.88194, 34.39395], [-118.88217, 34.39142], [-118.88649, 34.3927], [-118.88544, 34.39461]]], [[[-118.88503, 34.39481], [-118.88543, 34.39461], [-118.88536, 34.39488], [-118.88503, 34.39481]]]]}, "properties": {"id": "94", "name": "Fillmore Fish Hatchery", "kind": "public_land", "land_type": "Fish Hatchery", "access_verbatim": "Open; Refer to regulations or contact CDFW regional or area office prior to visit.", "link": "http://www.wildlife.ca.gov/Fishing/Hatcheries/Fillmore", "cdfw_region": 5, "hunting": {"state": "absent", "entry": null, "verbatim": null, "ccr_cite": null, "booklet_page": null, "wildlife_area_type": null, "restrictions": [], "absence_sentence": "CDFW's lands booklet does not list a hunting rule for this property.", "name_note": null}}}, {"type": "Feature", "geometry": {"type": "Polygon", "coordinates": [[[-118.25937, 37.09887], [-118.25392, 37.09751], [-118.25399, 37.09194], [-118.26128, 37.09269], [-118.25937, 37.09887]]]}, "properties": {"id": "95", "name": "Fish Springs Fish Hatchery", "kind": "public_land", "land_type": "Fish Hatchery", "access_verbatim": "Open; Refer to regulations or contact CDFW regional or area office prior to visit.", "link": "http://www.wildlife.ca.gov/Fishing/Hatcheries/Fish-Springs", "cdfw_region": 6, "hunting": {"state": "absent", "entry": null, "verbatim": null, "ccr_cite": null, "booklet_page": null, "wildlife_area_type": null, "restrictions": [], "absence_sentence": "CDFW's lands booklet does not list a hunting rule for this property.", "name_note": null}}}, {"type": "Feature", "geometry": {"type": "Polygon", "coordinates": [[[-118.85889, 37.63689], [-118.86571, 37.63689], [-118.86571, 37.64051], [-118.84974, 37.64421], [-118.84977, 37.64057], [-118.85433, 37.63881], [-118.85433, 37.63514], [-118.8589, 37.63514], [-118.85889, 37.63689]]]}, "properties": {"id": "96", "name": "Hot Creek Fish Hatchery", "kind": "public_land", "land_type": "Fish Hatchery", "access_verbatim": "Open; Refer to regulations or contact CDFW regional or area office prior to visit.", "link": "http://www.wildlife.ca.gov/Fishing/Hatcheries/Hot-Creek", "cdfw_region": 6, "hunting": {"state": "absent", "entry": null, "verbatim": null, "ccr_cite": null, "booklet_page": null, "wildlife_area_type": null, "restrictions": [], "absence_sentence": "CDFW's lands booklet does not list a hunting rule for this property.", "name_note": null}}}, {"type": "Feature", "geometry": {"type": "MultiPolygon", "coordinates": [[[[-122.43628, 41.9338], [-122.43678, 41.93308], [-122.43738, 41.9339], [-122.43628, 41.9338]]], [[[-122.4398, 41.92976], [-122.44148, 41.92867], [-122.44312, 41.92964], [-122.44187, 41.93084], [-122.4398, 41.92976]]]]}, "properties": {"id": "97", "name": "Irongate Fish Hatchery", "kind": "public_land", "land_type": "Fish Hatchery", "access_verbatim": "Open; Refer to regulations or contact CDFW regional or area office prior to visit.", "link": "http://www.wildlife.ca.gov/Fishing/Hatcheries/Iron-Gate", "cdfw_region": 1, "hunting": {"state": "absent", "entry": null, "verbatim": null, "ccr_cite": null, "booklet_page": null, "wildlife_area_type": null, "restrictions": [], "absence_sentence": "CDFW's lands booklet does not list a hunting rule for this property.", "name_note": null}}}, {"type": "Feature", "geometry": {"type": "Polygon", "coordinates": [[[-118.4321, 35.77067], [-118.42863, 35.76771], [-118.42866, 35.76635], [-118.43214, 35.76641], [-118.4321, 35.77067]]]}, "properties": {"id": "98", "name": "Kern River Fish Hatchery", "kind": "public_land", "land_type": "Fish Hatchery", "access_verbatim": "Open; Refer to regulations or contact CDFW regional or area office prior to visit.", "link": "http://www.wildlife.ca.gov/Fishing/Hatcheries/Kern-River", "cdfw_region": 4, "hunting": {"state": "absent", "entry": null, "verbatim": null, "ccr_cite": null, "booklet_page": null, "wildlife_area_type": null, "restrictions": [], "absence_sentence": "CDFW's lands booklet does not list a hunting rule for this property.", "name_note": null}}}, {"type": "Feature", "geometry": {"type": "Polygon", "coordinates": [[[-120.31141, 37.81428], [-120.30735, 37.81385], [-120.30575, 37.81222], [-120.30699, 37.8104], [-120.31141, 37.81428]]]}, "properties": {"id": "99", "name": "Moccasin Creek Fish Hatchery", "kind": "public_land", "land_type": "Fish Hatchery", "access_verbatim": "Open; Refer to regulations or contact CDFW regional or area office prior to visit.", "link": "http://www.wildlife.ca.gov/Fishing/Hatcheries/Moccasin", "cdfw_region": 4, "hunting": {"state": "absent", "entry": null, "verbatim": null, "ccr_cite": null, "booklet_page": null, "wildlife_area_type": null, "restrictions": [], "absence_sentence": "CDFW's lands booklet does not list a hunting rule for this property.", "name_note": null}}}, {"type": "Feature", "geometry": {"type": "Polygon", "coordinates": [[[-117.26034, 34.48128], [-117.25944, 34.47781], [-117.26088, 34.47739], [-117.26287, 34.4802], [-117.26034, 34.48128]]]}, "properties": {"id": "100", "name": "Mojave River Fish Hatchery", "kind": "public_land", "land_type": "Fish Hatchery", "access_verbatim": "Open; Refer to regulations or contact CDFW regional or area office prior to visit.", "link": "http://www.wildlife.ca.gov/Fishing/Hatcheries/Mojave-River", "cdfw_region": 6, "hunting": {"state": "absent", "entry": null, "verbatim": null, "ccr_cite": null, "booklet_page": null, "wildlife_area_type": null, "restrictions": [], "absence_sentence": "CDFW's lands booklet does not list a hunting rule for this property.", "name_note": null}}}, {"type": "Feature", "geometry": {"type": "Polygon", "coordinates": [[[-121.03102, 38.22624], [-121.0234, 38.22592], [-121.02415, 38.22439], [-121.03241, 38.22466], [-121.03102, 38.22624]]]}, "properties": {"id": "101", "name": "Mokelumne River Fish Hatchery", "kind": "public_land", "land_type": "Fish Hatchery", "access_verbatim": "Open; Refer to regulations or contact CDFW regional or area office prior to visit.", "link": "http://www.wildlife.ca.gov/Fishing/Hatcheries/Mokelumne-River", "cdfw_region": 2, "hunting": {"state": "absent", "entry": null, "verbatim": null, "ccr_cite": null, "booklet_page": null, "wildlife_area_type": null, "restrictions": [], "absence_sentence": "CDFW's lands booklet does not list a hunting rule for this property.", "name_note": null}}}, {"type": "Feature", "geometry": {"type": "Polygon", "coordinates": [[[-122.33048, 41.30533], [-122.33261, 41.3059], [-122.32974, 41.31055], [-122.3266, 41.30891], [-122.33048, 41.30533]]]}, "properties": {"id": "102", "name": "Mount Shasta Fish Hatchery", "kind": "public_land", "land_type": "Fish Hatchery", "access_verbatim": "Open; Refer to regulations or contact CDFW regional or area office prior to visit.", "link": "http://www.wildlife.ca.gov/Fishing/Hatcheries/Mount-Shasta", "cdfw_region": 1, "hunting": {"state": "absent", "entry": null, "verbatim": null, "ccr_cite": null, "booklet_page": null, "wildlife_area_type": null, "restrictions": [], "absence_sentence": "CDFW's lands booklet does not list a hunting rule for this property.", "name_note": null}}}, {"type": "Feature", "geometry": {"type": "Polygon", "coordinates": [[[-121.23311, 38.63188], [-121.22465, 38.63533], [-121.22391, 38.63194], [-121.23311, 38.63188]]]}, "properties": {"id": "103", "name": "Nimbus Dam Fish Hatchery", "kind": "public_land", "land_type": "Fish Hatchery", "access_verbatim": "Open; Refer to regulations or contact CDFW regional or area office prior to visit.", "link": "http://www.wildlife.ca.gov/Fishing/Hatcheries/Nimbus", "cdfw_region": 2, "hunting": {"state": "absent", "entry": null, "verbatim": null, "ccr_cite": null, "booklet_page": null, "wildlife_area_type": null, "restrictions": [], "absence_sentence": "CDFW's lands booklet does not list a hunting rule for this property.", "name_note": null}}}, {"type": "Feature", "geometry": {"type": "Polygon", "coordinates": [[[-119.71479, 36.98951], [-119.71253, 36.98812], [-119.72136, 36.98296], [-119.72081, 36.98629], [-119.71479, 36.98951]]]}, "properties": {"id": "104", "name": "San Joaquin Fish Hatchery", "kind": "public_land", "land_type": "Fish Hatchery", "access_verbatim": "Open; Refer to regulations or contact CDFW regional or area office prior to visit.", "link": "http://www.wildlife.ca.gov/Fishing/Hatcheries/San-Joaquin", "cdfw_region": 4, "hunting": {"state": "absent", "entry": null, "verbatim": null, "ccr_cite": null, "booklet_page": null, "wildlife_area_type": null, "restrictions": [], "absence_sentence": "CDFW's lands booklet does not list a hunting rule for this property.", "name_note": null}}}, {"type": "Feature", "geometry": {"type": "Polygon", "coordinates": [[[-122.79503, 40.72658], [-122.79345, 40.7254], [-122.80153, 40.72371], [-122.80161, 40.72428], [-122.79503, 40.72658]]]}, "properties": {"id": "105", "name": "Trinity River Fish Hatchery", "kind": "public_land", "land_type": "Fish Hatchery", "access_verbatim": "Open; Refer to regulations or contact CDFW regional or area office prior to visit.", "link": "http://www.wildlife.ca.gov/Fishing/Hatcheries/Trinity-River", "cdfw_region": 1, "hunting": {"state": "absent", "entry": null, "verbatim": null, "ccr_cite": null, "booklet_page": null, "wildlife_area_type": null, "restrictions": [], "absence_sentence": "CDFW's lands booklet does not list a hunting rule for this property.", "name_note": null}}}, {"type": "Feature", "geometry": {"type": "Polygon", "coordinates": [[[-123.00011, 38.71911], [-123.00006, 38.71752], [-123.00374, 38.71733], [-123.0039, 38.71903], [-123.00011, 38.71911]]]}, "properties": {"id": "106", "name": "Warm Springs Fish Hatchery", "kind": "public_land", "land_type": "Fish Hatchery", "access_verbatim": "Open; Refer to regulations or contact CDFW regional or area office prior to visit.", "link": "http://www.wildlife.ca.gov/Fishing/Hatcheries/Warm-Springs", "cdfw_region": 3, "hunting": {"state": "absent", "entry": null, "verbatim": null, "ccr_cite": null, "booklet_page": null, "wildlife_area_type": null, "restrictions": [], "absence_sentence": "CDFW's lands booklet does not list a hunting rule for this property.", "name_note": null}}}, {"type": "Feature", "geometry": {"type": "Polygon", "coordinates": [[[-121.22943, 38.6319], [-121.24125, 38.6308], [-121.24879, 38.6337], [-121.24731, 38.63538], [-121.24001, 38.6325], [-121.22943, 38.6319]]]}, "properties": {"id": "107", "name": "American River Access", "kind": "public_land", "land_type": "Public Access", "access_verbatim": "Open", "link": null, "cdfw_region": 2, "hunting": {"state": "absent", "entry": null, "verbatim": null, "ccr_cite": null, "booklet_page": null, "wildlife_area_type": null, "restrictions": [], "absence_sentence": "CDFW's lands booklet does not list a hunting rule for this property.", "name_note": null}}}, {"type": "Feature", "geometry": {"type": "MultiPolygon", "coordinates": [[[[-122.27948, 40.46808], [-122.27955, 40.46733], [-122.28021, 40.46775], [-122.27948, 40.46808]]], [[[-122.25878, 40.46917], [-122.26092, 40.4645], [-122.25525, 40.46178], [-122.25801, 40.45951], [-122.26488, 40.46328], [-122.26108, 40.46671], [-122.26692, 40.46982], [-122.27297, 40.46437], [-122.27901, 40.46781], [-122.27447, 40.46834], [-122.26801, 40.47314], [-122.25878, 40.46917]]], [[[-122.25824, 40.46965], [-122.2549, 40.46401], [-122.25533, 40.46233], [-122.26022, 40.465], [-122.25824, 40.46965]]]]}, "properties": {"id": "108", "name": "Anderson Fishing Access", "kind": "public_land", "land_type": "Public Access", "access_verbatim": "Open", "link": null, "cdfw_region": 1, "hunting": {"state": "absent", "entry": null, "verbatim": null, "ccr_cite": null, "booklet_page": null, "wildlife_area_type": null, "restrictions": [], "absence_sentence": "CDFW's lands booklet does not list a hunting rule for this property.", "name_note": null}}}, {"type": "Feature", "geometry": {"type": "MultiPolygon", "coordinates": [[[[-119.40818, 36.78561], [-119.41122, 36.78369], [-119.41055, 36.78172], [-119.41364, 36.78402], [-119.41295, 36.78906], [-119.41164, 36.78948], [-119.41159, 36.78568], [-119.40818, 36.78561]]], [[[-119.41164, 36.79009], [-119.41267, 36.78953], [-119.41267, 36.79008], [-119.41164, 36.79009]]]]}, "properties": {"id": "109", "name": "Avocado Lake", "kind": "public_land", "land_type": "Public Access", "access_verbatim": "Open", "link": null, "cdfw_region": 4, "hunting": {"state": "absent", "entry": null, "verbatim": null, "ccr_cite": null, "booklet_page": null, "wildlife_area_type": null, "restrictions": [], "absence_sentence": "CDFW's lands booklet does not list a hunting rule for this property.", "name_note": null}}}, {"type": "Feature", "geometry": {"type": "Polygon", "coordinates": [[[-122.1779, 40.3919], [-122.17799, 40.39318], [-122.17681, 40.39285], [-122.1779, 40.3919]]]}, "properties": {"id": "110", "name": "Battle Creek Public Access", "kind": "public_land", "land_type": "Public Access", "access_verbatim": "Open", "link": null, "cdfw_region": 1, "hunting": {"state": "absent", "entry": null, "verbatim": null, "ccr_cite": null, "booklet_page": null, "wildlife_area_type": null, "restrictions": [], "absence_sentence": "CDFW's lands booklet does not list a hunting rule for this property.", "name_note": null}}}, {"type": "Feature", "geometry": {"type": "Polygon", "coordinates": [[[-120.99359, 39.06841], [-121.00189, 39.06907], [-120.99783, 39.06966], [-120.9989, 39.07301], [-120.99313, 39.07447], [-120.99686, 39.08091], [-120.99194, 39.08214], [-120.9888, 39.0864], [-120.98741, 39.09645], [-120.986, 39.09725], [-120.98503, 39.09428], [-120.98762, 39.0864], [-120.98328, 39.08741], [-120.98346, 39.08507], [-120.98812, 39.08432], [-120.98803, 39.08268], [-120.98334, 39.08227], [-120.99187, 39.0808], [-120.98805, 39.07763], [-120.9938, 39.07269], [-120.99151, 39.07081], [-120.9941, 39.07042], [-120.99359, 39.06841]]]}, "properties": {"id": "111", "name": "Bear River Fishing Access", "kind": "public_land", "land_type": "Public Access", "access_verbatim": "Open", "link": null, "cdfw_region": 2, "hunting": {"state": "absent", "entry": null, "verbatim": null, "ccr_cite": null, "booklet_page": null, "wildlife_area_type": null, "restrictions": [], "absence_sentence": "CDFW's lands booklet does not list a hunting rule for this property.", "name_note": null}}}, {"type": "Feature", "geometry": {"type": "Polygon", "coordinates": [[[-121.97718, 38.18931], [-121.97101, 38.18785], [-121.9709, 38.187], [-121.97684, 38.18822], [-121.977, 38.18577], [-121.97718, 38.18931]]]}, "properties": {"id": "112", "name": "Belden's Landing Fishing Access", "kind": "public_land", "land_type": "Public Access", "access_verbatim": "Open", "link": null, "cdfw_region": 3, "hunting": {"state": "absent", "entry": null, "verbatim": null, "ccr_cite": null, "booklet_page": null, "wildlife_area_type": null, "restrictions": [], "absence_sentence": "CDFW's lands booklet does not list a hunting rule for this property.", "name_note": null}}}, {"type": "Feature", "geometry": {"type": "Polygon", "coordinates": [[[-122.22327, 40.26347], [-122.22225, 40.26221], [-122.22374, 40.2629], [-122.22327, 40.26347]]]}, "properties": {"id": "113", "name": "Bend Bridge Public Access", "kind": "public_land", "land_type": "Public Access", "access_verbatim": "Open", "link": null, "cdfw_region": 1, "hunting": {"state": "absent", "entry": null, "verbatim": null, "ccr_cite": null, "booklet_page": null, "wildlife_area_type": null, "restrictions": [], "absence_sentence": "CDFW's lands booklet does not list a hunting rule for this property.", "name_note": null}}}, {"type": "Feature", "geometry": {"type": "MultiPolygon", "coordinates": [[[[-121.72837, 38.0122], [-121.72841, 38.01257], [-121.72822, 38.01251], [-121.72837, 38.0122]]], [[[-121.72986, 38.00957], [-121.72861, 38.00874], [-121.73228, 38.00874], [-121.72986, 38.00957]]]]}, "properties": {"id": "114", "name": "Big Break Fishing Pier", "kind": "public_land", "land_type": "Public Access", "access_verbatim": "Open", "link": null, "cdfw_region": 3, "hunting": {"state": "absent", "entry": null, "verbatim": null, "ccr_cite": null, "booklet_page": null, "wildlife_area_type": null, "restrictions": [], "absence_sentence": "CDFW's lands booklet does not list a hunting rule for this property.", "name_note": null}}}, {"type": "Feature", "geometry": {"type": "Polygon", "coordinates": [[[-122.35802, 40.53837], [-122.36058, 40.53622], [-122.36068, 40.53639], [-122.35802, 40.53837]]]}, "properties": {"id": "115", "name": "Bonnyview Road Fishing Access", "kind": "public_land", "land_type": "Public Access", "access_verbatim": "Open", "link": null, "cdfw_region": 1, "hunting": {"state": "absent", "entry": null, "verbatim": null, "ccr_cite": null, "booklet_page": null, "wildlife_area_type": null, "restrictions": [], "absence_sentence": "CDFW's lands booklet does not list a hunting rule for this property.", "name_note": null}}}, {"type": "Feature", "geometry": {"type": "Polygon", "coordinates": [[[-124.08653, 40.82861], [-124.08801, 40.82597], [-124.08645, 40.82542], [-124.08906, 40.82347], [-124.09998, 40.82421], [-124.10061, 40.82765], [-124.09817, 40.83075], [-124.09815, 40.82892], [-124.08653, 40.82861]]]}, "properties": {"id": "116", "name": "Bracut Tidelands", "kind": "public_land", "land_type": "Public Access", "access_verbatim": "Open", "link": null, "cdfw_region": 1, "hunting": {"state": "absent", "entry": null, "verbatim": null, "ccr_cite": null, "booklet_page": null, "wildlife_area_type": null, "restrictions": [], "absence_sentence": "CDFW's lands booklet does not list a hunting rule for this property.", "name_note": null}}}, {"type": "Feature", "geometry": {"type": "MultiPolygon", "coordinates": [[[[-121.68663, 38.13348], [-121.68702, 38.12985], [-121.68862, 38.12782], [-121.68663, 38.13348]]], [[[-121.69002, 38.12521], [-121.68987, 38.12493], [-121.69007, 38.12497], [-121.69002, 38.12521]]]]}, "properties": {"id": "117", "name": "Brannan Island Fishing Access", "kind": "public_land", "land_type": "Public Access", "access_verbatim": "Open", "link": null, "cdfw_region": 3, "hunting": {"state": "absent", "entry": null, "verbatim": null, "ccr_cite": null, "booklet_page": null, "wildlife_area_type": null, "restrictions": [], "absence_sentence": "CDFW's lands booklet does not list a hunting rule for this property.", "name_note": null}}}, {"type": "Feature", "geometry": {"type": "Polygon", "coordinates": [[[-122.91362, 39.14744], [-122.91278, 39.14793], [-122.91191, 39.14729], [-122.91362, 39.14744]]]}, "properties": {"id": "118", "name": "Bridge Arbor Fishing Access", "kind": "public_land", "land_type": "Public Access", "access_verbatim": "Open", "link": null, "cdfw_region": 2, "hunting": {"state": "absent", "entry": null, "verbatim": null, "ccr_cite": null, "booklet_page": null, "wildlife_area_type": null, "restrictions": [], "absence_sentence": "CDFW's lands booklet does not list a hunting rule for this property.", "name_note": null}}}, {"type": "Feature", "geometry": {"type": "Polygon", "coordinates": [[[-122.31021, 38.90909], [-122.31276, 38.91043], [-122.31278, 38.9162], [-122.30059, 38.91634], [-122.30021, 38.91054], [-122.30812, 38.91113], [-122.31021, 38.90909]]]}, "properties": {"id": "119", "name": "Cache Creek Public Access", "kind": "public_land", "land_type": "Public Access", "access_verbatim": "Open", "link": null, "cdfw_region": 2, "hunting": {"state": "absent", "entry": null, "verbatim": null, "ccr_cite": null, "booklet_page": null, "wildlife_area_type": null, "restrictions": [], "absence_sentence": "CDFW's lands booklet does not list a hunting rule for this property.", "name_note": null}}}, {"type": "Feature", "geometry": {"type": "Polygon", "coordinates": [[[-122.82074, 40.70655], [-122.81606, 40.70651], [-122.81611, 40.70483], [-122.82084, 40.70486], [-122.82074, 40.70655]]]}, "properties": {"id": "120", "name": "Cemetery Hole Fishing Access", "kind": "public_land", "land_type": "Public Access", "access_verbatim": "Open", "link": null, "cdfw_region": 1, "hunting": {"state": "absent", "entry": null, "verbatim": null, "ccr_cite": null, "booklet_page": null, "wildlife_area_type": null, "restrictions": [], "absence_sentence": "CDFW's lands booklet does not list a hunting rule for this property.", "name_note": null}}}, {"type": "Feature", "geometry": {"type": "Polygon", "coordinates": [[[-121.52282, 38.38215], [-121.5233, 38.38224], [-121.5196, 38.38389], [-121.52282, 38.38215]]]}, "properties": {"id": "121", "name": "Clarksburg Fishing Access", "kind": "public_land", "land_type": "Public Access", "access_verbatim": "Open", "link": null, "cdfw_region": 3, "hunting": {"state": "absent", "entry": null, "verbatim": null, "ccr_cite": null, "booklet_page": null, "wildlife_area_type": null, "restrictions": [], "absence_sentence": "CDFW's lands booklet does not list a hunting rule for this property.", "name_note": null}}}, {"type": "Feature", "geometry": {"type": "Polygon", "coordinates": [[[-121.6679, 38.17096], [-121.66935, 38.17043], [-121.6667, 38.17194], [-121.6679, 38.17096]]]}, "properties": {"id": "122", "name": "Cliff House Fishing Access", "kind": "public_land", "land_type": "Public Access", "access_verbatim": "Open", "link": null, "cdfw_region": 3, "hunting": {"state": "absent", "entry": null, "verbatim": null, "ccr_cite": null, "booklet_page": null, "wildlife_area_type": null, "restrictions": [], "absence_sentence": "CDFW's lands booklet does not list a hunting rule for this property.", "name_note": null}}}, {"type": "Feature", "geometry": {"type": "Polygon", "coordinates": [[[-120.54145, 36.14652], [-120.54143, 36.13933], [-120.55927, 36.13939], [-120.55937, 36.14655], [-120.54145, 36.14652]], [[-120.55582, 36.14428], [-120.55558, 36.14351], [-120.55519, 36.14372], [-120.55582, 36.14428]]]}, "properties": {"id": "123", "name": "Coalinga Mineral Springs Public Access", "kind": "public_land", "land_type": "Public Access", "access_verbatim": "Open", "link": null, "cdfw_region": 4, "hunting": {"state": "absent", "entry": null, "verbatim": null, "ccr_cite": null, "booklet_page": null, "wildlife_area_type": null, "restrictions": [], "absence_sentence": "CDFW's lands booklet does not list a hunting rule for this property.", "name_note": null}}}, {"type": "Feature", "geometry": {"type": "Polygon", "coordinates": [[[-114.72201, 33.08955], [-114.70845, 33.08952], [-114.70463, 33.08634], [-114.70461, 33.08105], [-114.71316, 33.08099], [-114.7131, 33.075], [-114.72177, 33.07503], [-114.72201, 33.08955]]]}, "properties": {"id": "124", "name": "Colorado River Access", "kind": "public_land", "land_type": "Public Access", "access_verbatim": "Open", "link": null, "cdfw_region": 6, "hunting": {"state": "absent", "entry": null, "verbatim": null, "ccr_cite": null, "booklet_page": null, "wildlife_area_type": null, "restrictions": [], "absence_sentence": "CDFW's lands booklet does not list a hunting rule for this property.", "name_note": null}}}, {"type": "Feature", "geometry": {"type": "Polygon", "coordinates": [[[-120.45369, 36.09955], [-120.45402, 36.09625], [-120.45859, 36.09619], [-120.45892, 36.09243], [-120.45458, 36.09217], [-120.45495, 36.08874], [-120.46004, 36.08897], [-120.45886, 36.09975], [-120.45369, 36.09955]]]}, "properties": {"id": "125", "name": "Curry Mountain Public Access", "kind": "public_land", "land_type": "Public Access", "access_verbatim": "Open", "link": null, "cdfw_region": 4, "hunting": {"state": "absent", "entry": null, "verbatim": null, "ccr_cite": null, "booklet_page": null, "wildlife_area_type": null, "restrictions": [], "absence_sentence": "CDFW's lands booklet does not list a hunting rule for this property.", "name_note": null}}}, {"type": "Feature", "geometry": {"type": "Polygon", "coordinates": [[[-121.99602, 38.19273], [-121.99641, 38.19221], [-121.99597, 38.19282], [-121.99602, 38.19273]]]}, "properties": {"id": "126", "name": "Cutoff Slough", "kind": "public_land", "land_type": "Public Access", "access_verbatim": "Open", "link": null, "cdfw_region": 3, "hunting": {"state": "absent", "entry": null, "verbatim": null, "ccr_cite": null, "booklet_page": null, "wildlife_area_type": null, "restrictions": [], "absence_sentence": "CDFW's lands booklet does not list a hunting rule for this property.", "name_note": null}}}, {"type": "Feature", "geometry": {"type": "Polygon", "coordinates": [[[-122.80521, 40.7164], [-122.80309, 40.71549], [-122.80617, 40.71639], [-122.80521, 40.7164]]]}, "properties": {"id": "127", "name": "Deadwood Hole Fishing Access", "kind": "public_land", "land_type": "Public Access", "access_verbatim": "Open", "link": null, "cdfw_region": 1, "hunting": {"state": "absent", "entry": null, "verbatim": null, "ccr_cite": null, "booklet_page": null, "wildlife_area_type": null, "restrictions": [], "absence_sentence": "CDFW's lands booklet does not list a hunting rule for this property.", "name_note": null}}}, {"type": "Feature", "geometry": {"type": "MultiPolygon", "coordinates": [[[[-122.01617, 39.96854], [-122.01617, 39.96916], [-122.01589, 39.96872], [-122.01617, 39.96854]]], [[[-122.01451, 39.97001], [-122.01668, 39.96902], [-122.01705, 39.96946], [-122.01451, 39.97001]]]]}, "properties": {"id": "128", "name": "Deer Creek Fishing Access", "kind": "public_land", "land_type": "Public Access", "access_verbatim": "Open", "link": null, "cdfw_region": 1, "hunting": {"state": "absent", "entry": null, "verbatim": null, "ccr_cite": null, "booklet_page": null, "wildlife_area_type": null, "restrictions": [], "absence_sentence": "CDFW's lands booklet does not list a hunting rule for this property.", "name_note": null}}}, {"type": "Feature", "geometry": {"type": "Polygon", "coordinates": [[[-120.22883, 39.32356], [-120.20983, 39.32267], [-120.20769, 39.32061], [-120.22883, 39.32356]]]}, "properties": {"id": "129", "name": "Donner Creek Public Access", "kind": "public_land", "land_type": "Public Access", "access_verbatim": "Open", "link": null, "cdfw_region": 2, "hunting": {"state": "absent", "entry": null, "verbatim": null, "ccr_cite": null, "booklet_page": null, "wildlife_area_type": null, "restrictions": [], "absence_sentence": "CDFW's lands booklet does not list a hunting rule for this property.", "name_note": null}}}, {"type": "Feature", "geometry": {"type": "Polygon", "coordinates": [[[-119.72345, 38.7695], [-119.72327, 38.76577], [-119.72816, 38.76571], [-119.72819, 38.76938], [-119.72345, 38.7695]]]}, "properties": {"id": "130", "name": "East Fork Carson River Fishing Access", "kind": "public_land", "land_type": "Public Access", "access_verbatim": "Open", "link": null, "cdfw_region": 2, "hunting": {"state": "absent", "entry": null, "verbatim": null, "ccr_cite": null, "booklet_page": null, "wildlife_area_type": null, "restrictions": [], "absence_sentence": "CDFW's lands booklet does not list a hunting rule for this property.", "name_note": null}}}, {"type": "Feature", "geometry": {"type": "Polygon", "coordinates": [[[-122.20149, 38.05449], [-122.20165, 38.0546], [-122.20137, 38.05456], [-122.20149, 38.05449]]]}, "properties": {"id": "131", "name": "Eckley Fishing Pier", "kind": "public_land", "land_type": "Public Access", "access_verbatim": "Open", "link": null, "cdfw_region": 3, "hunting": {"state": "absent", "entry": null, "verbatim": null, "ccr_cite": null, "booklet_page": null, "wildlife_area_type": null, "restrictions": [], "absence_sentence": "CDFW's lands booklet does not list a hunting rule for this property.", "name_note": null}}}, {"type": "Feature", "geometry": {"type": "MultiPolygon", "coordinates": [[[[-124.0971, 40.49444], [-124.09743, 40.49291], [-124.09757, 40.49416], [-124.0971, 40.49444]]], [[[-124.09823, 40.49371], [-124.09818, 40.49284], [-124.09933, 40.49322], [-124.09823, 40.49371]]]]}, "properties": {"id": "132", "name": "Eel River -- Rio Dell Fishing Access", "kind": "public_land", "land_type": "Public Access", "access_verbatim": "Open", "link": null, "cdfw_region": 1, "hunting": {"state": "absent", "entry": null, "verbatim": null, "ccr_cite": null, "booklet_page": null, "wildlife_area_type": null, "restrictions": [], "absence_sentence": "CDFW's lands booklet does not list a hunting rule for this property.", "name_note": null}}}, {"type": "Feature", "geometry": {"type": "Polygon", "coordinates": [[[-124.17164, 40.8056], [-124.17031, 40.8057], [-124.17029, 40.80558], [-124.17164, 40.8056]]]}, "properties": {"id": "133", "name": "Eureka C Street Fishing Access", "kind": "public_land", "land_type": "Public Access", "access_verbatim": "Open", "link": null, "cdfw_region": 1, "hunting": {"state": "absent", "entry": null, "verbatim": null, "ccr_cite": null, "booklet_page": null, "wildlife_area_type": null, "restrictions": [], "absence_sentence": "CDFW's lands booklet does not list a hunting rule for this property.", "name_note": null}}}, {"type": "Feature", "geometry": {"type": "MultiPolygon", "coordinates": [[[[-121.60053, 39.13034], [-121.60052, 39.12909], [-121.60122, 39.13013], [-121.60053, 39.13034]]], [[[-121.61127, 39.05993], [-121.61057, 39.05724], [-121.61113, 39.05722], [-121.61127, 39.05993]]]]}, "properties": {"id": "134", "name": "Feather River Fishing Access", "kind": "public_land", "land_type": "Public Access", "access_verbatim": "Open", "link": null, "cdfw_region": 2, "hunting": {"state": "absent", "entry": null, "verbatim": null, "ccr_cite": null, "booklet_page": null, "wildlife_area_type": null, "restrictions": [], "absence_sentence": "CDFW's lands booklet does not list a hunting rule for this property.", "name_note": null}}}, {"type": "Feature", "geometry": {"type": "Polygon", "coordinates": [[[-122.39163, 37.90873], [-122.39148, 37.90816], [-122.39277, 37.90807], [-122.39163, 37.90873]]]}, "properties": {"id": "135", "name": "Ferry Point Pier", "kind": "public_land", "land_type": "Public Access", "access_verbatim": "Open", "link": null, "cdfw_region": 3, "hunting": {"state": "absent", "entry": null, "verbatim": null, "ccr_cite": null, "booklet_page": null, "wildlife_area_type": null, "restrictions": [], "absence_sentence": "CDFW's lands booklet does not list a hunting rule for this property.", "name_note": null}}}, {"type": "Feature", "geometry": {"type": "Polygon", "coordinates": [[[-124.22099, 40.72623], [-124.22081, 40.72509], [-124.22137, 40.72527], [-124.22099, 40.72623]]]}, "properties": {"id": "136", "name": "Fields Landing Coastal Fishing Access", "kind": "public_land", "land_type": "Public Access", "access_verbatim": "Open", "link": null, "cdfw_region": 1, "hunting": {"state": "absent", "entry": null, "verbatim": null, "ccr_cite": null, "booklet_page": null, "wildlife_area_type": null, "restrictions": [], "absence_sentence": "CDFW's lands booklet does not list a hunting rule for this property.", "name_note": null}}}, {"type": "Feature", "geometry": {"type": "MultiPolygon", "coordinates": [[[[-120.84527, 37.61766], [-120.84469, 37.62006], [-120.8415, 37.62223], [-120.84266, 37.61607], [-120.84527, 37.61766]]], [[[-120.84616, 37.61868], [-120.84746, 37.61661], [-120.85095, 37.61826], [-120.84945, 37.61906], [-120.84616, 37.61868]]]]}, "properties": {"id": "137", "name": "Fox Grove Fishing Access", "kind": "public_land", "land_type": "Public Access", "access_verbatim": "Open", "link": null, "cdfw_region": 4, "hunting": {"state": "absent", "entry": null, "verbatim": null, "ccr_cite": null, "booklet_page": null, "wildlife_area_type": null, "restrictions": [], "absence_sentence": "CDFW's lands booklet does not list a hunting rule for this property.", "name_note": null}}}, {"type": "Feature", "geometry": {"type": "Polygon", "coordinates": [[[-122.3616, 37.16766], [-122.3626, 37.16441], [-122.36325, 37.16614], [-122.3616, 37.16766]]]}, "properties": {"id": "138", "name": "Gazos Creek Fishing Access", "kind": "public_land", "land_type": "Public Access", "access_verbatim": "Open", "link": null, "cdfw_region": 3, "hunting": {"state": "absent", "entry": null, "verbatim": null, "ccr_cite": null, "booklet_page": null, "wildlife_area_type": null, "restrictions": [], "absence_sentence": "CDFW's lands booklet does not list a hunting rule for this property.", "name_note": null}}}, {"type": "Feature", "geometry": {"type": "Polygon", "coordinates": [[[-121.58151, 38.1291], [-121.5855, 38.12875], [-121.58856, 38.12973], [-121.5898, 38.13082], [-121.58151, 38.1291]]]}, "properties": {"id": "139", "name": "Georgiana Slough Fishing Access", "kind": "public_land", "land_type": "Public Access", "access_verbatim": "Open", "link": null, "cdfw_region": 3, "hunting": {"state": "absent", "entry": null, "verbatim": null, "ccr_cite": null, "booklet_page": null, "wildlife_area_type": null, "restrictions": [], "absence_sentence": "CDFW's lands booklet does not list a hunting rule for this property.", "name_note": null}}}, {"type": "Feature", "geometry": {"type": "Polygon", "coordinates": [[[-122.26637, 37.07849], [-122.26795, 37.07741], [-122.2687, 37.08331], [-122.27191, 37.08629], [-122.26711, 37.08305], [-122.25783, 37.0704], [-122.26637, 37.07849]]]}, "properties": {"id": "140", "name": "Greyhound Rock Fishing Access", "kind": "public_land", "land_type": "Public Access", "access_verbatim": "Open", "link": null, "cdfw_region": 3, "hunting": {"state": "absent", "entry": null, "verbatim": null, "ccr_cite": null, "booklet_page": null, "wildlife_area_type": null, "restrictions": [], "absence_sentence": "CDFW's lands booklet does not list a hunting rule for this property.", "name_note": null}}}, {"type": "Feature", "geometry": {"type": "Polygon", "coordinates": [[[-121.08842, 40.27082], [-121.087, 40.26985], [-121.08882, 40.26942], [-121.08842, 40.27082]]]}, "properties": {"id": "141", "name": "Hamilton Branch Fishing Access", "kind": "public_land", "land_type": "Public Access", "access_verbatim": "Open", "link": null, "cdfw_region": 2, "hunting": {"state": "absent", "entry": null, "verbatim": null, "ccr_cite": null, "booklet_page": null, "wildlife_area_type": null, "restrictions": [], "absence_sentence": "CDFW's lands booklet does not list a hunting rule for this property.", "name_note": null}}}, {"type": "Feature", "geometry": {"type": "Polygon", "coordinates": [[[-122.86012, 38.59913], [-122.86011, 38.60115], [-122.86054, 38.60198], [-122.85978, 38.60195], [-122.85866, 38.60023], [-122.85865, 38.60021], [-122.86012, 38.59913]]]}, "properties": {"id": "142", "name": "Healdsburg Fishing Access", "kind": "public_land", "land_type": "Public Access", "access_verbatim": "Open", "link": null, "cdfw_region": 3, "hunting": {"state": "absent", "entry": null, "verbatim": null, "ccr_cite": null, "booklet_page": null, "wildlife_area_type": null, "restrictions": [], "absence_sentence": "CDFW's lands booklet does not list a hunting rule for this property.", "name_note": null}}}, {"type": "Feature", "geometry": {"type": "Polygon", "coordinates": [[[-118.40143, 33.8621], [-118.4055, 33.8611], [-118.40559, 33.8613], [-118.40143, 33.8621]]]}, "properties": {"id": "143", "name": "Hermosa Beach Fishing Pier", "kind": "public_land", "land_type": "Public Access", "access_verbatim": "Open", "link": null, "cdfw_region": 5, "hunting": {"state": "absent", "entry": null, "verbatim": null, "ccr_cite": null, "booklet_page": null, "wildlife_area_type": null, "restrictions": [], "absence_sentence": "CDFW's lands booklet does not list a hunting rule for this property.", "name_note": null}}}, {"type": "Feature", "geometry": {"type": "Polygon", "coordinates": [[[-121.78213, 39.77166], [-121.78259, 39.77131], [-121.78275, 39.77129], [-121.78249, 39.77155], [-121.78213, 39.77166]]]}, "properties": {"id": "144", "name": "Horseshoe Lake Fishing Access", "kind": "public_land", "land_type": "Public Access", "access_verbatim": "Open", "link": null, "cdfw_region": 2, "hunting": {"state": "absent", "entry": null, "verbatim": null, "ccr_cite": null, "booklet_page": null, "wildlife_area_type": null, "restrictions": [], "absence_sentence": "CDFW's lands booklet does not list a hunting rule for this property.", "name_note": null}}}, {"type": "Feature", "geometry": {"type": "Polygon", "coordinates": [[[-122.37485, 38.20582], [-122.37677, 38.20802], [-122.37408, 38.20617], [-122.37485, 38.20582]]]}, "properties": {"id": "145", "name": "Hudeman Slough Fishing Access", "kind": "public_land", "land_type": "Public Access", "access_verbatim": "Open", "link": null, "cdfw_region": 3, "hunting": {"state": "absent", "entry": null, "verbatim": null, "ccr_cite": null, "booklet_page": null, "wildlife_area_type": null, "restrictions": [], "absence_sentence": "CDFW's lands booklet does not list a hunting rule for this property.", "name_note": null}}}, {"type": "Feature", "geometry": {"type": "MultiPolygon", "coordinates": [[[[-122.90654, 40.65578], [-122.92087, 40.65764], [-122.9209, 40.65942], [-122.90655, 40.65933], [-122.90654, 40.65578]]], [[[-122.93009, 40.65584], [-122.92979, 40.65453], [-122.93009, 40.65443], [-122.93009, 40.65584]]]]}, "properties": {"id": "146", "name": "Indian Creek Public Access", "kind": "public_land", "land_type": "Public Access", "access_verbatim": "Open", "link": null, "cdfw_region": 1, "hunting": {"state": "absent", "entry": null, "verbatim": null, "ccr_cite": null, "booklet_page": null, "wildlife_area_type": null, "restrictions": [], "absence_sentence": "CDFW's lands booklet does not list a hunting rule for this property.", "name_note": null}}}, {"type": "Feature", "geometry": {"type": "Polygon", "coordinates": [[[-122.91222, 38.23342], [-122.91607, 38.22889], [-122.91657, 38.22463], [-122.91856, 38.22314], [-122.92209, 38.22144], [-122.91734, 38.22416], [-122.91553, 38.23276], [-122.91222, 38.23342]]]}, "properties": {"id": "147", "name": "Keys Creek Fishing Access", "kind": "public_land", "land_type": "Public Access", "access_verbatim": "Open", "link": null, "cdfw_region": 3, "hunting": {"state": "absent", "entry": null, "verbatim": null, "ccr_cite": null, "booklet_page": null, "wildlife_area_type": null, "restrictions": [], "absence_sentence": "CDFW's lands booklet does not list a hunting rule for this property.", "name_note": null}}}, {"type": "Feature", "geometry": {"type": "Polygon", "coordinates": [[[-123.54295, 41.59343], [-123.54475, 41.59183], [-123.54619, 41.59168], [-123.54298, 41.59345], [-123.54244, 41.5944], [-123.54264, 41.59568], [-123.54178, 41.59824], [-123.54611, 41.59992], [-123.5463, 41.60339], [-123.54608, 41.59994], [-123.54174, 41.59825], [-123.54241, 41.5944], [-123.54295, 41.59343]]]}, "properties": {"id": "148", "name": "Klamath River Fishing Access", "kind": "public_land", "land_type": "Public Access", "access_verbatim": "Open", "link": null, "cdfw_region": 1, "hunting": {"state": "absent", "entry": null, "verbatim": null, "ccr_cite": null, "booklet_page": null, "wildlife_area_type": null, "restrictions": [], "absence_sentence": "CDFW's lands booklet does not list a hunting rule for this property.", "name_note": null}}}, {"type": "Feature", "geometry": {"type": "Polygon", "coordinates": [[[-122.53587, 41.89274], [-122.54053, 41.88701], [-122.5455, 41.88699], [-122.53587, 41.89274]]]}, "properties": {"id": "149", "name": "Klamath River Fishing Access", "kind": "public_land", "land_type": "Public Access", "access_verbatim": "Open", "link": null, "cdfw_region": 1, "hunting": {"state": "absent", "entry": null, "verbatim": null, "ccr_cite": null, "booklet_page": null, "wildlife_area_type": null, "restrictions": [], "absence_sentence": "CDFW's lands booklet does not list a hunting rule for this property.", "name_note": null}}}, {"type": "Feature", "geometry": {"type": "Polygon", "coordinates": [[[-122.52067, 41.8963], [-122.52298, 41.8958], [-122.52132, 41.89687], [-122.52067, 41.8963]]]}, "properties": {"id": "150", "name": "Klamathon Station", "kind": "public_land", "land_type": "Public Access", "access_verbatim": "Open", "link": null, "cdfw_region": 1, "hunting": {"state": "absent", "entry": null, "verbatim": null, "ccr_cite": null, "booklet_page": null, "wildlife_area_type": null, "restrictions": [], "absence_sentence": "CDFW's lands booklet does not list a hunting rule for this property.", "name_note": null}}}, {"type": "Feature", "geometry": {"type": "Polygon", "coordinates": [[[-121.72369, 38.80107], [-121.72531, 38.80198], [-121.72244, 38.80169], [-121.72369, 38.80107]]]}, "properties": {"id": "151", "name": "Knights Landing Fishing Access", "kind": "public_land", "land_type": "Public Access", "access_verbatim": "Open", "link": null, "cdfw_region": 2, "hunting": {"state": "absent", "entry": null, "verbatim": null, "ccr_cite": null, "booklet_page": null, "wildlife_area_type": null, "restrictions": [], "absence_sentence": "CDFW's lands booklet does not list a hunting rule for this property.", "name_note": null}}}, {"type": "Feature", "geometry": {"type": "Polygon", "coordinates": [[[-122.3456, 41.28234], [-122.34498, 41.28258], [-122.34494, 41.28249], [-122.3456, 41.28234]]]}, "properties": {"id": "152", "name": "Lake Siskiyou Fishing Access", "kind": "public_land", "land_type": "Public Access", "access_verbatim": "Open", "link": null, "cdfw_region": 1, "hunting": {"state": "absent", "entry": null, "verbatim": null, "ccr_cite": null, "booklet_page": null, "wildlife_area_type": null, "restrictions": [], "absence_sentence": "CDFW's lands booklet does not list a hunting rule for this property.", "name_note": null}}}, {"type": "Feature", "geometry": {"type": "MultiPolygon", "coordinates": [[[[-122.81094, 40.70622], [-122.8099, 40.7052], [-122.81094, 40.70493], [-122.81094, 40.70622]]], [[[-122.80746, 40.70767], [-122.80899, 40.7056], [-122.80982, 40.70523], [-122.80932, 40.70843], [-122.80746, 40.70767]]], [[[-122.80614, 40.71073], [-122.80613, 40.70937], [-122.80653, 40.70936], [-122.80614, 40.71073]]], [[[-122.80617, 40.71639], [-122.80614, 40.71115], [-122.80738, 40.70779], [-122.80925, 40.70857], [-122.80733, 40.70936], [-122.80617, 40.71639]]], [[[-122.81798, 40.71102], [-122.81717, 40.71314], [-122.8145, 40.71101], [-122.81498, 40.71101], [-122.81798, 40.71102]]]]}, "properties": {"id": "153", "name": "Lewiston Fishing Access", "kind": "public_land", "land_type": "Public Access", "access_verbatim": "Open", "link": null, "cdfw_region": 1, "hunting": {"state": "absent", "entry": null, "verbatim": null, "ccr_cite": null, "booklet_page": null, "wildlife_area_type": null, "restrictions": [], "absence_sentence": "CDFW's lands booklet does not list a hunting rule for this property.", "name_note": null}}}, {"type": "Feature", "geometry": {"type": "Polygon", "coordinates": [[[-119.72045, 36.98559], [-119.72355, 36.97786], [-119.73139, 36.97788], [-119.72045, 36.98559]]]}, "properties": {"id": "154", "name": "Lost Lake Fishing Access", "kind": "public_land", "land_type": "Public Access", "access_verbatim": "Open", "link": null, "cdfw_region": 4, "hunting": {"state": "absent", "entry": null, "verbatim": null, "ccr_cite": null, "booklet_page": null, "wildlife_area_type": null, "restrictions": [], "absence_sentence": "CDFW's lands booklet does not list a hunting rule for this property.", "name_note": null}}}, {"type": "Feature", "geometry": {"type": "Polygon", "coordinates": [[[-123.99434, 40.85722], [-123.98796, 40.85718], [-123.98824, 40.85356], [-123.99102, 40.85206], [-123.99434, 40.85722]]]}, "properties": {"id": "155", "name": "Mad River Public Access", "kind": "public_land", "land_type": "Public Access", "access_verbatim": "Open; Refer to regulations or contact CDFW regional or area office prior to visit.", "link": null, "cdfw_region": 1, "hunting": {"state": "absent", "entry": null, "verbatim": null, "ccr_cite": null, "booklet_page": null, "wildlife_area_type": null, "restrictions": [], "absence_sentence": "CDFW's lands booklet does not list a hunting rule for this property.", "name_note": null}}}, {"type": "Feature", "geometry": {"type": "MultiPolygon", "coordinates": [[[[-120.43878, 39.82146], [-120.43724, 39.822], [-120.43576, 39.82165], [-120.43577, 39.82128], [-120.43878, 39.82146]]], [[[-120.62109, 39.77808], [-120.61977, 39.77706], [-120.61838, 39.77668], [-120.62077, 39.77606], [-120.62109, 39.77808]]], [[[-120.62219, 39.7774], [-120.62147, 39.77823], [-120.62113, 39.7761], [-120.62219, 39.7774]]]]}, "properties": {"id": "156", "name": "Middle Fork Feather River Fishing Access", "kind": "public_land", "land_type": "Public Access", "access_verbatim": "Open", "link": null, "cdfw_region": 2, "hunting": {"state": "absent", "entry": null, "verbatim": null, "ccr_cite": null, "booklet_page": null, "wildlife_area_type": null, "restrictions": [], "absence_sentence": "CDFW's lands booklet does not list a hunting rule for this property.", "name_note": null}}}, {"type": "Feature", "geometry": {"type": "Polygon", "coordinates": [[[-123.12607, 39.12764], [-123.12199, 39.12771], [-123.12187, 39.12144], [-123.12628, 39.1247], [-123.12607, 39.12764]]]}, "properties": {"id": "157", "name": "Mill Creek", "kind": "public_land", "land_type": "Public Access", "access_verbatim": "Open", "link": null, "cdfw_region": 1, "hunting": {"state": "absent", "entry": null, "verbatim": null, "ccr_cite": null, "booklet_page": null, "wildlife_area_type": null, "restrictions": [], "absence_sentence": "CDFW's lands booklet does not list a hunting rule for this property.", "name_note": null}}}, {"type": "Feature", "geometry": {"type": "Polygon", "coordinates": [[[-117.26744, 34.50683], [-117.27429, 34.50745], [-117.27891, 34.51052], [-117.28502, 34.52915], [-117.27954, 34.52919], [-117.26288, 34.51516], [-117.2572, 34.50034], [-117.26744, 34.50683]]]}, "properties": {"id": "158", "name": "Mojave River Public Access", "kind": "public_land", "land_type": "Public Access", "access_verbatim": "Open", "link": null, "cdfw_region": 6, "hunting": {"state": "absent", "entry": null, "verbatim": null, "ccr_cite": null, "booklet_page": null, "wildlife_area_type": null, "restrictions": [], "absence_sentence": "CDFW's lands booklet does not list a hunting rule for this property.", "name_note": null}}}, {"type": "Feature", "geometry": {"type": "Polygon", "coordinates": [[[-123.01339, 38.46776], [-123.01119, 38.46724], [-123.01003, 38.46598], [-123.01339, 38.46776]]]}, "properties": {"id": "159", "name": "Monte Rio Fishing Access", "kind": "public_land", "land_type": "Public Access", "access_verbatim": "Open", "link": null, "cdfw_region": 3, "hunting": {"state": "absent", "entry": null, "verbatim": null, "ccr_cite": null, "booklet_page": null, "wildlife_area_type": null, "restrictions": [], "absence_sentence": "CDFW's lands booklet does not list a hunting rule for this property.", "name_note": null}}}, {"type": "Feature", "geometry": {"type": "Polygon", "coordinates": [[[-121.88563, 38.09098], [-121.88587, 38.09119], [-121.88569, 38.09129], [-121.88563, 38.09098]]]}, "properties": {"id": "160", "name": "Montezuma Slough", "kind": "public_land", "land_type": "Public Access", "access_verbatim": "Open", "link": null, "cdfw_region": 3, "hunting": {"state": "absent", "entry": null, "verbatim": null, "ccr_cite": null, "booklet_page": null, "wildlife_area_type": null, "restrictions": [], "absence_sentence": "CDFW's lands booklet does not list a hunting rule for this property.", "name_note": null}}}, {"type": "Feature", "geometry": {"type": "Polygon", "coordinates": [[[-122.11795, 40.03303], [-122.11772, 40.03245], [-122.118, 40.03243], [-122.11795, 40.03303]]]}, "properties": {"id": "161", "name": "Mouth of Mill Creek Fishing Access", "kind": "public_land", "land_type": "Public Access", "access_verbatim": "Open", "link": null, "cdfw_region": 1, "hunting": {"state": "absent", "entry": null, "verbatim": null, "ccr_cite": null, "booklet_page": null, "wildlife_area_type": null, "restrictions": [], "absence_sentence": "CDFW's lands booklet does not list a hunting rule for this property.", "name_note": null}}}, {"type": "Feature", "geometry": {"type": "Polygon", "coordinates": [[[-124.25184, 41.78205], [-124.25251, 41.78349], [-124.25188, 41.7835], [-124.25184, 41.78205]]]}, "properties": {"id": "162", "name": "North Beach Fishing Access", "kind": "public_land", "land_type": "Public Access", "access_verbatim": "Open", "link": null, "cdfw_region": 1, "hunting": {"state": "absent", "entry": null, "verbatim": null, "ccr_cite": null, "booklet_page": null, "wildlife_area_type": null, "restrictions": [], "absence_sentence": "CDFW's lands booklet does not list a hunting rule for this property.", "name_note": null}}}, {"type": "Feature", "geometry": {"type": "Polygon", "coordinates": [[[-123.79764, 39.42621], [-123.79765, 39.42721], [-123.79727, 39.42668], [-123.79764, 39.42621]]]}, "properties": {"id": "163", "name": "Noyo River Fishing Access", "kind": "public_land", "land_type": "Public Access", "access_verbatim": "Open", "link": null, "cdfw_region": 1, "hunting": {"state": "absent", "entry": null, "verbatim": null, "ccr_cite": null, "booklet_page": null, "wildlife_area_type": null, "restrictions": [], "absence_sentence": "CDFW's lands booklet does not list a hunting rule for this property.", "name_note": null}}}, {"type": "Feature", "geometry": {"type": "Polygon", "coordinates": [[[-122.37495, 37.66185], [-122.37304, 37.66202], [-122.37301, 37.66187], [-122.37495, 37.66185]]]}, "properties": {"id": "164", "name": "Oyster Point Fishing Pier", "kind": "public_land", "land_type": "Public Access", "access_verbatim": "Open", "link": null, "cdfw_region": 3, "hunting": {"state": "absent", "entry": null, "verbatim": null, "ccr_cite": null, "booklet_page": null, "wildlife_area_type": null, "restrictions": [], "absence_sentence": "CDFW's lands booklet does not list a hunting rule for this property.", "name_note": null}}}, {"type": "Feature", "geometry": {"type": "Polygon", "coordinates": [[[-124.22157, 41.75795], [-124.22062, 41.75637], [-124.21851, 41.75557], [-124.21851, 41.75527], [-124.22219, 41.75643], [-124.22157, 41.75795]]]}, "properties": {"id": "165", "name": "Pebble Beach Fishing Access", "kind": "public_land", "land_type": "Public Access", "access_verbatim": "Open", "link": null, "cdfw_region": 1, "hunting": {"state": "absent", "entry": null, "verbatim": null, "ccr_cite": null, "booklet_page": null, "wildlife_area_type": null, "restrictions": [], "absence_sentence": "CDFW's lands booklet does not list a hunting rule for this property.", "name_note": null}}}, {"type": "Feature", "geometry": {"type": "Polygon", "coordinates": [[[-118.01008, 34.10767], [-118.00842, 34.10606], [-118.01148, 34.0997], [-118.02, 34.09673], [-118.02106, 34.09865], [-118.01008, 34.10767]]]}, "properties": {"id": "166", "name": "Peck Lake Fishing Access", "kind": "public_land", "land_type": "Public Access", "access_verbatim": "Open", "link": null, "cdfw_region": 5, "hunting": {"state": "absent", "entry": null, "verbatim": null, "ccr_cite": null, "booklet_page": null, "wildlife_area_type": null, "restrictions": [], "absence_sentence": "CDFW's lands booklet does not list a hunting rule for this property.", "name_note": null}}}, {"type": "Feature", "geometry": {"type": "Polygon", "coordinates": [[[-120.42086, 41.42287], [-120.42282, 41.42226], [-120.4249, 41.4234], [-120.424, 41.42466], [-120.42086, 41.42287]]]}, "properties": {"id": "167", "name": "Pine Creek Reservoir Public Access", "kind": "public_land", "land_type": "Public Access", "access_verbatim": "Open", "link": null, "cdfw_region": 1, "hunting": {"state": "absent", "entry": null, "verbatim": null, "ccr_cite": null, "booklet_page": null, "wildlife_area_type": null, "restrictions": [], "absence_sentence": "CDFW's lands booklet does not list a hunting rule for this property.", "name_note": null}}}, {"type": "Feature", "geometry": {"type": "Polygon", "coordinates": [[[-122.16518, 38.04439], [-122.16521, 38.04421], [-122.16529, 38.04449], [-122.16518, 38.04439]]]}, "properties": {"id": "168", "name": "Point Benicia Fishing Pier", "kind": "public_land", "land_type": "Public Access", "access_verbatim": "Open", "link": null, "cdfw_region": 3, "hunting": {"state": "absent", "entry": null, "verbatim": null, "ccr_cite": null, "booklet_page": null, "wildlife_area_type": null, "restrictions": [], "absence_sentence": "CDFW's lands booklet does not list a hunting rule for this property.", "name_note": null}}}, {"type": "Feature", "geometry": {"type": "Polygon", "coordinates": [[[-122.80517, 38.06556], [-122.81069, 38.06446], [-122.80783, 38.06679], [-122.80517, 38.06556]]]}, "properties": {"id": "169", "name": "Point Reyes Station Public Access", "kind": "public_land", "land_type": "Public Access", "access_verbatim": "Open", "link": null, "cdfw_region": 3, "hunting": {"state": "absent", "entry": null, "verbatim": null, "ccr_cite": null, "booklet_page": null, "wildlife_area_type": null, "restrictions": [], "absence_sentence": "CDFW's lands booklet does not list a hunting rule for this property.", "name_note": null}}}, {"type": "Feature", "geometry": {"type": "Polygon", "coordinates": [[[-122.03324, 38.49636], [-122.04004, 38.50169], [-122.04158, 38.50575], [-122.05167, 38.51248], [-122.05714, 38.51738], [-122.06002, 38.51596], [-122.0733, 38.51361], [-122.08857, 38.51446], [-122.08866, 38.51566], [-122.07427, 38.51407], [-122.06967, 38.51437], [-122.05916, 38.51743], [-122.05629, 38.51751], [-122.04486, 38.51008], [-122.04175, 38.50701], [-122.03915, 38.50112], [-122.03324, 38.49636]]]}, "properties": {"id": "170", "name": "Putah Creek Fishing Access", "kind": "public_land", "land_type": "Public Access", "access_verbatim": "Open", "link": null, "cdfw_region": 2, "hunting": {"state": "absent", "entry": null, "verbatim": null, "ccr_cite": null, "booklet_page": null, "wildlife_area_type": null, "restrictions": [], "absence_sentence": "CDFW's lands booklet does not list a hunting rule for this property.", "name_note": null}}}, {"type": "Feature", "geometry": {"type": "Polygon", "coordinates": [[[-122.00721, 37.57797], [-122.00713, 37.57831], [-122.00606, 37.57803], [-122.00721, 37.57797]]]}, "properties": {"id": "171", "name": "Quarry Lakes Fishing Access", "kind": "public_land", "land_type": "Public Access", "access_verbatim": "Open", "link": null, "cdfw_region": 3, "hunting": {"state": "absent", "entry": null, "verbatim": null, "ccr_cite": null, "booklet_page": null, "wildlife_area_type": null, "restrictions": [], "absence_sentence": "CDFW's lands booklet does not list a hunting rule for this property.", "name_note": null}}}, {"type": "Feature", "geometry": {"type": "Polygon", "coordinates": [[[-122.22843, 40.17254], [-122.22747, 40.17225], [-122.22853, 40.1723], [-122.22843, 40.17254]]]}, "properties": {"id": "172", "name": "Red Bluff River Park Fishing Access", "kind": "public_land", "land_type": "Public Access", "access_verbatim": "Open", "link": null, "cdfw_region": 1, "hunting": {"state": "absent", "entry": null, "verbatim": null, "ccr_cite": null, "booklet_page": null, "wildlife_area_type": null, "restrictions": [], "absence_sentence": "CDFW's lands booklet does not list a hunting rule for this property.", "name_note": null}}}, {"type": "Feature", "geometry": {"type": "Polygon", "coordinates": [[[-122.41245, 38.4647], [-122.41297, 38.46519], [-122.41243, 38.46481], [-122.41245, 38.4647]]]}, "properties": {"id": "173", "name": "Rutherford Crossroad", "kind": "public_land", "land_type": "Public Access", "access_verbatim": "Open", "link": null, "cdfw_region": 3, "hunting": {"state": "absent", "entry": null, "verbatim": null, "ccr_cite": null, "booklet_page": null, "wildlife_area_type": null, "restrictions": [], "absence_sentence": "CDFW's lands booklet does not list a hunting rule for this property.", "name_note": null}}}, {"type": "Feature", "geometry": {"type": "Polygon", "coordinates": [[[-122.27613, 41.23627], [-122.27545, 41.2353], [-122.27611, 41.23468], [-122.27613, 41.23627]]]}, "properties": {"id": "174", "name": "Sacramento River -- Prospect Ave. Fishing Access", "kind": "public_land", "land_type": "Public Access", "access_verbatim": "Open", "link": null, "cdfw_region": 1, "hunting": {"state": "absent", "entry": null, "verbatim": null, "ccr_cite": null, "booklet_page": null, "wildlife_area_type": null, "restrictions": [], "absence_sentence": "CDFW's lands booklet does not list a hunting rule for this property.", "name_note": null}}}, {"type": "Feature", "geometry": {"type": "Polygon", "coordinates": [[[-124.21324, 40.77091], [-124.21306, 40.77335], [-124.21023, 40.77332], [-124.21087, 40.77281], [-124.21324, 40.77091]]]}, "properties": {"id": "175", "name": "Samoa Peninsula Public Access", "kind": "public_land", "land_type": "Public Access", "access_verbatim": "Open", "link": null, "cdfw_region": 1, "hunting": {"state": "absent", "entry": null, "verbatim": null, "ccr_cite": null, "booklet_page": null, "wildlife_area_type": null, "restrictions": [], "absence_sentence": "CDFW's lands booklet does not list a hunting rule for this property.", "name_note": null}}}, {"type": "Feature", "geometry": {"type": "Polygon", "coordinates": [[[-122.26238, 37.57321], [-122.25331, 37.58169], [-122.25318, 37.58161], [-122.26238, 37.57321]]]}, "properties": {"id": "176", "name": "San Mateo Fishing Pier", "kind": "public_land", "land_type": "Public Access", "access_verbatim": "Open", "link": null, "cdfw_region": 3, "hunting": {"state": "absent", "entry": null, "verbatim": null, "ccr_cite": null, "booklet_page": null, "wildlife_area_type": null, "restrictions": [], "absence_sentence": "CDFW's lands booklet does not list a hunting rule for this property.", "name_note": null}}}, {"type": "Feature", "geometry": {"type": "Polygon", "coordinates": [[[-118.10614, 33.73985], [-118.10909, 33.73533], [-118.10935, 33.73546], [-118.10614, 33.73985]]]}, "properties": {"id": "177", "name": "Seal Beach Fishing Pier", "kind": "public_land", "land_type": "Public Access", "access_verbatim": "Open", "link": null, "cdfw_region": 5, "hunting": {"state": "absent", "entry": null, "verbatim": null, "ccr_cite": null, "booklet_page": null, "wildlife_area_type": null, "restrictions": [], "absence_sentence": "CDFW's lands booklet does not list a hunting rule for this property.", "name_note": null}}}, {"type": "Feature", "geometry": {"type": "MultiPolygon", "coordinates": [[[[-122.49469, 37.63132], [-122.49433, 37.62996], [-122.49447, 37.62996], [-122.49469, 37.63132]]], [[[-122.49469, 37.6324], [-122.49417, 37.63214], [-122.49469, 37.63214], [-122.49469, 37.6324]]], [[[-122.49469, 37.63269], [-122.49428, 37.63244], [-122.49469, 37.63244], [-122.49469, 37.63269]]], [[[-122.49469, 37.632], [-122.49402, 37.63173], [-122.49469, 37.63162], [-122.49469, 37.632]]], [[[-122.49469, 37.63158], [-122.49433, 37.63136], [-122.49469, 37.63136], [-122.49469, 37.63158]]], [[[-122.49809, 37.63383], [-122.49465, 37.63344], [-122.49436, 37.63348], [-122.49437, 37.63329], [-122.49818, 37.63339], [-122.49809, 37.63383]]]]}, "properties": {"id": "178", "name": "Sharp Park", "kind": "public_land", "land_type": "Public Access", "access_verbatim": "Open", "link": null, "cdfw_region": 3, "hunting": {"state": "absent", "entry": null, "verbatim": null, "ccr_cite": null, "booklet_page": null, "wildlife_area_type": null, "restrictions": [], "absence_sentence": "CDFW's lands booklet does not list a hunting rule for this property.", "name_note": null}}}, {"type": "Feature", "geometry": {"type": "Polygon", "coordinates": [[[-122.43278, 41.43998], [-122.43155, 41.43924], [-122.43111, 41.43837], [-122.43278, 41.43998]]]}, "properties": {"id": "179", "name": "Shasta River Fishing Access", "kind": "public_land", "land_type": "Public Access", "access_verbatim": "Open", "link": null, "cdfw_region": 1, "hunting": {"state": "absent", "entry": null, "verbatim": null, "ccr_cite": null, "booklet_page": null, "wildlife_area_type": null, "restrictions": [], "absence_sentence": "CDFW's lands booklet does not list a hunting rule for this property.", "name_note": null}}}, {"type": "Feature", "geometry": {"type": "Polygon", "coordinates": [[[-124.14669, 41.88994], [-124.14805, 41.88993], [-124.14889, 41.89085], [-124.14733, 41.89086], [-124.14669, 41.88994]], [[-124.14794, 41.89011], [-124.14753, 41.89034], [-124.14793, 41.89034], [-124.14794, 41.89011]]]}, "properties": {"id": "180", "name": "Smith River Fishing Access", "kind": "public_land", "land_type": "Public Access", "access_verbatim": "Open", "link": null, "cdfw_region": 1, "hunting": {"state": "absent", "entry": null, "verbatim": null, "ccr_cite": null, "booklet_page": null, "wildlife_area_type": null, "restrictions": [], "absence_sentence": "CDFW's lands booklet does not list a hunting rule for this property.", "name_note": null}}}, {"type": "Feature", "geometry": {"type": "MultiPolygon", "coordinates": [[[[-123.76955, 40.19458], [-123.76958, 40.18941], [-123.77457, 40.18349], [-123.77077, 40.19064], [-123.77139, 40.19456], [-123.76955, 40.19458]]], [[[-123.77395, 40.18292], [-123.77548, 40.18232], [-123.77478, 40.1829], [-123.77395, 40.18292]]], [[[-123.78141, 40.17926], [-123.78184, 40.17945], [-123.78118, 40.17956], [-123.78141, 40.17926]]], [[[-123.78213, 40.17475], [-123.78218, 40.17057], [-123.78243, 40.17057], [-123.78294, 40.17239], [-123.78213, 40.17475]]]]}, "properties": {"id": "181", "name": "South Fork Eel River Fishing Access", "kind": "public_land", "land_type": "Public Access", "access_verbatim": "Open", "link": null, "cdfw_region": 1, "hunting": {"state": "absent", "entry": null, "verbatim": null, "ccr_cite": null, "booklet_page": null, "wildlife_area_type": null, "restrictions": [], "absence_sentence": "CDFW's lands booklet does not list a hunting rule for this property.", "name_note": null}}}, {"type": "Feature", "geometry": {"type": "Polygon", "coordinates": [[[-123.77311, 39.57242], [-123.77188, 39.57068], [-123.77263, 39.57039], [-123.77311, 39.57242]]]}, "properties": {"id": "182", "name": "South Kibesillah Gulch Fishing Access", "kind": "public_land", "land_type": "Public Access", "access_verbatim": "Open", "link": null, "cdfw_region": 1, "hunting": {"state": "absent", "entry": null, "verbatim": null, "ccr_cite": null, "booklet_page": null, "wildlife_area_type": null, "restrictions": [], "absence_sentence": "CDFW's lands booklet does not list a hunting rule for this property.", "name_note": null}}}, {"type": "Feature", "geometry": {"type": "Polygon", "coordinates": [[[-121.58391, 39.01248], [-121.58096, 39.01065], [-121.58169, 39.00939], [-121.58408, 39.01004], [-121.58391, 39.01248]]]}, "properties": {"id": "183", "name": "Starbend Fishing Access", "kind": "public_land", "land_type": "Public Access", "access_verbatim": "Open", "link": null, "cdfw_region": 2, "hunting": {"state": "absent", "entry": null, "verbatim": null, "ccr_cite": null, "booklet_page": null, "wildlife_area_type": null, "restrictions": [], "absence_sentence": "CDFW's lands booklet does not list a hunting rule for this property.", "name_note": null}}}, {"type": "Feature", "geometry": {"type": "Polygon", "coordinates": [[[-122.89925, 38.49566], [-122.90423, 38.49987], [-122.90586, 38.50218], [-122.89942, 38.5002], [-122.89925, 38.49566]], [[-122.90197, 38.49946], [-122.90232, 38.50069], [-122.90316, 38.5005], [-122.90197, 38.49946]]]}, "properties": {"id": "184", "name": "Steelhead Beach Fishing Access", "kind": "public_land", "land_type": "Public Access", "access_verbatim": "Open", "link": null, "cdfw_region": 3, "hunting": {"state": "absent", "entry": null, "verbatim": null, "ccr_cite": null, "booklet_page": null, "wildlife_area_type": null, "restrictions": [], "absence_sentence": "CDFW's lands booklet does not list a hunting rule for this property.", "name_note": null}}}, {"type": "Feature", "geometry": {"type": "MultiPolygon", "coordinates": [[[[-122.03733, 38.23268], [-122.03737, 38.23276], [-122.03725, 38.23266], [-122.03733, 38.23268]]], [[[-122.03768, 38.23363], [-122.03862, 38.2325], [-122.03894, 38.23331], [-122.03768, 38.23363]]]]}, "properties": {"id": "185", "name": "Suisun Marsh Public Access", "kind": "public_land", "land_type": "Public Access", "access_verbatim": "Open", "link": null, "cdfw_region": 3, "hunting": {"state": "absent", "entry": null, "verbatim": null, "ccr_cite": null, "booklet_page": null, "wildlife_area_type": null, "restrictions": [], "absence_sentence": "CDFW's lands booklet does not list a hunting rule for this property.", "name_note": null}}}, {"type": "Feature", "geometry": {"type": "MultiPolygon", "coordinates": [[[[-122.27953, 41.22587], [-122.27951, 41.22577], [-122.27957, 41.22577], [-122.27953, 41.22587]]], [[[-122.28, 41.2264], [-122.28029, 41.22755], [-122.27876, 41.22756], [-122.28, 41.2264]]], [[[-122.27691, 41.22758], [-122.27923, 41.22577], [-122.27781, 41.2288], [-122.27691, 41.22758]]], [[[-122.27632, 41.22156], [-122.27913, 41.22211], [-122.2797, 41.2242], [-122.27632, 41.22156]]]]}, "properties": {"id": "186", "name": "Tauhindauli Public Access", "kind": "public_land", "land_type": "Public Access", "access_verbatim": "Open", "link": null, "cdfw_region": 1, "hunting": {"state": "absent", "entry": null, "verbatim": null, "ccr_cite": null, "booklet_page": null, "wildlife_area_type": null, "restrictions": [], "absence_sentence": "CDFW's lands booklet does not list a hunting rule for this property.", "name_note": null}}}, {"type": "Feature", "geometry": {"type": "Polygon", "coordinates": [[[-122.82658, 38.09231], [-122.82254, 38.09036], [-122.82088, 38.09134], [-122.81953, 38.09154], [-122.82144, 38.08913], [-122.82729, 38.09197], [-122.83076, 38.09497], [-122.84079, 38.10531], [-122.83935, 38.10889], [-122.84006, 38.10499], [-122.82923, 38.09708], [-122.82658, 38.09231]]]}, "properties": {"id": "187", "name": "Tomales Bay Fishing Access", "kind": "public_land", "land_type": "Public Access", "access_verbatim": "Open", "link": null, "cdfw_region": 3, "hunting": {"state": "absent", "entry": null, "verbatim": null, "ccr_cite": null, "booklet_page": null, "wildlife_area_type": null, "restrictions": [], "absence_sentence": "CDFW's lands booklet does not list a hunting rule for this property.", "name_note": null}}}, {"type": "Feature", "geometry": {"type": "MultiPolygon", "coordinates": [[[[-122.94245, 40.65232], [-122.93978, 40.65085], [-122.94316, 40.65185], [-122.94245, 40.65232]]], [[[-122.93984, 40.65218], [-122.94068, 40.65144], [-122.9417, 40.65215], [-122.93984, 40.65218]]]]}, "properties": {"id": "188", "name": "Trinity River Fishing Access", "kind": "public_land", "land_type": "Public Access", "access_verbatim": "Open", "link": null, "cdfw_region": 1, "hunting": {"state": "absent", "entry": null, "verbatim": null, "ccr_cite": null, "booklet_page": null, "wildlife_area_type": null, "restrictions": [], "absence_sentence": "CDFW's lands booklet does not list a hunting rule for this property.", "name_note": null}}}, {"type": "Feature", "geometry": {"type": "Polygon", "coordinates": [[[-120.5972, 37.87733], [-120.60009, 37.87728], [-120.59655, 37.88417], [-120.59793, 37.88735], [-120.59338, 37.88743], [-120.59286, 37.88197], [-120.5972, 37.87733]]]}, "properties": {"id": "189", "name": "Tulloch Reservoir Public Access", "kind": "public_land", "land_type": "Public Access", "access_verbatim": "Open", "link": null, "cdfw_region": 4, "hunting": {"state": "absent", "entry": null, "verbatim": null, "ccr_cite": null, "booklet_page": null, "wildlife_area_type": null, "restrictions": [], "absence_sentence": "CDFW's lands booklet does not list a hunting rule for this property.", "name_note": null}}}, {"type": "Feature", "geometry": {"type": "Polygon", "coordinates": [[[-122.38289, 40.59032], [-122.38379, 40.59116], [-122.38103, 40.59096], [-122.38289, 40.59032]]]}, "properties": {"id": "190", "name": "Turtle Bay Boat Ramp", "kind": "public_land", "land_type": "Public Access", "access_verbatim": "Open", "link": null, "cdfw_region": 1, "hunting": {"state": "absent", "entry": null, "verbatim": null, "ccr_cite": null, "booklet_page": null, "wildlife_area_type": null, "restrictions": [], "absence_sentence": "CDFW's lands booklet does not list a hunting rule for this property.", "name_note": null}}}, {"type": "Feature", "geometry": {"type": "Polygon", "coordinates": [[[-122.27571, 38.12104], [-122.27608, 38.12156], [-122.27578, 38.12179], [-122.27571, 38.12104]]]}, "properties": {"id": "191", "name": "Vallejo Fishing Pier", "kind": "public_land", "land_type": "Public Access", "access_verbatim": "Open", "link": null, "cdfw_region": 3, "hunting": {"state": "absent", "entry": null, "verbatim": null, "ccr_cite": null, "booklet_page": null, "wildlife_area_type": null, "restrictions": [], "absence_sentence": "CDFW's lands booklet does not list a hunting rule for this property.", "name_note": null}}}, {"type": "Feature", "geometry": {"type": "Polygon", "coordinates": [[[-122.81957, 38.06276], [-122.81589, 38.06288], [-122.81271, 38.06301], [-122.81761, 38.06159], [-122.81957, 38.06276]]]}, "properties": {"id": "192", "name": "White House Pool Public Access", "kind": "public_land", "land_type": "Public Access", "access_verbatim": "Open", "link": null, "cdfw_region": 3, "hunting": {"state": "absent", "entry": null, "verbatim": null, "ccr_cite": null, "booklet_page": null, "wildlife_area_type": null, "restrictions": [], "absence_sentence": "CDFW's lands booklet does not list a hunting rule for this property.", "name_note": null}}}, {"type": "Feature", "geometry": {"type": "Polygon", "coordinates": [[[-122.09115, 39.90963], [-122.09089, 39.90925], [-122.09137, 39.90948], [-122.09115, 39.90963]]]}, "properties": {"id": "193", "name": "Woodson Bridge - Vina Fishing Access", "kind": "public_land", "land_type": "Public Access", "access_verbatim": "Open", "link": null, "cdfw_region": 1, "hunting": {"state": "absent", "entry": null, "verbatim": null, "ccr_cite": null, "booklet_page": null, "wildlife_area_type": null, "restrictions": [], "absence_sentence": "CDFW's lands booklet does not list a hunting rule for this property.", "name_note": null}}}, {"type": "Feature", "geometry": {"type": "MultiPolygon", "coordinates": [[[[-120.27809, 39.63604], [-120.26886, 39.63605], [-120.26886, 39.63945], [-120.27391, 39.6395], [-120.27356, 39.65393], [-120.26401, 39.65388], [-120.26397, 39.65749], [-120.24527, 39.65745], [-120.24527, 39.65033], [-120.25953, 39.65024], [-120.2595, 39.63598], [-120.24089, 39.63595], [-120.24096, 39.62176], [-120.2701, 39.62167], [-120.26891, 39.60767], [-120.28313, 39.60726], [-120.28334, 39.61092], [-120.2739, 39.61114], [-120.27415, 39.61467], [-120.27885, 39.61463], [-120.2783, 39.62874], [-120.28279, 39.62881], [-120.283, 39.62164], [-120.30763, 39.6217], [-120.30693, 39.60725], [-120.31159, 39.60728], [-120.31172, 39.6108], [-120.31648, 39.61086], [-120.31565, 39.6288], [-120.30161, 39.62876], [-120.30149, 39.63245], [-120.31097, 39.63247], [-120.31089, 39.63949], [-120.31571, 39.6395], [-120.31546, 39.64689], [-120.31076, 39.64682], [-120.31079, 39.65039], [-120.30613, 39.65038], [-120.30616, 39.64681], [-120.30143, 39.6468], [-120.30141, 39.63956], [-120.29234, 39.63951], [-120.29224, 39.64327], [-120.28748, 39.64328], [-120.28759, 39.64696], [-120.29671, 39.64686], [-120.29681, 39.65392], [-120.28746, 39.654], [-120.28754, 39.65043], [-120.27823, 39.65042], [-120.27809, 39.63604]]], [[[-120.28281, 39.63246], [-120.28273, 39.63599], [-120.29227, 39.63601], [-120.29225, 39.63248], [-120.28281, 39.63246]]], [[[-120.23257, 39.63617], [-120.2409, 39.63622], [-120.24057, 39.64369], [-120.23144, 39.64329], [-120.23257, 39.63617]]], [[[-120.34797, 39.67145], [-120.34354, 39.67155], [-120.33745, 39.67933], [-120.32941, 39.67937], [-120.32939, 39.66489], [-120.33404, 39.66492], [-120.33409, 39.66136], [-120.3389, 39.66136], [-120.33896, 39.65772], [-120.34357, 39.65776], [-120.34362, 39.65414], [-120.3529, 39.65418], [-120.35295, 39.66149], [-120.35081, 39.66325], [-120.35373, 39.66526], [-120.34797, 39.67145]]], [[[-120.33426, 39.63595], [-120.33435, 39.63233], [-120.33911, 39.63231], [-120.33911, 39.63599], [-120.33426, 39.63595]]]]}, "properties": {"id": "194", "name": "Antelope Valley Wildlife Area", "kind": "public_land", "land_type": "Wildlife Area", "access_verbatim": "Open; Refer to regulations or contact CDFW regional or area office prior to visit.", "link": "http://www.wildlife.ca.gov/Lands/Places-to-Visit/Antelope-Valley-WA", "cdfw_region": 2, "hunting": {"state": "type_classified", "entry": 1, "verbatim": "(3) \u201cType C\u201d wildlife areas are defined as wildlife areas that, except as provided in subsections 551(q) and 551(t), are open daily for hunting all legal species and do not require the purchase of a hunting pass for entry.", "ccr_cite": "14 CCR \u00a7 551(e)", "booklet_page": 74, "wildlife_area_type": "C", "restrictions": [{"entry": 1, "label": "Closure or restriction", "verbatim": "Closed to hunting from February 1 through June 30.", "ccr_cite": "14 CCR \u00a7 551", "booklet_table": "Closures and Restrictions on Wildlife Areas", "booklet_page": 82}], "absence_sentence": null, "name_note": null}}}, {"type": "Feature", "geometry": {"type": "MultiPolygon", "coordinates": [[[[-121.1196, 41.15371], [-121.11474, 41.15369], [-121.11467, 41.14645], [-121.12415, 41.14633], [-121.12416, 41.14268], [-121.12895, 41.14257], [-121.12901, 41.15698], [-121.1337, 41.15704], [-121.13368, 41.16824], [-121.13632, 41.17544], [-121.13365, 41.17538], [-121.13371, 41.17905], [-121.12895, 41.17915], [-121.12896, 41.18271], [-121.11939, 41.18269], [-121.11941, 41.18643], [-121.1097, 41.18634], [-121.1098, 41.20093], [-121.096, 41.20096], [-121.09609, 41.20456], [-121.10468, 41.20455], [-121.1048, 41.20823], [-121.10088, 41.20828], [-121.10076, 41.21188], [-121.05765, 41.21191], [-121.05771, 41.20836], [-121.06727, 41.20834], [-121.06728, 41.20456], [-121.05772, 41.20457], [-121.05774, 41.20106], [-121.05266, 41.20097], [-121.05266, 41.20451], [-121.048, 41.20455], [-121.04795, 41.20828], [-121.03365, 41.20842], [-121.03349, 41.20475], [-121.01435, 41.2049], [-121.01427, 41.20843], [-120.98748, 41.20833], [-120.98115, 41.2048], [-120.98114, 41.1976], [-120.97143, 41.19776], [-120.97143, 41.19513], [-120.95936, 41.19434], [-120.95549, 41.19621], [-120.95258, 41.19471], [-120.95244, 41.19015], [-121.00468, 41.19004], [-121.00456, 41.18617], [-121.00937, 41.18618], [-121.00923, 41.18266], [-121.03329, 41.18276], [-121.03349, 41.17913], [-121.04298, 41.17913], [-121.04301, 41.17554], [-121.03811, 41.17554], [-121.03807, 41.16473], [-121.04757, 41.16469], [-121.04754, 41.15382], [-121.05238, 41.15387], [-121.05238, 41.14673], [-121.10496, 41.1466], [-121.10509, 41.15354], [-121.1097, 41.15365], [-121.1097, 41.15813], [-121.11961, 41.15821], [-121.1196, 41.15371]]], [[[-121.01894, 41.18095], [-121.01895, 41.17915], [-121.02388, 41.1791], [-121.02221, 41.18105], [-121.01894, 41.18095]]]]}, "properties": {"id": "195", "name": "Ash Creek Wildlife Area", "kind": "public_land", "land_type": "Wildlife Area", "access_verbatim": "Open; Refer to regulations or contact CDFW regional or area office prior to visit.", "link": "http://www.wildlife.ca.gov/Lands/Places-to-Visit/Ash-Creek-WA", "cdfw_region": 1, "hunting": {"state": "type_classified", "entry": 2, "verbatim": "(2) \u201cType B\u201d wildlife areas are defined as wildlife areas which have restricted hunter access during waterfowl season and require a Type A or Type B season hunting pass to be purchased in advance and presented for an entry permit at the wildlife area, per subsection 550.5(c) and Section 702 of these regulations. Reservations are required for opening weekend per subsection 550.5(a) of these regulations. Species open for hunting include waterfowl, coots, moorhens, snipe, pheasant, and dove, unless otherwise specified in subsection 551(s). Except as provided in subsection 551(p), shoot days are Saturdays, Sundays, and Wednesdays during waterfowl season and daily during the September dove season only. All Type B wildlife areas are closed to hunting on Christmas Day, except as provided in subsection 551(o).", "ccr_cite": "14 CCR \u00a7 551(e)", "booklet_page": 74, "wildlife_area_type": "B", "restrictions": [{"entry": 2, "label": "Closure or restriction", "verbatim": "Closed to all public uses from September 16 until the opening of waterfowl season, except for access to angling from Bassett Road through September 30. During the waterfowl and pheasant hunt seasons, the wildlife area is closed to all public use with the exception of Saturdays, Sundays, and Wednesdays for hunting only.", "ccr_cite": "14 CCR \u00a7 551", "booklet_table": "Closures and Restrictions on Wildlife Areas", "booklet_page": 82}, {"entry": 1, "label": "Additional hunter opportunity", "verbatim": "Species: Pronghorn antelope; Hunt Requirements: Allowed only with an Apprentice Zone 5 - Big Valley tag available through the big game drawing.", "ccr_cite": "14 CCR \u00a7 551", "booklet_table": "Additional Hunter Opportunities on Type A and Type B Wildlife Areas", "booklet_page": 91}], "absence_sentence": null, "name_note": null}}}, {"type": "Feature", "geometry": {"type": "MultiPolygon", "coordinates": [[[[-120.56868, 40.33677], [-120.56862, 40.33618], [-120.56917, 40.33622], [-120.56868, 40.33677]]], [[[-120.56397, 40.34104], [-120.56957, 40.33618], [-120.57566, 40.33623], [-120.57784, 40.33751], [-120.5778, 40.34685], [-120.58716, 40.34688], [-120.58708, 40.3506], [-120.59656, 40.3507], [-120.59661, 40.35415], [-120.60012, 40.35417], [-120.59668, 40.36504], [-120.57867, 40.365], [-120.57927, 40.36324], [-120.57231, 40.35807], [-120.56426, 40.35777], [-120.55926, 40.35164], [-120.5592, 40.34633], [-120.562, 40.34033], [-120.56397, 40.34104]]], [[[-120.55926, 40.353], [-120.56402, 40.36141], [-120.5498, 40.36156], [-120.54977, 40.35794], [-120.55927, 40.35783], [-120.55926, 40.353]]], [[[-120.48326, 40.32163], [-120.4973, 40.32167], [-120.49733, 40.32902], [-120.50212, 40.32901], [-120.50218, 40.33264], [-120.50681, 40.33262], [-120.5068, 40.32899], [-120.53059, 40.3289], [-120.53052, 40.32553], [-120.53455, 40.32548], [-120.53528, 40.32906], [-120.54229, 40.3289], [-120.54205, 40.33066], [-120.54465, 40.33072], [-120.54463, 40.32914], [-120.5497, 40.33408], [-120.55908, 40.33605], [-120.56048, 40.34235], [-120.55836, 40.34694], [-120.55442, 40.34699], [-120.55448, 40.35062], [-120.54971, 40.35067], [-120.5498, 40.36156], [-120.54034, 40.36156], [-120.54034, 40.35429], [-120.53346, 40.35428], [-120.53466, 40.35211], [-120.52383, 40.35203], [-120.52424, 40.3506], [-120.5116, 40.34885], [-120.51155, 40.34697], [-120.4932, 40.34685], [-120.49315, 40.34335], [-120.48838, 40.3416], [-120.48833, 40.33794], [-120.48226, 40.33629], [-120.48326, 40.32163]]]]}, "properties": {"id": "196", "name": "Bass Hill Wildlife Area", "kind": "public_land", "land_type": "Wildlife Area", "access_verbatim": "Open; Refer to regulations or contact CDFW regional or area office prior to visit.", "link": "http://www.wildlife.ca.gov/Lands/Places-to-Visit/Bass-Hill-WA", "cdfw_region": 1, "hunting": {"state": "type_classified", "entry": 3, "verbatim": "(3) \u201cType C\u201d wildlife areas are defined as wildlife areas that, except as provided in subsections 551(q) and 551(t), are open daily for hunting all legal species and do not require the purchase of a hunting pass for entry.", "ccr_cite": "14 CCR \u00a7 551(e)", "booklet_page": 74, "wildlife_area_type": "C", "restrictions": [{"entry": 2, "label": "Firearm restriction", "verbatim": "Only shotguns, archery equipment, or muzzle loaders may be used on the Egan Management Unit.", "ccr_cite": "14 CCR \u00a7 551", "booklet_table": "Wildlife Areas with Firearm Restrictions", "booklet_page": 89}], "absence_sentence": null, "name_note": null}}}, {"type": "Feature", "geometry": {"type": "MultiPolygon", "coordinates": [[[[-122.16988, 40.37696], [-122.17709, 40.38205], [-122.17762, 40.38571], [-122.1863, 40.38465], [-122.18819, 40.38729], [-122.18336, 40.39219], [-122.1698, 40.39314], [-122.16982, 40.39835], [-122.16319, 40.39775], [-122.15633, 40.39865], [-122.14975, 40.4014], [-122.15, 40.39821], [-122.16044, 40.39704], [-122.16077, 40.38974], [-122.16982, 40.38981], [-122.16988, 40.37696]]], [[[-122.17387, 40.38608], [-122.17317, 40.38581], [-122.17316, 40.38604], [-122.17387, 40.38608]]], [[[-122.1641, 40.40054], [-122.16981, 40.39852], [-122.1698, 40.40057], [-122.1641, 40.40054]]]]}, "properties": {"id": "197", "name": "Battle Creek Wildlife Area", "kind": "public_land", "land_type": "Wildlife Area", "access_verbatim": "Open; Refer to regulations or contact CDFW regional or area office prior to visit.", "link": "http://www.wildlife.ca.gov/Lands/Places-to-Visit/Battle-Creek-WA", "cdfw_region": 1, "hunting": {"state": "type_classified", "entry": 4, "verbatim": "(3) \u201cType C\u201d wildlife areas are defined as wildlife areas that, except as provided in subsections 551(q) and 551(t), are open daily for hunting all legal species and do not require the purchase of a hunting pass for entry.", "ccr_cite": "14 CCR \u00a7 551(e)", "booklet_page": 74, "wildlife_area_type": "C", "restrictions": [{"entry": 4, "label": "Closure or restriction", "verbatim": "No hunting or possession of firearms or archery equipment. Dog training and trials are prohibited.", "ccr_cite": "14 CCR \u00a7 551", "booklet_table": "Closures and Restrictions on Wildlife Areas", "booklet_page": 82}, {"entry": 3, "label": "Firearm restriction", "verbatim": "All firearms and archery equipment are prohibited.", "ccr_cite": "14 CCR \u00a7 551", "booklet_table": "Wildlife Areas with Firearm Restrictions", "booklet_page": 89}], "absence_sentence": null, "name_note": null}}}, {"type": "Feature", "geometry": {"type": "Polygon", "coordinates": [[[-124.10995, 41.19707], [-124.10819, 41.1805], [-124.10431, 41.17574], [-124.10363, 41.16751], [-124.10695, 41.16551], [-124.10446, 41.158], [-124.11791, 41.16113], [-124.11968, 41.16515], [-124.1249, 41.16721], [-124.13133, 41.16503], [-124.11462, 41.20254], [-124.11283, 41.20256], [-124.10995, 41.19707]]]}, "properties": {"id": "198", "name": "Big Lagoon Wildlife Area", "kind": "public_land", "land_type": "Wildlife Area", "access_verbatim": "Open; Refer to regulations or contact CDFW regional or area office prior to visit.", "link": "http://www.wildlife.ca.gov/Lands/Places-to-Visit/Big-Lagoon-WA", "cdfw_region": 1, "hunting": {"state": "type_classified", "entry": 5, "verbatim": "(3) \u201cType C\u201d wildlife areas are defined as wildlife areas that, except as provided in subsections 551(q) and 551(t), are open daily for hunting all legal species and do not require the purchase of a hunting pass for entry.", "ccr_cite": "14 CCR \u00a7 551(e)", "booklet_page": 74, "wildlife_area_type": "C", "restrictions": [], "absence_sentence": null, "name_note": null}}}, {"type": "Feature", "geometry": {"type": "MultiPolygon", "coordinates": [[[[-120.72718, 35.7914], [-120.73368, 35.79332], [-120.72724, 35.79852], [-120.71817, 35.79851], [-120.72019, 35.79108], [-120.7251, 35.78757], [-120.72019, 35.79108], [-120.7192, 35.79224], [-120.71783, 35.79851], [-120.71565, 35.79851], [-120.71828, 35.79074], [-120.71198, 35.78791], [-120.71212, 35.77594], [-120.72459, 35.78288], [-120.73086, 35.79114], [-120.72718, 35.7914]]], [[[-120.79871, 35.86054], [-120.79881, 35.85014], [-120.80321, 35.85016], [-120.8031, 35.86046], [-120.79871, 35.86054]]]]}, "properties": {"id": "199", "name": "Big Sandy Wildlife Area", "kind": "public_land", "land_type": "Wildlife Area", "access_verbatim": "Open; Refer to regulations or contact CDFW regional or area office prior to visit.", "link": "http://www.wildlife.ca.gov/Lands/Places-to-Visit/Big-Sandy-WA", "cdfw_region": 4, "hunting": {"state": "type_classified", "entry": 6, "verbatim": "(3) \u201cType C\u201d wildlife areas are defined as wildlife areas that, except as provided in subsections 551(q) and 551(t), are open daily for hunting all legal species and do not require the purchase of a hunting pass for entry.", "ccr_cite": "14 CCR \u00a7 551(e)", "booklet_page": 74, "wildlife_area_type": "C", "restrictions": [{"entry": 4, "label": "Firearm restriction", "verbatim": "Rifles and pistols are prohibited.", "ccr_cite": "14 CCR \u00a7 551", "booklet_table": "Wildlife Areas with Firearm Restrictions", "booklet_page": 89}], "absence_sentence": null, "name_note": null}}}, {"type": "Feature", "geometry": {"type": "MultiPolygon", "coordinates": [[[[-120.31483, 40.54859], [-120.31086, 40.534], [-120.3235, 40.53402], [-120.32347, 40.53764], [-120.32823, 40.53766], [-120.32826, 40.54471], [-120.32351, 40.54499], [-120.32132, 40.54861], [-120.31483, 40.54859]]], [[[-120.32711, 40.54501], [-120.32826, 40.54488], [-120.32826, 40.54501], [-120.32711, 40.54501]]], [[[-120.32334, 40.54643], [-120.32354, 40.54862], [-120.3216, 40.54861], [-120.32213, 40.54757], [-120.32334, 40.54643]]], [[[-120.30922, 40.54131], [-120.31031, 40.534], [-120.31231, 40.54135], [-120.30922, 40.54131]]], [[[-120.24254, 40.54136], [-120.2425, 40.53404], [-120.24725, 40.53404], [-120.24729, 40.54136], [-120.24254, 40.54136]]]]}, "properties": {"id": "200", "name": "Biscar Wildlife Area", "kind": "public_land", "land_type": "Wildlife Area", "access_verbatim": "Open; Refer to regulations or contact CDFW regional or area office prior to visit.", "link": "http://www.wildlife.ca.gov/Lands/Places-to-Visit/Biscar-WA", "cdfw_region": 1, "hunting": {"state": "type_classified", "entry": 7, "verbatim": "(3) \u201cType C\u201d wildlife areas are defined as wildlife areas that, except as provided in subsections 551(q) and 551(t), are open daily for hunting all legal species and do not require the purchase of a hunting pass for entry.", "ccr_cite": "14 CCR \u00a7 551(e)", "booklet_page": 74, "wildlife_area_type": "C", "restrictions": [], "absence_sentence": null, "name_note": null}}}, {"type": "Feature", "geometry": {"type": "MultiPolygon", "coordinates": [[[[-119.42007, 38.32027], [-119.42922, 38.32036], [-119.42919, 38.31703], [-119.43376, 38.31709], [-119.43376, 38.32043], [-119.4384, 38.3204], [-119.43864, 38.33091], [-119.43407, 38.33098], [-119.4341, 38.33449], [-119.42959, 38.33456], [-119.42965, 38.33803], [-119.42498, 38.33802], [-119.42485, 38.32729], [-119.43401, 38.32741], [-119.43403, 38.32381], [-119.42005, 38.3235], [-119.42007, 38.32027]]], [[[-119.42007, 38.32027], [-119.41547, 38.32023], [-119.41541, 38.31697], [-119.42001, 38.31701], [-119.42007, 38.32027]]], [[[-119.42005, 38.3235], [-119.42015, 38.32706], [-119.41553, 38.32698], [-119.41553, 38.32341], [-119.42005, 38.3235]]], [[[-119.43414, 38.34154], [-119.43412, 38.33801], [-119.43858, 38.33795], [-119.43856, 38.34153], [-119.43414, 38.34154]]], [[[-119.42979, 38.34504], [-119.42973, 38.34156], [-119.43414, 38.34154], [-119.43416, 38.34508], [-119.42979, 38.34504]]], [[[-119.40677, 38.35287], [-119.41592, 38.35211], [-119.41595, 38.35439], [-119.40677, 38.35287]]], [[[-119.40679, 38.35411], [-119.41595, 38.35481], [-119.41597, 38.35572], [-119.40683, 38.35578], [-119.40679, 38.35411]]], [[[-119.40385, 38.41226], [-119.41353, 38.4125], [-119.41375, 38.41613], [-119.39438, 38.41565], [-119.39438, 38.40862], [-119.40396, 38.40871], [-119.40385, 38.41226]]], [[[-119.42569, 38.38776], [-119.42562, 38.38428], [-119.43022, 38.38425], [-119.43009, 38.37713], [-119.42548, 38.37721], [-119.42542, 38.37362], [-119.4345, 38.37351], [-119.4349, 38.38776], [-119.42569, 38.38776]]], [[[-119.41598, 38.35573], [-119.42057, 38.35563], [-119.42076, 38.37011], [-119.41619, 38.37019], [-119.41598, 38.35573]]], [[[-119.45052, 38.45529], [-119.45055, 38.45184], [-119.45465, 38.45172], [-119.45453, 38.45517], [-119.45052, 38.45529]]]]}, "properties": {"id": "201", "name": "Burcham & Wheeler Flats Wildlife Area", "kind": "public_land", "land_type": "Wildlife Area", "access_verbatim": "Open; Refer to regulations or contact CDFW regional or area office prior to visit.", "link": "http://www.wildlife.ca.gov/Lands/Places-to-Visit/Burcham-and-Wheeler-Flats-WA", "cdfw_region": 6, "hunting": {"state": "type_classified", "entry": 8, "verbatim": "(3) \u201cType C\u201d wildlife areas are defined as wildlife areas that, except as provided in subsections 551(q) and 551(t), are open daily for hunting all legal species and do not require the purchase of a hunting pass for entry.", "ccr_cite": "14 CCR \u00a7 551(e)", "booklet_page": 74, "wildlife_area_type": "C", "restrictions": [], "absence_sentence": null, "name_note": null}}}, {"type": "Feature", "geometry": {"type": "Polygon", "coordinates": [[[-122.07338, 41.82616], [-122.08306, 41.8263], [-122.08302, 41.82999], [-122.09271, 41.83001], [-122.09266, 41.83367], [-122.11218, 41.8337], [-122.11207, 41.83734], [-122.11692, 41.83729], [-122.117, 41.84095], [-122.12211, 41.84084], [-122.1222, 41.84443], [-122.12717, 41.84438], [-122.12719, 41.84794], [-122.13203, 41.84794], [-122.13203, 41.85161], [-122.15114, 41.85169], [-122.15107, 41.8553], [-122.14615, 41.85537], [-122.14597, 41.86271], [-122.14103, 41.86291], [-122.14099, 41.8665], [-122.12195, 41.8665], [-122.12179, 41.87365], [-122.11237, 41.87367], [-122.11217, 41.88823], [-122.10259, 41.88799], [-122.10251, 41.8916], [-122.11211, 41.89184], [-122.11205, 41.89547], [-122.05377, 41.8945], [-122.02491, 41.87294], [-122.02491, 41.85128], [-122.03465, 41.85129], [-122.03474, 41.83318], [-122.04915, 41.83332], [-122.04917, 41.82967], [-122.06369, 41.82961], [-122.06372, 41.8225], [-122.07338, 41.82253], [-122.07338, 41.82616]]]}, "properties": {"id": "202", "name": "Butte Valley Wildlife Area", "kind": "public_land", "land_type": "Wildlife Area", "access_verbatim": "Open; Refer to regulations or contact CDFW regional or area office prior to visit.", "link": "http://www.wildlife.ca.gov/Lands/Places-to-Visit/Butte-Valley-WA", "cdfw_region": 1, "hunting": {"state": "type_classified", "entry": 9, "verbatim": "(2) \u201cType B\u201d wildlife areas are defined as wildlife areas which have restricted hunter access during waterfowl season and require a Type A or Type B season hunting pass to be purchased in advance and presented for an entry permit at the wildlife area, per subsection 550.5(c) and Section 702 of these regulations. Reservations are required for opening weekend per subsection 550.5(a) of these regulations. Species open for hunting include waterfowl, coots, moorhens, snipe, pheasant, and dove, unless otherwise specified in subsection 551(s). Except as provided in subsection 551(p), shoot days are Saturdays, Sundays, and Wednesdays during waterfowl season and daily during the September dove season only. All Type B wildlife areas are closed to hunting on Christmas Day, except as provided in subsection 551(o).", "ccr_cite": "14 CCR \u00a7 551(e)", "booklet_page": 74, "wildlife_area_type": "B", "restrictions": [{"entry": 5, "label": "Closure or restriction", "verbatim": "Closed to boating and water-related activity from March 1 through September 1.", "ccr_cite": "14 CCR \u00a7 551", "booklet_table": "Closures and Restrictions on Wildlife Areas", "booklet_page": 82}, {"entry": 1, "label": "Shooting restriction during waterfowl season", "verbatim": "Pheasant hunting is allowed only on Sundays during pheasant season. Dove may be taken daily during the September dove season, and only on waterfowl hunt days during the late dove season.", "ccr_cite": "14 CCR \u00a7 551", "booklet_table": "Wildlife Areas with Shooting Restrictions During Waterfowl Season", "booklet_page": 87}, {"entry": 2, "label": "Additional hunter opportunity", "verbatim": "Species: Pronghorn antelope; Hunt Requirements: Allowed only with an apprentice tag available through the big game drawing.", "ccr_cite": "14 CCR \u00a7 551", "booklet_table": "Additional Hunter Opportunities on Type A and Type B Wildlife Areas", "booklet_page": 91}], "absence_sentence": null, "name_note": null}}}, {"type": "Feature", "geometry": {"type": "Polygon", "coordinates": [[[-118.59681, 37.30394], [-118.60023, 37.30015], [-118.60477, 37.29843], [-118.61839, 37.29673], [-118.61839, 37.29854], [-118.61158, 37.29908], [-118.60937, 37.3016], [-118.6158, 37.30255], [-118.61647, 37.30579], [-118.60589, 37.30451], [-118.60587, 37.30893], [-118.59906, 37.31029], [-118.5968, 37.30778], [-118.59681, 37.30394]]]}, "properties": {"id": "203", "name": "Buttermilk Country Wildlife Area", "kind": "public_land", "land_type": "Wildlife Area", "access_verbatim": "Open; Refer to regulations or contact CDFW regional or area office prior to visit.", "link": "http://www.wildlife.ca.gov/Lands/Places-to-Visit/Buttermilk-Country-WA", "cdfw_region": 6, "hunting": {"state": "type_classified", "entry": 10, "verbatim": "(3) \u201cType C\u201d wildlife areas are defined as wildlife areas that, except as provided in subsections 551(q) and 551(t), are open daily for hunting all legal species and do not require the purchase of a hunting pass for entry.", "ccr_cite": "14 CCR \u00a7 551(e)", "booklet_page": 74, "wildlife_area_type": "C", "restrictions": [], "absence_sentence": null, "name_note": null}}}, {"type": "Feature", "geometry": {"type": "MultiPolygon", "coordinates": [[[[-122.53949, 38.96442], [-122.54419, 38.96445], [-122.54405, 38.97158], [-122.53949, 38.97165], [-122.53942, 38.97511], [-122.54412, 38.97521], [-122.54364, 38.99012], [-122.53937, 38.98853], [-122.52066, 38.99397], [-122.52093, 38.98609], [-122.52525, 38.9862], [-122.52526, 38.98275], [-122.52986, 38.98286], [-122.53003, 38.97904], [-122.52112, 38.979], [-122.521, 38.97174], [-122.50665, 38.9717], [-122.50659, 38.96517], [-122.51129, 38.96504], [-122.51141, 38.96795], [-122.5395, 38.96778], [-122.53949, 38.96442]]], [[[-122.41576, 38.99715], [-122.41449, 38.99445], [-122.42634, 38.99425], [-122.42715, 39.00459], [-122.43678, 39.00445], [-122.43677, 39.00826], [-122.44584, 39.00799], [-122.44591, 39.01006], [-122.42486, 39.00832], [-122.40959, 39.01119], [-122.41156, 39.00983], [-122.40907, 39.00663], [-122.41267, 39.00458], [-122.41189, 38.99823], [-122.41576, 38.99715]]], [[[-122.45519, 39.02101], [-122.45518, 39.0138], [-122.46429, 39.01363], [-122.46423, 39.02106], [-122.45519, 39.02101]]], [[[-122.46333, 38.97572], [-122.45886, 38.97568], [-122.45882, 38.96119], [-122.46389, 38.96133], [-122.46333, 38.97572]]], [[[-122.47834, 38.98019], [-122.47838, 38.97663], [-122.49394, 38.9762], [-122.49418, 38.98343], [-122.48871, 38.98359], [-122.48864, 38.97993], [-122.47834, 38.98019]]]]}, "properties": {"id": "204", "name": "Cache Creek Wildlife Area", "kind": "public_land", "land_type": "Wildlife Area", "access_verbatim": "Open; Refer to regulations or contact CDFW regional or area office prior to visit.", "link": "http://www.wildlife.ca.gov/Lands/Places-to-Visit/Cache-Creek-WA", "cdfw_region": 2, "hunting": {"state": "type_classified", "entry": 11, "verbatim": "(3) \u201cType C\u201d wildlife areas are defined as wildlife areas that, except as provided in subsections 551(q) and 551(t), are open daily for hunting all legal species and do not require the purchase of a hunting pass for entry.", "ccr_cite": "14 CCR \u00a7 551(e)", "booklet_page": 74, "wildlife_area_type": "C", "restrictions": [{"entry": 6, "label": "Closure or restriction", "verbatim": "The use of dogs for wild pig hunting is prohibited.", "ccr_cite": "14 CCR \u00a7 551", "booklet_table": "Closures and Restrictions on Wildlife Areas", "booklet_page": 83}], "absence_sentence": null, "name_note": null}}}, {"type": "Feature", "geometry": {"type": "Polygon", "coordinates": [[[-116.64482, 34.93113], [-116.63179, 34.93622], [-116.6317, 34.9417], [-116.61383, 34.94027], [-116.59483, 34.94643], [-116.59494, 34.9484], [-116.59083, 34.94989], [-116.59078, 34.94765], [-116.58444, 34.94949], [-116.58254, 34.94101], [-116.6044, 34.93312], [-116.60961, 34.93413], [-116.60964, 34.93156], [-116.61227, 34.93056], [-116.62734, 34.93072], [-116.62742, 34.92692], [-116.63431, 34.92789], [-116.63624, 34.92331], [-116.66205, 34.92335], [-116.66047, 34.93057], [-116.64476, 34.93339], [-116.64482, 34.93113]]]}, "properties": {"id": "205", "name": "Camp Cady Wildlife Area", "kind": "public_land", "land_type": "Wildlife Area", "access_verbatim": "Open; Refer to regulations or contact CDFW regional or area office prior to visit.", "link": "http://www.wildlife.ca.gov/Lands/Places-to-Visit/Camp-Cady-WA", "cdfw_region": 6, "hunting": {"state": "type_classified", "entry": 12, "verbatim": "(3) \u201cType C\u201d wildlife areas are defined as wildlife areas that, except as provided in subsections 551(q) and 551(t), are open daily for hunting all legal species and do not require the purchase of a hunting pass for entry.", "ccr_cite": "14 CCR \u00a7 551(e)", "booklet_page": 74, "wildlife_area_type": "C", "restrictions": [], "absence_sentence": null, "name_note": null}}}, {"type": "Feature", "geometry": {"type": "MultiPolygon", "coordinates": [[[[-122.32117, 41.26938], [-122.30258, 41.26932], [-122.3042, 41.26832], [-122.30383, 41.26695], [-122.29779, 41.26559], [-122.32123, 41.2667], [-122.32117, 41.26938]]], [[[-122.2976, 41.26927], [-122.29769, 41.26761], [-122.30004, 41.2693], [-122.2976, 41.26927]]], [[[-122.30088, 41.26893], [-122.29777, 41.26639], [-122.30357, 41.26791], [-122.30088, 41.26893]]]]}, "properties": {"id": "206", "name": "Cantara -- Ney Springs Wildlife Area", "kind": "public_land", "land_type": "Wildlife Area", "access_verbatim": "Open; Refer to regulations or contact CDFW regional or area office prior to visit.", "link": "http://www.wildlife.ca.gov/Lands/Places-to-Visit/Cantara-Ney-Springs-WA", "cdfw_region": 1, "hunting": {"state": "type_classified", "entry": 13, "verbatim": "(3) \u201cType C\u201d wildlife areas are defined as wildlife areas that, except as provided in subsections 551(q) and 551(t), are open daily for hunting all legal species and do not require the purchase of a hunting pass for entry.", "ccr_cite": "14 CCR \u00a7 551(e)", "booklet_page": 74, "wildlife_area_type": "C", "restrictions": [], "absence_sentence": null, "name_note": null}}}, {"type": "Feature", "geometry": {"type": "Polygon", "coordinates": [[[-118.01073, 36.32369], [-118.01079, 36.31858], [-118.02377, 36.31865], [-118.02179, 36.3259], [-118.01971, 36.3259], [-118.01971, 36.32355], [-118.0163, 36.33314], [-118.01518, 36.32403], [-118.01073, 36.32369]]]}, "properties": {"id": "207", "name": "Cartago Wildlife Area", "kind": "public_land", "land_type": "Wildlife Area", "access_verbatim": "Open; Refer to regulations or contact CDFW regional or area office prior to visit.", "link": "http://www.wildlife.ca.gov/Lands/Places-to-Visit/Cartago-WA", "cdfw_region": 6, "hunting": {"state": "type_classified", "entry": 14, "verbatim": "(3) \u201cType C\u201d wildlife areas are defined as wildlife areas that, except as provided in subsections 551(q) and 551(t), are open daily for hunting all legal species and do not require the purchase of a hunting pass for entry.", "ccr_cite": "14 CCR \u00a7 551(e)", "booklet_page": 74, "wildlife_area_type": "C", "restrictions": [], "absence_sentence": null, "name_note": null}}}, {"type": "Feature", "geometry": {"type": "MultiPolygon", "coordinates": [[[[-122.32569, 38.62026], [-122.32298, 38.61659], [-122.32326, 38.60935], [-122.32819, 38.60949], [-122.32757, 38.62031], [-122.33217, 38.6204], [-122.33193, 38.62948], [-122.32433, 38.62548], [-122.32595, 38.62534], [-122.32569, 38.62026]]], [[[-122.34847, 38.63893], [-122.34118, 38.63581], [-122.3458, 38.63531], [-122.34582, 38.62805], [-122.35104, 38.62811], [-122.35096, 38.63531], [-122.3556, 38.63538], [-122.35579, 38.63903], [-122.36051, 38.63916], [-122.36044, 38.64288], [-122.3501, 38.64269], [-122.34847, 38.63893]]]]}, "properties": {"id": "208", "name": "Cedar Roughs Wildlife Area", "kind": "public_land", "land_type": "Wildlife Area", "access_verbatim": "Open; Refer to regulations or contact CDFW regional or area office prior to visit.", "link": "http://www.wildlife.ca.gov/Lands/Places-to-Visit/Cedar-Roughs-WA", "cdfw_region": 3, "hunting": {"state": "type_classified", "entry": 15, "verbatim": "(3) \u201cType C\u201d wildlife areas are defined as wildlife areas that, except as provided in subsections 551(q) and 551(t), are open daily for hunting all legal species and do not require the purchase of a hunting pass for entry.", "ccr_cite": "14 CCR \u00a7 551(e)", "booklet_page": 74, "wildlife_area_type": "C", "restrictions": [], "absence_sentence": null, "name_note": null}}}, {"type": "Feature", "geometry": {"type": "Polygon", "coordinates": [[[-121.50188, 40.95709], [-121.50195, 40.93888], [-121.51635, 40.93888], [-121.51639, 40.94618], [-121.52118, 40.94617], [-121.52117, 40.95709], [-121.50188, 40.95709]]]}, "properties": {"id": "209", "name": "Cinder Flats Wildlife Area", "kind": "public_land", "land_type": "Wildlife Area", "access_verbatim": "Open; Refer to regulations or contact CDFW regional or area office prior to visit.", "link": "http://www.wildlife.ca.gov/Lands/Places-to-Visit/Cinder-Flats-WA", "cdfw_region": 1, "hunting": {"state": "type_classified", "entry": 16, "verbatim": "(3) \u201cType C\u201d wildlife areas are defined as wildlife areas that, except as provided in subsections 551(q) and 551(t), are open daily for hunting all legal species and do not require the purchase of a hunting pass for entry.", "ccr_cite": "14 CCR \u00a7 551(e)", "booklet_page": 74, "wildlife_area_type": "C", "restrictions": [], "absence_sentence": null, "name_note": null}}}, {"type": "Feature", "geometry": {"type": "Polygon", "coordinates": [[[-122.89884, 39.12767], [-122.88923, 39.12012], [-122.89438, 39.12012], [-122.9001, 39.11647], [-122.90105, 39.12065], [-122.8976, 39.11985], [-122.8951, 39.12279], [-122.89933, 39.12622], [-122.90643, 39.12763], [-122.89884, 39.12767]]]}, "properties": {"id": "210", "name": "Clear Lake Wildlife Area", "kind": "public_land", "land_type": "Wildlife Area", "access_verbatim": "Open; Refer to regulations or contact CDFW regional or area office prior to visit.", "link": "http://www.wildlife.ca.gov/Lands/Places-to-Visit/Clear-Lake-WA", "cdfw_region": 2, "hunting": {"state": "type_classified", "entry": 17, "verbatim": "(3) \u201cType C\u201d wildlife areas are defined as wildlife areas that, except as provided in subsections 551(q) and 551(t), are open daily for hunting all legal species and do not require the purchase of a hunting pass for entry.", "ccr_cite": "14 CCR \u00a7 551(e)", "booklet_page": 74, "wildlife_area_type": "C", "restrictions": [], "absence_sentence": null, "name_note": null}}}, {"type": "Feature", "geometry": {"type": "Polygon", "coordinates": [[[-121.94589, 39.22374], [-121.96169, 39.22357], [-121.96174, 39.22786], [-121.97507, 39.22784], [-121.97639, 39.23143], [-121.99398, 39.23183], [-121.99244, 39.2363], [-121.97628, 39.23886], [-121.97528, 39.24492], [-121.95653, 39.24474], [-121.94967, 39.23475], [-121.94878, 39.2276], [-121.94589, 39.22374]]]}, "properties": {"id": "211", "name": "Colusa Bypass Wildlife Area", "kind": "public_land", "land_type": "Wildlife Area", "access_verbatim": "Open; Refer to regulations or contact CDFW regional or area office prior to visit.", "link": "http://www.wildlife.ca.gov/Lands/Places-to-Visit/Colusa-Bypass-WA", "cdfw_region": 2, "hunting": {"state": "type_classified", "entry": 19, "verbatim": "(3) \u201cType C\u201d wildlife areas are defined as wildlife areas that, except as provided in subsections 551(q) and 551(t), are open daily for hunting all legal species and do not require the purchase of a hunting pass for entry.", "ccr_cite": "14 CCR \u00a7 551(e)", "booklet_page": 74, "wildlife_area_type": "C", "restrictions": [{"entry": 7, "label": "Firearm restriction", "verbatim": "Rifles and pistols are prohibited.", "ccr_cite": "14 CCR \u00a7 551", "booklet_table": "Wildlife Areas with Firearm Restrictions", "booklet_page": 89}], "absence_sentence": null, "name_note": null}}}, {"type": "Feature", "geometry": {"type": "MultiPolygon", "coordinates": [[[[-121.4622, 40.06419], [-121.46222, 40.05704], [-121.48673, 40.05715], [-121.48147, 40.06161], [-121.47643, 40.06054], [-121.47642, 40.06412], [-121.4622, 40.06419]]], [[[-121.44227, 40.0525], [-121.44701, 40.05261], [-121.44691, 40.05698], [-121.44227, 40.05695], [-121.44227, 40.0525]]], [[[-121.42806, 40.05185], [-121.42833, 40.04846], [-121.44245, 40.04882], [-121.44227, 40.0525], [-121.42806, 40.05185]]], [[[-121.42874, 40.08968], [-121.42887, 40.08238], [-121.44788, 40.08238], [-121.44778, 40.08598], [-121.43827, 40.08595], [-121.43829, 40.08967], [-121.42874, 40.08968]]]]}, "properties": {"id": "212", "name": "Coon Hollow Wildlife Area", "kind": "public_land", "land_type": "Wildlife Area", "access_verbatim": "Open; Refer to regulations or contact CDFW regional or area office prior to visit.", "link": "http://www.wildlife.ca.gov/Lands/Places-to-Visit/Coon-Hollow-WA", "cdfw_region": 2, "hunting": {"state": "type_classified", "entry": 20, "verbatim": "(3) \u201cType C\u201d wildlife areas are defined as wildlife areas that, except as provided in subsections 551(q) and 551(t), are open daily for hunting all legal species and do not require the purchase of a hunting pass for entry.", "ccr_cite": "14 CCR \u00a7 551(e)", "booklet_page": 74, "wildlife_area_type": "C", "restrictions": [], "absence_sentence": null, "name_note": null}}}, {"type": "Feature", "geometry": {"type": "MultiPolygon", "coordinates": [[[[-121.24136, 37.10186], [-121.14157, 37.10295], [-121.16116, 37.09295], [-121.15989, 37.09076], [-121.16355, 37.08709], [-121.1804, 37.09012], [-121.18191, 37.08824], [-121.17863, 37.08625], [-121.19333, 37.08431], [-121.19825, 37.0786], [-121.20861, 37.07667], [-121.21468, 37.06811], [-121.22166, 37.07288], [-121.22154, 37.0767], [-121.23434, 37.08551], [-121.24027, 37.08529], [-121.24136, 37.10186]]], [[[-121.06608, 37.10123], [-121.06512, 37.08367], [-121.09689, 37.08341], [-121.11226, 37.08766], [-121.1195, 37.09494], [-121.12216, 37.10237], [-121.06608, 37.10123]]]]}, "properties": {"id": "213", "name": "Cottonwood Creek Wildlife Area", "kind": "public_land", "land_type": "Wildlife Area", "access_verbatim": "Open; Refer to regulations or contact CDFW regional or area office prior to visit.", "link": "http://www.wildlife.ca.gov/Lands/Places-to-Visit/Cottonwood-Creek-WA", "cdfw_region": 4, "hunting": {"state": "type_classified", "entry": 21, "verbatim": "(3) \u201cType C\u201d wildlife areas are defined as wildlife areas that, except as provided in subsections 551(q) and 551(t), are open daily for hunting all legal species and do not require the purchase of a hunting pass for entry.", "ccr_cite": "14 CCR \u00a7 551(e)", "booklet_page": 74, "wildlife_area_type": "C", "restrictions": [{"entry": 8, "label": "Closure or restriction", "verbatim": "Closed to hunting after the last Sunday in January to the opening of Zone A archery deer season. Dog training and trials are prohibited. The use of dogs for wild pig hunting is prohibited.", "ccr_cite": "14 CCR \u00a7 551", "booklet_table": "Closures and Restrictions on Wildlife Areas", "booklet_page": 83}, {"entry": 3, "label": "Shooting restriction or drawing requirement", "verbatim": "Special draw entry permits are required for all visitor entry during the opening weekend of the Zone A general deer season. Self-registration required all other times of year.", "ccr_cite": "14 CCR \u00a7 551", "booklet_table": "Wildlife Areas with Shooting Restrictions and/or Special Drawing Requirements", "booklet_page": 88}], "absence_sentence": null, "name_note": null}}}, {"type": "Feature", "geometry": {"type": "MultiPolygon", "coordinates": [[[[-120.39855, 39.8649], [-120.40786, 39.86504], [-120.4079, 39.86869], [-120.4123, 39.86881], [-120.41225, 39.86516], [-120.42541, 39.8655], [-120.42548, 39.86915], [-120.43055, 39.86909], [-120.43108, 39.87265], [-120.42858, 39.87267], [-120.42971, 39.87977], [-120.42263, 39.87967], [-120.42212, 39.87613], [-120.413, 39.87594], [-120.41265, 39.87237], [-120.4035, 39.8722], [-120.40324, 39.86863], [-120.39859, 39.86856], [-120.39855, 39.8649]]], [[[-120.39855, 39.8649], [-120.3939, 39.86482], [-120.39388, 39.86115], [-120.39852, 39.86123], [-120.39855, 39.8649]]], [[[-120.37248, 39.8411], [-120.37559, 39.83294], [-120.37555, 39.82824], [-120.38008, 39.82821], [-120.37985, 39.8355], [-120.38444, 39.83541], [-120.38433, 39.83903], [-120.39407, 39.8391], [-120.39404, 39.83547], [-120.39826, 39.8355], [-120.39819, 39.84282], [-120.37535, 39.84261], [-120.37522, 39.84632], [-120.38451, 39.84628], [-120.38453, 39.8499], [-120.38929, 39.84991], [-120.3892, 39.85344], [-120.38217, 39.85355], [-120.37989, 39.84994], [-120.37485, 39.84995], [-120.37194, 39.84741], [-120.37347, 39.85413], [-120.37962, 39.85696], [-120.38921, 39.85739], [-120.38923, 39.86107], [-120.3707, 39.86089], [-120.37071, 39.85722], [-120.35447, 39.8573], [-120.35451, 39.85364], [-120.34325, 39.85356], [-120.34322, 39.84993], [-120.33848, 39.84989], [-120.3384, 39.83538], [-120.34557, 39.83544], [-120.34555, 39.8373], [-120.34787, 39.83727], [-120.34789, 39.84089], [-120.35006, 39.8409], [-120.35008, 39.84456], [-120.35672, 39.84638], [-120.35659, 39.83186], [-120.37541, 39.83186], [-120.37248, 39.8411]]]]}, "properties": {"id": "214", "name": "Crocker Meadows Wildlife Area", "kind": "public_land", "land_type": "Wildlife Area", "access_verbatim": "Open; Refer to regulations or contact CDFW regional or area office prior to visit.", "link": "http://www.wildlife.ca.gov/Lands/Places-to-Visit/Crocker-Meadows-WA", "cdfw_region": 2, "hunting": {"state": "absent", "entry": null, "verbatim": null, "ccr_cite": null, "booklet_page": null, "wildlife_area_type": null, "restrictions": [], "absence_sentence": "CDFW's lands booklet does not list a hunting rule for this property.", "name_note": "CDFW's lands booklet lists a property named \"Crocker Meadow Wildlife Area\". This app does not assume that is the same place as this one, so no rule from that entry is shown here."}}}, {"type": "Feature", "geometry": {"type": "MultiPolygon", "coordinates": [[[[-121.37116, 39.40221], [-121.34704, 39.40375], [-121.34702, 39.4074], [-121.34248, 39.40744], [-121.34247, 39.41111], [-121.30638, 39.41085], [-121.3103, 39.4039], [-121.31921, 39.40386], [-121.31932, 39.39655], [-121.36217, 39.39618], [-121.36268, 39.38892], [-121.37097, 39.38892], [-121.37116, 39.40221]]], [[[-121.36168, 39.4021], [-121.36102, 39.40208], [-121.36176, 39.40222], [-121.36168, 39.4021]]], [[[-121.27956, 39.21232], [-121.28238, 39.2156], [-121.27955, 39.21558], [-121.27955, 39.22324], [-121.28878, 39.21396], [-121.29411, 39.21401], [-121.29405, 39.21925], [-121.29635, 39.2192], [-121.29639, 39.22993], [-121.28059, 39.23061], [-121.27508, 39.22355], [-121.2704, 39.22416], [-121.27328, 39.22336], [-121.27462, 39.21576], [-121.27956, 39.20639], [-121.27956, 39.21232]]], [[[-121.31974, 39.28791], [-121.32155, 39.28932], [-121.3151, 39.28941], [-121.32111, 39.2909], [-121.3176, 39.29523], [-121.3299, 39.29506], [-121.33079, 39.30236], [-121.33372, 39.30233], [-121.33377, 39.29883], [-121.33866, 39.29883], [-121.33871, 39.30231], [-121.34299, 39.30229], [-121.33969, 39.30946], [-121.33335, 39.30971], [-121.33339, 39.3173], [-121.32407, 39.31714], [-121.32419, 39.32414], [-121.31798, 39.32406], [-121.31528, 39.32073], [-121.30454, 39.3206], [-121.30461, 39.32404], [-121.29699, 39.32406], [-121.29684, 39.3097], [-121.29193, 39.30969], [-121.29201, 39.31341], [-121.2874, 39.31331], [-121.28752, 39.31715], [-121.2921, 39.31717], [-121.29218, 39.32067], [-121.28269, 39.32075], [-121.28241, 39.30967], [-121.28647, 39.30968], [-121.28638, 39.30697], [-121.2899, 39.30695], [-121.28978, 39.30297], [-121.29672, 39.30303], [-121.29677, 39.30574], [-121.30102, 39.30573], [-121.30096, 39.29747], [-121.3032, 39.295], [-121.30101, 39.295], [-121.30107, 39.2844], [-121.30544, 39.28435], [-121.30539, 39.28062], [-121.31961, 39.28056], [-121.31974, 39.28791]]], [[[-121.3245, 39.29863], [-121.32449, 39.29963], [-121.32858, 39.29951], [-121.3245, 39.29863]]], [[[-121.33347, 39.32071], [-121.34616, 39.32084], [-121.34128, 39.32948], [-121.33932, 39.334], [-121.33802, 39.33861], [-121.34187, 39.32868], [-121.35485, 39.33091], [-121.36106, 39.34324], [-121.3655, 39.34315], [-121.36551, 39.34524], [-121.36197, 39.34518], [-121.36053, 39.34756], [-121.36198, 39.35266], [-121.34318, 39.35298], [-121.34359, 39.36], [-121.33896, 39.36004], [-121.33886, 39.35828], [-121.33132, 39.35623], [-121.33292, 39.35538], [-121.3319, 39.35231], [-121.33381, 39.35305], [-121.33376, 39.3444], [-121.3355, 39.3431], [-121.33382, 39.34263], [-121.33347, 39.32071]]], [[[-121.39504, 39.33848], [-121.40876, 39.3382], [-121.40511, 39.34125], [-121.40694, 39.34434], [-121.40335, 39.34514], [-121.4029, 39.34989], [-121.38901, 39.35508], [-121.38301, 39.36295], [-121.37268, 39.36438], [-121.37196, 39.36722], [-121.37119, 39.36243], [-121.37802, 39.36065], [-121.37589, 39.35662], [-121.37134, 39.35659], [-121.36575, 39.35325], [-121.36571, 39.34302], [-121.36772, 39.34008], [-121.38086, 39.34517], [-121.38285, 39.33858], [-121.39318, 39.33852], [-121.39329, 39.34112], [-121.38951, 39.34123], [-121.38957, 39.34382], [-121.39428, 39.34375], [-121.39504, 39.33848]]]]}, "properties": {"id": "215", "name": "Daugherty Hill Wildlife Area", "kind": "public_land", "land_type": "Wildlife Area", "access_verbatim": "Open; Refer to regulations or contact CDFW regional or area office prior to visit.", "link": "http://www.wildlife.ca.gov/Lands/Places-to-Visit/Daugherty-Hill-WA", "cdfw_region": 2, "hunting": {"state": "type_classified", "entry": 24, "verbatim": "(3) \u201cType C\u201d wildlife areas are defined as wildlife areas that, except as provided in subsections 551(q) and 551(t), are open daily for hunting all legal species and do not require the purchase of a hunting pass for entry.", "ccr_cite": "14 CCR \u00a7 551(e)", "booklet_page": 74, "wildlife_area_type": "C", "restrictions": [{"entry": 10, "label": "Closure or restriction", "verbatim": "Closed to hunting February 1 through June 30 except for the spring turkey season when only turkeys may be hunted. Closed to all visitor entry during the first nine days of the spring turkey season except for special turkey permit holders. The Black Swan area of the Yuba Narrows Unit is closed to hunting.", "ccr_cite": "14 CCR \u00a7 551", "booklet_table": "Closures and Restrictions on Wildlife Areas", "booklet_page": 83}, {"entry": 4, "label": "Shooting restriction or drawing requirement", "verbatim": "Special draw entry permits are required for the first nine days of the spring turkey season.", "ccr_cite": "14 CCR \u00a7 551", "booklet_table": "Wildlife Areas with Shooting Restrictions and/or Special Drawing Requirements", "booklet_page": 88}, {"entry": 11, "label": "Firearm restriction", "verbatim": "During spring turkey season, only shotguns, archery equipment, and air rifles firing pellets of a minimum 0.177 caliber and powered by compressed air or gas may be used.", "ccr_cite": "14 CCR \u00a7 551", "booklet_table": "Wildlife Areas with Firearm Restrictions", "booklet_page": 89}], "absence_sentence": null, "name_note": null}}}, {"type": "Feature", "geometry": {"type": "Polygon", "coordinates": [[[-121.71017, 38.10396], [-121.70951, 38.09927], [-121.71433, 38.10087], [-121.71017, 38.10396]]]}, "properties": {"id": "216", "name": "Decker Island Wildlife Area", "kind": "public_land", "land_type": "Wildlife Area", "access_verbatim": "Open; Refer to regulations or contact CDFW regional or area office prior to visit.", "link": "http://www.wildlife.ca.gov/Lands/Places-to-Visit/Decker-Island-WA", "cdfw_region": 3, "hunting": {"state": "type_classified", "entry": 25, "verbatim": "(3) \u201cType C\u201d wildlife areas are defined as wildlife areas that, except as provided in subsections 551(q) and 551(t), are open daily for hunting all legal species and do not require the purchase of a hunting pass for entry.", "ccr_cite": "14 CCR \u00a7 551(e)", "booklet_page": 74, "wildlife_area_type": "C", "restrictions": [{"entry": 12, "label": "Firearm restriction", "verbatim": "Rifles and pistols are prohibited.", "ccr_cite": "14 CCR \u00a7 551", "booklet_table": "Wildlife Areas with Firearm Restrictions", "booklet_page": 89}], "absence_sentence": null, "name_note": null}}}, {"type": "Feature", "geometry": {"type": "MultiPolygon", "coordinates": [[[[-120.1529, 40.07941], [-120.15801, 40.07322], [-120.15802, 40.07854], [-120.17224, 40.07859], [-120.17227, 40.08559], [-120.15898, 40.08409], [-120.1529, 40.07941]]], [[[-120.15811, 40.07228], [-120.15297, 40.06384], [-120.15818, 40.06383], [-120.15811, 40.07228]]], [[[-120.15273, 40.06383], [-120.15813, 40.07274], [-120.15277, 40.07928], [-120.13119, 40.05661], [-120.13915, 40.05655], [-120.13899, 40.06372], [-120.14358, 40.06374], [-120.14341, 40.06757], [-120.14843, 40.06749], [-120.14838, 40.06381], [-120.15273, 40.06383]]], [[[-120.12448, 40.08568], [-120.11514, 40.08566], [-120.11521, 40.08205], [-120.11198, 40.08201], [-120.11123, 40.07838], [-120.11527, 40.07842], [-120.1154, 40.07118], [-120.11751, 40.07117], [-120.12448, 40.08568]]], [[[-120.11555, 40.05665], [-120.1129, 40.05664], [-120.11272, 40.04931], [-120.11734, 40.04934], [-120.11765, 40.05665], [-120.13092, 40.0567], [-120.12121, 40.06192], [-120.11549, 40.06179], [-120.11555, 40.05665]]], [[[-120.09635, 40.07094], [-120.10944, 40.0711], [-120.11173, 40.082], [-120.1056, 40.08193], [-120.10554, 40.08554], [-120.0961, 40.08543], [-120.09623, 40.07819], [-120.10093, 40.07822], [-120.10099, 40.07462], [-120.09629, 40.07456], [-120.09635, 40.07094]]], [[[-120.13559, 40.10764], [-120.13371, 40.10026], [-120.13225, 40.10023], [-120.11545, 40.0657], [-120.11549, 40.06194], [-120.12162, 40.06198], [-120.13105, 40.05684], [-120.15275, 40.07962], [-120.15796, 40.08371], [-120.16253, 40.08658], [-120.16249, 40.09293], [-120.1718, 40.09311], [-120.17184, 40.10043], [-120.16239, 40.10041], [-120.16235, 40.09672], [-120.15269, 40.09679], [-120.1526, 40.10031], [-120.15748, 40.10036], [-120.15765, 40.11485], [-120.15264, 40.11484], [-120.1526, 40.10755], [-120.14774, 40.10753], [-120.14779, 40.10384], [-120.14294, 40.10384], [-120.14291, 40.10753], [-120.13559, 40.10764]]], [[[-120.12893, 40.08572], [-120.12908, 40.093], [-120.13363, 40.09307], [-120.13354, 40.08575], [-120.12893, 40.08572]]], [[[-120.11573, 40.10019], [-120.11346, 40.08926], [-120.11976, 40.0893], [-120.11962, 40.10017], [-120.11573, 40.10019]]], [[[-120.12434, 40.10017], [-120.12458, 40.08591], [-120.13148, 40.10022], [-120.12434, 40.10017]]], [[[-120.10978, 40.07111], [-120.1105, 40.07112], [-120.11044, 40.07446], [-120.10978, 40.07111]]], [[[-120.11325, 40.08926], [-120.114, 40.09289], [-120.11012, 40.09284], [-120.11019, 40.08922], [-120.11325, 40.08926]]], [[[-120.11476, 40.09653], [-120.11464, 40.11467], [-120.10506, 40.11456], [-120.10516, 40.10729], [-120.09572, 40.10717], [-120.09561, 40.11981], [-120.08375, 40.13527], [-120.07646, 40.13799], [-120.07653, 40.13237], [-120.07901, 40.13241], [-120.07907, 40.12879], [-120.08602, 40.12886], [-120.08603, 40.11433], [-120.08679, 40.11405], [-120.08831, 40.11251], [-120.09087, 40.10837], [-120.09196, 40.10405], [-120.09231, 40.09988], [-120.10996, 40.10014], [-120.11005, 40.09647], [-120.11476, 40.09653]]], [[[-120.09097, 40.10711], [-120.08662, 40.11394], [-120.08315, 40.11417], [-120.08137, 40.11247], [-120.08154, 40.107], [-120.07682, 40.10694], [-120.07704, 40.0997], [-120.0921, 40.09988], [-120.09097, 40.10711]]], [[[-120.09561, 40.12015], [-120.09552, 40.12898], [-120.10968, 40.12908], [-120.10957, 40.13271], [-120.11439, 40.13274], [-120.11444, 40.12912], [-120.12144, 40.12916], [-120.12387, 40.14077], [-120.11424, 40.1436], [-120.07639, 40.14326], [-120.07646, 40.13819], [-120.08392, 40.13538], [-120.09561, 40.12015]]], [[[-120.08131, 40.11427], [-120.0821, 40.11353], [-120.08302, 40.11429], [-120.08131, 40.11427]]], [[[-120.01408, 40.10283], [-120.01399, 40.13199], [-120.00924, 40.1319], [-120.00921, 40.13553], [-119.99984, 40.1354], [-119.99974, 40.14255], [-119.99695, 40.14256], [-119.99713, 40.11718], [-119.99999, 40.1172], [-119.99996, 40.1245], [-120.00468, 40.12459], [-120.00472, 40.12092], [-120.00935, 40.12093], [-120.0094, 40.11371], [-119.99718, 40.11355], [-119.99723, 40.10631], [-120.00003, 40.10629], [-120.0, 40.10269], [-120.01408, 40.10283]]], [[[-120.10501, 40.12181], [-120.10498, 40.12543], [-120.10026, 40.12538], [-120.10029, 40.12176], [-120.10501, 40.12181]]], [[[-120.12166, 40.12916], [-120.1332, 40.12921], [-120.14111, 40.12927], [-120.13554, 40.1361], [-120.12407, 40.14071], [-120.12166, 40.12916]]], [[[-120.1904, 40.12595], [-120.19982, 40.12606], [-120.19969, 40.13327], [-120.19027, 40.13327], [-120.1904, 40.12595]]], [[[-120.17162, 40.12241], [-120.1857, 40.12238], [-120.1855, 40.12956], [-120.18074, 40.12953], [-120.18056, 40.13685], [-120.17122, 40.1368], [-120.17162, 40.12241]]], [[[-120.09657, 40.06371], [-120.10123, 40.06377], [-120.10111, 40.06739], [-120.0964, 40.06736], [-120.09657, 40.06371]]], [[[-119.99736, 40.05613], [-120.01424, 40.05621], [-120.01433, 40.07009], [-120.00492, 40.06999], [-120.00488, 40.06278], [-119.99732, 40.06271], [-119.99736, 40.05613]]], [[[-120.13362, 40.10763], [-120.13366, 40.1049], [-120.13498, 40.10763], [-120.13362, 40.10763]]]]}, "properties": {"id": "217", "name": "Doyle Wildlife Area", "kind": "public_land", "land_type": "Wildlife Area", "access_verbatim": "Open; Refer to regulations or contact CDFW regional or area office prior to visit.", "link": "http://www.wildlife.ca.gov/Lands/Places-to-Visit/Doyle-WA", "cdfw_region": 1, "hunting": {"state": "type_classified", "entry": 26, "verbatim": "(3) \u201cType C\u201d wildlife areas are defined as wildlife areas that, except as provided in subsections 551(q) and 551(t), are open daily for hunting all legal species and do not require the purchase of a hunting pass for entry.", "ccr_cite": "14 CCR \u00a7 551(e)", "booklet_page": 74, "wildlife_area_type": "C", "restrictions": [], "absence_sentence": null, "name_note": null}}}, {"type": "Feature", "geometry": {"type": "MultiPolygon", "coordinates": [[[[-121.00344, 41.2812], [-121.0094, 41.28117], [-121.00942, 41.28472], [-121.00552, 41.28279], [-121.0046, 41.28192], [-121.00344, 41.2812]]], [[[-121.00463, 41.28843], [-121.00463, 41.28482], [-120.99986, 41.28485], [-120.99986, 41.28122], [-121.0094, 41.2848], [-121.01417, 41.28473], [-121.01417, 41.28836], [-121.00463, 41.28843]]]]}, "properties": {"id": "218", "name": "Dutch Flat Wildlife Area", "kind": "public_land", "land_type": "Wildlife Area", "access_verbatim": "Open; Refer to regulations or contact CDFW regional or area office prior to visit.", "link": "http://www.wildlife.ca.gov/Lands/Places-to-Visit/Dutch-Flat-WA", "cdfw_region": 1, "hunting": {"state": "type_classified", "entry": 27, "verbatim": "(3) \u201cType C\u201d wildlife areas are defined as wildlife areas that, except as provided in subsections 551(q) and 551(t), are open daily for hunting all legal species and do not require the purchase of a hunting pass for entry.", "ccr_cite": "14 CCR \u00a7 551(e)", "booklet_page": 74, "wildlife_area_type": "C", "restrictions": [], "absence_sentence": null, "name_note": null}}}, {"type": "Feature", "geometry": {"type": "MultiPolygon", "coordinates": [[[[-119.20904, 38.33353], [-119.20895, 38.32824], [-119.2118, 38.32826], [-119.20904, 38.33353]]], [[[-119.20808, 38.33767], [-119.20935, 38.33379], [-119.21263, 38.33033], [-119.21241, 38.32827], [-119.21817, 38.3283], [-119.21829, 38.33549], [-119.20906, 38.33543], [-119.20922, 38.34981], [-119.20684, 38.3498], [-119.20817, 38.34793], [-119.20808, 38.33767]]], [[[-119.20451, 38.35091], [-119.20469, 38.36061], [-119.20146, 38.36061], [-119.20335, 38.35888], [-119.20367, 38.35797], [-119.20164, 38.35435], [-119.20451, 38.35091]]], [[[-119.19171, 38.37499], [-119.19918, 38.369], [-119.20009, 38.36181], [-119.20011, 38.37864], [-119.19083, 38.37868], [-119.19083, 38.3823], [-119.18728, 38.38227], [-119.18913, 38.37672], [-119.19171, 38.37499]]], [[[-119.18423, 38.38545], [-119.18622, 38.38587], [-119.18382, 38.38586], [-119.18423, 38.38545]]], [[[-119.17244, 38.40383], [-119.17602, 38.39909], [-119.17975, 38.38946], [-119.18159, 38.38815], [-119.18164, 38.4003], [-119.17703, 38.40026], [-119.17705, 38.40384], [-119.17244, 38.40383]]], [[[-119.17256, 38.40251], [-119.17266, 38.3966], [-119.17662, 38.39663], [-119.17543, 38.3994], [-119.17256, 38.40251]]], [[[-119.177, 38.39411], [-119.17272, 38.39298], [-119.17269, 38.38577], [-119.17697, 38.3858], [-119.17697, 38.38221], [-119.18159, 38.38224], [-119.18159, 38.37863], [-119.18621, 38.37866], [-119.18623, 38.37144], [-119.19084, 38.37146], [-119.19086, 38.36785], [-119.19548, 38.36784], [-119.19547, 38.3534], [-119.20006, 38.3534], [-119.20003, 38.34619], [-119.20461, 38.3462], [-119.20449, 38.3354], [-119.20821, 38.33542], [-119.20739, 38.33708], [-119.20771, 38.34846], [-119.20463, 38.3498], [-119.20134, 38.35415], [-119.20332, 38.35796], [-119.19892, 38.36265], [-119.1991, 38.36831], [-119.18834, 38.3769], [-119.18621, 38.38374], [-119.18159, 38.38584], [-119.177, 38.39411]]]]}, "properties": {"id": "219", "name": "East Walker River Wildlife Area", "kind": "public_land", "land_type": "Wildlife Area", "access_verbatim": "Open; Refer to regulations or contact CDFW regional or area office prior to visit.", "link": "http://www.wildlife.ca.gov/Lands/Places-to-Visit/East-Walker-River-WA", "cdfw_region": 6, "hunting": {"state": "type_classified", "entry": 28, "verbatim": "(3) \u201cType C\u201d wildlife areas are defined as wildlife areas that, except as provided in subsections 551(q) and 551(t), are open daily for hunting all legal species and do not require the purchase of a hunting pass for entry.", "ccr_cite": "14 CCR \u00a7 551(e)", "booklet_page": 74, "wildlife_area_type": "C", "restrictions": [], "absence_sentence": null, "name_note": null}}}, {"type": "Feature", "geometry": {"type": "MultiPolygon", "coordinates": [[[[-124.29439, 40.59613], [-124.2993, 40.59989], [-124.30246, 40.61027], [-124.30993, 40.61009], [-124.31555, 40.62104], [-124.3133, 40.62202], [-124.31222, 40.61962], [-124.30316, 40.6181], [-124.30285, 40.61386], [-124.29814, 40.61384], [-124.29816, 40.61022], [-124.29423, 40.61018], [-124.29439, 40.59613]]], [[[-124.29546, 40.62799], [-124.2877, 40.62227], [-124.29544, 40.62556], [-124.29546, 40.62799]]], [[[-124.27954, 40.62293], [-124.28461, 40.6245], [-124.29278, 40.63189], [-124.27954, 40.63397], [-124.27407, 40.62921], [-124.27892, 40.62835], [-124.27954, 40.62293]]], [[[-124.29858, 40.64855], [-124.29686, 40.64325], [-124.30501, 40.64468], [-124.30125, 40.65309], [-124.29862, 40.6516], [-124.29858, 40.64855]]], [[[-124.29333, 40.64318], [-124.29716, 40.6452], [-124.29792, 40.65081], [-124.29976, 40.65377], [-124.29573, 40.6597], [-124.29301, 40.66107], [-124.28474, 40.65861], [-124.27661, 40.65954], [-124.2717, 40.6569], [-124.2746, 40.65391], [-124.29333, 40.6539], [-124.29333, 40.64318]]], [[[-124.29294, 40.66962], [-124.30864, 40.64309], [-124.3112, 40.64311], [-124.27675, 40.69673], [-124.27475, 40.69673], [-124.27602, 40.69503], [-124.27269, 40.69352], [-124.2731, 40.69197], [-124.26446, 40.68689], [-124.26502, 40.68216], [-124.27157, 40.68441], [-124.27203, 40.67981], [-124.28249, 40.67568], [-124.28771, 40.66629], [-124.29124, 40.66491], [-124.29294, 40.66962]]], [[[-124.22758, 40.62227], [-124.23581, 40.62421], [-124.23581, 40.6283], [-124.22621, 40.62815], [-124.22758, 40.62227]]], [[[-124.29439, 40.59613], [-124.28039, 40.59794], [-124.27739, 40.59734], [-124.27442, 40.59523], [-124.28089, 40.59754], [-124.29329, 40.59533], [-124.29439, 40.59613]]]]}, "properties": {"id": "220", "name": "Eel River Wildlife Area", "kind": "public_land", "land_type": "Wildlife Area", "access_verbatim": "Open; Refer to regulations or contact CDFW regional or area office prior to visit.", "link": "http://www.wildlife.ca.gov/Lands/Places-to-Visit/Eel-River-WA", "cdfw_region": 1, "hunting": {"state": "type_classified", "entry": 29, "verbatim": "(3) \u201cType C\u201d wildlife areas are defined as wildlife areas that, except as provided in subsections 551(q) and 551(t), are open daily for hunting all legal species and do not require the purchase of a hunting pass for entry.", "ccr_cite": "14 CCR \u00a7 551(e)", "booklet_page": 74, "wildlife_area_type": "C", "restrictions": [{"entry": 11, "label": "Closure or restriction", "verbatim": "Portions of the area are closed to vehicle entry from March 1 through September 15. Cannibal Island Unit is closed to all visitor use from the Monday following the end of youth hunting day (subsection 502(e)(1)(B) (5) of these regulations) through April 1. No dogs off leash on the wave-slope and/or in signed exclusion zones within the Ocean Ranch Unit during the snowy plover nesting season March 1 through September 15.", "ccr_cite": "14 CCR \u00a7 551", "booklet_table": "Closures and Restrictions on Wildlife Areas", "booklet_page": 83}, {"entry": 13, "label": "Firearm restriction", "verbatim": "Rifles and pistols are prohibited.", "ccr_cite": "14 CCR \u00a7 551", "booklet_table": "Wildlife Areas with Firearm Restrictions", "booklet_page": 90}, {"entry": 4, "label": "Species restriction", "verbatim": "Waterfowl, coots, snipe, and pheasant only.", "ccr_cite": "14 CCR \u00a7 551(t)", "booklet_table": "Species Restrictions for Hunting on Type C Wildlife Areas", "booklet_page": 93}], "absence_sentence": null, "name_note": null}}}, {"type": "Feature", "geometry": {"type": "MultiPolygon", "coordinates": [[[[-124.18861, 40.74468], [-124.19334, 40.7448], [-124.19142, 40.74739], [-124.19563, 40.74802], [-124.19196, 40.75106], [-124.1879, 40.75106], [-124.18738, 40.75218], [-124.18861, 40.74468]]], [[[-124.19163, 40.7518], [-124.19027, 40.75517], [-124.18785, 40.75177], [-124.19163, 40.7518]]]]}, "properties": {"id": "221", "name": "Elk River Wildlife Area", "kind": "public_land", "land_type": "Wildlife Area", "access_verbatim": "Open; Refer to regulations or contact CDFW regional or area office prior to visit.", "link": "http://www.wildlife.ca.gov/Lands/Places-to-Visit/Elk-River-WA", "cdfw_region": 1, "hunting": {"state": "type_classified", "entry": 32, "verbatim": "(3) \u201cType C\u201d wildlife areas are defined as wildlife areas that, except as provided in subsections 551(q) and 551(t), are open daily for hunting all legal species and do not require the purchase of a hunting pass for entry.", "ccr_cite": "14 CCR \u00a7 551(e)", "booklet_page": 74, "wildlife_area_type": "C", "restrictions": [{"entry": 13, "label": "Closure or restriction", "verbatim": "Closed to all visitor use from the Monday following the end of youth hunting day (subsection 502(e)(1)(B)(5) of these regulations) through April 1.", "ccr_cite": "14 CCR \u00a7 551", "booklet_table": "Closures and Restrictions on Wildlife Areas", "booklet_page": 83}, {"entry": 15, "label": "Firearm restriction", "verbatim": "Rifles and pistols are prohibited.", "ccr_cite": "14 CCR \u00a7 551", "booklet_table": "Wildlife Areas with Firearm Restrictions", "booklet_page": 90}, {"entry": 5, "label": "Species restriction", "verbatim": "Waterfowl, coot, and snipe only.", "ccr_cite": "14 CCR \u00a7 551(t)", "booklet_table": "Species Restrictions for Hunting on Type C Wildlife Areas", "booklet_page": 93}], "absence_sentence": null, "name_note": null}}}, {"type": "Feature", "geometry": {"type": "Polygon", "coordinates": [[[-124.0973, 40.81001], [-124.09539, 40.81], [-124.096, 40.80364], [-124.09276, 40.80285], [-124.09435, 40.80023], [-124.10007, 40.80337], [-124.10213, 40.80115], [-124.10647, 40.80359], [-124.10787, 40.80179], [-124.11336, 40.80565], [-124.11171, 40.80646], [-124.11396, 40.80882], [-124.09577, 40.81829], [-124.0933, 40.81624], [-124.09725, 40.81339], [-124.0973, 40.81001]], [[-124.10057, 40.80958], [-124.0985, 40.81001], [-124.10017, 40.81052], [-124.10057, 40.80958]]]}, "properties": {"id": "222", "name": "Fay Slough Wildlife Area", "kind": "public_land", "land_type": "Wildlife Area", "access_verbatim": "Open; Refer to regulations or contact CDFW regional or area office prior to visit.", "link": "http://www.wildlife.ca.gov/Lands/Places-to-Visit/Fay-Slough-WA", "cdfw_region": 1, "hunting": {"state": "type_classified", "entry": 34, "verbatim": "(3) \u201cType C\u201d wildlife areas are defined as wildlife areas that, except as provided in subsections 551(q) and 551(t), are open daily for hunting all legal species and do not require the purchase of a hunting pass for entry.", "ccr_cite": "14 CCR \u00a7 551(e)", "booklet_page": 74, "wildlife_area_type": "C", "restrictions": [{"entry": 14, "label": "Closure or restriction", "verbatim": "Closed to all visitor use from the Monday following the end of youth hunting day (subsection 502(e)(1)(B)(5) of these regulations) through April 1. Entry to the wildlife area is only from the designated parking area, located off Highway 101. Boating access is prohibited. No dogs allowed except with hunters during the designated hunting season. Hunting from designated ponds only.", "ccr_cite": "14 CCR \u00a7 551", "booklet_table": "Closures and Restrictions on Wildlife Areas", "booklet_page": 83}, {"entry": 6, "label": "Shooting restriction or drawing requirement", "verbatim": "Hunting is allowed only on Saturdays, Sundays, and Wednesdays and only during waterfowl season.", "ccr_cite": "14 CCR \u00a7 551", "booklet_table": "Wildlife Areas with Shooting Restrictions and/or Special Drawing Requirements", "booklet_page": 88}, {"entry": 16, "label": "Firearm restriction", "verbatim": "Rifles and pistols are prohibited.", "ccr_cite": "14 CCR \u00a7 551", "booklet_table": "Wildlife Areas with Firearm Restrictions", "booklet_page": 90}, {"entry": 6, "label": "Species restriction", "verbatim": "Waterfowl, coot, and snipe only.", "ccr_cite": "14 CCR \u00a7 551(t)", "booklet_table": "Species Restrictions for Hunting on Type C Wildlife Areas", "booklet_page": 93}], "absence_sentence": null, "name_note": null}}}, {"type": "Feature", "geometry": {"type": "MultiPolygon", "coordinates": [[[[-121.58907, 38.9942], [-121.59484, 38.99413], [-121.59735, 39.00026], [-121.59681, 39.01012], [-121.60287, 39.01099], [-121.58324, 39.00884], [-121.58026, 39.00759], [-121.58907, 38.9942]]], [[[-121.59762, 39.01214], [-121.59417, 39.01869], [-121.59308, 39.01071], [-121.59762, 39.01214]]], [[[-121.60927, 39.01697], [-121.61326, 39.02819], [-121.61086, 39.03324], [-121.61125, 39.04518], [-121.60842, 39.03514], [-121.59623, 39.02368], [-121.60382, 39.02302], [-121.60305, 39.02044], [-121.60787, 39.0201], [-121.607, 39.01603], [-121.60927, 39.01697]]], [[[-121.57878, 38.93982], [-121.58057, 38.96387], [-121.58516, 38.96959], [-121.58574, 38.98114], [-121.58873, 38.98798], [-121.58804, 38.99232], [-121.57824, 39.00684], [-121.58063, 38.99883], [-121.58047, 38.98601], [-121.58353, 38.98602], [-121.58343, 38.9823], [-121.58055, 38.98227], [-121.57252, 38.94355], [-121.56965, 38.9449], [-121.56913, 38.94445], [-121.57196, 38.94346], [-121.57279, 38.93985], [-121.57878, 38.93982]]], [[[-121.58813, 38.90178], [-121.60121, 38.89454], [-121.60612, 38.89717], [-121.6108, 38.89647], [-121.61199, 38.89567], [-121.60436, 38.89268], [-121.61341, 38.88689], [-121.61574, 38.89756], [-121.60799, 38.90269], [-121.59954, 38.90136], [-121.59166, 38.90571], [-121.58813, 38.90178]]], [[[-121.58655, 38.90342], [-121.59111, 38.90604], [-121.58345, 38.9147], [-121.58373, 38.92246], [-121.57918, 38.91858], [-121.57956, 38.91139], [-121.58655, 38.90342]]]]}, "properties": {"id": "223", "name": "Feather River Wildlife Area", "kind": "public_land", "land_type": "Wildlife Area", "access_verbatim": "Open; Refer to regulations or contact CDFW regional or area office prior to visit.", "link": "http://www.wildlife.ca.gov/Lands/Places-to-Visit/Feather-River-WA", "cdfw_region": 2, "hunting": {"state": "type_classified", "entry": 35, "verbatim": "(3) \u201cType C\u201d wildlife areas are defined as wildlife areas that, except as provided in subsections 551(q) and 551(t), are open daily for hunting all legal species and do not require the purchase of a hunting pass for entry.", "ccr_cite": "14 CCR \u00a7 551(e)", "booklet_page": 74, "wildlife_area_type": "C", "restrictions": [{"entry": 15, "label": "Closure or restriction", "verbatim": "Closed to hunting February 1 through June 30 except for the spring turkey season when only turkeys may be hunted. The Shanghai Bend Unit is closed to hunting. No person shall enter that portion of the O\u2019Connor Lakes Management Unit marked as closed to entry from March 1 through June 30.", "ccr_cite": "14 CCR \u00a7 551", "booklet_table": "Closures and Restrictions on Wildlife Areas", "booklet_page": 83}, {"entry": 17, "label": "Firearm restriction", "verbatim": "Rifles and pistols are prohibited.", "ccr_cite": "14 CCR \u00a7 551", "booklet_table": "Wildlife Areas with Firearm Restrictions", "booklet_page": 90}], "absence_sentence": null, "name_note": null}}}, {"type": "Feature", "geometry": {"type": "Polygon", "coordinates": [[[-120.3654, 41.36654], [-120.36534, 41.37379], [-120.37523, 41.37374], [-120.37525, 41.37011], [-120.38018, 41.37008], [-120.38024, 41.36646], [-120.3654, 41.36654], [-120.36548, 41.35929], [-120.36053, 41.35933], [-120.35926, 41.34485], [-120.36898, 41.34474], [-120.36849, 41.34111], [-120.38302, 41.34104], [-120.38534, 41.35555], [-120.38039, 41.35557], [-120.38029, 41.36283], [-120.38523, 41.3628], [-120.38511, 41.37368], [-120.39005, 41.37366], [-120.39003, 41.38454], [-120.36036, 41.38468], [-120.36044, 41.36657], [-120.3654, 41.36654]]]}, "properties": {"id": "224", "name": "Fitzhugh Creek Wildlife Area", "kind": "public_land", "land_type": "Wildlife Area", "access_verbatim": "Open; Refer to regulations or contact CDFW regional or area office prior to visit.", "link": "http://www.wildlife.ca.gov/Lands/Places-to-Visit/Fitzhugh-Creek-WA", "cdfw_region": 1, "hunting": {"state": "type_classified", "entry": 36, "verbatim": "(3) \u201cType C\u201d wildlife areas are defined as wildlife areas that, except as provided in subsections 551(q) and 551(t), are open daily for hunting all legal species and do not require the purchase of a hunting pass for entry.", "ccr_cite": "14 CCR \u00a7 551(e)", "booklet_page": 74, "wildlife_area_type": "C", "restrictions": [], "absence_sentence": null, "name_note": null}}}, {"type": "Feature", "geometry": {"type": "Polygon", "coordinates": [[[-121.66163, 38.76303], [-121.6647, 38.75909], [-121.66678, 38.75969], [-121.66164, 38.76936], [-121.65392, 38.76414], [-121.63486, 38.76708], [-121.63624, 38.76269], [-121.63498, 38.74139], [-121.66023, 38.74151], [-121.65796, 38.75676], [-121.66163, 38.76303]]]}, "properties": {"id": "225", "name": "Fremont Weir Wildlife Area", "kind": "public_land", "land_type": "Wildlife Area", "access_verbatim": "Open; Refer to regulations or contact CDFW regional or area office prior to visit.", "link": "http://www.wildlife.ca.gov/Lands/Places-to-Visit/Fremont-Weir-WA", "cdfw_region": 2, "hunting": {"state": "type_classified", "entry": 37, "verbatim": "(3) \u201cType C\u201d wildlife areas are defined as wildlife areas that, except as provided in subsections 551(q) and 551(t), are open daily for hunting all legal species and do not require the purchase of a hunting pass for entry.", "ccr_cite": "14 CCR \u00a7 551(e)", "booklet_page": 74, "wildlife_area_type": "C", "restrictions": [{"entry": 16, "label": "Closure or restriction", "verbatim": "Closed to hunting February 1 through June 30 except for the spring turkey season when only turkeys may be hunted.", "ccr_cite": "14 CCR \u00a7 551", "booklet_table": "Closures and Restrictions on Wildlife Areas", "booklet_page": 83}, {"entry": 18, "label": "Firearm restriction", "verbatim": "Rifles and pistols are prohibited.", "ccr_cite": "14 CCR \u00a7 551", "booklet_table": "Wildlife Areas with Firearm Restrictions", "booklet_page": 90}], "absence_sentence": null, "name_note": null}}}, {"type": "Feature", "geometry": {"type": "Polygon", "coordinates": [[[-117.07657, 33.56915], [-117.0709, 33.56217], [-117.06634, 33.56381], [-117.06624, 33.55451], [-117.09542, 33.55956], [-117.09951, 33.55861], [-117.09797, 33.5613], [-117.08415, 33.56753], [-117.07657, 33.56915]]]}, "properties": {"id": "226", "name": "French Valley Wildlife Area", "kind": "public_land", "land_type": "Wildlife Area", "access_verbatim": "Open; Refer to regulations or contact CDFW regional or area office prior to visit.", "link": "http://www.wildlife.ca.gov/Lands/Places-to-Visit/French-Valley-WA", "cdfw_region": 6, "hunting": {"state": "type_classified", "entry": 38, "verbatim": "(3) \u201cType C\u201d wildlife areas are defined as wildlife areas that, except as provided in subsections 551(q) and 551(t), are open daily for hunting all legal species and do not require the purchase of a hunting pass for entry.", "ccr_cite": "14 CCR \u00a7 551(e)", "booklet_page": 74, "wildlife_area_type": "C", "restrictions": [], "absence_sentence": null, "name_note": null}}}, {"type": "Feature", "geometry": {"type": "MultiPolygon", "coordinates": [[[[-121.76225, 39.29681], [-121.78084, 39.29842], [-121.78098, 39.30388], [-121.78113, 39.29655], [-121.78562, 39.29658], [-121.7857, 39.3001], [-121.79037, 39.30013], [-121.79035, 39.30378], [-121.79815, 39.30372], [-121.79831, 39.30736], [-121.80774, 39.30734], [-121.80784, 39.31463], [-121.8172, 39.31452], [-121.81711, 39.3069], [-121.82138, 39.30688], [-121.82149, 39.30366], [-121.85451, 39.30458], [-121.85436, 39.31044], [-121.84972, 39.31053], [-121.84984, 39.31431], [-121.86391, 39.31432], [-121.86392, 39.3182], [-121.87289, 39.31833], [-121.8729, 39.33277], [-121.85444, 39.33262], [-121.85455, 39.33965], [-121.83584, 39.33991], [-121.83605, 39.34732], [-121.78154, 39.34796], [-121.78136, 39.33319], [-121.76244, 39.33328], [-121.76225, 39.29681]]], [[[-121.83608, 39.34754], [-121.84437, 39.34744], [-121.83613, 39.34869], [-121.83608, 39.34754]]]]}, "properties": {"id": "227", "name": "Gray Lodge Wildlife Area", "kind": "public_land", "land_type": "Wildlife Area", "access_verbatim": "Open; Refer to regulations or contact CDFW regional or area office prior to visit.", "link": "http://www.wildlife.ca.gov/Lands/Places-to-Visit/Gray-Lodge-WA", "cdfw_region": 2, "hunting": {"state": "type_classified", "entry": 40, "verbatim": "(1) \u201cType A\u201d wildlife areas are defined as wildlife areas which have restricted hunter access during waterfowl season, and require a hunting pass to be purchased in advance and exchanged for an entry permit at the wildlife area, per subsections 550.5(c) and 702(b) of these regulations. Reservations are available per subsection 550.5(a) of these regulations during waterfowl season. Species open for hunting are waterfowl, coots, moorhens, snipe, pheasant, and dove, unless otherwise specified in subsection 551(s). Except as provided in subsection 551(p) and Section 552 of these regulations, shoot days are Saturdays, Sundays, and Wednesdays during waterfowl season, youth waterfowl hunt days authorized in Section 502 of these regulations, and daily during the September dove season only. All Type A wildlife areas are closed to hunting on Christmas Day.", "ccr_cite": "14 CCR \u00a7 551(e)", "booklet_page": 74, "wildlife_area_type": "A", "restrictions": [{"entry": 17, "label": "Closure or restriction", "verbatim": "Closed to all non-hunting uses from two weeks prior to opening of waterfowl season through one week after end of waterfowl season except those areas designated for wildlife viewing purposes. The west side of the area is closed to falconry. Dove hunting allowed only in designated areas. Pheasant and quail hunting only allowed during the pheasant opening weekend and subsequent waterfowl shoot days occurring during the general pheasant season.", "ccr_cite": "14 CCR \u00a7 551", "booklet_table": "Closures and Restrictions on Wildlife Areas", "booklet_page": 83}, {"entry": 3, "label": "Additional hunter opportunity", "verbatim": "Species: Deer; Hunt Requirements: Allowed only with a G-12 deer tag available through the big game drawing.", "ccr_cite": "14 CCR \u00a7 551", "booklet_table": "Additional Hunter Opportunities on Type A and Type B Wildlife Areas", "booklet_page": 91}, {"entry": 4, "label": "Additional hunter opportunity", "verbatim": "Species: Quail and rabbit; Hunt Requirements: Allowed only on waterfowl shoot days during the pheasant season.", "ccr_cite": "14 CCR \u00a7 551", "booklet_table": "Additional Hunter Opportunities on Type A and Type B Wildlife Areas", "booklet_page": 91}, {"entry": 5, "label": "Additional hunter opportunity", "verbatim": "Species: Turkey; Hunt Requirements: Allowed only through a special drawing during the spring season.", "ccr_cite": "14 CCR \u00a7 551", "booklet_table": "Additional Hunter Opportunities on Type A and Type B Wildlife Areas", "booklet_page": 91}, {"entry": 3, "label": "Waterfowl reservation", "verbatim": "Number of Hunters Per Reservation: Two adults; each adult hunter may bring up to two junior hunters or two non-shooters or one of each.; Reservation Expires: One and one-half hours before shoot time.", "ccr_cite": "14 CCR \u00a7 551(x)", "booklet_table": "Additional Waterfowl Reservation Regulations", "booklet_page": 95}], "absence_sentence": null, "name_note": null}}}, {"type": "Feature", "geometry": {"type": "MultiPolygon", "coordinates": [[[[-119.27734, 38.15578], [-119.2865, 38.15581], [-119.28655, 38.16177], [-119.28203, 38.16085], [-119.27734, 38.15578]]], [[[-119.27745, 38.1956], [-119.27744, 38.18474], [-119.27284, 38.18473], [-119.27283, 38.17749], [-119.26823, 38.17748], [-119.26823, 38.17385], [-119.27283, 38.17387], [-119.27283, 38.17025], [-119.26823, 38.17023], [-119.2682, 38.163], [-119.27738, 38.16302], [-119.27735, 38.15697], [-119.28191, 38.16099], [-119.28655, 38.16194], [-119.28664, 38.17753], [-119.3142, 38.17746], [-119.31419, 38.1847], [-119.30503, 38.18483], [-119.30501, 38.19208], [-119.30042, 38.19206], [-119.30043, 38.18844], [-119.29583, 38.18842], [-119.29583, 38.19204], [-119.29124, 38.19202], [-119.29123, 38.19564], [-119.27745, 38.1956]]], [[[-119.24554, 38.12312], [-119.24551, 38.12674], [-119.24092, 38.12675], [-119.24087, 38.13399], [-119.23628, 38.134], [-119.23625, 38.13762], [-119.24085, 38.13761], [-119.24082, 38.14123], [-119.23162, 38.14126], [-119.23161, 38.14489], [-119.22703, 38.14488], [-119.22702, 38.14851], [-119.22243, 38.14851], [-119.22245, 38.14125], [-119.22704, 38.14126], [-119.22706, 38.13763], [-119.23165, 38.13763], [-119.23174, 38.12676], [-119.23633, 38.12675], [-119.23635, 38.12313], [-119.24094, 38.12313], [-119.24097, 38.11951], [-119.24556, 38.1195], [-119.24559, 38.11588], [-119.25936, 38.11585], [-119.25933, 38.11947], [-119.25016, 38.1195], [-119.25013, 38.12312], [-119.24554, 38.12312]]]]}, "properties": {"id": "228", "name": "Green Creek Wildlife Area", "kind": "public_land", "land_type": "Wildlife Area", "access_verbatim": "Open; Refer to regulations or contact CDFW regional or area office prior to visit.", "link": "http://www.wildlife.ca.gov/Lands/Places-to-Visit/Green-Creek-WA", "cdfw_region": 6, "hunting": {"state": "type_classified", "entry": 41, "verbatim": "(3) \u201cType C\u201d wildlife areas are defined as wildlife areas that, except as provided in subsections 551(q) and 551(t), are open daily for hunting all legal species and do not require the purchase of a hunting pass for entry.", "ccr_cite": "14 CCR \u00a7 551(e)", "booklet_page": 74, "wildlife_area_type": "C", "restrictions": [], "absence_sentence": null, "name_note": null}}}, {"type": "Feature", "geometry": {"type": "MultiPolygon", "coordinates": [[[[-122.1075, 38.0865], [-122.10641, 38.08487], [-122.10817, 38.08564], [-122.1075, 38.0865]]], [[[-122.10826, 38.08579], [-122.1082, 38.08545], [-122.10886, 38.08555], [-122.10808, 38.08608], [-122.10826, 38.08579]]], [[[-122.1216, 38.06768], [-122.10641, 38.08441], [-122.10213, 38.09954], [-122.09257, 38.09953], [-122.09238, 38.09338], [-122.10633, 38.08257], [-122.10221, 38.07877], [-122.1224, 38.06029], [-122.1262, 38.06179], [-122.126, 38.06224], [-122.12202, 38.06096], [-122.12171, 38.06105], [-122.11959, 38.06388], [-122.1216, 38.06768]]], [[[-122.1219, 38.06101], [-122.12034, 38.06411], [-122.12156, 38.06688], [-122.11967, 38.06386], [-122.1219, 38.06101]]], [[[-121.91599, 38.12662], [-121.9138, 38.12091], [-121.90881, 38.11832], [-121.90283, 38.1192], [-121.89555, 38.12581], [-121.88997, 38.12386], [-121.88906, 38.12033], [-121.89164, 38.11226], [-121.88979, 38.10486], [-121.8966, 38.09754], [-121.88894, 38.0944], [-121.88585, 38.0909], [-121.90384, 38.08549], [-121.91164, 38.09208], [-121.92668, 38.09355], [-121.94109, 38.08758], [-121.94364, 38.09806], [-121.95594, 38.09607], [-121.96277, 38.10703], [-121.98062, 38.1123], [-121.98069, 38.1306], [-121.99628, 38.14138], [-121.99992, 38.14798], [-121.99298, 38.1458], [-121.99513, 38.15154], [-121.97782, 38.15685], [-121.96692, 38.1501], [-121.95591, 38.13973], [-121.94731, 38.13752], [-121.93685, 38.12892], [-121.9146, 38.13471], [-121.91599, 38.12662]]], [[[-122.00073, 38.14965], [-122.00435, 38.15603], [-122.00276, 38.1575], [-122.00936, 38.16417], [-122.00309, 38.16822], [-121.99287, 38.16423], [-121.99434, 38.16138], [-121.98977, 38.16001], [-121.98664, 38.1547], [-122.00073, 38.14965]]], [[[-121.99597, 38.19282], [-121.99518, 38.19444], [-121.97696, 38.18822], [-121.98841, 38.1848], [-121.98686, 38.18769], [-121.98735, 38.18939], [-121.99597, 38.19282]]], [[[-121.99536, 38.19447], [-122.00005, 38.19183], [-122.00256, 38.1886], [-122.00346, 38.19134], [-122.00648, 38.19074], [-122.00598, 38.19341], [-122.00414, 38.19346], [-122.00791, 38.19517], [-122.0092, 38.19985], [-121.99536, 38.19447]]], [[[-122.06109, 38.20681], [-122.06458, 38.2001], [-122.0711, 38.20032], [-122.06484, 38.20682], [-122.06109, 38.20681]]], [[[-121.99633, 38.19239], [-121.98738, 38.189], [-121.98908, 38.18464], [-122.01242, 38.1782], [-122.02209, 38.17078], [-122.03835, 38.17167], [-122.05294, 38.15605], [-122.06831, 38.1697], [-122.05504, 38.17054], [-122.0544, 38.17367], [-122.05714, 38.17885], [-122.04739, 38.17704], [-122.04569, 38.18261], [-122.04358, 38.17857], [-122.04114, 38.18052], [-122.03692, 38.17848], [-122.03016, 38.18172], [-122.02959, 38.17857], [-122.02272, 38.17722], [-122.01338, 38.18068], [-122.01267, 38.1828], [-122.00585, 38.18409], [-121.99983, 38.19154], [-121.99633, 38.19239]]], [[[-121.96459, 38.18183], [-121.96342, 38.173], [-121.975, 38.16717], [-121.97376, 38.16377], [-121.97892, 38.16182], [-121.98047, 38.16331], [-121.97807, 38.1657], [-121.98552, 38.17182], [-121.9805, 38.1762], [-121.9841, 38.17949], [-121.98524, 38.1814], [-121.98538, 38.1825], [-121.98659, 38.18283], [-121.98548, 38.18316], [-121.98008, 38.1763], [-121.97567, 38.17636], [-121.96766, 38.18439], [-121.96459, 38.18183]]], [[[-122.09845, 38.13585], [-122.1012, 38.12573], [-122.1064, 38.12529], [-122.10984, 38.13583], [-122.09845, 38.13585]]]]}, "properties": {"id": "229", "name": "Grizzly Island Wildlife Area", "kind": "public_land", "land_type": "Wildlife Area", "access_verbatim": "Open; Refer to regulations or contact CDFW regional or area office prior to visit.", "link": "http://www.wildlife.ca.gov/Lands/Places-to-Visit/Grizzly-Island-WA", "cdfw_region": 3, "hunting": {"state": "type_classified", "entry": 42, "verbatim": "(1) \u201cType A\u201d wildlife areas are defined as wildlife areas which have restricted hunter access during waterfowl season, and require a hunting pass to be purchased in advance and exchanged for an entry permit at the wildlife area, per subsections 550.5(c) and 702(b) of these regulations. Reservations are available per subsection 550.5(a) of these regulations during waterfowl season. Species open for hunting are waterfowl, coots, moorhens, snipe, pheasant, and dove, unless otherwise specified in subsection 551(s). Except as provided in subsection 551(p) and Section 552 of these regulations, shoot days are Saturdays, Sundays, and Wednesdays during waterfowl season, youth waterfowl hunt days authorized in Section 502 of these regulations, and daily during the September dove season only. All Type A wildlife areas are closed to hunting on Christmas Day.", "ccr_cite": "14 CCR \u00a7 551(e)", "booklet_page": 74, "wildlife_area_type": "A", "restrictions": [{"entry": 6, "label": "Additional hunter opportunity", "verbatim": "Species: Tule elk; Hunt Requirements: Allowed only with an elk tag available through the big game drawing. Methods of take for big game are authorized per Section 353 of these regulations.", "ccr_cite": "14 CCR \u00a7 551", "booklet_table": "Additional Hunter Opportunities on Type A and Type B Wildlife Areas", "booklet_page": 91}, {"entry": 8, "label": "Additional hunter opportunity", "verbatim": "Species: Wild pig; Hunt Requirements: Allowed only with an entry permit obtained through a special drawing. Only shotguns with slugs and archery equipment are authorized. Rifles and pistols are prohibited.", "ccr_cite": "14 CCR \u00a7 551", "booklet_table": "Additional Hunter Opportunities on Type A and Type B Wildlife Areas", "booklet_page": 91}, {"entry": 4, "label": "Waterfowl reservation", "verbatim": "Number of Hunters Per Reservation: Two adults; each adult hunter may bring up to two junior hunters or two non-shooters or one of each. Reservation numbers are not used at Grizzly Island to determine the order in which entry permits are issued.; Reservation Expires: One hour before shoot time.", "ccr_cite": "14 CCR \u00a7 551(x)", "booklet_table": "Additional Waterfowl Reservation Regulations", "booklet_page": 95}], "absence_sentence": null, "name_note": null}}}, {"type": "Feature", "geometry": {"type": "MultiPolygon", "coordinates": [[[[-120.0733, 39.67988], [-120.07358, 39.66533], [-120.09223, 39.66533], [-120.09204, 39.67971], [-120.0733, 39.67988]]], [[[-120.07374, 39.69765], [-120.09241, 39.6977], [-120.09288, 39.70846], [-120.07398, 39.70859], [-120.07374, 39.69765]]], [[[-120.00659, 39.65015], [-120.02696, 39.65054], [-120.02709, 39.65449], [-120.03164, 39.65463], [-120.03164, 39.66145], [-120.03615, 39.66142], [-120.03649, 39.65053], [-120.05495, 39.65051], [-120.05437, 39.67944], [-120.05935, 39.67957], [-120.05935, 39.67956], [-120.0733, 39.67988], [-120.07337, 39.67989], [-120.07368, 39.69413], [-120.05512, 39.69416], [-120.05517, 39.70873], [-120.07398, 39.70859], [-120.07396, 39.71582], [-120.08348, 39.71587], [-120.08296, 39.73005], [-120.07828, 39.73003], [-120.07844, 39.72283], [-120.07356, 39.72287], [-120.0737, 39.7266], [-120.06502, 39.72673], [-120.0651, 39.73005], [-120.06948, 39.72998], [-120.06941, 39.73385], [-120.05544, 39.7339], [-120.05556, 39.73754], [-120.04522, 39.73761], [-120.04494, 39.73385], [-120.04142, 39.73384], [-120.04134, 39.73055], [-120.03671, 39.73058], [-120.03633, 39.72316], [-120.01587, 39.72319], [-120.01613, 39.74408], [-120.00114, 39.74406], [-120.00115, 39.67924], [-120.00542, 39.67917], [-120.01501, 39.68984], [-120.02302, 39.6943], [-120.01511, 39.68923], [-120.01077, 39.67908], [-120.00549, 39.67658], [-120.00115, 39.67023], [-120.00109, 39.66471], [-120.00654, 39.66473], [-120.00659, 39.65015]]], [[[-120.07828, 39.73003], [-120.07825, 39.73717], [-120.07336, 39.7373], [-120.07351, 39.73004], [-120.07828, 39.73003]]], [[[-120.00171, 39.7511], [-120.0166, 39.75024], [-120.01618, 39.76483], [-120.00132, 39.76551], [-120.00171, 39.7511]]]]}, "properties": {"id": "230", "name": "Hallelujah Junction Wildlife Area", "kind": "public_land", "land_type": "Wildlife Area", "access_verbatim": "Open; Refer to regulations or contact CDFW regional or area office prior to visit.", "link": "http://www.wildlife.ca.gov/Lands/Places-to-Visit/Hallelujah-Junction-WA", "cdfw_region": 2, "hunting": {"state": "type_classified", "entry": 43, "verbatim": "(3) \u201cType C\u201d wildlife areas are defined as wildlife areas that, except as provided in subsections 551(q) and 551(t), are open daily for hunting all legal species and do not require the purchase of a hunting pass for entry.", "ccr_cite": "14 CCR \u00a7 551(e)", "booklet_page": 74, "wildlife_area_type": "C", "restrictions": [{"entry": 21, "label": "Closure or restriction", "verbatim": "Closed to all visitor use from February 1 through June 30. Ranch house area closed to all visitor use. Dogs are prohibited except for hunting.", "ccr_cite": "14 CCR \u00a7 551", "booklet_table": "Closures and Restrictions on Wildlife Areas", "booklet_page": 84}], "absence_sentence": null, "name_note": null}}}, {"type": "Feature", "geometry": {"type": "Polygon", "coordinates": [[[-119.66709, 38.63356], [-119.66866, 38.66276], [-119.6227, 38.66303], [-119.62271, 38.65948], [-119.63164, 38.6594], [-119.63153, 38.6556], [-119.63607, 38.65562], [-119.63592, 38.65194], [-119.64961, 38.65184], [-119.64959, 38.64813], [-119.65427, 38.64814], [-119.6539, 38.63365], [-119.66709, 38.63356]]]}, "properties": {"id": "231", "name": "Heenan Lake Wildlife Area", "kind": "public_land", "land_type": "Wildlife Area", "access_verbatim": "Open; Refer to regulations or contact CDFW regional or area office prior to visit.", "link": "http://www.wildlife.ca.gov/Lands/Places-to-Visit/Heenan-Lake-WA", "cdfw_region": 2, "hunting": {"state": "type_classified", "entry": 44, "verbatim": "(3) \u201cType C\u201d wildlife areas are defined as wildlife areas that, except as provided in subsections 551(q) and 551(t), are open daily for hunting all legal species and do not require the purchase of a hunting pass for entry.", "ccr_cite": "14 CCR \u00a7 551(e)", "booklet_page": 74, "wildlife_area_type": "C", "restrictions": [], "absence_sentence": null, "name_note": null}}}, {"type": "Feature", "geometry": {"type": "MultiPolygon", "coordinates": [[[[-122.0332, 38.22299], [-122.03421, 38.22306], [-122.03372, 38.22417], [-122.0332, 38.22299]]], [[[-121.98915, 38.22639], [-121.98723, 38.22373], [-121.97989, 38.22436], [-121.97976, 38.2216], [-121.99692, 38.22417], [-122.01457, 38.22291], [-122.01233, 38.22489], [-122.00703, 38.2237], [-122.00687, 38.22464], [-122.0081, 38.22512], [-122.00475, 38.22593], [-122.00712, 38.22625], [-122.00858, 38.22518], [-122.00727, 38.22425], [-122.00861, 38.2241], [-122.01687, 38.22689], [-122.01819, 38.22607], [-122.01664, 38.22347], [-122.0185, 38.22302], [-122.02023, 38.24114], [-122.00669, 38.24076], [-122.00674, 38.23812], [-121.99915, 38.23621], [-121.98825, 38.23623], [-121.98915, 38.22639]]], [[[-122.02039, 38.2434], [-122.02042, 38.22913], [-122.02178, 38.22614], [-122.02407, 38.22614], [-122.02238, 38.22353], [-122.02535, 38.22142], [-122.02691, 38.2228], [-122.02752, 38.22059], [-122.0253, 38.21941], [-122.02744, 38.21887], [-122.02964, 38.22152], [-122.02709, 38.22393], [-122.03016, 38.2253], [-122.03243, 38.22377], [-122.03347, 38.2263], [-122.02548, 38.23264], [-122.02961, 38.23559], [-122.02969, 38.2439], [-122.02039, 38.2434]]]]}, "properties": {"id": "232", "name": "Hill Slough Wildlife Area", "kind": "public_land", "land_type": "Wildlife Area", "access_verbatim": "Open; Refer to regulations or contact CDFW regional or area office prior to visit.", "link": "http://www.wildlife.ca.gov/Lands/Places-to-Visit/Hill-Slough-WA", "cdfw_region": 3, "hunting": {"state": "type_classified", "entry": 45, "verbatim": "(3) \u201cType C\u201d wildlife areas are defined as wildlife areas that, except as provided in subsections 551(q) and 551(t), are open daily for hunting all legal species and do not require the purchase of a hunting pass for entry.", "ccr_cite": "14 CCR \u00a7 551(e)", "booklet_page": 74, "wildlife_area_type": "C", "restrictions": [{"entry": 22, "label": "Closure or restriction", "verbatim": "No hunting or possession of firearms or archery equipment.", "ccr_cite": "14 CCR \u00a7 551", "booklet_table": "Closures and Restrictions on Wildlife Areas", "booklet_page": 84}, {"entry": 20, "label": "Firearm restriction", "verbatim": "All firearms and archery equipment are prohibited.", "ccr_cite": "14 CCR \u00a7 551", "booklet_table": "Wildlife Areas with Firearm Restrictions", "booklet_page": 90}], "absence_sentence": null, "name_note": null}}}, {"type": "Feature", "geometry": {"type": "MultiPolygon", "coordinates": [[[[-116.85641, 32.70324], [-116.85656, 32.69777], [-116.85354, 32.69775], [-116.85731, 32.69651], [-116.85896, 32.69512], [-116.86719, 32.70345], [-116.85641, 32.70324]]], [[[-116.82253, 32.6676], [-116.82302, 32.66757], [-116.82341, 32.66795], [-116.82253, 32.6676]]], [[[-116.82594, 32.67045], [-116.82598, 32.67041], [-116.82648, 32.67056], [-116.82594, 32.67045]]], [[[-116.8042, 32.67169], [-116.79721, 32.66593], [-116.80496, 32.6658], [-116.80485, 32.65407], [-116.81339, 32.66321], [-116.82031, 32.66444], [-116.82199, 32.66734], [-116.8252, 32.66985], [-116.8229, 32.67033], [-116.81961, 32.66865], [-116.81687, 32.66783], [-116.81565, 32.66774], [-116.81453, 32.668], [-116.81356, 32.66862], [-116.81027, 32.67257], [-116.8042, 32.67169]]], [[[-116.78854, 32.66186], [-116.78634, 32.66182], [-116.78777, 32.66549], [-116.78589, 32.66654], [-116.78054, 32.67188], [-116.77651, 32.67178], [-116.77492, 32.66894], [-116.78015, 32.66897], [-116.77958, 32.65689], [-116.78823, 32.65701], [-116.78854, 32.66186]]], [[[-116.77541, 32.70109], [-116.77617, 32.68336], [-116.7717, 32.68342], [-116.7715, 32.6763], [-116.78047, 32.67613], [-116.78029, 32.67227], [-116.78609, 32.66661], [-116.79286, 32.66546], [-116.79298, 32.66917], [-116.79777, 32.66947], [-116.79767, 32.66655], [-116.80431, 32.672], [-116.80673, 32.67296], [-116.80955, 32.6729], [-116.81088, 32.6725], [-116.81571, 32.6679], [-116.82291, 32.6705], [-116.83257, 32.67135], [-116.84243, 32.68342], [-116.83955, 32.68728], [-116.84654, 32.69112], [-116.84994, 32.68622], [-116.85881, 32.69495], [-116.85328, 32.69774], [-116.82222, 32.69752], [-116.82225, 32.70455], [-116.82641, 32.70458], [-116.82638, 32.7011], [-116.83056, 32.7011], [-116.83059, 32.71179], [-116.81569, 32.71164], [-116.81373, 32.70917], [-116.81199, 32.71159], [-116.81202, 32.70811], [-116.80785, 32.70812], [-116.80785, 32.70444], [-116.79499, 32.7046], [-116.79499, 32.70113], [-116.79087, 32.7012], [-116.7909, 32.70466], [-116.7884, 32.7047], [-116.78643, 32.70317], [-116.7877, 32.70125], [-116.7829, 32.70317], [-116.78293, 32.70118], [-116.77541, 32.70109]]], [[[-116.80958, 32.67623], [-116.80926, 32.67932], [-116.81338, 32.67938], [-116.81337, 32.67936], [-116.80958, 32.67623]]], [[[-116.80808, 32.69736], [-116.80343, 32.69736], [-116.80346, 32.70099], [-116.80813, 32.69992], [-116.80808, 32.69736]]], [[[-116.80107, 32.70151], [-116.80105, 32.70349], [-116.80054, 32.70412], [-116.80346, 32.70209], [-116.80107, 32.70151]]]]}, "properties": {"id": "233", "name": "Hollenbeck Canyon Wildlife Area", "kind": "public_land", "land_type": "Wildlife Area", "access_verbatim": "Open; Refer to regulations or contact CDFW regional or area office prior to visit.", "link": "http://www.wildlife.ca.gov/Lands/Places-to-Visit/Hollenbeck-Canyon-WA", "cdfw_region": 5, "hunting": {"state": "type_classified", "entry": 46, "verbatim": "(3) \u201cType C\u201d wildlife areas are defined as wildlife areas that, except as provided in subsections 551(q) and 551(t), are open daily for hunting all legal species and do not require the purchase of a hunting pass for entry.", "ccr_cite": "14 CCR \u00a7 551(e)", "booklet_page": 74, "wildlife_area_type": "C", "restrictions": [{"entry": 23, "label": "Closure or restriction", "verbatim": "Hunting is allowed in designated areas only. Closed to hunting February 1 through August 31, except for crow hunting, which is allowed after January 31 until the end of the crow season in designated area(s) only.", "ccr_cite": "14 CCR \u00a7 551", "booklet_table": "Closures and Restrictions on Wildlife Areas", "booklet_page": 84}, {"entry": 21, "label": "Firearm restriction", "verbatim": "Rifles and pistols are prohibited.", "ccr_cite": "14 CCR \u00a7 551", "booklet_table": "Wildlife Areas with Firearm Restrictions", "booklet_page": 90}, {"entry": 8, "label": "Species restriction", "verbatim": "Crow, coyote, upland game birds, and resident small game only.", "ccr_cite": "14 CCR \u00a7 551(t)", "booklet_table": "Species Restrictions for Hunting on Type C Wildlife Areas", "booklet_page": 93}], "absence_sentence": null, "name_note": null}}}, {"type": "Feature", "geometry": {"type": "MultiPolygon", "coordinates": [[[[-120.3418, 40.29457], [-120.38462, 40.28669], [-120.38471, 40.28926], [-120.39365, 40.28935], [-120.39369, 40.29286], [-120.40791, 40.29274], [-120.40786, 40.29631], [-120.40333, 40.29646], [-120.40349, 40.30013], [-120.42106, 40.29996], [-120.42093, 40.30385], [-120.41562, 40.30441], [-120.41574, 40.31451], [-120.408, 40.31461], [-120.40808, 40.32172], [-120.37054, 40.32218], [-120.37033, 40.31861], [-120.35631, 40.31875], [-120.35619, 40.31148], [-120.34201, 40.31161], [-120.34188, 40.30805], [-120.34663, 40.30437], [-120.35139, 40.30431], [-120.35122, 40.30064], [-120.34188, 40.30071], [-120.3418, 40.29457]]], [[[-120.28547, 40.32134], [-120.28538, 40.31216], [-120.29017, 40.31214], [-120.29021, 40.31507], [-120.30962, 40.31521], [-120.30954, 40.32259], [-120.30256, 40.32252], [-120.30225, 40.32996], [-120.29522, 40.32994], [-120.29538, 40.33726], [-120.29041, 40.3373], [-120.29059, 40.34462], [-120.30485, 40.34463], [-120.30482, 40.34827], [-120.31426, 40.34814], [-120.31434, 40.35912], [-120.30967, 40.35919], [-120.30984, 40.36639], [-120.30517, 40.36647], [-120.30502, 40.36355], [-120.30216, 40.36288], [-120.29063, 40.36292], [-120.29049, 40.35936], [-120.28093, 40.35927], [-120.28082, 40.35571], [-120.26667, 40.35577], [-120.26643, 40.34192], [-120.28547, 40.32134]]], [[[-120.33703, 40.29772], [-120.3369, 40.30323], [-120.3337, 40.30405], [-120.33035, 40.30187], [-120.33703, 40.29772]]]]}, "properties": {"id": "234", "name": "Honey Lake Wildlife Area", "kind": "public_land", "land_type": "Wildlife Area", "access_verbatim": "Open; Refer to regulations or contact CDFW regional or area office prior to visit.", "link": "http://www.wildlife.ca.gov/Lands/Places-to-Visit/Honey-Lake-WA", "cdfw_region": 1, "hunting": {"state": "type_classified", "entry": 47, "verbatim": "(2) \u201cType B\u201d wildlife areas are defined as wildlife areas which have restricted hunter access during waterfowl season and require a Type A or Type B season hunting pass to be purchased in advance and presented for an entry permit at the wildlife area, per subsection 550.5(c) and Section 702 of these regulations. Reservations are required for opening weekend per subsection 550.5(a) of these regulations. Species open for hunting include waterfowl, coots, moorhens, snipe, pheasant, and dove, unless otherwise specified in subsection 551(s). Except as provided in subsection 551(p), shoot days are Saturdays, Sundays, and Wednesdays during waterfowl season and daily during the September dove season only. All Type B wildlife areas are closed to hunting on Christmas Day, except as provided in subsection 551(o).", "ccr_cite": "14 CCR \u00a7 551(e)", "booklet_page": 74, "wildlife_area_type": "B", "restrictions": [{"entry": 9, "label": "Additional hunter opportunity", "verbatim": "Species: Quail and rabbit; Hunt Requirements: Allowed only on waterfowl shoot days that occur during the pheasant season.", "ccr_cite": "14 CCR \u00a7 551", "booklet_table": "Additional Hunter Opportunities on Type A and Type B Wildlife Areas", "booklet_page": 91}], "absence_sentence": null, "name_note": null}}}, {"type": "Feature", "geometry": {"type": "MultiPolygon", "coordinates": [[[[-119.93684, 38.77119], [-119.93679, 38.77478], [-119.94148, 38.77468], [-119.94147, 38.78199], [-119.93689, 38.78194], [-119.93694, 38.7857], [-119.93232, 38.78564], [-119.93238, 38.79296], [-119.93696, 38.79292], [-119.93674, 38.79657], [-119.93212, 38.79659], [-119.93188, 38.80736], [-119.90084, 38.80744], [-119.9004, 38.78553], [-119.91358, 38.78552], [-119.91343, 38.77821], [-119.90379, 38.77817], [-119.90386, 38.77463], [-119.93212, 38.77468], [-119.93217, 38.77124], [-119.93684, 38.77119]]], [[[-119.9184, 38.78556], [-119.91838, 38.78925], [-119.92303, 38.78922], [-119.92301, 38.78561], [-119.9184, 38.78556]]], [[[-119.91838, 38.78925], [-119.91343, 38.78931], [-119.91345, 38.79293], [-119.91838, 38.79291], [-119.91838, 38.78925]]], [[[-119.95169, 38.73082], [-119.95175, 38.73824], [-119.95636, 38.73819], [-119.95644, 38.74559], [-119.95181, 38.74564], [-119.95192, 38.7603], [-119.94734, 38.76036], [-119.94728, 38.75304], [-119.94266, 38.75314], [-119.9426, 38.7494], [-119.94719, 38.74938], [-119.94717, 38.74573], [-119.94267, 38.74578], [-119.94249, 38.73833], [-119.94718, 38.73828], [-119.94707, 38.73087], [-119.95169, 38.73082]]], [[[-119.93978, 38.71821], [-119.93885, 38.71369], [-119.94084, 38.71375], [-119.94167, 38.71818], [-119.93978, 38.71821]]]]}, "properties": {"id": "235", "name": "Hope Valley Wildlife Area", "kind": "public_land", "land_type": "Wildlife Area", "access_verbatim": "Open; Refer to regulations or contact CDFW regional or area office prior to visit.", "link": "http://www.wildlife.ca.gov/Lands/Places-to-Visit/Hope-Valley-WA", "cdfw_region": 2, "hunting": {"state": "type_classified", "entry": 48, "verbatim": "(3) \u201cType C\u201d wildlife areas are defined as wildlife areas that, except as provided in subsections 551(q) and 551(t), are open daily for hunting all legal species and do not require the purchase of a hunting pass for entry.", "ccr_cite": "14 CCR \u00a7 551(e)", "booklet_page": 74, "wildlife_area_type": "C", "restrictions": [{"entry": 25, "label": "Closure or restriction", "verbatim": "Closed to hunting from February 1 until the opening of archery deer season.", "ccr_cite": "14 CCR \u00a7 551", "booklet_table": "Closures and Restrictions on Wildlife Areas", "booklet_page": 84}], "absence_sentence": null, "name_note": null}}}, {"type": "Feature", "geometry": {"type": "MultiPolygon", "coordinates": [[[[-122.51561, 42.00296], [-122.53494, 42.00253], [-122.53488, 42.00769], [-122.51555, 42.00805], [-122.51561, 42.00296]]], [[[-122.49678, 42.0032], [-122.49654, 41.98867], [-122.51582, 41.98836], [-122.51561, 42.00296], [-122.49678, 42.0032]]], [[[-122.47705, 41.98876], [-122.47686, 41.97429], [-122.46538, 41.97457], [-122.46552, 41.98916], [-122.47705, 41.98876], [-122.47778, 42.00319], [-122.46073, 42.00467], [-122.46073, 41.99006], [-122.44066, 41.99038], [-122.44078, 41.9757], [-122.4605, 41.97474], [-122.46046, 41.96065], [-122.51618, 41.95928], [-122.51594, 41.97382], [-122.49625, 41.97414], [-122.49654, 41.98867], [-122.47705, 41.98876]]], [[[-122.47813, 42.00815], [-122.47778, 42.00319], [-122.49678, 42.0032], [-122.49682, 42.00812], [-122.47813, 42.00815]]], [[[-122.44074, 42.00498], [-122.46073, 42.00467], [-122.46023, 42.00824], [-122.44039, 42.0083], [-122.44074, 42.00498]]]]}, "properties": {"id": "236", "name": "Horseshoe Ranch Wildlife Area", "kind": "public_land", "land_type": "Wildlife Area", "access_verbatim": "Open; Refer to regulations or contact CDFW regional or area office prior to visit.", "link": "http://www.wildlife.ca.gov/Lands/Places-to-Visit/Horseshoe-Ranch-WA", "cdfw_region": 1, "hunting": {"state": "type_classified", "entry": 49, "verbatim": "(3) \u201cType C\u201d wildlife areas are defined as wildlife areas that, except as provided in subsections 551(q) and 551(t), are open daily for hunting all legal species and do not require the purchase of a hunting pass for entry.", "ccr_cite": "14 CCR \u00a7 551(e)", "booklet_page": 74, "wildlife_area_type": "C", "restrictions": [{"entry": 22, "label": "Firearm restriction", "verbatim": "During spring turkey season only shotguns and archery equipment may be used.", "ccr_cite": "14 CCR \u00a7 551", "booklet_table": "Wildlife Areas with Firearm Restrictions", "booklet_page": 90}], "absence_sentence": null, "name_note": null}}}, {"type": "Feature", "geometry": {"type": "MultiPolygon", "coordinates": [[[[-115.50082, 33.04466], [-115.50283, 33.04826], [-115.50321, 33.05627], [-115.51078, 33.06634], [-115.50753, 33.0705], [-115.5017, 33.06641], [-115.50338, 33.06617], [-115.49633, 33.06331], [-115.49632, 33.05935], [-115.49201, 33.05936], [-115.49204, 33.0519], [-115.48774, 33.0519], [-115.49064, 33.04829], [-115.48684, 33.04463], [-115.50082, 33.04466]]], [[[-115.52445, 33.09549], [-115.51589, 33.08858], [-115.52352, 33.08173], [-115.52737, 33.08225], [-115.52737, 33.08593], [-115.53212, 33.0897], [-115.53631, 33.08973], [-115.53639, 33.09678], [-115.54452, 33.09681], [-115.54453, 33.10139], [-115.53492, 33.09666], [-115.53489, 33.10333], [-115.52347, 33.10331], [-115.52445, 33.09549]]], [[[-115.58706, 33.1839], [-115.59709, 33.1839], [-115.59707, 33.19842], [-115.5755, 33.19841], [-115.5755, 33.19116], [-115.58408, 33.19116], [-115.58619, 33.18826], [-115.58372, 33.18612], [-115.58706, 33.1839]]], [[[-115.51352, 33.06634], [-115.51359, 33.07006], [-115.51724, 33.07521], [-115.52331, 33.07521], [-115.52351, 33.08137], [-115.52068, 33.08223], [-115.51517, 33.08936], [-115.5147, 33.08397], [-115.50864, 33.08225], [-115.50441, 33.07529], [-115.51113, 33.06634], [-115.51352, 33.06634]]], [[[-115.56267, 33.2344], [-115.56272, 33.22776], [-115.57972, 33.22781], [-115.57967, 33.23462], [-115.56267, 33.2344]]], [[[-115.57962, 33.2348], [-115.57977, 33.24926], [-115.5884, 33.24926], [-115.58851, 33.26367], [-115.5971, 33.2637], [-115.59709, 33.28545], [-115.60129, 33.28547], [-115.60128, 33.28909], [-115.6056, 33.28909], [-115.60561, 33.29277], [-115.60996, 33.29276], [-115.60995, 33.30366], [-115.61441, 33.30365], [-115.6143, 33.31093], [-115.61859, 33.31092], [-115.6186, 33.31455], [-115.61432, 33.31463], [-115.61429, 33.32182], [-115.60922, 33.32181], [-115.56256, 33.26509], [-115.56274, 33.24913], [-115.55374, 33.24916], [-115.55365, 33.23475], [-115.57962, 33.2348]]]]}, "properties": {"id": "237", "name": "Imperial Wildlife Area", "kind": "public_land", "land_type": "Wildlife Area", "access_verbatim": "Open; Refer to regulations or contact CDFW regional or area office prior to visit.", "link": "http://www.wildlife.ca.gov/Lands/Places-to-Visit/Imperial-Valley-WA", "cdfw_region": 6, "hunting": {"state": "type_classified", "entry": 50, "verbatim": "(1) \u201cType A\u201d wildlife areas are defined as wildlife areas which have restricted hunter access during waterfowl season, and require a hunting pass to be purchased in advance and exchanged for an entry permit at the wildlife area, per subsections 550.5(c) and 702(b) of these regulations. Reservations are available per subsection 550.5(a) of these regulations during waterfowl season. Species open for hunting are waterfowl, coots, moorhens, snipe, pheasant, and dove, unless otherwise specified in subsection 551(s). Except as provided in subsection 551(p) and Section 552 of these regulations, shoot days are Saturdays, Sundays, and Wednesdays during waterfowl season, youth waterfowl hunt days authorized in Section 502 of these regulations, and daily during the September dove season only. All Type A wildlife areas are closed to hunting on Christmas Day.", "ccr_cite": "14 CCR \u00a7 551(e)", "booklet_page": 74, "wildlife_area_type": "A", "restrictions": [{"entry": 10, "label": "Additional hunter opportunity", "verbatim": "Species: Quail; Hunt Requirements: Allowed only on pheasant hunt days.", "ccr_cite": "14 CCR \u00a7 551", "booklet_table": "Additional Hunter Opportunities on Type A and Type B Wildlife Areas", "booklet_page": 91}], "absence_sentence": null, "name_note": null}}}, {"type": "Feature", "geometry": {"type": "MultiPolygon", "coordinates": [[[[-122.52715, 39.08147], [-122.52511, 39.08035], [-122.52365, 39.07999], [-122.52712, 39.07995], [-122.52715, 39.08147]]], [[[-122.5272, 39.08364], [-122.53148, 39.08353], [-122.53173, 39.09081], [-122.53638, 39.0908], [-122.5365, 39.08716], [-122.54158, 39.0871], [-122.54124, 39.07972], [-122.55067, 39.08015], [-122.55081, 39.08736], [-122.5461, 39.08736], [-122.54606, 39.09441], [-122.55093, 39.09477], [-122.5512, 39.12439], [-122.53695, 39.12426], [-122.53705, 39.13912], [-122.54176, 39.13911], [-122.54177, 39.14652], [-122.53239, 39.14659], [-122.53249, 39.15432], [-122.52303, 39.15432], [-122.52292, 39.1393], [-122.53229, 39.13922], [-122.532, 39.12054], [-122.52752, 39.12059], [-122.5271, 39.09452], [-122.52243, 39.09459], [-122.52229, 39.08001], [-122.5272, 39.08364]]], [[[-122.53649, 39.09428], [-122.53655, 39.09803], [-122.53183, 39.09829], [-122.53209, 39.11322], [-122.5367, 39.11313], [-122.53692, 39.12051], [-122.54619, 39.12046], [-122.54615, 39.1168], [-122.54167, 39.11669], [-122.54191, 39.09426], [-122.53649, 39.09428]]], [[[-122.5512, 39.12439], [-122.55597, 39.12435], [-122.55583, 39.15016], [-122.5647, 39.15006], [-122.56488, 39.14653], [-122.5742, 39.14632], [-122.57432, 39.14991], [-122.57884, 39.14979], [-122.57887, 39.15377], [-122.56954, 39.15403], [-122.56956, 39.15743], [-122.56755, 39.15749], [-122.56747, 39.15488], [-122.56577, 39.15746], [-122.5604, 39.15747], [-122.56044, 39.15389], [-122.55115, 39.15397], [-122.55124, 39.16138], [-122.54655, 39.16143], [-122.54641, 39.15792], [-122.54463, 39.15789], [-122.54189, 39.158], [-122.54184, 39.16151], [-122.53728, 39.16162], [-122.53762, 39.16698], [-122.5418, 39.1653], [-122.54161, 39.17251], [-122.5371, 39.1724], [-122.5373, 39.16889], [-122.52806, 39.16877], [-122.52785, 39.16527], [-122.5326, 39.16519], [-122.53253, 39.15806], [-122.53725, 39.15793], [-122.53703, 39.15436], [-122.54183, 39.15429], [-122.54176, 39.15034], [-122.551, 39.15015], [-122.5512, 39.12439]]], [[[-122.57889, 39.16101], [-122.57887, 39.15652], [-122.58433, 39.1565], [-122.58779, 39.15965], [-122.58184, 39.15815], [-122.58189, 39.1618], [-122.57889, 39.16101]]]]}, "properties": {"id": "238", "name": "Indian Valley Wildlife Area", "kind": "public_land", "land_type": "Wildlife Area", "access_verbatim": "Open; Refer to regulations or contact CDFW regional or area office prior to visit.", "link": "http://www.wildlife.ca.gov/Lands/Places-to-Visit/Indian-Valley-WA", "cdfw_region": 2, "hunting": {"state": "type_classified", "entry": 51, "verbatim": "(3) \u201cType C\u201d wildlife areas are defined as wildlife areas that, except as provided in subsections 551(q) and 551(t), are open daily for hunting all legal species and do not require the purchase of a hunting pass for entry.", "ccr_cite": "14 CCR \u00a7 551(e)", "booklet_page": 74, "wildlife_area_type": "C", "restrictions": [], "absence_sentence": null, "name_note": null}}}, {"type": "Feature", "geometry": {"type": "Polygon", "coordinates": [[[-115.65402, 35.0121], [-115.67209, 35.0022], [-115.91283, 35.00157], [-115.95494, 35.02082], [-115.95389, 35.02256], [-115.93415, 35.02385], [-115.91351, 35.05556], [-115.86903, 35.07527], [-115.91145, 35.12878], [-115.91795, 35.1327], [-115.92896, 35.14837], [-115.94128, 35.15755], [-115.97061, 35.22575], [-115.9172, 35.2066], [-115.89346, 35.21651], [-115.89271, 35.21857], [-115.88891, 35.21826], [-115.87649, 35.20426], [-115.87208, 35.2022], [-115.87238, 35.1964], [-115.86671, 35.18832], [-115.83073, 35.1682], [-115.78354, 35.15292], [-115.74219, 35.15276], [-115.73189, 35.14504], [-115.71648, 35.14693], [-115.67898, 35.11713], [-115.67393, 35.10989], [-115.67141, 35.07226], [-115.6641, 35.02525], [-115.65402, 35.0121]]]}, "properties": {"id": "239", "name": "Kelso Peak & Old Dad Mountains Wildlife Area", "kind": "public_land", "land_type": "Wildlife Area", "access_verbatim": "Open; Refer to regulations or contact CDFW regional or area office prior to visit.", "link": "http://www.wildlife.ca.gov/Lands/Places-to-Visit/Kelso-Peak-Old-Dad-Mountains-WA", "cdfw_region": 6, "hunting": {"state": "type_classified", "entry": 52, "verbatim": "(3) \u201cType C\u201d wildlife areas are defined as wildlife areas that, except as provided in subsections 551(q) and 551(t), are open daily for hunting all legal species and do not require the purchase of a hunting pass for entry.", "ccr_cite": "14 CCR \u00a7 551(e)", "booklet_page": 74, "wildlife_area_type": "C", "restrictions": [], "absence_sentence": null, "name_note": null}}}, {"type": "Feature", "geometry": {"type": "Polygon", "coordinates": [[[-119.35663, 37.19936], [-119.35668, 37.20281], [-119.35904, 37.20279], [-119.3593, 37.21409], [-119.36347, 37.21402], [-119.36365, 37.21572], [-119.34819, 37.21589], [-119.34802, 37.2084], [-119.35221, 37.20834], [-119.34951, 37.19576], [-119.36576, 37.19543], [-119.3657, 37.19927], [-119.35663, 37.19936]]]}, "properties": {"id": "240", "name": "Kinsman Flat Wildlife Area", "kind": "public_land", "land_type": "Wildlife Area", "access_verbatim": "Open; Refer to regulations or contact CDFW regional or area office prior to visit.", "link": "http://www.wildlife.ca.gov/Lands/Places-to-Visit/Kinsman-Flat-WA", "cdfw_region": 4, "hunting": {"state": "type_classified", "entry": 53, "verbatim": "(3) \u201cType C\u201d wildlife areas are defined as wildlife areas that, except as provided in subsections 551(q) and 551(t), are open daily for hunting all legal species and do not require the purchase of a hunting pass for entry.", "ccr_cite": "14 CCR \u00a7 551(e)", "booklet_page": 74, "wildlife_area_type": "C", "restrictions": [{"entry": 24, "label": "Firearm restriction", "verbatim": "During spring turkey season only shotguns and archery equipment may be used.", "ccr_cite": "14 CCR \u00a7 551", "booklet_table": "Wildlife Areas with Firearm Restrictions", "booklet_page": 90}], "absence_sentence": null, "name_note": null}}}, {"type": "Feature", "geometry": {"type": "MultiPolygon", "coordinates": [[[[-122.33541, 38.7313], [-122.33424, 38.72993], [-122.34432, 38.72812], [-122.3455, 38.72949], [-122.33541, 38.7313]]], [[[-122.3343, 38.74146], [-122.33347, 38.73784], [-122.33752, 38.73812], [-122.33805, 38.74016], [-122.33932, 38.7379], [-122.34092, 38.73885], [-122.33962, 38.7414], [-122.3343, 38.74146]]], [[[-122.29864, 38.83953], [-122.29633, 38.83977], [-122.2963, 38.83921], [-122.29864, 38.83953]]], [[[-122.26878, 38.69821], [-122.27569, 38.69796], [-122.28176, 38.70083], [-122.28159, 38.71973], [-122.29578, 38.71989], [-122.29578, 38.72691], [-122.31433, 38.72686], [-122.31443, 38.73378], [-122.30976, 38.73382], [-122.30978, 38.7375], [-122.31445, 38.73748], [-122.31449, 38.74849], [-122.31913, 38.7486], [-122.31771, 38.75632], [-122.32246, 38.75631], [-122.32247, 38.76353], [-122.32721, 38.76353], [-122.32721, 38.76713], [-122.33195, 38.76713], [-122.33195, 38.76352], [-122.34136, 38.76353], [-122.34133, 38.7743], [-122.33195, 38.77434], [-122.33195, 38.77073], [-122.32247, 38.77075], [-122.32248, 38.76714], [-122.31312, 38.76716], [-122.31283, 38.75269], [-122.30319, 38.75271], [-122.30369, 38.76357], [-122.30837, 38.76356], [-122.30854, 38.77076], [-122.31775, 38.77075], [-122.31776, 38.77436], [-122.32249, 38.77435], [-122.32249, 38.77796], [-122.32722, 38.77795], [-122.32727, 38.78512], [-122.33198, 38.78513], [-122.33201, 38.78871], [-122.3367, 38.78873], [-122.33672, 38.79233], [-122.34136, 38.79234], [-122.34137, 38.79956], [-122.32744, 38.79941], [-122.32741, 38.79583], [-122.32276, 38.79578], [-122.32269, 38.79223], [-122.31802, 38.7922], [-122.31815, 38.7993], [-122.32279, 38.79935], [-122.32094, 38.80808], [-122.32037, 38.8076], [-122.31823, 38.80659], [-122.31699, 38.80185], [-122.31542, 38.80004], [-122.3142, 38.79913], [-122.31139, 38.79759], [-122.30491, 38.79552], [-122.30406, 38.79558], [-122.30283, 38.79598], [-122.30225, 38.79589], [-122.30029, 38.79344], [-122.29591, 38.78907], [-122.28596, 38.78542], [-122.28584, 38.78479], [-122.28375, 38.78247], [-122.28061, 38.78107], [-122.27906, 38.78076], [-122.27878, 38.77938], [-122.27843, 38.77886], [-122.27711, 38.7779], [-122.27558, 38.77785], [-122.27479, 38.77629], [-122.27394, 38.77547], [-122.2712, 38.77431], [-122.272, 38.77161], [-122.27041, 38.76316], [-122.27371, 38.75997], [-122.27531, 38.75627], [-122.27965, 38.75352], [-122.28229, 38.75092], [-122.28255, 38.7496], [-122.27802, 38.74401], [-122.27743, 38.74383], [-122.27487, 38.74416], [-122.27479, 38.74299], [-122.2745, 38.74235], [-122.27214, 38.74072], [-122.27257, 38.7376], [-122.27228, 38.73566], [-122.26918, 38.72745], [-122.26074, 38.71545], [-122.26121, 38.70834], [-122.2644, 38.70556], [-122.26747, 38.70173], [-122.26951, 38.70077], [-122.26973, 38.69934], [-122.26878, 38.69821]]], [[[-122.22529, 38.69904], [-122.26943, 38.69909], [-122.26119, 38.70784], [-122.2606, 38.71559], [-122.26905, 38.72749], [-122.27201, 38.74077], [-122.27478, 38.74424], [-122.27793, 38.74408], [-122.28236, 38.74963], [-122.27519, 38.75621], [-122.27028, 38.76312], [-122.27183, 38.7718], [-122.2703, 38.77331], [-122.27145, 38.77468], [-122.27479, 38.77651], [-122.27531, 38.77793], [-122.27818, 38.77889], [-122.27905, 38.78097], [-122.28371, 38.78257], [-122.28586, 38.78556], [-122.29577, 38.7892], [-122.30191, 38.79596], [-122.31576, 38.80055], [-122.31824, 38.80676], [-122.326, 38.81264], [-122.32695, 38.81604], [-122.33255, 38.81933], [-122.32964, 38.82002], [-122.32964, 38.82453], [-122.33676, 38.82472], [-122.33745, 38.84275], [-122.30025, 38.8428], [-122.30025, 38.83749], [-122.29575, 38.83751], [-122.29564, 38.82371], [-122.29107, 38.82371], [-122.29103, 38.81659], [-122.28648, 38.81655], [-122.28647, 38.81297], [-122.27739, 38.81293], [-122.27739, 38.80931], [-122.27316, 38.80934], [-122.27286, 38.80585], [-122.27079, 38.80585], [-122.26831, 38.80183], [-122.26834, 38.79184], [-122.26382, 38.79185], [-122.26383, 38.78484], [-122.25941, 38.78487], [-122.25949, 38.77776], [-122.25507, 38.77779], [-122.25509, 38.76694], [-122.2464, 38.76699], [-122.24617, 38.75239], [-122.24789, 38.75159], [-122.23826, 38.73669], [-122.23853, 38.73086], [-122.23448, 38.72685], [-122.23038, 38.72727], [-122.22929, 38.71344], [-122.22678, 38.71368], [-122.22544, 38.71025], [-122.22529, 38.69904]]], [[[-122.32372, 38.8106], [-122.32752, 38.81014], [-122.32753, 38.81372], [-122.33676, 38.81391], [-122.33675, 38.82007], [-122.33308, 38.81999], [-122.3323, 38.81886], [-122.32727, 38.81605], [-122.32643, 38.81272], [-122.32372, 38.8106]]], [[[-122.35453, 38.73524], [-122.35252, 38.73476], [-122.35271, 38.7311], [-122.35472, 38.73158], [-122.35453, 38.73524]]]]}, "properties": {"id": "241", "name": "Knoxville Wildlife Area", "kind": "public_land", "land_type": "Wildlife Area", "access_verbatim": "Open; Refer to regulations or contact CDFW regional or area office prior to visit.", "link": "http://www.wildlife.ca.gov/Lands/Places-to-Visit/Knoxville-WA", "cdfw_region": 3, "hunting": {"state": "type_classified", "entry": 54, "verbatim": "(3) \u201cType C\u201d wildlife areas are defined as wildlife areas that, except as provided in subsections 551(q) and 551(t), are open daily for hunting all legal species and do not require the purchase of a hunting pass for entry.", "ccr_cite": "14 CCR \u00a7 551(e)", "booklet_page": 74, "wildlife_area_type": "C", "restrictions": [{"entry": 9, "label": "Shooting restriction or drawing requirement", "verbatim": "Special draw entry permits are required for all visitor entry during the first week of the A-Zone deer season.", "ccr_cite": "14 CCR \u00a7 551", "booklet_table": "Wildlife Areas with Shooting Restrictions and/or Special Drawing Requirements", "booklet_page": 88}], "absence_sentence": null, "name_note": null}}}, {"type": "Feature", "geometry": {"type": "MultiPolygon", "coordinates": [[[[-122.7974, 38.39057], [-122.79709, 38.38673], [-122.79747, 38.39027], [-122.80674, 38.39026], [-122.8068, 38.38821], [-122.80681, 38.39034], [-122.80631, 38.39197], [-122.81289, 38.39399], [-122.81331, 38.39691], [-122.80151, 38.39937], [-122.80195, 38.3964], [-122.79651, 38.39554], [-122.79465, 38.39747], [-122.79743, 38.39412], [-122.79537, 38.3913], [-122.7974, 38.39057]]], [[[-122.82951, 38.42596], [-122.83458, 38.42677], [-122.8345, 38.43053], [-122.83925, 38.42946], [-122.83962, 38.42764], [-122.83905, 38.44507], [-122.83497, 38.45195], [-122.8358, 38.44724], [-122.83868, 38.44472], [-122.83871, 38.43779], [-122.83084, 38.43596], [-122.83143, 38.43348], [-122.8284, 38.43055], [-122.82984, 38.43055], [-122.82951, 38.42596]]], [[[-122.83738, 38.45195], [-122.83839, 38.45581], [-122.83529, 38.45658], [-122.83403, 38.46124], [-122.83717, 38.46247], [-122.83991, 38.46695], [-122.83369, 38.46127], [-122.83437, 38.45246], [-122.83539, 38.45529], [-122.83784, 38.4547], [-122.83738, 38.45195]]], [[[-122.81657, 38.39752], [-122.81738, 38.40058], [-122.81574, 38.40119], [-122.81363, 38.39754], [-122.81657, 38.39752]]], [[[-122.81643, 38.41023], [-122.81637, 38.40354], [-122.81676, 38.40344], [-122.81838, 38.40793], [-122.81643, 38.41023]]], [[[-122.78648, 38.37785], [-122.78371, 38.37819], [-122.78187, 38.37529], [-122.7864, 38.37609], [-122.78648, 38.37785]]], [[[-122.84003, 38.4673], [-122.8408, 38.46806], [-122.84118, 38.46922], [-122.84003, 38.4673]]], [[[-122.8432, 38.47864], [-122.84134, 38.46951], [-122.84283, 38.47322], [-122.8432, 38.47864]]], [[[-122.82985, 38.42583], [-122.82342, 38.42071], [-122.82462, 38.41684], [-122.82311, 38.41539], [-122.82544, 38.41656], [-122.82453, 38.42042], [-122.82838, 38.42307], [-122.82959, 38.42451], [-122.82985, 38.42583]]]]}, "properties": {"id": "242", "name": "Laguna Wildlife Area", "kind": "public_land", "land_type": "Wildlife Area", "access_verbatim": "Open; Refer to regulations or contact CDFW regional or area office prior to visit.", "link": "http://www.wildlife.ca.gov/Lands/Places-to-Visit/Laguna-WA", "cdfw_region": 3, "hunting": {"state": "type_classified", "entry": 55, "verbatim": "(3) \u201cType C\u201d wildlife areas are defined as wildlife areas that, except as provided in subsections 551(q) and 551(t), are open daily for hunting all legal species and do not require the purchase of a hunting pass for entry.", "ccr_cite": "14 CCR \u00a7 551(e)", "booklet_page": 74, "wildlife_area_type": "C", "restrictions": [{"entry": 28, "label": "Closure or restriction", "verbatim": "The Timber Hill, Blucher Creek, and Cooper Road units are closed to hunting. Only the wetland portions of the Occidental Road Unit associated with the Laguna de Santa Rosa are open to hunting, and hunting is allowed only when the Laguna de Santa Rosa is navigable and the wetlands are accessible by boat. Foot or terrestrial access to the Occidental Road Unit is prohibited because there is no visitor right-of-way. Dogs are prohibited from March 2 through June 30.", "ccr_cite": "14 CCR \u00a7 551", "booklet_table": "Closures and Restrictions on Wildlife Areas", "booklet_page": 84}, {"entry": 25, "label": "Firearm restriction", "verbatim": "Rifles and pistols are prohibited.", "ccr_cite": "14 CCR \u00a7 551", "booklet_table": "Wildlife Areas with Firearm Restrictions", "booklet_page": 90}, {"entry": 9, "label": "Species restriction", "verbatim": "Waterfowl, coot, and moorhen only.", "ccr_cite": "14 CCR \u00a7 551(t)", "booklet_table": "Species Restrictions for Hunting on Type C Wildlife Areas", "booklet_page": 93}], "absence_sentence": null, "name_note": null}}}, {"type": "Feature", "geometry": {"type": "MultiPolygon", "coordinates": [[[[-124.20502, 41.86119], [-124.20579, 41.86016], [-124.2056, 41.86124], [-124.20502, 41.86119]]], [[[-124.19872, 41.85948], [-124.19819, 41.85989], [-124.19819, 41.85949], [-124.19872, 41.85948]]], [[[-124.21808, 41.84647], [-124.21955, 41.84437], [-124.21872, 41.8466], [-124.21808, 41.84647]]], [[[-124.21635, 41.84598], [-124.21784, 41.84404], [-124.21706, 41.84613], [-124.21635, 41.84598]]], [[[-124.20535, 41.84522], [-124.20582, 41.84771], [-124.20525, 41.84783], [-124.20508, 41.84708], [-124.20535, 41.84522]]], [[[-124.20328, 41.84375], [-124.20413, 41.845], [-124.20503, 41.84531], [-124.20485, 41.84634], [-124.20328, 41.84375]]], [[[-124.20223, 41.84611], [-124.20399, 41.84641], [-124.20357, 41.84724], [-124.20223, 41.84611]]], [[[-124.19778, 41.84628], [-124.19858, 41.84635], [-124.19712, 41.84652], [-124.19778, 41.84628]]], [[[-124.20181, 41.84653], [-124.20427, 41.84958], [-124.20525, 41.85004], [-124.20503, 41.85129], [-124.20181, 41.84653]]], [[[-124.20124, 41.84673], [-124.20244, 41.84864], [-124.20228, 41.84996], [-124.20114, 41.84983], [-124.20124, 41.84673]]], [[[-124.19889, 41.84642], [-124.20114, 41.84874], [-124.20043, 41.84942], [-124.19889, 41.84642]]], [[[-124.19804, 41.84669], [-124.19978, 41.84819], [-124.19958, 41.8497], [-124.19845, 41.84958], [-124.19804, 41.84669]]], [[[-124.19519, 41.8435], [-124.19707, 41.84517], [-124.19827, 41.84577], [-124.19694, 41.84624], [-124.19519, 41.8435]]], [[[-124.19457, 41.84775], [-124.19353, 41.84409], [-124.19561, 41.8474], [-124.19457, 41.84775]]], [[[-124.19307, 41.84827], [-124.19231, 41.84453], [-124.19439, 41.84784], [-124.19307, 41.84827]]], [[[-124.20087, 41.78722], [-124.20381, 41.79213], [-124.20474, 41.7895], [-124.21313, 41.79452], [-124.21798, 41.80021], [-124.2194, 41.80989], [-124.21794, 41.814], [-124.21527, 41.81523], [-124.2153, 41.82167], [-124.22836, 41.82145], [-124.22023, 41.82375], [-124.22482, 41.82494], [-124.22591, 41.82746], [-124.22069, 41.82969], [-124.22132, 41.83152], [-124.2167, 41.83598], [-124.21777, 41.84022], [-124.2158, 41.83961], [-124.21397, 41.84281], [-124.18871, 41.83847], [-124.19055, 41.84556], [-124.19054, 41.84181], [-124.19219, 41.84434], [-124.19095, 41.8485], [-124.19176, 41.84923], [-124.19282, 41.84819], [-124.19493, 41.85148], [-124.19613, 41.85193], [-124.19425, 41.85222], [-124.19451, 41.8554], [-124.19659, 41.85507], [-124.19534, 41.85594], [-124.19539, 41.85862], [-124.19057, 41.85858], [-124.19059, 41.85936], [-124.19539, 41.85935], [-124.19542, 41.86403], [-124.18997, 41.86399], [-124.18652, 41.86397], [-124.18041, 41.85298], [-124.1761, 41.85029], [-124.18151, 41.84797], [-124.17611, 41.84518], [-124.17507, 41.84062], [-124.17265, 41.84062], [-124.17241, 41.83518], [-124.17524, 41.83301], [-124.16555, 41.8324], [-124.17432, 41.82815], [-124.1733, 41.82643], [-124.17669, 41.81906], [-124.16471, 41.81905], [-124.16478, 41.81537], [-124.17181, 41.81537], [-124.17132, 41.81221], [-124.16887, 41.81221], [-124.16693, 41.80883], [-124.17054, 41.8047], [-124.17107, 41.80752], [-124.17778, 41.81201], [-124.18385, 41.80838], [-124.18612, 41.80936], [-124.18464, 41.80532], [-124.18054, 41.8042], [-124.1805, 41.80168], [-124.18391, 41.8013], [-124.18269, 41.79876], [-124.1864, 41.79992], [-124.1886, 41.79534], [-124.19056, 41.80029], [-124.19416, 41.79883], [-124.1896, 41.79019], [-124.19295, 41.79394], [-124.1999, 41.79452], [-124.20087, 41.78722]]], [[[-124.19198, 41.84937], [-124.19212, 41.85076], [-124.19346, 41.85377], [-124.19317, 41.85123], [-124.19198, 41.84937]]], [[[-124.18067, 41.81393], [-124.17772, 41.81509], [-124.18068, 41.81427], [-124.18067, 41.81393]]], [[[-124.18447, 41.8093], [-124.18462, 41.80949], [-124.18493, 41.80986], [-124.18447, 41.8093]]], [[[-124.1843, 41.8091], [-124.18434, 41.80915], [-124.18447, 41.8093], [-124.1843, 41.8091]]], [[[-124.1841, 41.80888], [-124.1843, 41.8091], [-124.18411, 41.80888], [-124.1841, 41.80888]]], [[[-124.17063, 41.8073], [-124.16941, 41.80761], [-124.16991, 41.80775], [-124.17063, 41.8073]]], [[[-124.2056, 41.80176], [-124.20583, 41.80545], [-124.20974, 41.8017], [-124.2056, 41.80176]]], [[[-124.20515, 41.80176], [-124.20517, 41.80176], [-124.2056, 41.80176], [-124.20515, 41.80176]]], [[[-124.20485, 41.79457], [-124.20479, 41.79629], [-124.20511, 41.79697], [-124.20485, 41.79457]]], [[[-124.21422, 41.85556], [-124.21481, 41.85356], [-124.21481, 41.85556], [-124.21422, 41.85556]]], [[[-124.20626, 41.85398], [-124.20723, 41.8552], [-124.206, 41.85545], [-124.20626, 41.85398]]], [[[-124.21424, 41.85274], [-124.21482, 41.85307], [-124.21424, 41.85304], [-124.21424, 41.85274]]], [[[-124.20297, 41.8552], [-124.20479, 41.85276], [-124.20424, 41.85565], [-124.20297, 41.8552]]], [[[-124.20638, 41.85325], [-124.20703, 41.85294], [-124.20696, 41.8533], [-124.20638, 41.85325]]], [[[-124.20342, 41.84796], [-124.204, 41.84791], [-124.20524, 41.84987], [-124.20342, 41.84796]]], [[[-124.2056, 41.84988], [-124.20682, 41.84964], [-124.20675, 41.85], [-124.2056, 41.84988]]], [[[-124.19957, 41.84987], [-124.19921, 41.85202], [-124.19807, 41.85194], [-124.19843, 41.84977], [-124.19957, 41.84987]]], [[[-124.20075, 41.85217], [-124.20227, 41.85012], [-124.20188, 41.8523], [-124.20075, 41.85217]]], [[[-124.19945, 41.8517], [-124.20092, 41.85], [-124.20052, 41.85217], [-124.19945, 41.8517]]], [[[-124.19591, 41.8475], [-124.19691, 41.84778], [-124.19823, 41.84957], [-124.19591, 41.8475]]], [[[-124.1952, 41.84771], [-124.19821, 41.84973], [-124.19805, 41.85078], [-124.19621, 41.8503], [-124.1952, 41.84771]]], [[[-124.19528, 41.8465], [-124.19611, 41.84654], [-124.19545, 41.84678], [-124.19528, 41.8465]]], [[[-124.19455, 41.8493], [-124.19556, 41.84962], [-124.19388, 41.84954], [-124.19455, 41.8493]]], [[[-124.19424, 41.8501], [-124.19508, 41.85014], [-124.19442, 41.85037], [-124.19424, 41.8501]]], [[[-124.21529, 41.84768], [-124.21927, 41.84768], [-124.21762, 41.85362], [-124.21746, 41.85134], [-124.21412, 41.85098], [-124.21529, 41.84768]]], [[[-124.21351, 41.84721], [-124.21422, 41.84739], [-124.21408, 41.84756], [-124.21351, 41.84721]]], [[[-124.21306, 41.84958], [-124.21392, 41.84775], [-124.21379, 41.84954], [-124.21306, 41.84958]]], [[[-124.21313, 41.85026], [-124.21404, 41.85224], [-124.21331, 41.85224], [-124.21313, 41.85026]]], [[[-124.21414, 41.85125], [-124.21481, 41.8524], [-124.21422, 41.8524], [-124.21414, 41.85125]]], [[[-124.20647, 41.85271], [-124.20807, 41.85031], [-124.2076, 41.85285], [-124.20647, 41.85271]]], [[[-124.20782, 41.85284], [-124.20871, 41.85109], [-124.2084, 41.85293], [-124.20782, 41.85284]]], [[[-124.20525, 41.85188], [-124.20672, 41.8502], [-124.20623, 41.85272], [-124.20525, 41.85188]]], [[[-124.20249, 41.84999], [-124.20393, 41.85104], [-124.20267, 41.85238], [-124.20209, 41.85229], [-124.20249, 41.84999]]], [[[-124.20332, 41.85244], [-124.20501, 41.85147], [-124.2048, 41.85257], [-124.20332, 41.85244]]], [[[-124.19512, 41.85144], [-124.19648, 41.8507], [-124.19801, 41.85096], [-124.19786, 41.85191], [-124.19512, 41.85144]]], [[[-124.1948, 41.85273], [-124.19772, 41.85275], [-124.19591, 41.85333], [-124.19727, 41.85499], [-124.1948, 41.85273]]], [[[-124.19371, 41.84926], [-124.19468, 41.84824], [-124.19503, 41.84879], [-124.19371, 41.84926]]], [[[-124.19244, 41.8476], [-124.19139, 41.84846], [-124.19114, 41.84806], [-124.19244, 41.8476]]], [[[-124.20729, 41.85592], [-124.20825, 41.8538], [-124.20787, 41.856], [-124.20729, 41.85592]]], [[[-124.21331, 41.85306], [-124.21404, 41.85279], [-124.21404, 41.85303], [-124.21331, 41.85306]]], [[[-124.21331, 41.85347], [-124.21401, 41.8532], [-124.21404, 41.85347], [-124.21331, 41.85347]]], [[[-124.21331, 41.85402], [-124.21404, 41.85375], [-124.21404, 41.85402], [-124.21331, 41.85402]]], [[[-124.21331, 41.85457], [-124.21404, 41.8543], [-124.21404, 41.85457], [-124.21331, 41.85457]]], [[[-124.20503, 41.85312], [-124.20582, 41.85543], [-124.20466, 41.85532], [-124.20503, 41.85312]]], [[[-124.20552, 41.84853], [-124.20619, 41.8488], [-124.20562, 41.84886], [-124.20552, 41.84853]]], [[[-124.2048, 41.84693], [-124.20424, 41.84645], [-124.20482, 41.84652], [-124.2048, 41.84693]]], [[[-124.20037, 41.84978], [-124.20102, 41.84947], [-124.20095, 41.84981], [-124.20037, 41.84978]]], [[[-124.20181, 41.85393], [-124.20322, 41.8526], [-124.20292, 41.85441], [-124.20181, 41.85393]]], [[[-124.20221, 41.85509], [-124.20272, 41.85549], [-124.20158, 41.85539], [-124.20221, 41.85509]]], [[[-124.19753, 41.85499], [-124.19918, 41.85222], [-124.19865, 41.85512], [-124.19753, 41.85499]]], [[[-124.19649, 41.84711], [-124.19697, 41.84658], [-124.19713, 41.84684], [-124.19649, 41.84711]]], [[[-124.21763, 41.84768], [-124.21861, 41.84688], [-124.21832, 41.84768], [-124.21763, 41.84768]]], [[[-124.21714, 41.84643], [-124.21769, 41.84698], [-124.21695, 41.84697], [-124.21714, 41.84643]]], [[[-124.21586, 41.84699], [-124.21696, 41.8464], [-124.21674, 41.84698], [-124.21586, 41.84699]]], [[[-124.21428, 41.84671], [-124.21485, 41.84711], [-124.21462, 41.8472], [-124.21428, 41.84671]]], [[[-124.21309, 41.84985], [-124.21382, 41.85008], [-124.21311, 41.85013], [-124.21309, 41.84985]]], [[[-124.20804, 41.85014], [-124.20755, 41.84986], [-124.20814, 41.8499], [-124.20804, 41.85014]]], [[[-124.20831, 41.85016], [-124.20891, 41.84996], [-124.20886, 41.85022], [-124.20831, 41.85016]]], [[[-124.20819, 41.85067], [-124.20884, 41.85036], [-124.20878, 41.85072], [-124.20819, 41.85067]]], [[[-124.21345, 41.85757], [-124.21404, 41.85768], [-124.21211, 41.85801], [-124.21345, 41.85757]]], [[[-124.20573, 41.85706], [-124.20644, 41.85638], [-124.20689, 41.85717], [-124.20573, 41.85706]]], [[[-124.20599, 41.85895], [-124.20566, 41.85742], [-124.20683, 41.85754], [-124.20599, 41.85895]]], [[[-124.20413, 41.8584], [-124.20542, 41.85777], [-124.20519, 41.85887], [-124.20413, 41.8584]]], [[[-124.20261, 41.8573], [-124.20378, 41.85871], [-124.20242, 41.8586], [-124.20261, 41.8573]]], [[[-124.20013, 41.85578], [-124.20095, 41.85768], [-124.20012, 41.85813], [-124.20013, 41.85578]]], [[[-124.20148, 41.8559], [-124.20221, 41.85856], [-124.20078, 41.85852], [-124.20148, 41.8559]]], [[[-124.19737, 41.85589], [-124.19835, 41.8571], [-124.19719, 41.85699], [-124.19737, 41.85589]]], [[[-124.19679, 41.85851], [-124.19829, 41.85747], [-124.19798, 41.85853], [-124.19679, 41.85851]]], [[[-124.19557, 41.85613], [-124.19684, 41.85786], [-124.19563, 41.85853], [-124.19557, 41.85613]]], [[[-124.19893, 41.85478], [-124.20053, 41.85235], [-124.2, 41.85525], [-124.19893, 41.85478]]], [[[-124.19878, 41.85565], [-124.19959, 41.85772], [-124.19822, 41.85853], [-124.19878, 41.85565]]], [[[-124.19744, 41.85552], [-124.19808, 41.85521], [-124.19802, 41.85558], [-124.19744, 41.85552]]], [[[-124.20695, 41.85792], [-124.20785, 41.85614], [-124.20753, 41.85798], [-124.20695, 41.85792]]], [[[-124.20462, 41.85896], [-124.2046, 41.86256], [-124.20401, 41.86255], [-124.20349, 41.86213], [-124.20462, 41.85896]]], [[[-124.2025, 41.86207], [-124.20374, 41.8589], [-124.2032, 41.86214], [-124.2025, 41.86207]]], [[[-124.20078, 41.86098], [-124.20218, 41.85874], [-124.2017, 41.86136], [-124.20078, 41.86098]]], [[[-124.20022, 41.85524], [-124.20187, 41.85247], [-124.20135, 41.85538], [-124.20022, 41.85524]]], [[[-124.20169, 41.85466], [-124.20233, 41.85435], [-124.20227, 41.85472], [-124.20169, 41.85466]]], [[[-124.2133, 41.85622], [-124.21404, 41.85485], [-124.21402, 41.85621], [-124.2133, 41.85622]]], [[[-124.21423, 41.85799], [-124.21481, 41.85702], [-124.21481, 41.85801], [-124.21423, 41.85799]]], [[[-124.21424, 41.85621], [-124.21481, 41.85589], [-124.21481, 41.85622], [-124.21424, 41.85621]]], [[[-124.20451, 41.85619], [-124.20515, 41.85588], [-124.20509, 41.85625], [-124.20451, 41.85619]]], [[[-124.20503, 41.85662], [-124.20567, 41.8563], [-124.20561, 41.85667], [-124.20503, 41.85662]]], [[[-124.20267, 41.85697], [-124.20341, 41.85671], [-124.20336, 41.85704], [-124.20267, 41.85697]]], [[[-124.19682, 41.86228], [-124.19798, 41.8587], [-124.19796, 41.8623], [-124.19682, 41.86228]]], [[[-124.19729, 41.86288], [-124.19829, 41.86569], [-124.20204, 41.86887], [-124.19787, 41.86579], [-124.19729, 41.86288]]], [[[-124.19588, 41.8626], [-124.19691, 41.86407], [-124.19618, 41.86424], [-124.19588, 41.8626]]], [[[-124.20936, 41.85777], [-124.21121, 41.85757], [-124.21121, 41.85801], [-124.20936, 41.85777]]], [[[-124.20931, 41.85882], [-124.20996, 41.86132], [-124.20936, 41.86143], [-124.20931, 41.85882]]], [[[-124.20895, 41.85804], [-124.20912, 41.85884], [-124.20854, 41.85879], [-124.20895, 41.85804]]], [[[-124.20533, 41.85939], [-124.20652, 41.85914], [-124.20649, 41.8595], [-124.20533, 41.85939]]], [[[-124.19947, 41.86228], [-124.20055, 41.8587], [-124.20001, 41.86187], [-124.20156, 41.8623], [-124.19947, 41.86228]]], [[[-124.19872, 41.85867], [-124.19927, 41.85948], [-124.19872, 41.85948], [-124.19872, 41.85867]]], [[[-124.19806, 41.86292], [-124.2003, 41.86246], [-124.20031, 41.8641], [-124.19806, 41.86292]]], [[[-124.19853, 41.86336], [-124.2003, 41.86429], [-124.20041, 41.86556], [-124.20217, 41.868], [-124.19853, 41.86336]]], [[[-124.20667, 41.85952], [-124.20732, 41.85922], [-124.20726, 41.85957], [-124.20667, 41.85952]]], [[[-124.19169, 41.86946], [-124.19546, 41.86947], [-124.19547, 41.87317], [-124.19166, 41.87314], [-124.19169, 41.86946]]], [[[-124.19872, 41.85988], [-124.19928, 41.8615], [-124.19873, 41.8615], [-124.19872, 41.85988]]], [[[-124.19822, 41.8623], [-124.19873, 41.8615], [-124.19928, 41.86227], [-124.19822, 41.8623]]], [[[-124.20439, 41.86874], [-124.20511, 41.86773], [-124.20512, 41.86906], [-124.20439, 41.86874]]], [[[-124.20255, 41.86761], [-124.20429, 41.86858], [-124.2028, 41.86892], [-124.20255, 41.86761]]], [[[-124.20302, 41.86904], [-124.20379, 41.86941], [-124.20302, 41.86942], [-124.20302, 41.86904]]], [[[-124.20871, 41.8619], [-124.20941, 41.86224], [-124.20779, 41.86292], [-124.20871, 41.8619]]], [[[-124.20866, 41.86257], [-124.20954, 41.8627], [-124.20838, 41.86293], [-124.20866, 41.86257]]], [[[-124.20853, 41.85998], [-124.20912, 41.85963], [-124.20912, 41.85998], [-124.20853, 41.85998]]], [[[-124.20853, 41.86067], [-124.20912, 41.86032], [-124.20912, 41.86067], [-124.20853, 41.86067]]], [[[-124.20725, 41.86286], [-124.20618, 41.86239], [-124.20735, 41.8625], [-124.20725, 41.86286]]], [[[-124.19586, 41.85994], [-124.19663, 41.86143], [-124.19588, 41.86147], [-124.19586, 41.85994]]], [[[-124.19588, 41.86227], [-124.1966, 41.86161], [-124.19664, 41.86226], [-124.19588, 41.86227]]], [[[-124.21422, 41.85854], [-124.21481, 41.85815], [-124.21481, 41.85854], [-124.21422, 41.85854]]], [[[-124.1888, 41.78892], [-124.18942, 41.79002], [-124.18843, 41.78934], [-124.1888, 41.78892]]], [[[-124.20946, 41.86178], [-124.20996, 41.86221], [-124.20995, 41.86344], [-124.20946, 41.86178]]], [[[-124.20816, 41.86578], [-124.2097, 41.86329], [-124.20978, 41.86578], [-124.20816, 41.86578]]], [[[-124.20771, 41.8636], [-124.20816, 41.86311], [-124.20808, 41.86363], [-124.20771, 41.8636]]], [[[-124.20798, 41.86578], [-124.20735, 41.86356], [-124.20771, 41.8636], [-124.20798, 41.86578]]], [[[-124.20588, 41.86578], [-124.2072, 41.86337], [-124.20706, 41.86578], [-124.20588, 41.86578]]], [[[-124.20511, 41.86541], [-124.2057, 41.86578], [-124.20511, 41.86578], [-124.20511, 41.86541]]], [[[-124.20233, 41.86355], [-124.20256, 41.86591], [-124.2017, 41.86468], [-124.2012, 41.86624], [-124.20049, 41.86402], [-124.20233, 41.86355]]], [[[-124.20453, 41.86578], [-124.20511, 41.86616], [-124.20453, 41.86616], [-124.20453, 41.86578]]], [[[-124.20343, 41.86738], [-124.20288, 41.86613], [-124.20436, 41.86623], [-124.20343, 41.86738]]], [[[-124.20236, 41.86698], [-124.20193, 41.86598], [-124.20253, 41.86613], [-124.20236, 41.86698]]], [[[-124.19705, 41.86439], [-124.19718, 41.86469], [-124.19635, 41.86455], [-124.19705, 41.86439]]], [[[-124.19802, 41.86684], [-124.19991, 41.86834], [-124.19918, 41.8687], [-124.1988, 41.86948], [-124.19802, 41.86684]]], [[[-124.19545, 41.86936], [-124.19194, 41.86587], [-124.19187, 41.86934], [-124.189, 41.86932], [-124.18652, 41.86397], [-124.19542, 41.86403], [-124.19818, 41.8664], [-124.19543, 41.86542], [-124.19545, 41.86936]]], [[[-124.20453, 41.86501], [-124.2059, 41.86289], [-124.2057, 41.86504], [-124.20453, 41.86501]]], [[[-124.20339, 41.86267], [-124.20434, 41.86608], [-124.20291, 41.866], [-124.20339, 41.86267]]], [[[-124.20483, 41.86226], [-124.20594, 41.86271], [-124.20478, 41.8626], [-124.20483, 41.86226]]], [[[-124.20293, 41.86347], [-124.20054, 41.86244], [-124.20311, 41.86264], [-124.20293, 41.86347]]], [[[-124.19975, 41.86946], [-124.20005, 41.86849], [-124.20058, 41.86895], [-124.19975, 41.86946]]], [[[-124.20064, 41.86945], [-124.20198, 41.86903], [-124.20196, 41.8694], [-124.20064, 41.86945]]], [[[-124.19663, 41.85964], [-124.19538, 41.85868], [-124.19662, 41.8587], [-124.19663, 41.85964]]], [[[-124.21404, 41.85854], [-124.21145, 41.85814], [-124.21403, 41.85818], [-124.21404, 41.85854]]], [[[-124.2234, 41.83401], [-124.22298, 41.83333], [-124.22365, 41.83333], [-124.2234, 41.83401]]], [[[-124.22329, 41.83428], [-124.22256, 41.83442], [-124.22266, 41.83415], [-124.22329, 41.83428]]], [[[-124.22184, 41.83635], [-124.22309, 41.83484], [-124.22248, 41.83648], [-124.22184, 41.83635]]], [[[-124.22165, 41.8343], [-124.22275, 41.83336], [-124.22236, 41.83445], [-124.22165, 41.8343]]], [[[-124.22028, 41.83543], [-124.2218, 41.83337], [-124.22098, 41.83558], [-124.22028, 41.83543]]], [[[-124.22105, 41.83591], [-124.22216, 41.83499], [-124.22121, 41.83651], [-124.22105, 41.83591]]], [[[-124.22138, 41.83759], [-124.22212, 41.83744], [-124.22202, 41.83772], [-124.22138, 41.83759]]], [[[-124.22129, 41.83787], [-124.22171, 41.83855], [-124.22107, 41.83842], [-124.22129, 41.83787]]], [[[-124.22045, 41.84009], [-124.2216, 41.83883], [-124.22109, 41.84022], [-124.22045, 41.84009]]], [[[-124.21858, 41.84], [-124.22011, 41.83792], [-124.21925, 41.84014], [-124.21858, 41.84]]], [[[-124.22009, 41.84105], [-124.22094, 41.84063], [-124.22073, 41.84119], [-124.22009, 41.84105]]], [[[-124.21809, 41.84388], [-124.22011, 41.84048], [-124.21812, 41.84393], [-124.21809, 41.84388]]], [[[-124.21812, 41.84124], [-124.21922, 41.84031], [-124.2176, 41.84263], [-124.21812, 41.84124]]], [[[-124.21947, 41.84272], [-124.22052, 41.84174], [-124.22011, 41.84285], [-124.21947, 41.84272]]], [[[-124.21916, 41.84355], [-124.22001, 41.84313], [-124.2198, 41.84368], [-124.21916, 41.84355]]], [[[-124.21785, 41.84453], [-124.21872, 41.84421], [-124.21856, 41.84467], [-124.21785, 41.84453]]], [[[-124.21719, 41.84374], [-124.218, 41.84361], [-124.21791, 41.84385], [-124.21719, 41.84374]]], [[[-124.20427, 41.84491], [-124.20517, 41.84449], [-124.20507, 41.84511], [-124.20427, 41.84491]]], [[[-124.20541, 41.84486], [-124.20602, 41.84456], [-124.20596, 41.84491], [-124.20541, 41.84486]]], [[[-124.20179, 41.84536], [-124.20298, 41.84538], [-124.202, 41.84573], [-124.20179, 41.84536]]], [[[-124.20119, 41.84557], [-124.2019, 41.84591], [-124.2015, 41.84605], [-124.20119, 41.84557]]], [[[-124.19299, 41.84249], [-124.19578, 41.84196], [-124.19302, 41.84286], [-124.19299, 41.84249]]], [[[-124.19298, 41.8422], [-124.1937, 41.84184], [-124.19368, 41.84223], [-124.19298, 41.8422]]], [[[-124.19174, 41.84309], [-124.19341, 41.84391], [-124.1929, 41.84412], [-124.19174, 41.84309]]], [[[-124.19165, 41.84184], [-124.19281, 41.84258], [-124.19167, 41.84264], [-124.19165, 41.84184]]], [[[-124.19609, 41.84204], [-124.19927, 41.84182], [-124.19661, 41.84279], [-124.19609, 41.84204]]], [[[-124.20003, 41.84172], [-124.20169, 41.84432], [-124.20263, 41.8449], [-124.20165, 41.84521], [-124.20003, 41.84172]]], [[[-124.20069, 41.84555], [-124.19939, 41.84199], [-124.20147, 41.84531], [-124.20069, 41.84555]]], [[[-124.19574, 41.84149], [-124.19645, 41.84173], [-124.19599, 41.84187], [-124.19574, 41.84149]]], [[[-124.19973, 41.84589], [-124.19843, 41.84234], [-124.20051, 41.84566], [-124.19973, 41.84589]]], [[[-124.19818, 41.84531], [-124.19747, 41.84268], [-124.19955, 41.846], [-124.19818, 41.84531]]], [[[-124.19311, 41.84311], [-124.19594, 41.84303], [-124.19363, 41.84386], [-124.19311, 41.84311]]], [[[-124.19369, 41.84401], [-124.19589, 41.84492], [-124.19457, 41.84539], [-124.19369, 41.84401]]], [[[-124.19607, 41.84519], [-124.19576, 41.84598], [-124.19474, 41.84567], [-124.19607, 41.84519]]], [[[-124.21998, 41.83626], [-124.22088, 41.83585], [-124.22069, 41.83639], [-124.21998, 41.83626]]], [[[-124.21972, 41.83694], [-124.22061, 41.83654], [-124.22042, 41.83709], [-124.21972, 41.83694]]], [[[-124.21951, 41.84019], [-124.2215, 41.83676], [-124.22019, 41.84029], [-124.21951, 41.84019]]], [[[-124.21951, 41.8375], [-124.22032, 41.83737], [-124.22022, 41.83765], [-124.21951, 41.8375]]]]}, "properties": {"id": "243", "name": "Lake Earl Wildlife Area", "kind": "public_land", "land_type": "Wildlife Area", "access_verbatim": "Open; Refer to regulations or contact CDFW regional or area office prior to visit.", "link": "http://www.wildlife.ca.gov/Lands/Places-to-Visit/Lake-Earl-WA", "cdfw_region": 1, "hunting": {"state": "type_classified", "entry": 56, "verbatim": "(3) \u201cType C\u201d wildlife areas are defined as wildlife areas that, except as provided in subsections 551(q) and 551(t), are open daily for hunting all legal species and do not require the purchase of a hunting pass for entry.", "ccr_cite": "14 CCR \u00a7 551(e)", "booklet_page": 74, "wildlife_area_type": "C", "restrictions": [{"entry": 29, "label": "Closure or restriction", "verbatim": "No dogs off leash on the wave-slope and/or in signed exclusion zones during the snowy plover nesting season March 1 through September 15.", "ccr_cite": "14 CCR \u00a7 551", "booklet_table": "Closures and Restrictions on Wildlife Areas", "booklet_page": 84}, {"entry": 26, "label": "Firearm restriction", "verbatim": "Rifles and pistols are prohibited. Possession of firearms or archery equipment for waterfowl hunting is permitted only during waterfowl season and only within the first 100 feet inland from the shoreline and on the water surface of Lake Earl and Lake Tolowa.", "ccr_cite": "14 CCR \u00a7 551", "booklet_table": "Wildlife Areas with Firearm Restrictions", "booklet_page": 90}, {"entry": 10, "label": "Species restriction", "verbatim": "Waterfowl, coot, snipe, and moorhen only.", "ccr_cite": "14 CCR \u00a7 551(t)", "booklet_table": "Species Restrictions for Hunting on Type C Wildlife Areas", "booklet_page": 93}], "absence_sentence": null, "name_note": null}}}, {"type": "Feature", "geometry": {"type": "Polygon", "coordinates": [[[-123.07294, 38.75087], [-123.04668, 38.74954], [-123.04679, 38.74248], [-123.03305, 38.74236], [-123.03288, 38.74592], [-123.01889, 38.74569], [-123.01907, 38.74245], [-122.99337, 38.74293], [-122.99336, 38.73305], [-122.98858, 38.73297], [-122.98843, 38.72946], [-123.0026, 38.72958], [-123.00774, 38.72268], [-123.01152, 38.72141], [-123.01068, 38.72448], [-123.0206, 38.72688], [-123.02184, 38.72487], [-123.02712, 38.72586], [-123.03109, 38.73106], [-123.0434, 38.73218], [-123.05922, 38.73892], [-123.07196, 38.74027], [-123.08312, 38.7445], [-123.08664, 38.74374], [-123.09147, 38.74776], [-123.08925, 38.75065], [-123.09356, 38.7507], [-123.08686, 38.76083], [-123.07967, 38.75923], [-123.08515, 38.76174], [-123.07897, 38.76976], [-123.08301, 38.76877], [-123.08844, 38.76142], [-123.09333, 38.76224], [-123.09212, 38.77206], [-123.09507, 38.77343], [-123.09259, 38.77671], [-123.088, 38.77543], [-123.08449, 38.77963], [-123.08815, 38.77596], [-123.09499, 38.77957], [-123.09514, 38.76812], [-123.11228, 38.77786], [-123.11483, 38.78134], [-123.12875, 38.78185], [-123.1308, 38.77984], [-123.13313, 38.78084], [-123.13785, 38.77936], [-123.13937, 38.78183], [-123.14049, 38.78209], [-123.14232, 38.78181], [-123.13758, 38.77845], [-123.13036, 38.77843], [-123.12731, 38.78056], [-123.11539, 38.77892], [-123.11121, 38.7736], [-123.10536, 38.77283], [-123.09767, 38.76169], [-123.09948, 38.75849], [-123.10844, 38.75839], [-123.11284, 38.76153], [-123.11753, 38.76151], [-123.11757, 38.7649], [-123.12251, 38.76519], [-123.12222, 38.76932], [-123.11756, 38.76939], [-123.11762, 38.77239], [-123.12684, 38.77423], [-123.12697, 38.76538], [-123.13182, 38.76569], [-123.13181, 38.76932], [-123.13602, 38.76934], [-123.13606, 38.77275], [-123.15205, 38.78017], [-123.15928, 38.78127], [-123.15929, 38.78734], [-123.16405, 38.78834], [-123.16403, 38.7903], [-123.15408, 38.79107], [-123.15418, 38.78892], [-123.14778, 38.78893], [-123.14762, 38.78498], [-123.13612, 38.78294], [-123.13181, 38.78582], [-123.12849, 38.78504], [-123.12692, 38.78743], [-123.11646, 38.78595], [-123.11469, 38.78833], [-123.09913, 38.78851], [-123.09916, 38.7904], [-123.09237, 38.79044], [-123.09221, 38.79421], [-123.09036, 38.79421], [-123.09046, 38.805], [-123.08587, 38.80513], [-123.08574, 38.80132], [-123.081, 38.8012], [-123.07973, 38.79052], [-123.07352, 38.79038], [-123.07223, 38.788], [-123.07658, 38.7868], [-123.07649, 38.78333], [-123.06294, 38.78311], [-123.06294, 38.7796], [-123.05614, 38.77953], [-123.05623, 38.77387], [-123.06308, 38.77047], [-123.06343, 38.75612], [-123.07699, 38.75646], [-123.07711, 38.75449], [-123.07266, 38.75442], [-123.07294, 38.75087]]]}, "properties": {"id": "244", "name": "Lake Sonoma Wildlife Area", "kind": "public_land", "land_type": "Wildlife Area", "access_verbatim": "Open; Refer to regulations or contact CDFW regional or area office prior to visit.", "link": "http://www.wildlife.ca.gov/Lands/Places-to-Visit/Lake-Sonoma-WA", "cdfw_region": 3, "hunting": {"state": "type_classified", "entry": 5, "verbatim": "(3) \u201cType C\u201d wildlife areas are defined as wildlife areas that, except as provided in subsections 551(q) and 551(t), are open daily for hunting all legal species and do not require the purchase of a hunting pass for entry.", "ccr_cite": "14 CCR \u00a7 551(e)", "booklet_page": 74, "wildlife_area_type": "C", "restrictions": [{"entry": 30, "label": "Closure or restriction", "verbatim": "Closed to hunting except through special drawings. The portion of the area posted as \u201cCritical Habitat\u201d is closed to all visitor use and entry from February 1 through August 1. Dogs are prohibited.", "ccr_cite": "14 CCR \u00a7 551", "booklet_table": "Closures and Restrictions on Wildlife Areas", "booklet_page": 85}, {"entry": 11, "label": "Shooting restriction or drawing requirement", "verbatim": "Hunting is only allowed during department-authorized special hunts for deer, turkey and wild pigs. Deer hunting is only allowed with a J-1 or A-25 deer tag available through the big game drawing.", "ccr_cite": "14 CCR \u00a7 551", "booklet_table": "Wildlife Areas with Shooting Restrictions and/or Special Drawing Requirements", "booklet_page": 88}, {"entry": 27, "label": "Firearm restriction", "verbatim": "Firearms are allowed only for special hunts.", "ccr_cite": "14 CCR \u00a7 551", "booklet_table": "Wildlife Areas with Firearm Restrictions", "booklet_page": 90}, {"entry": 11, "label": "Species restriction", "verbatim": "Deer, wild pig, and turkey only. May require a permit from the U.S. Army Corps of Engineers.", "ccr_cite": "14 CCR \u00a7 551(t)", "booklet_table": "Species Restrictions for Hunting on Type C Wildlife Areas", "booklet_page": 93}], "absence_sentence": null, "name_note": null}}}, {"type": "Feature", "geometry": {"type": "Polygon", "coordinates": [[[-120.78296, 36.78875], [-120.78298, 36.78512], [-120.79309, 36.78164], [-120.79302, 36.77794], [-120.7966, 36.77795], [-120.79658, 36.77577], [-120.80543, 36.77572], [-120.80552, 36.77415], [-120.81257, 36.77248], [-120.82539, 36.77223], [-120.82624, 36.7737], [-120.82611, 36.77761], [-120.81852, 36.77761], [-120.81852, 36.78163], [-120.8116, 36.78178], [-120.80941, 36.78369], [-120.81398, 36.78824], [-120.80594, 36.78517], [-120.80091, 36.78737], [-120.78296, 36.78875]]]}, "properties": {"id": "245", "name": "Little Panoche Reservoir Wildlife Area", "kind": "public_land", "land_type": "Wildlife Area", "access_verbatim": "Open; Refer to regulations or contact CDFW regional or area office prior to visit.", "link": "http://www.wildlife.ca.gov/Lands/Places-to-Visit/Little-Panoche-Reservoir-WA", "cdfw_region": 4, "hunting": {"state": "type_classified", "entry": 57, "verbatim": "(3) \u201cType C\u201d wildlife areas are defined as wildlife areas that, except as provided in subsections 551(q) and 551(t), are open daily for hunting all legal species and do not require the purchase of a hunting pass for entry.", "ccr_cite": "14 CCR \u00a7 551(e)", "booklet_page": 74, "wildlife_area_type": "C", "restrictions": [{"entry": 31, "label": "Closure or restriction", "verbatim": "The use of dogs for wild pig hunting is prohibited.", "ccr_cite": "14 CCR \u00a7 551", "booklet_table": "Closures and Restrictions on Wildlife Areas", "booklet_page": 85}, {"entry": 12, "label": "Shooting restriction or drawing requirement", "verbatim": "Self-registration is required on site.", "ccr_cite": "14 CCR \u00a7 551", "booklet_table": "Wildlife Areas with Shooting Restrictions and/or Special Drawing Requirements", "booklet_page": 88}, {"entry": 28, "label": "Firearm restriction", "verbatim": "Rifles and pistols are prohibited.", "ccr_cite": "14 CCR \u00a7 551", "booklet_table": "Wildlife Areas with Firearm Restrictions", "booklet_page": 90}], "absence_sentence": null, "name_note": null}}}, {"type": "Feature", "geometry": {"type": "MultiPolygon", "coordinates": [[[[-120.79751, 37.09939], [-120.82147, 37.09964], [-120.8165, 37.1309], [-120.81873, 37.13566], [-120.83353, 37.13555], [-120.81347, 37.15912], [-120.79505, 37.16258], [-120.79221, 37.16093], [-120.79487, 37.15477], [-120.79239, 37.15466], [-120.79041, 37.15034], [-120.78183, 37.14908], [-120.78029, 37.14508], [-120.77613, 37.14589], [-120.77388, 37.14891], [-120.77289, 37.14306], [-120.76897, 37.14098], [-120.77033, 37.13907], [-120.76005, 37.13749], [-120.76032, 37.1278], [-120.77567, 37.12803], [-120.77557, 37.13157], [-120.77987, 37.13174], [-120.78005, 37.11358], [-120.79828, 37.11381], [-120.79751, 37.09939]]], [[[-120.7713, 37.06999], [-120.76425, 37.06695], [-120.76246, 37.05696], [-120.78051, 37.05581], [-120.78052, 37.0703], [-120.7713, 37.06999]]], [[[-120.751, 37.0554], [-120.76014, 37.05663], [-120.76219, 37.06146], [-120.75381, 37.06176], [-120.74924, 37.0577], [-120.751, 37.0554]]]]}, "properties": {"id": "246", "name": "Los Banos Wildlife Area", "kind": "public_land", "land_type": "Wildlife Area", "access_verbatim": "Open; Refer to regulations or contact CDFW regional or area office prior to visit.", "link": "http://www.wildlife.ca.gov/Lands/Places-to-Visit/Los-Banos-WA", "cdfw_region": 4, "hunting": {"state": "type_classified", "entry": 58, "verbatim": "(1) \u201cType A\u201d wildlife areas are defined as wildlife areas which have restricted hunter access during waterfowl season, and require a hunting pass to be purchased in advance and exchanged for an entry permit at the wildlife area, per subsections 550.5(c) and 702(b) of these regulations. Reservations are available per subsection 550.5(a) of these regulations during waterfowl season. Species open for hunting are waterfowl, coots, moorhens, snipe, pheasant, and dove, unless otherwise specified in subsection 551(s). Except as provided in subsection 551(p) and Section 552 of these regulations, shoot days are Saturdays, Sundays, and Wednesdays during waterfowl season, youth waterfowl hunt days authorized in Section 502 of these regulations, and daily during the September dove season only. All Type A wildlife areas are closed to hunting on Christmas Day.", "ccr_cite": "14 CCR \u00a7 551(e)", "booklet_page": 74, "wildlife_area_type": "A", "restrictions": [{"entry": 32, "label": "Closure or restriction", "verbatim": "Closed to all visitor use from September 15 until the opening of waterfowl season. Closed to non-hunting uses during the waterfowl season on Saturdays, Sundays, and Wednesdays. A hunter shall not possess more than 25 shot shells while in the field during waterfowl season, except on days when only upland game may be taken, and on special \u201cyouth only\u201d waterfowl hunt days when there shall be no restrictions on the number of shot shells taken into the field. Dogs are prohibited in the interpretive viewing area. Closed to deer hunting except with a department-issued entry permit. Deer may be taken with shotgun and slug only (see subsection 353(d)).", "ccr_cite": "14 CCR \u00a7 551", "booklet_table": "Closures and Restrictions on Wildlife Areas", "booklet_page": 85}, {"entry": 13, "label": "Additional hunter opportunity", "verbatim": "Species: Raccoon, rabbit, deer, and quail; Hunt Requirements: Self-registration is required for raccoon and rabbit hunting. Raccoon may not be taken during waterfowl season. A department-issued entry permit is required to hunt deer. Eurasian collared dove hunting allowed during mourning dove open season. Snipe hunting allowed only on waterfowl shoot days during the general waterfowl season.", "ccr_cite": "14 CCR \u00a7 551", "booklet_table": "Additional Hunter Opportunities on Type A and Type B Wildlife Areas", "booklet_page": 92}, {"entry": 8, "label": "Waterfowl reservation", "verbatim": "Number of Hunters Per Reservation: Blinds - Two persons. Free roam - Two adults; each adult hunter may bring up to two junior hunters or two non-shooters or one of each.; Reservation Expires: One hour before shoot time.", "ccr_cite": "14 CCR \u00a7 551(x)", "booklet_table": "Additional Waterfowl Reservation Regulations", "booklet_page": 95}], "absence_sentence": null, "name_note": null}}}, {"type": "Feature", "geometry": {"type": "Polygon", "coordinates": [[[-121.79898, 38.02533], [-121.81109, 38.0275], [-121.83068, 38.03734], [-121.83515, 38.04737], [-121.83507, 38.0564], [-121.83905, 38.06238], [-121.80425, 38.05354], [-121.79044, 38.05751], [-121.78597, 38.06087], [-121.78605, 38.05121], [-121.78933, 38.04675], [-121.78621, 38.0381], [-121.78661, 38.02624], [-121.79898, 38.02533]]]}, "properties": {"id": "247", "name": "Lower Sherman Island Wildlife Area", "kind": "public_land", "land_type": "Wildlife Area", "access_verbatim": "Open; Refer to regulations or contact CDFW regional or area office prior to visit.", "link": "http://www.wildlife.ca.gov/Lands/Places-to-Visit/Lower-Sherman-Island-WA", "cdfw_region": 3, "hunting": {"state": "type_classified", "entry": 59, "verbatim": "(3) \u201cType C\u201d wildlife areas are defined as wildlife areas that, except as provided in subsections 551(q) and 551(t), are open daily for hunting all legal species and do not require the purchase of a hunting pass for entry.", "ccr_cite": "14 CCR \u00a7 551(e)", "booklet_page": 74, "wildlife_area_type": "C", "restrictions": [{"entry": 29, "label": "Firearm restriction", "verbatim": "Rifles and pistols are prohibited.", "ccr_cite": "14 CCR \u00a7 551", "booklet_table": "Wildlife Areas with Firearm Restrictions", "booklet_page": 90}, {"entry": 12, "label": "Species restriction", "verbatim": "Waterfowl, coot, moorhen, pheasant, dove, and rabbit only.", "ccr_cite": "14 CCR \u00a7 551(t)", "booklet_table": "Species Restrictions for Hunting on Type C Wildlife Areas", "booklet_page": 93}], "absence_sentence": null, "name_note": null}}}, {"type": "Feature", "geometry": {"type": "MultiPolygon", "coordinates": [[[[-124.10318, 40.86065], [-124.09992, 40.8586], [-124.10328, 40.86004], [-124.11058, 40.85606], [-124.10914, 40.85833], [-124.10318, 40.86065]]], [[[-124.10318, 40.86542], [-124.10158, 40.86435], [-124.10322, 40.8625], [-124.10043, 40.86098], [-124.10476, 40.86092], [-124.10954, 40.85902], [-124.11566, 40.85277], [-124.12533, 40.85731], [-124.1253, 40.86477], [-124.10588, 40.86489], [-124.10585, 40.86838], [-124.1019, 40.86813], [-124.10318, 40.86542]]], [[[-124.15305, 40.86383], [-124.15011, 40.85827], [-124.15672, 40.85728], [-124.15804, 40.85901], [-124.15565, 40.86227], [-124.15305, 40.86383]]]]}, "properties": {"id": "248", "name": "Mad River Slough Wildlife Area", "kind": "public_land", "land_type": "Wildlife Area", "access_verbatim": "Open; Refer to regulations or contact CDFW regional or area office prior to visit.", "link": "http://www.wildlife.ca.gov/Lands/Places-to-Visit/Mad-River-Slough-WA", "cdfw_region": 1, "hunting": {"state": "type_classified", "entry": 60, "verbatim": "(3) \u201cType C\u201d wildlife areas are defined as wildlife areas that, except as provided in subsections 551(q) and 551(t), are open daily for hunting all legal species and do not require the purchase of a hunting pass for entry.", "ccr_cite": "14 CCR \u00a7 551(e)", "booklet_page": 74, "wildlife_area_type": "C", "restrictions": [{"entry": 33, "label": "Closure or restriction", "verbatim": "Closed to all visitor use from the Monday following the end of youth hunting days (subsection 502(e)(1)(B)(5) of these regulations) through April 1. Dogs are prohibited except for hunting.", "ccr_cite": "14 CCR \u00a7 551", "booklet_table": "Closures and Restrictions on Wildlife Areas", "booklet_page": 85}, {"entry": 30, "label": "Firearm restriction", "verbatim": "Rifles and pistols are prohibited.", "ccr_cite": "14 CCR \u00a7 551", "booklet_table": "Wildlife Areas with Firearm Restrictions", "booklet_page": 90}, {"entry": 13, "label": "Species restriction", "verbatim": "Waterfowl, coot, and snipe only.", "ccr_cite": "14 CCR \u00a7 551(t)", "booklet_table": "Species Restrictions for Hunting on Type C Wildlife Areas", "booklet_page": 93}], "absence_sentence": null, "name_note": null}}}, {"type": "Feature", "geometry": {"type": "Polygon", "coordinates": [[[-115.56538, 34.64589], [-115.46104, 34.64566], [-115.46171, 34.58406], [-115.49776, 34.55834], [-115.6416, 34.55948], [-115.64501, 34.585], [-115.66704, 34.62487], [-115.66534, 34.70415], [-115.65804, 34.70538], [-115.61821, 34.70121], [-115.56322, 34.69101], [-115.56538, 34.64589]]]}, "properties": {"id": "249", "name": "Marble Mountains Wildlife Area", "kind": "public_land", "land_type": "Wildlife Area", "access_verbatim": "Open; Refer to regulations or contact CDFW regional or area office prior to visit.", "link": "http://www.wildlife.ca.gov/Lands/Places-to-Visit/Marble-Mountains-WA", "cdfw_region": 6, "hunting": {"state": "type_classified", "entry": 61, "verbatim": "(3) \u201cType C\u201d wildlife areas are defined as wildlife areas that, except as provided in subsections 551(q) and 551(t), are open daily for hunting all legal species and do not require the purchase of a hunting pass for entry.", "ccr_cite": "14 CCR \u00a7 551(e)", "booklet_page": 74, "wildlife_area_type": "C", "restrictions": [], "absence_sentence": null, "name_note": null}}}, {"type": "Feature", "geometry": {"type": "MultiPolygon", "coordinates": [[[[-120.29751, 36.6613], [-120.33485, 36.66137], [-120.36026, 36.70454], [-120.35155, 36.70523], [-120.35091, 36.73204], [-120.33771, 36.73316], [-120.29685, 36.72692], [-120.29679, 36.72278], [-120.29674, 36.71983], [-120.29673, 36.71978], [-120.3057, 36.71977], [-120.30564, 36.70503], [-120.30007, 36.70508], [-120.29992, 36.71242], [-120.29668, 36.71243], [-120.29665, 36.71608], [-120.29674, 36.71983], [-120.28779, 36.71982], [-120.28789, 36.71632], [-120.26046, 36.71661], [-120.26074, 36.67791], [-120.27025, 36.67721], [-120.27621, 36.68264], [-120.28131, 36.68222], [-120.28852, 36.67581], [-120.28847, 36.66855], [-120.29748, 36.66858], [-120.29751, 36.6613]]], [[[-120.29564, 36.69962], [-120.29498, 36.69795], [-120.29498, 36.69966], [-120.29564, 36.69962]]], [[[-120.28337, 36.6987], [-120.27669, 36.70159], [-120.27446, 36.70312], [-120.28321, 36.70319], [-120.28337, 36.6987]]], [[[-120.29491, 36.7051], [-120.28813, 36.70512], [-120.28798, 36.71266], [-120.29481, 36.71241], [-120.29491, 36.7051]]], [[[-120.33316, 36.71957], [-120.33141, 36.72286], [-120.33312, 36.72296], [-120.33316, 36.71957]]], [[[-120.29622, 36.71938], [-120.29649, 36.71965], [-120.29654, 36.71938], [-120.29622, 36.71938]]], [[[-120.54626, 36.69078], [-120.53942, 36.69108], [-120.53951, 36.67662], [-120.53991, 36.67658], [-120.54626, 36.69078]]]]}, "properties": {"id": "250", "name": "Mendota Wildlife Area", "kind": "public_land", "land_type": "Wildlife Area", "access_verbatim": "Open; Refer to regulations or contact CDFW regional or area office prior to visit.", "link": "http://www.wildlife.ca.gov/Lands/Places-to-Visit/Mendota-WA", "cdfw_region": 4, "hunting": {"state": "type_classified", "entry": 62, "verbatim": "(1) \u201cType A\u201d wildlife areas are defined as wildlife areas which have restricted hunter access during waterfowl season, and require a hunting pass to be purchased in advance and exchanged for an entry permit at the wildlife area, per subsections 550.5(c) and 702(b) of these regulations. Reservations are available per subsection 550.5(a) of these regulations during waterfowl season. Species open for hunting are waterfowl, coots, moorhens, snipe, pheasant, and dove, unless otherwise specified in subsection 551(s). Except as provided in subsection 551(p) and Section 552 of these regulations, shoot days are Saturdays, Sundays, and Wednesdays during waterfowl season, youth waterfowl hunt days authorized in Section 502 of these regulations, and daily during the September dove season only. All Type A wildlife areas are closed to hunting on Christmas Day.", "ccr_cite": "14 CCR \u00a7 551(e)", "booklet_page": 74, "wildlife_area_type": "A", "restrictions": [{"entry": 34, "label": "Closure or restriction", "verbatim": "Closed to all visitor use from September 16 until the opening of waterfowl season except for the designated tour route and fishing site. Closed to non-hunting uses during the waterfowl season.", "ccr_cite": "14 CCR \u00a7 551", "booklet_table": "Closures and Restrictions on Wildlife Areas", "booklet_page": 85}, {"entry": 14, "label": "Additional hunter opportunity", "verbatim": "Species: Raccoon, rabbit, crow, and quail; Hunt Requirements: Self-registration is required. Raccoon may not be taken during waterfowl season. Eurasian collared dove hunting allowed during mourning dove open season. Snipe hunting allowed only on waterfowl shoot days during the general waterfowl season.", "ccr_cite": "14 CCR \u00a7 551", "booklet_table": "Additional Hunter Opportunities on Type A and Type B Wildlife Areas", "booklet_page": 92}, {"entry": 9, "label": "Waterfowl reservation", "verbatim": "Number of Hunters Per Reservation: Two adults; each adult hunter may bring up to two junior hunters or two non-shooters or one of each.; Reservation Expires: One hour before shoot time.", "ccr_cite": "14 CCR \u00a7 551(x)", "booklet_table": "Additional Waterfowl Reservation Regulations", "booklet_page": 95}], "absence_sentence": null, "name_note": null}}}, {"type": "Feature", "geometry": {"type": "Polygon", "coordinates": [[[-122.05271, 39.87365], [-122.05962, 39.87461], [-122.05221, 39.88263], [-122.04444, 39.88327], [-122.04142, 39.88055], [-122.05073, 39.86924], [-122.05271, 39.87365]]]}, "properties": {"id": "251", "name": "Merrill's Landing Wildlife Area", "kind": "public_land", "land_type": "Wildlife Area", "access_verbatim": "Open; Refer to regulations or contact CDFW regional or area office prior to visit.", "link": "http://www.wildlife.ca.gov/Lands/Places-to-Visit/Merrills-Landing-WA", "cdfw_region": 1, "hunting": {"state": "type_classified", "entry": 63, "verbatim": "(3) \u201cType C\u201d wildlife areas are defined as wildlife areas that, except as provided in subsections 551(q) and 551(t), are open daily for hunting all legal species and do not require the purchase of a hunting pass for entry.", "ccr_cite": "14 CCR \u00a7 551(e)", "booklet_page": 74, "wildlife_area_type": "C", "restrictions": [], "absence_sentence": null, "name_note": null}}}, {"type": "Feature", "geometry": {"type": "Polygon", "coordinates": [[[-121.66659, 38.23705], [-121.66643, 38.23506], [-121.67151, 38.233], [-121.67268, 38.23527], [-121.66659, 38.23705]]]}, "properties": {"id": "252", "name": "Miner Slough Wildlife Area", "kind": "public_land", "land_type": "Wildlife Area", "access_verbatim": "Open; Refer to regulations or contact CDFW regional or area office prior to visit.", "link": "http://www.wildlife.ca.gov/Lands/Places-to-Visit/Miner-Slough-WA", "cdfw_region": 3, "hunting": {"state": "type_classified", "entry": 64, "verbatim": "(3) \u201cType C\u201d wildlife areas are defined as wildlife areas that, except as provided in subsections 551(q) and 551(t), are open daily for hunting all legal species and do not require the purchase of a hunting pass for entry.", "ccr_cite": "14 CCR \u00a7 551(e)", "booklet_page": 74, "wildlife_area_type": "C", "restrictions": [{"entry": 31, "label": "Firearm restriction", "verbatim": "Rifles and pistols are prohibited.", "ccr_cite": "14 CCR \u00a7 551", "booklet_table": "Wildlife Areas with Firearm Restrictions", "booklet_page": 90}, {"entry": 14, "label": "Species restriction", "verbatim": "Waterfowl only.", "ccr_cite": "14 CCR \u00a7 551(t)", "booklet_table": "Species Restrictions for Hunting on Type C Wildlife Areas", "booklet_page": 93}], "absence_sentence": null, "name_note": null}}}, {"type": "Feature", "geometry": {"type": "Polygon", "coordinates": [[[-118.16496, 36.22789], [-118.16493, 36.22432], [-118.16982, 36.2243], [-118.16989, 36.22099], [-118.17857, 36.22123], [-118.17857, 36.22446], [-118.18272, 36.22462], [-118.1827, 36.22837], [-118.16496, 36.22789]]]}, "properties": {"id": "253", "name": "Monache Meadows Wildlife Area", "kind": "public_land", "land_type": "Wildlife Area", "access_verbatim": "Open; Refer to regulations or contact CDFW regional or area office prior to visit.", "link": "http://www.wildlife.ca.gov/Lands/Places-to-Visit/Monache-Meadows-WA", "cdfw_region": 4, "hunting": {"state": "type_classified", "entry": 65, "verbatim": "(3) \u201cType C\u201d wildlife areas are defined as wildlife areas that, except as provided in subsections 551(q) and 551(t), are open daily for hunting all legal species and do not require the purchase of a hunting pass for entry.", "ccr_cite": "14 CCR \u00a7 551(e)", "booklet_page": 74, "wildlife_area_type": "C", "restrictions": [], "absence_sentence": null, "name_note": null}}}, {"type": "Feature", "geometry": {"type": "Polygon", "coordinates": [[[-120.85829, 35.3527], [-120.84359, 35.34929], [-120.8447, 35.329], [-120.84029, 35.32451], [-120.84137, 35.32247], [-120.85037, 35.32175], [-120.85401, 35.31779], [-120.86553, 35.31443], [-120.8605, 35.32478], [-120.85828, 35.34345], [-120.85605, 35.34703], [-120.85829, 35.3527]]]}, "properties": {"id": "254", "name": "Morro Bay Wildlife Area", "kind": "public_land", "land_type": "Wildlife Area", "access_verbatim": "Open; Refer to regulations or contact CDFW regional or area office prior to visit.", "link": "http://www.wildlife.ca.gov/Lands/Places-to-Visit/Morro-Bay-WA", "cdfw_region": 4, "hunting": {"state": "type_classified", "entry": 66, "verbatim": "(3) \u201cType C\u201d wildlife areas are defined as wildlife areas that, except as provided in subsections 551(q) and 551(t), are open daily for hunting all legal species and do not require the purchase of a hunting pass for entry.", "ccr_cite": "14 CCR \u00a7 551(e)", "booklet_page": 74, "wildlife_area_type": "C", "restrictions": [{"entry": 35, "label": "Closure or restriction", "verbatim": "Closed to hunting from the day after the end of waterfowl season until the opening day of brant season. A hunter shall not possess more than 25 shot shells while in the field.", "ccr_cite": "14 CCR \u00a7 551", "booklet_table": "Closures and Restrictions on Wildlife Areas", "booklet_page": 85}, {"entry": 13, "label": "Shooting restriction or drawing requirement", "verbatim": "Shooting hours are from 7:00 a.m. until sunset.", "ccr_cite": "14 CCR \u00a7 551", "booklet_table": "Wildlife Areas with Shooting Restrictions and/or Special Drawing Requirements", "booklet_page": 88}, {"entry": 32, "label": "Firearm restriction", "verbatim": "Rifles and pistols are prohibited.", "ccr_cite": "14 CCR \u00a7 551", "booklet_table": "Wildlife Areas with Firearm Restrictions", "booklet_page": 90}], "absence_sentence": null, "name_note": null}}}, {"type": "Feature", "geometry": {"type": "MultiPolygon", "coordinates": [[[[-121.78487, 36.81052], [-121.78561, 36.81974], [-121.77909, 36.82365], [-121.77287, 36.82372], [-121.77106, 36.82011], [-121.7619, 36.82004], [-121.75882, 36.81756], [-121.75667, 36.81782], [-121.75676, 36.82015], [-121.75049, 36.81746], [-121.75023, 36.82016], [-121.74753, 36.82056], [-121.74835, 36.82963], [-121.74618, 36.83055], [-121.74603, 36.83288], [-121.74886, 36.8347], [-121.74223, 36.83473], [-121.74191, 36.83148], [-121.74814, 36.81751], [-121.76268, 36.81375], [-121.7668, 36.81742], [-121.77107, 36.81361], [-121.77986, 36.8132], [-121.78487, 36.81052]]], [[[-121.75938, 36.84528], [-121.75228, 36.84115], [-121.75214, 36.83831], [-121.75566, 36.83864], [-121.75938, 36.84528]]]]}, "properties": {"id": "255", "name": "Moss Landing Wildlife Area", "kind": "public_land", "land_type": "Wildlife Area", "access_verbatim": "Open; Refer to regulations or contact CDFW regional or area office prior to visit.", "link": "http://www.wildlife.ca.gov/Lands/Places-to-Visit/Moss-Landing-WA", "cdfw_region": 4, "hunting": {"state": "type_classified", "entry": 67, "verbatim": "(3) \u201cType C\u201d wildlife areas are defined as wildlife areas that, except as provided in subsections 551(q) and 551(t), are open daily for hunting all legal species and do not require the purchase of a hunting pass for entry.", "ccr_cite": "14 CCR \u00a7 551(e)", "booklet_page": 74, "wildlife_area_type": "C", "restrictions": [{"entry": 36, "label": "Closure or restriction", "verbatim": "Closed to hunting on New Year\u2019s Day. The Salt Ponds are closed to hunting.", "ccr_cite": "14 CCR \u00a7 551", "booklet_table": "Closures and Restrictions on Wildlife Areas", "booklet_page": 85}, {"entry": 14, "label": "Shooting restriction or drawing requirement", "verbatim": "Hunting is allowed only on Saturdays, Sundays, and Wednesdays and only during waterfowl season. Closed to hunting on New Year\u2019s Day.", "ccr_cite": "14 CCR \u00a7 551", "booklet_table": "Wildlife Areas with Shooting Restrictions and/or Special Drawing Requirements", "booklet_page": 88}, {"entry": 33, "label": "Firearm restriction", "verbatim": "Rifles and pistols are prohibited.", "ccr_cite": "14 CCR \u00a7 551", "booklet_table": "Wildlife Areas with Firearm Restrictions", "booklet_page": 90}, {"entry": 15, "label": "Species restriction", "verbatim": "Waterfowl, coot, and moorhen only.", "ccr_cite": "14 CCR \u00a7 551(t)", "booklet_table": "Species Restrictions for Hunting on Type C Wildlife Areas", "booklet_page": 93}], "absence_sentence": null, "name_note": null}}}, {"type": "Feature", "geometry": {"type": "MultiPolygon", "coordinates": [[[[-122.22533, 40.40899], [-122.22732, 40.40746], [-122.23232, 40.41277], [-122.22673, 40.41718], [-122.22601, 40.41416], [-122.22478, 40.41324], [-122.22711, 40.41109], [-122.22533, 40.40899]]], [[[-122.22259, 40.41673], [-122.22579, 40.41424], [-122.22417, 40.41787], [-122.22259, 40.41673]]], [[[-122.19975, 40.37783], [-122.22601, 40.38816], [-122.23046, 40.38727], [-122.2318, 40.39548], [-122.22952, 40.39571], [-122.22908, 40.39346], [-122.22391, 40.39404], [-122.22444, 40.3963], [-122.22409, 40.39634], [-122.2237, 40.39407], [-122.21195, 40.38772], [-122.21047, 40.3894], [-122.20556, 40.38679], [-122.1989, 40.38751], [-122.19975, 40.37783]]], [[[-122.2174, 40.41471], [-122.20319, 40.40551], [-122.2021, 40.40203], [-122.20869, 40.40187], [-122.20907, 40.39829], [-122.21553, 40.40171], [-122.21368, 40.4032], [-122.21701, 40.40582], [-122.21851, 40.40464], [-122.22123, 40.4068], [-122.22463, 40.40417], [-122.22742, 40.40716], [-122.2174, 40.41471]]]]}, "properties": {"id": "256", "name": "Mouth of Cottonwood Creek Wildlife Area", "kind": "public_land", "land_type": "Wildlife Area", "access_verbatim": "Open; Refer to regulations or contact CDFW regional or area office prior to visit.", "link": "http://www.wildlife.ca.gov/Lands/Places-to-Visit/Mouth-of-Cottonwood-Creek-WA", "cdfw_region": 1, "hunting": {"state": "type_classified", "entry": 68, "verbatim": "(3) \u201cType C\u201d wildlife areas are defined as wildlife areas that, except as provided in subsections 551(q) and 551(t), are open daily for hunting all legal species and do not require the purchase of a hunting pass for entry.", "ccr_cite": "14 CCR \u00a7 551(e)", "booklet_page": 74, "wildlife_area_type": "C", "restrictions": [{"entry": 34, "label": "Firearm restriction", "verbatim": "Rifles and pistols are prohibited.", "ccr_cite": "14 CCR \u00a7 551", "booklet_table": "Wildlife Areas with Firearm Restrictions", "booklet_page": 90}], "absence_sentence": null, "name_note": null}}}, {"type": "Feature", "geometry": {"type": "MultiPolygon", "coordinates": [[[[-122.44892, 38.15592], [-122.4535, 38.16315], [-122.45162, 38.17005], [-122.44937, 38.16826], [-122.44833, 38.16992], [-122.43943, 38.16827], [-122.44542, 38.16579], [-122.44882, 38.16045], [-122.44892, 38.15592]]], [[[-122.26697, 38.13074], [-122.26969, 38.12908], [-122.27007, 38.12946], [-122.26697, 38.13074]]], [[[-122.26736, 38.12783], [-122.26522, 38.13111], [-122.26411, 38.13076], [-122.26522, 38.1297], [-122.26736, 38.12783]]], [[[-122.27061, 38.12911], [-122.27123, 38.12759], [-122.27128, 38.12763], [-122.27061, 38.12911]]], [[[-122.34455, 38.13231], [-122.36459, 38.14017], [-122.3642, 38.15145], [-122.35964, 38.15287], [-122.36193, 38.1558], [-122.36409, 38.15268], [-122.36705, 38.15319], [-122.36577, 38.16692], [-122.3696, 38.1764], [-122.36717, 38.18363], [-122.35947, 38.18165], [-122.35749, 38.18314], [-122.35702, 38.19107], [-122.36064, 38.19638], [-122.35882, 38.19748], [-122.35351, 38.19553], [-122.34901, 38.1907], [-122.34379, 38.18956], [-122.3425, 38.18421], [-122.3359, 38.18506], [-122.33437, 38.19165], [-122.32982, 38.19254], [-122.32598, 38.1858], [-122.31696, 38.18209], [-122.30924, 38.17421], [-122.29644, 38.17196], [-122.29515, 38.16872], [-122.29881, 38.15535], [-122.29547, 38.14952], [-122.28959, 38.14565], [-122.30308, 38.1409], [-122.30996, 38.14362], [-122.31427, 38.15057], [-122.31585, 38.15106], [-122.32019, 38.14987], [-122.32593, 38.14386], [-122.33097, 38.1432], [-122.33722, 38.15203], [-122.32929, 38.15816], [-122.33054, 38.16109], [-122.33817, 38.15964], [-122.33997, 38.15571], [-122.34432, 38.15466], [-122.34455, 38.13231]]], [[[-122.32878, 38.19335], [-122.33784, 38.19097], [-122.33928, 38.19366], [-122.34808, 38.19301], [-122.35067, 38.20214], [-122.35722, 38.20876], [-122.36085, 38.2097], [-122.3653, 38.21586], [-122.34884, 38.21346], [-122.32899, 38.21552], [-122.30911, 38.20983], [-122.31366, 38.2076], [-122.3191, 38.20875], [-122.32025, 38.20526], [-122.32322, 38.20418], [-122.31582, 38.2043], [-122.31511, 38.20273], [-122.31519, 38.19396], [-122.31867, 38.19359], [-122.31733, 38.18663], [-122.32283, 38.18535], [-122.32594, 38.18714], [-122.32878, 38.19335]]], [[[-122.30554, 38.20811], [-122.29542, 38.20495], [-122.29833, 38.20485], [-122.2932, 38.20291], [-122.28985, 38.19672], [-122.28651, 38.19583], [-122.28634, 38.18925], [-122.28182, 38.18573], [-122.28389, 38.18064], [-122.28842, 38.1792], [-122.29164, 38.1844], [-122.31019, 38.18768], [-122.31389, 38.19754], [-122.30554, 38.20811]]], [[[-122.28346, 38.14032], [-122.28416, 38.12172], [-122.29937, 38.12416], [-122.29907, 38.12779], [-122.3053, 38.12897], [-122.30975, 38.13545], [-122.31721, 38.13917], [-122.3271, 38.13521], [-122.32972, 38.14278], [-122.32581, 38.14356], [-122.32088, 38.14888], [-122.31545, 38.15074], [-122.31266, 38.14515], [-122.3082, 38.14182], [-122.30368, 38.14051], [-122.28769, 38.14439], [-122.28346, 38.14032]]], [[[-122.27136, 38.13179], [-122.26646, 38.13147], [-122.27062, 38.12942], [-122.27296, 38.12682], [-122.27211, 38.13404], [-122.27136, 38.13179]]], [[[-122.4401, 38.22121], [-122.43737, 38.22597], [-122.43028, 38.22643], [-122.43216, 38.22479], [-122.42939, 38.22301], [-122.42813, 38.23153], [-122.41921, 38.23038], [-122.4178, 38.23502], [-122.41757, 38.23525], [-122.42145, 38.23804], [-122.41741, 38.23522], [-122.41812, 38.23371], [-122.41223, 38.22965], [-122.41344, 38.2286], [-122.41196, 38.2297], [-122.40533, 38.22532], [-122.40509, 38.21996], [-122.41377, 38.2179], [-122.42192, 38.2223], [-122.42841, 38.21527], [-122.4266, 38.21285], [-122.4195, 38.21197], [-122.42092, 38.20752], [-122.4278, 38.21026], [-122.43814, 38.20729], [-122.44497, 38.21349], [-122.4441, 38.21625], [-122.43913, 38.21743], [-122.4401, 38.22121]]], [[[-122.29114, 38.15224], [-122.28714, 38.161], [-122.28645, 38.1681], [-122.28493, 38.16815], [-122.28425, 38.16305], [-122.2789, 38.16126], [-122.27888, 38.1629], [-122.28327, 38.16355], [-122.28486, 38.17113], [-122.2789, 38.17209], [-122.27734, 38.18096], [-122.27115, 38.17637], [-122.27064, 38.17381], [-122.27015, 38.16977], [-122.27415, 38.16415], [-122.26806, 38.16405], [-122.26474, 38.16078], [-122.2648, 38.15539], [-122.28559, 38.15441], [-122.28281, 38.15238], [-122.27754, 38.15405], [-122.27763, 38.15247], [-122.263, 38.14447], [-122.26322, 38.14098], [-122.25817, 38.14097], [-122.25953, 38.13906], [-122.26706, 38.13911], [-122.26635, 38.1427], [-122.279, 38.14269], [-122.27944, 38.14466], [-122.28898, 38.14901], [-122.29114, 38.15224]]], [[[-122.43628, 38.15313], [-122.44052, 38.14919], [-122.44559, 38.15187], [-122.44387, 38.15239], [-122.43628, 38.15313]]], [[[-122.28613, 38.21207], [-122.28705, 38.20986], [-122.29008, 38.20935], [-122.28986, 38.20733], [-122.29475, 38.20556], [-122.30565, 38.20881], [-122.30614, 38.21144], [-122.28613, 38.21207]]], [[[-122.38067, 38.15992], [-122.38045, 38.14583], [-122.40364, 38.15298], [-122.4068, 38.15731], [-122.40329, 38.16018], [-122.38067, 38.15992]]], [[[-122.44166, 38.13472], [-122.4374, 38.12713], [-122.44854, 38.12852], [-122.44166, 38.13472]]]]}, "properties": {"id": "257", "name": "Napa -- Sonoma Marshes Wildlife Area", "kind": "public_land", "land_type": "Wildlife Area", "access_verbatim": "Open; Refer to regulations or contact CDFW regional or area office prior to visit.", "link": "http://www.wildlife.ca.gov/Lands/Places-to-Visit/Napa-Sonoma-Marshes-WA", "cdfw_region": 3, "hunting": {"state": "absent", "entry": null, "verbatim": null, "ccr_cite": null, "booklet_page": null, "wildlife_area_type": null, "restrictions": [{"entry": 37, "label": "Closure or restriction", "verbatim": "The following units are closed to all hunting, firearms and archery use: The White Slough Unit, the Green Island Unit, the Southern Crossing Unit and the portion of the American Canyon Unit south of the PG&E lines. Dogs are prohibited from March 2 through June 30.", "ccr_cite": "14 CCR \u00a7 551", "booklet_table": "Closures and Restrictions on Wildlife Areas", "booklet_page": 85}, {"entry": 15, "label": "Shooting restriction or drawing requirement", "verbatim": "Hunting is allowed only on Saturdays, Sundays, and Wednesdays during open season for authorized species except that dove and rabbits may be hunted daily during the September dove season.", "ccr_cite": "14 CCR \u00a7 551", "booklet_table": "Wildlife Areas with Shooting Restrictions and/or Special Drawing Requirements", "booklet_page": 89}, {"entry": 35, "label": "Firearm restriction", "verbatim": "Rifles and pistols are prohibited. All firearms and archery equipment are prohibited on the White Slough Unit, the Southern Crossing Unit, the Green Island Unit and the portion of the American Canyon Unit that is south of the PG&E lines.", "ccr_cite": "14 CCR \u00a7 551", "booklet_table": "Wildlife Areas with Firearm Restrictions", "booklet_page": 90}, {"entry": 16, "label": "Species restriction", "verbatim": "Waterfowl, coots, moorhen, snipe, rabbit, quail, pheasant, and dove only.", "ccr_cite": "14 CCR \u00a7 551(t)", "booklet_table": "Species Restrictions for Hunting on Type C Wildlife Areas", "booklet_page": 93}], "absence_sentence": "CDFW's lands booklet names this property but gives no hunting rule for it.", "name_note": null}}}, {"type": "Feature", "geometry": {"type": "MultiPolygon", "coordinates": [[[[-120.77419, 37.02656], [-120.81053, 37.04647], [-120.81054, 37.04647], [-120.80856, 37.04933], [-120.80179, 37.04914], [-120.80138, 37.05591], [-120.78822, 37.05528], [-120.75867, 37.02641], [-120.77419, 37.02656]]], [[[-120.76947, 37.04928], [-120.76965, 37.04115], [-120.7729, 37.04121], [-120.78062, 37.04911], [-120.76947, 37.04928]]], [[[-120.83262, 37.20674], [-120.82587, 37.1993], [-120.82481, 37.19203], [-120.82677, 37.18636], [-120.81859, 37.17859], [-120.81278, 37.17909], [-120.81409, 37.17243], [-120.82011, 37.1699], [-120.81438, 37.16575], [-120.81253, 37.15908], [-120.82365, 37.14716], [-120.82725, 37.15363], [-120.8347, 37.18145], [-120.85179, 37.21649], [-120.83037, 37.21635], [-120.8307, 37.21453], [-120.83478, 37.21538], [-120.83615, 37.21091], [-120.83569, 37.20847], [-120.83074, 37.21056], [-120.83262, 37.20674]]], [[[-120.96495, 37.34528], [-120.96709, 37.34204], [-120.96328, 37.34144], [-120.9619, 37.3377], [-120.96396, 37.33422], [-120.96092, 37.33424], [-120.95776, 37.33769], [-120.95678, 37.33519], [-120.95333, 37.33444], [-120.95259, 37.33134], [-120.94335, 37.33201], [-120.94651, 37.32978], [-120.94277, 37.32636], [-120.94543, 37.32221], [-120.93785, 37.32369], [-120.93451, 37.31762], [-120.93909, 37.31707], [-120.93976, 37.31143], [-120.93219, 37.31194], [-120.93117, 37.31033], [-120.94632, 37.28891], [-120.95009, 37.2889], [-120.95373, 37.29989], [-120.95108, 37.30094], [-120.95305, 37.30847], [-120.95718, 37.30737], [-120.96299, 37.31713], [-120.98085, 37.3123], [-120.97652, 37.30365], [-120.98365, 37.30369], [-120.98466, 37.3071], [-120.98849, 37.30706], [-120.9916, 37.30977], [-120.9799, 37.32275], [-120.9722, 37.33745], [-120.97643, 37.33131], [-120.98597, 37.33793], [-120.98319, 37.34038], [-120.98018, 37.33797], [-120.97807, 37.33871], [-120.97749, 37.33615], [-120.97649, 37.34159], [-120.97566, 37.34007], [-120.97282, 37.33907], [-120.97621, 37.34189], [-120.97852, 37.34192], [-120.97539, 37.34934], [-120.96495, 37.34528]]]]}, "properties": {"id": "258", "name": "North Grasslands Wildlife Area", "kind": "public_land", "land_type": "Wildlife Area", "access_verbatim": "Open; Refer to regulations or contact CDFW regional or area office prior to visit.", "link": "http://www.wildlife.ca.gov/Lands/Places-to-Visit/North-Grasslands-WA", "cdfw_region": 4, "hunting": {"state": "type_classified", "entry": 71, "verbatim": "(1) \u201cType A\u201d wildlife areas are defined as wildlife areas which have restricted hunter access during waterfowl season, and require a hunting pass to be purchased in advance and exchanged for an entry permit at the wildlife area, per subsections 550.5(c) and 702(b) of these regulations. Reservations are available per subsection 550.5(a) of these regulations during waterfowl season. Species open for hunting are waterfowl, coots, moorhens, snipe, pheasant, and dove, unless otherwise specified in subsection 551(s). Except as provided in subsection 551(p) and Section 552 of these regulations, shoot days are Saturdays, Sundays, and Wednesdays during waterfowl season, youth waterfowl hunt days authorized in Section 502 of these regulations, and daily during the September dove season only. All Type A wildlife areas are closed to hunting on Christmas Day.", "ccr_cite": "14 CCR \u00a7 551(e)", "booklet_page": 74, "wildlife_area_type": "A", "restrictions": [{"entry": 38, "label": "Closure or restriction", "verbatim": "A hunter shall not possess more than 25 shot shells while in the field during waterfowl season, except on days when only upland game may be taken and on special \u201cyouth only\u201d waterfowl hunt days when there shall be no restrictions on the number of shot shells taken into the field. Closed to deer hunting except with a department-issued entry permit. Deer may be taken with shotgun and slug only (see subsection 353(d)).", "ccr_cite": "14 CCR \u00a7 551", "booklet_table": "Closures and Restrictions on Wildlife Areas", "booklet_page": 85}, {"entry": 15, "label": "Additional hunter opportunity", "verbatim": "Species: Raccoon, rabbit, deer, and quail; Hunt Requirements: Self-registration required for raccoons and rabbits. Raccoon may not be taken during waterfowl season. Rabbit may be hunted daily from July 1 through September 15 and from the day after the end of waterfowl season until the end of the rabbit season. During the waterfowl season, rabbit hunting is allowed only on waterfowl and pheasant hunt days. A department-issued entry permit is required to hunt deer. Eurasian collared dove hunting allowed during mourning dove open season. Snipe hunting allowed only on waterfowl shoot days during the general waterfowl season.", "ccr_cite": "14 CCR \u00a7 551", "booklet_table": "Additional Hunter Opportunities on Type A and Type B Wildlife Areas", "booklet_page": 92}], "absence_sentence": null, "name_note": null}}}, {"type": "Feature", "geometry": {"type": "Polygon", "coordinates": [[[-121.01615, 37.08361], [-121.01636, 37.07516], [-121.03229, 37.07533], [-121.04481, 37.09295], [-121.0418, 37.09428], [-121.04119, 37.09167], [-121.01615, 37.08361]]]}, "properties": {"id": "259", "name": "O'Neill Forebay Wildlife Area", "kind": "public_land", "land_type": "Wildlife Area", "access_verbatim": "Open; Refer to regulations or contact CDFW regional or area office prior to visit.", "link": "http://www.wildlife.ca.gov/Lands/Places-to-Visit/ONeill-Forebay-WA", "cdfw_region": 4, "hunting": {"state": "type_classified", "entry": 72, "verbatim": "(3) \u201cType C\u201d wildlife areas are defined as wildlife areas that, except as provided in subsections 551(q) and 551(t), are open daily for hunting all legal species and do not require the purchase of a hunting pass for entry.", "ccr_cite": "14 CCR \u00a7 551(e)", "booklet_page": 74, "wildlife_area_type": "C", "restrictions": [{"entry": 39, "label": "Closure or restriction", "verbatim": "Closed to all visitor use the day of and day after designated special apprentice pheasant hunts except for special apprentice pheasant hunt permit holders. Closed to deer hunting except with a department-issued entry permit. Deer may be taken with shotgun and slug only (see subsection 353(d)).", "ccr_cite": "14 CCR \u00a7 551", "booklet_table": "Closures and Restrictions on Wildlife Areas", "booklet_page": 85}, {"entry": 16, "label": "Shooting restriction or drawing requirement", "verbatim": "Closed to deer hunting except with a department-issued entry permit. Deer may be taken with shotgun and slog only (see subsection 353(d)). Self-registration is required at the parking lot at all times except for junior pheasant hunts, the day following junior pheasant hunts, and deer hunts when entry is controlled through special drawings.", "ccr_cite": "14 CCR \u00a7 551", "booklet_table": "Wildlife Areas with Shooting Restrictions and/or Special Drawing Requirements", "booklet_page": 89}, {"entry": 36, "label": "Firearm restriction", "verbatim": "Rifles and pistols are prohibited. Shotgun slugs are prohibited except for take of deer.", "ccr_cite": "14 CCR \u00a7 551", "booklet_table": "Wildlife Areas with Firearm Restrictions", "booklet_page": 90}, {"entry": 17, "label": "Species restriction", "verbatim": "Waterfowl, pheasant, quail, dove, rabbit, and crow only. Closed to deer hunting except with a department-issued entry permit.", "ccr_cite": "14 CCR \u00a7 551(t)", "booklet_table": "Species Restrictions for Hunting on Type C Wildlife Areas", "booklet_page": 93}], "absence_sentence": null, "name_note": null}}}, {"type": "Feature", "geometry": {"type": "MultiPolygon", "coordinates": [[[[-121.6405, 39.45107], [-121.65562, 39.45096], [-121.64961, 39.4556], [-121.64253, 39.45585], [-121.63947, 39.45765], [-121.63721, 39.45544], [-121.64008, 39.45174], [-121.63808, 39.44762], [-121.63833, 39.43776], [-121.63629, 39.43369], [-121.62468, 39.426], [-121.6285, 39.41552], [-121.62746, 39.41114], [-121.61799, 39.40632], [-121.62192, 39.39596], [-121.62984, 39.39582], [-121.63092, 39.40485], [-121.63679, 39.40493], [-121.6347, 39.41271], [-121.62969, 39.41273], [-121.62962, 39.41637], [-121.63482, 39.41635], [-121.63501, 39.42066], [-121.63745, 39.42079], [-121.63741, 39.42295], [-121.63449, 39.4231], [-121.63889, 39.42752], [-121.64208, 39.42683], [-121.63886, 39.42815], [-121.63883, 39.43084], [-121.64459, 39.43255], [-121.64657, 39.43903], [-121.64173, 39.4396], [-121.6405, 39.45107]]], [[[-121.62611, 39.40147], [-121.62379, 39.40138], [-121.62385, 39.40505], [-121.6263, 39.40499], [-121.62611, 39.40147]]], [[[-121.60231, 39.45915], [-121.60705, 39.44237], [-121.60913, 39.4423], [-121.61274, 39.43348], [-121.60967, 39.43353], [-121.61085, 39.42531], [-121.60526, 39.42459], [-121.60529, 39.42264], [-121.62116, 39.42249], [-121.61924, 39.42124], [-121.61914, 39.41172], [-121.62103, 39.41111], [-121.61879, 39.40872], [-121.62369, 39.40965], [-121.62736, 39.415], [-121.62381, 39.42081], [-121.62438, 39.42918], [-121.63558, 39.43458], [-121.6355, 39.44937], [-121.63799, 39.45279], [-121.63287, 39.45521], [-121.61339, 39.45629], [-121.6124, 39.45875], [-121.60401, 39.46183], [-121.60141, 39.4654], [-121.59471, 39.46662], [-121.59465, 39.46144], [-121.60231, 39.45915]]], [[[-121.6853, 39.49415], [-121.68785, 39.5055], [-121.68587, 39.50535], [-121.68787, 39.50861], [-121.68137, 39.51233], [-121.66722, 39.51476], [-121.6637, 39.50904], [-121.65856, 39.51198], [-121.65632, 39.50874], [-121.65896, 39.50544], [-121.65099, 39.50566], [-121.65104, 39.49786], [-121.65354, 39.49729], [-121.65415, 39.49433], [-121.66279, 39.49421], [-121.66155, 39.48389], [-121.66538, 39.48561], [-121.66656, 39.4813], [-121.65374, 39.47569], [-121.65579, 39.47959], [-121.65448, 39.48217], [-121.64746, 39.4833], [-121.6444, 39.48152], [-121.63916, 39.47235], [-121.635, 39.47355], [-121.63193, 39.46884], [-121.62766, 39.46937], [-121.62747, 39.46644], [-121.64164, 39.45661], [-121.65029, 39.45593], [-121.65711, 39.4517], [-121.6868, 39.45142], [-121.68735, 39.49149], [-121.68117, 39.49401], [-121.6853, 39.49415]]], [[[-121.62661, 39.47522], [-121.61204, 39.47934], [-121.61147, 39.48499], [-121.60914, 39.48499], [-121.60909, 39.48263], [-121.60407, 39.48288], [-121.60482, 39.48573], [-121.60174, 39.48596], [-121.60212, 39.491], [-121.59173, 39.49478], [-121.58987, 39.4977], [-121.58003, 39.49586], [-121.5789, 39.4855], [-121.58124, 39.47555], [-121.58435, 39.47175], [-121.59951, 39.46654], [-121.61293, 39.46079], [-121.61646, 39.45752], [-121.63678, 39.45581], [-121.6391, 39.45781], [-121.63594, 39.46013], [-121.61815, 39.46716], [-121.61812, 39.47208], [-121.62662, 39.47205], [-121.62661, 39.47522]]]]}, "properties": {"id": "260", "name": "Oroville Wildlife Area", "kind": "public_land", "land_type": "Wildlife Area", "access_verbatim": "Open; Refer to regulations or contact CDFW regional or area office prior to visit.", "link": "http://www.wildlife.ca.gov/Lands/Places-to-Visit/Oroville-WA", "cdfw_region": 2, "hunting": {"state": "type_classified", "entry": 73, "verbatim": "(3) \u201cType C\u201d wildlife areas are defined as wildlife areas that, except as provided in subsections 551(q) and 551(t), are open daily for hunting all legal species and do not require the purchase of a hunting pass for entry.", "ccr_cite": "14 CCR \u00a7 551(e)", "booklet_page": 74, "wildlife_area_type": "C", "restrictions": [{"entry": 40, "label": "Closure or restriction", "verbatim": "Closed to hunting February 1 through August 31 except during the spring turkey season when only turkeys may be hunted through a special drawing. Dogs are prohibited from March 2 through June 30.", "ccr_cite": "14 CCR \u00a7 551", "booklet_table": "Closures and Restrictions on Wildlife Areas", "booklet_page": 85}, {"entry": 17, "label": "Shooting restriction or drawing requirement", "verbatim": "Special draw entry permits are required for the spring turkey season.", "ccr_cite": "14 CCR \u00a7 551", "booklet_table": "Wildlife Areas with Shooting Restrictions and/or Special Drawing Requirements", "booklet_page": 89}, {"entry": 37, "label": "Firearm restriction", "verbatim": "Rifles and pistols are prohibited except at the portion of the area designated as a shooting range.", "ccr_cite": "14 CCR \u00a7 551", "booklet_table": "Wildlife Areas with Firearm Restrictions", "booklet_page": 90}], "absence_sentence": null, "name_note": null}}}, {"type": "Feature", "geometry": {"type": "MultiPolygon", "coordinates": [[[[-122.55699, 38.12337], [-122.56435, 38.11867], [-122.56507, 38.12295], [-122.56215, 38.13109], [-122.55958, 38.1306], [-122.55746, 38.13287], [-122.55567, 38.13023], [-122.55307, 38.13285], [-122.54925, 38.13021], [-122.55281, 38.12908], [-122.55699, 38.12337]]], [[[-122.51635, 38.12351], [-122.51713, 38.12966], [-122.51417, 38.13009], [-122.51317, 38.12496], [-122.51635, 38.12351]]], [[[-122.51338, 38.11835], [-122.51194, 38.11428], [-122.51427, 38.11618], [-122.51338, 38.11835]]], [[[-122.49804, 38.11541], [-122.50171, 38.11252], [-122.50368, 38.11392], [-122.50091, 38.11598], [-122.49804, 38.11541]]], [[[-122.51453, 38.11684], [-122.51774, 38.1192], [-122.51908, 38.12211], [-122.51653, 38.12328], [-122.51453, 38.11684]]], [[[-122.49029, 38.1013], [-122.49267, 38.09972], [-122.50146, 38.09995], [-122.49632, 38.10184], [-122.49494, 38.10908], [-122.48879, 38.10532], [-122.49029, 38.1013]]], [[[-122.49067, 38.10194], [-122.49015, 38.10204], [-122.49065, 38.10225], [-122.49067, 38.10194]]], [[[-122.49579, 38.10843], [-122.49744, 38.10812], [-122.49836, 38.10956], [-122.49579, 38.10843]]], [[[-122.52612, 38.12496], [-122.53161, 38.12597], [-122.53142, 38.12873], [-122.53587, 38.12769], [-122.53648, 38.12993], [-122.5385, 38.12842], [-122.53973, 38.1309], [-122.54272, 38.13036], [-122.54686, 38.13448], [-122.54724, 38.13718], [-122.5394, 38.13946], [-122.52435, 38.13661], [-122.52903, 38.14156], [-122.55464, 38.14188], [-122.56276, 38.15241], [-122.56374, 38.15069], [-122.56033, 38.14636], [-122.56399, 38.14584], [-122.56385, 38.14094], [-122.56459, 38.15666], [-122.55464, 38.15513], [-122.54404, 38.15695], [-122.53736, 38.14989], [-122.5221, 38.14111], [-122.51469, 38.13212], [-122.52028, 38.13165], [-122.52612, 38.12496]]], [[[-122.56771, 38.20133], [-122.56447, 38.19787], [-122.57923, 38.19779], [-122.57609, 38.19888], [-122.57733, 38.20125], [-122.56771, 38.20133]]], [[[-122.54907, 38.19783], [-122.54498, 38.18334], [-122.53255, 38.16962], [-122.55326, 38.15823], [-122.55559, 38.15875], [-122.55842, 38.16263], [-122.55185, 38.1688], [-122.56389, 38.16967], [-122.56414, 38.17449], [-122.56847, 38.17679], [-122.5651, 38.18196], [-122.56671, 38.1833], [-122.56666, 38.19084], [-122.56166, 38.1909], [-122.56164, 38.19615], [-122.55239, 38.19955], [-122.54907, 38.19783]]], [[[-122.5506, 38.0893], [-122.5558, 38.09543], [-122.55043, 38.09589], [-122.54815, 38.09233], [-122.5506, 38.0893]]], [[[-122.54433, 38.08277], [-122.55001, 38.08957], [-122.54792, 38.09224], [-122.54229, 38.09279], [-122.53544, 38.0878], [-122.54433, 38.08277]]]]}, "properties": {"id": "261", "name": "Petaluma Marsh Wildlife Area", "kind": "public_land", "land_type": "Wildlife Area", "access_verbatim": "Open; Refer to regulations or contact CDFW regional or area office prior to visit.", "link": "http://www.wildlife.ca.gov/Lands/Places-to-Visit/Petaluma-Marsh-WA", "cdfw_region": 3, "hunting": {"state": "type_classified", "entry": 74, "verbatim": "(3) \u201cType C\u201d wildlife areas are defined as wildlife areas that, except as provided in subsections 551(q) and 551(t), are open daily for hunting all legal species and do not require the purchase of a hunting pass for entry.", "ccr_cite": "14 CCR \u00a7 551(e)", "booklet_page": 74, "wildlife_area_type": "C", "restrictions": [{"entry": 42, "label": "Closure or restriction", "verbatim": "The Bahia, Day Island, Green Point, Novato Creek, Point Sonoma, and Rush Creek units are closed to hunting, firearms, and archery use. Dogs are prohibited on all units from March 2 through June 30.", "ccr_cite": "14 CCR \u00a7 551", "booklet_table": "Closures and Restrictions on Wildlife Areas", "booklet_page": 85}, {"entry": 39, "label": "Firearm restriction", "verbatim": "Rifles and pistols are prohibited. All firearms and archery equipment are prohibited on the Bahia, Day Island, Green Point, Novato Creek, Point Sonoma, and Rush Creek units.", "ccr_cite": "14 CCR \u00a7 551", "booklet_table": "Wildlife Areas with Firearm Restrictions", "booklet_page": 90}, {"entry": 19, "label": "Species restriction", "verbatim": "Waterfowl, coot, moorhen, and rabbit only.", "ccr_cite": "14 CCR \u00a7 551(t)", "booklet_table": "Species Restrictions for Hunting on Type C Wildlife Areas", "booklet_page": 93}], "absence_sentence": null, "name_note": null}}}, {"type": "Feature", "geometry": {"type": "MultiPolygon", "coordinates": [[[[-119.44808, 38.35551], [-119.44804, 38.37694], [-119.44357, 38.37699], [-119.44343, 38.35549], [-119.44808, 38.35551]]], [[[-119.48422, 38.36298], [-119.48887, 38.36309], [-119.48881, 38.3595], [-119.49782, 38.35957], [-119.49785, 38.36314], [-119.49329, 38.3631], [-119.49332, 38.36666], [-119.48425, 38.36657], [-119.48422, 38.36298]]], [[[-119.50239, 38.35612], [-119.50236, 38.35253], [-119.51138, 38.35259], [-119.5114, 38.35618], [-119.50239, 38.35612]]], [[[-119.52038, 38.35088], [-119.52034, 38.34554], [-119.52486, 38.34556], [-119.52483, 38.33488], [-119.52934, 38.3349], [-119.52933, 38.33134], [-119.53383, 38.33136], [-119.53393, 38.35055], [-119.52543, 38.35267], [-119.52038, 38.35088]]], [[[-119.53838, 38.3385], [-119.53835, 38.33494], [-119.54287, 38.33495], [-119.5429, 38.33851], [-119.53838, 38.3385]]]]}, "properties": {"id": "262", "name": "Pickel Meadow Wildlife Area", "kind": "public_land", "land_type": "Wildlife Area", "access_verbatim": "Open; Refer to regulations or contact CDFW regional or area office prior to visit.", "link": "http://www.wildlife.ca.gov/Lands/Places-to-Visit/Pickel-Meadow-WA", "cdfw_region": 6, "hunting": {"state": "type_classified", "entry": 75, "verbatim": "(3) \u201cType C\u201d wildlife areas are defined as wildlife areas that, except as provided in subsections 551(q) and 551(t), are open daily for hunting all legal species and do not require the purchase of a hunting pass for entry.", "ccr_cite": "14 CCR \u00a7 551(e)", "booklet_page": 74, "wildlife_area_type": "C", "restrictions": [], "absence_sentence": null, "name_note": null}}}, {"type": "Feature", "geometry": {"type": "MultiPolygon", "coordinates": [[[[-120.44089, 41.428], [-120.43977, 41.42859], [-120.43929, 41.42793], [-120.43308, 41.42682], [-120.43032, 41.42593], [-120.42467, 41.42217], [-120.43507, 41.42697], [-120.42458, 41.42161], [-120.43823, 41.42165], [-120.43816, 41.42527], [-120.44788, 41.42528], [-120.44776, 41.43228], [-120.4408, 41.43004], [-120.44058, 41.42959], [-120.44108, 41.42837], [-120.44089, 41.428]]], [[[-120.42454, 41.42254], [-120.4207, 41.42326], [-120.4249, 41.4234], [-120.42523, 41.42394], [-120.43284, 41.42694], [-120.43971, 41.42875], [-120.44089, 41.42817], [-120.44036, 41.42957], [-120.44067, 41.43017], [-120.44776, 41.43246], [-120.44769, 41.4361], [-120.44283, 41.43609], [-120.4429, 41.43252], [-120.42832, 41.43249], [-120.42821, 41.44316], [-120.40863, 41.44285], [-120.4085, 41.42879], [-120.39709, 41.42513], [-120.37542, 41.42353], [-120.35942, 41.41954], [-120.35944, 41.41716], [-120.35463, 41.41714], [-120.35467, 41.41353], [-120.37448, 41.41356], [-120.37439, 41.42115], [-120.42454, 41.42254]]]]}, "properties": {"id": "263", "name": "Pine Creek Wildlife Area", "kind": "public_land", "land_type": "Wildlife Area", "access_verbatim": "Open; Refer to regulations or contact CDFW regional or area office prior to visit.", "link": "http://www.wildlife.ca.gov/Lands/Places-to-Visit/Pine-Creek-WA", "cdfw_region": 1, "hunting": {"state": "type_classified", "entry": 76, "verbatim": "(3) \u201cType C\u201d wildlife areas are defined as wildlife areas that, except as provided in subsections 551(q) and 551(t), are open daily for hunting all legal species and do not require the purchase of a hunting pass for entry.", "ccr_cite": "14 CCR \u00a7 551(e)", "booklet_page": 74, "wildlife_area_type": "C", "restrictions": [], "absence_sentence": null, "name_note": null}}}, {"type": "Feature", "geometry": {"type": "Polygon", "coordinates": [[[-122.06541, 38.05309], [-122.05669, 38.03862], [-122.07022, 38.03476], [-122.08122, 38.04195], [-122.08248, 38.04616], [-122.08171, 38.04174], [-122.08348, 38.04144], [-122.08503, 38.04768], [-122.07294, 38.04946], [-122.07054, 38.05353], [-122.06541, 38.05309]]]}, "properties": {"id": "264", "name": "Point Edith Wildlife Area", "kind": "public_land", "land_type": "Wildlife Area", "access_verbatim": "Open; Refer to regulations or contact CDFW regional or area office prior to visit.", "link": "http://www.wildlife.ca.gov/Lands/Places-to-Visit/Point-Edith-WA", "cdfw_region": 3, "hunting": {"state": "type_classified", "entry": 77, "verbatim": "(3) \u201cType C\u201d wildlife areas are defined as wildlife areas that, except as provided in subsections 551(q) and 551(t), are open daily for hunting all legal species and do not require the purchase of a hunting pass for entry.", "ccr_cite": "14 CCR \u00a7 551(e)", "booklet_page": 74, "wildlife_area_type": "C", "restrictions": [{"entry": 40, "label": "Firearm restriction", "verbatim": "Rifles and pistols are prohibited.", "ccr_cite": "14 CCR \u00a7 551", "booklet_table": "Wildlife Areas with Firearm Restrictions", "booklet_page": 90}, {"entry": 20, "label": "Species restriction", "verbatim": "Waterfowl, coot, and moorhen only.", "ccr_cite": "14 CCR \u00a7 551(t)", "booklet_table": "Species Restrictions for Hunting on Type C Wildlife Areas", "booklet_page": 93}], "absence_sentence": null, "name_note": null}}}, {"type": "Feature", "geometry": {"type": "MultiPolygon", "coordinates": [[[[-122.09566, 38.51239], [-122.09123, 38.51603], [-122.07566, 38.51391], [-122.07492, 38.51105], [-122.0659, 38.51101], [-122.06575, 38.50741], [-122.07487, 38.50743], [-122.07479, 38.502], [-122.07943, 38.50199], [-122.07943, 38.50382], [-122.0887, 38.50379], [-122.08872, 38.51108], [-122.09339, 38.51109], [-122.09336, 38.50743], [-122.09801, 38.50743], [-122.09796, 38.50014], [-122.10259, 38.50014], [-122.10268, 38.50974], [-122.10069, 38.51141], [-122.09761, 38.50866], [-122.09578, 38.50894], [-122.09566, 38.51239]]], [[[-122.09724, 38.50949], [-122.10031, 38.51332], [-122.09599, 38.51284], [-122.09724, 38.50949]]]]}, "properties": {"id": "265", "name": "Putah Creek Wildlife Area", "kind": "public_land", "land_type": "Wildlife Area", "access_verbatim": "Open; Refer to regulations or contact CDFW regional or area office prior to visit.", "link": "http://www.wildlife.ca.gov/Lands/Places-to-Visit/Putah-Creek-WA", "cdfw_region": 3, "hunting": {"state": "type_classified", "entry": 78, "verbatim": "(3) \u201cType C\u201d wildlife areas are defined as wildlife areas that, except as provided in subsections 551(q) and 551(t), are open daily for hunting all legal species and do not require the purchase of a hunting pass for entry.", "ccr_cite": "14 CCR \u00a7 551(e)", "booklet_page": 74, "wildlife_area_type": "C", "restrictions": [{"entry": 43, "label": "Closure or restriction", "verbatim": "Closed to hunting February 1 until the opening weekend of Zone A deer archery season which is defined in Section 360 of these regulations.", "ccr_cite": "14 CCR \u00a7 551", "booklet_table": "Closures and Restrictions on Wildlife Areas", "booklet_page": 86}], "absence_sentence": null, "name_note": null}}}, {"type": "Feature", "geometry": {"type": "Polygon", "coordinates": [[[-122.3034, 38.41912], [-122.31225, 38.4194], [-122.31239, 38.42308], [-122.31713, 38.42325], [-122.31732, 38.42696], [-122.33132, 38.42786], [-122.33141, 38.43135], [-122.34058, 38.43187], [-122.34066, 38.43523], [-122.34819, 38.43528], [-122.34831, 38.43782], [-122.34168, 38.43832], [-122.33026, 38.43189], [-122.30774, 38.42655], [-122.30764, 38.42291], [-122.30343, 38.42274], [-122.3034, 38.41912]]]}, "properties": {"id": "266", "name": "Rector Reservoir Wildlife Area", "kind": "public_land", "land_type": "Wildlife Area", "access_verbatim": "Open; Refer to regulations or contact CDFW regional or area office prior to visit.", "link": "http://www.wildlife.ca.gov/Lands/Places-to-Visit/Rector-Reservoir-WA", "cdfw_region": 3, "hunting": {"state": "type_classified", "entry": 79, "verbatim": "(3) \u201cType C\u201d wildlife areas are defined as wildlife areas that, except as provided in subsections 551(q) and 551(t), are open daily for hunting all legal species and do not require the purchase of a hunting pass for entry.", "ccr_cite": "14 CCR \u00a7 551(e)", "booklet_page": 74, "wildlife_area_type": "C", "restrictions": [{"entry": 44, "label": "Closure or restriction", "verbatim": "Closed to hunting from the day after spring turkey season closes to the opening of archery deer season.", "ccr_cite": "14 CCR \u00a7 551", "booklet_table": "Closures and Restrictions on Wildlife Areas", "booklet_page": 86}], "absence_sentence": null, "name_note": null}}}, {"type": "Feature", "geometry": {"type": "MultiPolygon", "coordinates": [[[[-119.96526, 38.67573], [-119.96522, 38.67217], [-119.97459, 38.67231], [-119.97459, 38.67593], [-119.96526, 38.67573]]], [[[-119.96526, 38.67573], [-119.96539, 38.68314], [-119.96079, 38.68317], [-119.96076, 38.67577], [-119.96526, 38.67573]]], [[[-119.96548, 38.69412], [-119.96085, 38.6941], [-119.96083, 38.69041], [-119.97008, 38.6905], [-119.97002, 38.68687], [-119.97469, 38.68695], [-119.97463, 38.69413], [-119.9837, 38.6942], [-119.98338, 38.7015], [-119.9746, 38.70141], [-119.9746, 38.70424], [-119.96815, 38.70441], [-119.96548, 38.69412]]], [[[-119.96562, 38.73444], [-119.96575, 38.74183], [-119.96103, 38.74191], [-119.96097, 38.73446], [-119.96562, 38.73444]]], [[[-119.95619, 38.71959], [-119.95626, 38.72332], [-119.95158, 38.72337], [-119.95157, 38.71961], [-119.95619, 38.71959]]], [[[-119.95619, 38.70147], [-119.96095, 38.70142], [-119.96094, 38.7051], [-119.95628, 38.70507], [-119.95619, 38.70147]]]]}, "properties": {"id": "267", "name": "Red Lake Wildlife Area", "kind": "public_land", "land_type": "Wildlife Area", "access_verbatim": "Open; Refer to regulations or contact CDFW regional or area office prior to visit.", "link": "http://www.wildlife.ca.gov/Lands/Places-to-Visit/Red-Lake-WA", "cdfw_region": 2, "hunting": {"state": "type_classified", "entry": 80, "verbatim": "(3) \u201cType C\u201d wildlife areas are defined as wildlife areas that, except as provided in subsections 551(q) and 551(t), are open daily for hunting all legal species and do not require the purchase of a hunting pass for entry.", "ccr_cite": "14 CCR \u00a7 551(e)", "booklet_page": 74, "wildlife_area_type": "C", "restrictions": [{"entry": 45, "label": "Closure or restriction", "verbatim": "Closed to hunting February 1 through August 31 except during archery deer season.", "ccr_cite": "14 CCR \u00a7 551", "booklet_table": "Closures and Restrictions on Wildlife Areas", "booklet_page": 86}], "absence_sentence": null, "name_note": null}}}, {"type": "Feature", "geometry": {"type": "Polygon", "coordinates": [[[-121.57964, 37.99854], [-121.58019, 38.00647], [-121.57777, 38.00337], [-121.56903, 38.00247], [-121.57102, 37.99889], [-121.57964, 37.99854]]]}, "properties": {"id": "268", "name": "Rhode Island Wildlife Area", "kind": "public_land", "land_type": "Wildlife Area", "access_verbatim": "Open; Refer to regulations or contact CDFW regional or area office prior to visit.", "link": "http://www.wildlife.ca.gov/Lands/Places-to-Visit/Rhode-Island-WA", "cdfw_region": 3, "hunting": {"state": "type_classified", "entry": 81, "verbatim": "(3) \u201cType C\u201d wildlife areas are defined as wildlife areas that, except as provided in subsections 551(q) and 551(t), are open daily for hunting all legal species and do not require the purchase of a hunting pass for entry.", "ccr_cite": "14 CCR \u00a7 551(e)", "booklet_page": 74, "wildlife_area_type": "C", "restrictions": [{"entry": 41, "label": "Firearm restriction", "verbatim": "Rifles and pistols are prohibited.", "ccr_cite": "14 CCR \u00a7 551", "booklet_table": "Wildlife Areas with Firearm Restrictions", "booklet_page": 91}, {"entry": 21, "label": "Species restriction", "verbatim": "Waterfowl, coot, and moorhen only.", "ccr_cite": "14 CCR \u00a7 551(t)", "booklet_table": "Species Restrictions for Hunting on Type C Wildlife Areas", "booklet_page": 93}], "absence_sentence": null, "name_note": null}}}, {"type": "Feature", "geometry": {"type": "MultiPolygon", "coordinates": [[[[-118.63382, 37.49396], [-118.63384, 37.49217], [-118.64078, 37.49217], [-118.64079, 37.50286], [-118.63601, 37.50288], [-118.63599, 37.50643], [-118.63376, 37.50643], [-118.63376, 37.49958], [-118.63149, 37.49937], [-118.6315, 37.49577], [-118.62699, 37.49578], [-118.627, 37.49217], [-118.63382, 37.49396]]], [[[-118.6368, 37.50643], [-118.63842, 37.50818], [-118.63686, 37.50818], [-118.6368, 37.50643]]], [[[-118.60781, 37.4152], [-118.59575, 37.416], [-118.59574, 37.41237], [-118.60739, 37.41254], [-118.60781, 37.4152]]]]}, "properties": {"id": "269", "name": "Round Valley Wildlife Area", "kind": "public_land", "land_type": "Wildlife Area", "access_verbatim": "Open; Refer to regulations or contact CDFW regional or area office prior to visit.", "link": "http://wildlife.ca.gov/Lands/Places-to-Visit/Round-Valley-Wildlife-Area", "cdfw_region": 6, "hunting": {"state": "type_classified", "entry": 82, "verbatim": "(3) \u201cType C\u201d wildlife areas are defined as wildlife areas that, except as provided in subsections 551(q) and 551(t), are open daily for hunting all legal species and do not require the purchase of a hunting pass for entry.", "ccr_cite": "14 CCR \u00a7 551(e)", "booklet_page": 74, "wildlife_area_type": "C", "restrictions": [], "absence_sentence": null, "name_note": null}}}, {"type": "Feature", "geometry": {"type": "Polygon", "coordinates": [[[-121.58663, 38.59451], [-121.59046, 38.5992], [-121.56047, 38.60684], [-121.55618, 38.6027], [-121.58663, 38.59451]]]}, "properties": {"id": "270", "name": "Sacramento Bypass Wildlife Area", "kind": "public_land", "land_type": "Wildlife Area", "access_verbatim": "Open; Refer to regulations or contact CDFW regional or area office prior to visit.", "link": "http://www.wildlife.ca.gov/Lands/Places-to-Visit/Sacramento-Bypass-WA", "cdfw_region": 2, "hunting": {"state": "type_classified", "entry": 83, "verbatim": "(3) \u201cType C\u201d wildlife areas are defined as wildlife areas that, except as provided in subsections 551(q) and 551(t), are open daily for hunting all legal species and do not require the purchase of a hunting pass for entry.", "ccr_cite": "14 CCR \u00a7 551(e)", "booklet_page": 74, "wildlife_area_type": "C", "restrictions": [{"entry": 46, "label": "Closure or restriction", "verbatim": "Closed to hunting February 1 through August 31.", "ccr_cite": "14 CCR \u00a7 551", "booklet_table": "Closures and Restrictions on Wildlife Areas", "booklet_page": 86}, {"entry": 42, "label": "Firearm restriction", "verbatim": "Rifles, pistols, and archery equipment are prohibited. Buckshot and slugs are prohibited.", "ccr_cite": "14 CCR \u00a7 551", "booklet_table": "Wildlife Areas with Firearm Restrictions", "booklet_page": 91}, {"entry": 22, "label": "Species restriction", "verbatim": "All legal species except big game.", "ccr_cite": "14 CCR \u00a7 551(t)", "booklet_table": "Species Restrictions for Hunting on Type C Wildlife Areas", "booklet_page": 93}], "absence_sentence": null, "name_note": null}}}, {"type": "Feature", "geometry": {"type": "MultiPolygon", "coordinates": [[[[-121.99947, 39.38387], [-121.98995, 39.38586], [-121.9934, 39.38203], [-121.99564, 39.37141], [-122.00129, 39.37143], [-122.00014, 39.37491], [-122.00979, 39.37545], [-122.00783, 39.38052], [-122.01016, 39.38389], [-122.00135, 39.38028], [-121.99943, 39.38031], [-121.99947, 39.38387]]], [[[-122.0101, 39.3991], [-122.00453, 39.39918], [-122.00418, 39.39606], [-122.01184, 39.38546], [-122.00966, 39.37935], [-122.01328, 39.37864], [-122.01428, 39.3859], [-122.0101, 39.3991]]], [[[-122.00438, 39.40202], [-122.00844, 39.41258], [-121.9922, 39.41192], [-121.99224, 39.4092], [-122.00582, 39.40922], [-122.00152, 39.40921], [-121.99224, 39.4092], [-121.99052, 39.4092], [-121.99352, 39.40696], [-122.00175, 39.40621], [-122.00213, 39.40201], [-122.00438, 39.40202]]], [[[-122.00682, 39.43402], [-122.0026, 39.43297], [-122.00258, 39.42902], [-122.01091, 39.42866], [-122.01078, 39.43737], [-122.005, 39.43722], [-122.00682, 39.43402]]], [[[-122.00804, 39.46986], [-122.0158, 39.47395], [-122.01719, 39.48115], [-122.01433, 39.47986], [-122.01643, 39.48407], [-122.01032, 39.48814], [-122.0012, 39.48747], [-122.00931, 39.48691], [-122.01435, 39.48255], [-122.01162, 39.47798], [-122.00449, 39.4765], [-122.01144, 39.47735], [-122.01065, 39.47132], [-122.00804, 39.46986]]], [[[-122.00254, 39.59617], [-121.9992, 39.60162], [-121.99684, 39.60151], [-121.99691, 39.59612], [-122.00254, 39.59617]]], [[[-121.94717, 39.73075], [-121.94715, 39.72496], [-121.9509, 39.72127], [-121.9484, 39.71258], [-121.95121, 39.71252], [-121.95119, 39.71558], [-121.95503, 39.71935], [-121.96198, 39.71738], [-121.96933, 39.72242], [-121.96731, 39.72979], [-121.9815, 39.73341], [-121.98588, 39.73699], [-121.97438, 39.74109], [-121.97337, 39.73931], [-121.96679, 39.74432], [-121.96072, 39.73421], [-121.96118, 39.73109], [-121.96002, 39.735], [-121.95492, 39.72238], [-121.95227, 39.73181], [-121.95394, 39.72791], [-121.95721, 39.73214], [-121.95051, 39.73348], [-121.94717, 39.73075]]], [[[-122.00254, 39.59617], [-121.99636, 39.59495], [-121.99557, 39.58308], [-121.99738, 39.58088], [-122.0044, 39.58013], [-122.00628, 39.58253], [-122.00393, 39.58257], [-122.00708, 39.58311], [-122.00237, 39.59249], [-122.00254, 39.59617]]], [[[-122.05708, 39.88296], [-122.05862, 39.87817], [-122.06201, 39.87591], [-122.06826, 39.87919], [-122.0657, 39.8842], [-122.06414, 39.88128], [-122.05708, 39.88296]]], [[[-122.03973, 39.87933], [-122.04032, 39.87877], [-122.04074, 39.87927], [-122.03973, 39.87933]]], [[[-122.04308, 39.88378], [-122.03882, 39.88377], [-122.03924, 39.88168], [-122.03972, 39.88157], [-122.04308, 39.88378]]], [[[-122.02791, 39.79067], [-122.02688, 39.78858], [-122.02805, 39.78384], [-122.032, 39.79005], [-122.02791, 39.79067]]], [[[-122.03246, 39.79983], [-122.0246, 39.79917], [-122.02344, 39.79597], [-122.0259, 39.79005], [-122.02785, 39.79163], [-122.03815, 39.79292], [-122.03591, 39.79442], [-122.03618, 39.79808], [-122.03246, 39.79983]]], [[[-122.02672, 39.78642], [-122.02593, 39.7889], [-122.02554, 39.78918], [-122.02672, 39.78642]]], [[[-121.98027, 39.61687], [-121.98124, 39.61248], [-121.99163, 39.6089], [-121.98264, 39.61785], [-121.98027, 39.61687]]], [[[-121.99041, 39.52888], [-121.98777, 39.52469], [-121.99568, 39.52664], [-121.99496, 39.52891], [-121.99041, 39.52888]]], [[[-121.99848, 39.47731], [-122.00426, 39.47657], [-121.99808, 39.47794], [-121.99707, 39.48388], [-121.99876, 39.48728], [-121.99611, 39.48216], [-121.99709, 39.47872], [-121.99848, 39.47731]]], [[[-122.05815, 39.8302], [-122.06651, 39.83618], [-122.05172, 39.83617], [-122.05172, 39.83378], [-122.04672, 39.83617], [-122.04898, 39.83314], [-122.05803, 39.8331], [-122.05815, 39.8302]]], [[[-121.9707, 39.65528], [-121.98595, 39.65929], [-121.9779, 39.66452], [-121.9707, 39.65528]]], [[[-122.01697, 39.31529], [-122.02521, 39.30918], [-122.02993, 39.30914], [-122.03186, 39.30438], [-122.03021, 39.31532], [-122.01697, 39.31529]]], [[[-122.01587, 39.32722], [-122.01597, 39.32213], [-122.02607, 39.32207], [-122.02264, 39.32779], [-122.01587, 39.32722]]], [[[-122.01541, 39.35346], [-122.01832, 39.35013], [-122.02478, 39.35121], [-122.03123, 39.34832], [-122.03077, 39.35216], [-122.01541, 39.35346]]], [[[-122.01145, 39.46274], [-122.01011, 39.46754], [-122.01101, 39.46163], [-122.01145, 39.46274]]], [[[-122.00244, 39.22742], [-122.00263, 39.22369], [-122.00625, 39.22369], [-122.00635, 39.22789], [-122.00244, 39.22742]]], [[[-122.00372, 39.23578], [-122.00714, 39.23841], [-122.00737, 39.24383], [-122.00191, 39.24718], [-122.00085, 39.24294], [-122.00404, 39.23973], [-122.00372, 39.23578]]], [[[-122.00157, 39.26124], [-121.99806, 39.25636], [-121.99742, 39.25274], [-122.00516, 39.2527], [-122.00625, 39.2545], [-122.00157, 39.26124]]], [[[-122.01467, 39.3554], [-122.02344, 39.35551], [-122.02871, 39.35557], [-122.02181, 39.36002], [-122.01437, 39.361], [-122.01414, 39.36273], [-122.01467, 39.3554]]], [[[-122.02185, 39.35684], [-122.02124, 39.35715], [-122.02119, 39.35717], [-122.02185, 39.35684]]]]}, "properties": {"id": "271", "name": "Sacramento River Wildlife Area", "kind": "public_land", "land_type": "Wildlife Area", "access_verbatim": "Open; Refer to regulations or contact CDFW regional or area office prior to visit.", "link": "http://www.wildlife.ca.gov/Lands/Places-to-Visit/Sacramento-River-WA", "cdfw_region": 2, "hunting": {"state": "type_classified", "entry": 84, "verbatim": "(3) \u201cType C\u201d wildlife areas are defined as wildlife areas that, except as provided in subsections 551(q) and 551(t), are open daily for hunting all legal species and do not require the purchase of a hunting pass for entry.", "ccr_cite": "14 CCR \u00a7 551(e)", "booklet_page": 74, "wildlife_area_type": "C", "restrictions": [{"entry": 47, "label": "Closure or restriction", "verbatim": "Closed to hunting February 1 through August 31 except during the spring turkey season when only turkeys may be hunted and during archery deer season when only deer may be hunted. Boat-in Only Access Units: Colusa South, Colusa North, Moulton South, Moulton North, Stegeman, Princeton South, Beehive Bend, Oxbow, Jacinto, Ord Bend, Shannon Slough, Pine Creek North, Wilson Landing, Dicus Slough, Merrills Landing.", "ccr_cite": "14 CCR \u00a7 551", "booklet_table": "Closures and Restrictions on Wildlife Areas", "booklet_page": 86}, {"entry": 43, "label": "Firearm restriction", "verbatim": "Rifles and pistols are prohibited.", "ccr_cite": "14 CCR \u00a7 551", "booklet_table": "Wildlife Areas with Firearm Restrictions", "booklet_page": 91}], "absence_sentence": null, "name_note": null}}}, {"type": "Feature", "geometry": {"type": "MultiPolygon", "coordinates": [[[[-116.48375, 33.0938], [-116.48513, 33.09336], [-116.48507, 33.09382], [-116.48375, 33.0938]]], [[[-116.46195, 33.09375], [-116.46224, 33.09345], [-116.46303, 33.09377], [-116.46195, 33.09375]]], [[[-116.79857, 33.39765], [-116.79825, 33.39543], [-116.80095, 33.3986], [-116.79857, 33.39765]]], [[[-116.80528, 33.39532], [-116.80508, 33.40162], [-116.79857, 33.39541], [-116.80106, 33.39537], [-116.80528, 33.39532]]], [[[-116.59402, 33.14785], [-116.5941, 33.15138], [-116.58971, 33.15166], [-116.59061, 33.1459], [-116.59402, 33.14785]]], [[[-116.52654, 33.13502], [-116.54215, 33.14631], [-116.54475, 33.15084], [-116.54738, 33.153], [-116.54801, 33.15486], [-116.54856, 33.15558], [-116.55502, 33.16132], [-116.56338, 33.16733], [-116.5664, 33.17149], [-116.56908, 33.17299], [-116.56912, 33.17621], [-116.55586, 33.17551], [-116.5556, 33.16861], [-116.55119, 33.16849], [-116.54977, 33.16414], [-116.54586, 33.16386], [-116.544, 33.15507], [-116.53982, 33.15468], [-116.53874, 33.14872], [-116.51719, 33.13078], [-116.51672, 33.13446], [-116.51275, 33.13455], [-116.51211, 33.12654], [-116.50364, 33.1191], [-116.50348, 33.11062], [-116.51147, 33.11439], [-116.51771, 33.12485], [-116.52654, 33.13502]]], [[[-116.52123, 33.07076], [-116.53983, 33.07957], [-116.54183, 33.09305], [-116.54676, 33.09396], [-116.54676, 33.10452], [-116.55546, 33.10415], [-116.55474, 33.12404], [-116.5679, 33.12523], [-116.56782, 33.12138], [-116.58005, 33.12054], [-116.58233, 33.15643], [-116.59543, 33.15574], [-116.5941, 33.15138], [-116.59845, 33.15109], [-116.59838, 33.14496], [-116.6065, 33.14414], [-116.61031, 33.15795], [-116.61675, 33.16], [-116.62167, 33.1694], [-116.61772, 33.18054], [-116.61696, 33.17702], [-116.60408, 33.177], [-116.60427, 33.17333], [-116.59059, 33.17316], [-116.59053, 33.16937], [-116.59541, 33.16938], [-116.59391, 33.16489], [-116.59847, 33.16479], [-116.59691, 33.16018], [-116.57535, 33.16064], [-116.57766, 33.17285], [-116.57339, 33.17274], [-116.57338, 33.16908], [-116.56903, 33.16898], [-116.56908, 33.1728], [-116.56681, 33.17162], [-116.56351, 33.16721], [-116.54857, 33.15534], [-116.54753, 33.15289], [-116.54193, 33.14584], [-116.5266, 33.13483], [-116.51116, 33.11368], [-116.49484, 33.10605], [-116.49563, 33.09386], [-116.48521, 33.09382], [-116.49588, 33.08978], [-116.48122, 33.09442], [-116.47544, 33.09664], [-116.46234, 33.09335], [-116.47793, 33.07758], [-116.49003, 33.08282], [-116.52123, 33.07076]]], [[[-116.77933, 33.41784], [-116.77933, 33.41483], [-116.77095, 33.41675], [-116.77097, 33.41312], [-116.77517, 33.41221], [-116.77521, 33.40865], [-116.7667, 33.4096], [-116.7667, 33.41341], [-116.75006, 33.41392], [-116.75005, 33.41772], [-116.74576, 33.41765], [-116.746, 33.42012], [-116.7287, 33.41845], [-116.72838, 33.41539], [-116.74136, 33.41757], [-116.74134, 33.4139], [-116.74575, 33.4139], [-116.74575, 33.41002], [-116.73697, 33.40994], [-116.73675, 33.40231], [-116.74573, 33.40252], [-116.74572, 33.40629], [-116.75, 33.40635], [-116.75002, 33.41011], [-116.75427, 33.41021], [-116.75631, 33.40278], [-116.75424, 33.40272], [-116.75422, 33.39888], [-116.75841, 33.39891], [-116.75833, 33.39512], [-116.7542, 33.39507], [-116.75419, 33.39126], [-116.74995, 33.39122], [-116.74981, 33.38383], [-116.76465, 33.38244], [-116.77107, 33.38547], [-116.77545, 33.38488], [-116.77533, 33.38676], [-116.771, 33.38737], [-116.771, 33.40243], [-116.78807, 33.39904], [-116.78815, 33.39552], [-116.79739, 33.39542], [-116.79849, 33.39777], [-116.80508, 33.40191], [-116.80502, 33.40568], [-116.80923, 33.40548], [-116.80919, 33.40892], [-116.80069, 33.4091], [-116.80082, 33.40232], [-116.78374, 33.40333], [-116.78367, 33.40683], [-116.7922, 33.40586], [-116.79208, 33.41626], [-116.78778, 33.41635], [-116.78775, 33.42343], [-116.77496, 33.4242], [-116.77507, 33.41857], [-116.77933, 33.41784]]], [[[-116.76793, 33.38366], [-116.77114, 33.38365], [-116.77112, 33.38408], [-116.7709, 33.38405], [-116.76793, 33.38366]]], [[[-116.75839, 33.38185], [-116.75838, 33.38094], [-116.76081, 33.38184], [-116.75839, 33.38185]]], [[[-116.74977, 33.38018], [-116.74975, 33.37847], [-116.75593, 33.38009], [-116.75413, 33.3801], [-116.74977, 33.38018]]], [[[-116.55097, 33.09718], [-116.55519, 33.09714], [-116.55535, 33.10052], [-116.55114, 33.10058], [-116.55097, 33.09718]]]]}, "properties": {"id": "272", "name": "San Felipe Valley Wildlife Area", "kind": "public_land", "land_type": "Wildlife Area", "access_verbatim": "Open; Refer to regulations or contact CDFW regional or area office prior to visit.", "link": "http://www.wildlife.ca.gov/Lands/Places-to-Visit/San-Felipe-Valley-WA", "cdfw_region": 5, "hunting": {"state": "type_classified", "entry": 85, "verbatim": "(3) \u201cType C\u201d wildlife areas are defined as wildlife areas that, except as provided in subsections 551(q) and 551(t), are open daily for hunting all legal species and do not require the purchase of a hunting pass for entry.", "ccr_cite": "14 CCR \u00a7 551(e)", "booklet_page": 74, "wildlife_area_type": "C", "restrictions": [{"entry": 48, "label": "Closure or restriction", "verbatim": "Closed to hunting February 1 through August 31 except during the spring turkey season when only turkeys may be hunted. D-16 general deer zone tags may not be used west of Highway S-2.", "ccr_cite": "14 CCR \u00a7 551", "booklet_table": "Closures and Restrictions on Wildlife Areas", "booklet_page": 86}, {"entry": 44, "label": "Firearm restriction", "verbatim": "Rifles and pistols are prohibited in designated areas.", "ccr_cite": "14 CCR \u00a7 551", "booklet_table": "Wildlife Areas with Firearm Restrictions", "booklet_page": 91}], "absence_sentence": null, "name_note": null}}}, {"type": "Feature", "geometry": {"type": "MultiPolygon", "coordinates": [[[[-117.15346, 33.84494], [-117.15177, 33.85226], [-117.13893, 33.86003], [-117.13857, 33.86643], [-117.12946, 33.87423], [-117.12959, 33.88198], [-117.13369, 33.88392], [-117.134, 33.88752], [-117.13401, 33.88911], [-117.12986, 33.88912], [-117.12955, 33.88652], [-117.12103, 33.86886], [-117.12127, 33.86009], [-117.12102, 33.84512], [-117.12701, 33.84508], [-117.12539, 33.84097], [-117.13559, 33.8409], [-117.13051, 33.84506], [-117.13239, 33.84505], [-117.13613, 33.84089], [-117.1563, 33.83926], [-117.15629, 33.8429], [-117.15346, 33.84494]]], [[[-117.12103, 33.85176], [-117.12095, 33.86734], [-117.10841, 33.87003], [-117.10114, 33.86622], [-117.0958, 33.87098], [-117.08816, 33.87103], [-117.08793, 33.87254], [-117.10116, 33.88348], [-117.10366, 33.87972], [-117.10938, 33.87765], [-117.11566, 33.86961], [-117.12079, 33.86857], [-117.12498, 33.87928], [-117.12496, 33.88183], [-117.12107, 33.88184], [-117.12111, 33.90261], [-117.10236, 33.90314], [-117.10229, 33.89853], [-117.10218, 33.9066], [-117.09433, 33.90668], [-117.0921, 33.90749], [-117.08006, 33.89204], [-117.07051, 33.88924], [-117.0703, 33.87771], [-117.07396, 33.87971], [-117.08212, 33.88174], [-117.08499, 33.88561], [-117.0879, 33.88561], [-117.08813, 33.89955], [-117.08809, 33.88561], [-117.09275, 33.8855], [-117.08525, 33.88539], [-117.08238, 33.88155], [-117.08011, 33.88067], [-117.08145, 33.87928], [-117.07492, 33.87937], [-117.0756, 33.87699], [-117.08223, 33.87817], [-117.07562, 33.87685], [-117.07627, 33.87437], [-117.08385, 33.87531], [-117.08653, 33.87289], [-117.08391, 33.86905], [-117.08128, 33.87053], [-117.07888, 33.86757], [-117.0808, 33.86649], [-117.07879, 33.86745], [-117.07442, 33.86134], [-117.0742, 33.86117], [-117.0725, 33.86107], [-117.07215, 33.86057], [-117.07073, 33.8601], [-117.06931, 33.85851], [-117.06968, 33.85739], [-117.06815, 33.85575], [-117.07002, 33.85722], [-117.07094, 33.85988], [-117.07434, 33.8609], [-117.07733, 33.86304], [-117.08445, 33.86913], [-117.08608, 33.87114], [-117.08691, 33.87293], [-117.08682, 33.87419], [-117.08405, 33.87544], [-117.09014, 33.87805], [-117.09122, 33.87655], [-117.08783, 33.87256], [-117.08608, 33.86731], [-117.08028, 33.86118], [-117.09596, 33.86013], [-117.10676, 33.85716], [-117.12103, 33.85176]]], [[[-117.13645, 33.91027], [-117.12642, 33.91088], [-117.12642, 33.90659], [-117.13076, 33.90658], [-117.12126, 33.90659], [-117.12135, 33.9032], [-117.13001, 33.90319], [-117.12123, 33.90293], [-117.1212, 33.89119], [-117.12342, 33.88922], [-117.12947, 33.88932], [-117.12963, 33.89552], [-117.12967, 33.88933], [-117.13495, 33.88941], [-117.13682, 33.89537], [-117.13453, 33.90487], [-117.13152, 33.90739], [-117.13645, 33.91027]]], [[[-117.07836, 33.87169], [-117.07999, 33.87324], [-117.07662, 33.87259], [-117.07836, 33.87169]]], [[[-117.07631, 33.87421], [-117.08034, 33.87342], [-117.08282, 33.87514], [-117.07631, 33.87421]]], [[[-117.07771, 33.88], [-117.0792, 33.87977], [-117.0807, 33.88003], [-117.08003, 33.8807], [-117.07771, 33.88]]], [[[-117.07453, 33.87287], [-117.07347, 33.87063], [-117.07874, 33.86765], [-117.08115, 33.87061], [-117.07453, 33.87287]]], [[[-117.06867, 33.86459], [-117.07385, 33.86166], [-117.07865, 33.86754], [-117.07338, 33.87052], [-117.06867, 33.86459]]], [[[-117.06801, 33.85583], [-117.06951, 33.85747], [-117.06913, 33.85854], [-117.07062, 33.86022], [-117.07241, 33.8612], [-117.07422, 33.86131], [-117.06851, 33.86454], [-117.06355, 33.85847], [-117.06801, 33.85583]]], [[[-117.0694, 33.87288], [-117.0702, 33.87083], [-117.07161, 33.87236], [-117.07632, 33.87349], [-117.0694, 33.87288]]], [[[-117.06943, 33.87476], [-117.0694, 33.87302], [-117.0761, 33.87433], [-117.07544, 33.87682], [-117.06943, 33.87476]]], [[[-117.07029, 33.87071], [-117.06785, 33.87092], [-117.06637, 33.87164], [-117.06317, 33.86771], [-117.06845, 33.86471], [-117.07376, 33.87166], [-117.07029, 33.87071]]], [[[-117.06861, 33.87098], [-117.06928, 33.87286], [-117.06693, 33.8724], [-117.06694, 33.87167], [-117.06861, 33.87098]]], [[[-117.06689, 33.87513], [-117.06931, 33.87433], [-117.06933, 33.87562], [-117.06689, 33.87513]]], [[[-117.0667, 33.87597], [-117.06667, 33.87751], [-117.05979, 33.87782], [-117.05982, 33.87513], [-117.0667, 33.87597]]], [[[-117.06885, 33.87847], [-117.06445, 33.87766], [-117.06885, 33.87771], [-117.06885, 33.87847]]], [[[-117.06931, 33.87421], [-117.06693, 33.87254], [-117.06928, 33.873], [-117.06931, 33.87421]]], [[[-117.06346, 33.87322], [-117.06678, 33.87171], [-117.06675, 33.87336], [-117.06346, 33.87322]]], [[[-117.06671, 33.87511], [-117.05985, 33.87371], [-117.06675, 33.87349], [-117.06671, 33.87511]]], [[[-117.0669, 33.87527], [-117.07033, 33.87754], [-117.06687, 33.87751], [-117.0669, 33.87527]]], [[[-117.0754, 33.87695], [-117.07047, 33.87756], [-117.07068, 33.87602], [-117.0754, 33.87695]]], [[[-117.05823, 33.86162], [-117.06339, 33.85857], [-117.06836, 33.86462], [-117.0631, 33.86762], [-117.05823, 33.86162]]], [[[-117.06295, 33.86769], [-117.0576, 33.87071], [-117.05279, 33.86483], [-117.05809, 33.8617], [-117.06295, 33.86769]]], [[[-117.05767, 33.87082], [-117.06303, 33.86779], [-117.06621, 33.87168], [-117.06453, 33.87199], [-117.06331, 33.87319], [-117.05994, 33.87357], [-117.05767, 33.87082]]], [[[-117.05862, 33.87844], [-117.06425, 33.87765], [-117.06431, 33.88545], [-117.05569, 33.87838], [-117.05862, 33.87844]]], [[[-117.0547, 33.87502], [-117.05971, 33.8737], [-117.05967, 33.87782], [-117.05593, 33.87824], [-117.0547, 33.87502]]], [[[-117.04487, 33.8697], [-117.05264, 33.86492], [-117.05744, 33.87079], [-117.05076, 33.87459], [-117.04487, 33.8697]]], [[[-117.05464, 33.87491], [-117.05583, 33.87838], [-117.05093, 33.8748], [-117.05753, 33.87089], [-117.05972, 33.87358], [-117.05464, 33.87491]]], [[[-117.09232, 33.90778], [-117.10251, 33.90678], [-117.10258, 33.90326], [-117.12096, 33.90327], [-117.12098, 33.90659], [-117.11679, 33.90662], [-117.11678, 33.91095], [-117.09533, 33.91152], [-117.09232, 33.90778]]], [[[-117.06594, 33.85174], [-117.06082, 33.84987], [-117.05993, 33.84935], [-117.05997, 33.84914], [-117.06306, 33.84997], [-117.06604, 33.85162], [-117.06708, 33.85287], [-117.06636, 33.85399], [-117.06726, 33.85427], [-117.06835, 33.85546], [-117.06616, 33.85404], [-117.06594, 33.85174]]], [[[-117.06899, 33.8785], [-117.07016, 33.87772], [-117.07018, 33.87865], [-117.06899, 33.8785]]], [[[-116.99289, 33.87477], [-116.99938, 33.86993], [-116.99935, 33.87474], [-116.99289, 33.87477]]], [[[-116.99938, 33.86035], [-116.99939, 33.8687], [-116.99165, 33.87477], [-116.98621, 33.8748], [-116.98591, 33.88214], [-116.98198, 33.88216], [-116.98181, 33.88869], [-116.95791, 33.88914], [-116.95791, 33.87494], [-116.94932, 33.87494], [-116.9492, 33.88931], [-116.9291, 33.88912], [-116.92906, 33.88596], [-116.91166, 33.88607], [-116.91169, 33.8815], [-116.91713, 33.87888], [-116.9247, 33.87901], [-116.92466, 33.86424], [-116.92031, 33.86427], [-116.92029, 33.85669], [-116.92457, 33.8567], [-116.92445, 33.85374], [-116.94071, 33.8534], [-116.94072, 33.84546], [-116.9458, 33.84546], [-116.94599, 33.8311], [-116.98081, 33.83096], [-116.98082, 33.83823], [-116.98936, 33.83821], [-117.00669, 33.85075], [-117.00769, 33.86033], [-116.99938, 33.86035]]], [[[-116.93838, 33.86898], [-116.95504, 33.86032], [-116.96247, 33.8579], [-116.9576, 33.85677], [-116.94762, 33.861], [-116.93193, 33.85487], [-116.92541, 33.85675], [-116.93246, 33.86745], [-116.93838, 33.86898]]], [[[-117.13936, 33.91027], [-117.13938, 33.91282], [-117.13785, 33.9121], [-117.13925, 33.91379], [-117.13595, 33.91107], [-117.13936, 33.91027]]], [[[-117.13918, 33.9121], [-117.13815, 33.91209], [-117.13922, 33.91269], [-117.13918, 33.9121]]], [[[-117.10825, 33.84528], [-117.12082, 33.84518], [-117.12103, 33.85137], [-117.1083, 33.85618], [-117.10825, 33.84528]]], [[[-117.18137, 33.83298], [-117.19144, 33.84386], [-117.19691, 33.84475], [-117.20031, 33.84802], [-117.20417, 33.85731], [-117.20291, 33.86028], [-117.19719, 33.86139], [-117.1943, 33.85162], [-117.17819, 33.83835], [-117.18097, 33.83727], [-117.15904, 33.83922], [-117.16939, 33.83195], [-117.18137, 33.83298]]], [[[-117.17818, 33.82982], [-117.1695, 33.83033], [-117.16953, 33.8277], [-117.17411, 33.82694], [-117.17818, 33.82982]]], [[[-117.1563, 33.83862], [-117.155, 33.83826], [-117.15631, 33.8373], [-117.1563, 33.83862]]]]}, "properties": {"id": "273", "name": "San Jacinto Wildlife Area", "kind": "public_land", "land_type": "Wildlife Area", "access_verbatim": "Open; Refer to regulations or contact CDFW regional or area office prior to visit.", "link": "http://www.wildlife.ca.gov/Lands/Places-to-Visit/San-Jacinto-WA", "cdfw_region": 6, "hunting": {"state": "type_classified", "entry": 86, "verbatim": "(1) \u201cType A\u201d wildlife areas are defined as wildlife areas which have restricted hunter access during waterfowl season, and require a hunting pass to be purchased in advance and exchanged for an entry permit at the wildlife area, per subsections 550.5(c) and 702(b) of these regulations. Reservations are available per subsection 550.5(a) of these regulations during waterfowl season. Species open for hunting are waterfowl, coots, moorhens, snipe, pheasant, and dove, unless otherwise specified in subsection 551(s). Except as provided in subsection 551(p) and Section 552 of these regulations, shoot days are Saturdays, Sundays, and Wednesdays during waterfowl season, youth waterfowl hunt days authorized in Section 502 of these regulations, and daily during the September dove season only. All Type A wildlife areas are closed to hunting on Christmas Day.", "ccr_cite": "14 CCR \u00a7 551(e)", "booklet_page": 74, "wildlife_area_type": "A", "restrictions": [{"entry": 15, "label": "Waterfowl reservation", "verbatim": "Number of Hunters Per Reservation: Two adults and two junior hunters.; Reservation Expires: 3:00 a.m. or until last reservation is called.", "ccr_cite": "14 CCR \u00a7 551(x)", "booklet_table": "Additional Waterfowl Reservation Regulations", "booklet_page": 96}], "absence_sentence": null, "name_note": null}}}, {"type": "Feature", "geometry": {"type": "Polygon", "coordinates": [[[-120.77097, 35.34876], [-120.758, 35.35756], [-120.75003, 35.35378], [-120.75117, 35.34265], [-120.75707, 35.34286], [-120.76161, 35.34688], [-120.76576, 35.34441], [-120.77097, 35.34876]]]}, "properties": {"id": "274", "name": "San Luis Obispo Wildlife Area", "kind": "public_land", "land_type": "Wildlife Area", "access_verbatim": "Open; Refer to regulations or contact CDFW regional or area office prior to visit.", "link": "http://www.wildlife.ca.gov/Lands/Places-to-Visit/San-Luis-Obispo-WA", "cdfw_region": 4, "hunting": {"state": "type_classified", "entry": 87, "verbatim": "(3) \u201cType C\u201d wildlife areas are defined as wildlife areas that, except as provided in subsections 551(q) and 551(t), are open daily for hunting all legal species and do not require the purchase of a hunting pass for entry.", "ccr_cite": "14 CCR \u00a7 551(e)", "booklet_page": 74, "wildlife_area_type": "C", "restrictions": [{"entry": 51, "label": "Closure or restriction", "verbatim": "Closed to all visitor uses except for the shooting area/range.", "ccr_cite": "14 CCR \u00a7 551", "booklet_table": "Closures and Restrictions on Wildlife Areas", "booklet_page": 86}], "absence_sentence": null, "name_note": null}}}, {"type": "Feature", "geometry": {"type": "Polygon", "coordinates": [[[-121.20429, 37.06307], [-121.21388, 37.0677], [-121.20796, 37.07629], [-121.19805, 37.07798], [-121.19113, 37.08442], [-121.17995, 37.0854], [-121.18157, 37.07772], [-121.18452, 37.07837], [-121.17983, 37.0756], [-121.17732, 37.07137], [-121.17942, 37.07076], [-121.17697, 37.06937], [-121.18142, 37.06811], [-121.18533, 37.07062], [-121.1937, 37.07262], [-121.18305, 37.06833], [-121.18046, 37.06524], [-121.18993, 37.0652], [-121.19763, 37.06841], [-121.20429, 37.06307]]]}, "properties": {"id": "275", "name": "San Luis Reservoir Wildlife Area", "kind": "public_land", "land_type": "Wildlife Area", "access_verbatim": "Open; Refer to regulations or contact CDFW regional or area office prior to visit.", "link": "http://www.wildlife.ca.gov/Lands/Places-to-Visit/San-Luis-Reservoir-WA", "cdfw_region": 4, "hunting": {"state": "type_classified", "entry": 88, "verbatim": "(3) \u201cType C\u201d wildlife areas are defined as wildlife areas that, except as provided in subsections 551(q) and 551(t), are open daily for hunting all legal species and do not require the purchase of a hunting pass for entry.", "ccr_cite": "14 CCR \u00a7 551(e)", "booklet_page": 74, "wildlife_area_type": "C", "restrictions": [{"entry": 52, "label": "Closure or restriction", "verbatim": "The use of dogs for wild pig hunting is prohibited. Motor vehicles are allowed in the parking lot only.", "ccr_cite": "14 CCR \u00a7 551", "booklet_table": "Closures and Restrictions on Wildlife Areas", "booklet_page": 86}, {"entry": 19, "label": "Shooting restriction or drawing requirement", "verbatim": "Special draw entry permits are required for all visitor entry during the opening weekend of the Zone A deer season. Self-registration is required at the parking lot on Dinosaur Point Road at all other times of year.", "ccr_cite": "14 CCR \u00a7 551", "booklet_table": "Wildlife Areas with Shooting Restrictions and/or Special Drawing Requirements", "booklet_page": 89}, {"entry": 45, "label": "Firearm restriction", "verbatim": "Rifles and pistols are prohibited.", "ccr_cite": "14 CCR \u00a7 551", "booklet_table": "Wildlife Areas with Firearm Restrictions", "booklet_page": 91}], "absence_sentence": null, "name_note": null}}}, {"type": "Feature", "geometry": {"type": "MultiPolygon", "coordinates": [[[[-122.47017, 38.02465], [-122.48816, 38.01948], [-122.4884, 38.02928], [-122.47944, 38.02937], [-122.47951, 38.033], [-122.47026, 38.03311], [-122.47017, 38.02465]]], [[[-122.45459, 38.10517], [-122.42747, 38.07118], [-122.43267, 38.04458], [-122.45728, 38.01067], [-122.46446, 38.03433], [-122.4885, 38.03331], [-122.4884, 38.02928], [-122.49756, 38.0292], [-122.49733, 38.02209], [-122.49506, 38.02211], [-122.49496, 38.01885], [-122.50392, 38.01851], [-122.50195, 38.02583], [-122.50642, 38.02575], [-122.50651, 38.02911], [-122.49936, 38.03144], [-122.49216, 38.0476], [-122.49526, 38.04917], [-122.4923, 38.05909], [-122.4848, 38.07361], [-122.48989, 38.09297], [-122.47978, 38.11101], [-122.4655, 38.10987], [-122.45459, 38.10517]]]]}, "properties": {"id": "276", "name": "San Pablo Bay Wildlife Area", "kind": "public_land", "land_type": "Wildlife Area", "access_verbatim": "Open; Refer to regulations or contact CDFW regional or area office prior to visit.", "link": "http://www.wildlife.ca.gov/Lands/Places-to-Visit/San-Pablo-Bay-WA", "cdfw_region": 3, "hunting": {"state": "type_classified", "entry": 89, "verbatim": "(3) \u201cType C\u201d wildlife areas are defined as wildlife areas that, except as provided in subsections 551(q) and 551(t), are open daily for hunting all legal species and do not require the purchase of a hunting pass for entry.", "ccr_cite": "14 CCR \u00a7 551(e)", "booklet_page": 74, "wildlife_area_type": "C", "restrictions": [{"entry": 20, "label": "Shooting restriction or drawing requirement", "verbatim": "Blinds shall be available on a first come-first served basis.", "ccr_cite": "14 CCR \u00a7 551", "booklet_table": "Wildlife Areas with Shooting Restrictions and/or Special Drawing Requirements", "booklet_page": 89}, {"entry": 46, "label": "Firearm restriction", "verbatim": "Rifles and pistols are prohibited.", "ccr_cite": "14 CCR \u00a7 551", "booklet_table": "Wildlife Areas with Firearm Restrictions", "booklet_page": 91}, {"entry": 23, "label": "Species restriction", "verbatim": "Waterfowl, coot, and moorhen only.", "ccr_cite": "14 CCR \u00a7 551(t)", "booklet_table": "Species Restrictions for Hunting on Type C Wildlife Areas", "booklet_page": 93}], "absence_sentence": null, "name_note": null}}}, {"type": "Feature", "geometry": {"type": "MultiPolygon", "coordinates": [[[[-116.47778, 33.72862], [-116.47776, 33.74318], [-116.46038, 33.7432], [-116.46038, 33.72868], [-116.47778, 33.72862]]], [[[-116.46032, 33.7141], [-116.46038, 33.72868], [-116.44299, 33.72866], [-116.44298, 33.7141], [-116.46032, 33.7141]]], [[[-116.38839, 33.42735], [-116.38843, 33.44181], [-116.41492, 33.44175], [-116.41491, 33.47092], [-116.43216, 33.47097], [-116.43217, 33.48544], [-116.44939, 33.48542], [-116.44951, 33.5144], [-116.41491, 33.5144], [-116.41491, 33.49942], [-116.38833, 33.49945], [-116.38834, 33.51125], [-116.33671, 33.51133], [-116.33694, 33.52554], [-116.31894, 33.52529], [-116.31955, 33.53996], [-116.33694, 33.53996], [-116.33688, 33.58365], [-116.415, 33.58338], [-116.4169, 33.60526], [-116.41256, 33.60527], [-116.41258, 33.6089], [-116.4169, 33.60889], [-116.4169, 33.60526], [-116.4256, 33.60526], [-116.4256, 33.61253], [-116.42125, 33.61253], [-116.41974, 33.61586], [-116.421, 33.62201], [-116.42557, 33.62228], [-116.42556, 33.62703], [-116.41847, 33.62705], [-116.41853, 33.61947], [-116.41214, 33.61947], [-116.41524, 33.61549], [-116.41476, 33.61253], [-116.4083, 33.61255], [-116.40817, 33.6198], [-116.3998, 33.61983], [-116.39979, 33.6271], [-116.39113, 33.62712], [-116.35629, 33.62706], [-116.3563, 33.61257], [-116.33891, 33.6126], [-116.33889, 33.62708], [-116.35629, 33.62706], [-116.35628, 33.64161], [-116.3389, 33.64161], [-116.33889, 33.6561], [-116.35628, 33.65614], [-116.35628, 33.67071], [-116.36493, 33.67072], [-116.36491, 33.68488], [-116.33853, 33.68483], [-116.3386, 33.69939], [-116.32987, 33.69939], [-116.32989, 33.71077], [-116.32118, 33.71079], [-116.32152, 33.64167], [-116.31284, 33.6417], [-116.31283, 33.63444], [-116.30633, 33.63445], [-116.30851, 33.64895], [-116.30367, 33.64898], [-116.30372, 33.6564], [-116.28547, 33.65646], [-116.28541, 33.64203], [-116.27671, 33.64209], [-116.27669, 33.63847], [-116.28106, 33.63845], [-116.28101, 33.63119], [-116.27231, 33.63123], [-116.27229, 33.62759], [-116.2853, 33.62752], [-116.28544, 33.63482], [-116.294, 33.63474], [-116.29395, 33.62744], [-116.2853, 33.62752], [-116.28535, 33.61264], [-116.26812, 33.61264], [-116.2681, 33.59818], [-116.28066, 33.59815], [-116.28059, 33.59279], [-116.2796, 33.59805], [-116.27744, 33.59805], [-116.27741, 33.59096], [-116.27959, 33.59097], [-116.27849, 33.58736], [-116.28064, 33.58736], [-116.28063, 33.58375], [-116.27632, 33.58377], [-116.27631, 33.58914], [-116.27417, 33.58914], [-116.27411, 33.58377], [-116.26762, 33.58375], [-116.2677, 33.56926], [-116.259, 33.56925], [-116.25898, 33.58372], [-116.26762, 33.58375], [-116.26643, 33.58802], [-116.26016, 33.58987], [-116.25717, 33.58836], [-116.25537, 33.58371], [-116.23305, 33.58373], [-116.23304, 33.56924], [-116.23736, 33.56924], [-116.23734, 33.55839], [-116.23303, 33.5584], [-116.23304, 33.56924], [-116.21579, 33.56926], [-116.21592, 33.55482], [-116.22019, 33.55481], [-116.22017, 33.55116], [-116.21589, 33.55116], [-116.21592, 33.55482], [-116.19834, 33.55478], [-116.19834, 33.54029], [-116.21581, 33.5402], [-116.20707, 33.53942], [-116.20706, 33.53763], [-116.21579, 33.53763], [-116.21578, 33.5358], [-116.20705, 33.53582], [-116.20706, 33.53763], [-116.20485, 33.53763], [-116.20704, 33.53302], [-116.21576, 33.53299], [-116.21571, 33.52677], [-116.19829, 33.52584], [-116.19825, 33.4913], [-116.18213, 33.49139], [-116.18213, 33.48411], [-116.16478, 33.48417], [-116.16461, 33.44055], [-116.14736, 33.44055], [-116.1473, 33.4267], [-116.19788, 33.42873], [-116.38839, 33.42735]]], [[[-116.30273, 33.57682], [-116.29346, 33.57655], [-116.29351, 33.58013], [-116.30276, 33.58026], [-116.30273, 33.57682]]], [[[-116.28909, 33.57284], [-116.28907, 33.57104], [-116.28475, 33.57102], [-116.28477, 33.57279], [-116.28909, 33.57284]]], [[[-116.29336, 33.56923], [-116.29341, 33.57289], [-116.30047, 33.57297], [-116.3004, 33.56919], [-116.29336, 33.56923]]], [[[-116.2793, 33.56189], [-116.27922, 33.55824], [-116.26762, 33.55828], [-116.27193, 33.5601], [-116.26763, 33.56012], [-116.26764, 33.56194], [-116.2793, 33.56189]]], [[[-116.28045, 33.55823], [-116.28046, 33.56095], [-116.2847, 33.56095], [-116.2847, 33.55821], [-116.28045, 33.55823]]], [[[-116.25031, 33.56925], [-116.25027, 33.55656], [-116.24166, 33.55838], [-116.24166, 33.56209], [-116.23957, 33.5621], [-116.23962, 33.56924], [-116.25031, 33.56925]]], [[[-116.22118, 33.55481], [-116.22223, 33.55115], [-116.22117, 33.55115], [-116.22118, 33.55481]]], [[[-116.22445, 33.55125], [-116.22447, 33.5548], [-116.22651, 33.5548], [-116.2265, 33.55114], [-116.22445, 33.55125]]], [[[-116.22875, 33.55464], [-116.23078, 33.55479], [-116.23077, 33.55113], [-116.22874, 33.55114], [-116.22875, 33.55464]]], [[[-116.30248, 33.55082], [-116.29148, 33.55089], [-116.29151, 33.55451], [-116.30256, 33.55446], [-116.30248, 33.55082]]], [[[-116.28922, 33.54899], [-116.2937, 33.54899], [-116.29366, 33.54724], [-116.28474, 33.54897], [-116.28473, 33.55093], [-116.28922, 33.5509], [-116.28922, 33.54899]]], [[[-116.29791, 33.54721], [-116.29795, 33.54903], [-116.30012, 33.54904], [-116.30013, 33.5472], [-116.29791, 33.54721]]], [[[-116.22442, 33.54383], [-116.22446, 33.54209], [-116.22871, 33.54382], [-116.2287, 33.54017], [-116.2201, 33.54019], [-116.22013, 33.54384], [-116.22442, 33.54383]]], [[[-116.25024, 33.54375], [-116.25459, 33.54375], [-116.25457, 33.54006], [-116.25023, 33.54009], [-116.25024, 33.54375]]], [[[-116.25674, 33.54007], [-116.25675, 33.54372], [-116.25892, 33.5437], [-116.2589, 33.54003], [-116.25674, 33.54007]]], [[[-116.2654, 33.53999], [-116.26324, 33.54183], [-116.26324, 33.54], [-116.26107, 33.54001], [-116.26108, 33.54368], [-116.2654, 33.54362], [-116.2654, 33.53999]]], [[[-116.233, 33.53833], [-116.24161, 33.53917], [-116.24161, 33.53828], [-116.233, 33.53833]]], [[[-116.29354, 33.54002], [-116.2936, 33.54363], [-116.29787, 33.54363], [-116.29783, 33.54004], [-116.29354, 33.54002]]], [[[-116.26756, 33.53639], [-116.26757, 33.53997], [-116.26975, 33.53999], [-116.26972, 33.53639], [-116.26756, 33.53639]]], [[[-116.2708, 33.5364], [-116.2719, 33.54001], [-116.27188, 33.53641], [-116.2708, 33.5364]]], [[[-116.25021, 33.53556], [-116.23299, 33.53567], [-116.24161, 33.53739], [-116.25022, 33.53733], [-116.25021, 33.53556]]], [[[-116.2772, 33.53644], [-116.27716, 33.54005], [-116.28052, 33.54005], [-116.28049, 33.53644], [-116.2772, 33.53644]]], [[[-116.28156, 33.53644], [-116.28267, 33.54003], [-116.28263, 33.53644], [-116.28156, 33.53644]]], [[[-116.2416, 33.53384], [-116.25021, 33.53468], [-116.25021, 33.53378], [-116.2416, 33.53384]]], [[[-116.23299, 33.5339], [-116.2502, 33.53287], [-116.2502, 33.53201], [-116.23299, 33.53212], [-116.23299, 33.5339]]], [[[-116.26753, 33.52921], [-116.26755, 33.53279], [-116.27186, 33.5328], [-116.27184, 33.5292], [-116.26753, 33.52921]]], [[[-116.23728, 33.52576], [-116.23297, 33.52573], [-116.23298, 33.52933], [-116.23728, 33.52932], [-116.23728, 33.52576]]], [[[-116.25018, 33.52566], [-116.24588, 33.52568], [-116.24589, 33.52928], [-116.24159, 33.53029], [-116.2502, 33.53022], [-116.25018, 33.52566]]], [[[-116.27182, 33.5256], [-116.26752, 33.52561], [-116.26753, 33.52742], [-116.27183, 33.52741], [-116.27182, 33.5256]]], [[[-116.28045, 33.53283], [-116.28047, 33.53454], [-116.28473, 33.53453], [-116.28472, 33.53284], [-116.27824, 33.53105], [-116.27612, 33.52558], [-116.27397, 33.52559], [-116.27618, 33.53281], [-116.28045, 33.53283]]], [[[-116.27827, 33.52558], [-116.27833, 33.5292], [-116.28043, 33.5292], [-116.28041, 33.52557], [-116.27827, 33.52558]]], [[[-116.22002, 33.52541], [-116.21999, 33.51855], [-116.22431, 33.51854], [-116.22428, 33.51132], [-116.21562, 33.51133], [-116.21571, 33.52578], [-116.22002, 33.52541]]], [[[-116.25451, 33.51136], [-116.25019, 33.51136], [-116.25018, 33.52566], [-116.25452, 33.52565], [-116.25564, 33.52207], [-116.25451, 33.51136]]], [[[-116.26748, 33.51138], [-116.26316, 33.51137], [-116.26318, 33.52206], [-116.25563, 33.52331], [-116.25885, 33.5233], [-116.25885, 33.52563], [-116.26752, 33.52561], [-116.26748, 33.51138]]], [[[-116.29769, 33.51138], [-116.29336, 33.51138], [-116.29326, 33.51857], [-116.28899, 33.51852], [-116.28904, 33.51138], [-116.28472, 33.51139], [-116.28471, 33.52556], [-116.28681, 33.52556], [-116.28684, 33.52203], [-116.28896, 33.52204], [-116.28894, 33.52556], [-116.29761, 33.52571], [-116.29769, 33.51138]]], [[[-116.38831, 33.48141], [-116.38403, 33.48142], [-116.38402, 33.48503], [-116.3883, 33.48502], [-116.38831, 33.48141]]], [[[-116.38192, 33.47059], [-116.37123, 33.47057], [-116.37117, 33.48507], [-116.37973, 33.48504], [-116.37977, 33.47265], [-116.38196, 33.47263], [-116.38192, 33.47059]]], [[[-116.27167, 33.45358], [-116.27164, 33.45], [-116.2673, 33.45003], [-116.26732, 33.45361], [-116.27167, 33.45358]]], [[[-116.28035, 33.44994], [-116.28037, 33.45352], [-116.28475, 33.45349], [-116.2847, 33.4499], [-116.28035, 33.44994]]], [[[-116.27159, 33.44284], [-116.26725, 33.44287], [-116.26727, 33.44645], [-116.27162, 33.44642], [-116.27159, 33.44284]]], [[[-116.28393, 33.66008], [-116.2861, 33.66008], [-116.28609, 33.66369], [-116.28392, 33.66369], [-116.28393, 33.66008]]], [[[-116.27415, 33.59096], [-116.27633, 33.59458], [-116.27419, 33.59805], [-116.27415, 33.59096]]], [[[-116.27197, 33.58914], [-116.27308, 33.58736], [-116.27309, 33.58914], [-116.27197, 33.58914]]], [[[-116.27308, 33.59096], [-116.272, 33.59805], [-116.27198, 33.59095], [-116.27308, 33.59096]]], [[[-116.26985, 33.59804], [-116.26984, 33.59458], [-116.26876, 33.59276], [-116.27091, 33.59277], [-116.26985, 33.59804]]], [[[-116.16473, 33.51074], [-116.18213, 33.51062], [-116.18213, 33.52519], [-116.1648, 33.52536], [-116.16473, 33.51074]]], [[[-116.21139, 33.53221], [-116.20702, 33.53042], [-116.21138, 33.53041], [-116.21139, 33.53221]]], [[[-116.2016, 33.53133], [-116.20266, 33.52943], [-116.20267, 33.53132], [-116.2016, 33.53133]]], [[[-116.19935, 33.52944], [-116.20048, 33.52861], [-116.20049, 33.52944], [-116.19935, 33.52944]]], [[[-116.40817, 33.67068], [-116.39103, 33.67058], [-116.39824, 33.66777], [-116.40816, 33.66996], [-116.40816, 33.65615], [-116.42547, 33.65614], [-116.42552, 33.67071], [-116.409, 33.67068], [-116.40817, 33.67431], [-116.40817, 33.67068]]], [[[-116.44296, 33.67068], [-116.44293, 33.67798], [-116.45168, 33.67791], [-116.45162, 33.68506], [-116.4603, 33.68506], [-116.46038, 33.67059], [-116.44296, 33.67068], [-116.44304, 33.65614], [-116.42547, 33.65614], [-116.42557, 33.64157], [-116.44733, 33.64162], [-116.44734, 33.64524], [-116.44301, 33.64524], [-116.44302, 33.64888], [-116.456, 33.64883], [-116.456, 33.64523], [-116.46033, 33.64522], [-116.46032, 33.64163], [-116.47772, 33.64153], [-116.47773, 33.64879], [-116.47988, 33.64879], [-116.47988, 33.64153], [-116.49517, 33.64155], [-116.49515, 33.6561], [-116.51232, 33.656], [-116.51231, 33.67064], [-116.51227, 33.68503], [-116.49511, 33.68502], [-116.49512, 33.69955], [-116.51293, 33.69955], [-116.51293, 33.71406], [-116.49079, 33.71409], [-116.49082, 33.7286], [-116.47779, 33.72862], [-116.47776, 33.71412], [-116.46036, 33.7141], [-116.46035, 33.69966], [-116.44296, 33.69957], [-116.44292, 33.68507], [-116.42555, 33.68507], [-116.42552, 33.67071], [-116.44296, 33.67068]]], [[[-116.47772, 33.69957], [-116.47773, 33.70321], [-116.48644, 33.7032], [-116.48644, 33.69955], [-116.47772, 33.69957]]], [[[-116.47985, 33.68153], [-116.47986, 33.67057], [-116.47778, 33.67057], [-116.47773, 33.68153], [-116.47985, 33.68153]]], [[[-116.47344, 33.66695], [-116.47342, 33.66334], [-116.46908, 33.66334], [-116.4691, 33.66696], [-116.47344, 33.66695]]], [[[-116.26795, 33.62761], [-116.26362, 33.62763], [-116.26373, 33.6165], [-116.25944, 33.6165], [-116.2595, 33.61271], [-116.26812, 33.61264], [-116.26795, 33.62761]]], [[[-116.39102, 33.66343], [-116.391, 33.6417], [-116.40817, 33.64159], [-116.40816, 33.65615], [-116.39824, 33.65615], [-116.40093, 33.65863], [-116.3974, 33.65928], [-116.39909, 33.66344], [-116.39102, 33.66343]]], [[[-116.40408, 33.64525], [-116.39973, 33.64527], [-116.39976, 33.6489], [-116.40409, 33.64888], [-116.40408, 33.64525]]], [[[-116.4245, 33.6978], [-116.4256, 33.69962], [-116.42451, 33.69962], [-116.4245, 33.6978]]], [[[-116.44294, 33.69957], [-116.44298, 33.7141], [-116.42562, 33.71408], [-116.4256, 33.69962], [-116.44294, 33.69957]]], [[[-116.4429, 33.75768], [-116.44403, 33.74682], [-116.44176, 33.74819], [-116.43792, 33.74725], [-116.43641, 33.7504], [-116.43437, 33.7504], [-116.42926, 33.74631], [-116.42921, 33.74958], [-116.42678, 33.75025], [-116.42555, 33.74312], [-116.46038, 33.7432], [-116.46035, 33.75768], [-116.4429, 33.75768]]], [[[-116.44221, 33.74776], [-116.44123, 33.74699], [-116.44065, 33.74762], [-116.44221, 33.74776]]], [[[-116.18213, 33.52519], [-116.207, 33.52679], [-116.20702, 33.52942], [-116.1983, 33.52773], [-116.19834, 33.54029], [-116.18218, 33.53977], [-116.18213, 33.52519]]], [[[-116.40649, 33.69962], [-116.40817, 33.69962], [-116.40822, 33.706], [-116.40658, 33.706], [-116.40649, 33.69962]]], [[[-116.39992, 33.70143], [-116.40211, 33.70052], [-116.40212, 33.70143], [-116.39992, 33.70143]]], [[[-116.40443, 33.70691], [-116.40822, 33.70691], [-116.40821, 33.71415], [-116.4044, 33.71418], [-116.40443, 33.70691]]], [[[-116.35595, 33.6994], [-116.36029, 33.6994], [-116.36036, 33.70434], [-116.35595, 33.70436], [-116.35595, 33.6994]]], [[[-116.29926, 33.70356], [-116.3038, 33.70353], [-116.30381, 33.70717], [-116.29928, 33.7072], [-116.29926, 33.70356]]], [[[-116.40466, 33.72152], [-116.4016, 33.71552], [-116.40823, 33.71541], [-116.40834, 33.72153], [-116.40466, 33.72152]]], [[[-116.5303, 33.68503], [-116.53032, 33.69956], [-116.51293, 33.69955], [-116.51295, 33.68503], [-116.5303, 33.68503]]], [[[-116.45598, 33.64163], [-116.456, 33.64523], [-116.45167, 33.64523], [-116.45166, 33.64162], [-116.45598, 33.64163]]], [[[-116.41252, 33.64158], [-116.41345, 33.63166], [-116.41702, 33.63164], [-116.4174, 33.62904], [-116.41688, 33.63669], [-116.41885, 33.63772], [-116.41884, 33.64157], [-116.41252, 33.64158]]], [[[-116.11266, 33.42601], [-116.11264, 33.44061], [-116.09533, 33.44074], [-116.09538, 33.42601], [-116.11266, 33.42601]]], [[[-116.49515, 33.72859], [-116.51292, 33.72857], [-116.51292, 33.74315], [-116.49516, 33.74313], [-116.49515, 33.72859]]], [[[-116.4864, 33.75764], [-116.48644, 33.7504], [-116.47774, 33.75041], [-116.47776, 33.74318], [-116.49516, 33.74313], [-116.49515, 33.75765], [-116.4864, 33.75764]]], [[[-116.51065, 33.78701], [-116.51065, 33.77229], [-116.49506, 33.77238], [-116.49515, 33.75765], [-116.52993, 33.75785], [-116.52994, 33.76532], [-116.52427, 33.76411], [-116.52659, 33.76983], [-116.52396, 33.77413], [-116.52826, 33.77415], [-116.52825, 33.77871], [-116.52391, 33.77956], [-116.52388, 33.78325], [-116.51952, 33.78323], [-116.51947, 33.78697], [-116.51065, 33.78701]]], [[[-116.52112, 33.77232], [-116.52329, 33.7714], [-116.52112, 33.7714], [-116.52112, 33.77232]]], [[[-116.47765, 33.77244], [-116.48206, 33.75764], [-116.4864, 33.75764], [-116.4863, 33.77241], [-116.47765, 33.77244]]]]}, "properties": {"id": "277", "name": "Santa Rosa Wildlife Area", "kind": "public_land", "land_type": "Wildlife Area", "access_verbatim": "Open; Refer to regulations or contact CDFW regional or area office prior to visit.", "link": "http://www.wildlife.ca.gov/Lands/Places-to-Visit/Santa-Rosa-WA", "cdfw_region": 6, "hunting": {"state": "type_classified", "entry": 90, "verbatim": "(3) \u201cType C\u201d wildlife areas are defined as wildlife areas that, except as provided in subsections 551(q) and 551(t), are open daily for hunting all legal species and do not require the purchase of a hunting pass for entry.", "ccr_cite": "14 CCR \u00a7 551(e)", "booklet_page": 74, "wildlife_area_type": "C", "restrictions": [{"entry": 53, "label": "Closure or restriction", "verbatim": "Closed to hunting on the portion of the area that lies within Fish and Game Refuge 4D (see Fish and Game Code Section 10837).", "ccr_cite": "14 CCR \u00a7 551", "booklet_table": "Closures and Restrictions on Wildlife Areas", "booklet_page": 86}, {"entry": 47, "label": "Firearm restriction", "verbatim": "All firearms, archery equipment, air and gas guns, spear guns, and other propulsive devices are prohibited on the portion of the area that lies within Fish and Game Refuge 4D (see Fish and Game Code Section 10837).", "ccr_cite": "14 CCR \u00a7 551", "booklet_table": "Wildlife Areas with Firearm Restrictions", "booklet_page": 91}, {"entry": 24, "label": "Species restriction", "verbatim": "Deer, rabbit, and quail only.", "ccr_cite": "14 CCR \u00a7 551(t)", "booklet_table": "Species Restrictions for Hunting on Type C Wildlife Areas", "booklet_page": 93}], "absence_sentence": null, "name_note": null}}}, {"type": "Feature", "geometry": {"type": "Polygon", "coordinates": [[[-122.49589, 41.69592], [-122.50068, 41.69704], [-122.50558, 41.7021], [-122.50557, 41.70874], [-122.50248, 41.71321], [-122.49904, 41.71441], [-122.50387, 41.71722], [-122.5019, 41.7244], [-122.5002, 41.72693], [-122.4996, 41.72707], [-122.50236, 41.71961], [-122.50086, 41.71596], [-122.49101, 41.71699], [-122.49099, 41.7197], [-122.4765, 41.71969], [-122.47649, 41.72685], [-122.45725, 41.72677], [-122.45723, 41.72311], [-122.47163, 41.72323], [-122.47163, 41.71603], [-122.462, 41.71587], [-122.46206, 41.71218], [-122.4571, 41.71203], [-122.45715, 41.70915], [-122.44883, 41.7087], [-122.44608, 41.70656], [-122.43782, 41.70738], [-122.43826, 41.6855], [-122.44767, 41.68569], [-122.44785, 41.68183], [-122.45734, 41.68197], [-122.45728, 41.68582], [-122.46787, 41.6804], [-122.4713, 41.68266], [-122.47675, 41.68293], [-122.47675, 41.68004], [-122.47913, 41.68], [-122.47945, 41.68298], [-122.49059, 41.68319], [-122.49055, 41.68534], [-122.49593, 41.68577], [-122.49589, 41.69592]]]}, "properties": {"id": "278", "name": "Shasta Valley Wildlife Area", "kind": "public_land", "land_type": "Wildlife Area", "access_verbatim": "Open; Refer to regulations or contact CDFW regional or area office prior to visit.", "link": "http://www.wildlife.ca.gov/Lands/Places-to-Visit/Shasta-Valley-WA", "cdfw_region": 1, "hunting": {"state": "type_classified", "entry": 91, "verbatim": "(2) \u201cType B\u201d wildlife areas are defined as wildlife areas which have restricted hunter access during waterfowl season and require a Type A or Type B season hunting pass to be purchased in advance and presented for an entry permit at the wildlife area, per subsection 550.5(c) and Section 702 of these regulations. Reservations are required for opening weekend per subsection 550.5(a) of these regulations. Species open for hunting include waterfowl, coots, moorhens, snipe, pheasant, and dove, unless otherwise specified in subsection 551(s). Except as provided in subsection 551(p), shoot days are Saturdays, Sundays, and Wednesdays during waterfowl season and daily during the September dove season only. All Type B wildlife areas are closed to hunting on Christmas Day, except as provided in subsection 551(o).", "ccr_cite": "14 CCR \u00a7 551(e)", "booklet_page": 74, "wildlife_area_type": "B", "restrictions": [{"entry": 54, "label": "Closure or restriction", "verbatim": "Only individuals possessing a Type A or Type B season pass and their guests (non-hunting guests or junior hunters) may enter the wildlife area on Wednesdays, Saturdays, and Sundays during the waterfowl season.", "ccr_cite": "14 CCR \u00a7 551", "booklet_table": "Closures and Restrictions on Wildlife Areas", "booklet_page": 86}, {"entry": 9, "label": "Shooting restriction during waterfowl season", "verbatim": "Pheasant hunting is allowed only on Sundays during the pheasant season. Quail and snipe may be taken only on waterfowl hunt days. Dove may be taken daily during the September dove season, and only on waterfowl hunt days during the late dove season.", "ccr_cite": "14 CCR \u00a7 551", "booklet_table": "Wildlife Areas with Shooting Restrictions During Waterfowl Season", "booklet_page": 88}, {"entry": 16, "label": "Additional hunter opportunity", "verbatim": "Species: Quail; Hunt Requirements: Self-register at area. Quail shoot days are limited to waterfowl shoot days only.", "ccr_cite": "14 CCR \u00a7 551", "booklet_table": "Additional Hunter Opportunities on Type A and Type B Wildlife Areas", "booklet_page": 92}], "absence_sentence": null, "name_note": null}}}, {"type": "Feature", "geometry": {"type": "Polygon", "coordinates": [[[-120.0965, 41.17816], [-120.0965, 41.17672], [-120.08664, 41.17678], [-120.08664, 41.17313], [-120.08184, 41.17313], [-120.08184, 41.16582], [-120.09144, 41.16583], [-120.09145, 41.15856], [-120.09652, 41.15856], [-120.09651, 41.15256], [-120.12501, 41.15276], [-120.12486, 41.17092], [-120.12025, 41.17091], [-120.12014, 41.17816], [-120.0965, 41.17816]]]}, "properties": {"id": "279", "name": "Silver Creek Wildlife Area", "kind": "public_land", "land_type": "Wildlife Area", "access_verbatim": "Open; Refer to regulations or contact CDFW regional or area office prior to visit.", "link": "http://www.wildlife.ca.gov/Lands/Places-to-Visit/Silver-Creek-WA", "cdfw_region": 1, "hunting": {"state": "type_classified", "entry": 93, "verbatim": "(3) \u201cType C\u201d wildlife areas are defined as wildlife areas that, except as provided in subsections 551(q) and 551(t), are open daily for hunting all legal species and do not require the purchase of a hunting pass for entry.", "ccr_cite": "14 CCR \u00a7 551(e)", "booklet_page": 74, "wildlife_area_type": "C", "restrictions": [], "absence_sentence": null, "name_note": null}}}, {"type": "Feature", "geometry": {"type": "MultiPolygon", "coordinates": [[[[-119.50482, 38.54942], [-119.50286, 38.53854], [-119.49718, 38.53945], [-119.49349, 38.53485], [-119.49856, 38.53486], [-119.49863, 38.51663], [-119.49396, 38.5167], [-119.4935, 38.50198], [-119.50264, 38.50201], [-119.50244, 38.49129], [-119.50701, 38.49136], [-119.50698, 38.48786], [-119.52085, 38.48809], [-119.52106, 38.50984], [-119.52587, 38.50991], [-119.52603, 38.52438], [-119.53084, 38.52443], [-119.53097, 38.53906], [-119.52135, 38.53894], [-119.52138, 38.54256], [-119.5121, 38.5424], [-119.51207, 38.53882], [-119.50743, 38.53876], [-119.50747, 38.54946], [-119.50482, 38.54942]]], [[[-119.50744, 38.51305], [-119.50745, 38.51669], [-119.51202, 38.51682], [-119.51201, 38.51318], [-119.50744, 38.51305]]], [[[-119.55066, 38.64838], [-119.55058, 38.64208], [-119.55488, 38.64311], [-119.55697, 38.64307], [-119.5611, 38.64704], [-119.5664, 38.64806], [-119.57101, 38.65128], [-119.57308, 38.65203], [-119.57574, 38.65254], [-119.57734, 38.65948], [-119.5594, 38.65927], [-119.55989, 38.64831], [-119.55066, 38.64838]]], [[[-119.58179, 38.645], [-119.5773, 38.64499], [-119.57727, 38.65369], [-119.5755, 38.6522], [-119.57089, 38.65094], [-119.56681, 38.64803], [-119.56113, 38.64685], [-119.5572, 38.64299], [-119.55058, 38.64194], [-119.57292, 38.64122], [-119.57296, 38.63399], [-119.55972, 38.63386], [-119.55942, 38.57557], [-119.55483, 38.57553], [-119.55466, 38.57188], [-119.54106, 38.57167], [-119.54081, 38.56804], [-119.55443, 38.5682], [-119.55377, 38.55728], [-119.5584, 38.55732], [-119.5584, 38.55374], [-119.5628, 38.55373], [-119.56379, 38.57173], [-119.56835, 38.57152], [-119.56851, 38.57517], [-119.59001, 38.57645], [-119.59402, 38.58018], [-119.59598, 38.60218], [-119.60059, 38.60222], [-119.60047, 38.60596], [-119.59585, 38.60591], [-119.59582, 38.60941], [-119.60481, 38.60948], [-119.60469, 38.61662], [-119.5957, 38.61664], [-119.59561, 38.62365], [-119.59108, 38.62363], [-119.59101, 38.63435], [-119.58648, 38.63424], [-119.58621, 38.6487], [-119.58172, 38.64865], [-119.58179, 38.645]]], [[[-119.486, 38.45577], [-119.49041, 38.45586], [-119.48709, 38.4844], [-119.48421, 38.48427], [-119.486, 38.45577]]], [[[-119.48805, 38.4836], [-119.48835, 38.48445], [-119.48722, 38.4844], [-119.48805, 38.4836]]], [[[-119.54905, 38.53911], [-119.54895, 38.52825], [-119.55358, 38.52828], [-119.55363, 38.53191], [-119.56288, 38.53198], [-119.56299, 38.54647], [-119.55837, 38.54645], [-119.55832, 38.53919], [-119.54905, 38.53911]]], [[[-119.54428, 38.5246], [-119.54424, 38.52097], [-119.53961, 38.52093], [-119.53947, 38.51005], [-119.54411, 38.51009], [-119.54415, 38.51371], [-119.54879, 38.51375], [-119.54892, 38.52463], [-119.54428, 38.5246]]], [[[-119.49086, 38.42004], [-119.49085, 38.42356], [-119.49535, 38.42366], [-119.49534, 38.4307], [-119.48633, 38.43049], [-119.48629, 38.42696], [-119.48205, 38.42687], [-119.48197, 38.41983], [-119.49086, 38.42004]]]]}, "properties": {"id": "280", "name": "Slinkard - Little Antelope Wildlife Area", "kind": "public_land", "land_type": "Wildlife Area", "access_verbatim": "Open; Refer to regulations or contact CDFW regional or area office prior to visit.", "link": "http://www.wildlife.ca.gov/Lands/Places-to-Visit/Slinkard-Little-Antelope-WA", "cdfw_region": 6, "hunting": {"state": "type_classified", "entry": 94, "verbatim": "(3) \u201cType C\u201d wildlife areas are defined as wildlife areas that, except as provided in subsections 551(q) and 551(t), are open daily for hunting all legal species and do not require the purchase of a hunting pass for entry.", "ccr_cite": "14 CCR \u00a7 551(e)", "booklet_page": 74, "wildlife_area_type": "C", "restrictions": [], "absence_sentence": null, "name_note": null}}}, {"type": "Feature", "geometry": {"type": "MultiPolygon", "coordinates": [[[[-120.22404, 39.64843], [-120.22467, 39.64733], [-120.22587, 39.64645], [-120.22295, 39.64724], [-120.22043, 39.64533], [-120.21853, 39.6386], [-120.21118, 39.63784], [-120.20741, 39.63214], [-120.20872, 39.62527], [-120.21328, 39.62535], [-120.21321, 39.62179], [-120.22354, 39.62177], [-120.22216, 39.6362], [-120.22702, 39.6362], [-120.22667, 39.64856], [-120.22404, 39.64843]]], [[[-120.22476, 39.6421], [-120.22423, 39.6425], [-120.22476, 39.6425], [-120.22476, 39.6421]]], [[[-120.18479, 39.63625], [-120.18605, 39.62184], [-120.19188, 39.62186], [-120.19446, 39.6276], [-120.1977, 39.62764], [-120.19759, 39.62182], [-120.20513, 39.6218], [-120.20382, 39.6322], [-120.1998, 39.63281], [-120.20278, 39.63581], [-120.18479, 39.63625]]], [[[-120.20324, 39.6504], [-120.20335, 39.63836], [-120.21996, 39.65025], [-120.21728, 39.65279], [-120.21703, 39.66498], [-120.18492, 39.66526], [-120.18492, 39.65076], [-120.20306, 39.65054], [-120.20323, 39.65396], [-120.21292, 39.65388], [-120.21304, 39.65039], [-120.20324, 39.6504]]], [[[-120.21253, 39.6576], [-120.20322, 39.6575], [-120.2032, 39.66111], [-120.2124, 39.66121], [-120.21253, 39.6576]]]]}, "properties": {"id": "281", "name": "Smithneck Creek Wildlife Area", "kind": "public_land", "land_type": "Wildlife Area", "access_verbatim": "Open; Refer to regulations or contact CDFW regional or area office prior to visit.", "link": "http://www.wildlife.ca.gov/Lands/Places-to-Visit/Smithneck-Creek-WA", "cdfw_region": 2, "hunting": {"state": "type_classified", "entry": 95, "verbatim": "(3) \u201cType C\u201d wildlife areas are defined as wildlife areas that, except as provided in subsections 551(q) and 551(t), are open daily for hunting all legal species and do not require the purchase of a hunting pass for entry.", "ccr_cite": "14 CCR \u00a7 551(e)", "booklet_page": 74, "wildlife_area_type": "C", "restrictions": [], "absence_sentence": null, "name_note": null}}}, {"type": "Feature", "geometry": {"type": "MultiPolygon", "coordinates": [[[[-124.23979, 40.70493], [-124.23976, 40.70113], [-124.24508, 40.70112], [-124.24506, 40.69457], [-124.24262, 40.69399], [-124.2546, 40.69557], [-124.25119, 40.69577], [-124.25146, 40.70004], [-124.24537, 40.70144], [-124.24385, 40.70492], [-124.23979, 40.70493]]], [[[-124.23534, 40.74771], [-124.22806, 40.75208], [-124.2246, 40.75134], [-124.23159, 40.73077], [-124.23401, 40.73074], [-124.23387, 40.73803], [-124.2412, 40.73824], [-124.2576, 40.71933], [-124.26009, 40.71328], [-124.26518, 40.71031], [-124.26705, 40.70517], [-124.27079, 40.70148], [-124.27385, 40.70151], [-124.251, 40.73083], [-124.23505, 40.75619], [-124.23534, 40.74771]]]]}, "properties": {"id": "282", "name": "South Spit Wildlife Area", "kind": "public_land", "land_type": "Wildlife Area", "access_verbatim": "Open; Refer to regulations or contact CDFW regional or area office prior to visit.", "link": "http://www.wildlife.ca.gov/Lands/Places-to-Visit/South-Spit-WA", "cdfw_region": 1, "hunting": {"state": "type_classified", "entry": 96, "verbatim": "(3) \u201cType C\u201d wildlife areas are defined as wildlife areas that, except as provided in subsections 551(q) and 551(t), are open daily for hunting all legal species and do not require the purchase of a hunting pass for entry.", "ccr_cite": "14 CCR \u00a7 551(e)", "booklet_page": 74, "wildlife_area_type": "C", "restrictions": [{"entry": 48, "label": "Firearm restriction", "verbatim": "Rifles, pistols, and archery equipment are prohibited.", "ccr_cite": "14 CCR \u00a7 551", "booklet_table": "Wildlife Areas with Firearm Restrictions", "booklet_page": 91}, {"entry": 25, "label": "Species restriction", "verbatim": "Waterfowl, coot, and snipe only.", "ccr_cite": "14 CCR \u00a7 551(t)", "booklet_table": "Species Restrictions for Hunting on Type C Wildlife Areas", "booklet_page": 93}], "absence_sentence": null, "name_note": null}}}, {"type": "Feature", "geometry": {"type": "MultiPolygon", "coordinates": [[[[-121.33815, 39.20074], [-121.34294, 39.19707], [-121.34293, 39.19343], [-121.34037, 39.19344], [-121.34047, 39.17702], [-121.33572, 39.17712], [-121.3357, 39.17359], [-121.34508, 39.17368], [-121.34508, 39.17717], [-121.34975, 39.17745], [-121.34936, 39.19331], [-121.35222, 39.19327], [-121.35215, 39.20791], [-121.32918, 39.20819], [-121.32915, 39.20076], [-121.33815, 39.20074]]], [[[-121.30193, 39.19543], [-121.30175, 39.18065], [-121.30652, 39.18077], [-121.30681, 39.1735], [-121.31144, 39.17358], [-121.31191, 39.15921], [-121.30245, 39.15907], [-121.30311, 39.14458], [-121.28383, 39.14488], [-121.284, 39.13678], [-121.25652, 39.13719], [-121.25635, 39.12981], [-121.25166, 39.12977], [-121.25143, 39.13703], [-121.24684, 39.13695], [-121.24664, 39.14071], [-121.24436, 39.1406], [-121.24444, 39.137], [-121.23896, 39.13694], [-121.23893, 39.13316], [-121.2444, 39.13324], [-121.24431, 39.12966], [-121.24106, 39.12964], [-121.2389, 39.12707], [-121.23875, 39.10795], [-121.25644, 39.10805], [-121.25676, 39.10081], [-121.2661, 39.10083], [-121.26595, 39.0791], [-121.28433, 39.07961], [-121.28451, 39.07396], [-121.28632, 39.07361], [-121.28977, 39.0779], [-121.29029, 39.07249], [-121.29377, 39.0726], [-121.29368, 39.07995], [-121.30298, 39.08029], [-121.30352, 39.10063], [-121.32215, 39.10132], [-121.32189, 39.15926], [-121.31607, 39.15935], [-121.31748, 39.16651], [-121.31596, 39.181], [-121.31108, 39.18079], [-121.31052, 39.19362], [-121.3059, 39.19365], [-121.30585, 39.19674], [-121.30193, 39.19543]]], [[[-121.31505, 39.20464], [-121.31978, 39.20457], [-121.31974, 39.20823], [-121.31509, 39.20829], [-121.31505, 39.20464]]]]}, "properties": {"id": "283", "name": "Spenceville Wildlife Area", "kind": "public_land", "land_type": "Wildlife Area", "access_verbatim": "Open; Refer to regulations or contact CDFW regional or area office prior to visit.", "link": "http://www.wildlife.ca.gov/Lands/Places-to-Visit/Spenceville-WA", "cdfw_region": 2, "hunting": {"state": "type_classified", "entry": 97, "verbatim": "(3) \u201cType C\u201d wildlife areas are defined as wildlife areas that, except as provided in subsections 551(q) and 551(t), are open daily for hunting all legal species and do not require the purchase of a hunting pass for entry.", "ccr_cite": "14 CCR \u00a7 551(e)", "booklet_page": 74, "wildlife_area_type": "C", "restrictions": [{"entry": 55, "label": "Closure or restriction", "verbatim": "Closed to hunting February 1 through August 31 except during the spring turkey season when only turkeys may be hunted. Closed to all visitor entry during the first nine days of the spring turkey season except for special turkey permit holders. The posted area around the Spenceville Mine is closed to visitor entry.", "ccr_cite": "14 CCR \u00a7 551", "booklet_table": "Closures and Restrictions on Wildlife Areas", "booklet_page": 86}, {"entry": 21, "label": "Shooting restriction or drawing requirement", "verbatim": "Special draw entry permits are required for the first nine days of the spring turkey season.", "ccr_cite": "14 CCR \u00a7 551", "booklet_table": "Wildlife Areas with Shooting Restrictions and/or Special Drawing Requirements", "booklet_page": 89}], "absence_sentence": null, "name_note": null}}}, {"type": "Feature", "geometry": {"type": "Polygon", "coordinates": [[[-120.12646, 41.39486], [-120.12528, 41.39096], [-120.12927, 41.39092], [-120.12925, 41.38528], [-120.13204, 41.38385], [-120.14391, 41.38383], [-120.14381, 41.38745], [-120.14853, 41.3875], [-120.14836, 41.39475], [-120.12646, 41.39486]]]}, "properties": {"id": "284", "name": "Surprise Valley Wildlife Area", "kind": "public_land", "land_type": "Wildlife Area", "access_verbatim": "Open; Refer to regulations or contact CDFW regional or area office prior to visit.", "link": "http://www.wildlife.ca.gov/Lands/Places-to-Visit/Surprise-Valley-WA", "cdfw_region": 1, "hunting": {"state": "type_classified", "entry": 98, "verbatim": "(3) \u201cType C\u201d wildlife areas are defined as wildlife areas that, except as provided in subsections 551(q) and 551(t), are open daily for hunting all legal species and do not require the purchase of a hunting pass for entry.", "ccr_cite": "14 CCR \u00a7 551(e)", "booklet_page": 74, "wildlife_area_type": "C", "restrictions": [], "absence_sentence": null, "name_note": null}}}, {"type": "Feature", "geometry": {"type": "MultiPolygon", "coordinates": [[[[-121.61574, 38.89756], [-121.61363, 38.88228], [-121.61648, 38.89014], [-121.61651, 38.89813], [-121.60881, 38.90352], [-121.59894, 38.902], [-121.58933, 38.90773], [-121.58432, 38.9139], [-121.58328, 38.91905], [-121.58345, 38.9147], [-121.58965, 38.90692], [-121.59897, 38.90148], [-121.60799, 38.90269], [-121.61574, 38.89756]]], [[[-121.84222, 39.14283], [-121.7775, 39.10813], [-121.77972, 39.10792], [-121.76824, 39.09526], [-121.74131, 39.02921], [-121.74167, 39.02749], [-121.74478, 39.02701], [-121.74273, 39.02945], [-121.74356, 39.03264], [-121.77297, 39.10008], [-121.77961, 39.10618], [-121.83559, 39.13772], [-121.84222, 39.14283]]], [[[-121.63967, 38.90894], [-121.63727, 38.90827], [-121.63469, 38.89802], [-121.63491, 38.8822], [-121.64802, 38.86237], [-121.66202, 38.8249], [-121.66227, 38.82071], [-121.65321, 38.79525], [-121.65322, 38.78553], [-121.65872, 38.7746], [-121.67074, 38.76322], [-121.65945, 38.77625], [-121.65412, 38.78707], [-121.6547, 38.79547], [-121.66407, 38.82458], [-121.64823, 38.86508], [-121.63685, 38.88071], [-121.63967, 38.90894]]], [[[-121.63967, 38.90894], [-121.64565, 38.92443], [-121.67842, 38.95537], [-121.72682, 38.98828], [-121.73321, 38.99729], [-121.73973, 39.01808], [-121.74379, 39.02415], [-121.7815, 39.02525], [-121.78143, 39.02726], [-121.78263, 39.02526], [-121.78366, 39.02727], [-121.78304, 39.02526], [-121.81159, 39.02548], [-121.82136, 39.02304], [-121.82214, 39.02737], [-121.74575, 39.02836], [-121.74599, 39.0261], [-121.74168, 39.02379], [-121.73842, 39.01845], [-121.73142, 38.99656], [-121.72259, 38.98864], [-121.72415, 38.98739], [-121.722, 38.98811], [-121.67744, 38.95857], [-121.67647, 38.9551], [-121.6427, 38.92348], [-121.63753, 38.90975], [-121.63967, 38.90894]]], [[[-121.76006, 39.10601], [-121.72704, 39.03289], [-121.72026, 39.0034], [-121.7169, 38.99784], [-121.70869, 38.99042], [-121.67094, 38.96659], [-121.62611, 38.92446], [-121.61778, 38.89667], [-121.62098, 38.89577], [-121.61878, 38.89728], [-121.6285, 38.92384], [-121.67338, 38.96598], [-121.71029, 38.98973], [-121.72135, 38.9991], [-121.72989, 39.03485], [-121.7609, 39.10505], [-121.77092, 39.1144], [-121.82954, 39.14716], [-121.76963, 39.11489], [-121.76371, 39.12076], [-121.76161, 39.12059], [-121.76835, 39.1134], [-121.76006, 39.10601]]], [[[-121.84502, 39.1463], [-121.84397, 39.14672], [-121.84344, 39.14629], [-121.84502, 39.1463]]], [[[-121.85273, 39.14661], [-121.84709, 39.14656], [-121.84714, 39.14534], [-121.85126, 39.14599], [-121.85273, 39.14661]]]]}, "properties": {"id": "285", "name": "Sutter Bypass Wildlife Area", "kind": "public_land", "land_type": "Wildlife Area", "access_verbatim": "Open; Refer to regulations or contact CDFW regional or area office prior to visit.", "link": "http://www.wildlife.ca.gov/Lands/Places-to-Visit/Sutter-Bypass-WA", "cdfw_region": 2, "hunting": {"state": "type_classified", "entry": 99, "verbatim": "(3) \u201cType C\u201d wildlife areas are defined as wildlife areas that, except as provided in subsections 551(q) and 551(t), are open daily for hunting all legal species and do not require the purchase of a hunting pass for entry.", "ccr_cite": "14 CCR \u00a7 551(e)", "booklet_page": 74, "wildlife_area_type": "C", "restrictions": [{"entry": 56, "label": "Closure or restriction", "verbatim": "Those portions of the east and west levees of the area adjacent to the Sutter National Wildlife Refuge (SNWR) are closed to hunting. The west levee of the area is closed to hunting from the northern boundary of the SNWR south to Oswald/Hughes Road. The east levee of the area is closed to hunting from the northern boundary of the SNWR south to the SNWR checking station parking lot. The remaining portion of the east levee from the SNWR parking lot south to the southern boundary of the SNWR is closed to hunting pursuant to Section 625 of these regulations.", "ccr_cite": "14 CCR \u00a7 551", "booklet_table": "Closures and Restrictions on Wildlife Areas", "booklet_page": 86}, {"entry": 49, "label": "Firearm restriction", "verbatim": "Rifles and pistols are prohibited.", "ccr_cite": "14 CCR \u00a7 551", "booklet_table": "Wildlife Areas with Firearm Restrictions", "booklet_page": 91}], "absence_sentence": null, "name_note": null}}}, {"type": "Feature", "geometry": {"type": "MultiPolygon", "coordinates": [[[[-121.96967, 40.15737], [-121.96961, 40.14337], [-121.9958, 40.14273], [-121.99554, 40.15698], [-121.96967, 40.15737]]], [[[-121.8373, 40.14277], [-121.95036, 40.14398], [-121.95055, 40.15738], [-121.96967, 40.15737], [-121.96987, 40.17117], [-121.99562, 40.17125], [-121.99583, 40.1852], [-122.0148, 40.18562], [-122.01518, 40.2102], [-122.02011, 40.21033], [-122.02005, 40.21403], [-122.01873, 40.21738], [-122.01368, 40.21716], [-122.01224, 40.22067], [-122.01734, 40.22089], [-122.01384, 40.22864], [-121.99557, 40.22886], [-121.98934, 40.23236], [-121.98719, 40.23553], [-121.97318, 40.24371], [-121.97493, 40.248], [-121.96961, 40.25358], [-121.96966, 40.24425], [-121.92306, 40.24472], [-121.92272, 40.2582], [-121.89461, 40.25783], [-121.89478, 40.27237], [-121.91321, 40.27361], [-121.91345, 40.25929], [-121.93219, 40.25914], [-121.93212, 40.28825], [-121.91315, 40.28823], [-121.91306, 40.30261], [-121.89484, 40.30124], [-121.89544, 40.3241], [-121.88598, 40.32404], [-121.88595, 40.31688], [-121.87645, 40.31674], [-121.87658, 40.32387], [-121.8577, 40.32384], [-121.85733, 40.31649], [-121.8383, 40.31634], [-121.83847, 40.2869], [-121.87625, 40.28657], [-121.87468, 40.1712], [-121.85573, 40.17166], [-121.85524, 40.15746], [-121.83694, 40.15722], [-121.8373, 40.14277]]], [[[-121.87445, 40.16424], [-121.86982, 40.16435], [-121.86992, 40.16785], [-121.87453, 40.16769], [-121.87445, 40.16424]]], [[[-121.91196, 40.15402], [-121.91188, 40.1576], [-121.92172, 40.1575], [-121.92145, 40.15391], [-121.91196, 40.15402]]], [[[-121.95131, 40.288], [-121.95116, 40.25904], [-121.96965, 40.2584], [-121.96981, 40.27307], [-121.95594, 40.27346], [-121.95601, 40.27524], [-121.99399, 40.275], [-121.99383, 40.2872], [-121.9699, 40.28717], [-121.97007, 40.30191], [-121.94154, 40.30228], [-121.94154, 40.30923], [-121.951, 40.30919], [-121.95103, 40.31635], [-121.9131, 40.31713], [-121.91306, 40.30261], [-121.93176, 40.30232], [-121.93212, 40.28825], [-121.95131, 40.288]]], [[[-121.92255, 40.33331], [-121.92251, 40.33171], [-121.92465, 40.33178], [-121.92431, 40.33231], [-121.92255, 40.33331]]]]}, "properties": {"id": "286", "name": "Tehama Wildlife Area", "kind": "public_land", "land_type": "Wildlife Area", "access_verbatim": "Open; Refer to regulations or contact CDFW regional or area office prior to visit.", "link": "http://www.wildlife.ca.gov/Lands/Places-to-Visit/Tehama-WA", "cdfw_region": 1, "hunting": {"state": "type_classified", "entry": 100, "verbatim": "(3) \u201cType C\u201d wildlife areas are defined as wildlife areas that, except as provided in subsections 551(q) and 551(t), are open daily for hunting all legal species and do not require the purchase of a hunting pass for entry.", "ccr_cite": "14 CCR \u00a7 551(e)", "booklet_page": 74, "wildlife_area_type": "C", "restrictions": [{"entry": 57, "label": "Closure or restriction", "verbatim": "The portion of the area south of Antelope Creek is closed to all visitor use and entry from the first Monday in December through the last Friday in March. The use of dogs for wild pig hunting is prohibited.", "ccr_cite": "14 CCR \u00a7 551", "booklet_table": "Closures and Restrictions on Wildlife Areas", "booklet_page": 86}, {"entry": 26, "label": "Species restriction", "verbatim": "All legal species, except: (A) During the G-1 deer season, only persons with a department-issued entry permit and a G-1 deer tag may enter the wildlife area. Only deer and wild pig may be taken during the G-1 deer season. (B) During the J-3 deer season, deer may only be taken with a J-3 apprentice hunt tag available through the big game drawing. All legal species, except wild pig, may be taken during the J-3 deer season. (C) Wild pig only during the G-1 deer season when only persons with a G-1 deer tag and a department-issued entry permit may enter the wildlife area. No dogs permitted.", "ccr_cite": "14 CCR \u00a7 551(t)", "booklet_table": "Species Restrictions for Hunting on Type C Wildlife Areas", "booklet_page": 93}], "absence_sentence": null, "name_note": null}}}, {"type": "Feature", "geometry": {"type": "MultiPolygon", "coordinates": [[[[-120.02958, 39.37342], [-120.02948, 39.35961], [-120.0484, 39.35965], [-120.04825, 39.36748], [-120.03752, 39.36941], [-120.02958, 39.37342]]], [[[-120.04846, 39.37052], [-120.0484, 39.37398], [-120.03315, 39.37412], [-120.04147, 39.37093], [-120.04846, 39.37052]]], [[[-120.02043, 39.4033], [-120.01176, 39.40326], [-120.01192, 39.39571], [-120.01918, 39.39689], [-120.025, 39.41039], [-120.02055, 39.41041], [-120.02043, 39.4033]]], [[[-120.03299, 39.43241], [-120.03739, 39.42229], [-120.02888, 39.41477], [-120.0283, 39.40786], [-120.0225, 39.39995], [-120.02519, 39.39527], [-120.0253, 39.40279], [-120.04369, 39.40346], [-120.04363, 39.42534], [-120.03926, 39.42533], [-120.03915, 39.43272], [-120.04825, 39.43293], [-120.04825, 39.46206], [-120.01642, 39.46193], [-120.01644, 39.46558], [-120.0114, 39.46551], [-120.01151, 39.46923], [-120.00298, 39.46923], [-120.00954, 39.45863], [-120.01199, 39.44352], [-120.03299, 39.43241]]], [[[-120.0159, 39.44711], [-120.0163, 39.45842], [-120.0209, 39.45838], [-120.02082, 39.4546], [-120.02548, 39.45456], [-120.02546, 39.45071], [-120.02075, 39.45079], [-120.02067, 39.44699], [-120.0159, 39.44711]]], [[[-120.02993, 39.42186], [-120.03212, 39.42444], [-120.02988, 39.43086], [-120.02989, 39.42559], [-120.02993, 39.42186]]], [[[-120.02445, 39.43272], [-120.02506, 39.43272], [-120.02464, 39.43346], [-120.02445, 39.43272]]], [[[-120.01187, 39.44035], [-120.01092, 39.43991], [-120.01318, 39.43996], [-120.01187, 39.44035]]], [[[-120.02534, 39.41775], [-120.02527, 39.41495], [-120.02678, 39.4178], [-120.02534, 39.41775]]], [[[-120.00438, 39.37398], [-120.00462, 39.3632], [-120.01623, 39.36305], [-120.01627, 39.37032], [-120.01206, 39.37035], [-120.01207, 39.37395], [-120.00438, 39.37398]]], [[[-120.06725, 39.3665], [-120.06732, 39.36335], [-120.07182, 39.36335], [-120.0718, 39.36619], [-120.06725, 39.3665]]], [[[-120.10378, 39.3772], [-120.10288, 39.37854], [-120.1009, 39.37923], [-120.10236, 39.37826], [-120.10378, 39.3772]]], [[[-120.09454, 39.38406], [-120.09147, 39.38365], [-120.09494, 39.38271], [-120.09454, 39.38406]]], [[[-120.1153, 39.36864], [-120.11563, 39.37152], [-120.11258, 39.37367], [-120.10929, 39.37435], [-120.11354, 39.37228], [-120.1153, 39.36864]]], [[[-120.09998, 39.37067], [-120.10474, 39.37067], [-120.10845, 39.3743], [-120.10428, 39.3763], [-120.10391, 39.37458], [-120.09994, 39.37453], [-120.09998, 39.37067]]], [[[-120.00513, 39.33064], [-120.00536, 39.31639], [-120.0125, 39.31641], [-120.01231, 39.33064], [-120.00513, 39.33064]]], [[[-120.00494, 39.34518], [-120.02941, 39.34484], [-120.02949, 39.35919], [-120.0047, 39.35951], [-120.00494, 39.34518]]], [[[-120.12916, 39.34024], [-120.14618, 39.33291], [-120.15397, 39.33298], [-120.12605, 39.34455], [-120.12916, 39.34024]]]]}, "properties": {"id": "287", "name": "Truckee River Wildlife Area", "kind": "public_land", "land_type": "Wildlife Area", "access_verbatim": "Open; Refer to regulations or contact CDFW regional or area office prior to visit.", "link": "http://www.wildlife.ca.gov/Lands/Places-to-Visit/Truckee-River-WA", "cdfw_region": 2, "hunting": {"state": "type_classified", "entry": 101, "verbatim": "(3) \u201cType C\u201d wildlife areas are defined as wildlife areas that, except as provided in subsections 551(q) and 551(t), are open daily for hunting all legal species and do not require the purchase of a hunting pass for entry.", "ccr_cite": "14 CCR \u00a7 551(e)", "booklet_page": 74, "wildlife_area_type": "C", "restrictions": [{"entry": 50, "label": "Firearm restriction", "verbatim": "Rifles and pistols are prohibited. All firearms and archery equipment are prohibited on the Boca, Polaris and West River units.", "ccr_cite": "14 CCR \u00a7 551", "booklet_table": "Wildlife Areas with Firearm Restrictions", "booklet_page": 91}], "absence_sentence": null, "name_note": null}}}, {"type": "Feature", "geometry": {"type": "MultiPolygon", "coordinates": [[[[-121.87429, 39.4203], [-121.87381, 39.39869], [-121.84274, 39.39687], [-121.8413, 39.38896], [-121.83741, 39.38807], [-121.83608, 39.38422], [-121.83291, 39.38578], [-121.8367, 39.38933], [-121.83637, 39.39171], [-121.8194, 39.40607], [-121.81791, 39.39887], [-121.81061, 39.39891], [-121.85085, 39.37316], [-121.85979, 39.37311], [-121.85989, 39.37673], [-121.8645, 39.37669], [-121.86444, 39.36942], [-121.87368, 39.36932], [-121.87368, 39.36216], [-121.89274, 39.36194], [-121.88807, 39.37169], [-121.88379, 39.37374], [-121.89016, 39.38413], [-121.88905, 39.38597], [-121.89218, 39.38858], [-121.89053, 39.39951], [-121.88737, 39.39945], [-121.88351, 39.40661], [-121.88445, 39.40978], [-121.88129, 39.41984], [-121.87429, 39.4203]]], [[[-121.87361, 39.47818], [-121.86995, 39.46418], [-121.87508, 39.46048], [-121.87331, 39.4586], [-121.8732, 39.45078], [-121.87021, 39.4489], [-121.87369, 39.44704], [-121.87678, 39.4386], [-121.87399, 39.43411], [-121.8749, 39.42781], [-121.87858, 39.42755], [-121.8779, 39.42322], [-121.88124, 39.41991], [-121.89293, 39.42017], [-121.89269, 39.43363], [-121.88868, 39.44228], [-121.88878, 39.44874], [-121.89802, 39.4495], [-121.89849, 39.49297], [-121.87707, 39.49403], [-121.88088, 39.51334], [-121.88092, 39.52092], [-121.87904, 39.52225], [-121.86622, 39.52229], [-121.87405, 39.51671], [-121.87805, 39.50932], [-121.87643, 39.50429], [-121.8777, 39.50135], [-121.87076, 39.48487], [-121.87361, 39.47818]]], [[[-121.90891, 39.55803], [-121.90863, 39.54585], [-121.95507, 39.53391], [-121.9514, 39.54387], [-121.92754, 39.55943], [-121.90891, 39.55803]]]]}, "properties": {"id": "288", "name": "Upper Butte Basin Wildlife Area", "kind": "public_land", "land_type": "Wildlife Area", "access_verbatim": "Open; Refer to regulations or contact CDFW regional or area office prior to visit.", "link": "http://www.wildlife.ca.gov/Lands/Places-to-Visit/Upper-Butte-Basin-WA", "cdfw_region": 2, "hunting": {"state": "type_classified", "entry": 102, "verbatim": "(1) \u201cType A\u201d wildlife areas are defined as wildlife areas which have restricted hunter access during waterfowl season, and require a hunting pass to be purchased in advance and exchanged for an entry permit at the wildlife area, per subsections 550.5(c) and 702(b) of these regulations. Reservations are available per subsection 550.5(a) of these regulations during waterfowl season. Species open for hunting are waterfowl, coots, moorhens, snipe, pheasant, and dove, unless otherwise specified in subsection 551(s). Except as provided in subsection 551(p) and Section 552 of these regulations, shoot days are Saturdays, Sundays, and Wednesdays during waterfowl season, youth waterfowl hunt days authorized in Section 502 of these regulations, and daily during the September dove season only. All Type A wildlife areas are closed to hunting on Christmas Day.", "ccr_cite": "14 CCR \u00a7 551(e)", "booklet_page": 74, "wildlife_area_type": "A", "restrictions": [{"entry": 58, "label": "Closure or restriction", "verbatim": "Closed to all non-hunting uses from two weeks prior to opening of waterfowl season through one week after the end of waterfowl season. Dogs are prohibited except for hunting.", "ccr_cite": "14 CCR \u00a7 551", "booklet_table": "Closures and Restrictions on Wildlife Areas", "booklet_page": 87}, {"entry": 17, "label": "Additional hunter opportunity", "verbatim": "Species: Rabbit, turkey, and quail; Hunt Requirements: Rabbit allowed only during the September dove season, and on waterfowl hunt days during the late dove season. Turkey allowed by draw during the spring turkey season and during the fall turkey season concurrent with the pheasant season. Quail allowed during the general season concurrent with pheasant season.", "ccr_cite": "14 CCR \u00a7 551", "booklet_table": "Additional Hunter Opportunities on Type A and Type B Wildlife Areas", "booklet_page": 92}], "absence_sentence": null, "name_note": null}}}, {"type": "Feature", "geometry": {"type": "Polygon", "coordinates": [[[-120.93601, 37.10488], [-120.93407, 37.11462], [-120.94319, 37.11526], [-120.9429, 37.13841], [-120.93724, 37.13838], [-120.93718, 37.14385], [-120.92371, 37.14377], [-120.92307, 37.15835], [-120.90558, 37.15824], [-120.90583, 37.1511], [-120.91368, 37.14479], [-120.9141, 37.14373], [-120.90543, 37.15096], [-120.89747, 37.15092], [-120.89781, 37.14369], [-120.90572, 37.14369], [-120.9073, 37.10736], [-120.93219, 37.10731], [-120.93428, 37.10332], [-120.93601, 37.10488]]]}, "properties": {"id": "289", "name": "Volta Wildlife Area", "kind": "public_land", "land_type": "Wildlife Area", "access_verbatim": "Open; Refer to regulations or contact CDFW regional or area office prior to visit.", "link": "http://www.wildlife.ca.gov/Lands/Places-to-Visit/Volta-WA", "cdfw_region": 4, "hunting": {"state": "type_classified", "entry": 103, "verbatim": "(1) \u201cType A\u201d wildlife areas are defined as wildlife areas which have restricted hunter access during waterfowl season, and require a hunting pass to be purchased in advance and exchanged for an entry permit at the wildlife area, per subsections 550.5(c) and 702(b) of these regulations. Reservations are available per subsection 550.5(a) of these regulations during waterfowl season. Species open for hunting are waterfowl, coots, moorhens, snipe, pheasant, and dove, unless otherwise specified in subsection 551(s). Except as provided in subsection 551(p) and Section 552 of these regulations, shoot days are Saturdays, Sundays, and Wednesdays during waterfowl season, youth waterfowl hunt days authorized in Section 502 of these regulations, and daily during the September dove season only. All Type A wildlife areas are closed to hunting on Christmas Day.", "ccr_cite": "14 CCR \u00a7 551(e)", "booklet_page": 74, "wildlife_area_type": "A", "restrictions": [{"entry": 19, "label": "Additional hunter opportunity", "verbatim": "Species: Rabbit; Hunt Requirements: Allowed except during waterfowl season. Self-registration required.", "ccr_cite": "14 CCR \u00a7 551", "booklet_table": "Additional Hunter Opportunities on Type A and Type B Wildlife Areas", "booklet_page": 92}, {"entry": 26, "label": "Waterfowl reservation", "verbatim": "Number of Hunters Per Reservation: Two adults; each adult hunter may bring up to two junior hunters or two non-shooters or one of each.; Reservation Expires: One hour before shoot time.", "ccr_cite": "14 CCR \u00a7 551(x)", "booklet_table": "Additional Waterfowl Reservation Regulations", "booklet_page": 96}], "absence_sentence": null, "name_note": null}}}, {"type": "Feature", "geometry": {"type": "Polygon", "coordinates": [[[-121.34143, 40.42745], [-121.32718, 40.42717], [-121.3269, 40.41962], [-121.32734, 40.41916], [-121.32694, 40.41626], [-121.32213, 40.41631], [-121.3222, 40.40907], [-121.31748, 40.40899], [-121.31731, 40.40549], [-121.31355, 40.40337], [-121.31404, 40.40054], [-121.32182, 40.40055], [-121.32205, 40.40548], [-121.32672, 40.4055], [-121.32692, 40.40909], [-121.33173, 40.40915], [-121.33186, 40.41633], [-121.33667, 40.41635], [-121.33663, 40.42003], [-121.34631, 40.42002], [-121.34615, 40.42376], [-121.34143, 40.42745]], [[-121.33454, 40.4259], [-121.33294, 40.42404], [-121.33396, 40.42638], [-121.33454, 40.4259]], [[-121.33136, 40.42298], [-121.33329, 40.42351], [-121.33131, 40.42202], [-121.33136, 40.42298]], [[-121.33071, 40.42337], [-121.33041, 40.4228], [-121.33002, 40.42321], [-121.33071, 40.42337]], [[-121.33046, 40.42269], [-121.33016, 40.4201], [-121.32879, 40.42082], [-121.33046, 40.42269]], [[-121.32865, 40.42002], [-121.32701, 40.42001], [-121.3288, 40.4203], [-121.32865, 40.42002]]]}, "properties": {"id": "290", "name": "Warner Valley Wildlife Area", "kind": "public_land", "land_type": "Wildlife Area", "access_verbatim": "Open; Refer to regulations or contact CDFW regional or area office prior to visit.", "link": "http://www.wildlife.ca.gov/Lands/Places-to-Visit/Warner-Valley-WA", "cdfw_region": 2, "hunting": {"state": "type_classified", "entry": 104, "verbatim": "(3) \u201cType C\u201d wildlife areas are defined as wildlife areas that, except as provided in subsections 551(q) and 551(t), are open daily for hunting all legal species and do not require the purchase of a hunting pass for entry.", "ccr_cite": "14 CCR \u00a7 551(e)", "booklet_page": 74, "wildlife_area_type": "C", "restrictions": [], "absence_sentence": null, "name_note": null}}}, {"type": "Feature", "geometry": {"type": "Polygon", "coordinates": [[[-124.0281, 41.51082], [-124.03087, 41.50372], [-124.03459, 41.5002], [-124.03147, 41.50668], [-124.0281, 41.51082]]]}, "properties": {"id": "291", "name": "Waukell Creek Wildlife Area", "kind": "public_land", "land_type": "Wildlife Area", "access_verbatim": "Open; Refer to regulations or contact CDFW regional or area office prior to visit.", "link": "http://www.wildlife.ca.gov/Lands/Places-to-Visit/Waukell-Creek-WA", "cdfw_region": 1, "hunting": {"state": "type_classified", "entry": 105, "verbatim": "(3) \u201cType C\u201d wildlife areas are defined as wildlife areas that, except as provided in subsections 551(q) and 551(t), are open daily for hunting all legal species and do not require the purchase of a hunting pass for entry.", "ccr_cite": "14 CCR \u00a7 551(e)", "booklet_page": 74, "wildlife_area_type": "C", "restrictions": [], "absence_sentence": null, "name_note": null}}}, {"type": "Feature", "geometry": {"type": "Polygon", "coordinates": [[[-120.98527, 37.40269], [-120.97723, 37.40098], [-120.97737, 37.3983], [-120.98111, 37.39402], [-120.98251, 37.38605], [-120.99077, 37.38744], [-120.99243, 37.38352], [-120.99363, 37.38734], [-120.99106, 37.38848], [-120.98958, 37.39544], [-120.98453, 37.39833], [-120.98527, 37.40269]]]}, "properties": {"id": "292", "name": "West Hilmar Wildlife Area", "kind": "public_land", "land_type": "Wildlife Area", "access_verbatim": "Open; Refer to regulations or contact CDFW regional or area office prior to visit.", "link": "http://www.wildlife.ca.gov/Lands/Places-to-Visit/West-Hilmar-WA", "cdfw_region": 4, "hunting": {"state": "type_classified", "entry": 106, "verbatim": "(3) \u201cType C\u201d wildlife areas are defined as wildlife areas that, except as provided in subsections 551(q) and 551(t), are open daily for hunting all legal species and do not require the purchase of a hunting pass for entry.", "ccr_cite": "14 CCR \u00a7 551(e)", "booklet_page": 74, "wildlife_area_type": "C", "restrictions": [{"entry": 51, "label": "Firearm restriction", "verbatim": "Rifles and pistols are prohibited.", "ccr_cite": "14 CCR \u00a7 551", "booklet_table": "Wildlife Areas with Firearm Restrictions", "booklet_page": 91}, {"entry": 27, "label": "Species restriction", "verbatim": "Waterfowl, quail, dove, pheasant, and rabbit only.", "ccr_cite": "14 CCR \u00a7 551(t)", "booklet_table": "Species Restrictions for Hunting on Type C Wildlife Areas", "booklet_page": 93}], "absence_sentence": null, "name_note": null}}}, {"type": "Feature", "geometry": {"type": "MultiPolygon", "coordinates": [[[[-119.45037, 38.44468], [-119.45071, 38.43339], [-119.4463, 38.43408], [-119.44533, 38.41974], [-119.4491, 38.41973], [-119.45075, 38.43268], [-119.45251, 38.43566], [-119.45335, 38.4428], [-119.45421, 38.44465], [-119.45037, 38.44468]]], [[[-119.45478, 38.44465], [-119.45369, 38.44276], [-119.45303, 38.43756], [-119.45508, 38.43755], [-119.45478, 38.44465]]], [[[-119.45249, 38.50219], [-119.45283, 38.48346], [-119.4577, 38.48352], [-119.45797, 38.47988], [-119.46203, 38.47991], [-119.46128, 38.48709], [-119.45744, 38.48702], [-119.45707, 38.50217], [-119.45249, 38.50219]]], [[[-119.45824, 38.47628], [-119.45841, 38.46562], [-119.45428, 38.46564], [-119.45441, 38.45862], [-119.45833, 38.4585], [-119.45837, 38.46206], [-119.46269, 38.46206], [-119.4624, 38.47628], [-119.45824, 38.47628]]], [[[-119.44845, 38.39128], [-119.44839, 38.38772], [-119.45293, 38.38778], [-119.45299, 38.39136], [-119.44845, 38.39128]]]]}, "properties": {"id": "293", "name": "West Walker River Wildlife Area", "kind": "public_land", "land_type": "Wildlife Area", "access_verbatim": "Open; Refer to regulations or contact CDFW regional or area office prior to visit.", "link": "http://www.wildlife.ca.gov/Lands/Places-to-Visit/West-Walker-River-WA", "cdfw_region": 6, "hunting": {"state": "type_classified", "entry": 107, "verbatim": "(3) \u201cType C\u201d wildlife areas are defined as wildlife areas that, except as provided in subsections 551(q) and 551(t), are open daily for hunting all legal species and do not require the purchase of a hunting pass for entry.", "ccr_cite": "14 CCR \u00a7 551(e)", "booklet_page": 74, "wildlife_area_type": "C", "restrictions": [], "absence_sentence": null, "name_note": null}}}, {"type": "Feature", "geometry": {"type": "MultiPolygon", "coordinates": [[[[-120.62612, 40.56305], [-120.6241, 40.56572], [-120.63986, 40.56248], [-120.64203, 40.56748], [-120.63035, 40.57582], [-120.61664, 40.58054], [-120.61737, 40.58255], [-120.60869, 40.58249], [-120.60876, 40.58604], [-120.60395, 40.58605], [-120.60394, 40.58965], [-120.59914, 40.58949], [-120.59908, 40.57863], [-120.59432, 40.57849], [-120.59424, 40.56764], [-120.58945, 40.56744], [-120.58917, 40.56051], [-120.58465, 40.56048], [-120.5845, 40.55315], [-120.58684, 40.55323], [-120.58889, 40.54559], [-120.59367, 40.54569], [-120.59382, 40.54926], [-120.59839, 40.5493], [-120.59855, 40.55339], [-120.60338, 40.55344], [-120.60346, 40.55701], [-120.63539, 40.55731], [-120.63306, 40.56167], [-120.62612, 40.56305]]], [[[-120.62641, 40.58128], [-120.62634, 40.58047], [-120.62678, 40.58089], [-120.62641, 40.58128]]], [[[-120.62617, 40.58147], [-120.62538, 40.58223], [-120.62491, 40.58169], [-120.62617, 40.58147]]]]}, "properties": {"id": "294", "name": "Willow Creek Wildlife Area", "kind": "public_land", "land_type": "Wildlife Area", "access_verbatim": "Open; Refer to regulations or contact CDFW regional or area office prior to visit.", "link": "http://www.wildlife.ca.gov/Lands/Places-to-Visit/Willow-Creek-WA", "cdfw_region": 1, "hunting": {"state": "type_classified", "entry": 108, "verbatim": "(2) \u201cType B\u201d wildlife areas are defined as wildlife areas which have restricted hunter access during waterfowl season and require a Type A or Type B season hunting pass to be purchased in advance and presented for an entry permit at the wildlife area, per subsection 550.5(c) and Section 702 of these regulations. Reservations are required for opening weekend per subsection 550.5(a) of these regulations. Species open for hunting include waterfowl, coots, moorhens, snipe, pheasant, and dove, unless otherwise specified in subsection 551(s). Except as provided in subsection 551(p), shoot days are Saturdays, Sundays, and Wednesdays during waterfowl season and daily during the September dove season only. All Type B wildlife areas are closed to hunting on Christmas Day, except as provided in subsection 551(o).", "ccr_cite": "14 CCR \u00a7 551(e)", "booklet_page": 74, "wildlife_area_type": "B", "restrictions": [{"entry": 60, "label": "Closure or restriction", "verbatim": "Closed to all public uses from September 16 until the opening of waterfowl season. During the waterfowl and pheasant hunt seasons, the wildlife area is closed to all public use with the exception of Saturdays, Sundays, and Wednesdays for hunting only.", "ccr_cite": "14 CCR \u00a7 551", "booklet_table": "Closures and Restrictions on Wildlife Areas", "booklet_page": 87}], "absence_sentence": null, "name_note": null}}}, {"type": "Feature", "geometry": {"type": "MultiPolygon", "coordinates": [[[[-121.6568, 38.41582], [-121.67531, 38.41572], [-121.6753, 38.4303], [-121.68734, 38.43041], [-121.67518, 38.44394], [-121.67483, 38.45924], [-121.65679, 38.45925], [-121.65685, 38.4665], [-121.63839, 38.46658], [-121.64016, 38.48699], [-121.6304, 38.48692], [-121.6302, 38.49449], [-121.62071, 38.49448], [-121.62052, 38.51379], [-121.63885, 38.51712], [-121.63875, 38.52375], [-121.6313, 38.52374], [-121.63114, 38.53805], [-121.6388, 38.53814], [-121.63874, 38.5453], [-121.63102, 38.54516], [-121.63098, 38.55181], [-121.63897, 38.5621], [-121.58285, 38.57291], [-121.58313, 38.55125], [-121.58906, 38.538], [-121.58917, 38.51613], [-121.59317, 38.51547], [-121.59321, 38.49778], [-121.58903, 38.49779], [-121.58863, 38.47112], [-121.59818, 38.45068], [-121.60277, 38.44093], [-121.60156, 38.44476], [-121.65678, 38.44482], [-121.6568, 38.41582]]], [[[-121.61726, 38.51555], [-121.61229, 38.51576], [-121.61729, 38.51586], [-121.61726, 38.51555]]], [[[-121.60501, 38.57438], [-121.62925, 38.56886], [-121.62922, 38.57496], [-121.60501, 38.57438]]], [[[-121.58296, 38.57379], [-121.63755, 38.56401], [-121.63915, 38.56516], [-121.58336, 38.5786], [-121.58296, 38.57379]]], [[[-121.6715, 38.55766], [-121.67157, 38.55284], [-121.67301, 38.55286], [-121.67293, 38.55632], [-121.6715, 38.55766]]]]}, "properties": {"id": "295", "name": "Yolo Bypass Wildlife Area", "kind": "public_land", "land_type": "Wildlife Area", "access_verbatim": "Open; Refer to regulations or contact CDFW regional or area office prior to visit.", "link": "http://www.wildlife.ca.gov/Lands/Places-to-Visit/Yolo-Bypass-WA", "cdfw_region": 3, "hunting": {"state": "type_classified", "entry": 109, "verbatim": "(1) \u201cType A\u201d wildlife areas are defined as wildlife areas which have restricted hunter access during waterfowl season, and require a hunting pass to be purchased in advance and exchanged for an entry permit at the wildlife area, per subsections 550.5(c) and 702(b) of these regulations. Reservations are available per subsection 550.5(a) of these regulations during waterfowl season. Species open for hunting are waterfowl, coots, moorhens, snipe, pheasant, and dove, unless otherwise specified in subsection 551(s). Except as provided in subsection 551(p) and Section 552 of these regulations, shoot days are Saturdays, Sundays, and Wednesdays during waterfowl season, youth waterfowl hunt days authorized in Section 502 of these regulations, and daily during the September dove season only. All Type A wildlife areas are closed to hunting on Christmas Day.", "ccr_cite": "14 CCR \u00a7 551(e)", "booklet_page": 74, "wildlife_area_type": "A", "restrictions": [{"entry": 61, "label": "Closure or restriction", "verbatim": "Closed to all non-hunting uses from two weeks prior to opening of waterfowl season through one week after the end of waterfowl season except those areas designated for wildlife viewing purposes. Pheasant hunting is prohibited in assigned blind areas.", "ccr_cite": "14 CCR \u00a7 551", "booklet_table": "Closures and Restrictions on Wildlife Areas", "booklet_page": 87}, {"entry": 27, "label": "Waterfowl reservation", "verbatim": "Number of Hunters Per Reservation: Blinds - up to four hunters. Free roam - two adults; each adult hunter may bring up to two junior hunters or two non-shooters or one of each.; Reservation Expires: One and one-half hours before shoot time.", "ccr_cite": "14 CCR \u00a7 551(x)", "booklet_table": "Additional Waterfowl Reservation Regulations", "booklet_page": 96}], "absence_sentence": null, "name_note": null}}}], "source": {"name": "CDFW Public Access Lands (ds3077)", "verified_at": "2026-09-04"}, "hunting_source": {"name": "Fish and Game Commission, Waterfowl, Upland Game, and Lands Regulations", "url": "https://nrm.dfg.ca.gov/FileHandler.ashx?DocumentID=203137", "sha256": "77299626f3411b5cf9c966e0fc66561ba0f871c9b812ae36a86b15939de6957b", "revision": "Updated 7/1/2026", "verified_at": "2026-08-31", "snapshot": "pipeline/snapshots/pdf/2026-08-31/bird_regs_booklet.pdf"}, "access": {"label": "Access \u2014 entering the property", "note": "This is CDFW's statement about entering the property. It is not a hunting rule. What may be hunted here, if anything, is the separate statement below.", "source": "CDFW Public Access Lands (ds3077), ACCESS field, verbatim"}, "hunting_states": {"listed": {"label": "Hunting on this property", "framing": "CDFW lists this property in its lands regulations. Its rule, in CDFW's words:"}, "not_listed_prohibited": {"label": "Hunting on this property", "framing": "This ecological reserve is NOT listed in the table of reserves where hunting is a designated public use. CDFW states what that means:"}, "type_classified": {"label": "Hunting on this property", "framing": "The booklet gives this wildlife area no hunting sentence of its own. It classifies the area by type, and defines what the type means for hunting:"}, "absent": {"label": "Hunting on this property", "framing": "This app found no hunting rule for this property in the booklet's lands tables. That is a gap in what this app carries, not a statement that hunting is allowed."}}, "hunting_footer": "Season, licence, tag, method and zone rules apply here as everywhere else, and this app does not carry emergency closures. Check CDFW's page for this property before you go.", "ecological_reserve_lead_in": {"verbatim": "Unless listed and specified as allowed in the table below, hunting is prohibited on ecological reserves. Where hunting is allowed, it shall be subject to all applicable general hunting regulations and the area-specific regulations set forth in this subsection.", "ccr_cite": "14 CCR \u00a7 630(d)", "booklet_page": 106}, "wildlife_area_types": {"A": {"verbatim": "(1) \u201cType A\u201d wildlife areas are defined as wildlife areas which have restricted hunter access during waterfowl season, and require a hunting pass to be purchased in advance and exchanged for an entry permit at the wildlife area, per subsections 550.5(c) and 702(b) of these regulations. Reservations are available per subsection 550.5(a) of these regulations during waterfowl season. Species open for hunting are waterfowl, coots, moorhens, snipe, pheasant, and dove, unless otherwise specified in subsection 551(s). Except as provided in subsection 551(p) and Section 552 of these regulations, shoot days are Saturdays, Sundays, and Wednesdays during waterfowl season, youth waterfowl hunt days authorized in Section 502 of these regulations, and daily during the September dove season only. All Type A wildlife areas are closed to hunting on Christmas Day.", "ccr_cite": "14 CCR \u00a7 551(e)", "booklet_page": 74}, "B": {"verbatim": "(2) \u201cType B\u201d wildlife areas are defined as wildlife areas which have restricted hunter access during waterfowl season and require a Type A or Type B season hunting pass to be purchased in advance and presented for an entry permit at the wildlife area, per subsection 550.5(c) and Section 702 of these regulations. Reservations are required for opening weekend per subsection 550.5(a) of these regulations. Species open for hunting include waterfowl, coots, moorhens, snipe, pheasant, and dove, unless otherwise specified in subsection 551(s). Except as provided in subsection 551(p), shoot days are Saturdays, Sundays, and Wednesdays during waterfowl season and daily during the September dove season only. All Type B wildlife areas are closed to hunting on Christmas Day, except as provided in subsection 551(o).", "ccr_cite": "14 CCR \u00a7 551(e)", "booklet_page": 74}, "C": {"verbatim": "(3) \u201cType C\u201d wildlife areas are defined as wildlife areas that, except as provided in subsections 551(q) and 551(t), are open daily for hunting all legal species and do not require the purchase of a hunting pass for entry.", "ccr_cite": "14 CCR \u00a7 551(e)", "booklet_page": 74}}}