{"type": "FeatureCollection", "features": [{"type": "Feature", "geometry": {"type": "Polygon", "coordinates": [[[-118.9088, 33.36321], [-119.03671, 33.36321], [-119.03668, 33.41385], [-119.02133, 33.41606], [-119.00866, 33.41984], [-118.99824, 33.4248], [-118.9889, 33.43159], [-118.98037, 33.44049], [-118.9745, 33.44973], [-118.96902, 33.46507], [-118.96747, 33.47501], [-118.9088, 33.475], [-118.9088, 33.36321]]]}, "properties": {"id": "mpa-santa-barbara-island-federal-marine-reserve", "name": "Santa Barbara Island Federal Marine Reserve", "kind": "mpa", "designation": "FMR"}}, {"type": "Feature", "geometry": {"type": "Polygon", "coordinates": [[[-120.47001, 34.13299], [-120.47001, 34.03685], [-120.52196, 34.03686], [-120.52245, 34.04411], [-120.52172, 34.0511], [-120.52969, 34.05205], [-120.53907, 34.05423], [-120.54617, 34.05668], [-120.55344, 34.06017], [-120.56006, 34.06447], [-120.56522, 34.06883], [-120.57, 34.07397], [-120.5742, 34.08002], [-120.57899, 34.09153], [-120.58038, 34.10317], [-120.5785, 34.11475], [-120.57332, 34.12591], [-120.5656, 34.13526], [-120.55532, 34.14308], [-120.54345, 34.14867], [-120.53119, 34.15177], [-120.51848, 34.15268], [-120.50496, 34.1512], [-120.493, 34.14758], [-120.48048, 34.14138], [-120.47001, 34.13299]]]}, "properties": {"id": "mpa-richardson-rock-state-marine-reserve", "name": "Richardson Rock State Marine Reserve", "kind": "mpa", "designation": "SMR"}}, {"type": "Feature", "geometry": {"type": "Polygon", "coordinates": [[[-119.69455, 33.31195], [-119.70616, 33.3127], [-119.71719, 33.31526], [-119.72742, 33.31955], [-119.73725, 33.32599], [-119.74481, 33.33344], [-119.75045, 33.3418], [-119.75432, 33.35175], [-119.75562, 33.36129], [-119.75473, 33.37087], [-119.75159, 33.38038], [-119.74645, 33.38905], [-119.73949, 33.39667], [-119.73061, 33.40328], [-119.72074, 33.40816], [-119.70894, 33.41157], [-119.69758, 33.41283], [-119.68599, 33.41225], [-119.67491, 33.40984], [-119.66368, 33.40525], [-119.65443, 33.39929], [-119.64624, 33.39138], [-119.64061, 33.38302], [-119.63676, 33.37306], [-119.63547, 33.36352], [-119.63637, 33.35372], [-119.63948, 33.34436], [-119.64515, 33.33503], [-119.65249, 33.3273], [-119.66119, 33.32107], [-119.67132, 33.31626], [-119.68217, 33.31322], [-119.69455, 33.31195]]]}, "properties": {"id": "mpa-begg-rock-state-marine-reserve", "name": "Begg Rock State Marine Reserve", "kind": "mpa", "designation": "SMR"}}, {"type": "Feature", "geometry": {"type": "Polygon", "coordinates": [[[-120.62585, 34.73799], [-120.62294, 34.73747], [-120.61947, 34.73556], [-120.61555, 34.73229], [-120.6141, 34.72891], [-120.61213, 34.72691], [-120.6119, 34.72305], [-120.60952, 34.72206], [-120.60839, 34.72042], [-120.6086, 34.7189], [-120.60746, 34.71703], [-120.60714, 34.71428], [-120.60173, 34.71018], [-120.60094, 34.70753], [-120.601, 34.70334], [-120.6032, 34.69204], [-120.60433, 34.69013], [-120.60972, 34.67275], [-120.61883, 34.64935], [-120.62841, 34.62804], [-120.63129, 34.62397], [-120.634, 34.6164], [-120.63508, 34.61426], [-120.63619, 34.61376], [-120.63681, 34.60785], [-120.63876, 34.60717], [-120.64025, 34.60441], [-120.64164, 34.60478], [-120.64258, 34.60424], [-120.64111, 34.60158], [-120.64224, 34.60102], [-120.63989, 34.59912], [-120.64048, 34.59832], [-120.63987, 34.59692], [-120.6422, 34.58939], [-120.64326, 34.58831], [-120.64584, 34.58772], [-120.64453, 34.58625], [-120.64532, 34.58605], [-120.64477, 34.58536], [-120.64553, 34.58134], [-120.64471, 34.58022], [-120.64585, 34.57855], [-120.64892, 34.57849], [-120.64938, 34.57738], [-120.65059, 34.57694], [-120.64936, 34.577], [-120.64975, 34.57643], [-120.64806, 34.57738], [-120.64786, 34.57674], [-120.6453, 34.57739], [-120.64375, 34.57667], [-120.6436, 34.57551], [-120.64231, 34.57581], [-120.64328, 34.57496], [-120.64156, 34.57347], [-120.64196, 34.57345], [-120.64193, 34.57312], [-120.64115, 34.57313], [-120.64182, 34.5729], [-120.63808, 34.57192], [-120.63916, 34.57081], [-120.63812, 34.57062], [-120.63801, 34.56994], [-120.63909, 34.56703], [-120.63773, 34.5664], [-120.63718, 34.56503], [-120.63792, 34.56404], [-120.6399, 34.56382], [-120.6359, 34.5627], [-120.63553, 34.56191], [-120.63622, 34.56059], [-120.63524, 34.56174], [-120.63253, 34.56165], [-120.62829, 34.55786], [-120.6247, 34.55603], [-120.62376, 34.55418], [-120.66669, 34.55418], [-120.66669, 34.74418], [-120.62952, 34.74418], [-120.62712, 34.74139], [-120.62585, 34.73799]]]}, "properties": {"id": "mpa-vandenberg-state-marine-reserve", "name": "Vandenberg State Marine Reserve", "kind": "mpa", "designation": "SMR"}}, {"type": "Feature", "geometry": {"type": "Polygon", "coordinates": [[[-120.47001, 34.17333], [-120.47001, 34.13299], [-120.47565, 34.138], [-120.48218, 34.1424], [-120.49782, 34.14933], [-120.51323, 34.15242], [-120.5218, 34.15266], [-120.53008, 34.15194], [-120.53752, 34.15046], [-120.54552, 34.1479], [-120.55272, 34.14457], [-120.55966, 34.1402], [-120.5656, 34.13526], [-120.57066, 34.12968], [-120.57473, 34.12356], [-120.57742, 34.11787], [-120.58006, 34.10753], [-120.58005, 34.09706], [-120.57739, 34.08659], [-120.57223, 34.07694], [-120.56309, 34.0669], [-120.55168, 34.05922], [-120.53807, 34.05396], [-120.52172, 34.0511], [-120.52245, 34.04411], [-120.52196, 34.03686], [-120.60484, 34.03685], [-120.60484, 34.17333], [-120.47001, 34.17333]]]}, "properties": {"id": "mpa-richardson-rock-federal-marine-reserve", "name": "Richardson Rock Federal Marine Reserve", "kind": "mpa", "designation": "FMR"}}, {"type": "Feature", "geometry": {"type": "Polygon", "coordinates": [[[-120.30668, 34.10537], [-120.30668, 34.02925], [-120.31004, 34.03023], [-120.3105, 34.03194], [-120.31324, 34.03414], [-120.31305, 34.03618], [-120.31693, 34.03982], [-120.31858, 34.04013], [-120.31943, 34.0417], [-120.32441, 34.04276], [-120.32509, 34.04433], [-120.32758, 34.0445], [-120.32871, 34.04704], [-120.33166, 34.04893], [-120.33643, 34.04869], [-120.35809, 34.06085], [-120.35881, 34.06227], [-120.35819, 34.06309], [-120.35831, 34.0659], [-120.36179, 34.06739], [-120.36219, 34.06858], [-120.36137, 34.0689], [-120.36286, 34.06952], [-120.36155, 34.07092], [-120.3626, 34.07182], [-120.3621, 34.07371], [-120.36512, 34.07319], [-120.36819, 34.07626], [-120.37, 34.0747], [-120.36828, 34.07436], [-120.36766, 34.07262], [-120.36579, 34.07163], [-120.36639, 34.07013], [-120.36854, 34.06881], [-120.36825, 34.06727], [-120.37073, 34.0659], [-120.37791, 34.05967], [-120.38166, 34.05812], [-120.38185, 34.05671], [-120.38333, 34.0555], [-120.38516, 34.05439], [-120.38631, 34.05488], [-120.38649, 34.05373], [-120.38835, 34.05267], [-120.38835, 34.15475], [-120.37428, 34.15156], [-120.36129, 34.14557], [-120.35411, 34.14046], [-120.34797, 34.13449], [-120.34298, 34.12771], [-120.33961, 34.12104], [-120.32812, 34.11556], [-120.31764, 34.10861], [-120.30668, 34.10537]]]}, "properties": {"id": "mpa-harris-point-state-marine-reserve", "name": "Harris Point State Marine Reserve", "kind": "mpa", "designation": "SMR"}}, {"type": "Feature", "geometry": {"type": "Polygon", "coordinates": [[[-120.30671, 34.20493], [-120.30668, 34.10537], [-120.31764, 34.10861], [-120.32812, 34.11556], [-120.33961, 34.12104], [-120.34298, 34.12771], [-120.34797, 34.13449], [-120.35411, 34.14046], [-120.36129, 34.14557], [-120.37428, 34.15156], [-120.38835, 34.15475], [-120.38831, 34.20493], [-120.30671, 34.20493]]]}, "properties": {"id": "mpa-harris-point-federal-marine-reserve", "name": "Harris Point Federal Marine Reserve", "kind": "mpa", "designation": "FMR"}}, {"type": "Feature", "geometry": {"type": "Polygon", "coordinates": [[[-121.93335, 36.85001], [-121.93335, 36.8], [-122.04613, 36.8], [-122.06089, 36.85001], [-121.93335, 36.85001]]]}, "properties": {"id": "mpa-soquel-canyon-state-marine-conservation-area", "name": "Soquel Canyon State Marine Conservation Area", "kind": "mpa", "designation": "SMCA"}}, {"type": "Feature", "geometry": {"type": "Polygon", "coordinates": [[[-120.41668, 34.45311], [-120.41668, 34.39937], [-120.42023, 34.39917], [-120.42731, 34.39608], [-120.43523, 34.39369], [-120.45053, 34.39164], [-120.4652, 34.3927], [-120.49143, 34.39911], [-120.50205, 34.40293], [-120.5116, 34.40837], [-120.52038, 34.4159], [-120.52708, 34.42477], [-120.5336, 34.43906], [-120.53587, 34.45], [-120.47138, 34.45], [-120.47196, 34.44841], [-120.47065, 34.4483], [-120.46873, 34.44956], [-120.46809, 34.44856], [-120.46499, 34.44914], [-120.46159, 34.4476], [-120.46008, 34.44767], [-120.45839, 34.44621], [-120.4587, 34.44456], [-120.45709, 34.44498], [-120.45648, 34.44333], [-120.45408, 34.44315], [-120.45279, 34.44227], [-120.452, 34.44291], [-120.45272, 34.44508], [-120.45231, 34.44638], [-120.44989, 34.44803], [-120.4459, 34.4493], [-120.44519, 34.45086], [-120.44364, 34.4515], [-120.43622, 34.45173], [-120.42316, 34.44977], [-120.42002, 34.45065], [-120.41854, 34.45277], [-120.41668, 34.45311]]]}, "properties": {"id": "mpa-point-conception-state-marine-reserve", "name": "Point Conception State Marine Reserve", "kind": "mpa", "designation": "SMR"}}, {"type": "Feature", "geometry": {"type": "Polygon", "coordinates": [[[-119.43312, 33.90199], [-119.5161, 33.90199], [-119.5161, 33.95873], [-119.51047, 33.96329], [-119.49996, 33.97369], [-119.4926, 33.98332], [-119.48393, 33.9757], [-119.47455, 33.97013], [-119.44712, 33.95805], [-119.43313, 33.95448], [-119.43312, 33.90199]]]}, "properties": {"id": "mpa-footprint-federal-marine-reserve", "name": "Footprint Federal Marine Reserve", "kind": "mpa", "designation": "FMR"}}, {"type": "Feature", "geometry": {"type": "Polygon", "coordinates": [[[-119.84348, 33.97014], [-119.83461, 33.96975], [-119.82601, 33.96696], [-119.81926, 33.96299], [-119.81816, 33.95995], [-119.81539, 33.96158], [-119.81098, 33.96189], [-119.80725, 33.96337], [-119.80274, 33.96376], [-119.80001, 33.96282], [-119.80001, 33.90423], [-119.80985, 33.90126], [-119.82121, 33.89968], [-119.83196, 33.89983], [-119.84244, 33.90153], [-119.85127, 33.90428], [-119.85867, 33.90771], [-119.86537, 33.91191], [-119.87166, 33.9172], [-119.88335, 33.92355], [-119.88335, 33.96667], [-119.85001, 33.96667], [-119.84938, 33.96792], [-119.8471, 33.96815], [-119.84348, 33.97014]]]}, "properties": {"id": "mpa-gull-island-state-marine-reserve", "name": "Gull Island State Marine Reserve", "kind": "mpa", "designation": "SMR"}}, {"type": "Feature", "geometry": {"type": "Polygon", "coordinates": [[[-123.83291, 39.73773], [-123.83481, 39.73894], [-123.83427, 39.73834], [-123.90298, 39.73834], [-123.90739, 39.75392], [-123.9085, 39.76084], [-123.90844, 39.7676], [-123.90631, 39.78271], [-123.91076, 39.79229], [-123.91285, 39.79936], [-123.93126, 39.80834], [-123.84523, 39.80834], [-123.84613, 39.80797], [-123.84609, 39.80683], [-123.84363, 39.8059], [-123.84313, 39.80225], [-123.84137, 39.801], [-123.83926, 39.79515], [-123.83922, 39.7914], [-123.83803, 39.78728], [-123.83709, 39.77887], [-123.83685, 39.77172], [-123.83785, 39.76913], [-123.8374, 39.76493], [-123.83825, 39.76346], [-123.83743, 39.7587], [-123.83835, 39.75744], [-123.83924, 39.75751], [-123.83701, 39.75558], [-123.83781, 39.75464], [-123.83718, 39.75328], [-123.83774, 39.75203], [-123.83508, 39.75061], [-123.83222, 39.74459], [-123.83187, 39.74203], [-123.83258, 39.74163], [-123.83146, 39.74119], [-123.83205, 39.74052], [-123.83122, 39.73983], [-123.83291, 39.73773]], [[-123.84559, 39.80347], [-123.84548, 39.80353], [-123.84553, 39.80356], [-123.84559, 39.80347]], [[-123.84366, 39.80258], [-123.8435, 39.80266], [-123.84359, 39.80273], [-123.84366, 39.80258]], [[-123.84376, 39.80227], [-123.84366, 39.80219], [-123.84364, 39.80227], [-123.84376, 39.80227]], [[-123.83957, 39.77767], [-123.83951, 39.77773], [-123.83959, 39.77769], [-123.83957, 39.77767]], [[-123.84008, 39.76943], [-123.84001, 39.76942], [-123.84004, 39.76945], [-123.84008, 39.76943]], [[-123.83862, 39.7694], [-123.83858, 39.76939], [-123.8386, 39.76941], [-123.83862, 39.7694]], [[-123.83855, 39.7692], [-123.83846, 39.76926], [-123.83852, 39.76927], [-123.83855, 39.7692]], [[-123.83907, 39.7691], [-123.83902, 39.76914], [-123.83909, 39.76913], [-123.83907, 39.7691]], [[-123.83852, 39.76908], [-123.83843, 39.76912], [-123.83853, 39.76911], [-123.83852, 39.76908]], [[-123.84038, 39.76866], [-123.84032, 39.76861], [-123.84031, 39.76864], [-123.84038, 39.76866]], [[-123.83834, 39.7671], [-123.83824, 39.76704], [-123.83819, 39.76708], [-123.83834, 39.7671]], [[-123.8409, 39.76455], [-123.8408, 39.76467], [-123.84085, 39.76468], [-123.8409, 39.76455]], [[-123.83902, 39.76432], [-123.83892, 39.76434], [-123.83903, 39.76435], [-123.83902, 39.76432]], [[-123.84021, 39.76407], [-123.83989, 39.76408], [-123.84017, 39.76418], [-123.84021, 39.76407]], [[-123.83975, 39.76393], [-123.83967, 39.76397], [-123.83979, 39.76399], [-123.83975, 39.76393]], [[-123.83841, 39.7634], [-123.83837, 39.76348], [-123.83847, 39.76343], [-123.83841, 39.7634]], [[-123.83992, 39.76186], [-123.83978, 39.76192], [-123.83991, 39.76196], [-123.83992, 39.76186]], [[-123.83885, 39.76085], [-123.8388, 39.7609], [-123.83886, 39.76089], [-123.83885, 39.76085]], [[-123.8407, 39.76025], [-123.84025, 39.76025], [-123.84077, 39.76059], [-123.8407, 39.76025]], [[-123.83928, 39.76051], [-123.83924, 39.76054], [-123.83931, 39.76053], [-123.83928, 39.76051]], [[-123.83889, 39.75985], [-123.83879, 39.75986], [-123.83891, 39.75988], [-123.83889, 39.75985]], [[-123.83925, 39.75673], [-123.83916, 39.7567], [-123.8392, 39.75677], [-123.83925, 39.75673]], [[-123.83905, 39.75661], [-123.83894, 39.75656], [-123.83896, 39.75662], [-123.83905, 39.75661]], [[-123.83791, 39.75599], [-123.83781, 39.75594], [-123.83783, 39.75598], [-123.83791, 39.75599]], [[-123.83859, 39.75533], [-123.83846, 39.75545], [-123.83865, 39.75551], [-123.83859, 39.75533]], [[-123.83847, 39.75484], [-123.83807, 39.75473], [-123.8385, 39.75501], [-123.83847, 39.75484]], [[-123.83921, 39.75444], [-123.83901, 39.75443], [-123.8393, 39.75459], [-123.83921, 39.75444]], [[-123.83954, 39.75446], [-123.83946, 39.75456], [-123.83958, 39.75455], [-123.83954, 39.75446]], [[-123.83872, 39.75481], [-123.83851, 39.75471], [-123.83874, 39.75489], [-123.83872, 39.75481]], [[-123.83908, 39.75477], [-123.83899, 39.75489], [-123.83911, 39.75489], [-123.83908, 39.75477]], [[-123.84025, 39.75413], [-123.84016, 39.75412], [-123.84024, 39.75415], [-123.84025, 39.75413]], [[-123.83785, 39.7537], [-123.83773, 39.75369], [-123.83786, 39.75378], [-123.83785, 39.7537]], [[-123.83842, 39.75358], [-123.83838, 39.75357], [-123.83839, 39.7536], [-123.83842, 39.75358]], [[-123.83809, 39.75252], [-123.838, 39.75279], [-123.83815, 39.75281], [-123.83809, 39.75252]], [[-123.83734, 39.75139], [-123.83712, 39.7513], [-123.83728, 39.75153], [-123.83734, 39.75139]], [[-123.83676, 39.75134], [-123.83668, 39.75134], [-123.83671, 39.75139], [-123.83676, 39.75134]], [[-123.83753, 39.74932], [-123.83736, 39.7492], [-123.83742, 39.74938], [-123.83753, 39.74932]], [[-123.83791, 39.74106], [-123.83789, 39.74115], [-123.83795, 39.74112], [-123.83791, 39.74106]], [[-123.83783, 39.74111], [-123.83777, 39.74112], [-123.83782, 39.74115], [-123.83783, 39.74111]], [[-123.83397, 39.74054], [-123.83383, 39.74053], [-123.83379, 39.74057], [-123.83397, 39.74054]]]}, "properties": {"id": "mpa-double-cone-rock-state-marine-conservation-area", "name": "Double Cone Rock State Marine Conservation Area", "kind": "mpa", "designation": "SMCA"}}, {"type": "Feature", "geometry": {"type": "Polygon", "coordinates": [[[-123.11668, 37.76167], [-123.11668, 37.82241], [-123.10652, 37.82303], [-123.09774, 37.82255], [-123.08913, 37.82109], [-123.08086, 37.8187], [-123.07309, 37.81542], [-123.0555, 37.806], [-123.04586, 37.79886], [-123.03777, 37.78952], [-123.03234, 37.77833], [-123.01861, 37.77724], [-123.00607, 37.774], [-122.99466, 37.76877], [-122.98476, 37.76167], [-123.11668, 37.76167]], [[-123.10701, 37.77279], [-123.10684, 37.77285], [-123.107, 37.77289], [-123.10701, 37.77279]], [[-123.10761, 37.77095], [-123.10698, 37.77111], [-123.10678, 37.77159], [-123.10735, 37.77226], [-123.10761, 37.77095]], [[-123.10815, 37.77194], [-123.10795, 37.77195], [-123.10799, 37.77204], [-123.10815, 37.77194]], [[-123.10812, 37.77092], [-123.10784, 37.77078], [-123.10781, 37.77084], [-123.10812, 37.77092]], [[-123.09916, 37.76699], [-123.0988, 37.76755], [-123.09918, 37.76792], [-123.0997, 37.7675], [-123.09916, 37.76699]], [[-123.10109, 37.7669], [-123.09992, 37.76686], [-123.09986, 37.76705], [-123.10109, 37.7669]], [[-123.09844, 37.7666], [-123.09826, 37.76654], [-123.09826, 37.76657], [-123.09844, 37.7666]], [[-123.09437, 37.7657], [-123.09441, 37.76556], [-123.09432, 37.76559], [-123.09437, 37.7657]], [[-123.09853, 37.76534], [-123.09836, 37.76545], [-123.09852, 37.76537], [-123.09853, 37.76534]], [[-123.09513, 37.76462], [-123.09482, 37.76456], [-123.09483, 37.76463], [-123.09513, 37.76462]], [[-123.098, 37.76383], [-123.09837, 37.76435], [-123.09909, 37.76424], [-123.09848, 37.76393], [-123.098, 37.76383]]]}, "properties": {"id": "mpa-north-farallon-islands-state-marine-reserve", "name": "North Farallon Islands State Marine Reserve", "kind": "mpa", "designation": "SMR"}}, {"type": "Feature", "geometry": {"type": "Polygon", "coordinates": [[[-118.88335, 34.03844], [-118.87366, 34.03794], [-118.86175, 34.03445], [-118.86002, 34.0356], [-118.85631, 34.03517], [-118.85004, 34.03312], [-118.8392, 34.02707], [-118.82001, 34.013], [-118.82001, 33.94933], [-118.83287, 33.95292], [-118.84583, 33.95961], [-118.85472, 33.96701], [-118.86452, 33.97862], [-118.87298, 33.98532], [-118.88335, 33.98568], [-118.88335, 34.03844]]]}, "properties": {"id": "mpa-point-dume-state-marine-conservation-area", "name": "Point Dume State Marine Conservation Area", "kind": "mpa", "designation": "SMCA"}}, {"type": "Feature", "geometry": {"type": "Polygon", "coordinates": [[[-118.41147, 33.74117], [-118.405, 33.74141], [-118.40286, 33.74054], [-118.40262, 33.73888], [-118.40118, 33.73873], [-118.39932, 33.73649], [-118.39668, 33.73664], [-118.39668, 33.68592], [-118.41273, 33.68711], [-118.4321, 33.69152], [-118.44263, 33.69535], [-118.45222, 33.70087], [-118.46023, 33.70768], [-118.46616, 33.71501], [-118.47075, 33.72382], [-118.47389, 33.7354], [-118.47826, 33.74049], [-118.4822, 33.74667], [-118.41346, 33.74667], [-118.41095, 33.74326], [-118.41147, 33.74117]]]}, "properties": {"id": "mpa-point-vicente-state-marine-conservation-area", "name": "Point Vicente State Marine Conservation Area", "kind": "mpa", "designation": "SMCA (No-Take)"}}, {"type": "Feature", "geometry": {"type": "Polygon", "coordinates": [[[-121.63255, 36.11486], [-121.63021, 36.11237], [-121.63004, 36.11049], [-121.62599, 36.10757], [-121.62626, 36.10553], [-121.62309, 36.10297], [-121.62301, 36.10149], [-121.62112, 36.09784], [-121.62122, 36.0953], [-121.61941, 36.09294], [-121.61969, 36.09177], [-121.61832, 36.08974], [-121.619, 36.08655], [-121.61428, 36.0834], [-121.61407, 36.08253], [-121.61485, 36.08209], [-121.61362, 36.08206], [-121.61403, 36.08122], [-121.61345, 36.08019], [-121.61256, 36.08016], [-121.61269, 36.07944], [-121.61149, 36.07909], [-121.61175, 36.0785], [-121.6083, 36.0767], [-121.60828, 36.07597], [-121.60704, 36.07526], [-121.60763, 36.07431], [-121.60672, 36.07209], [-121.60189, 36.0696], [-121.5992, 36.06948], [-121.59275, 36.06524], [-121.59188, 36.06045], [-121.59189, 36.05905], [-121.59282, 36.05802], [-121.59236, 36.05612], [-121.59088, 36.05566], [-121.58888, 36.05312], [-121.59008, 36.0503], [-121.59088, 36.04972], [-121.59179, 36.05011], [-121.58994, 36.0479], [-121.58648, 36.04565], [-121.58564, 36.04417], [-121.66092, 36.04418], [-121.66447, 36.04886], [-121.68099, 36.07492], [-121.68508, 36.08533], [-121.68705, 36.08667], [-121.63335, 36.08667], [-121.65001, 36.12], [-121.63281, 36.12], [-121.63275, 36.11846], [-121.63175, 36.11708], [-121.63255, 36.11486]]]}, "properties": {"id": "mpa-big-creek-state-marine-reserve", "name": "Big Creek State Marine Reserve", "kind": "mpa", "designation": "SMR"}}, {"type": "Feature", "geometry": {"type": "Polygon", "coordinates": [[[-119.82673, 33.89957], [-119.81291, 33.90065], [-119.80001, 33.90423], [-119.80001, 33.86195], [-119.88331, 33.86195], [-119.88335, 33.92355], [-119.87166, 33.9172], [-119.86126, 33.90919], [-119.85315, 33.90505], [-119.84041, 33.90108], [-119.82673, 33.89957]]]}, "properties": {"id": "mpa-gull-island-federal-marine-reserve", "name": "Gull Island Federal Marine Reserve", "kind": "mpa", "designation": "FMR"}}, {"type": "Feature", "geometry": {"type": "Polygon", "coordinates": [[[-124.20707, 41.95838], [-124.28504, 41.95834], [-124.28759, 41.96526], [-124.29662, 41.97364], [-124.30212, 41.98033], [-124.30539, 41.98593], [-124.30794, 41.99251], [-124.31832, 41.99522], [-124.33026, 42.00001], [-124.21226, 42.00001], [-124.21023, 41.99617], [-124.20866, 41.98882], [-124.20614, 41.9871], [-124.20492, 41.98132], [-124.20545, 41.96742], [-124.20707, 41.95838]]]}, "properties": {"id": "mpa-pyramid-point-state-marine-conservation-area", "name": "Pyramid Point State Marine Conservation Area", "kind": "mpa", "designation": "SMCA"}}, {"type": "Feature", "geometry": {"type": "Polygon", "coordinates": [[[-120.16013, 33.91627], [-120.15657, 33.91271], [-120.15168, 33.91276], [-120.15091, 33.91149], [-120.14704, 33.9099], [-120.147, 33.9092], [-120.14443, 33.90813], [-120.14236, 33.90611], [-120.14041, 33.90583], [-120.13619, 33.90226], [-120.13467, 33.90282], [-120.13291, 33.90235], [-120.12789, 33.89924], [-120.12532, 33.89856], [-120.12453, 33.89718], [-120.12182, 33.89605], [-120.12163, 33.89515], [-120.11967, 33.89445], [-120.1183, 33.89498], [-120.11708, 33.89435], [-120.11361, 33.89454], [-120.10835, 33.89667], [-120.10835, 33.84412], [-120.12381, 33.84408], [-120.13617, 33.8459], [-120.14812, 33.8499], [-120.15784, 33.85484], [-120.16668, 33.85829], [-120.16668, 33.9169], [-120.16454, 33.91613], [-120.16432, 33.91704], [-120.16304, 33.91724], [-120.16013, 33.91627]]]}, "properties": {"id": "mpa-south-point-state-marine-reserve", "name": "South Point State Marine Reserve", "kind": "mpa", "designation": "SMR"}}, {"type": "Feature", "geometry": {"type": "Polygon", "coordinates": [[[-124.15527, 40.88211], [-124.1634, 40.86667], [-124.23709, 40.86667], [-124.22605, 40.88532], [-124.22352, 40.89205], [-124.2113, 40.91667], [-124.14055, 40.91667], [-124.14742, 40.89897], [-124.15527, 40.88211]]]}, "properties": {"id": "mpa-samoa-state-marine-conservation-area", "name": "Samoa State Marine Conservation Area", "kind": "mpa", "designation": "SMCA"}}, {"type": "Feature", "geometry": {"type": "Polygon", "coordinates": [[[-123.0007, 37.64335], [-123.01503, 37.64404], [-123.02786, 37.64698], [-123.04527, 37.65451], [-123.05485, 37.66035], [-123.0618, 37.66635], [-123.06797, 37.67373], [-123.07298, 37.68246], [-123.07585, 37.69184], [-123.08445, 37.69996], [-123.09105, 37.71001], [-123.03336, 37.71001], [-123.03336, 37.67501], [-122.99169, 37.67501], [-122.99169, 37.64425], [-123.0007, 37.64335]]]}, "properties": {"id": "mpa-southeast-farallon-island-state-marine-conservation-area", "name": "Southeast Farallon Island State Marine Conservation Area", "kind": "mpa", "designation": "SMCA"}}, {"type": "Feature", "geometry": {"type": "Polygon", "coordinates": [[[-120.01668, 34.06667], [-120.01668, 34.00834], [-120.04885, 34.00834], [-120.04929, 34.01147], [-120.05057, 34.01319], [-120.0496, 34.01724], [-120.04821, 34.01829], [-120.04779, 34.02122], [-120.04471, 34.02337], [-120.04398, 34.02467], [-120.04452, 34.0253], [-120.0431, 34.02755], [-120.04519, 34.03111], [-120.04329, 34.03568], [-120.04635, 34.03664], [-120.04784, 34.03642], [-120.0481, 34.03576], [-120.04919, 34.03631], [-120.04923, 34.03558], [-120.04978, 34.03626], [-120.05013, 34.03518], [-120.05122, 34.03669], [-120.05198, 34.03622], [-120.05195, 34.03686], [-120.05357, 34.03742], [-120.05714, 34.03734], [-120.06188, 34.03383], [-120.06139, 34.03228], [-120.06315, 34.03078], [-120.0671, 34.02878], [-120.06929, 34.02846], [-120.0704, 34.02915], [-120.07072, 34.02793], [-120.07134, 34.02816], [-120.07195, 34.02764], [-120.0713, 34.02746], [-120.07227, 34.02727], [-120.07204, 34.02602], [-120.07375, 34.02534], [-120.07395, 34.02412], [-120.07946, 34.02306], [-120.08127, 34.02185], [-120.08668, 34.02134], [-120.08668, 34.06667], [-120.01668, 34.06667]]]}, "properties": {"id": "mpa-carrington-point-state-marine-reserve", "name": "Carrington Point State Marine Reserve", "kind": "mpa", "designation": "SMR"}}, {"type": "Feature", "geometry": {"type": "Polygon", "coordinates": [[[-118.96747, 33.47501], [-118.96926, 33.46422], [-118.97531, 33.44812], [-118.98096, 33.43976], [-118.98953, 33.43103], [-118.9991, 33.4243], [-119.00962, 33.41949], [-119.02133, 33.41606], [-119.03668, 33.41385], [-119.03668, 33.46517], [-119.0354, 33.46606], [-119.03299, 33.46603], [-119.03099, 33.4687], [-119.03115, 33.47356], [-119.03023, 33.47501], [-118.96747, 33.47501]]]}, "properties": {"id": "mpa-santa-barbara-island-state-marine-reserve", "name": "Santa Barbara Island State Marine Reserve", "kind": "mpa", "designation": "SMR"}}, {"type": "Feature", "geometry": {"type": "Polygon", "coordinates": [[[-117.28204, 33.01634], [-117.28096, 33.01634], [-117.28126, 33.01515], [-117.27904, 33.00919], [-117.27831, 33.0], [-117.33998, 33.0], [-117.34209, 33.00417], [-117.34878, 33.01242], [-117.35256, 33.01926], [-117.35499, 33.02594], [-117.35754, 33.03681], [-117.3624, 33.04834], [-117.2988, 33.04834], [-117.29569, 33.03711], [-117.2914, 33.03357], [-117.28204, 33.01634]]]}, "properties": {"id": "mpa-swami's-state-marine-conservation-area", "name": "Swami's State Marine Conservation Area", "kind": "mpa", "designation": "SMCA"}}, {"type": "Feature", "geometry": {"type": "Polygon", "coordinates": [[[-123.06169, 38.29971], [-123.05851, 38.29884], [-123.05851, 38.22234], [-123.09336, 38.25486], [-123.10438, 38.26135], [-123.11594, 38.2713], [-123.12298, 38.28017], [-123.12739, 38.28944], [-123.13568, 38.30001], [-123.06169, 38.29971]]]}, "properties": {"id": "mpa-bodega-head-state-marine-conservation-area", "name": "Bodega Head State Marine Conservation Area", "kind": "mpa", "designation": "SMCA"}}, {"type": "Feature", "geometry": {"type": "Polygon", "coordinates": [[[-122.95568, 37.9395], [-122.97672, 37.939], [-122.98954, 37.94115], [-123.02265, 37.94371], [-123.03335, 37.9452], [-123.03335, 37.98334], [-122.95568, 37.98334], [-122.95568, 37.9395]]]}, "properties": {"id": "mpa-point-reyes-state-marine-conservation-area", "name": "Point Reyes State Marine Conservation Area", "kind": "mpa", "designation": "SMCA"}}, {"type": "Feature", "geometry": {"type": "Polygon", "coordinates": [[[-120.93335, 35.25417], [-120.87336, 35.18334], [-120.91916, 35.18334], [-120.9351, 35.19805], [-120.93976, 35.20453], [-120.94389, 35.213], [-120.95072, 35.22101], [-120.9599, 35.23539], [-120.96331, 35.24429], [-120.96465, 35.25418], [-120.93335, 35.25417]]]}, "properties": {"id": "mpa-point-buchon-state-marine-conservation-area", "name": "Point Buchon State Marine Conservation Area", "kind": "mpa", "designation": "SMCA"}}, {"type": "Feature", "geometry": {"type": "Polygon", "coordinates": [[[-122.27001, 37.07834], [-122.26641, 37.07888], [-122.26449, 37.07818], [-122.26268, 37.07496], [-122.26226, 37.07516], [-122.26263, 37.07399], [-122.26148, 37.07338], [-122.26187, 37.07272], [-122.26073, 37.0731], [-122.25998, 37.07128], [-122.25903, 37.07114], [-122.25963, 37.07079], [-122.25902, 37.07005], [-122.25974, 37.06987], [-122.25966, 37.06923], [-122.25896, 37.06894], [-122.25878, 37.06963], [-122.25816, 37.06846], [-122.25647, 37.06761], [-122.25595, 37.06552], [-122.25319, 37.06185], [-122.25364, 37.06042], [-122.25091, 37.05821], [-122.24679, 37.05674], [-122.24275, 37.05144], [-122.23823, 37.04816], [-122.23718, 37.0463], [-122.23316, 37.04284], [-122.31608, 37.04284], [-122.32539, 37.0545], [-122.33665, 37.05565], [-122.35001, 37.05867], [-122.35001, 37.07834], [-122.27001, 37.07834]]]}, "properties": {"id": "mpa-greyhound-rock-state-marine-conservation-area", "name": "Greyhound Rock State Marine Conservation Area", "kind": "mpa", "designation": "SMCA"}}, {"type": "Feature", "geometry": {"type": "Polygon", "coordinates": [[[-124.08527, 41.32294], [-124.086, 41.32251], [-124.08487, 41.32092], [-124.08743, 41.31233], [-124.08759, 41.30782], [-124.09138, 41.2965], [-124.09134, 41.29377], [-124.09, 41.29334], [-124.16668, 41.29334], [-124.16668, 41.335], [-124.08186, 41.335], [-124.08527, 41.32294]]]}, "properties": {"id": "mpa-reading-rock-state-marine-conservation-area", "name": "Reading Rock State Marine Conservation Area", "kind": "mpa", "designation": "SMCA"}}, {"type": "Feature", "geometry": {"type": "Polygon", "coordinates": [[[-123.84267, 39.55501], [-123.84445, 39.56307], [-123.84666, 39.56864], [-123.85584, 39.58737], [-123.858, 39.59834], [-123.7874, 39.59834], [-123.78776, 39.5975], [-123.78636, 39.59552], [-123.78464, 39.59451], [-123.78376, 39.59362], [-123.78482, 39.59352], [-123.78412, 39.59239], [-123.78467, 39.59294], [-123.78567, 39.5932], [-123.78442, 39.5924], [-123.7861, 39.5928], [-123.78601, 39.59226], [-123.78449, 39.5916], [-123.78521, 39.59151], [-123.78471, 39.59076], [-123.78436, 39.59157], [-123.78386, 39.59082], [-123.78362, 39.59152], [-123.78292, 39.5912], [-123.78326, 39.5908], [-123.78233, 39.5902], [-123.78336, 39.58996], [-123.78105, 39.58921], [-123.78131, 39.58842], [-123.78019, 39.58759], [-123.78078, 39.58752], [-123.78058, 39.58695], [-123.78146, 39.58818], [-123.78218, 39.58815], [-123.78234, 39.58798], [-123.77873, 39.58487], [-123.77719, 39.58438], [-123.77769, 39.58287], [-123.77726, 39.58139], [-123.77781, 39.58093], [-123.7771, 39.58013], [-123.77771, 39.57959], [-123.77636, 39.57931], [-123.77626, 39.57847], [-123.77715, 39.57835], [-123.77702, 39.57754], [-123.77884, 39.57819], [-123.77659, 39.57629], [-123.77813, 39.57575], [-123.77505, 39.57299], [-123.77305, 39.57238], [-123.77181, 39.56848], [-123.76749, 39.56467], [-123.76741, 39.56295], [-123.76838, 39.56218], [-123.76953, 39.56262], [-123.76858, 39.56128], [-123.76767, 39.56162], [-123.76688, 39.56022], [-123.76749, 39.5606], [-123.76813, 39.56045], [-123.76642, 39.55933], [-123.76693, 39.55501], [-123.84267, 39.55501]], [[-123.78501, 39.59445], [-123.78482, 39.59438], [-123.78494, 39.59458], [-123.78501, 39.59445]], [[-123.78568, 39.5942], [-123.78536, 39.59428], [-123.78565, 39.59424], [-123.78568, 39.5942]], [[-123.78515, 39.59346], [-123.78508, 39.59352], [-123.78518, 39.5935], [-123.78515, 39.59346]], [[-123.78229, 39.58269], [-123.78203, 39.58272], [-123.78226, 39.58276], [-123.78229, 39.58269]], [[-123.7816, 39.58225], [-123.78143, 39.58229], [-123.78166, 39.58236], [-123.7816, 39.58225]], [[-123.77842, 39.58066], [-123.77806, 39.58062], [-123.77847, 39.58077], [-123.77842, 39.58066]], [[-123.78073, 39.57983], [-123.78112, 39.58045], [-123.78152, 39.58046], [-123.78123, 39.58], [-123.78073, 39.57983]], [[-123.77907, 39.57457], [-123.77873, 39.57458], [-123.77875, 39.57465], [-123.77907, 39.57457]], [[-123.77841, 39.57436], [-123.77827, 39.57437], [-123.77839, 39.57444], [-123.77841, 39.57436]], [[-123.77807, 39.57424], [-123.77791, 39.57423], [-123.77806, 39.57427], [-123.77807, 39.57424]], [[-123.77667, 39.57313], [-123.77652, 39.57317], [-123.77665, 39.57319], [-123.77667, 39.57313]], [[-123.77757, 39.5728], [-123.77721, 39.57294], [-123.77754, 39.57309], [-123.77757, 39.5728]], [[-123.77443, 39.5695], [-123.7741, 39.5695], [-123.77459, 39.56963], [-123.77443, 39.5695]], [[-123.77464, 39.56823], [-123.77357, 39.56755], [-123.773, 39.56785], [-123.77464, 39.56823]], [[-123.7727, 39.56649], [-123.77235, 39.56657], [-123.77265, 39.56689], [-123.7727, 39.56649]], [[-123.77095, 39.56673], [-123.7708, 39.5667], [-123.77088, 39.5668], [-123.77095, 39.56673]], [[-123.77235, 39.56605], [-123.7721, 39.56612], [-123.77224, 39.56627], [-123.77235, 39.56605]], [[-123.77077, 39.56509], [-123.77033, 39.56525], [-123.77083, 39.56554], [-123.77077, 39.56509]], [[-123.76909, 39.56074], [-123.76883, 39.56089], [-123.76914, 39.5609], [-123.76909, 39.56074]]]}, "properties": {"id": "mpa-ten-mile-state-marine-reserve", "name": "Ten Mile State Marine Reserve", "kind": "mpa", "designation": "SMR"}}, {"type": "Feature", "geometry": {"type": "Polygon", "coordinates": [[[-122.51668, 37.54501], [-122.51738, 37.54304], [-122.51694, 37.54126], [-122.51748, 37.54126], [-122.51692, 37.54083], [-122.51743, 37.54011], [-122.51836, 37.54024], [-122.51828, 37.53781], [-122.51954, 37.53734], [-122.5199, 37.53623], [-122.51924, 37.53484], [-122.51959, 37.53356], [-122.51693, 37.52971], [-122.51716, 37.52855], [-122.51804, 37.5281], [-122.51689, 37.52694], [-122.51686, 37.52539], [-122.51775, 37.52419], [-122.51704, 37.52196], [-122.51398, 37.51963], [-122.51203, 37.51397], [-122.50464, 37.50648], [-122.50008, 37.5034], [-122.49847, 37.50105], [-122.49868, 37.50001], [-122.57681, 37.50001], [-122.57811, 37.50464], [-122.58239, 37.51431], [-122.5843, 37.52291], [-122.58431, 37.53163], [-122.58181, 37.54501], [-122.51668, 37.54501]]]}, "properties": {"id": "mpa-montara-state-marine-reserve", "name": "Montara State Marine Reserve", "kind": "mpa", "designation": "SMR"}}, {"type": "Feature", "geometry": {"type": "Polygon", "coordinates": [[[-124.18474, 40.13014], [-124.18107, 40.13035], [-124.17837, 40.12839], [-124.17456, 40.12732], [-124.1719, 40.125], [-124.27007, 40.125], [-124.27699, 40.13245], [-124.29116, 40.13821], [-124.31265, 40.15101], [-124.31882, 40.15537], [-124.32278, 40.15667], [-124.2112, 40.15667], [-124.20385, 40.15042], [-124.20227, 40.14678], [-124.20023, 40.14464], [-124.19854, 40.14399], [-124.19705, 40.14164], [-124.1931, 40.13839], [-124.18763, 40.13097], [-124.18474, 40.13014]]]}, "properties": {"id": "mpa-big-flat-state-marine-conservation-area", "name": "Big Flat State Marine Conservation Area", "kind": "mpa", "designation": "SMCA"}}, {"type": "Feature", "geometry": {"type": "Polygon", "coordinates": [[[-119.37567, 34.06671], [-119.35668, 34.06734], [-119.35668, 34.01667], [-119.3578, 34.01578], [-119.35952, 34.01673], [-119.36205, 34.01618], [-119.3633, 34.01735], [-119.36403, 34.01675], [-119.36472, 34.01716], [-119.36514, 34.01659], [-119.36687, 34.01677], [-119.3674, 34.01584], [-119.3679, 34.01615], [-119.37037, 34.01439], [-119.37236, 34.0148], [-119.37193, 34.01534], [-119.37249, 34.0161], [-119.37317, 34.01504], [-119.37386, 34.0153], [-119.37498, 34.01304], [-119.37737, 34.01279], [-119.38022, 34.01071], [-119.38278, 34.01104], [-119.38349, 34.00919], [-119.38528, 34.0091], [-119.38585, 34.00778], [-119.38927, 34.0071], [-119.39025, 34.00578], [-119.39349, 34.00654], [-119.39478, 34.00544], [-119.39707, 34.00592], [-119.39911, 34.00537], [-119.40062, 34.00617], [-119.39998, 34.00665], [-119.40209, 34.00696], [-119.40385, 34.00605], [-119.40447, 34.00676], [-119.40752, 34.00604], [-119.41001, 34.00685], [-119.41001, 34.06497], [-119.39766, 34.06172], [-119.38796, 34.06464], [-119.37567, 34.06671]]]}, "properties": {"id": "mpa-anacapa-island-state-marine-reserve", "name": "Anacapa Island State Marine Reserve", "kind": "mpa", "designation": "SMR"}}, {"type": "Feature", "geometry": {"type": "Polygon", "coordinates": [[[-122.36335, 37.16667], [-122.36086, 37.16059], [-122.35957, 37.15457], [-122.35948, 37.15114], [-122.36134, 37.14997], [-122.35562, 37.14914], [-122.35492, 37.14812], [-122.35568, 37.14803], [-122.3543, 37.14694], [-122.35398, 37.14739], [-122.35131, 37.14662], [-122.35223, 37.14593], [-122.35184, 37.14535], [-122.34706, 37.14594], [-122.34415, 37.14441], [-122.34322, 37.14111], [-122.3378, 37.13594], [-122.3368, 37.13262], [-122.33757, 37.13235], [-122.33657, 37.13179], [-122.3365, 37.13005], [-122.33696, 37.12548], [-122.33837, 37.12137], [-122.33769, 37.11817], [-122.33683, 37.11728], [-122.33473, 37.11801], [-122.33219, 37.11729], [-122.3299, 37.11525], [-122.32881, 37.11292], [-122.32266, 37.11608], [-122.31988, 37.1161], [-122.31771, 37.11741], [-122.31495, 37.11676], [-122.31497, 37.11762], [-122.31422, 37.11758], [-122.31393, 37.11834], [-122.30629, 37.11637], [-122.29699, 37.11078], [-122.29348, 37.10747], [-122.28574, 37.10257], [-122.28321, 37.09938], [-122.27793, 37.09477], [-122.27893, 37.09621], [-122.27792, 37.09618], [-122.2755, 37.09128], [-122.27503, 37.08832], [-122.26887, 37.08373], [-122.26762, 37.08087], [-122.26724, 37.0789], [-122.26772, 37.07834], [-122.35001, 37.07834], [-122.35003, 37.14392], [-122.35099, 37.14469], [-122.35217, 37.14421], [-122.35383, 37.14629], [-122.35517, 37.14616], [-122.35727, 37.1483], [-122.36121, 37.14809], [-122.36249, 37.14935], [-122.36229, 37.15068], [-122.36036, 37.15154], [-122.36056, 37.15516], [-122.3618, 37.15757], [-122.36259, 37.1634], [-122.36398, 37.16442], [-122.36358, 37.16508], [-122.36418, 37.16668], [-122.36335, 37.16667]]]}, "properties": {"id": "mpa-a\u00f1o-nuevo-state-marine-reserve", "name": "A\u00f1o Nuevo State Marine Reserve", "kind": "mpa", "designation": "SMR"}}, {"type": "Feature", "geometry": {"type": "Polygon", "coordinates": [[[-121.93335, 36.71667], [-121.93335, 36.68334], [-122.01178, 36.68334], [-122.02158, 36.71667], [-121.93335, 36.71667]]]}, "properties": {"id": "mpa-portuguese-ledge-state-marine-conservation-area", "name": "Portuguese Ledge State Marine Conservation Area", "kind": "mpa", "designation": "SMCA"}}, {"type": "Feature", "geometry": {"type": "Polygon", "coordinates": [[[-121.93335, 36.30667], [-121.87501, 36.25], [-121.9326, 36.25001], [-121.93863, 36.25774], [-121.94282, 36.26624], [-121.95303, 36.27541], [-121.95973, 36.28442], [-121.96416, 36.29514], [-121.96556, 36.30653], [-121.93335, 36.30667]]]}, "properties": {"id": "mpa-point-sur-state-marine-conservation-area", "name": "Point Sur State Marine Conservation Area", "kind": "mpa", "designation": "SMCA"}}, {"type": "Feature", "geometry": {"type": "Polygon", "coordinates": [[[-119.87831, 34.40705], [-119.87543, 34.40889], [-119.8733, 34.40931], [-119.8587, 34.40927], [-119.85445, 34.40853], [-119.84417, 34.40477], [-119.84418, 34.35354], [-119.85507, 34.3543], [-119.86648, 34.35687], [-119.88058, 34.35622], [-119.89335, 34.35793], [-119.89335, 34.42012], [-119.89064, 34.41935], [-119.88818, 34.41743], [-119.88083, 34.40901], [-119.87831, 34.40705]]]}, "properties": {"id": "mpa-campus-point-state-marine-conservation-area", "name": "Campus Point State Marine Conservation Area", "kind": "mpa", "designation": "SMCA (No-Take)"}}, {"type": "Feature", "geometry": {"type": "Polygon", "coordinates": [[[-121.31642, 35.71355], [-121.31494, 35.71368], [-121.31273, 35.71227], [-121.31166, 35.71014], [-121.30788, 35.71006], [-121.30961, 35.70926], [-121.30745, 35.70734], [-121.30688, 35.7044], [-121.30176, 35.7004], [-121.29482, 35.69681], [-121.29403, 35.69523], [-121.2898, 35.69128], [-121.28892, 35.68926], [-121.28955, 35.68595], [-121.28779, 35.68506], [-121.28713, 35.68373], [-121.28759, 35.68182], [-121.28648, 35.67839], [-121.28736, 35.67653], [-121.28691, 35.67654], [-121.28691, 35.67639], [-121.28758, 35.67617], [-121.28526, 35.67505], [-121.28467, 35.67292], [-121.28531, 35.67038], [-121.2847, 35.66927], [-121.28498, 35.66697], [-121.28684, 35.66512], [-121.28415, 35.664], [-121.28229, 35.66576], [-121.28288, 35.66638], [-121.27967, 35.66732], [-121.27641, 35.66658], [-121.27555, 35.66557], [-121.27219, 35.66685], [-121.27062, 35.66667], [-121.26754, 35.66368], [-121.26614, 35.66443], [-121.26583, 35.66317], [-121.26468, 35.66297], [-121.26262, 35.66423], [-121.2606, 35.66436], [-121.25547, 35.66176], [-121.2538, 35.659], [-121.25222, 35.6589], [-121.2517, 35.65728], [-121.25046, 35.65714], [-121.24999, 35.65566], [-121.24595, 35.65557], [-121.242, 35.6525], [-121.30836, 35.65251], [-121.35001, 35.71417], [-121.31585, 35.71417], [-121.31642, 35.71355]]]}, "properties": {"id": "mpa-piedras-blancas-state-marine-reserve", "name": "Piedras Blancas State Marine Reserve", "kind": "mpa", "designation": "SMR"}}, {"type": "Feature", "geometry": {"type": "Polygon", "coordinates": [[[-124.30294, 40.21353], [-124.4135, 40.21334], [-124.42041, 40.21933], [-124.42568, 40.22561], [-124.42961, 40.23228], [-124.4324, 40.24001], [-124.33093, 40.23966], [-124.32627, 40.23633], [-124.32348, 40.22984], [-124.3204, 40.22648], [-124.31229, 40.22136], [-124.30294, 40.21353]]]}, "properties": {"id": "mpa-sea-lion-gulch-state-marine-reserve", "name": "Sea Lion Gulch State Marine Reserve", "kind": "mpa", "designation": "SMR"}}, {"type": "Feature", "geometry": {"type": "Polygon", "coordinates": [[[-124.37501, 40.33334], [-124.37501, 40.28334], [-124.43116, 40.28334], [-124.42898, 40.29604], [-124.42353, 40.30708], [-124.43004, 40.32127], [-124.43136, 40.3273], [-124.43172, 40.33334], [-124.37501, 40.33334]]]}, "properties": {"id": "mpa-mattole-canyon-state-marine-reserve", "name": "Mattole Canyon State Marine Reserve", "kind": "mpa", "designation": "SMR"}}, {"type": "Feature", "geometry": {"type": "Polygon", "coordinates": [[[-121.90205, 36.30563], [-121.9, 36.3044], [-121.8995, 36.30323], [-121.89839, 36.30346], [-121.89675, 36.30535], [-121.88555, 36.30197], [-121.88221, 36.29817], [-121.88247, 36.29624], [-121.88166, 36.2952], [-121.88168, 36.29574], [-121.8802, 36.29391], [-121.87758, 36.29331], [-121.87621, 36.29203], [-121.87654, 36.2906], [-121.87423, 36.28899], [-121.87181, 36.28871], [-121.86623, 36.28546], [-121.86374, 36.28291], [-121.86291, 36.28073], [-121.85973, 36.28], [-121.86035, 36.28046], [-121.85997, 36.28152], [-121.85761, 36.28116], [-121.85491, 36.28008], [-121.85134, 36.2774], [-121.84559, 36.27097], [-121.83872, 36.25996], [-121.83605, 36.25402], [-121.83607, 36.25004], [-121.87501, 36.25], [-121.93335, 36.30667], [-121.90251, 36.30667], [-121.90205, 36.30563]]]}, "properties": {"id": "mpa-point-sur-state-marine-reserve", "name": "Point Sur State Marine Reserve", "kind": "mpa", "designation": "SMR"}}, {"type": "Feature", "geometry": {"type": "Polygon", "coordinates": [[[-119.54668, 34.10409], [-119.54668, 34.045], [-119.54723, 34.04491], [-119.54759, 34.0462], [-119.55081, 34.04636], [-119.55187, 34.04775], [-119.55582, 34.04868], [-119.55652, 34.0514], [-119.5577, 34.05269], [-119.5614, 34.05371], [-119.5617, 34.05505], [-119.56312, 34.05581], [-119.56614, 34.05382], [-119.56658, 34.05154], [-119.57202, 34.05257], [-119.57368, 34.04988], [-119.58082, 34.05074], [-119.58423, 34.05341], [-119.5869, 34.0513], [-119.58912, 34.05149], [-119.58795, 34.05067], [-119.5878, 34.04907], [-119.59168, 34.04925], [-119.59168, 34.10349], [-119.58335, 34.10366], [-119.57463, 34.10524], [-119.56412, 34.10601], [-119.55546, 34.10564], [-119.54668, 34.10409]]]}, "properties": {"id": "mpa-scorpion-state-marine-reserve", "name": "Scorpion State Marine Reserve", "kind": "mpa", "designation": "SMR"}}, {"type": "Feature", "geometry": {"type": "Polygon", "coordinates": [[[-124.16668, 41.335], [-124.16668, 41.29334], [-124.1994, 41.29334], [-124.20845, 41.2962], [-124.21638, 41.29979], [-124.22685, 41.30665], [-124.23521, 41.31499], [-124.24108, 41.32447], [-124.24426, 41.335], [-124.16668, 41.335]]]}, "properties": {"id": "mpa-reading-rock-state-marine-reserve", "name": "Reading Rock State Marine Reserve", "kind": "mpa", "designation": "SMR"}}, {"type": "Feature", "geometry": {"type": "Polygon", "coordinates": [[[-123.03335, 37.98334], [-123.03335, 37.99834], [-123.02131, 37.99834], [-123.02373, 37.99636], [-123.02387, 37.99519], [-123.0203, 37.99533], [-123.0175, 37.99413], [-123.01737, 37.9947], [-123.01408, 37.99402], [-123.01202, 37.99575], [-123.00996, 37.9951], [-123.00797, 37.99571], [-123.00604, 37.99519], [-123.00568, 37.99356], [-123.00466, 37.99331], [-123.00117, 37.99321], [-123.00055, 37.99404], [-122.99933, 37.99349], [-122.99629, 37.99431], [-122.99452, 37.99282], [-122.99316, 37.99422], [-122.99047, 37.99469], [-122.98778, 37.99323], [-122.9862, 37.99332], [-122.98693, 37.99278], [-122.98617, 37.99284], [-122.98657, 37.99249], [-122.98596, 37.99205], [-122.98609, 37.99292], [-122.98518, 37.99321], [-122.98038, 37.99249], [-122.97454, 37.99283], [-122.97304, 37.99227], [-122.97334, 37.99122], [-122.97243, 37.99028], [-122.96419, 37.99023], [-122.96532, 37.99059], [-122.96543, 37.99166], [-122.96738, 37.99379], [-122.97327, 37.99398], [-122.98329, 37.9981], [-122.98321, 38.00037], [-122.98425, 38.00232], [-122.98289, 38.00746], [-122.97933, 38.01311], [-122.97265, 38.02031], [-122.9674, 38.02401], [-122.96083, 38.02745], [-122.94824, 38.03119], [-122.94088, 38.03164], [-122.93942, 38.03236], [-122.91668, 38.02917], [-122.95568, 37.98334], [-123.03335, 37.98334]], [[-123.01618, 37.99416], [-123.01597, 37.99411], [-123.01596, 37.9942], [-123.01618, 37.99416]]]}, "properties": {"id": "mpa-point-reyes-state-marine-reserve", "name": "Point Reyes State Marine Reserve", "kind": "mpa", "designation": "SMR"}}, {"type": "Feature", "geometry": {"type": "Polygon", "coordinates": [[[-124.3865, 41.86667], [-124.3865, 41.81667], [-124.43755, 41.81667], [-124.4406, 41.82297], [-124.44237, 41.82893], [-124.44319, 41.83588], [-124.44284, 41.84214], [-124.4415, 41.84817], [-124.43877, 41.85484], [-124.43483, 41.86117], [-124.4301, 41.86667], [-124.3865, 41.86667]]]}, "properties": {"id": "mpa-point-st.-george-reef-offshore-state-marine-conservation-area", "name": "Point St. George Reef Offshore State Marine Conservation Area", "kind": "mpa", "designation": "SMCA"}}, {"type": "Feature", "geometry": {"type": "Polygon", "coordinates": [[[-123.65192, 38.85705], [-123.65176, 38.85434], [-123.65008, 38.85393], [-123.65085, 38.85242], [-123.64874, 38.85182], [-123.64924, 38.85041], [-123.648, 38.85036], [-123.64803, 38.8497], [-123.6466, 38.84903], [-123.64624, 38.84787], [-123.64765, 38.84731], [-123.64632, 38.84692], [-123.64755, 38.8467], [-123.64641, 38.84643], [-123.64721, 38.84613], [-123.64698, 38.84537], [-123.646, 38.84614], [-123.64541, 38.84569], [-123.64322, 38.8464], [-123.6421, 38.84547], [-123.64228, 38.84412], [-123.63859, 38.84376], [-123.63649, 38.84133], [-123.63568, 38.84134], [-123.6356, 38.83982], [-123.63309, 38.83977], [-123.63324, 38.83904], [-123.63067, 38.83768], [-123.63015, 38.83646], [-123.62869, 38.83684], [-123.62773, 38.83424], [-123.62668, 38.83334], [-123.70968, 38.83334], [-123.71174, 38.83785], [-123.71883, 38.84122], [-123.72578, 38.84561], [-123.73324, 38.85209], [-123.73885, 38.85901], [-123.74635, 38.86334], [-123.65385, 38.86334], [-123.65323, 38.8588], [-123.65192, 38.85705]]]}, "properties": {"id": "mpa-saunders-reef-state-marine-conservation-area", "name": "Saunders Reef State Marine Conservation Area", "kind": "mpa", "designation": "SMCA"}}, {"type": "Feature", "geometry": {"type": "Polygon", "coordinates": [[[-123.07324, 38.32367], [-123.07498, 38.32217], [-123.07816, 38.32309], [-123.07729, 38.32195], [-123.07762, 38.32137], [-123.07485, 38.32006], [-123.07214, 38.3165], [-123.07038, 38.31732], [-123.06903, 38.31665], [-123.0689, 38.31582], [-123.07077, 38.31425], [-123.06879, 38.31195], [-123.06925, 38.31153], [-123.06737, 38.31002], [-123.06734, 38.30832], [-123.06516, 38.30632], [-123.06545, 38.30491], [-123.06468, 38.30417], [-123.06524, 38.30281], [-123.06281, 38.30243], [-123.0614, 38.30001], [-123.13568, 38.30001], [-123.14054, 38.31085], [-123.14204, 38.31725], [-123.14252, 38.32335], [-123.14081, 38.33501], [-123.06873, 38.33501], [-123.07019, 38.33008], [-123.07324, 38.32367]]]}, "properties": {"id": "mpa-bodega-head-state-marine-reserve", "name": "Bodega Head State Marine Reserve", "kind": "mpa", "designation": "SMR"}}, {"type": "Feature", "geometry": {"type": "Polygon", "coordinates": [[[-124.40191, 40.42099], [-124.39668, 40.415], [-124.51808, 40.415], [-124.52392, 40.42068], [-124.52851, 40.42675], [-124.53264, 40.435], [-124.40568, 40.435], [-124.40373, 40.43372], [-124.40353, 40.4308], [-124.40217, 40.42809], [-124.40226, 40.42643], [-124.40323, 40.42508], [-124.40283, 40.42297], [-124.40191, 40.42099]]]}, "properties": {"id": "mpa-south-cape-mendocino-state-marine-reserve", "name": "South Cape Mendocino State Marine Reserve", "kind": "mpa", "designation": "SMR"}}, {"type": "Feature", "geometry": {"type": "Polygon", "coordinates": [[[-121.35001, 35.71417], [-121.30836, 35.65251], [-121.34857, 35.65251], [-121.34975, 35.65714], [-121.35554, 35.66475], [-121.3599, 35.674], [-121.36594, 35.6806], [-121.37064, 35.68808], [-121.37713, 35.70237], [-121.3794, 35.71418], [-121.35001, 35.71417]]]}, "properties": {"id": "mpa-piedras-blancas-state-marine-conservation-area", "name": "Piedras Blancas State Marine Conservation Area", "kind": "mpa", "designation": "SMCA"}}, {"type": "Feature", "geometry": {"type": "Polygon", "coordinates": [[[-119.54671, 34.1545], [-119.54668, 34.10419], [-119.55546, 34.10564], [-119.56412, 34.10601], [-119.57463, 34.10524], [-119.58335, 34.10366], [-119.59168, 34.10349], [-119.59171, 34.1545], [-119.54671, 34.1545]]]}, "properties": {"id": "mpa-scorpion-federal-state-marine-reserve", "name": "Scorpion Federal State Marine Reserve", "kind": "mpa", "designation": "FMR"}}, {"type": "Feature", "geometry": {"type": "Polygon", "coordinates": [[[-121.97085, 36.52834], [-121.97085, 36.48134], [-122.00819, 36.48134], [-122.00903, 36.48622], [-122.01627, 36.49638], [-122.02067, 36.5075], [-122.02225, 36.51799], [-122.02113, 36.52834], [-121.97085, 36.52834]]]}, "properties": {"id": "mpa-point-lobos-state-marine-conservation-area", "name": "Point Lobos State Marine Conservation Area", "kind": "mpa", "designation": "SMCA"}}, {"type": "Feature", "geometry": {"type": "Polygon", "coordinates": [[[-121.65001, 36.12], [-121.63335, 36.08667], [-121.68705, 36.08667], [-121.69613, 36.09421], [-121.70132, 36.09968], [-121.70566, 36.10586], [-121.70916, 36.11321], [-121.7145, 36.12], [-121.65001, 36.12]]]}, "properties": {"id": "mpa-big-creek-state-marine-conservation-area", "name": "Big Creek State Marine Conservation Area", "kind": "mpa", "designation": "SMCA"}}, {"type": "Feature", "geometry": {"type": "Polygon", "coordinates": [[[-118.45001, 33.45834], [-118.48835, 33.45834], [-118.48835, 33.5135], [-118.47719, 33.51208], [-118.46733, 33.50923], [-118.45806, 33.50492], [-118.45001, 33.4995], [-118.45001, 33.45834]]]}, "properties": {"id": "mpa-blue-cavern-offshore-state-marine-conservation-area", "name": "Blue Cavern Offshore State Marine Conservation Area", "kind": "mpa", "designation": "SMCA"}}, {"type": "Feature", "geometry": {"type": "Polygon", "coordinates": [[[-118.78768, 34.01964], [-118.78768, 33.95102], [-118.80327, 33.94836], [-118.81166, 33.94836], [-118.82001, 33.94933], [-118.82001, 34.013], [-118.80865, 34.00139], [-118.80562, 34.0004], [-118.80513, 34.00257], [-118.80333, 34.00502], [-118.79431, 34.00772], [-118.79408, 34.01076], [-118.78768, 34.01964]]]}, "properties": {"id": "mpa-point-dume-state-marine-reserve", "name": "Point Dume State Marine Reserve", "kind": "mpa", "designation": "SMR"}}, {"type": "Feature", "geometry": {"type": "Polygon", "coordinates": [[[-119.43313, 33.98834], [-119.43313, 33.95448], [-119.44712, 33.95805], [-119.47455, 33.97013], [-119.48393, 33.9757], [-119.4926, 33.98332], [-119.49996, 33.97369], [-119.51047, 33.96329], [-119.5161, 33.95873], [-119.5161, 33.98834], [-119.43313, 33.98834]]]}, "properties": {"id": "mpa-footprint-state-marine-reserve", "name": "Footprint State Marine Reserve", "kind": "mpa", "designation": "SMR"}}, {"type": "Feature", "geometry": {"type": "Polygon", "coordinates": [[[-123.76668, 38.98334], [-123.76668, 38.94], [-123.80576, 38.94], [-123.8097, 38.95047], [-123.81059, 38.96178], [-123.80821, 38.97296], [-123.80271, 38.98334], [-123.76668, 38.98334]]]}, "properties": {"id": "mpa-point-arena-state-marine-conservation-area", "name": "Point Arena State Marine Conservation Area", "kind": "mpa", "designation": "SMCA"}}, {"type": "Feature", "geometry": {"type": "Polygon", "coordinates": [[[-117.81801, 33.55428], [-117.81442, 33.55299], [-117.81457, 33.5506], [-117.81226, 33.55247], [-117.80933, 33.55189], [-117.80687, 33.54998], [-117.80691, 33.54827], [-117.80544, 33.5482], [-117.80562, 33.54707], [-117.80408, 33.54625], [-117.80148, 33.54675], [-117.79971, 33.54482], [-117.79857, 33.54577], [-117.79569, 33.54549], [-117.79361, 33.54459], [-117.79231, 33.54302], [-117.79029, 33.54334], [-117.78453, 33.54174], [-117.78168, 33.53882], [-117.7768, 33.53185], [-117.77364, 33.52958], [-117.77187, 33.52773], [-117.77207, 33.5272], [-117.7709, 33.52709], [-117.76895, 33.52488], [-117.76791, 33.52495], [-117.76607, 33.52374], [-117.76455, 33.52027], [-117.76312, 33.51969], [-117.76135, 33.51726], [-117.76028, 33.51525], [-117.76058, 33.51403], [-117.7585, 33.51441], [-117.75808, 33.51357], [-117.75597, 33.51325], [-117.75458, 33.51189], [-117.82001, 33.51189], [-117.82001, 33.55352], [-117.81801, 33.55428]]]}, "properties": {"id": "mpa-laguna-beach-state-marine-reserve", "name": "Laguna Beach State Marine Reserve", "kind": "mpa", "designation": "SMR"}}, {"type": "Feature", "geometry": {"type": "Polygon", "coordinates": [[[-122.49994, 37.49892], [-122.50051, 37.49773], [-122.49918, 37.49556], [-122.50601, 37.48634], [-122.51385, 37.47217], [-122.55816, 37.47217], [-122.56519, 37.47901], [-122.56984, 37.48493], [-122.57341, 37.4913], [-122.57681, 37.50001], [-122.49868, 37.50001], [-122.49994, 37.49892]]]}, "properties": {"id": "mpa-pillar-point-state-marine-conservation-area", "name": "Pillar Point State Marine Conservation Area", "kind": "mpa", "designation": "SMCA"}}, {"type": "Feature", "geometry": {"type": "Polygon", "coordinates": [[[-120.89692, 35.25148], [-120.89543, 35.25035], [-120.89497, 35.24847], [-120.89555, 35.2477], [-120.89738, 35.24768], [-120.89748, 35.24672], [-120.89573, 35.24674], [-120.89557, 35.2455], [-120.89441, 35.24558], [-120.89422, 35.24463], [-120.89252, 35.24361], [-120.89227, 35.24228], [-120.89131, 35.24223], [-120.88995, 35.24013], [-120.88866, 35.2396], [-120.88864, 35.23859], [-120.88712, 35.23831], [-120.88757, 35.2379], [-120.88645, 35.23583], [-120.8817, 35.23362], [-120.88186, 35.23273], [-120.88098, 35.23185], [-120.87748, 35.2309], [-120.87636, 35.22855], [-120.87486, 35.22835], [-120.87253, 35.22489], [-120.87252, 35.22394], [-120.87349, 35.22321], [-120.87301, 35.22278], [-120.87336, 35.18334], [-120.93335, 35.25417], [-120.89697, 35.25417], [-120.89621, 35.2525], [-120.89692, 35.25148]]]}, "properties": {"id": "mpa-point-buchon-state-marine-reserve", "name": "Point Buchon State Marine Reserve", "kind": "mpa", "designation": "SMR"}}, {"type": "Feature", "geometry": {"type": "Polygon", "coordinates": [[[-118.48335, 33.31667], [-118.53298, 33.31667], [-118.54066, 33.32894], [-118.54598, 33.34249], [-118.54798, 33.35], [-118.50001, 33.35], [-118.48335, 33.31667]]]}, "properties": {"id": "mpa-farnsworth-offshore-state-marine-conservation-area", "name": "Farnsworth Offshore State Marine Conservation Area", "kind": "mpa", "designation": "SMCA"}}, {"type": "Feature", "geometry": {"type": "Polygon", "coordinates": [[[-121.15376, 35.61834], [-121.15443, 35.6183], [-121.15436, 35.61793], [-121.15111, 35.61788], [-121.15111, 35.61678], [-121.15196, 35.61665], [-121.15163, 35.61556], [-121.14947, 35.61594], [-121.1482, 35.61496], [-121.14226, 35.60436], [-121.14003, 35.60405], [-121.13715, 35.60155], [-121.13289, 35.60064], [-121.12709, 35.5954], [-121.12312, 35.5878], [-121.12161, 35.58217], [-121.12029, 35.58117], [-121.11894, 35.58133], [-121.1178, 35.57955], [-121.11792, 35.57838], [-121.11689, 35.57838], [-121.11416, 35.57618], [-121.11317, 35.5726], [-121.11093, 35.56892], [-121.10893, 35.56821], [-121.10899, 35.56746], [-121.10981, 35.56839], [-121.11056, 35.56814], [-121.10854, 35.56498], [-121.10901, 35.56385], [-121.10312, 35.55671], [-121.10363, 35.55537], [-121.10472, 35.55492], [-121.10358, 35.55376], [-121.10381, 35.55214], [-121.10151, 35.55003], [-121.10135, 35.54896], [-121.09867, 35.54855], [-121.0976, 35.5475], [-121.11168, 35.5475], [-121.17835, 35.61834], [-121.15376, 35.61834]]]}, "properties": {"id": "mpa-cambria-state-marine-conservation-area", "name": "Cambria State Marine Conservation Area", "kind": "mpa", "designation": "SMCA"}}, {"type": "Feature", "geometry": {"type": "Polygon", "coordinates": [[[-121.92596, 36.52807], [-121.92485, 36.5265], [-121.92511, 36.52508], [-121.92751, 36.52264], [-121.92911, 36.52229], [-121.93035, 36.5235], [-121.93362, 36.52338], [-121.93322, 36.52284], [-121.93441, 36.52208], [-121.93721, 36.52314], [-121.9373, 36.52193], [-121.93617, 36.52135], [-121.93671, 36.52079], [-121.93765, 36.52125], [-121.9366, 36.51992], [-121.9384, 36.51872], [-121.94086, 36.51945], [-121.9405, 36.52115], [-121.94214, 36.52155], [-121.94202, 36.52055], [-121.94459, 36.52062], [-121.9447, 36.52204], [-121.94535, 36.52184], [-121.94773, 36.5238], [-121.94843, 36.52288], [-121.94783, 36.52223], [-121.94831, 36.52173], [-121.94938, 36.52239], [-121.9494, 36.521], [-121.9531, 36.52397], [-121.95239, 36.5227], [-121.95383, 36.52349], [-121.95266, 36.52224], [-121.95446, 36.5224], [-121.95313, 36.5208], [-121.95148, 36.52059], [-121.9508, 36.51925], [-121.95209, 36.51859], [-121.95335, 36.5195], [-121.95379, 36.51811], [-121.95212, 36.51825], [-121.95224, 36.51705], [-121.95147, 36.51678], [-121.94942, 36.5171], [-121.94985, 36.51668], [-121.9493, 36.51557], [-121.94886, 36.51602], [-121.94787, 36.51456], [-121.94508, 36.51323], [-121.94397, 36.5134], [-121.94303, 36.51192], [-121.94203, 36.51196], [-121.94164, 36.51144], [-121.94241, 36.51147], [-121.94241, 36.51138], [-121.94147, 36.51133], [-121.94187, 36.51079], [-121.94133, 36.5104], [-121.94238, 36.50982], [-121.94157, 36.50919], [-121.94218, 36.50905], [-121.94006, 36.50784], [-121.94212, 36.50752], [-121.94117, 36.50685], [-121.93907, 36.50708], [-121.93842, 36.50617], [-121.93906, 36.50565], [-121.93776, 36.5048], [-121.9392, 36.50368], [-121.9381, 36.50261], [-121.93837, 36.50086], [-121.93972, 36.50172], [-121.94014, 36.50048], [-121.93866, 36.4991], [-121.93776, 36.49902], [-121.93766, 36.49958], [-121.93636, 36.49894], [-121.93653, 36.49805], [-121.93902, 36.49728], [-121.93903, 36.49636], [-121.93967, 36.49638], [-121.93994, 36.49622], [-121.93952, 36.49506], [-121.9407, 36.49515], [-121.94212, 36.4926], [-121.94448, 36.49322], [-121.94512, 36.49219], [-121.94457, 36.49148], [-121.94591, 36.49054], [-121.94403, 36.49101], [-121.94491, 36.48985], [-121.94437, 36.48957], [-121.94487, 36.48948], [-121.94477, 36.48916], [-121.94406, 36.4895], [-121.94424, 36.48814], [-121.94328, 36.49013], [-121.9414, 36.4891], [-121.94071, 36.48598], [-121.94118, 36.48544], [-121.94003, 36.48224], [-121.9381, 36.48134], [-121.97085, 36.48134], [-121.97085, 36.52834], [-121.92596, 36.52807]]]}, "properties": {"id": "mpa-point-lobos-state-marine-reserve", "name": "Point Lobos State Marine Reserve", "kind": "mpa", "designation": "SMR"}}, {"type": "Feature", "geometry": {"type": "Polygon", "coordinates": [[[-123.03336, 37.67501], [-123.03336, 37.71001], [-122.99169, 37.71001], [-122.99169, 37.67501], [-123.03336, 37.67501]], [[-123.00325, 37.70303], [-123.00253, 37.70374], [-123.00271, 37.70442], [-123.0035, 37.70377], [-123.00325, 37.70303]], [[-123.00377, 37.70308], [-123.00347, 37.70287], [-123.0037, 37.7032], [-123.00377, 37.70308]], [[-123.00499, 37.70253], [-123.00374, 37.70268], [-123.00422, 37.70341], [-123.00499, 37.70253]], [[-123.00098, 37.69541], [-123.00074, 37.69638], [-122.99968, 37.69634], [-123.00044, 37.69755], [-122.99957, 37.69701], [-122.99998, 37.69825], [-122.99929, 37.69949], [-123.00059, 37.69946], [-123.00172, 37.70115], [-123.00303, 37.7004], [-123.00406, 37.7011], [-123.00398, 37.70218], [-123.00465, 37.70084], [-123.00551, 37.70104], [-123.0045, 37.70017], [-123.00569, 37.70017], [-123.0053, 37.69909], [-123.00703, 37.69951], [-123.00641, 37.69824], [-123.00862, 37.69869], [-123.00855, 37.69794], [-123.00576, 37.69771], [-123.00565, 37.69708], [-123.00543, 37.6977], [-123.00383, 37.69767], [-123.0029, 37.69601], [-123.00098, 37.69541]], [[-123.00295, 37.69584], [-123.00331, 37.69631], [-123.00374, 37.69662], [-123.00376, 37.69635], [-123.00295, 37.69584]], [[-123.01124, 37.69705], [-123.01106, 37.69711], [-123.0112, 37.69716], [-123.01124, 37.69705]], [[-123.01178, 37.69705], [-123.01057, 37.69812], [-123.00913, 37.69785], [-123.0088, 37.69902], [-123.01063, 37.69921], [-123.01183, 37.70064], [-123.0137, 37.70095], [-123.01393, 37.69993], [-123.01295, 37.69926], [-123.01333, 37.69855], [-123.01194, 37.69855], [-123.01265, 37.69763], [-123.01178, 37.69705]], [[-123.01101, 37.70017], [-123.01086, 37.70002], [-123.0109, 37.70023], [-123.01101, 37.70017]], [[-123.01044, 37.69981], [-123.01025, 37.69968], [-123.01036, 37.69989], [-123.01044, 37.69981]], [[-123.00535, 37.70314], [-123.00482, 37.70312], [-123.00505, 37.70342], [-123.00535, 37.70314]], [[-123.00467, 37.70392], [-123.00445, 37.7039], [-123.00455, 37.70399], [-123.00467, 37.70392]], [[-123.00409, 37.69331], [-123.00285, 37.69383], [-123.00267, 37.6941], [-123.00402, 37.69385], [-123.00409, 37.69331]]]}, "properties": {"id": "mpa-southeast-farallon-island-state-marine-reserve", "name": "Southeast Farallon Island State Marine Reserve", "kind": "mpa", "designation": "SMR"}}, {"type": "Feature", "geometry": {"type": "Polygon", "coordinates": [[[-117.28058, 32.82207], [-117.27676, 32.81903], [-117.27373, 32.81811], [-117.27296, 32.81669], [-117.27391, 32.81564], [-117.27335, 32.81423], [-117.27149, 32.81324], [-117.26769, 32.80784], [-117.26535, 32.80806], [-117.26389, 32.8072], [-117.25826, 32.79909], [-117.31668, 32.79909], [-117.31668, 32.82622], [-117.27969, 32.82622], [-117.28058, 32.82207]]]}, "properties": {"id": "mpa-south-la-jolla-state-marine-reserve", "name": "South La Jolla State Marine Reserve", "kind": "mpa", "designation": "SMR"}}, {"type": "Feature", "geometry": {"type": "Polygon", "coordinates": [[[-118.37523, 33.73943], [-118.37489, 33.73846], [-118.37501, 33.68086], [-118.38723, 33.68668], [-118.39668, 33.68592], [-118.39668, 33.73664], [-118.39502, 33.73824], [-118.39308, 33.73834], [-118.39232, 33.73949], [-118.38932, 33.73963], [-118.38491, 33.74206], [-118.38025, 33.74206], [-118.37523, 33.73943]]]}, "properties": {"id": "mpa-abalone-cove-state-marine-conservation-area", "name": "Abalone Cove State Marine Conservation Area", "kind": "mpa", "designation": "SMCA"}}, {"type": "Feature", "geometry": {"type": "Polygon", "coordinates": [[[-120.43741, 34.02937], [-120.43647, 34.03014], [-120.43582, 34.02939], [-120.43464, 34.02962], [-120.43423, 34.02868], [-120.42722, 34.02564], [-120.42401, 34.02722], [-120.42216, 34.02627], [-120.42257, 34.02759], [-120.42168, 34.02816], [-120.42168, 33.97532], [-120.43603, 33.97574], [-120.44335, 33.97522], [-120.44335, 34.03031], [-120.43953, 34.03136], [-120.43776, 34.03039], [-120.4381, 34.02974], [-120.43741, 34.02937]]]}, "properties": {"id": "mpa-judith-rock-state-marine-reserve", "name": "Judith Rock State Marine Reserve", "kind": "mpa", "designation": "SMR"}}, {"type": "Feature", "geometry": {"type": "Polygon", "coordinates": [[[-123.74168, 38.98334], [-123.74186, 38.95553], [-123.74116, 38.95535], [-123.74186, 38.95499], [-123.73836, 38.95279], [-123.73809, 38.95073], [-123.73478, 38.94768], [-123.73284, 38.94435], [-123.73312, 38.94349], [-123.73162, 38.94242], [-123.73174, 38.94084], [-123.73035, 38.94], [-123.76668, 38.94], [-123.76668, 38.98334], [-123.74168, 38.98334]]]}, "properties": {"id": "mpa-point-arena-state-marine-reserve", "name": "Point Arena State Marine Reserve", "kind": "mpa", "designation": "SMR"}}, {"type": "Feature", "geometry": {"type": "Polygon", "coordinates": [[[-119.35671, 34.08331], [-119.35668, 34.06734], [-119.37464, 34.06685], [-119.38796, 34.06464], [-119.39766, 34.06172], [-119.41001, 34.06497], [-119.41001, 34.08331], [-119.35671, 34.08331]]]}, "properties": {"id": "mpa-anacapa-island-federal-marine-reserve", "name": "Anacapa Island Federal Marine Reserve", "kind": "mpa", "designation": "FMR"}}, {"type": "Feature", "geometry": {"type": "Polygon", "coordinates": [[[-123.7704, 39.54201], [-123.84031, 39.54167], [-123.83872, 39.54566], [-123.84267, 39.55501], [-123.76693, 39.55501], [-123.76692, 39.55393], [-123.76611, 39.55332], [-123.76797, 39.55065], [-123.7704, 39.54201]]]}, "properties": {"id": "mpa-ten-mile-beach-state-marine-conservation-area", "name": "Ten Mile Beach State Marine Conservation Area", "kind": "mpa", "designation": "SMCA"}}, {"type": "Feature", "geometry": {"type": "Polygon", "coordinates": [[[-117.8742, 33.59314], [-117.86428, 33.58595], [-117.8641, 33.58477], [-117.8612, 33.584], [-117.86082, 33.58332], [-117.85919, 33.58337], [-117.85352, 33.57982], [-117.84754, 33.57782], [-117.84159, 33.57474], [-117.83406, 33.56813], [-117.83282, 33.56595], [-117.82604, 33.56326], [-117.82029, 33.55886], [-117.81909, 33.55699], [-117.82007, 33.55654], [-117.81938, 33.55555], [-117.82001, 33.55352], [-117.82001, 33.54], [-117.87821, 33.58442], [-117.87743, 33.58954], [-117.8778, 33.59291], [-117.8742, 33.59314]]]}, "properties": {"id": "mpa-crystal-cove-state-marine-conservation-area", "name": "Crystal Cove State Marine Conservation Area", "kind": "mpa", "designation": "SMCA"}}, {"type": "Feature", "geometry": {"type": "Polygon", "coordinates": [[[-117.74507, 33.50079], [-117.74193, 33.49831], [-117.74009, 33.49576], [-117.73898, 33.49393], [-117.73898, 33.49231], [-117.73832, 33.49203], [-117.73895, 33.49143], [-117.738, 33.49059], [-117.73822, 33.48963], [-117.73687, 33.48964], [-117.73763, 33.48861], [-117.73613, 33.48927], [-117.73393, 33.48778], [-117.73344, 33.48662], [-117.73445, 33.48522], [-117.7338, 33.48437], [-117.73297, 33.48519], [-117.72704, 33.48361], [-117.72502, 33.48151], [-117.72165, 33.4747], [-117.72175, 33.47366], [-117.72049, 33.47305], [-117.71852, 33.47042], [-117.71498, 33.46366], [-117.71558, 33.46079], [-117.71449, 33.45998], [-117.70774, 33.46065], [-117.70461, 33.45797], [-117.72168, 33.45501], [-117.76668, 33.50001], [-117.76668, 33.50084], [-117.74507, 33.50079]]]}, "properties": {"id": "mpa-dana-point-state-marine-conservation-area", "name": "Dana Point State Marine Conservation Area", "kind": "mpa", "designation": "SMCA"}}, {"type": "Feature", "geometry": {"type": "Polygon", "coordinates": [[[-117.74867, 33.50549], [-117.74566, 33.50105], [-117.82001, 33.50084], [-117.82001, 33.51189], [-117.75458, 33.51189], [-117.74867, 33.50549]]]}, "properties": {"id": "mpa-laguna-beach-state-marine-conservation-area", "name": "Laguna Beach State Marine Conservation Area", "kind": "mpa", "designation": "SMCA (No-Take)"}}, {"type": "Feature", "geometry": {"type": "Polygon", "coordinates": [[[-120.86076, 35.37215], [-120.85465, 35.36893], [-120.8513, 35.35804], [-120.84703, 35.35571], [-120.84553, 35.35362], [-120.8456, 35.35154], [-120.84359, 35.34952], [-120.84465, 35.34676], [-120.83992, 35.3451], [-120.84014, 35.34457], [-120.8433, 35.34541], [-120.84411, 35.34495], [-120.83903, 35.34376], [-120.83903, 35.33203], [-120.84231, 35.3324], [-120.84384, 35.33107], [-120.84466, 35.32909], [-120.84035, 35.32594], [-120.84042, 35.32434], [-120.84176, 35.3221], [-120.84793, 35.32123], [-120.85026, 35.32173], [-120.85121, 35.32073], [-120.84908, 35.32025], [-120.84843, 35.31888], [-120.84951, 35.32008], [-120.85041, 35.31959], [-120.85125, 35.32041], [-120.85409, 35.31817], [-120.85604, 35.31848], [-120.86432, 35.31557], [-120.86687, 35.31132], [-120.86717, 35.31324], [-120.8655, 35.31548], [-120.86555, 35.31719], [-120.86438, 35.31753], [-120.86227, 35.32142], [-120.8628, 35.32325], [-120.86043, 35.32534], [-120.86067, 35.32736], [-120.85968, 35.32868], [-120.86043, 35.32993], [-120.85932, 35.33218], [-120.85988, 35.3342], [-120.85774, 35.3357], [-120.85917, 35.34112], [-120.85738, 35.34683], [-120.85882, 35.35081], [-120.85783, 35.35138], [-120.85916, 35.3544], [-120.85895, 35.35809], [-120.85706, 35.35826], [-120.85562, 35.3601], [-120.85771, 35.36434], [-120.85699, 35.3657], [-120.85892, 35.36588], [-120.86026, 35.36857], [-120.8621, 35.36881], [-120.86324, 35.36762], [-120.86119, 35.36301], [-120.86159, 35.36075], [-120.86607, 35.3607], [-120.86979, 35.36257], [-120.86915, 35.3673], [-120.86567, 35.36775], [-120.86473, 35.36844], [-120.86405, 35.37055], [-120.86076, 35.37215]]]}, "properties": {"id": "mpa-morro-bay-state-marine-recreational-management-area", "name": "Morro Bay State Marine Recreational Management Area", "kind": "mpa", "designation": "SMRMA"}}, {"type": "Feature", "geometry": {"type": "MultiPolygon", "coordinates": [[[[-122.22522, 37.50122], [-122.22682, 37.5025], [-122.22853, 37.50544], [-122.23866, 37.50911], [-122.239, 37.51911], [-122.23578, 37.51546], [-122.23383, 37.51603], [-122.2346, 37.51937], [-122.23122, 37.51932], [-122.22945, 37.51744], [-122.22731, 37.52049], [-122.22327, 37.52052], [-122.22315, 37.51869], [-122.22066, 37.51735], [-122.22327, 37.50593], [-122.22522, 37.50122]]], [[[-122.23575, 37.51642], [-122.2369, 37.51752], [-122.23813, 37.52177], [-122.24235, 37.52345], [-122.24251, 37.52577], [-122.24033, 37.52831], [-122.2328, 37.53083], [-122.23078, 37.53068], [-122.22943, 37.53354], [-122.22969, 37.53454], [-122.22416, 37.54283], [-122.22254, 37.54316], [-122.2099, 37.54169], [-122.20342, 37.54041], [-122.20506, 37.538], [-122.19971, 37.53527], [-122.20069, 37.53405], [-122.19797, 37.5319], [-122.20679, 37.52505], [-122.2138, 37.52706], [-122.21631, 37.52627], [-122.21736, 37.52378], [-122.2202, 37.52285], [-122.22019, 37.52141], [-122.21858, 37.51894], [-122.21895, 37.51825], [-122.22107, 37.51826], [-122.22192, 37.52346], [-122.22503, 37.52326], [-122.22744, 37.52163], [-122.22969, 37.51876], [-122.23106, 37.52087], [-122.23435, 37.52097], [-122.23574, 37.51921], [-122.23575, 37.51642]]]]}, "properties": {"id": "mpa-bair-island-state-marine-park", "name": "Bair Island State Marine Park", "kind": "mpa", "designation": "SMP"}}, {"type": "Feature", "geometry": {"type": "Polygon", "coordinates": [[[-117.12381, 32.5344], [-117.15001, 32.53284], [-117.15001, 32.56667], [-117.13259, 32.56652], [-117.13072, 32.55845], [-117.12703, 32.55328], [-117.12724, 32.55211], [-117.12434, 32.54158], [-117.12381, 32.5344]]]}, "properties": {"id": "mpa-tijuana-river-mouth-state-marine-conservation-area", "name": "Tijuana River Mouth State Marine Conservation Area", "kind": "mpa", "designation": "SMCA"}}, {"type": "Feature", "geometry": {"type": "Polygon", "coordinates": [[[-121.09766, 35.54572], [-121.09545, 35.54443], [-121.09433, 35.54313], [-121.09432, 35.54199], [-121.09309, 35.54148], [-121.09292, 35.54034], [-121.09165, 35.53995], [-121.09159, 35.53921], [-121.08742, 35.53724], [-121.08623, 35.53397], [-121.08392, 35.53347], [-121.08224, 35.53152], [-121.08066, 35.5312], [-121.08004, 35.52957], [-121.07521, 35.52595], [-121.07442, 35.5239], [-121.06999, 35.52064], [-121.06998, 35.51939], [-121.06907, 35.51834], [-121.06837, 35.51843], [-121.06504, 35.51507], [-121.06309, 35.5143], [-121.06175, 35.51132], [-121.06036, 35.51007], [-121.05706, 35.50834], [-121.08335, 35.50834], [-121.11168, 35.5475], [-121.0976, 35.5475], [-121.09766, 35.54572]]]}, "properties": {"id": "mpa-white-rock-state-marine-conservation-area", "name": "White Rock State Marine Conservation Area", "kind": "mpa", "designation": "SMCA"}}, {"type": "Feature", "geometry": {"type": "Polygon", "coordinates": [[[-121.75753, 36.84167], [-121.74567, 36.84149], [-121.74249, 36.83986], [-121.73918, 36.83503], [-121.73869, 36.83507], [-121.74063, 36.83936], [-121.7424, 36.84013], [-121.74367, 36.84166], [-121.74084, 36.84167], [-121.73415, 36.83881], [-121.7328, 36.83681], [-121.73338, 36.83358], [-121.73511, 36.8304], [-121.72822, 36.82923], [-121.7385, 36.82948], [-121.73822, 36.83276], [-121.7389, 36.83449], [-121.73884, 36.83062], [-121.74095, 36.82902], [-121.7408, 36.82851], [-121.73948, 36.82866], [-121.7406, 36.82566], [-121.74016, 36.82527], [-121.73889, 36.82537], [-121.73732, 36.82676], [-121.73794, 36.8256], [-121.7376, 36.82429], [-121.73928, 36.824], [-121.73915, 36.82328], [-121.73794, 36.82345], [-121.73831, 36.82169], [-121.73732, 36.82115], [-121.73683, 36.8224], [-121.73554, 36.8219], [-121.73571, 36.82318], [-121.73456, 36.82372], [-121.73397, 36.82232], [-121.73476, 36.82131], [-121.73259, 36.82062], [-121.73464, 36.82017], [-121.73451, 36.81894], [-121.73621, 36.81976], [-121.73797, 36.8192], [-121.7397, 36.81603], [-121.73949, 36.81397], [-121.73723, 36.8144], [-121.73654, 36.81384], [-121.73869, 36.81286], [-121.73817, 36.81049], [-121.73909, 36.80853], [-121.73884, 36.80758], [-121.7381, 36.80767], [-121.73697, 36.81037], [-121.73485, 36.81234], [-121.73285, 36.81193], [-121.73055, 36.8132], [-121.73138, 36.81227], [-121.73107, 36.81111], [-121.73399, 36.81095], [-121.73614, 36.80862], [-121.73534, 36.80794], [-121.73193, 36.8089], [-121.72952, 36.80658], [-121.72933, 36.80525], [-121.7284, 36.80533], [-121.72873, 36.80455], [-121.72949, 36.80474], [-121.73055, 36.80639], [-121.73245, 36.8073], [-121.73599, 36.80672], [-121.73605, 36.80567], [-121.7346, 36.80549], [-121.73424, 36.80463], [-121.73014, 36.80371], [-121.73362, 36.80373], [-121.73131, 36.80053], [-121.73666, 36.8046], [-121.7378, 36.80382], [-121.73505, 36.79961], [-121.73666, 36.80042], [-121.73905, 36.80379], [-121.73986, 36.80381], [-121.73894, 36.80441], [-121.73964, 36.8049], [-121.74198, 36.80344], [-121.74016, 36.80154], [-121.74135, 36.80145], [-121.74124, 36.80021], [-121.7423, 36.80265], [-121.74314, 36.80129], [-121.74458, 36.80287], [-121.74339, 36.80306], [-121.7416, 36.80547], [-121.74181, 36.80653], [-121.74306, 36.80629], [-121.7435, 36.80721], [-121.74521, 36.80675], [-121.74602, 36.80537], [-121.74542, 36.80487], [-121.74719, 36.80368], [-121.74597, 36.80137], [-121.74759, 36.80246], [-121.74849, 36.80208], [-121.74816, 36.80116], [-121.7505, 36.8005], [-121.75093, 36.79852], [-121.75115, 36.80048], [-121.74828, 36.80445], [-121.74715, 36.80776], [-121.7483, 36.80801], [-121.74834, 36.80931], [-121.74925, 36.81054], [-121.75193, 36.81058], [-121.75027, 36.80959], [-121.75095, 36.80851], [-121.74845, 36.80819], [-121.75103, 36.80733], [-121.75042, 36.80614], [-121.75149, 36.80637], [-121.75431, 36.80444], [-121.75514, 36.80504], [-121.75281, 36.807], [-121.75413, 36.80959], [-121.75979, 36.81181], [-121.75958, 36.81244], [-121.76007, 36.81177], [-121.7626, 36.81164], [-121.76517, 36.81245], [-121.76744, 36.81221], [-121.76715, 36.81091], [-121.77015, 36.81132], [-121.77335, 36.80975], [-121.77335, 36.82029], [-121.77261, 36.82091], [-121.77143, 36.82008], [-121.76912, 36.82022], [-121.76597, 36.81919], [-121.76514, 36.81995], [-121.76286, 36.82], [-121.76093, 36.81945], [-121.75913, 36.81777], [-121.75684, 36.81776], [-121.75639, 36.8182], [-121.75785, 36.82169], [-121.75723, 36.82057], [-121.75648, 36.82071], [-121.75592, 36.81894], [-121.75496, 36.8191], [-121.75449, 36.82079], [-121.75369, 36.81879], [-121.75245, 36.81905], [-121.75114, 36.81737], [-121.74935, 36.81819], [-121.74881, 36.81932], [-121.75064, 36.8212], [-121.75184, 36.82119], [-121.75099, 36.82189], [-121.75296, 36.82339], [-121.75016, 36.82236], [-121.74869, 36.82017], [-121.74757, 36.82059], [-121.75015, 36.82412], [-121.74855, 36.82416], [-121.74925, 36.82641], [-121.74798, 36.8301], [-121.74686, 36.83041], [-121.7473, 36.83127], [-121.74606, 36.83272], [-121.74618, 36.83365], [-121.74901, 36.83499], [-121.75179, 36.83768], [-121.75541, 36.83849], [-121.75753, 36.84167]]]}, "properties": {"id": "mpa-elkhorn-slough-state-marine-reserve", "name": "Elkhorn Slough State Marine Reserve", "kind": "mpa", "designation": "SMR"}}, {"type": "Feature", "geometry": {"type": "Polygon", "coordinates": [[[-118.45001, 33.45834], [-118.45007, 33.43265], [-118.45443, 33.43342], [-118.45798, 33.43651], [-118.461, 33.43754], [-118.46281, 33.44042], [-118.46498, 33.44047], [-118.46933, 33.44251], [-118.47271, 33.44204], [-118.47583, 33.44458], [-118.47651, 33.44744], [-118.47739, 33.44826], [-118.48191, 33.44774], [-118.48512, 33.44655], [-118.48471, 33.44544], [-118.48333, 33.44508], [-118.48412, 33.44498], [-118.48369, 33.44457], [-118.48462, 33.44368], [-118.4858, 33.4435], [-118.48793, 33.44467], [-118.48835, 33.44401], [-118.48835, 33.45834], [-118.45001, 33.45834]]]}, "properties": {"id": "mpa-blue-cavern-onshore-state-marine-conservation-area", "name": "Blue Cavern Onshore State Marine Conservation Area", "kind": "mpa", "designation": "SMCA (No-Take)"}}, {"type": "Feature", "geometry": {"type": "Polygon", "coordinates": [[[-119.96668, 34.44196], [-119.96077, 34.43803], [-119.95486, 34.43537], [-119.95024, 34.43466], [-119.93768, 34.43605], [-119.93335, 34.43567], [-119.93335, 34.41667], [-119.96668, 34.41667], [-119.96668, 34.44196]]]}, "properties": {"id": "mpa-naples-state-marine-conservation-area", "name": "Naples State Marine Conservation Area", "kind": "mpa", "designation": "SMCA"}}, {"type": "Feature", "geometry": {"type": "Polygon", "coordinates": [[[-118.48161, 33.34382], [-118.47767, 33.34168], [-118.47692, 33.33982], [-118.47729, 33.33906], [-118.47534, 33.33916], [-118.47272, 33.33667], [-118.47225, 33.33547], [-118.47278, 33.33378], [-118.47161, 33.33326], [-118.47214, 33.33256], [-118.4673, 33.33056], [-118.46727, 33.32872], [-118.46515, 33.32775], [-118.46501, 33.31667], [-118.48335, 33.31667], [-118.50001, 33.35], [-118.48455, 33.35001], [-118.48161, 33.34382]]]}, "properties": {"id": "mpa-farnsworth-onshore-state-marine-conservation-area", "name": "Farnsworth Onshore State Marine Conservation Area", "kind": "mpa", "designation": "SMCA"}}, {"type": "Feature", "geometry": {"type": "Polygon", "coordinates": [[[-122.92666, 38.09674], [-122.92633, 38.09634], [-122.92644, 38.09385], [-122.92578, 38.093], [-122.927, 38.09258], [-122.92702, 38.0918], [-122.92645, 38.09208], [-122.92629, 38.09194], [-122.92695, 38.09156], [-122.92891, 38.09168], [-122.92808, 38.09094], [-122.93001, 38.08968], [-122.931, 38.08793], [-122.93204, 38.08311], [-122.93416, 38.0834], [-122.93546, 38.08444], [-122.93485, 38.08354], [-122.93261, 38.08287], [-122.93155, 38.0807], [-122.93501, 38.07542], [-122.93498, 38.07435], [-122.93332, 38.07231], [-122.93406, 38.06964], [-122.93284, 38.0684], [-122.93356, 38.06632], [-122.93307, 38.06443], [-122.92895, 38.06245], [-122.92867, 38.06302], [-122.92891, 38.06296], [-122.92919, 38.06311], [-122.92689, 38.06401], [-122.92342, 38.06947], [-122.92285, 38.0714], [-122.92371, 38.07461], [-122.92276, 38.07602], [-122.9231, 38.07697], [-122.92271, 38.07703], [-122.9227, 38.0775], [-122.92226, 38.07773], [-122.92266, 38.07737], [-122.92192, 38.07727], [-122.923, 38.07688], [-122.92264, 38.07603], [-122.92255, 38.07639], [-122.92216, 38.07653], [-122.92292, 38.07572], [-122.92185, 38.07243], [-122.92235, 38.0718], [-122.91886, 38.06947], [-122.91757, 38.06944], [-122.91778, 38.07018], [-122.91648, 38.0713], [-122.9136, 38.07149], [-122.91186, 38.07312], [-122.91153, 38.07237], [-122.91574, 38.06879], [-122.91748, 38.06936], [-122.91608, 38.0684], [-122.92083, 38.06724], [-122.92166, 38.06491], [-122.9199, 38.06364], [-122.91924, 38.06392], [-122.92242, 38.06169], [-122.9222, 38.0594], [-122.9213, 38.05897], [-122.92433, 38.05981], [-122.92665, 38.05782], [-122.93322, 38.0549], [-122.93541, 38.04908], [-122.93735, 38.0465], [-122.93585, 38.04434], [-122.94834, 38.04436], [-122.94919, 38.04564], [-122.95401, 38.04871], [-122.95682, 38.04876], [-122.95847, 38.05154], [-122.96149, 38.05312], [-122.96043, 38.05259], [-122.95984, 38.05375], [-122.96308, 38.05506], [-122.96432, 38.05697], [-122.96218, 38.05502], [-122.96011, 38.05548], [-122.9599, 38.05614], [-122.95977, 38.05505], [-122.9558, 38.05201], [-122.9501, 38.04919], [-122.94896, 38.04975], [-122.94826, 38.0536], [-122.95081, 38.05804], [-122.95467, 38.05921], [-122.9589, 38.06198], [-122.95835, 38.06167], [-122.95637, 38.06362], [-122.95868, 38.06747], [-122.95582, 38.06961], [-122.95711, 38.07197], [-122.95653, 38.07308], [-122.95709, 38.0735], [-122.95707, 38.07746], [-122.95658, 38.07704], [-122.95622, 38.07793], [-122.95597, 38.078], [-122.9559, 38.07655], [-122.9566, 38.07628], [-122.95474, 38.07565], [-122.95309, 38.07141], [-122.95369, 38.06767], [-122.95315, 38.06882], [-122.95294, 38.06827], [-122.95418, 38.06608], [-122.95294, 38.06382], [-122.95457, 38.06138], [-122.95405, 38.06164], [-122.9527, 38.06051], [-122.94758, 38.06145], [-122.94432, 38.06097], [-122.94433, 38.06206], [-122.9417, 38.06378], [-122.94177, 38.06635], [-122.94223, 38.06654], [-122.94229, 38.06624], [-122.94257, 38.06622], [-122.9429, 38.06635], [-122.94329, 38.06678], [-122.94319, 38.067], [-122.94355, 38.06722], [-122.9436, 38.06738], [-122.94229, 38.06633], [-122.94234, 38.06654], [-122.94164, 38.0673], [-122.94143, 38.06879], [-122.93933, 38.07209], [-122.93939, 38.07451], [-122.93978, 38.07439], [-122.94008, 38.07525], [-122.93938, 38.07472], [-122.93966, 38.07653], [-122.94051, 38.07739], [-122.94112, 38.07675], [-122.94179, 38.07675], [-122.94261, 38.07715], [-122.94113, 38.07704], [-122.93866, 38.08], [-122.93507, 38.08101], [-122.93411, 38.0816], [-122.93678, 38.08097], [-122.93633, 38.08249], [-122.93788, 38.08309], [-122.93451, 38.08641], [-122.93558, 38.08895], [-122.93195, 38.09035], [-122.93169, 38.09087], [-122.93264, 38.09124], [-122.93198, 38.09122], [-122.93214, 38.09173], [-122.93151, 38.09087], [-122.92893, 38.09181], [-122.92793, 38.0934], [-122.92724, 38.09341], [-122.92788, 38.09549], [-122.92666, 38.09674]]]}, "properties": {"id": "mpa-drakes-estero-state-marine-conservation-area", "name": "Drakes Estero State Marine Conservation Area", "kind": "mpa", "designation": "SMCA"}}, {"type": "Feature", "geometry": {"type": "Polygon", "coordinates": [[[-123.81385, 39.452], [-123.81668, 39.45201], [-123.81668, 39.50167], [-123.78935, 39.50167], [-123.79113, 39.49764], [-123.79274, 39.49573], [-123.79458, 39.49489], [-123.79544, 39.49156], [-123.79666, 39.49029], [-123.79888, 39.48943], [-123.80197, 39.49043], [-123.803, 39.48981], [-123.80452, 39.49039], [-123.8052, 39.48969], [-123.80441, 39.48875], [-123.80546, 39.4883], [-123.80336, 39.48816], [-123.80201, 39.48704], [-123.80257, 39.48462], [-123.80187, 39.48342], [-123.80374, 39.48253], [-123.80283, 39.47888], [-123.80478, 39.47452], [-123.80428, 39.47322], [-123.80511, 39.47154], [-123.80687, 39.47023], [-123.80844, 39.46963], [-123.80718, 39.46904], [-123.80762, 39.46783], [-123.80711, 39.46771], [-123.80695, 39.46696], [-123.8077, 39.4663], [-123.80702, 39.46524], [-123.80854, 39.4617], [-123.81026, 39.46166], [-123.80824, 39.46075], [-123.80827, 39.45883], [-123.8098, 39.45862], [-123.80969, 39.4574], [-123.81151, 39.45555], [-123.81082, 39.45515], [-123.81107, 39.45456], [-123.81308, 39.45337], [-123.81394, 39.45362], [-123.81312, 39.45291], [-123.81385, 39.452]], [[-123.8074, 39.47037], [-123.80723, 39.47094], [-123.80779, 39.47086], [-123.8074, 39.47037]], [[-123.80811, 39.47041], [-123.8079, 39.47039], [-123.80814, 39.47042], [-123.80811, 39.47041]], [[-123.80857, 39.47059], [-123.80843, 39.47051], [-123.80827, 39.47061], [-123.80857, 39.47059]], [[-123.80922, 39.46987], [-123.80885, 39.46987], [-123.80912, 39.47004], [-123.80922, 39.46987]], [[-123.80811, 39.46836], [-123.80805, 39.46852], [-123.80827, 39.46857], [-123.80811, 39.46836]], [[-123.80761, 39.46761], [-123.80738, 39.4675], [-123.80736, 39.46754], [-123.80761, 39.46761]], [[-123.80728, 39.46743], [-123.80728, 39.46733], [-123.80725, 39.4674], [-123.80728, 39.46743]], [[-123.80766, 39.4649], [-123.8075, 39.46488], [-123.80755, 39.46496], [-123.80766, 39.4649]]]}, "properties": {"id": "mpa-mackerricher-state-marine-conservation-area", "name": "MacKerricher State Marine Conservation Area", "kind": "mpa", "designation": "SMCA"}}, {"type": "Feature", "geometry": {"type": "Polygon", "coordinates": [[[-117.31668, 32.79909], [-117.33448, 32.79909], [-117.33946, 32.81092], [-117.34214, 32.82622], [-117.31668, 32.82622], [-117.31668, 32.79909]]]}, "properties": {"id": "mpa-south-la-jolla-state-marine-conservation-area", "name": "South La Jolla State Marine Conservation Area", "kind": "mpa", "designation": "SMCA"}}, {"type": "Feature", "geometry": {"type": "Polygon", "coordinates": [[[-119.41001, 34.08331], [-119.41001, 34.06497], [-119.43095, 34.06693], [-119.44501, 34.06596], [-119.44501, 34.08331], [-119.41001, 34.08331]]]}, "properties": {"id": "mpa-anacapa-island-federal-marine-conservation-area", "name": "Anacapa Island Federal Marine Conservation Area", "kind": "mpa", "designation": "FMCA"}}, {"type": "Feature", "geometry": {"type": "Polygon", "coordinates": [[[-121.94981, 36.56744], [-121.94747, 36.56708], [-121.94531, 36.56545], [-121.94305, 36.56658], [-121.94078, 36.56583], [-121.93926, 36.56433], [-121.93937, 36.56307], [-121.94083, 36.56218], [-121.9406, 36.56114], [-121.93898, 36.56143], [-121.93715, 36.56286], [-121.93245, 36.55971], [-121.92984, 36.55321], [-121.92912, 36.54687], [-121.93096, 36.54478], [-121.93365, 36.54452], [-121.93379, 36.54349], [-121.93316, 36.5431], [-121.93256, 36.53941], [-121.92986, 36.53951], [-121.9278, 36.53746], [-121.9279, 36.534], [-121.92541, 36.5306], [-121.92585, 36.52834], [-121.93835, 36.52834], [-121.95196, 36.56106], [-121.95179, 36.56405], [-121.95103, 36.56428], [-121.9517, 36.56514], [-121.95078, 36.56582], [-121.95128, 36.56669], [-121.94981, 36.56744]]]}, "properties": {"id": "mpa-carmel-bay-state-marine-conservation-area", "name": "Carmel Bay State Marine Conservation Area", "kind": "mpa", "designation": "SMCA"}}, {"type": "Feature", "geometry": {"type": "Polygon", "coordinates": [[[-120.22767, 34.47103], [-120.20793, 34.47063], [-120.20785, 34.455], [-120.24101, 34.455], [-120.24101, 34.46884], [-120.238, 34.46857], [-120.2366, 34.46956], [-120.22767, 34.47103]]]}, "properties": {"id": "mpa-kashtayit-state-marine-conservation-area", "name": "Kashtayit State Marine Conservation Area", "kind": "mpa", "designation": "SMCA"}}, {"type": "Feature", "geometry": {"type": "Polygon", "coordinates": [[[-120.11693, 33.84373], [-120.10835, 33.84412], [-120.10831, 33.84001], [-120.16671, 33.84001], [-120.16668, 33.85829], [-120.15784, 33.85484], [-120.14906, 33.85029], [-120.13917, 33.84669], [-120.12902, 33.84458], [-120.11693, 33.84373]]]}, "properties": {"id": "mpa-south-point-federal-marine-reserve", "name": "South Point Federal Marine Reserve", "kind": "mpa", "designation": "FMR"}}, {"type": "Feature", "geometry": {"type": "Polygon", "coordinates": [[[-123.35001, 38.55834], [-123.35001, 38.59334], [-123.34668, 38.59334], [-123.34547, 38.59259], [-123.34557, 38.59137], [-123.34322, 38.59021], [-123.34352, 38.5892], [-123.34192, 38.58759], [-123.34308, 38.58685], [-123.34155, 38.58657], [-123.33926, 38.58346], [-123.33527, 38.58212], [-123.33576, 38.58123], [-123.33827, 38.58161], [-123.33922, 38.58062], [-123.34041, 38.57676], [-123.33881, 38.57484], [-123.33924, 38.57439], [-123.33819, 38.57378], [-123.33999, 38.5722], [-123.33849, 38.57199], [-123.33837, 38.57073], [-123.33557, 38.57052], [-123.336, 38.56899], [-123.33322, 38.56555], [-123.32774, 38.56554], [-123.32651, 38.56443], [-123.32394, 38.56391], [-123.32326, 38.56123], [-123.32396, 38.56078], [-123.32061, 38.56061], [-123.31915, 38.55976], [-123.31774, 38.56014], [-123.31689, 38.55878], [-123.31516, 38.55855], [-123.35001, 38.55834]], [[-123.31747, 38.55893], [-123.31727, 38.55882], [-123.31735, 38.559], [-123.31747, 38.55893]]]}, "properties": {"id": "mpa-salt-point-state-marine-conservation-area", "name": "Salt Point State Marine Conservation Area", "kind": "mpa", "designation": "SMCA"}}, {"type": "Feature", "geometry": {"type": "Polygon", "coordinates": [[[-119.85001, 34.08334], [-119.85032, 34.06733], [-119.85193, 34.06822], [-119.8516, 34.06947], [-119.8548, 34.06967], [-119.85733, 34.07143], [-119.85772, 34.0709], [-119.85961, 34.07126], [-119.86022, 34.07017], [-119.86077, 34.07159], [-119.86159, 34.07188], [-119.8653, 34.06935], [-119.86554, 34.0709], [-119.86682, 34.07056], [-119.86685, 34.0716], [-119.87077, 34.07127], [-119.87326, 34.07211], [-119.87367, 34.07302], [-119.87524, 34.07247], [-119.87671, 34.07417], [-119.87793, 34.0732], [-119.87943, 34.07336], [-119.88009, 34.07273], [-119.88029, 34.07339], [-119.88131, 34.07257], [-119.88199, 34.07275], [-119.88257, 34.07477], [-119.88335, 34.07487], [-119.88335, 34.08667], [-119.85001, 34.08334]]]}, "properties": {"id": "mpa-painted-cave-state-marine-conservation-area", "name": "Painted Cave State Marine Conservation Area", "kind": "mpa", "designation": "SMCA"}}, {"type": "Feature", "geometry": {"type": "Polygon", "coordinates": [[[-118.36635, 33.42501], [-118.36635, 33.40634], [-118.36883, 33.40688], [-118.36974, 33.40858], [-118.37274, 33.40996], [-118.38214, 33.40973], [-118.38918, 33.41762], [-118.39399, 33.41684], [-118.39574, 33.41584], [-118.39733, 33.4164], [-118.39847, 33.41827], [-118.40001, 33.41837], [-118.40001, 33.42501], [-118.36635, 33.42501]]]}, "properties": {"id": "mpa-long-point-state-marine-reserve", "name": "Long Point State Marine Reserve", "kind": "mpa", "designation": "SMR"}}, {"type": "Feature", "geometry": {"type": "Polygon", "coordinates": [[[-121.93613, 36.63703], [-121.93781, 36.63602], [-121.93755, 36.63546], [-121.93877, 36.63412], [-121.93878, 36.63256], [-121.93753, 36.62994], [-121.93816, 36.62713], [-121.9403, 36.62648], [-121.93965, 36.62521], [-121.94044, 36.62483], [-121.9405, 36.62361], [-121.94171, 36.62337], [-121.94133, 36.6224], [-121.94196, 36.62064], [-121.94123, 36.61923], [-121.94215, 36.61698], [-121.94609, 36.61411], [-121.94709, 36.61118], [-121.94923, 36.60919], [-121.95248, 36.60847], [-121.95692, 36.61012], [-121.95865, 36.60924], [-121.94335, 36.64834], [-121.93821, 36.63857], [-121.93613, 36.63703]]]}, "properties": {"id": "mpa-asilomar-state-marine-reserve", "name": "Asilomar State Marine Reserve", "kind": "mpa", "designation": "SMR"}}, {"type": "Feature", "geometry": {"type": "Polygon", "coordinates": [[[-119.96668, 33.98334], [-119.96668, 33.95167], [-119.97096, 33.95167], [-119.97325, 33.95487], [-119.9766, 33.95593], [-119.97762, 33.95725], [-119.97731, 33.96038], [-119.97885, 33.96322], [-119.97787, 33.9668], [-119.97924, 33.96706], [-119.98, 33.96846], [-119.98056, 33.97704], [-119.97885, 33.98118], [-119.98308, 33.98334], [-119.96668, 33.98334]]]}, "properties": {"id": "mpa-skunk-point-state-marine-reserve", "name": "Skunk Point State Marine Reserve", "kind": "mpa", "designation": "SMR"}}, {"type": "Feature", "geometry": {"type": "Polygon", "coordinates": [[[-117.25421, 32.86607], [-117.27334, 32.86607], [-117.27334, 32.88334], [-117.25278, 32.88334], [-117.25148, 32.87965], [-117.25126, 32.87494], [-117.25318, 32.87139], [-117.25421, 32.86607]]]}, "properties": {"id": "mpa-san-diego-scripps-coastal-state-marine-conservation-area", "name": "San Diego-Scripps Coastal State Marine Conservation Area", "kind": "mpa", "designation": "SMCA"}}, {"type": "Feature", "geometry": {"type": "Polygon", "coordinates": [[[-122.88217, 38.02744], [-122.88421, 38.02761], [-122.88477, 38.02715], [-122.88646, 38.02861], [-122.88626, 38.0274], [-122.88658, 38.02716], [-122.88759, 38.02727], [-122.88948, 38.0296], [-122.89185, 38.02881], [-122.89509, 38.03002], [-122.89669, 38.02917], [-122.90704, 38.03097], [-122.91074, 38.03075], [-122.91185, 38.03], [-122.91686, 38.03052], [-122.92145, 38.02972], [-122.93942, 38.03236], [-122.93728, 38.03335], [-122.93897, 38.03373], [-122.94067, 38.03526], [-122.94203, 38.03861], [-122.94627, 38.04167], [-122.9483, 38.04434], [-122.93585, 38.04434], [-122.93333, 38.04308], [-122.93268, 38.0439], [-122.93213, 38.04346], [-122.93314, 38.04298], [-122.93212, 38.04202], [-122.9323, 38.03813], [-122.93127, 38.03565], [-122.92678, 38.03594], [-122.92516, 38.03518], [-122.92408, 38.03305], [-122.91991, 38.03295], [-122.91874, 38.03361], [-122.91803, 38.03564], [-122.91832, 38.03901], [-122.91799, 38.03524], [-122.91724, 38.03384], [-122.91446, 38.03324], [-122.91338, 38.0339], [-122.91271, 38.03634], [-122.91342, 38.03805], [-122.91253, 38.04205], [-122.91019, 38.04532], [-122.90998, 38.05084], [-122.9106, 38.05142], [-122.9095, 38.05177], [-122.9093, 38.05111], [-122.90882, 38.05078], [-122.90919, 38.05175], [-122.9067, 38.05404], [-122.90565, 38.05421], [-122.90551, 38.05324], [-122.90661, 38.05197], [-122.90844, 38.05027], [-122.90905, 38.05047], [-122.90538, 38.04738], [-122.90724, 38.04409], [-122.90538, 38.04388], [-122.90402, 38.04195], [-122.90568, 38.04001], [-122.90605, 38.03693], [-122.90866, 38.0347], [-122.90835, 38.03389], [-122.90693, 38.03281], [-122.90202, 38.03152], [-122.89616, 38.03175], [-122.89328, 38.03396], [-122.89401, 38.03534], [-122.8922, 38.03875], [-122.89099, 38.03669], [-122.89128, 38.03476], [-122.89275, 38.03396], [-122.89145, 38.03373], [-122.8918, 38.03285], [-122.89115, 38.03175], [-122.88756, 38.0295], [-122.88595, 38.03123], [-122.88628, 38.03216], [-122.88561, 38.03293], [-122.88491, 38.03314], [-122.88445, 38.03293], [-122.88463, 38.03341], [-122.8844, 38.03358], [-122.88409, 38.0335], [-122.88408, 38.03364], [-122.88402, 38.03347], [-122.88459, 38.03337], [-122.88442, 38.03287], [-122.88539, 38.03281], [-122.88428, 38.03236], [-122.88444, 38.02816], [-122.88217, 38.02744]], [[-122.88713, 38.02761], [-122.88672, 38.02734], [-122.88651, 38.02751], [-122.88713, 38.02761]]]}, "properties": {"id": "mpa-estero-de-limantour-state-marine-reserve", "name": "Estero de Limantour State Marine Reserve", "kind": "mpa", "designation": "SMR"}}, {"type": "Feature", "geometry": {"type": "Polygon", "coordinates": [[[-117.8937, 33.61508], [-117.89528, 33.61585], [-117.89407, 33.61895], [-117.89737, 33.61894], [-117.89753, 33.6201], [-117.89977, 33.62013], [-117.89765, 33.61964], [-117.89759, 33.6191], [-117.90062, 33.61883], [-117.90218, 33.61747], [-117.90561, 33.61691], [-117.90496, 33.61936], [-117.90256, 33.62141], [-117.89556, 33.62154], [-117.89566, 33.62218], [-117.89702, 33.62222], [-117.89642, 33.62321], [-117.89402, 33.62183], [-117.89375, 33.62226], [-117.89594, 33.62429], [-117.89344, 33.62287], [-117.89365, 33.62584], [-117.89034, 33.62701], [-117.89012, 33.62852], [-117.89155, 33.63112], [-117.89031, 33.63273], [-117.89211, 33.63436], [-117.88978, 33.63849], [-117.8905, 33.64163], [-117.89245, 33.64432], [-117.89181, 33.64416], [-117.89208, 33.6447], [-117.89066, 33.64684], [-117.89026, 33.65], [-117.88904, 33.65043], [-117.88857, 33.65161], [-117.88374, 33.65298], [-117.88434, 33.65241], [-117.87933, 33.65164], [-117.8756, 33.64932], [-117.87295, 33.64983], [-117.8714, 33.65137], [-117.86926, 33.65164], [-117.87039, 33.65169], [-117.869, 33.65247], [-117.86747, 33.65251], [-117.86691, 33.65046], [-117.86724, 33.64732], [-117.87061, 33.64565], [-117.87349, 33.64606], [-117.87395, 33.64678], [-117.8752, 33.64575], [-117.87887, 33.64703], [-117.88077, 33.64662], [-117.88232, 33.64565], [-117.88273, 33.6432], [-117.88635, 33.64066], [-117.88699, 33.63634], [-117.88464, 33.63321], [-117.88611, 33.62974], [-117.88424, 33.62839], [-117.88393, 33.62682], [-117.88649, 33.62375], [-117.88889, 33.6234], [-117.89046, 33.62064], [-117.89217, 33.62216], [-117.89298, 33.62032], [-117.89169, 33.61988], [-117.89121, 33.62066], [-117.89081, 33.62006], [-117.89146, 33.61902], [-117.8927, 33.61949], [-117.89187, 33.61765], [-117.89208, 33.61604], [-117.8937, 33.61508]], [[-117.88477, 33.64733], [-117.88644, 33.64875], [-117.88675, 33.64846], [-117.88649, 33.64785], [-117.88477, 33.64733]], [[-117.87063, 33.64725], [-117.86876, 33.64739], [-117.86811, 33.64789], [-117.87063, 33.64725]], [[-117.88728, 33.62609], [-117.88643, 33.62576], [-117.88628, 33.62628], [-117.88728, 33.62609]], [[-117.89101, 33.62257], [-117.88987, 33.6253], [-117.88983, 33.62561], [-117.89033, 33.62472], [-117.89098, 33.62551], [-117.89091, 33.62317], [-117.89163, 33.6231], [-117.89101, 33.62257]], [[-117.88903, 33.62601], [-117.8883, 33.62598], [-117.88827, 33.62616], [-117.88903, 33.62601]], [[-117.88793, 33.62608], [-117.88768, 33.626], [-117.88768, 33.62613], [-117.88793, 33.62608]], [[-117.90285, 33.61839], [-117.90173, 33.61979], [-117.9, 33.62035], [-117.90175, 33.62013], [-117.90285, 33.61839]], [[-117.86849, 33.6512], [-117.86806, 33.65123], [-117.8691, 33.65165], [-117.86849, 33.6512]]]}, "properties": {"id": "mpa-upper-newport-bay-state-marine-conservation-area", "name": "Upper Newport Bay State Marine Conservation Area", "kind": "mpa", "designation": "SMCA"}}, {"type": "Feature", "geometry": {"type": "Polygon", "coordinates": [[[-117.26037, 32.85282], [-117.26327, 32.851], [-117.26513, 32.84862], [-117.26762, 32.8486], [-117.27002, 32.8501], [-117.27046, 32.8496], [-117.27127, 32.85037], [-117.27298, 32.85042], [-117.27334, 32.86607], [-117.25421, 32.86607], [-117.25584, 32.85994], [-117.26037, 32.85282]]]}, "properties": {"id": "mpa-matlahuayl-state-marine-reserve", "name": "Matlahuayl State Marine Reserve", "kind": "mpa", "designation": "SMR"}}, {"type": "Feature", "geometry": {"type": "Polygon", "coordinates": [[[-121.92335, 36.645], [-121.91251, 36.62667], [-121.91788, 36.62663], [-121.92137, 36.6282], [-121.92233, 36.63069], [-121.92199, 36.63206], [-121.9253, 36.63533], [-121.9276, 36.63538], [-121.92784, 36.63623], [-121.92998, 36.63696], [-121.93321, 36.63678], [-121.93463, 36.63761], [-121.936, 36.63711], [-121.93821, 36.63857], [-121.94335, 36.64834], [-121.92335, 36.645]]]}, "properties": {"id": "mpa-pacific-grove-marine-gardens-state-marine-conservation-area", "name": "Pacific Grove Marine Gardens State Marine Conservation Area", "kind": "mpa", "designation": "SMCA"}}, {"type": "Feature", "geometry": {"type": "MultiPolygon", "coordinates": [[[[-122.49717, 37.92873], [-122.49733, 37.93245], [-122.48793, 37.93254], [-122.48791, 37.93438], [-122.47918, 37.93425], [-122.47918, 37.92884], [-122.49717, 37.92873]]], [[[-122.50751, 37.92379], [-122.51026, 37.92405], [-122.51067, 37.92702], [-122.50866, 37.92826], [-122.50709, 37.93681], [-122.51211, 37.93604], [-122.51237, 37.93755], [-122.51102, 37.93746], [-122.51108, 37.93883], [-122.5126, 37.93867], [-122.51338, 37.94141], [-122.51136, 37.94079], [-122.50658, 37.94195], [-122.50472, 37.9417], [-122.49737, 37.93737], [-122.49733, 37.93245], [-122.5002, 37.93246], [-122.50007, 37.92876], [-122.50182, 37.92869], [-122.49977, 37.92569], [-122.5016, 37.92552], [-122.50308, 37.92428], [-122.50579, 37.92499], [-122.50751, 37.92379]]]]}, "properties": {"id": "mpa-corte-madera-marsh-state-marine-park", "name": "Corte Madera Marsh State Marine Park", "kind": "mpa", "designation": "SMP"}}, {"type": "Feature", "geometry": {"type": "Polygon", "coordinates": [[[-120.82399, 35.3392], [-120.82219, 35.33941], [-120.82459, 35.33857], [-120.82366, 35.33527], [-120.82287, 35.33528], [-120.82254, 35.33626], [-120.81978, 35.33524], [-120.81664, 35.33154], [-120.81673, 35.33049], [-120.81873, 35.33312], [-120.81996, 35.33267], [-120.8207, 35.33367], [-120.82615, 35.33648], [-120.82965, 35.33498], [-120.83339, 35.33132], [-120.83715, 35.33109], [-120.83903, 35.33203], [-120.83903, 35.34376], [-120.83346, 35.34853], [-120.83221, 35.35076], [-120.82845, 35.35301], [-120.82843, 35.35068], [-120.82599, 35.34661], [-120.82612, 35.34394], [-120.82399, 35.3392]]]}, "properties": {"id": "mpa-morro-bay-state-marine-reserve", "name": "Morro Bay State Marine Reserve", "kind": "mpa", "designation": "SMR"}}, {"type": "Feature", "geometry": {"type": "Polygon", "coordinates": [[[-120.42741, 34.02277], [-120.43634, 34.0268], [-120.43899, 34.0268], [-120.44096, 34.02869], [-120.44304, 34.02722], [-120.44476, 34.02727], [-120.44635, 34.02826], [-120.44817, 34.02658], [-120.45123, 34.02628], [-120.45482, 34.02785], [-120.45569, 34.03017], [-120.45486, 34.03157], [-120.45293, 34.03266], [-120.45356, 34.03492], [-120.45234, 34.0364], [-120.45215, 34.03816], [-120.45083, 34.03943], [-120.44516, 34.0407], [-120.44133, 34.03948], [-120.43591, 34.04383], [-120.43386, 34.04694], [-120.43185, 34.04331], [-120.43646, 34.03995], [-120.43727, 34.0382], [-120.4399, 34.03653], [-120.44095, 34.03687], [-120.44169, 34.0363], [-120.44602, 34.03761], [-120.44569, 34.03677], [-120.44654, 34.03631], [-120.44876, 34.03729], [-120.44937, 34.03696], [-120.44858, 34.03573], [-120.45029, 34.0342], [-120.44737, 34.03369], [-120.44757, 34.03137], [-120.44495, 34.03112], [-120.44366, 34.03014], [-120.44126, 34.03122], [-120.43918, 34.03126], [-120.43776, 34.03039], [-120.43777, 34.02945], [-120.43647, 34.03014], [-120.43582, 34.02939], [-120.43464, 34.02962], [-120.43423, 34.02868], [-120.43221, 34.02816], [-120.43124, 34.0271], [-120.42905, 34.02689], [-120.42751, 34.02569], [-120.4246, 34.02714], [-120.4229, 34.02694], [-120.42112, 34.02351], [-120.4242, 34.02408], [-120.42741, 34.02277]], [[-120.4502, 34.02875], [-120.44862, 34.03011], [-120.45115, 34.03055], [-120.45217, 34.03003], [-120.4502, 34.02875]], [[-120.44413, 34.02824], [-120.44381, 34.02855], [-120.44421, 34.02844], [-120.44413, 34.02824]], [[-120.45303, 34.02772], [-120.45275, 34.02808], [-120.45313, 34.02787], [-120.45303, 34.02772]]]}, "properties": {"id": "mpa-san-miguel-island-special-closure", "name": "San Miguel Island Special Closure", "kind": "mpa", "designation": "Special Closure"}}, {"type": "Feature", "geometry": {"type": "Polygon", "coordinates": [[[-123.14299, 38.45633], [-123.14051, 38.45626], [-123.13521, 38.45453], [-123.12993, 38.45132], [-123.12733, 38.4474], [-123.12597, 38.4426], [-123.12637, 38.44123], [-123.12779, 38.4411], [-123.12835, 38.43967], [-123.14301, 38.43967], [-123.14299, 38.45633]]]}, "properties": {"id": "mpa-russian-river-state-marine-conservation-area", "name": "Russian River State Marine Conservation Area", "kind": "mpa", "designation": "SMCA"}}, {"type": "Feature", "geometry": {"type": "MultiPolygon", "coordinates": [[[[-122.04027, 38.21322], [-122.04531, 38.21985], [-122.04396, 38.22025], [-122.04268, 38.2253], [-122.04146, 38.2264], [-122.03936, 38.22579], [-122.0381, 38.22651], [-122.03687, 38.22552], [-122.03602, 38.22674], [-122.03452, 38.22479], [-122.03521, 38.2229], [-122.03296, 38.22226], [-122.03163, 38.2184], [-122.03658, 38.21398], [-122.04027, 38.21322]]], [[[-122.04546, 38.22013], [-122.04566, 38.22093], [-122.04804, 38.2208], [-122.04746, 38.22192], [-122.04909, 38.22175], [-122.05135, 38.22262], [-122.05156, 38.2217], [-122.05204, 38.22234], [-122.05214, 38.22354], [-122.04833, 38.23053], [-122.04461, 38.23042], [-122.03884, 38.23146], [-122.03898, 38.23299], [-122.03779, 38.23318], [-122.03469, 38.22635], [-122.03586, 38.22712], [-122.03658, 38.22692], [-122.03667, 38.22596], [-122.03793, 38.22681], [-122.03925, 38.22605], [-122.04154, 38.22676], [-122.04318, 38.22533], [-122.04441, 38.22034], [-122.04546, 38.22013]]]]}, "properties": {"id": "mpa-peytonia-slough-state-marine-park", "name": "Peytonia Slough State Marine Park", "kind": "mpa", "designation": "SMP"}}, {"type": "Feature", "geometry": {"type": "Polygon", "coordinates": [[[-124.25001, 40.71667], [-124.25001, 40.70001], [-124.26904, 40.70001], [-124.26681, 40.70372], [-124.26401, 40.70566], [-124.26403, 40.70632], [-124.26302, 40.70634], [-124.26315, 40.70903], [-124.25966, 40.71386], [-124.25879, 40.71667], [-124.25001, 40.71667]]]}, "properties": {"id": "mpa-south-humboldt-bay-state-marine-recreational-managment-area", "name": "South Humboldt Bay State Marine Recreational Managment Area", "kind": "mpa", "designation": "SMRMA"}}, {"type": "Feature", "geometry": {"type": "MultiPolygon", "coordinates": [[[[-118.03734, 33.68725], [-118.03925, 33.68917], [-118.04062, 33.6889], [-118.04643, 33.69511], [-118.046, 33.69574], [-118.04724, 33.69606], [-118.05311, 33.70295], [-118.05135, 33.70273], [-118.04968, 33.69965], [-118.04888, 33.6988], [-118.0481, 33.6985], [-118.04715, 33.69843], [-118.04547, 33.69882], [-118.04488, 33.69841], [-118.04485, 33.69674], [-118.0365, 33.69005], [-118.03631, 33.688], [-118.03734, 33.68725]]], [[[-118.04888, 33.7033], [-118.05302, 33.70316], [-118.04598, 33.70451], [-118.04888, 33.7033]]], [[[-118.03516, 33.68302], [-118.0359, 33.68381], [-118.03496, 33.68482], [-118.0371, 33.68709], [-118.03611, 33.68793], [-118.03634, 33.69017], [-118.03854, 33.69193], [-118.03921, 33.69336], [-118.04457, 33.69755], [-118.04404, 33.69845], [-118.04528, 33.69893], [-118.0479, 33.69859], [-118.04921, 33.69926], [-118.05082, 33.70206], [-118.05043, 33.70269], [-118.04483, 33.70486], [-118.04426, 33.70402], [-118.04261, 33.70433], [-118.04182, 33.7024], [-118.03282, 33.69606], [-118.03288, 33.69145], [-118.03412, 33.69119], [-118.03289, 33.69017], [-118.03293, 33.68492], [-118.03516, 33.68302]]], [[[-118.04737, 33.69915], [-118.04729, 33.69998], [-118.045, 33.69932], [-118.04522, 33.70206], [-118.04866, 33.70149], [-118.04737, 33.69915]]]]}, "properties": {"id": "mpa-bolsa-chica-basin-state-marine-conservation-area", "name": "Bolsa Chica Basin State Marine Conservation Area", "kind": "mpa", "designation": "SMCA (No-Take)"}}, {"type": "Feature", "geometry": {"type": "Polygon", "coordinates": [[[-122.7282, 37.9098], [-122.72691, 37.90385], [-122.72604, 37.90321], [-122.72158, 37.90186], [-122.71839, 37.90205], [-122.71365, 37.90052], [-122.70958, 37.89598], [-122.70145, 37.89422], [-122.7001, 37.8953], [-122.70035, 37.89617], [-122.69853, 37.89418], [-122.70107, 37.89137], [-122.70599, 37.89185], [-122.71211, 37.89394], [-122.71583, 37.89814], [-122.726, 37.89996], [-122.72956, 37.90169], [-122.73066, 37.90326], [-122.73203, 37.90957], [-122.7338, 37.912], [-122.7351, 37.91679], [-122.73842, 37.92316], [-122.73633, 37.92524], [-122.73144, 37.91738], [-122.73031, 37.91289], [-122.7282, 37.9098]]]}, "properties": {"id": "mpa-duxbury-reef-state-marine-conservation-area", "name": "Duxbury Reef State Marine Conservation Area", "kind": "mpa", "designation": "SMCA"}}, {"type": "Feature", "geometry": {"type": "Polygon", "coordinates": [[[-122.96646, 37.98697], [-122.9687, 37.9877], [-122.97401, 37.98771], [-122.97662, 37.98967], [-122.97839, 37.99012], [-122.98722, 37.98942], [-122.99088, 37.99163], [-122.99461, 37.99017], [-122.99777, 37.99102], [-123.00251, 37.99032], [-123.00627, 37.99064], [-123.00913, 37.99246], [-123.01353, 37.99131], [-123.01669, 37.99142], [-123.01668, 37.99417], [-123.01622, 37.99443], [-123.01408, 37.99402], [-123.01202, 37.99575], [-123.00996, 37.9951], [-123.00797, 37.99571], [-123.00597, 37.99512], [-123.00568, 37.99356], [-123.00335, 37.99307], [-123.00117, 37.99321], [-123.00055, 37.99404], [-122.99933, 37.99349], [-122.99629, 37.99431], [-122.99452, 37.99282], [-122.99316, 37.99422], [-122.99063, 37.9947], [-122.98778, 37.99323], [-122.9862, 37.99332], [-122.98693, 37.99278], [-122.98617, 37.99284], [-122.98657, 37.99249], [-122.98596, 37.99205], [-122.98609, 37.99292], [-122.98518, 37.99321], [-122.98038, 37.99249], [-122.97381, 37.99276], [-122.97282, 37.99199], [-122.97334, 37.99122], [-122.97243, 37.99028], [-122.96819, 37.99058], [-122.96335, 37.98984], [-122.96336, 37.98758], [-122.96646, 37.98697]], [[-123.01618, 37.99416], [-123.01597, 37.99411], [-123.01596, 37.9942], [-123.01618, 37.99416]]]}, "properties": {"id": "mpa-point-reyes-headlands-special-closure", "name": "Point Reyes Headlands Special Closure", "kind": "mpa", "designation": "Special Closure"}}, {"type": "Feature", "geometry": {"type": "MultiPolygon", "coordinates": [[[[-122.30048, 38.21171], [-122.30048, 38.21777], [-122.29813, 38.21914], [-122.29798, 38.22013], [-122.29342, 38.22019], [-122.29048, 38.22292], [-122.28657, 38.22283], [-122.28672, 38.22037], [-122.28586, 38.21835], [-122.28655, 38.21443], [-122.28546, 38.21343], [-122.28624, 38.21189], [-122.30048, 38.21171]]], [[[-122.30574, 38.21886], [-122.30989, 38.21966], [-122.30649, 38.22556], [-122.30305, 38.22648], [-122.3025, 38.22092], [-122.2985, 38.21983], [-122.29973, 38.21909], [-122.30574, 38.21886]]]]}, "properties": {"id": "mpa-fagan-marsh-state-marine-park", "name": "Fagan Marsh State Marine Park", "kind": "mpa", "designation": "SMP"}}, {"type": "Feature", "geometry": {"type": "Polygon", "coordinates": [[[-118.53123, 33.47565], [-118.52728, 33.47088], [-118.52689, 33.46916], [-118.52214, 33.4687], [-118.52005, 33.46765], [-118.51878, 33.46605], [-118.51888, 33.46385], [-118.51641, 33.46276], [-118.51332, 33.45958], [-118.50768, 33.45801], [-118.50348, 33.45593], [-118.50039, 33.45574], [-118.49835, 33.454], [-118.50149, 33.4529], [-118.50459, 33.45309], [-118.50827, 33.45452], [-118.50887, 33.45556], [-118.51022, 33.45501], [-118.51103, 33.45569], [-118.51227, 33.45537], [-118.51268, 33.45637], [-118.51586, 33.45698], [-118.51665, 33.45883], [-118.51853, 33.45915], [-118.51836, 33.46043], [-118.52259, 33.46182], [-118.52332, 33.4633], [-118.52217, 33.46428], [-118.5223, 33.4655], [-118.52531, 33.46526], [-118.53077, 33.46788], [-118.53114, 33.46929], [-118.53012, 33.46952], [-118.53173, 33.4704], [-118.53211, 33.47235], [-118.53384, 33.47384], [-118.53519, 33.47405], [-118.53849, 33.47751], [-118.53851, 33.48034], [-118.53614, 33.47972], [-118.53123, 33.47565]]]}, "properties": {"id": "mpa-arrow-point-to-lion-head-point-state-marine-conservation-area", "name": "Arrow Point to Lion Head Point State Marine Conservation Area", "kind": "mpa", "designation": "SMCA"}}, {"type": "Feature", "geometry": {"type": "Polygon", "coordinates": [[[-122.46567, 37.96219], [-122.47636, 37.96671], [-122.47636, 37.96825], [-122.46989, 37.96843], [-122.4698, 37.97494], [-122.4721, 37.97494], [-122.47204, 37.97146], [-122.47649, 37.97129], [-122.47654, 37.97395], [-122.47465, 37.97546], [-122.45726, 37.97554], [-122.45838, 37.973], [-122.46022, 37.97144], [-122.46015, 37.96997], [-122.4634, 37.9668], [-122.4615, 37.96471], [-122.46473, 37.9633], [-122.46567, 37.96219]], [[-122.47205, 37.96537], [-122.47258, 37.96619], [-122.47384, 37.96655], [-122.47368, 37.9657], [-122.47205, 37.96537]], [[-122.46831, 37.96366], [-122.46591, 37.96472], [-122.4668, 37.96545], [-122.4679, 37.96476], [-122.47054, 37.96513], [-122.46831, 37.96366]]]}, "properties": {"id": "mpa-marin-islands-state-marine-park", "name": "Marin Islands State Marine Park", "kind": "mpa", "designation": "SMP"}}, {"type": "Feature", "geometry": {"type": "Polygon", "coordinates": [[[-121.96001, 36.56084], [-121.96001, 36.55167], [-121.97501, 36.55167], [-121.97501, 36.56084], [-121.96001, 36.56084]]]}, "properties": {"id": "mpa-carmel-pinnacles-state-marine-reserve", "name": "Carmel Pinnacles State Marine Reserve", "kind": "mpa", "designation": "SMR"}}, {"type": "Feature", "geometry": {"type": "Polygon", "coordinates": [[[-117.29545, 33.08566], [-117.29608, 33.08622], [-117.29452, 33.08709], [-117.29491, 33.08811], [-117.29872, 33.08882], [-117.29909, 33.08782], [-117.29799, 33.08673], [-117.29881, 33.08614], [-117.30351, 33.09392], [-117.30251, 33.0932], [-117.30172, 33.09373], [-117.29909, 33.09166], [-117.29587, 33.09079], [-117.28905, 33.0907], [-117.28503, 33.09206], [-117.28162, 33.09117], [-117.28114, 33.0926], [-117.27905, 33.09366], [-117.27766, 33.09116], [-117.27206, 33.09279], [-117.2703, 33.09091], [-117.26926, 33.08779], [-117.27404, 33.08683], [-117.27869, 33.08834], [-117.28352, 33.08808], [-117.28505, 33.08737], [-117.28913, 33.0882], [-117.29545, 33.08566]], [[-117.27356, 33.08973], [-117.27278, 33.0905], [-117.27402, 33.09083], [-117.27429, 33.09023], [-117.27356, 33.08973]]]}, "properties": {"id": "mpa-batiquitos-lagoon-state-marine-conservation-area", "name": "Batiquitos Lagoon State Marine Conservation Area", "kind": "mpa", "designation": "SMCA (No-Take)"}}, {"type": "Feature", "geometry": {"type": "Polygon", "coordinates": [[[-117.27688, 33.00247], [-117.27882, 33.00995], [-117.27855, 33.01141], [-117.28096, 33.01634], [-117.27876, 33.01333], [-117.27612, 33.01449], [-117.27483, 33.01346], [-117.27413, 33.01136], [-117.27171, 33.01184], [-117.26955, 33.00969], [-117.26688, 33.00877], [-117.26211, 33.01116], [-117.25897, 33.0144], [-117.25664, 33.01514], [-117.25605, 33.01267], [-117.2542, 33.01249], [-117.25477, 33.01086], [-117.25753, 33.0086], [-117.25989, 33.0093], [-117.26092, 33.00821], [-117.26334, 33.01002], [-117.2645, 33.00989], [-117.2628, 33.00711], [-117.26552, 33.00573], [-117.26782, 33.00595], [-117.26959, 33.00435], [-117.27159, 33.00398], [-117.27299, 33.00454], [-117.27371, 33.00514], [-117.27305, 33.00645], [-117.27328, 33.00653], [-117.27429, 33.00413], [-117.27437, 33.00259], [-117.27578, 33.00603], [-117.27469, 33.00645], [-117.27506, 33.00763], [-117.27623, 33.00772], [-117.2775, 33.0133], [-117.27697, 33.01006], [-117.27543, 33.00435], [-117.27834, 33.01276], [-117.27572, 33.00368], [-117.27688, 33.00247]], [[-117.25993, 33.00938], [-117.2598, 33.00944], [-117.25986, 33.01278], [-117.25993, 33.00938]], [[-117.25584, 33.01105], [-117.25518, 33.0115], [-117.25517, 33.0119], [-117.25581, 33.01176], [-117.25584, 33.01105]], [[-117.25802, 33.00941], [-117.25679, 33.00999], [-117.25668, 33.01067], [-117.25823, 33.00998], [-117.25802, 33.00941]]]}, "properties": {"id": "mpa-san-elijo-lagoon-state-marine-conservation-area", "name": "San Elijo Lagoon State Marine Conservation Area", "kind": "mpa", "designation": "SMCA (No-Take)"}}, {"type": "Feature", "geometry": {"type": "Polygon", "coordinates": [[[-123.83335, 39.34334], [-123.83335, 39.35667], [-123.82365, 39.35667], [-123.82165, 39.35548], [-123.8211, 39.35367], [-123.82432, 39.3535], [-123.8263, 39.35187], [-123.82581, 39.35155], [-123.82635, 39.35038], [-123.82546, 39.34992], [-123.82676, 39.34987], [-123.82553, 39.34902], [-123.82761, 39.34929], [-123.82651, 39.3479], [-123.82479, 39.34853], [-123.82629, 39.34721], [-123.825, 39.34703], [-123.82544, 39.34629], [-123.82379, 39.34478], [-123.82258, 39.34541], [-123.82282, 39.34412], [-123.82224, 39.34355], [-123.82134, 39.34458], [-123.82071, 39.34438], [-123.82111, 39.34334], [-123.83335, 39.34334]], [[-123.82375, 39.35638], [-123.82351, 39.35632], [-123.82369, 39.35646], [-123.82375, 39.35638]], [[-123.82405, 39.35403], [-123.8235, 39.35391], [-123.82347, 39.35398], [-123.82405, 39.35403]], [[-123.82834, 39.34914], [-123.82821, 39.34912], [-123.82826, 39.34921], [-123.82834, 39.34914]], [[-123.82697, 39.34773], [-123.82682, 39.3478], [-123.827, 39.34781], [-123.82697, 39.34773]], [[-123.82747, 39.34714], [-123.82718, 39.34727], [-123.82745, 39.34762], [-123.82747, 39.34714]], [[-123.82557, 39.34539], [-123.82545, 39.34551], [-123.82562, 39.34555], [-123.82557, 39.34539]], [[-123.82369, 39.34382], [-123.82354, 39.34401], [-123.8238, 39.3442], [-123.82369, 39.34382]]]}, "properties": {"id": "mpa-point-cabrillo-state-marine-reserve", "name": "Point Cabrillo State Marine Reserve", "kind": "mpa", "designation": "SMR"}}, {"type": "Feature", "geometry": {"type": "Polygon", "coordinates": [[[-117.24701, 32.67667], [-117.24616, 32.67428], [-117.24526, 32.67427], [-117.24545, 32.66953], [-117.24468, 32.66876], [-117.24462, 32.66644], [-117.24271, 32.66487], [-117.23835, 32.66667], [-117.23835, 32.66167], [-117.25001, 32.66167], [-117.25001, 32.67667], [-117.24701, 32.67667]]]}, "properties": {"id": "mpa-cabrillo-state-marine-reserve", "name": "Cabrillo State Marine Reserve", "kind": "mpa", "designation": "SMR"}}, {"type": "Feature", "geometry": {"type": "Polygon", "coordinates": [[[-123.13185, 38.45267], [-123.12901, 38.45247], [-123.12477, 38.44996], [-123.11963, 38.45041], [-123.11474, 38.44893], [-123.11099, 38.44414], [-123.11081, 38.44115], [-123.10924, 38.43701], [-123.10563, 38.43538], [-123.10231, 38.43549], [-123.1011, 38.43407], [-123.10555, 38.43389], [-123.10969, 38.43495], [-123.11162, 38.437], [-123.11282, 38.44192], [-123.11477, 38.44433], [-123.11718, 38.44569], [-123.11957, 38.44598], [-123.11835, 38.44491], [-123.12554, 38.44735], [-123.13185, 38.45267]]]}, "properties": {"id": "mpa-russian-river-state-marine-recreational-management-area", "name": "Russian River State Marine Recreational Management Area", "kind": "mpa", "designation": "SMRMA"}}, {"type": "Feature", "geometry": {"type": "Polygon", "coordinates": [[[-122.24541, 37.55607], [-122.2455, 37.55473], [-122.24755, 37.55204], [-122.25282, 37.54855], [-122.2538, 37.54671], [-122.25352, 37.54402], [-122.25095, 37.54149], [-122.25126, 37.54014], [-122.25023, 37.54091], [-122.25042, 37.54218], [-122.24982, 37.54224], [-122.25133, 37.54592], [-122.24957, 37.54871], [-122.25029, 37.54873], [-122.2458, 37.55164], [-122.24434, 37.55058], [-122.22909, 37.54832], [-122.2259, 37.54585], [-122.22592, 37.54426], [-122.22801, 37.54269], [-122.23193, 37.53592], [-122.23318, 37.53489], [-122.23285, 37.53595], [-122.23367, 37.53826], [-122.22729, 37.54343], [-122.22603, 37.54567], [-122.22964, 37.54797], [-122.23414, 37.54831], [-122.23485, 37.54778], [-122.23552, 37.54836], [-122.24403, 37.54889], [-122.24506, 37.55062], [-122.24487, 37.55002], [-122.24736, 37.54934], [-122.24572, 37.54826], [-122.24623, 37.54771], [-122.24854, 37.54911], [-122.2501, 37.5476], [-122.25065, 37.5462], [-122.24886, 37.54115], [-122.2507, 37.53916], [-122.25351, 37.53814], [-122.25483, 37.53959], [-122.25671, 37.54007], [-122.25902, 37.53885], [-122.26013, 37.53078], [-122.26052, 37.53421], [-122.2613, 37.53318], [-122.2644, 37.53405], [-122.26098, 37.534], [-122.26063, 37.53963], [-122.25929, 37.54083], [-122.25734, 37.54157], [-122.25267, 37.54163], [-122.25393, 37.54475], [-122.25421, 37.54785], [-122.25005, 37.55247], [-122.247, 37.55352], [-122.248, 37.55468], [-122.24786, 37.55595], [-122.24646, 37.55483], [-122.24541, 37.55607]]]}, "properties": {"id": "mpa-redwood-shores-state-marine-park", "name": "Redwood Shores State Marine Park", "kind": "mpa", "designation": "SMP"}}, {"type": "Feature", "geometry": {"type": "Polygon", "coordinates": [[[-121.91251, 36.62667], [-121.89751, 36.623], [-121.89635, 36.62084], [-121.90156, 36.61834], [-121.90154, 36.61893], [-121.9036, 36.61954], [-121.90343, 36.62087], [-121.90418, 36.62169], [-121.90566, 36.62176], [-121.90588, 36.62062], [-121.90945, 36.62095], [-121.91036, 36.62223], [-121.91211, 36.62316], [-121.91416, 36.62297], [-121.91661, 36.62501], [-121.91533, 36.62667], [-121.91251, 36.62667]]]}, "properties": {"id": "mpa-lovers-point-julia-platt-state-marine-reserve", "name": "Lovers Point - Julia Platt State Marine Reserve", "kind": "mpa", "designation": "SMR"}}, {"type": "Feature", "geometry": {"type": "Polygon", "coordinates": [[[-118.50256, 33.43226], [-118.50432, 33.43105], [-118.50534, 33.42907], [-118.50559, 33.43096], [-118.50569, 33.42888], [-118.50685, 33.42792], [-118.50491, 33.42477], [-118.51256, 33.42205], [-118.51265, 33.42417], [-118.51193, 33.4251], [-118.51261, 33.42738], [-118.50973, 33.43013], [-118.50973, 33.43195], [-118.50666, 33.43219], [-118.50503, 33.43443], [-118.50176, 33.43617], [-118.50097, 33.43559], [-118.50263, 33.43328], [-118.50256, 33.43226]]]}, "properties": {"id": "mpa-cat-harbor-state-marine-conservation-area", "name": "Cat Harbor State Marine Conservation Area", "kind": "mpa", "designation": "SMCA"}}, {"type": "Feature", "geometry": {"type": "Polygon", "coordinates": [[[-122.30922, 37.89223], [-122.30967, 37.88879], [-122.31393, 37.89184], [-122.31617, 37.89189], [-122.31631, 37.89116], [-122.32068, 37.88986], [-122.32305, 37.88993], [-122.32355, 37.89121], [-122.32119, 37.8913], [-122.32111, 37.89496], [-122.32275, 37.89504], [-122.31253, 37.89732], [-122.31031, 37.89482], [-122.30922, 37.89223]]]}, "properties": {"id": "mpa-albany-mudflats-state-marine-park", "name": "Albany Mudflats State Marine Park", "kind": "mpa", "designation": "SMP"}}, {"type": "Feature", "geometry": {"type": "Polygon", "coordinates": [[[-122.1217, 36.96582], [-122.11926, 36.96263], [-122.11565, 36.96287], [-122.11336, 36.96198], [-122.10898, 36.95791], [-122.10548, 36.95627], [-122.1018, 36.95614], [-122.09994, 36.95492], [-122.09643, 36.95552], [-122.09187, 36.95419], [-122.08722, 36.95439], [-122.08634, 36.95247], [-122.08387, 36.95309], [-122.08345, 36.95216], [-122.0823, 36.95196], [-122.0802, 36.95335], [-122.07651, 36.95307], [-122.07743, 36.95393], [-122.07621, 36.95359], [-122.07569, 36.95041], [-122.07412, 36.95042], [-122.07362, 36.94965], [-122.07241, 36.95033], [-122.06992, 36.9489], [-122.06775, 36.94835], [-122.06668, 36.94889], [-122.06592, 36.94808], [-122.05982, 36.95007], [-122.05836, 36.95001], [-122.05836, 36.94932], [-122.06594, 36.94751], [-122.07614, 36.94987], [-122.07701, 36.95226], [-122.0788, 36.95269], [-122.08233, 36.95131], [-122.08494, 36.95237], [-122.08669, 36.95178], [-122.08796, 36.95329], [-122.09104, 36.95388], [-122.09205, 36.95324], [-122.09599, 36.95477], [-122.10029, 36.9543], [-122.1047, 36.95576], [-122.10591, 36.95506], [-122.11576, 36.96216], [-122.12004, 36.96174], [-122.12037, 36.96341], [-122.12243, 36.96523], [-122.12392, 36.9657], [-122.12523, 36.96534], [-122.12632, 36.96383], [-122.12751, 36.96418], [-122.12751, 36.96517], [-122.1265, 36.96451], [-122.12585, 36.96575], [-122.12406, 36.96639], [-122.1217, 36.96582]]]}, "properties": {"id": "mpa-natural-bridges-state-marine-reserve", "name": "Natural Bridges State Marine Reserve", "kind": "mpa", "designation": "SMR"}}, {"type": "Feature", "geometry": {"type": "Polygon", "coordinates": [[[-121.89635, 36.62084], [-121.88966, 36.60847], [-121.89531, 36.60945], [-121.89669, 36.61163], [-121.8976, 36.61183], [-121.89724, 36.61357], [-121.89832, 36.61533], [-121.8994, 36.61551], [-121.89944, 36.61659], [-121.90156, 36.61834], [-121.89635, 36.62084]]]}, "properties": {"id": "mpa-edward-f.-ricketts-state-marine-conservation-area", "name": "Edward F. Ricketts State Marine Conservation Area", "kind": "mpa", "designation": "SMCA"}}, {"type": "Feature", "geometry": {"type": "Polygon", "coordinates": [[[-123.73021, 38.93966], [-123.73118, 38.93931], [-123.72817, 38.93789], [-123.72599, 38.93577], [-123.7259, 38.93488], [-123.72697, 38.93453], [-123.72632, 38.93294], [-123.72705, 38.93328], [-123.72725, 38.93236], [-123.72637, 38.93039], [-123.72748, 38.931], [-123.72771, 38.93038], [-123.7271, 38.92924], [-123.72806, 38.92988], [-123.72872, 38.92938], [-123.73335, 38.92984], [-123.73335, 38.94], [-123.73021, 38.93966]]]}, "properties": {"id": "mpa-sea-lion-cove-state-marine-conservation-area", "name": "Sea Lion Cove State Marine Conservation Area", "kind": "mpa", "designation": "SMCA"}}, {"type": "Feature", "geometry": {"type": "Polygon", "coordinates": [[[-123.81668, 39.32451], [-123.81668, 39.331], [-123.81218, 39.3316], [-123.81161, 39.33144], [-123.81247, 39.33092], [-123.81132, 39.3303], [-123.81268, 39.33007], [-123.81172, 39.32932], [-123.81325, 39.3298], [-123.81189, 39.3287], [-123.81118, 39.32922], [-123.81161, 39.328], [-123.81111, 39.32755], [-123.8102, 39.3276], [-123.80966, 39.32882], [-123.80621, 39.32969], [-123.80516, 39.32858], [-123.80697, 39.32753], [-123.80459, 39.32682], [-123.8038, 39.3255], [-123.80461, 39.32475], [-123.80551, 39.32523], [-123.80835, 39.32451], [-123.81668, 39.32451]], [[-123.81353, 39.3293], [-123.81318, 39.32925], [-123.81347, 39.32954], [-123.81353, 39.3293]]]}, "properties": {"id": "mpa-russian-gulch-state-marine-conservation-area", "name": "Russian Gulch State Marine Conservation Area", "kind": "mpa", "designation": "SMCA"}}, {"type": "Feature", "geometry": {"type": "Polygon", "coordinates": [[[-121.77335, 36.82029], [-121.77335, 36.80975], [-121.77391, 36.80952], [-121.77662, 36.80947], [-121.78013, 36.81105], [-121.784, 36.80878], [-121.78495, 36.81064], [-121.78294, 36.81212], [-121.78295, 36.81345], [-121.78265, 36.81223], [-121.77998, 36.8134], [-121.77335, 36.82029]]]}, "properties": {"id": "mpa-elkhorn-slough-state-marine-conservation-area", "name": "Elkhorn Slough State Marine Conservation Area", "kind": "mpa", "designation": "SMCA"}}, {"type": "Feature", "geometry": {"type": "Polygon", "coordinates": [[[-123.51652, 38.74505], [-123.51508, 38.74331], [-123.51569, 38.74327], [-123.5135, 38.74283], [-123.51441, 38.74205], [-123.51154, 38.74066], [-123.50984, 38.74055], [-123.50807, 38.74139], [-123.50501, 38.7405], [-123.50501, 38.73667], [-123.51668, 38.73667], [-123.51652, 38.74505]]]}, "properties": {"id": "mpa-del-mar-landing-state-marine-reserve", "name": "Del Mar Landing State Marine Reserve", "kind": "mpa", "designation": "SMR"}}, {"type": "Feature", "geometry": {"type": "MultiPolygon", "coordinates": [[[[-123.09803, 37.76301], [-123.09989, 37.76371], [-123.0999, 37.76476], [-123.09827, 37.76517], [-123.09708, 37.7645], [-123.09695, 37.76353], [-123.09803, 37.76301]]], [[[-123.098, 37.76383], [-123.09837, 37.76435], [-123.09909, 37.76424], [-123.09848, 37.76393], [-123.098, 37.76383]]], [[[-123.10069, 37.76578], [-123.10205, 37.76649], [-123.10172, 37.7676], [-123.09934, 37.76873], [-123.09794, 37.76814], [-123.09808, 37.76647], [-123.10069, 37.76578]]], [[[-123.09916, 37.76699], [-123.0988, 37.76755], [-123.09918, 37.76792], [-123.0997, 37.7675], [-123.09916, 37.76699]]], [[[-123.10109, 37.7669], [-123.09992, 37.76686], [-123.09986, 37.76705], [-123.10109, 37.7669]]], [[[-123.09844, 37.7666], [-123.09826, 37.76654], [-123.09826, 37.76657], [-123.09844, 37.7666]]], [[[-123.10767, 37.76811], [-123.11063, 37.7694], [-123.11115, 37.77229], [-123.10971, 37.77432], [-123.10678, 37.77497], [-123.10434, 37.7738], [-123.10324, 37.77134], [-123.10455, 37.76903], [-123.10767, 37.76811]]], [[[-123.10701, 37.77279], [-123.10684, 37.77285], [-123.107, 37.77289], [-123.10701, 37.77279]]], [[[-123.10761, 37.77095], [-123.10698, 37.77111], [-123.10678, 37.77159], [-123.10735, 37.77226], [-123.10761, 37.77095]]], [[[-123.10815, 37.77194], [-123.10795, 37.77195], [-123.10799, 37.77204], [-123.10815, 37.77194]]], [[[-123.10812, 37.77092], [-123.10784, 37.77078], [-123.10781, 37.77084], [-123.10812, 37.77092]]]]}, "properties": {"id": "mpa-north-farallon-islands-special-closure", "name": "North Farallon Islands Special Closure", "kind": "mpa", "designation": "Special Closure"}}, {"type": "Feature", "geometry": {"type": "Polygon", "coordinates": [[[-121.77104, 36.79888], [-121.76845, 36.79744], [-121.76882, 36.79922], [-121.76716, 36.79742], [-121.7651, 36.79735], [-121.76545, 36.79867], [-121.76489, 36.79875], [-121.76417, 36.79784], [-121.76002, 36.7968], [-121.7573, 36.7947], [-121.75664, 36.79246], [-121.75352, 36.78893], [-121.75544, 36.78907], [-121.75806, 36.79391], [-121.76141, 36.79407], [-121.76453, 36.79679], [-121.76602, 36.79637], [-121.7664, 36.79535], [-121.76497, 36.79361], [-121.76861, 36.79345], [-121.76907, 36.79241], [-121.76825, 36.79171], [-121.76884, 36.79086], [-121.76854, 36.79189], [-121.76931, 36.79244], [-121.76911, 36.79331], [-121.76757, 36.794], [-121.76532, 36.79398], [-121.76689, 36.79577], [-121.76936, 36.79622], [-121.77108, 36.79785], [-121.77552, 36.79708], [-121.77558, 36.79585], [-121.77395, 36.79674], [-121.77325, 36.79671], [-121.77255, 36.79554], [-121.77314, 36.79452], [-121.77252, 36.79328], [-121.77314, 36.79357], [-121.77331, 36.79477], [-121.77274, 36.79555], [-121.77355, 36.79663], [-121.77564, 36.79571], [-121.77578, 36.79504], [-121.77525, 36.79486], [-121.7746, 36.79416], [-121.77421, 36.793], [-121.77605, 36.79414], [-121.77512, 36.79318], [-121.77535, 36.79283], [-121.77627, 36.79411], [-121.77594, 36.79428], [-121.77483, 36.7937], [-121.77461, 36.79397], [-121.7759, 36.79498], [-121.77581, 36.79557], [-121.77739, 36.79366], [-121.77861, 36.79331], [-121.77994, 36.79342], [-121.78333, 36.79577], [-121.78323, 36.79677], [-121.77864, 36.79395], [-121.77767, 36.79477], [-121.77679, 36.79773], [-121.77114, 36.799], [-121.77171, 36.80012], [-121.77111, 36.8007], [-121.77104, 36.79888]]]}, "properties": {"id": "mpa-moro-cojo-slough-state-marine-reserve", "name": "Moro Cojo Slough State Marine Reserve", "kind": "mpa", "designation": "SMR"}}, {"type": "Feature", "geometry": {"type": "Polygon", "coordinates": [[[-123.76611, 39.55332], [-123.76512, 39.55116], [-123.7628, 39.54958], [-123.7616, 39.5497], [-123.76011, 39.54767], [-123.75817, 39.54857], [-123.75612, 39.54793], [-123.75265, 39.54543], [-123.75139, 39.54318], [-123.74962, 39.54299], [-123.75133, 39.5415], [-123.75203, 39.54168], [-123.75198, 39.54088], [-123.75372, 39.5419], [-123.75272, 39.54078], [-123.74967, 39.53957], [-123.74617, 39.53971], [-123.75003, 39.53922], [-123.7527, 39.54018], [-123.7541, 39.54128], [-123.75551, 39.54396], [-123.75801, 39.54442], [-123.76613, 39.55033], [-123.76674, 39.55165], [-123.76611, 39.55332]]]}, "properties": {"id": "mpa-ten-mile-estuary-state-marine-conservation-area", "name": "Ten Mile Estuary State Marine Conservation Area", "kind": "mpa", "designation": "SMCA"}}, {"type": "Feature", "geometry": {"type": "Polygon", "coordinates": [[[-119.83002, 34.42126], [-119.8259, 34.42619], [-119.82969, 34.42121], [-119.8295, 34.42056], [-119.82351, 34.42266], [-119.82071, 34.42305], [-119.82431, 34.4221], [-119.82958, 34.41951], [-119.82913, 34.41786], [-119.82253, 34.41733], [-119.82704, 34.417], [-119.82992, 34.41777], [-119.83247, 34.41749], [-119.83419, 34.41801], [-119.83792, 34.41588], [-119.84151, 34.41661], [-119.84294, 34.41953], [-119.84625, 34.42109], [-119.84865, 34.42431], [-119.85141, 34.42445], [-119.84842, 34.4243], [-119.84611, 34.42117], [-119.84269, 34.41964], [-119.84159, 34.41738], [-119.84233, 34.42095], [-119.8414, 34.42252], [-119.83981, 34.42169], [-119.83797, 34.41832], [-119.83561, 34.41783], [-119.83563, 34.4188], [-119.83531, 34.41808], [-119.83499, 34.4186], [-119.83231, 34.41773], [-119.83009, 34.41799], [-119.82981, 34.42043], [-119.83101, 34.42247], [-119.83082, 34.42648], [-119.83072, 34.42244], [-119.83002, 34.42126]]]}, "properties": {"id": "mpa-goleta-slough-state-marine-conservation-area", "name": "Goleta Slough State Marine Conservation Area", "kind": "mpa", "designation": "SMCA (No-Take)"}}, {"type": "Feature", "geometry": {"type": "Polygon", "coordinates": [[[-123.00545, 37.69334], [-123.00468, 37.69449], [-123.00295, 37.69502], [-123.00483, 37.69635], [-123.00765, 37.69702], [-123.01001, 37.69694], [-123.01098, 37.69615], [-123.01277, 37.69657], [-123.01493, 37.69969], [-123.01455, 37.70143], [-123.01182, 37.70158], [-123.00805, 37.6997], [-123.00653, 37.70065], [-123.00636, 37.70331], [-123.00557, 37.70434], [-123.00293, 37.70434], [-123.00321, 37.70303], [-123.00423, 37.7027], [-123.00435, 37.70344], [-123.00499, 37.70253], [-123.00427, 37.70222], [-123.00463, 37.70086], [-123.00551, 37.70104], [-123.0045, 37.70017], [-123.00569, 37.70017], [-123.0053, 37.69909], [-123.00703, 37.69951], [-123.00641, 37.69824], [-123.00862, 37.69869], [-123.00855, 37.69794], [-123.00576, 37.69771], [-123.00565, 37.69708], [-123.00543, 37.6977], [-123.00383, 37.69767], [-123.00269, 37.69592], [-123.0027, 37.69411], [-123.00545, 37.69334]], [[-123.00467, 37.70392], [-123.00445, 37.7039], [-123.00455, 37.70399], [-123.00467, 37.70392]], [[-123.00535, 37.70314], [-123.00482, 37.70312], [-123.00505, 37.70342], [-123.00535, 37.70314]], [[-123.01044, 37.69981], [-123.01025, 37.69968], [-123.01036, 37.69989], [-123.01044, 37.69981]], [[-123.01178, 37.69705], [-123.01057, 37.69812], [-123.00913, 37.69785], [-123.0088, 37.69902], [-123.01063, 37.69921], [-123.01183, 37.70064], [-123.0137, 37.70095], [-123.01393, 37.69993], [-123.01295, 37.69926], [-123.01333, 37.69855], [-123.01194, 37.69855], [-123.01265, 37.69763], [-123.01178, 37.69705]], [[-123.01124, 37.69705], [-123.01106, 37.69711], [-123.0112, 37.69716], [-123.01124, 37.69705]], [[-123.01101, 37.70017], [-123.01086, 37.70002], [-123.0109, 37.70023], [-123.01101, 37.70017]], [[-123.00295, 37.69584], [-123.00331, 37.69631], [-123.00374, 37.69662], [-123.00376, 37.69635], [-123.00295, 37.69584]]]}, "properties": {"id": "mpa-southeast-farallon-island-special-closure-west-side", "name": "Southeast Farallon Island Special Closure West Side", "kind": "mpa", "designation": "Special Closure"}}, {"type": "Feature", "geometry": {"type": "Polygon", "coordinates": [[[-122.98785, 38.30893], [-122.98753, 38.30765], [-122.98962, 38.30644], [-122.99058, 38.30481], [-122.99162, 38.30473], [-122.99367, 38.30629], [-122.99452, 38.30594], [-122.99297, 38.30193], [-122.99305, 38.2994], [-122.99908, 38.29777], [-123.0012, 38.295], [-123.0038, 38.29695], [-122.99777, 38.29957], [-122.9948, 38.29954], [-122.99428, 38.30083], [-122.99576, 38.30609], [-122.99327, 38.30753], [-122.99094, 38.30646], [-122.98785, 38.30893]]]}, "properties": {"id": "mpa-estero-americano-state-marine-recreational-management-area", "name": "Estero Americano State Marine Recreational Management Area", "kind": "mpa", "designation": "SMRMA"}}, {"type": "Feature", "geometry": {"type": "Polygon", "coordinates": [[[-123.77788, 39.30475], [-123.77536, 39.30357], [-123.7708, 39.30374], [-123.77068, 39.3025], [-123.77399, 39.30192], [-123.77885, 39.3033], [-123.78121, 39.30303], [-123.78609, 39.30004], [-123.7924, 39.30117], [-123.79197, 39.30224], [-123.78699, 39.30197], [-123.78366, 39.30382], [-123.77788, 39.30475]]]}, "properties": {"id": "mpa-big-river-estuary-state-marine-conservation-area", "name": "Big River Estuary State Marine Conservation Area", "kind": "mpa", "designation": "SMCA"}}, {"type": "Feature", "geometry": {"type": "Polygon", "coordinates": [[[-117.25966, 32.96777], [-117.25024, 32.96721], [-117.24967, 32.96512], [-117.25273, 32.96458], [-117.25287, 32.96389], [-117.25177, 32.96362], [-117.25255, 32.96314], [-117.25194, 32.96258], [-117.25352, 32.96374], [-117.2554, 32.96333], [-117.25966, 32.96777]]]}, "properties": {"id": "mpa-san-dieguito-lagoon-state-marine-conservation-area", "name": "San Dieguito Lagoon State Marine Conservation Area", "kind": "mpa", "designation": "SMCA"}}, {"type": "Feature", "geometry": {"type": "Polygon", "coordinates": [[[-123.75391, 39.19894], [-123.74683, 39.19744], [-123.7474, 39.19672], [-123.75072, 39.19773], [-123.75456, 39.19717], [-123.75603, 39.19631], [-123.75554, 39.19589], [-123.7569, 39.19566], [-123.75861, 39.19149], [-123.76143, 39.19227], [-123.75995, 39.19503], [-123.75391, 39.19894]]]}, "properties": {"id": "mpa-navarro-river-estuary-state-marine-conservation-area", "name": "Navarro River Estuary State Marine Conservation Area", "kind": "mpa", "designation": "SMCA"}}, {"type": "Feature", "geometry": {"type": "Polygon", "coordinates": [[[-122.971, 38.27484], [-122.96832, 38.27423], [-122.9668, 38.27163], [-122.96399, 38.27042], [-122.96484, 38.26785], [-122.96301, 38.26791], [-122.96095, 38.26657], [-122.95987, 38.26693], [-122.95962, 38.26784], [-122.96141, 38.26943], [-122.96063, 38.27208], [-122.96093, 38.27372], [-122.95996, 38.27467], [-122.95921, 38.27474], [-122.95669, 38.27278], [-122.95926, 38.27449], [-122.96066, 38.27359], [-122.96037, 38.27188], [-122.96094, 38.26944], [-122.95926, 38.26746], [-122.95964, 38.26671], [-122.96057, 38.2663], [-122.96328, 38.26765], [-122.96532, 38.26771], [-122.96457, 38.27038], [-122.96725, 38.27141], [-122.97107, 38.27437], [-122.97454, 38.26978], [-122.9774, 38.26947], [-122.97885, 38.27054], [-122.9764, 38.27097], [-122.9754, 38.27012], [-122.97452, 38.27031], [-122.97306, 38.27337], [-122.971, 38.27484]]]}, "properties": {"id": "mpa-estero-de-san-antonio-state-marine-recreational-management-area", "name": "Estero de San Antonio State Marine Recreational Management Area", "kind": "mpa", "designation": "SMRMA"}}, {"type": "Feature", "geometry": {"type": "Polygon", "coordinates": [[[-118.06056, 33.71167], [-118.0528, 33.70365], [-118.05336, 33.70269], [-118.06162, 33.7104], [-118.06022, 33.71091], [-118.06056, 33.71167]]]}, "properties": {"id": "mpa-bolsa-bay-state-marine-conservation-area", "name": "Bolsa Bay State Marine Conservation Area", "kind": "mpa", "designation": "SMCA"}}, {"type": "Feature", "geometry": {"type": "Polygon", "coordinates": [[[-118.31501, 33.34519], [-118.31501, 33.34107], [-118.31745, 33.34361], [-118.31853, 33.34265], [-118.32003, 33.34285], [-118.32203, 33.34519], [-118.31501, 33.34519]]]}, "properties": {"id": "mpa-lover's-cove-state-marine-conservation-area", "name": "Lover's Cove State Marine Conservation Area", "kind": "mpa", "designation": "SMCA"}}, {"type": "Feature", "geometry": {"type": "Polygon", "coordinates": [[[-123.79113, 39.2732], [-123.78995, 39.27014], [-123.79049, 39.26912], [-123.79562, 39.27283], [-123.79428, 39.27432], [-123.79113, 39.2732]]]}, "properties": {"id": "mpa-van-damme-state-marine-conservation-area", "name": "Van Damme State Marine Conservation Area", "kind": "mpa", "designation": "SMCA"}}, {"type": "Feature", "geometry": {"type": "Polygon", "coordinates": [[[-124.24923, 41.75929], [-124.25252, 41.76078], [-124.25251, 41.76181], [-124.25134, 41.76299], [-124.24849, 41.76322], [-124.24618, 41.76203], [-124.24709, 41.76007], [-124.24923, 41.75929]], [[-124.24894, 41.76032], [-124.24746, 41.76209], [-124.25066, 41.76234], [-124.25143, 41.76165], [-124.25077, 41.76092], [-124.24916, 41.7614], [-124.24894, 41.76032]]]}, "properties": {"id": "mpa-castle-rock-special-closure", "name": "Castle Rock Special Closure", "kind": "mpa", "designation": "Special Closure"}}, {"type": "Feature", "geometry": {"type": "Polygon", "coordinates": [[[-122.51813, 37.57618], [-122.52015, 37.57531], [-122.52249, 37.57683], [-122.52291, 37.57804], [-122.51793, 37.57902], [-122.51813, 37.57618]]]}, "properties": {"id": "mpa-egg-devil's-slide-rock-to-devil's-slide-special-closure", "name": "Egg (Devil's Slide) Rock to Devil's Slide Special Closure", "kind": "mpa", "designation": "Special Closure"}}, {"type": "Feature", "geometry": {"type": "MultiPolygon", "coordinates": [[[[-123.00413, 37.69249], [-123.00545, 37.69334], [-123.00274, 37.6939], [-123.00269, 37.69592], [-123.00082, 37.69541], [-123.00122, 37.69461], [-123.00212, 37.6948], [-123.00199, 37.69334], [-123.00413, 37.69249]]], [[[-122.99959, 37.69718], [-122.99998, 37.69825], [-122.99929, 37.69949], [-123.00059, 37.69946], [-123.00124, 37.70084], [-122.99984, 37.70084], [-122.99832, 37.69978], [-122.99853, 37.69718], [-122.99959, 37.69718]]]]}, "properties": {"id": "mpa-southeast-farallon-island-special-closure-east-side", "name": "Southeast Farallon Island Special Closure East SIde", "kind": "mpa", "designation": "Special Closure"}}, {"type": "Feature", "geometry": {"type": "Polygon", "coordinates": [[[-124.41397, 40.43712], [-124.41589, 40.4378], [-124.41618, 40.43879], [-124.41463, 40.44024], [-124.41265, 40.44016], [-124.41164, 40.43823], [-124.41397, 40.43712]], [[-124.41397, 40.43795], [-124.41276, 40.43841], [-124.41325, 40.43946], [-124.41516, 40.43852], [-124.41397, 40.43795]]]}, "properties": {"id": "mpa-sugarloaf-island-special-closure", "name": "Sugarloaf Island Special Closure", "kind": "mpa", "designation": "Special Closure"}}, {"type": "Feature", "geometry": {"type": "Polygon", "coordinates": [[[-117.22924, 32.75716], [-117.2279, 32.75584], [-117.22923, 32.75441], [-117.22939, 32.75282], [-117.22711, 32.75198], [-117.227, 32.75109], [-117.22876, 32.74899], [-117.22937, 32.74936], [-117.22917, 32.75246], [-117.22963, 32.7528], [-117.22982, 32.75377], [-117.22924, 32.75716]]]}, "properties": {"id": "mpa-famosa-slough-state-marine-conservation-area", "name": "Famosa Slough State Marine Conservation Area", "kind": "mpa", "designation": "SMCA (No-Take)"}}, {"type": "Feature", "geometry": {"type": "Polygon", "coordinates": [[[-124.11152, 41.59255], [-124.11352, 41.59329], [-124.11367, 41.59457], [-124.11178, 41.59523], [-124.11012, 41.59468], [-124.10982, 41.59324], [-124.11152, 41.59255]], [[-124.11137, 41.59347], [-124.11078, 41.59389], [-124.11152, 41.59436], [-124.11276, 41.59411], [-124.11137, 41.59347]]]}, "properties": {"id": "mpa-false-klamath-rock-special-closure", "name": "False Klamath Rock Special Closure", "kind": "mpa", "designation": "Special Closure"}}, {"type": "Feature", "geometry": {"type": "Polygon", "coordinates": [[[-122.78569, 37.946], [-122.78704, 37.94635], [-122.78742, 37.94727], [-122.78521, 37.94852], [-122.78435, 37.94745], [-122.78569, 37.946]]]}, "properties": {"id": "mpa-double-point/stormy-stack-rock-special-closure", "name": "Double Point/Stormy Stack Rock Special Closure", "kind": "mpa", "designation": "Special Closure"}}, {"type": "Feature", "geometry": {"type": "Polygon", "coordinates": [[[-124.35178, 41.81216], [-124.35353, 41.81361], [-124.35233, 41.81505], [-124.35062, 41.81434], [-124.3508, 41.81268], [-124.35178, 41.81216]], [[-124.35245, 41.81389], [-124.35171, 41.81324], [-124.35171, 41.81424], [-124.35245, 41.81389]]]}, "properties": {"id": "mpa-southwest-seal-rock-special-closure", "name": "Southwest Seal Rock Special Closure", "kind": "mpa", "designation": "Special Closure"}}, {"type": "Feature", "geometry": {"type": "Polygon", "coordinates": [[[-123.83145, 39.72557], [-123.8341, 39.72654], [-123.834, 39.72812], [-123.83149, 39.72796], [-123.83145, 39.72557]], [[-123.83314, 39.72743], [-123.83154, 39.72651], [-123.83246, 39.72754], [-123.83314, 39.72743]]]}, "properties": {"id": "mpa-vizcaino-rock-special-closure", "name": "Vizcaino Rock Special Closure", "kind": "mpa", "designation": "Special Closure"}}, {"type": "Feature", "geometry": {"type": "Polygon", "coordinates": [[[-124.4041, 40.41421], [-124.40552, 40.41536], [-124.40435, 40.41647], [-124.40257, 40.41536], [-124.4041, 40.41421]], [[-124.40445, 40.41551], [-124.40364, 40.41525], [-124.40409, 40.41566], [-124.40445, 40.41551]]]}, "properties": {"id": "mpa-steamboat-rock-special-closure", "name": "Steamboat Rock Special Closure", "kind": "mpa", "designation": "Special Closure"}}, {"type": "Feature", "geometry": {"type": "Polygon", "coordinates": [[[-122.82929, 37.99755], [-122.83049, 37.99859], [-122.82893, 37.99952], [-122.82805, 37.99841], [-122.82929, 37.99755]]]}, "properties": {"id": "mpa-point-resistance-rock-special-closure", "name": "Point Resistance Rock Special Closure", "kind": "mpa", "designation": "Special Closure"}}, {"type": "Feature", "geometry": {"type": "Polygon", "coordinates": [[[-122.27622, 37.76813], [-122.27518, 37.76583], [-122.27587, 37.76587], [-122.27644, 37.76775], [-122.27762, 37.7681], [-122.28022, 37.76591], [-122.28068, 37.76617], [-122.27803, 37.76848], [-122.27622, 37.76813]]]}, "properties": {"id": "mpa-robert-w.-crown-state-marine-conservation-area", "name": "Robert W. Crown State Marine Conservation Area", "kind": "mpa", "designation": "SMCA"}}, {"type": "Feature", "geometry": {"type": "Polygon", "coordinates": [[[-123.32942, 38.56692], [-123.32935, 38.56584], [-123.33201, 38.56584], [-123.33058, 38.56744], [-123.32942, 38.56692]]]}, "properties": {"id": "mpa-gerstle-cove-state-marine-reserve", "name": "Gerstle Cove State Marine Reserve", "kind": "mpa", "designation": "SMR"}}, {"type": "Feature", "geometry": {"type": "Polygon", "coordinates": [[[-118.32535, 33.35], [-118.32368, 33.34917], [-118.32301, 33.34867], [-118.32385, 33.34834], [-118.32601, 33.34934], [-118.32535, 33.35]]]}, "properties": {"id": "mpa-casino-point-state-marine-conservation-area", "name": "Casino Point State Marine Conservation Area", "kind": "mpa", "designation": "SMCA (No-Take)"}}, {"type": "Feature", "geometry": {"type": "Polygon", "coordinates": [[[-123.38566, 38.61597], [-123.41419, 38.65878], [-123.40807, 38.65878], [-123.40559, 38.65688], [-123.40575, 38.65589], [-123.40695, 38.65582], [-123.40707, 38.65497], [-123.40846, 38.65492], [-123.4084, 38.65444], [-123.40714, 38.65409], [-123.40737, 38.65326], [-123.40556, 38.65348], [-123.40532, 38.65239], [-123.40397, 38.65181], [-123.40458, 38.65116], [-123.4027, 38.65103], [-123.40313, 38.64944], [-123.40027, 38.64992], [-123.3999, 38.64944], [-123.40054, 38.64926], [-123.40068, 38.64904], [-123.39801, 38.64777], [-123.39838, 38.64688], [-123.40159, 38.64685], [-123.39971, 38.64584], [-123.40043, 38.6444], [-123.39939, 38.64455], [-123.39887, 38.64332], [-123.39672, 38.64265], [-123.3937, 38.64015], [-123.3933, 38.63835], [-123.3952, 38.63757], [-123.39038, 38.63601], [-123.38718, 38.63173], [-123.38797, 38.63048], [-123.38954, 38.6314], [-123.38884, 38.63065], [-123.38988, 38.63039], [-123.38957, 38.62981], [-123.38721, 38.62855], [-123.38634, 38.629], [-123.38601, 38.62754], [-123.38215, 38.62579], [-123.38235, 38.62488], [-123.38086, 38.62346], [-123.38078, 38.62228], [-123.37903, 38.62162], [-123.37879, 38.62055], [-123.3777, 38.62029], [-123.37448, 38.61597], [-123.38566, 38.61597]], [[-123.40956, 38.65458], [-123.40852, 38.65444], [-123.40917, 38.65496], [-123.40956, 38.65458]], [[-123.39049, 38.6309], [-123.39026, 38.63079], [-123.39028, 38.63097], [-123.39049, 38.6309]]]}, "properties": {"id": "mpa-stewarts-point-state-marine-conservation-area", "name": "Stewarts Point State Marine Conservation Area", "kind": "mpa", "designation": "SMCA"}}, {"type": "Feature", "geometry": {"type": "Polygon", "coordinates": [[[-123.50406, 38.67501], [-123.41942, 38.67473], [-123.41926, 38.67278], [-123.41481, 38.66886], [-123.41528, 38.6676], [-123.41658, 38.66773], [-123.41539, 38.66673], [-123.41468, 38.66698], [-123.4147, 38.66608], [-123.41408, 38.66623], [-123.40936, 38.66236], [-123.40855, 38.6605], [-123.4094, 38.65962], [-123.40807, 38.65878], [-123.41419, 38.65878], [-123.38566, 38.61597], [-123.37362, 38.61603], [-123.36739, 38.61369], [-123.36599, 38.61192], [-123.36744, 38.61041], [-123.36659, 38.60848], [-123.36706, 38.60792], [-123.36908, 38.60833], [-123.37105, 38.60776], [-123.37154, 38.60665], [-123.36989, 38.60538], [-123.37039, 38.60497], [-123.36479, 38.60179], [-123.36394, 38.60217], [-123.36246, 38.60093], [-123.3609, 38.60089], [-123.35975, 38.59876], [-123.36049, 38.5981], [-123.35965, 38.59742], [-123.35962, 38.59791], [-123.3573, 38.59731], [-123.35558, 38.59852], [-123.35362, 38.59847], [-123.35169, 38.59694], [-123.34965, 38.59696], [-123.34927, 38.59535], [-123.34668, 38.59334], [-123.43365, 38.59334], [-123.44402, 38.60189], [-123.44876, 38.60674], [-123.45322, 38.61278], [-123.45664, 38.61947], [-123.46639, 38.62836], [-123.47315, 38.63857], [-123.48204, 38.64477], [-123.49017, 38.65276], [-123.49601, 38.66119], [-123.49979, 38.67068], [-123.50406, 38.67501]]]}, "properties": {"id": "mpa-stewarts-point-state-marine-reserve", "name": "Stewarts Point State Marine Reserve", "kind": "mpa", "designation": "SMR"}}, {"type": "Feature", "geometry": {"type": "Polygon", "coordinates": [[[-119.41001, 34.06497], [-119.41001, 34.00685], [-119.41506, 34.01007], [-119.41815, 34.01307], [-119.42014, 34.01436], [-119.42107, 34.01418], [-119.4215, 34.01517], [-119.43002, 34.01508], [-119.43317, 34.01626], [-119.43523, 34.01547], [-119.43689, 34.01385], [-119.44293, 34.01405], [-119.44501, 34.01334], [-119.44501, 34.06596], [-119.43095, 34.06693], [-119.41001, 34.06497]]]}, "properties": {"id": "mpa-anacapa-island-state-marine-conservation-area", "name": "Anacapa Island State Marine Conservation Area", "kind": "mpa", "designation": "SMCA"}}, {"type": "Feature", "geometry": {"type": "Polygon", "coordinates": [[[-119.39223, 34.00226], [-119.40128, 34.003], [-119.40344, 34.00419], [-119.40993, 34.00513], [-119.42292, 34.00417], [-119.42619, 34.00608], [-119.4294, 34.00661], [-119.43156, 34.00812], [-119.43939, 34.01069], [-119.4442, 34.01382], [-119.43583, 34.01644], [-119.42284, 34.01631], [-119.4183, 34.01437], [-119.40991, 34.00773], [-119.39746, 34.00732], [-119.39042, 34.00803], [-119.38259, 34.0122], [-119.37711, 34.01374], [-119.37303, 34.01623], [-119.3687, 34.01645], [-119.36436, 34.01788], [-119.36057, 34.01748], [-119.35705, 34.01566], [-119.35986, 34.01371], [-119.36657, 34.01172], [-119.37741, 34.01036], [-119.38528, 34.00611], [-119.38806, 34.00301], [-119.39223, 34.00226]], [[-119.37773, 34.01191], [-119.3751, 34.01253], [-119.37228, 34.01201], [-119.36937, 34.01334], [-119.36613, 34.01317], [-119.35975, 34.01557], [-119.35808, 34.01536], [-119.35773, 34.016], [-119.35952, 34.01673], [-119.36219, 34.01621], [-119.36334, 34.01735], [-119.36403, 34.01675], [-119.36687, 34.01677], [-119.3674, 34.01584], [-119.3679, 34.01615], [-119.37037, 34.01439], [-119.37236, 34.0148], [-119.37193, 34.01534], [-119.37249, 34.0161], [-119.37317, 34.01504], [-119.37386, 34.0153], [-119.37474, 34.01322], [-119.37737, 34.01279], [-119.37773, 34.01191]], [[-119.39217, 34.00255], [-119.38775, 34.00429], [-119.38669, 34.00706], [-119.38197, 34.00859], [-119.37934, 34.01036], [-119.37939, 34.01094], [-119.38278, 34.01104], [-119.38349, 34.00919], [-119.38528, 34.0091], [-119.38585, 34.00778], [-119.38927, 34.0071], [-119.39025, 34.00578], [-119.39349, 34.00654], [-119.39478, 34.00544], [-119.39707, 34.00592], [-119.39911, 34.00537], [-119.40062, 34.00617], [-119.39998, 34.00665], [-119.40209, 34.00696], [-119.40385, 34.00605], [-119.40491, 34.00675], [-119.4077, 34.00585], [-119.4064, 34.00523], [-119.40284, 34.00552], [-119.40255, 34.00468], [-119.40107, 34.00504], [-119.39954, 34.00447], [-119.39972, 34.00355], [-119.39801, 34.00378], [-119.39731, 34.00312], [-119.3918, 34.00338], [-119.39217, 34.00255]], [[-119.42225, 34.00512], [-119.412, 34.00693], [-119.40942, 34.00606], [-119.40818, 34.00641], [-119.41162, 34.00748], [-119.41251, 34.00882], [-119.41506, 34.01007], [-119.42014, 34.01436], [-119.42106, 34.01418], [-119.4215, 34.01517], [-119.43002, 34.01508], [-119.43317, 34.01626], [-119.43523, 34.01547], [-119.43689, 34.01385], [-119.44373, 34.0138], [-119.43893, 34.01214], [-119.43774, 34.01017], [-119.43394, 34.01093], [-119.43129, 34.00878], [-119.42435, 34.0076], [-119.4229, 34.00667], [-119.42225, 34.00512]], [[-119.40809, 34.00615], [-119.4078, 34.00597], [-119.40776, 34.00646], [-119.40809, 34.00615]]]}, "properties": {"id": "mpa-anacapa-island-special-closure", "name": "Anacapa Island Special Closure", "kind": "mpa", "designation": "Special Closure"}}, {"type": "Feature", "geometry": {"type": "Polygon", "coordinates": [[[-119.42099, 34.0183], [-119.41002, 34.01167], [-119.41001, 34.00685], [-119.41506, 34.01007], [-119.41807, 34.01302], [-119.42014, 34.01436], [-119.42099, 34.01414], [-119.42099, 34.0183]]]}, "properties": {"id": "mpa-anacapa-island-special-closure-brown-pelican-fledgling-area", "name": "Anacapa Island Special Closure - Brown Pelican Fledgling Area", "kind": "mpa", "designation": "Special Closure"}}]}