{"type":"FeatureCollection","features":[{"type":"Feature","geometry":{"type":"Point","coordinates":[-122.29861,37.85667]},"properties":{"id":"berkeley-aquatic-park-lagoon--alameda","name":"Berkeley Aquatic Park Lagoon","kind":"lake","evidence_class":"statewide_default","cdfw_stocked":false,"public_fishing":"unknown","follow_up_priority":null}},{"type":"Feature","geometry":{"type":"Point","coordinates":[-121.60675,37.7767]},"properties":{"id":"bethany-reservoir--alameda","name":"Bethany Reservoir","kind":"lake","evidence_class":"site_verified","cdfw_stocked":false,"public_fishing":"yes","follow_up_priority":"medium"}},{"type":"Feature","geometry":{"type":"Point","coordinates":[-121.81793,37.47263]},"properties":{"id":"calaveras-reservoir--alameda","name":"Calaveras Reservoir","kind":"lake","evidence_class":"no_fishing","cdfw_stocked":false,"public_fishing":"no","follow_up_priority":null}},{"type":"Feature","geometry":{"type":"Point","coordinates":[-122.05609,37.70382]},"properties":{"id":"cull-canyon-reservoir--alameda","name":"Cull Canyon Reservoir","kind":"lake","evidence_class":"site_verified","cdfw_stocked":false,"public_fishing":"unknown","follow_up_priority":"high"}},{"type":"Feature","geometry":{"type":"Point","coordinates":[-122.05467,37.69024]},"properties":{"id":"don-castro-reservoir--alameda","name":"Don Castro Reservoir","kind":"lake","evidence_class":"site_verified","cdfw_stocked":true,"public_fishing":"yes","follow_up_priority":"low"}},{"type":"Feature","geometry":{"type":"Point","coordinates":[-122.0052,37.57238]},"properties":{"id":"horseshoe-lake-quarry-lakes--alameda","name":"Horseshoe Lake (Quarry Lakes)","kind":"lake","evidence_class":"site_verified","cdfw_stocked":true,"public_fishing":"yes","follow_up_priority":null}},{"type":"Feature","geometry":{"type":"Point","coordinates":[-122.02694,37.62444]},"properties":{"id":"jordan-pond--alameda","name":"Jordan Pond","kind":"lake","evidence_class":"site_verified","cdfw_stocked":false,"public_fishing":"yes","follow_up_priority":"medium"}},{"type":"Feature","geometry":{"type":"Point","coordinates":[-122.11654,37.72915]},"properties":{"id":"lake-chabot--alameda","name":"Lake Chabot","kind":"lake","evidence_class":"site_verified","cdfw_stocked":true,"public_fishing":"yes","follow_up_priority":null}},{"type":"Feature","geometry":{"type":"Point","coordinates":[-121.72174,37.59919]},"properties":{"id":"lake-del-valle--alameda","name":"Lake Del Valle","kind":"lake","evidence_class":"site_verified","cdfw_stocked":true,"public_fishing":"yes","follow_up_priority":null}},{"type":"Feature","geometry":{"type":"Point","coordinates":[-121.96177,37.54871]},"properties":{"id":"lake-elizabeth--alameda","name":"Lake Elizabeth","kind":"lake","evidence_class":"statewide_default","cdfw_stocked":true,"public_fishing":"yes","follow_up_priority":null}},{"type":"Feature","geometry":{"type":"Point","coordinates":[-122.25787,37.80515]},"properties":{"id":"lake-merritt--alameda","name":"Lake Merritt","kind":"lake","evidence_class":"statewide_default","cdfw_stocked":false,"public_fishing":"yes","follow_up_priority":"high"}},{"type":"Feature","geometry":{"type":"Point","coordinates":[-122.23038,37.84642]},"properties":{"id":"lake-temescal--alameda","name":"Lake Temescal","kind":"lake","evidence_class":"site_verified","cdfw_stocked":true,"public_fishing":"yes","follow_up_priority":null}},{"type":"Feature","geometry":{"type":"Point","coordinates":[-122.03511,37.55411]},"properties":{"id":"lakeshore-park-lake--alameda","name":"Lakeshore Park Lake","kind":"lake","evidence_class":"statewide_default","cdfw_stocked":true,"public_fishing":"yes","follow_up_priority":"high"}},{"type":"Feature","geometry":{"type":"Point","coordinates":[-121.82906,37.57975]},"properties":{"id":"san-antonio-reservoir--alameda","name":"San Antonio Reservoir","kind":"lake","evidence_class":"no_fishing","cdfw_stocked":false,"public_fishing":"no","follow_up_priority":null}},{"type":"Feature","geometry":{"type":"Point","coordinates":[-121.83769,37.6678]},"properties":{"id":"shadow-cliffs-lake--alameda","name":"Shadow Cliffs Lake","kind":"lake","evidence_class":"site_verified","cdfw_stocked":true,"public_fishing":"yes","follow_up_priority":null}},{"type":"Feature","geometry":{"type":"Point","coordinates":[-121.98866,37.57133]},"properties":{"id":"shinn-pond--alameda","name":"Shinn Pond","kind":"lake","evidence_class":"site_verified","cdfw_stocked":false,"public_fishing":"yes","follow_up_priority":"high"}},{"type":"Feature","geometry":{"type":"Point","coordinates":[-122.1176,37.77591]},"properties":{"id":"upper-san-leandro-reservoir--alameda","name":"Upper San Leandro Reservoir","kind":"lake","evidence_class":"no_fishing","cdfw_stocked":false,"public_fishing":"no","follow_up_priority":null}},{"type":"Feature","geometry":{"type":"Point","coordinates":[-119.89052,38.71267]},"properties":{"id":"burnside-lake--alpine","name":"Burnside Lake","kind":"lake","evidence_class":"statewide_default","cdfw_stocked":true,"public_fishing":"yes","follow_up_priority":null}},{"type":"Feature","geometry":{"type":"Point","coordinates":[-120.04545,38.69873]},"properties":{"id":"caples-lake--alpine","name":"Caples Lake","kind":"lake","evidence_class":"statewide_default","cdfw_stocked":true,"public_fishing":"yes","follow_up_priority":"high"}},{"type":"Feature","geometry":{"type":"Point","coordinates":[-119.97375,38.47538]},"properties":{"id":"duck-lake--alpine","name":"Duck Lake","kind":"lake","evidence_class":"statewide_default","cdfw_stocked":false,"public_fishing":"yes","follow_up_priority":"low"}},{"type":"Feature","geometry":{"type":"Point","coordinates":[-119.97606,38.44198]},"properties":{"id":"elephant-rock-lake--alpine","name":"Elephant Rock Lake","kind":"lake","evidence_class":"statewide_default","cdfw_stocked":false,"public_fishing":"yes","follow_up_priority":"low"}},{"type":"Feature","geometry":{"type":"Point","coordinates":[-119.95547,38.61314]},"properties":{"id":"evergreen-lake--alpine","name":"Evergreen Lake","kind":"lake","evidence_class":"statewide_default","cdfw_stocked":true,"public_fishing":"yes","follow_up_priority":null}},{"type":"Feature","geometry":{"type":"Point","coordinates":[-120.0174,38.64969]},"properties":{"id":"fourth-july-lake--alpine","name":"Fourth of July Lake","kind":"lake","evidence_class":"statewide_default","cdfw_stocked":false,"public_fishing":"yes","follow_up_priority":"low"}},{"type":"Feature","geometry":{"type":"Point","coordinates":[-119.98598,38.6878]},"properties":{"id":"frog-lake--alpine","name":"Frog Lake","kind":"lake","evidence_class":"statewide_default","cdfw_stocked":true,"public_fishing":"yes","follow_up_priority":null}},{"type":"Feature","geometry":{"type":"Point","coordinates":[-119.96174,38.61985]},"properties":{"id":"granite-lake--alpine","name":"Granite Lake","kind":"lake","evidence_class":"statewide_default","cdfw_stocked":true,"public_fishing":"yes","follow_up_priority":null}},{"type":"Feature","geometry":{"type":"Point","coordinates":[-119.65968,38.65076]},"properties":{"id":"heenan-lake--alpine","name":"Heenan Lake","kind":"lake","evidence_class":"site_verified","cdfw_stocked":true,"public_fishing":"restricted","follow_up_priority":"medium"}},{"type":"Feature","geometry":{"type":"Point","coordinates":[-119.80263,38.49183]},"properties":{"id":"highland-lakes--alpine","name":"Highland Lakes","kind":"lake","evidence_class":"statewide_default","cdfw_stocked":false,"public_fishing":"yes","follow_up_priority":"low"}},{"type":"Feature","geometry":{"type":"Point","coordinates":[-119.78152336,38.74409882]},"properties":{"id":"indian-creek-reservoir--alpine","name":"Indian Creek Reservoir","kind":"lake","evidence_class":"statewide_default","cdfw_stocked":true,"public_fishing":"yes","follow_up_priority":"low"}},{"type":"Feature","geometry":{"type":"Point","coordinates":[-119.81005,38.55431]},"properties":{"id":"kinney-reservoir--alpine","name":"Kinney Reservoir","kind":"lake","evidence_class":"statewide_default","cdfw_stocked":true,"public_fishing":"yes","follow_up_priority":null}},{"type":"Feature","geometry":{"type":"Point","coordinates":[-120.003521,38.477408]},"properties":{"id":"lake-alpine--alpine","name":"Lake Alpine","kind":"lake","evidence_class":"statewide_default","cdfw_stocked":true,"public_fishing":"yes","follow_up_priority":"low"}},{"type":"Feature","geometry":{"type":"Point","coordinates":[-119.9376,38.40782]},"properties":{"id":"lost-lake-carson-iceberg--alpine","name":"Lost Lake (Carson-Iceberg)","kind":"lake","evidence_class":"statewide_default","cdfw_stocked":true,"public_fishing":"yes","follow_up_priority":null}},{"type":"Feature","geometry":{"type":"Point","coordinates":[-119.93112,38.6142]},"properties":{"id":"lower-blue-lake--alpine","name":"Lower Blue Lake","kind":"lake","evidence_class":"statewide_default","cdfw_stocked":true,"public_fishing":"yes","follow_up_priority":null}},{"type":"Feature","geometry":{"type":"Point","coordinates":[-119.82339,38.56128]},"properties":{"id":"lower-kinney-lake--alpine","name":"Lower Kinney Lake","kind":"lake","evidence_class":"statewide_default","cdfw_stocked":false,"public_fishing":"yes","follow_up_priority":null}},{"type":"Feature","geometry":{"type":"Point","coordinates":[-119.94573,38.64535]},"properties":{"id":"lower-lost-lake--alpine","name":"Lower Lost Lake","kind":"lake","evidence_class":"statewide_default","cdfw_stocked":true,"public_fishing":"yes","follow_up_priority":null}},{"type":"Feature","geometry":{"type":"Point","coordinates":[-119.91212,38.51575]},"properties":{"id":"lower-mosquito-lake--alpine","name":"Lower Mosquito Lake","kind":"lake","evidence_class":"statewide_default","cdfw_stocked":true,"public_fishing":"yes","follow_up_priority":"low"}},{"type":"Feature","geometry":{"type":"Point","coordinates":[-119.96879,38.60087]},"properties":{"id":"meadow-lake--alpine","name":"Meadow Lake","kind":"lake","evidence_class":"statewide_default","cdfw_stocked":true,"public_fishing":"yes","follow_up_priority":null}},{"type":"Feature","geometry":{"type":"Point","coordinates":[-119.83509,38.60983]},"properties":{"id":"raymond-lake--alpine","name":"Raymond Lake","kind":"lake","evidence_class":"statewide_default","cdfw_stocked":true,"public_fishing":"yes","follow_up_priority":null}},{"type":"Feature","geometry":{"type":"Point","coordinates":[-119.97433,38.69892]},"properties":{"id":"red-lake--alpine","name":"Red Lake","kind":"lake","evidence_class":"statewide_default","cdfw_stocked":true,"public_fishing":"yes","follow_up_priority":null}},{"type":"Feature","geometry":{"type":"Point","coordinates":[-119.95093,38.45076]},"properties":{"id":"rock-lake--alpine","name":"Rock Lake","kind":"lake","evidence_class":"statewide_default","cdfw_stocked":true,"public_fishing":"yes","follow_up_priority":"low"}},{"type":"Feature","geometry":{"type":"Point","coordinates":[-120.00604,38.75006]},"properties":{"id":"round-lake--alpine","name":"Round Lake","kind":"lake","evidence_class":"statewide_default","cdfw_stocked":true,"public_fishing":"yes","follow_up_priority":null}},{"type":"Feature","geometry":{"type":"Point","coordinates":[-120.0125,38.66743]},"properties":{"id":"round-top-lake--alpine","name":"Round Top Lake","kind":"lake","evidence_class":"statewide_default","cdfw_stocked":true,"public_fishing":"yes","follow_up_priority":"low"}},{"type":"Feature","geometry":{"type":"Point","coordinates":[-119.96625,38.76393]},"properties":{"id":"scotts-lake--alpine","name":"Scotts Lake","kind":"lake","evidence_class":"statewide_default","cdfw_stocked":true,"public_fishing":"yes","follow_up_priority":null}},{"type":"Feature","geometry":{"type":"Point","coordinates":[-119.99562124,38.40558985]},"properties":{"id":"spicer-meadow-reservoir--alpine","name":"Spicer Meadow Reservoir","kind":"lake","evidence_class":"statewide_default","cdfw_stocked":true,"public_fishing":"yes","follow_up_priority":"low"}},{"type":"Feature","geometry":{"type":"Point","coordinates":[-119.90078,38.61133]},"properties":{"id":"tamarack-lake-blue-lakes-area--alpine","name":"Tamarack Lake (Blue Lakes area)","kind":"lake","evidence_class":"statewide_default","cdfw_stocked":false,"public_fishing":"unknown","follow_up_priority":null}},{"type":"Feature","geometry":{"type":"Point","coordinates":[-119.977792,38.446381]},"properties":{"id":"three-quarter-lake--alpine","name":"Three Quarter Lake","kind":"lake","evidence_class":"statewide_default","cdfw_stocked":true,"public_fishing":"yes","follow_up_priority":null}},{"type":"Feature","geometry":{"type":"Point","coordinates":[-119.9396,38.60654]},"properties":{"id":"twin-lake--alpine","name":"Twin Lake","kind":"lake","evidence_class":"statewide_default","cdfw_stocked":true,"public_fishing":"yes","follow_up_priority":null}},{"type":"Feature","geometry":{"type":"Point","coordinates":[-119.99042,38.43344]},"properties":{"id":"union-reservoir--alpine","name":"Union Reservoir","kind":"lake","evidence_class":"statewide_default","cdfw_stocked":true,"public_fishing":"yes","follow_up_priority":"low"}},{"type":"Feature","geometry":{"type":"Point","coordinates":[-120.00322,38.43484]},"properties":{"id":"utica-reservoir--alpine","name":"Utica Reservoir","kind":"lake","evidence_class":"statewide_default","cdfw_stocked":false,"public_fishing":"yes","follow_up_priority":"low"}},{"type":"Feature","geometry":{"type":"Point","coordinates":[-119.99333,38.66957]},"properties":{"id":"winnemucca-lake--alpine","name":"Winnemucca Lake","kind":"lake","evidence_class":"statewide_default","cdfw_stocked":false,"public_fishing":"yes","follow_up_priority":"low"}},{"type":"Feature","geometry":{"type":"Point","coordinates":[-120.00924,38.68296]},"properties":{"id":"woods-lake--alpine","name":"Woods Lake","kind":"lake","evidence_class":"statewide_default","cdfw_stocked":true,"public_fishing":"yes","follow_up_priority":"low"}},{"type":"Feature","geometry":{"type":"Point","coordinates":[-121.0,38.22361]},"properties":{"id":"camanche-reservoir--amador","name":"Camanche Reservoir","kind":"lake","evidence_class":"site_verified","cdfw_stocked":true,"public_fishing":"yes","follow_up_priority":null}},{"type":"Feature","geometry":{"type":"Point","coordinates":[-120.08325,38.70593]},"properties":{"id":"kirkwood-lake--amador","name":"Kirkwood Lake","kind":"lake","evidence_class":"statewide_default","cdfw_stocked":true,"public_fishing":"yes","follow_up_priority":"low"}},{"type":"Feature","geometry":{"type":"Point","coordinates":[-120.88769339,38.30165772]},"properties":{"id":"lake-amador--amador","name":"Lake Amador","kind":"lake","evidence_class":"statewide_default","cdfw_stocked":true,"public_fishing":"yes","follow_up_priority":"low"}},{"type":"Feature","geometry":{"type":"Point","coordinates":[-120.66336,38.34831]},"properties":{"id":"lake-tabeaud--amador","name":"Lake Tabeaud","kind":"lake","evidence_class":"statewide_default","cdfw_stocked":true,"public_fishing":"yes","follow_up_priority":null}},{"type":"Feature","geometry":{"type":"Point","coordinates":[-120.21269,38.56473]},"properties":{"id":"lower-bear-river-reservoir--amador","name":"Lower Bear River Reservoir","kind":"lake","evidence_class":"site_verified","cdfw_stocked":true,"public_fishing":"yes","follow_up_priority":"high"}},{"type":"Feature","geometry":{"type":"Point","coordinates":[-120.8678,38.2857]},"properties":{"id":"pardee-reservoir--amador","name":"Pardee Reservoir","kind":"lake","evidence_class":"site_verified","cdfw_stocked":true,"public_fishing":"yes","follow_up_priority":null}},{"type":"Feature","geometry":{"type":"Point","coordinates":[-120.1821537,38.4970857]},"properties":{"id":"salt-springs-reservoir--amador","name":"Salt Springs Reservoir","kind":"lake","evidence_class":"statewide_default","cdfw_stocked":false,"public_fishing":"yes","follow_up_priority":"high"}},{"type":"Feature","geometry":{"type":"Point","coordinates":[-120.15974,38.53628]},"properties":{"id":"shriner-lake--amador","name":"Shriner Lake","kind":"lake","evidence_class":"statewide_default","cdfw_stocked":true,"public_fishing":"yes","follow_up_priority":null}},{"type":"Feature","geometry":{"type":"Point","coordinates":[-120.11862,38.65875]},"properties":{"id":"silver-lake--amador","name":"Silver Lake","kind":"lake","evidence_class":"statewide_default","cdfw_stocked":true,"public_fishing":"yes","follow_up_priority":"high"}},{"type":"Feature","geometry":{"type":"Point","coordinates":[-120.50036,38.44572]},"properties":{"id":"tiger-creek-afterbay--amador","name":"Tiger Creek Afterbay","kind":"lake","evidence_class":"statewide_default","cdfw_stocked":false,"public_fishing":"yes","follow_up_priority":"medium"}},{"type":"Feature","geometry":{"type":"Point","coordinates":[-121.568304,39.511831]},"properties":{"id":"bedrock-park-pond--butte","name":"Bedrock Park Pond","kind":"lake","evidence_class":"statewide_default","cdfw_stocked":true,"public_fishing":"yes","follow_up_priority":null}},{"type":"Feature","geometry":{"type":"Point","coordinates":[-121.61194,39.873443]},"properties":{"id":"desabla-reservoir--butte","name":"DeSabla Reservoir","kind":"lake","evidence_class":"statewide_default","cdfw_stocked":true,"public_fishing":"yes","follow_up_priority":null}},{"type":"Feature","geometry":{"type":"Point","coordinates":[-121.782066,39.771888]},"properties":{"id":"horseshoe-lake-bidwell-park--butte","name":"Horseshoe Lake (Bidwell Park)","kind":"lake","evidence_class":"statewide_default","cdfw_stocked":false,"public_fishing":"restricted","follow_up_priority":"high"}},{"type":"Feature","geometry":{"type":"Point","coordinates":[-121.518953,39.772284]},"properties":{"id":"lake-concow--butte","name":"Lake Concow","kind":"lake","evidence_class":"statewide_default","cdfw_stocked":false,"public_fishing":"unknown","follow_up_priority":null}},{"type":"Feature","geometry":{"type":"Point","coordinates":[-121.405673,39.647577]},"properties":{"id":"lake-madrone--butte","name":"Lake Madrone","kind":"lake","evidence_class":"no_fishing","cdfw_stocked":false,"public_fishing":"no","follow_up_priority":null}},{"type":"Feature","geometry":{"type":"Point","coordinates":[-121.483301,39.537109]},"properties":{"id":"lake-oroville--butte","name":"Lake Oroville","kind":"lake","evidence_class":"site_verified","cdfw_stocked":true,"public_fishing":"yes","follow_up_priority":null}},{"type":"Feature","geometry":{"type":"Point","coordinates":[-121.416689,39.505434]},"properties":{"id":"lake-wyandotte--butte","name":"Lake Wyandotte","kind":"lake","evidence_class":"statewide_default","cdfw_stocked":false,"public_fishing":"restricted","follow_up_priority":"high"}},{"type":"Feature","geometry":{"type":"Point","coordinates":[-121.130218,39.576752]},"properties":{"id":"lost-creek-reservoir--butte","name":"Lost Creek Reservoir","kind":"lake","evidence_class":"statewide_default","cdfw_stocked":false,"public_fishing":"yes","follow_up_priority":"high"}},{"type":"Feature","geometry":{"type":"Point","coordinates":[-121.585665,39.820008]},"properties":{"id":"magalia-reservoir--butte","name":"Magalia Reservoir","kind":"lake","evidence_class":"no_fishing","cdfw_stocked":false,"public_fishing":"no","follow_up_priority":null}},{"type":"Feature","geometry":{"type":"Point","coordinates":[-121.616082,39.459887]},"properties":{"id":"mile-pond--butte","name":"Mile Pond","kind":"lake","evidence_class":"statewide_default","cdfw_stocked":true,"public_fishing":"unknown","follow_up_priority":"high"}},{"type":"Feature","geometry":{"type":"Point","coordinates":[-121.457313,39.508223]},"properties":{"id":"miners-ranch-reservoir--butte","name":"Miners Ranch Reservoir","kind":"lake","evidence_class":"statewide_default","cdfw_stocked":false,"public_fishing":"unknown","follow_up_priority":null}},{"type":"Feature","geometry":{"type":"Point","coordinates":[-121.616082,39.459887]},"properties":{"id":"oroville-wildlife-area-finger-pond-a--butte","name":"Oroville Wildlife Area Finger Pond A","kind":"lake","evidence_class":"statewide_default","cdfw_stocked":true,"public_fishing":"yes","follow_up_priority":"medium"}},{"type":"Feature","geometry":{"type":"Point","coordinates":[-121.616082,39.459887]},"properties":{"id":"oroville-wildlife-area-finger-pond-c--butte","name":"Oroville Wildlife Area Finger Pond C","kind":"lake","evidence_class":"statewide_default","cdfw_stocked":true,"public_fishing":"yes","follow_up_priority":"medium"}},{"type":"Feature","geometry":{"type":"Point","coordinates":[-121.621918,39.759605]},"properties":{"id":"paradise-aquatic-park-pond--butte","name":"Paradise Aquatic Park Pond","kind":"lake","evidence_class":"unknown","cdfw_stocked":true,"public_fishing":"yes","follow_up_priority":"high"}},{"type":"Feature","geometry":{"type":"Point","coordinates":[-121.580622,39.858218]},"properties":{"id":"paradise-lake--butte","name":"Paradise Lake","kind":"lake","evidence_class":"site_verified","cdfw_stocked":true,"public_fishing":"yes","follow_up_priority":"low"}},{"type":"Feature","geometry":{"type":"Point","coordinates":[-121.468665,40.026264]},"properties":{"id":"philbrook-reservoir--butte","name":"Philbrook Reservoir","kind":"lake","evidence_class":"statewide_default","cdfw_stocked":true,"public_fishing":"yes","follow_up_priority":null}},{"type":"Feature","geometry":{"type":"Point","coordinates":[-121.292505,39.549334]},"properties":{"id":"ponderosa-reservoir--butte","name":"Ponderosa Reservoir","kind":"lake","evidence_class":"statewide_default","cdfw_stocked":false,"public_fishing":"unknown","follow_up_priority":null}},{"type":"Feature","geometry":{"type":"Point","coordinates":[-121.5683,39.5118]},"properties":{"id":"riverbend-park-fishing-ponds--butte","name":"Riverbend Park Fishing Ponds","kind":"lake","evidence_class":"statewide_default","cdfw_stocked":false,"public_fishing":"yes","follow_up_priority":"high"}},{"type":"Feature","geometry":{"type":"Point","coordinates":[-121.109968,39.596005]},"properties":{"id":"sly-creek-reservoir--butte","name":"Sly Creek Reservoir","kind":"lake","evidence_class":"statewide_default","cdfw_stocked":true,"public_fishing":"yes","follow_up_priority":"low"}},{"type":"Feature","geometry":{"type":"Point","coordinates":[-121.686918,39.477109]},"properties":{"id":"thermalito-afterbay--butte","name":"Thermalito Afterbay","kind":"lake","evidence_class":"site_verified","cdfw_stocked":true,"public_fishing":"yes","follow_up_priority":"low"}},{"type":"Feature","geometry":{"type":"Point","coordinates":[-121.516691,39.536903]},"properties":{"id":"thermalito-diversion-pool--butte","name":"Thermalito Diversion Pool","kind":"lake","evidence_class":"site_verified","cdfw_stocked":false,"public_fishing":"yes","follow_up_priority":"medium"}},{"type":"Feature","geometry":{"type":"Point","coordinates":[-121.605858,39.527262]},"properties":{"id":"thermalito-forebay--butte","name":"Thermalito Forebay","kind":"lake","evidence_class":"site_verified","cdfw_stocked":true,"public_fishing":"yes","follow_up_priority":"low"}},{"type":"Feature","geometry":{"type":"Point","coordinates":[-120.57253,37.91039]},"properties":{"id":"lake-tulloch--calaveras","name":"Lake Tulloch","kind":"lake","evidence_class":"statewide_default","cdfw_stocked":true,"public_fishing":"yes","follow_up_priority":"high"}},{"type":"Feature","geometry":{"type":"Point","coordinates":[-120.81464,38.15495]},"properties":{"id":"new-hogan-lake--calaveras","name":"New Hogan Lake","kind":"lake","evidence_class":"statewide_default","cdfw_stocked":false,"public_fishing":"yes","follow_up_priority":"medium"}},{"type":"Feature","geometry":{"type":"Point","coordinates":[-120.52798,37.94715]},"properties":{"id":"new-melones-lake--calaveras","name":"New Melones Lake","kind":"lake","evidence_class":"site_verified","cdfw_stocked":true,"public_fishing":"yes","follow_up_priority":"medium"}},{"type":"Feature","geometry":{"type":"Point","coordinates":[-120.75394,38.03442]},"properties":{"id":"salt-springs-valley-reservoir--calaveras","name":"Salt Springs Valley Reservoir","kind":"lake","evidence_class":"statewide_default","cdfw_stocked":false,"public_fishing":"unknown","follow_up_priority":null}},{"type":"Feature","geometry":{"type":"Point","coordinates":[-120.43751,38.38507]},"properties":{"id":"schaads-reservoir--calaveras","name":"Schaads Reservoir","kind":"lake","evidence_class":"statewide_default","cdfw_stocked":true,"public_fishing":"unknown","follow_up_priority":null}},{"type":"Feature","geometry":{"type":"Point","coordinates":[-120.34158,38.26868]},"properties":{"id":"white-pines-lake--calaveras","name":"White Pines Lake","kind":"lake","evidence_class":"statewide_default","cdfw_stocked":true,"public_fishing":"yes","follow_up_priority":"high"}},{"type":"Feature","geometry":{"type":"Point","coordinates":[-122.50548,39.343968]},"properties":{"id":"east-park-reservoir--colusa","name":"East Park Reservoir","kind":"lake","evidence_class":"statewide_default","cdfw_stocked":false,"public_fishing":"yes","follow_up_priority":"medium"}},{"type":"Feature","geometry":{"type":"Point","coordinates":[-122.291104,39.309892]},"properties":{"id":"funks-reservoir--colusa","name":"Funks Reservoir","kind":"lake","evidence_class":"no_fishing","cdfw_stocked":false,"public_fishing":"no","follow_up_priority":null}},{"type":"Feature","geometry":{"type":"Point","coordinates":[-122.712539,39.305863]},"properties":{"id":"letts-lake--colusa","name":"Letts Lake","kind":"lake","evidence_class":"site_verified","cdfw_stocked":true,"public_fishing":"yes","follow_up_priority":null}},{"type":"Feature","geometry":{"type":"Point","coordinates":[-122.19064,37.92432]},"properties":{"id":"briones-reservoir--contra-costa","name":"Briones Reservoir","kind":"lake","evidence_class":"no_fishing","cdfw_stocked":false,"public_fishing":"no","follow_up_priority":null}},{"type":"Feature","geometry":{"type":"Point","coordinates":[-121.57544,37.83861]},"properties":{"id":"clifton-court-forebay--contra-costa","name":"Clifton Court Forebay","kind":"lake","evidence_class":"statewide_default","cdfw_stocked":false,"public_fishing":"unknown","follow_up_priority":null}},{"type":"Feature","geometry":{"type":"Point","coordinates":[-121.82587,37.9744]},"properties":{"id":"contra-loma-reservoir--contra-costa","name":"Contra Loma Reservoir","kind":"lake","evidence_class":"site_verified","cdfw_stocked":true,"public_fishing":"yes","follow_up_priority":null}},{"type":"Feature","geometry":{"type":"Point","coordinates":[-122.04347,37.91969]},"properties":{"id":"heather-farm-pond--contra-costa","name":"Heather Farm Pond","kind":"lake","evidence_class":"site_verified","cdfw_stocked":true,"public_fishing":"yes","follow_up_priority":"high"}},{"type":"Feature","geometry":{"type":"Point","coordinates":[-122.0867,37.98104]},"properties":{"id":"hidden-lakes-park-pond--contra-costa","name":"Hidden Lakes Park Pond","kind":"lake","evidence_class":"site_verified","cdfw_stocked":true,"public_fishing":"yes","follow_up_priority":"high"}},{"type":"Feature","geometry":{"type":"Point","coordinates":[-122.14195,37.88135]},"properties":{"id":"lafayette-reservoir--contra-costa","name":"Lafayette Reservoir","kind":"lake","evidence_class":"site_verified","cdfw_stocked":true,"public_fishing":"yes","follow_up_priority":null}},{"type":"Feature","geometry":{"type":"Point","coordinates":[-121.79289,38.00786]},"properties":{"id":"lake-alhambra--contra-costa","name":"Lake Alhambra","kind":"lake","evidence_class":"no_fishing","cdfw_stocked":false,"public_fishing":"no","follow_up_priority":null}},{"type":"Feature","geometry":{"type":"Point","coordinates":[-122.25023,37.89607]},"properties":{"id":"lake-anza--contra-costa","name":"Lake Anza","kind":"lake","evidence_class":"site_verified","cdfw_stocked":false,"public_fishing":"yes","follow_up_priority":"high"}},{"type":"Feature","geometry":{"type":"Point","coordinates":[-122.18595,37.89212]},"properties":{"id":"lake-cascade--contra-costa","name":"Lake Cascade","kind":"lake","evidence_class":"no_fishing","cdfw_stocked":false,"public_fishing":"no","follow_up_priority":null}},{"type":"Feature","geometry":{"type":"Point","coordinates":[-121.74872,37.80856]},"properties":{"id":"los-vaqueros-reservoir--contra-costa","name":"Los Vaqueros Reservoir","kind":"lake","evidence_class":"site_verified","cdfw_stocked":true,"public_fishing":"yes","follow_up_priority":"low"}},{"type":"Feature","geometry":{"type":"Point","coordinates":[-121.72561,37.88737]},"properties":{"id":"marsh-creek-reservoir--contra-costa","name":"Marsh Creek Reservoir","kind":"lake","evidence_class":"no_fishing","cdfw_stocked":false,"public_fishing":"no","follow_up_priority":null}},{"type":"Feature","geometry":{"type":"Point","coordinates":[-122.26894,38.0085]},"properties":{"id":"refugio-lake--contra-costa","name":"Refugio Lake","kind":"lake","evidence_class":"statewide_default","cdfw_stocked":true,"public_fishing":"yes","follow_up_priority":"high"}},{"type":"Feature","geometry":{"type":"Point","coordinates":[-122.24277,37.9279]},"properties":{"id":"san-pablo-reservoir--contra-costa","name":"San Pablo Reservoir","kind":"lake","evidence_class":"site_verified","cdfw_stocked":true,"public_fishing":"yes","follow_up_priority":null}},{"type":"Feature","geometry":{"type":"Point","coordinates":[-124.227085,41.784141]},"properties":{"id":"dead-lake--del-norte","name":"Dead Lake","kind":"lake","evidence_class":"statewide_default","cdfw_stocked":false,"public_fishing":"yes","follow_up_priority":"low"}},{"type":"Feature","geometry":{"type":"Point","coordinates":[-123.87709,41.742553]},"properties":{"id":"dry-lake--del-norte","name":"Dry Lake","kind":"lake","evidence_class":"site_verified","cdfw_stocked":true,"public_fishing":"yes","follow_up_priority":"low"}},{"type":"Feature","geometry":{"type":"Point","coordinates":[-123.696576,41.759657]},"properties":{"id":"island-lake--del-norte","name":"Island Lake","kind":"lake","evidence_class":"site_verified","cdfw_stocked":true,"public_fishing":"yes","follow_up_priority":"low"}},{"type":"Feature","geometry":{"type":"Point","coordinates":[-124.18905,41.82746]},"properties":{"id":"lake-earl--del-norte","name":"Lake Earl","kind":"lake","evidence_class":"site_verified","cdfw_stocked":false,"public_fishing":"yes","follow_up_priority":"medium"}},{"type":"Feature","geometry":{"type":"Point","coordinates":[-124.21634,41.8328]},"properties":{"id":"lake-talawa--del-norte","name":"Lake Talawa","kind":"lake","evidence_class":"site_verified","cdfw_stocked":false,"public_fishing":"yes","follow_up_priority":"medium"}},{"type":"Feature","geometry":{"type":"Point","coordinates":[-123.8498,41.67513]},"properties":{"id":"muslatt-lake--del-norte","name":"Muslatt Lake","kind":"lake","evidence_class":"site_verified","cdfw_stocked":true,"public_fishing":"yes","follow_up_priority":"low"}},{"type":"Feature","geometry":{"type":"Point","coordinates":[-123.647323,41.901761]},"properties":{"id":"sanger-lake--del-norte","name":"Sanger Lake","kind":"lake","evidence_class":"site_verified","cdfw_stocked":true,"public_fishing":"yes","follow_up_priority":"low"}},{"type":"Feature","geometry":{"type":"Point","coordinates":[-121.023,38.67942]},"properties":{"id":"bass-lake-el-dorado-hills--el-dorado","name":"Bass Lake (El Dorado Hills)","kind":"lake","evidence_class":"statewide_default","cdfw_stocked":false,"public_fishing":"unknown","follow_up_priority":null}},{"type":"Feature","geometry":{"type":"Point","coordinates":[-120.2522,39.0019]},"properties":{"id":"buck-island-lake--el-dorado","name":"Buck Island Lake","kind":"lake","evidence_class":"statewide_default","cdfw_stocked":false,"public_fishing":"yes","follow_up_priority":null}},{"type":"Feature","geometry":{"type":"Point","coordinates":[-120.99413,38.68404]},"properties":{"id":"cameron-park-lake--el-dorado","name":"Cameron Park Lake","kind":"lake","evidence_class":"statewide_default","cdfw_stocked":false,"public_fishing":"yes","follow_up_priority":null}},{"type":"Feature","geometry":{"type":"Point","coordinates":[-120.14279,38.75991]},"properties":{"id":"cody-lake--el-dorado","name":"Cody Lake","kind":"lake","evidence_class":"statewide_default","cdfw_stocked":true,"public_fishing":"yes","follow_up_priority":null}},{"type":"Feature","geometry":{"type":"Point","coordinates":[-120.02208,38.75988]},"properties":{"id":"dardanelles-lake--el-dorado","name":"Dardanelles Lake","kind":"lake","evidence_class":"statewide_default","cdfw_stocked":true,"public_fishing":"yes","follow_up_priority":null}},{"type":"Feature","geometry":{"type":"Point","coordinates":[-120.24214,38.85079]},"properties":{"id":"dark-lake--el-dorado","name":"Dark Lake","kind":"lake","evidence_class":"statewide_default","cdfw_stocked":true,"public_fishing":"yes","follow_up_priority":"low"}},{"type":"Feature","geometry":{"type":"Point","coordinates":[-120.58369,38.76989]},"properties":{"id":"el-dorado-forebay--el-dorado","name":"El Dorado Forebay","kind":"lake","evidence_class":"statewide_default","cdfw_stocked":true,"public_fishing":"yes","follow_up_priority":"high"}},{"type":"Feature","geometry":{"type":"Point","coordinates":[-120.06154,38.90099]},"properties":{"id":"fallen-leaf-lake--el-dorado","name":"Fallen Leaf Lake","kind":"lake","evidence_class":"statewide_default","cdfw_stocked":true,"public_fishing":"yes","follow_up_priority":"low"}},{"type":"Feature","geometry":{"type":"Point","coordinates":[-120.75013,38.79831]},"properties":{"id":"finnon-lake--el-dorado","name":"Finnon Lake","kind":"lake","evidence_class":"statewide_default","cdfw_stocked":true,"public_fishing":"yes","follow_up_priority":null}},{"type":"Feature","geometry":{"type":"Point","coordinates":[-121.119484,38.729208]},"properties":{"id":"folsom-lake--el-dorado","name":"Folsom Lake","kind":"lake","evidence_class":"statewide_default","cdfw_stocked":true,"public_fishing":"yes","follow_up_priority":null}},{"type":"Feature","geometry":{"type":"Point","coordinates":[-120.39335,38.96933]},"properties":{"id":"gerle-creek-reservoir--el-dorado","name":"Gerle Creek Reservoir","kind":"lake","evidence_class":"site_verified","cdfw_stocked":false,"public_fishing":"yes","follow_up_priority":"low"}},{"type":"Feature","geometry":{"type":"Point","coordinates":[-120.34311,38.82472]},"properties":{"id":"ice-house-reservoir--el-dorado","name":"Ice House Reservoir","kind":"lake","evidence_class":"site_verified","cdfw_stocked":true,"public_fishing":"yes","follow_up_priority":"low"}},{"type":"Feature","geometry":{"type":"Point","coordinates":[-120.55586,38.72324]},"properties":{"id":"jenkinson-lake--el-dorado","name":"Jenkinson Lake","kind":"lake","evidence_class":"statewide_default","cdfw_stocked":true,"public_fishing":"yes","follow_up_priority":"low"}},{"type":"Feature","geometry":{"type":"Point","coordinates":[-120.125,38.9106]},"properties":{"id":"kalmia-lake--el-dorado","name":"Kalmia Lake","kind":"lake","evidence_class":"statewide_default","cdfw_stocked":true,"public_fishing":"yes","follow_up_priority":null}},{"type":"Feature","geometry":{"type":"Point","coordinates":[-120.2301,38.92521]},"properties":{"id":"lake-number-three--el-dorado","name":"Lake Number Three","kind":"lake","evidence_class":"statewide_default","cdfw_stocked":true,"public_fishing":"yes","follow_up_priority":null}},{"type":"Feature","geometry":{"type":"Point","coordinates":[-120.032351,39.096849]},"properties":{"id":"lake-tahoe--el-dorado","name":"Lake Tahoe","kind":"lake","evidence_class":"site_verified","cdfw_stocked":true,"public_fishing":"yes","follow_up_priority":"high"}},{"type":"Feature","geometry":{"type":"Point","coordinates":[-120.77635,38.92272]},"properties":{"id":"lake-walton--el-dorado","name":"Lake Walton","kind":"lake","evidence_class":"statewide_default","cdfw_stocked":true,"public_fishing":"yes","follow_up_priority":null}},{"type":"Feature","geometry":{"type":"Point","coordinates":[-120.331,38.988]},"properties":{"id":"loon-lake--el-dorado","name":"Loon Lake","kind":"lake","evidence_class":"site_verified","cdfw_stocked":true,"public_fishing":"yes","follow_up_priority":null}},{"type":"Feature","geometry":{"type":"Point","coordinates":[-120.18162,39.0141]},"properties":{"id":"lost-lake-loon-lake-area--el-dorado","name":"Lost Lake (Loon Lake area)","kind":"lake","evidence_class":"statewide_default","cdfw_stocked":true,"public_fishing":"yes","follow_up_priority":null}},{"type":"Feature","geometry":{"type":"Point","coordinates":[-120.06775,38.86269]},"properties":{"id":"lower-angora-lake--el-dorado","name":"Lower Angora Lake","kind":"lake","evidence_class":"statewide_default","cdfw_stocked":true,"public_fishing":"yes","follow_up_priority":"low"}},{"type":"Feature","geometry":{"type":"Point","coordinates":[-120.05805,38.8394]},"properties":{"id":"lower-echo-lake--el-dorado","name":"Lower Echo Lake","kind":"lake","evidence_class":"statewide_default","cdfw_stocked":true,"public_fishing":"yes","follow_up_priority":"low"}},{"type":"Feature","geometry":{"type":"Point","coordinates":[-120.77664,38.727753]},"properties":{"id":"lumsden-pond--el-dorado","name":"Lumsden Pond","kind":"lake","evidence_class":"statewide_default","cdfw_stocked":true,"public_fishing":"yes","follow_up_priority":null}},{"type":"Feature","geometry":{"type":"Point","coordinates":[-120.23881,38.99702]},"properties":{"id":"rockbound-lake--el-dorado","name":"Rockbound Lake","kind":"lake","evidence_class":"statewide_default","cdfw_stocked":true,"public_fishing":"yes","follow_up_priority":null}},{"type":"Feature","geometry":{"type":"Point","coordinates":[-120.22097,38.9852]},"properties":{"id":"rubicon-reservoir--el-dorado","name":"Rubicon Reservoir","kind":"lake","evidence_class":"statewide_default","cdfw_stocked":true,"public_fishing":"yes","follow_up_priority":null}},{"type":"Feature","geometry":{"type":"Point","coordinates":[-120.02596,38.88915]},"properties":{"id":"sawmill-pond--el-dorado","name":"Sawmill Pond","kind":"lake","evidence_class":"statewide_default","cdfw_stocked":true,"public_fishing":"restricted","follow_up_priority":null}},{"type":"Feature","geometry":{"type":"Point","coordinates":[-120.03522,38.74174]},"properties":{"id":"showers-lake--el-dorado","name":"Showers Lake","kind":"lake","evidence_class":"statewide_default","cdfw_stocked":true,"public_fishing":"yes","follow_up_priority":null}},{"type":"Feature","geometry":{"type":"Point","coordinates":[-120.66638,38.78523]},"properties":{"id":"slab-creek-reservoir--el-dorado","name":"Slab Creek Reservoir","kind":"lake","evidence_class":"statewide_default","cdfw_stocked":false,"public_fishing":"unknown","follow_up_priority":null}},{"type":"Feature","geometry":{"type":"Point","coordinates":[-120.59147,38.89898]},"properties":{"id":"stumpy-meadows-reservoir--el-dorado","name":"Stumpy Meadows Reservoir","kind":"lake","evidence_class":"site_verified","cdfw_stocked":true,"public_fishing":"yes","follow_up_priority":"low"}},{"type":"Feature","geometry":{"type":"Point","coordinates":[-120.40655,38.87266]},"properties":{"id":"union-valley-reservoir--el-dorado","name":"Union Valley Reservoir","kind":"lake","evidence_class":"site_verified","cdfw_stocked":true,"public_fishing":"yes","follow_up_priority":"low"}},{"type":"Feature","geometry":{"type":"Point","coordinates":[-120.07552,38.84319]},"properties":{"id":"upper-echo-lake--el-dorado","name":"Upper Echo Lake","kind":"lake","evidence_class":"statewide_default","cdfw_stocked":true,"public_fishing":"yes","follow_up_priority":"low"}},{"type":"Feature","geometry":{"type":"Point","coordinates":[-120.2327,38.8491]},"properties":{"id":"wrights-lake--el-dorado","name":"Wrights Lake","kind":"lake","evidence_class":"site_verified","cdfw_stocked":true,"public_fishing":"yes","follow_up_priority":null}},{"type":"Feature","geometry":{"type":"Point","coordinates":[-118.51022,37.04289]},"properties":{"id":"amphitheater-lake-kings-canyon--fresno","name":"Amphitheater Lake (Kings Canyon)","kind":"lake","evidence_class":"statewide_default","cdfw_stocked":false,"public_fishing":"yes","follow_up_priority":null}},{"type":"Feature","geometry":{"type":"Point","coordinates":[-118.99092,37.46063]},"properties":{"id":"anne-lake--fresno","name":"Anne Lake","kind":"lake","evidence_class":"statewide_default","cdfw_stocked":true,"public_fishing":"yes","follow_up_priority":null}},{"type":"Feature","geometry":{"type":"Point","coordinates":[-118.89162,37.33337]},"properties":{"id":"apollo-lake--fresno","name":"Apollo Lake","kind":"lake","evidence_class":"statewide_default","cdfw_stocked":true,"public_fishing":"yes","follow_up_priority":null}},{"type":"Feature","geometry":{"type":"Point","coordinates":[-118.79697,37.13002]},"properties":{"id":"arctic-lake--fresno","name":"Arctic Lake","kind":"lake","evidence_class":"statewide_default","cdfw_stocked":true,"public_fishing":"yes","follow_up_priority":null}},{"type":"Feature","geometry":{"type":"Point","coordinates":[-118.41146,36.82727]},"properties":{"id":"arrowhead-lake-kings-canyon--fresno","name":"Arrowhead Lake (Kings Canyon)","kind":"lake","evidence_class":"site_verified","cdfw_stocked":false,"public_fishing":"yes","follow_up_priority":null}},{"type":"Feature","geometry":{"type":"Point","coordinates":[-119.16775,37.30994]},"properties":{"id":"avalanche-lake--fresno","name":"Avalanche Lake","kind":"lake","evidence_class":"statewide_default","cdfw_stocked":true,"public_fishing":"yes","follow_up_priority":null}},{"type":"Feature","geometry":{"type":"Point","coordinates":[-119.41222,36.78704]},"properties":{"id":"avocado-lake--fresno","name":"Avocado Lake","kind":"lake","evidence_class":"statewide_default","cdfw_stocked":true,"public_fishing":"yes","follow_up_priority":"high"}},{"type":"Feature","geometry":{"type":"Point","coordinates":[-119.2527,37.1609]},"properties":{"id":"balsam-forebay--fresno","name":"Balsam Forebay","kind":"lake","evidence_class":"statewide_default","cdfw_stocked":true,"public_fishing":"yes","follow_up_priority":null}},{"type":"Feature","geometry":{"type":"Point","coordinates":[-118.53404,37.08523]},"properties":{"id":"barrett-lakes--fresno","name":"Barrett Lakes","kind":"lake","evidence_class":"statewide_default","cdfw_stocked":false,"public_fishing":"yes","follow_up_priority":null}},{"type":"Feature","geometry":{"type":"Point","coordinates":[-118.7397,37.05716]},"properties":{"id":"battalion-lake--fresno","name":"Battalion Lake","kind":"lake","evidence_class":"statewide_default","cdfw_stocked":false,"public_fishing":"yes","follow_up_priority":null}},{"type":"Feature","geometry":{"type":"Point","coordinates":[-118.38261,36.84827]},"properties":{"id":"baxter-lakes--fresno","name":"Baxter Lakes","kind":"lake","evidence_class":"statewide_default","cdfw_stocked":false,"public_fishing":"yes","follow_up_priority":null}},{"type":"Feature","geometry":{"type":"Point","coordinates":[-118.79455,37.33106]},"properties":{"id":"bear-paw-lake--fresno","name":"Bear Paw Lake","kind":"lake","evidence_class":"statewide_default","cdfw_stocked":false,"public_fishing":"yes","follow_up_priority":null}},{"type":"Feature","geometry":{"type":"Point","coordinates":[-118.82201,37.3416]},"properties":{"id":"beartrap-lake--fresno","name":"Beartrap Lake","kind":"lake","evidence_class":"statewide_default","cdfw_stocked":false,"public_fishing":"yes","follow_up_priority":null}},{"type":"Feature","geometry":{"type":"Point","coordinates":[-118.46332,36.94851]},"properties":{"id":"bench-lake--fresno","name":"Bench Lake","kind":"lake","evidence_class":"statewide_default","cdfw_stocked":false,"public_fishing":"yes","follow_up_priority":null}},{"type":"Feature","geometry":{"type":"Point","coordinates":[-119.01433,37.50169]},"properties":{"id":"bench-lakes-fish-creek--fresno","name":"Bench Lakes (Fish Creek)","kind":"lake","evidence_class":"statewide_default","cdfw_stocked":false,"public_fishing":"yes","follow_up_priority":null}},{"type":"Feature","geometry":{"type":"Point","coordinates":[-119.10674,37.17823]},"properties":{"id":"beryl-lake--fresno","name":"Beryl Lake","kind":"lake","evidence_class":"statewide_default","cdfw_stocked":true,"public_fishing":"yes","follow_up_priority":"low"}},{"type":"Feature","geometry":{"type":"Point","coordinates":[-119.07879,37.10312]},"properties":{"id":"betty-lake--fresno","name":"Betty Lake","kind":"lake","evidence_class":"statewide_default","cdfw_stocked":false,"public_fishing":"yes","follow_up_priority":null}},{"type":"Feature","geometry":{"type":"Point","coordinates":[-118.80242,37.3323]},"properties":{"id":"big-bear-lake--fresno","name":"Big Bear Lake","kind":"lake","evidence_class":"statewide_default","cdfw_stocked":false,"public_fishing":"yes","follow_up_priority":null}},{"type":"Feature","geometry":{"type":"Point","coordinates":[-119.03411,37.45835]},"properties":{"id":"big-margaret-lake--fresno","name":"Big Margaret Lake","kind":"lake","evidence_class":"statewide_default","cdfw_stocked":false,"public_fishing":"yes","follow_up_priority":"low"}},{"type":"Feature","geometry":{"type":"Point","coordinates":[-118.87914,37.4685]},"properties":{"id":"bighorn-lake-silver-divide--fresno","name":"Bighorn Lake (Silver Divide)","kind":"lake","evidence_class":"statewide_default","cdfw_stocked":true,"public_fishing":"yes","follow_up_priority":null}},{"type":"Feature","geometry":{"type":"Point","coordinates":[-119.20113,37.29997]},"properties":{"id":"bill-lake--fresno","name":"Bill Lake","kind":"lake","evidence_class":"statewide_default","cdfw_stocked":false,"public_fishing":"yes","follow_up_priority":null}},{"type":"Feature","geometry":{"type":"Point","coordinates":[-118.79478,37.337]},"properties":{"id":"black-bear-lake--fresno","name":"Black Bear Lake","kind":"lake","evidence_class":"statewide_default","cdfw_stocked":false,"public_fishing":"yes","follow_up_priority":null}},{"type":"Feature","geometry":{"type":"Point","coordinates":[-119.01848,36.92088]},"properties":{"id":"black-rock-reservoir--fresno","name":"Black Rock Reservoir","kind":"lake","evidence_class":"statewide_default","cdfw_stocked":true,"public_fishing":"yes","follow_up_priority":"low"}},{"type":"Feature","geometry":{"type":"Point","coordinates":[-118.81354,37.12919]},"properties":{"id":"blackrock-lake--fresno","name":"Blackrock Lake","kind":"lake","evidence_class":"statewide_default","cdfw_stocked":false,"public_fishing":"yes","follow_up_priority":null}},{"type":"Feature","geometry":{"type":"Point","coordinates":[-119.19173,37.29744]},"properties":{"id":"bobby-lake--fresno","name":"Bobby Lake","kind":"lake","evidence_class":"statewide_default","cdfw_stocked":false,"public_fishing":"yes","follow_up_priority":null}},{"type":"Feature","geometry":{"type":"Point","coordinates":[-118.84454,37.18837]},"properties":{"id":"bonita-lake--fresno","name":"Bonita Lake","kind":"lake","evidence_class":"statewide_default","cdfw_stocked":false,"public_fishing":"yes","follow_up_priority":null}},{"type":"Feature","geometry":{"type":"Point","coordinates":[-119.19495,37.29751]},"properties":{"id":"bonnie-lake--fresno","name":"Bonnie Lake","kind":"lake","evidence_class":"statewide_default","cdfw_stocked":false,"public_fishing":"yes","follow_up_priority":null}},{"type":"Feature","geometry":{"type":"Point","coordinates":[-118.94577,37.48786]},"properties":{"id":"brave-lake--fresno","name":"Brave Lake","kind":"lake","evidence_class":"statewide_default","cdfw_stocked":true,"public_fishing":"yes","follow_up_priority":null}},{"type":"Feature","geometry":{"type":"Point","coordinates":[-119.12317,37.16673]},"properties":{"id":"brewer-lake--fresno","name":"Brewer Lake","kind":"lake","evidence_class":"statewide_default","cdfw_stocked":false,"public_fishing":"yes","follow_up_priority":"low"}},{"type":"Feature","geometry":{"type":"Point","coordinates":[-118.81082,37.34547]},"properties":{"id":"brown-bear-lake--fresno","name":"Brown Bear Lake","kind":"lake","evidence_class":"statewide_default","cdfw_stocked":false,"public_fishing":"yes","follow_up_priority":null}},{"type":"Feature","geometry":{"type":"Point","coordinates":[-118.78468,37.10288]},"properties":{"id":"bullet-lake--fresno","name":"Bullet Lake","kind":"lake","evidence_class":"statewide_default","cdfw_stocked":false,"public_fishing":"yes","follow_up_priority":null}},{"type":"Feature","geometry":{"type":"Point","coordinates":[-119.04087,37.14717]},"properties":{"id":"bullfrog-lake-dinkey--fresno","name":"Bullfrog Lake (Dinkey)","kind":"lake","evidence_class":"statewide_default","cdfw_stocked":true,"public_fishing":"yes","follow_up_priority":"low"}},{"type":"Feature","geometry":{"type":"Point","coordinates":[-119.17865,37.29608]},"properties":{"id":"campfire-lake--fresno","name":"Campfire Lake","kind":"lake","evidence_class":"statewide_default","cdfw_stocked":false,"public_fishing":"yes","follow_up_priority":null}},{"type":"Feature","geometry":{"type":"Point","coordinates":[-118.74103,37.04063]},"properties":{"id":"cathedral-lake--fresno","name":"Cathedral Lake","kind":"lake","evidence_class":"statewide_default","cdfw_stocked":false,"public_fishing":"yes","follow_up_priority":null}},{"type":"Feature","geometry":{"type":"Point","coordinates":[-118.88819,36.98196]},"properties":{"id":"chain-lakes-upper-chain-lake--fresno","name":"Chain Lakes (Upper Chain Lake)","kind":"lake","evidence_class":"statewide_default","cdfw_stocked":true,"public_fishing":"yes","follow_up_priority":"low"}},{"type":"Feature","geometry":{"type":"Point","coordinates":[-118.90954,37.28892]},"properties":{"id":"chamberlain-lake--fresno","name":"Chamberlain Lake","kind":"lake","evidence_class":"statewide_default","cdfw_stocked":false,"public_fishing":"yes","follow_up_priority":null}},{"type":"Feature","geometry":{"type":"Point","coordinates":[-118.74739,37.04597]},"properties":{"id":"chapel-lake--fresno","name":"Chapel Lake","kind":"lake","evidence_class":"statewide_default","cdfw_stocked":false,"public_fishing":"yes","follow_up_priority":null}},{"type":"Feature","geometry":{"type":"Point","coordinates":[-118.42672,36.77611]},"properties":{"id":"charlotte-lake--fresno","name":"Charlotte Lake","kind":"lake","evidence_class":"site_verified","cdfw_stocked":false,"public_fishing":"yes","follow_up_priority":null}},{"type":"Feature","geometry":{"type":"Point","coordinates":[-118.7543,37.27757]},"properties":{"id":"chevaux-lake--fresno","name":"Chevaux Lake","kind":"lake","evidence_class":"statewide_default","cdfw_stocked":false,"public_fishing":"yes","follow_up_priority":null}},{"type":"Feature","geometry":{"type":"Point","coordinates":[-118.92734,37.47004]},"properties":{"id":"chief-lake--fresno","name":"Chief Lake","kind":"lake","evidence_class":"statewide_default","cdfw_stocked":false,"public_fishing":"yes","follow_up_priority":null}},{"type":"Feature","geometry":{"type":"Point","coordinates":[-118.89155,37.02722]},"properties":{"id":"chimney-lake--fresno","name":"Chimney Lake","kind":"lake","evidence_class":"statewide_default","cdfw_stocked":false,"public_fishing":"yes","follow_up_priority":null}},{"type":"Feature","geometry":{"type":"Point","coordinates":[-119.05235,37.10551]},"properties":{"id":"chinquapin-lakes--fresno","name":"Chinquapin Lakes","kind":"lake","evidence_class":"statewide_default","cdfw_stocked":false,"public_fishing":"yes","follow_up_priority":null}},{"type":"Feature","geometry":{"type":"Point","coordinates":[-118.90523,37.3333]},"properties":{"id":"cirque-lake--fresno","name":"Cirque Lake","kind":"lake","evidence_class":"statewide_default","cdfw_stocked":false,"public_fishing":"yes","follow_up_priority":null}},{"type":"Feature","geometry":{"type":"Point","coordinates":[-118.801,37.31906]},"properties":{"id":"claw-lake--fresno","name":"Claw Lake","kind":"lake","evidence_class":"statewide_default","cdfw_stocked":false,"public_fishing":"yes","follow_up_priority":null}},{"type":"Feature","geometry":{"type":"Point","coordinates":[-119.04466,37.14134]},"properties":{"id":"cliff-lake--fresno","name":"Cliff Lake","kind":"lake","evidence_class":"statewide_default","cdfw_stocked":false,"public_fishing":"yes","follow_up_priority":"low"}},{"type":"Feature","geometry":{"type":"Point","coordinates":[-119.04347,37.46189]},"properties":{"id":"cockscomb-lakes--fresno","name":"Cockscomb Lakes","kind":"lake","evidence_class":"statewide_default","cdfw_stocked":false,"public_fishing":"yes","follow_up_priority":null}},{"type":"Feature","geometry":{"type":"Point","coordinates":[-119.17726,37.2926]},"properties":{"id":"college-lake--fresno","name":"College Lake","kind":"lake","evidence_class":"statewide_default","cdfw_stocked":false,"public_fishing":"yes","follow_up_priority":null}},{"type":"Feature","geometry":{"type":"Point","coordinates":[-118.79831,37.08663]},"properties":{"id":"colt-lake--fresno","name":"Colt Lake","kind":"lake","evidence_class":"statewide_default","cdfw_stocked":false,"public_fishing":"yes","follow_up_priority":null}},{"type":"Feature","geometry":{"type":"Point","coordinates":[-118.69027,37.25123]},"properties":{"id":"cony-lake--fresno","name":"Cony Lake","kind":"lake","evidence_class":"statewide_default","cdfw_stocked":false,"public_fishing":"yes","follow_up_priority":null}},{"type":"Feature","geometry":{"type":"Point","coordinates":[-119.05182,37.2908]},"properties":{"id":"corbett-lake--fresno","name":"Corbett Lake","kind":"lake","evidence_class":"statewide_default","cdfw_stocked":true,"public_fishing":"yes","follow_up_priority":"low"}},{"type":"Feature","geometry":{"type":"Point","coordinates":[-118.8139,37.33373]},"properties":{"id":"coronet-lake--fresno","name":"Coronet Lake","kind":"lake","evidence_class":"statewide_default","cdfw_stocked":false,"public_fishing":"yes","follow_up_priority":null}},{"type":"Feature","geometry":{"type":"Point","coordinates":[-118.89299,37.48453]},"properties":{"id":"cotton-lake--fresno","name":"Cotton Lake","kind":"lake","evidence_class":"statewide_default","cdfw_stocked":false,"public_fishing":"yes","follow_up_priority":null}},{"type":"Feature","geometry":{"type":"Point","coordinates":[-118.97541,37.10292]},"properties":{"id":"courtright-reservoir--fresno","name":"Courtright Reservoir","kind":"lake","evidence_class":"statewide_default","cdfw_stocked":true,"public_fishing":"yes","follow_up_priority":"low"}},{"type":"Feature","geometry":{"type":"Point","coordinates":[-119.09024,37.18558]},"properties":{"id":"coyote-lake-dinkey-lakes-wilderness--fresno","name":"Coyote Lake (Dinkey Lakes Wilderness)","kind":"lake","evidence_class":"statewide_default","cdfw_stocked":true,"public_fishing":"yes","follow_up_priority":"low"}},{"type":"Feature","geometry":{"type":"Point","coordinates":[-118.79531,37.10666]},"properties":{"id":"crabtree-lake-fresno--fresno","name":"Crabtree Lake (Fresno)","kind":"lake","evidence_class":"statewide_default","cdfw_stocked":false,"public_fishing":"yes","follow_up_priority":null}},{"type":"Feature","geometry":{"type":"Point","coordinates":[-119.00863,37.25025]},"properties":{"id":"crater-lake-florence--fresno","name":"Crater Lake (Florence)","kind":"lake","evidence_class":"statewide_default","cdfw_stocked":false,"public_fishing":"yes","follow_up_priority":"low"}},{"type":"Feature","geometry":{"type":"Point","coordinates":[-118.89867,37.30204]},"properties":{"id":"crazy-lake--fresno","name":"Crazy Lake","kind":"lake","evidence_class":"statewide_default","cdfw_stocked":false,"public_fishing":"yes","follow_up_priority":null}},{"type":"Feature","geometry":{"type":"Point","coordinates":[-118.84808,37.03331]},"properties":{"id":"crown-lake--fresno","name":"Crown Lake","kind":"lake","evidence_class":"statewide_default","cdfw_stocked":true,"public_fishing":"yes","follow_up_priority":"low"}},{"type":"Feature","geometry":{"type":"Point","coordinates":[-119.06062,37.28597]},"properties":{"id":"cunningham-lake--fresno","name":"Cunningham Lake","kind":"lake","evidence_class":"statewide_default","cdfw_stocked":false,"public_fishing":"yes","follow_up_priority":null}},{"type":"Feature","geometry":{"type":"Point","coordinates":[-118.83185,37.15181]},"properties":{"id":"dale-lake--fresno","name":"Dale Lake","kind":"lake","evidence_class":"statewide_default","cdfw_stocked":false,"public_fishing":"yes","follow_up_priority":null}},{"type":"Feature","geometry":{"type":"Point","coordinates":[-118.83038,37.16501]},"properties":{"id":"davis-lake--fresno","name":"Davis Lake","kind":"lake","evidence_class":"statewide_default","cdfw_stocked":false,"public_fishing":"yes","follow_up_priority":null}},{"type":"Feature","geometry":{"type":"Point","coordinates":[-119.09379,37.28634]},"properties":{"id":"deer-lake-kaiser-pass--fresno","name":"Deer Lake (Kaiser Pass)","kind":"lake","evidence_class":"statewide_default","cdfw_stocked":false,"public_fishing":"yes","follow_up_priority":null}},{"type":"Feature","geometry":{"type":"Point","coordinates":[-118.99208,37.55993]},"properties":{"id":"deer-lakes--fresno","name":"Deer Lakes","kind":"lake","evidence_class":"statewide_default","cdfw_stocked":false,"public_fishing":"yes","follow_up_priority":null}},{"type":"Feature","geometry":{"type":"Point","coordinates":[-118.70579,37.27387]},"properties":{"id":"desolation-lake--fresno","name":"Desolation Lake","kind":"lake","evidence_class":"statewide_default","cdfw_stocked":false,"public_fishing":"yes","follow_up_priority":null}},{"type":"Feature","geometry":{"type":"Point","coordinates":[-118.99699,37.43227]},"properties":{"id":"devils-bathtub--fresno","name":"Devils Bathtub","kind":"lake","evidence_class":"statewide_default","cdfw_stocked":false,"public_fishing":"yes","follow_up_priority":"low"}},{"type":"Feature","geometry":{"type":"Point","coordinates":[-118.83069,37.12578]},"properties":{"id":"devils-punchbowl--fresno","name":"Devils Punchbowl","kind":"lake","evidence_class":"statewide_default","cdfw_stocked":false,"public_fishing":"yes","follow_up_priority":null}},{"type":"Feature","geometry":{"type":"Point","coordinates":[-118.82294,37.15999]},"properties":{"id":"diamond-x-lake--fresno","name":"Diamond-X Lake","kind":"lake","evidence_class":"statewide_default","cdfw_stocked":false,"public_fishing":"yes","follow_up_priority":null}},{"type":"Feature","geometry":{"type":"Point","coordinates":[-118.81755,37.13951]},"properties":{"id":"disappointment-lake--fresno","name":"Disappointment Lake","kind":"lake","evidence_class":"statewide_default","cdfw_stocked":false,"public_fishing":"yes","follow_up_priority":null}},{"type":"Feature","geometry":{"type":"Point","coordinates":[-118.75253,37.06043]},"properties":{"id":"division-lake--fresno","name":"Division Lake","kind":"lake","evidence_class":"statewide_default","cdfw_stocked":false,"public_fishing":"yes","follow_up_priority":null}},{"type":"Feature","geometry":{"type":"Point","coordinates":[-118.50167,37.04305]},"properties":{"id":"doe-lake--fresno","name":"Doe Lake","kind":"lake","evidence_class":"statewide_default","cdfw_stocked":false,"public_fishing":"yes","follow_up_priority":null}},{"type":"Feature","geometry":{"type":"Point","coordinates":[-118.40735,36.83319]},"properties":{"id":"dollar-lake--fresno","name":"Dollar Lake","kind":"lake","evidence_class":"site_verified","cdfw_stocked":false,"public_fishing":"yes","follow_up_priority":null}},{"type":"Feature","geometry":{"type":"Point","coordinates":[-119.01447,37.33681]},"properties":{"id":"doris-lake--fresno","name":"Doris Lake","kind":"lake","evidence_class":"statewide_default","cdfw_stocked":false,"public_fishing":"yes","follow_up_priority":"low"}},{"type":"Feature","geometry":{"type":"Point","coordinates":[-118.38577,36.80074]},"properties":{"id":"dragon-lake--fresno","name":"Dragon Lake","kind":"lake","evidence_class":"statewide_default","cdfw_stocked":false,"public_fishing":"yes","follow_up_priority":null}},{"type":"Feature","geometry":{"type":"Point","coordinates":[-118.96144,37.55088]},"properties":{"id":"duck-lake-jmt--fresno","name":"Duck Lake (JMT)","kind":"lake","evidence_class":"statewide_default","cdfw_stocked":false,"public_fishing":"yes","follow_up_priority":null}},{"type":"Feature","geometry":{"type":"Point","coordinates":[-118.50691,37.01068]},"properties":{"id":"dumbbell-lakes--fresno","name":"Dumbbell Lakes","kind":"lake","evidence_class":"statewide_default","cdfw_stocked":false,"public_fishing":"yes","follow_up_priority":null}},{"type":"Feature","geometry":{"type":"Point","coordinates":[-118.98856,37.25402]},"properties":{"id":"dutch-lake--fresno","name":"Dutch Lake","kind":"lake","evidence_class":"statewide_default","cdfw_stocked":true,"public_fishing":"yes","follow_up_priority":"low"}},{"type":"Feature","geometry":{"type":"Point","coordinates":[-118.65248,36.87743]},"properties":{"id":"east-kennedy-lake--fresno","name":"East Kennedy Lake","kind":"lake","evidence_class":"statewide_default","cdfw_stocked":false,"public_fishing":"yes","follow_up_priority":null}},{"type":"Feature","geometry":{"type":"Point","coordinates":[-119.02702,37.17797]},"properties":{"id":"east-lake-dinkey--fresno","name":"East Lake (Dinkey)","kind":"lake","evidence_class":"statewide_default","cdfw_stocked":true,"public_fishing":"yes","follow_up_priority":"low"}},{"type":"Feature","geometry":{"type":"Point","coordinates":[-119.08734,37.15232]},"properties":{"id":"eastern-brook-lake--fresno","name":"Eastern Brook Lake","kind":"lake","evidence_class":"statewide_default","cdfw_stocked":false,"public_fishing":"yes","follow_up_priority":null}},{"type":"Feature","geometry":{"type":"Point","coordinates":[-118.73893,37.292]},"properties":{"id":"elba-lake--fresno","name":"Elba Lake","kind":"lake","evidence_class":"statewide_default","cdfw_stocked":false,"public_fishing":"yes","follow_up_priority":null}},{"type":"Feature","geometry":{"type":"Point","coordinates":[-118.84221,36.98735]},"properties":{"id":"elizabeth-lake--fresno","name":"Elizabeth Lake","kind":"lake","evidence_class":"statewide_default","cdfw_stocked":false,"public_fishing":"yes","follow_up_priority":null}},{"type":"Feature","geometry":{"type":"Point","coordinates":[-119.05682,37.21302]},"properties":{"id":"ershim-lake--fresno","name":"Ershim Lake","kind":"lake","evidence_class":"statewide_default","cdfw_stocked":false,"public_fishing":"unknown","follow_up_priority":"high"}},{"type":"Feature","geometry":{"type":"Point","coordinates":[-118.69505,37.16784]},"properties":{"id":"evolution-lake--fresno","name":"Evolution Lake","kind":"lake","evidence_class":"statewide_default","cdfw_stocked":false,"public_fishing":"yes","follow_up_priority":null}},{"type":"Feature","geometry":{"type":"Point","coordinates":[-118.74839,37.06421]},"properties":{"id":"ewe-lake--fresno","name":"Ewe Lake","kind":"lake","evidence_class":"statewide_default","cdfw_stocked":false,"public_fishing":"yes","follow_up_priority":null}},{"type":"Feature","geometry":{"type":"Point","coordinates":[-119.04209,37.4561]},"properties":{"id":"fern-lake-margaret-lakes--fresno","name":"Fern Lake (Margaret Lakes)","kind":"lake","evidence_class":"statewide_default","cdfw_stocked":false,"public_fishing":"yes","follow_up_priority":"low"}},{"type":"Feature","geometry":{"type":"Point","coordinates":[-118.79178,37.09162]},"properties":{"id":"filly-lake--fresno","name":"Filly Lake","kind":"lake","evidence_class":"statewide_default","cdfw_stocked":false,"public_fishing":"yes","follow_up_priority":null}},{"type":"Feature","geometry":{"type":"Point","coordinates":[-119.06892,37.15044]},"properties":{"id":"fingerbowl-lake--fresno","name":"Fingerbowl Lake","kind":"lake","evidence_class":"statewide_default","cdfw_stocked":false,"public_fishing":"yes","follow_up_priority":null}},{"type":"Feature","geometry":{"type":"Point","coordinates":[-119.06808,37.16421]},"properties":{"id":"first-dinkey-lake--fresno","name":"First Dinkey Lake","kind":"lake","evidence_class":"statewide_default","cdfw_stocked":false,"public_fishing":"yes","follow_up_priority":"low"}},{"type":"Feature","geometry":{"type":"Point","coordinates":[-118.85859,37.39722]},"properties":{"id":"first-recess-lakes--fresno","name":"First Recess Lakes","kind":"lake","evidence_class":"statewide_default","cdfw_stocked":false,"public_fishing":"yes","follow_up_priority":null}},{"type":"Feature","geometry":{"type":"Point","coordinates":[-118.85158,37.1455]},"properties":{"id":"fleming-lake--fresno","name":"Fleming Lake","kind":"lake","evidence_class":"statewide_default","cdfw_stocked":true,"public_fishing":"yes","follow_up_priority":"low"}},{"type":"Feature","geometry":{"type":"Point","coordinates":[-118.95829,37.25991]},"properties":{"id":"florence-lake--fresno","name":"Florence Lake","kind":"lake","evidence_class":"statewide_default","cdfw_stocked":true,"public_fishing":"yes","follow_up_priority":"low"}},{"type":"Feature","geometry":{"type":"Point","coordinates":[-118.90078,37.30403]},"properties":{"id":"foolish-lake--fresno","name":"Foolish Lake","kind":"lake","evidence_class":"statewide_default","cdfw_stocked":false,"public_fishing":"yes","follow_up_priority":null}},{"type":"Feature","geometry":{"type":"Point","coordinates":[-118.69221,37.27386]},"properties":{"id":"forsaken-lake--fresno","name":"Forsaken Lake","kind":"lake","evidence_class":"statewide_default","cdfw_stocked":false,"public_fishing":"yes","follow_up_priority":null}},{"type":"Feature","geometry":{"type":"Point","coordinates":[-118.78565,37.43755]},"properties":{"id":"fourth-recess-lake--fresno","name":"Fourth Recess Lake","kind":"lake","evidence_class":"statewide_default","cdfw_stocked":true,"public_fishing":"yes","follow_up_priority":"low"}},{"type":"Feature","geometry":{"type":"Point","coordinates":[-118.91223,37.53369]},"properties":{"id":"franklin-lake--fresno","name":"Franklin Lake","kind":"lake","evidence_class":"statewide_default","cdfw_stocked":false,"public_fishing":"yes","follow_up_priority":null}},{"type":"Feature","geometry":{"type":"Point","coordinates":[-118.71922,37.31366]},"properties":{"id":"french-lake--fresno","name":"French Lake","kind":"lake","evidence_class":"statewide_default","cdfw_stocked":false,"public_fishing":"yes","follow_up_priority":null}},{"type":"Feature","geometry":{"type":"Point","coordinates":[-119.06125,37.45665]},"properties":{"id":"frog-lake-margaret-lakes--fresno","name":"Frog Lake (Margaret Lakes)","kind":"lake","evidence_class":"statewide_default","cdfw_stocked":true,"public_fishing":"yes","follow_up_priority":"low"}},{"type":"Feature","geometry":{"type":"Point","coordinates":[-118.44758,36.81321]},"properties":{"id":"gardiner-lakes--fresno","name":"Gardiner Lakes","kind":"lake","evidence_class":"statewide_default","cdfw_stocked":false,"public_fishing":"yes","follow_up_priority":null}},{"type":"Feature","geometry":{"type":"Point","coordinates":[-119.17094,37.29105]},"properties":{"id":"george-lake--fresno","name":"George Lake","kind":"lake","evidence_class":"statewide_default","cdfw_stocked":true,"public_fishing":"yes","follow_up_priority":"low"}},{"type":"Feature","geometry":{"type":"Point","coordinates":[-118.88162,36.90901]},"properties":{"id":"geraldine-lakes--fresno","name":"Geraldine Lakes","kind":"lake","evidence_class":"statewide_default","cdfw_stocked":false,"public_fishing":"yes","follow_up_priority":null}},{"type":"Feature","geometry":{"type":"Point","coordinates":[-119.04996,37.28637]},"properties":{"id":"givens-lake--fresno","name":"Givens Lake","kind":"lake","evidence_class":"statewide_default","cdfw_stocked":false,"public_fishing":"yes","follow_up_priority":null}},{"type":"Feature","geometry":{"type":"Point","coordinates":[-118.58162,36.89977]},"properties":{"id":"glacier-lakes--fresno","name":"Glacier Lakes","kind":"lake","evidence_class":"statewide_default","cdfw_stocked":false,"public_fishing":"yes","follow_up_priority":null}},{"type":"Feature","geometry":{"type":"Point","coordinates":[-118.93032,37.54031]},"properties":{"id":"glen-lake--fresno","name":"Glen Lake","kind":"lake","evidence_class":"statewide_default","cdfw_stocked":false,"public_fishing":"yes","follow_up_priority":null}},{"type":"Feature","geometry":{"type":"Point","coordinates":[-118.92958,37.53634]},"properties":{"id":"glennette-lake--fresno","name":"Glennette Lake","kind":"lake","evidence_class":"statewide_default","cdfw_stocked":false,"public_fishing":"yes","follow_up_priority":null}},{"type":"Feature","geometry":{"type":"Point","coordinates":[-118.70361,37.22105]},"properties":{"id":"goethe-lake-lower--fresno","name":"Goethe Lake (Lower)","kind":"lake","evidence_class":"statewide_default","cdfw_stocked":true,"public_fishing":"yes","follow_up_priority":null}},{"type":"Feature","geometry":{"type":"Point","coordinates":[-118.76599,37.45046]},"properties":{"id":"golden-lake--fresno","name":"Golden Lake","kind":"lake","evidence_class":"statewide_default","cdfw_stocked":false,"public_fishing":"yes","follow_up_priority":null}},{"type":"Feature","geometry":{"type":"Point","coordinates":[-118.91797,37.30682]},"properties":{"id":"gordon-lake--fresno","name":"Gordon Lake","kind":"lake","evidence_class":"statewide_default","cdfw_stocked":true,"public_fishing":"yes","follow_up_priority":null}},{"type":"Feature","geometry":{"type":"Point","coordinates":[-118.62057,36.86312]},"properties":{"id":"granite-lake--fresno","name":"Granite Lake","kind":"lake","evidence_class":"statewide_default","cdfw_stocked":false,"public_fishing":"yes","follow_up_priority":null}},{"type":"Feature","geometry":{"type":"Point","coordinates":[-118.96202,37.48158]},"properties":{"id":"grassy-lake--fresno","name":"Grassy Lake","kind":"lake","evidence_class":"statewide_default","cdfw_stocked":false,"public_fishing":"yes","follow_up_priority":null}},{"type":"Feature","geometry":{"type":"Point","coordinates":[-118.97981,37.45108]},"properties":{"id":"graveyard-lakes--fresno","name":"Graveyard Lakes","kind":"lake","evidence_class":"statewide_default","cdfw_stocked":false,"public_fishing":"yes","follow_up_priority":"low"}},{"type":"Feature","geometry":{"type":"Point","coordinates":[-118.85093,37.46722]},"properties":{"id":"grinnell-lake--fresno","name":"Grinnell Lake","kind":"lake","evidence_class":"statewide_default","cdfw_stocked":false,"public_fishing":"yes","follow_up_priority":null}},{"type":"Feature","geometry":{"type":"Point","coordinates":[-118.72135,36.86426]},"properties":{"id":"grizzly-lakes--fresno","name":"Grizzly Lakes","kind":"lake","evidence_class":"statewide_default","cdfw_stocked":false,"public_fishing":"yes","follow_up_priority":null}},{"type":"Feature","geometry":{"type":"Point","coordinates":[-119.07142,37.11916]},"properties":{"id":"grouse-lake-swamp-ohv-route--fresno","name":"Grouse Lake (Swamp OHV Route)","kind":"lake","evidence_class":"statewide_default","cdfw_stocked":false,"public_fishing":"yes","follow_up_priority":"low"}},{"type":"Feature","geometry":{"type":"Point","coordinates":[-118.79734,37.07764]},"properties":{"id":"guest-lake--fresno","name":"Guest Lake","kind":"lake","evidence_class":"statewide_default","cdfw_stocked":false,"public_fishing":"yes","follow_up_priority":null}},{"type":"Feature","geometry":{"type":"Point","coordinates":[-118.84971,37.04953]},"properties":{"id":"halfmoon-lake--fresno","name":"Halfmoon Lake","kind":"lake","evidence_class":"statewide_default","cdfw_stocked":false,"public_fishing":"yes","follow_up_priority":null}},{"type":"Feature","geometry":{"type":"Point","coordinates":[-118.91297,37.30518]},"properties":{"id":"harvey-lake--fresno","name":"Harvey Lake","kind":"lake","evidence_class":"statewide_default","cdfw_stocked":true,"public_fishing":"yes","follow_up_priority":null}},{"type":"Feature","geometry":{"type":"Point","coordinates":[-119.06381,37.09234]},"properties":{"id":"hatch-lake--fresno","name":"Hatch Lake","kind":"lake","evidence_class":"statewide_default","cdfw_stocked":false,"public_fishing":"yes","follow_up_priority":"low"}},{"type":"Feature","geometry":{"type":"Point","coordinates":[-118.85296,37.18881]},"properties":{"id":"heather-lake-fresno--fresno","name":"Heather Lake (Fresno)","kind":"lake","evidence_class":"statewide_default","cdfw_stocked":false,"public_fishing":"yes","follow_up_priority":null}},{"type":"Feature","geometry":{"type":"Point","coordinates":[-118.66379,37.11925]},"properties":{"id":"helen-lake--fresno","name":"Helen Lake","kind":"lake","evidence_class":"statewide_default","cdfw_stocked":false,"public_fishing":"yes","follow_up_priority":null}},{"type":"Feature","geometry":{"type":"Point","coordinates":[-118.80013,37.13857]},"properties":{"id":"hell-for-sure-lake--fresno","name":"Hell for Sure Lake","kind":"lake","evidence_class":"statewide_default","cdfw_stocked":false,"public_fishing":"yes","follow_up_priority":null}},{"type":"Feature","geometry":{"type":"Point","coordinates":[-118.98498,37.24916]},"properties":{"id":"hidden-lake-florence--fresno","name":"Hidden Lake (Florence)","kind":"lake","evidence_class":"statewide_default","cdfw_stocked":true,"public_fishing":"yes","follow_up_priority":null}},{"type":"Feature","geometry":{"type":"Point","coordinates":[-119.23444,37.30075]},"properties":{"id":"hidden-lake-kaiser--fresno","name":"Hidden Lake (Kaiser)","kind":"lake","evidence_class":"statewide_default","cdfw_stocked":false,"public_fishing":"yes","follow_up_priority":null}},{"type":"Feature","geometry":{"type":"Point","coordinates":[-118.83947,37.36709]},"properties":{"id":"hilgard-lake--fresno","name":"Hilgard Lake","kind":"lake","evidence_class":"statewide_default","cdfw_stocked":false,"public_fishing":"yes","follow_up_priority":null}},{"type":"Feature","geometry":{"type":"Point","coordinates":[-118.93669,37.13379]},"properties":{"id":"hobler-lake--fresno","name":"Hobler Lake","kind":"lake","evidence_class":"statewide_default","cdfw_stocked":true,"public_fishing":"yes","follow_up_priority":null}},{"type":"Feature","geometry":{"type":"Point","coordinates":[-118.77846,37.10272]},"properties":{"id":"hockey-lakes--fresno","name":"Hockey Lakes","kind":"lake","evidence_class":"statewide_default","cdfw_stocked":false,"public_fishing":"yes","follow_up_priority":null}},{"type":"Feature","geometry":{"type":"Point","coordinates":[-118.78405,37.10627]},"properties":{"id":"holster-lake--fresno","name":"Holster Lake","kind":"lake","evidence_class":"statewide_default","cdfw_stocked":false,"public_fishing":"yes","follow_up_priority":null}},{"type":"Feature","geometry":{"type":"Point","coordinates":[-118.7665,37.25215]},"properties":{"id":"honeymoon-lake-lower--fresno","name":"Honeymoon Lake (Lower)","kind":"lake","evidence_class":"statewide_default","cdfw_stocked":false,"public_fishing":"yes","follow_up_priority":null}},{"type":"Feature","geometry":{"type":"Point","coordinates":[-118.76822,37.24513]},"properties":{"id":"honeymoon-lake-upper--fresno","name":"Honeymoon Lake (Upper)","kind":"lake","evidence_class":"statewide_default","cdfw_stocked":false,"public_fishing":"yes","follow_up_priority":null}},{"type":"Feature","geometry":{"type":"Point","coordinates":[-118.90906,37.30089]},"properties":{"id":"hooper-lake--fresno","name":"Hooper Lake","kind":"lake","evidence_class":"statewide_default","cdfw_stocked":true,"public_fishing":"yes","follow_up_priority":null}},{"type":"Feature","geometry":{"type":"Point","coordinates":[-118.79966,37.09014]},"properties":{"id":"horsehead-lake--fresno","name":"Horsehead Lake","kind":"lake","evidence_class":"statewide_default","cdfw_stocked":false,"public_fishing":"yes","follow_up_priority":null}},{"type":"Feature","geometry":{"type":"Point","coordinates":[-118.80425,37.13264]},"properties":{"id":"horseshoe-lake-red-mountain-basin--fresno","name":"Horseshoe Lake (Red Mountain Basin)","kind":"lake","evidence_class":"statewide_default","cdfw_stocked":false,"public_fishing":"yes","follow_up_priority":null}},{"type":"Feature","geometry":{"type":"Point","coordinates":[-118.57353,36.94833]},"properties":{"id":"horseshoe-lakes--fresno","name":"Horseshoe Lakes","kind":"lake","evidence_class":"statewide_default","cdfw_stocked":false,"public_fishing":"yes","follow_up_priority":null}},{"type":"Feature","geometry":{"type":"Point","coordinates":[-118.90518,36.79076]},"properties":{"id":"hume-lake--fresno","name":"Hume Lake","kind":"lake","evidence_class":"statewide_default","cdfw_stocked":true,"public_fishing":"yes","follow_up_priority":"low"}},{"type":"Feature","geometry":{"type":"Point","coordinates":[-118.68234,37.26618]},"properties":{"id":"humphreys-lakes--fresno","name":"Humphreys Lakes","kind":"lake","evidence_class":"statewide_default","cdfw_stocked":false,"public_fishing":"yes","follow_up_priority":null}},{"type":"Feature","geometry":{"type":"Point","coordinates":[-119.19616,37.23991]},"properties":{"id":"huntington-lake--fresno","name":"Huntington Lake","kind":"lake","evidence_class":"statewide_default","cdfw_stocked":true,"public_fishing":"yes","follow_up_priority":"low"}},{"type":"Feature","geometry":{"type":"Point","coordinates":[-119.12976,37.29319]},"properties":{"id":"idaho-lake--fresno","name":"Idaho Lake","kind":"lake","evidence_class":"statewide_default","cdfw_stocked":false,"public_fishing":"yes","follow_up_priority":null}},{"type":"Feature","geometry":{"type":"Point","coordinates":[-118.846,37.16187]},"properties":{"id":"indian-lake-lower--fresno","name":"Indian Lake (Lower)","kind":"lake","evidence_class":"statewide_default","cdfw_stocked":false,"public_fishing":"yes","follow_up_priority":null}},{"type":"Feature","geometry":{"type":"Point","coordinates":[-118.85206,37.18389]},"properties":{"id":"indian-lake-upper--fresno","name":"Indian Lake (Upper)","kind":"lake","evidence_class":"statewide_default","cdfw_stocked":false,"public_fishing":"yes","follow_up_priority":null}},{"type":"Feature","geometry":{"type":"Point","coordinates":[-119.06203,37.15109]},"properties":{"id":"island-lake--fresno","name":"Island Lake","kind":"lake","evidence_class":"statewide_default","cdfw_stocked":true,"public_fishing":"yes","follow_up_priority":"low"}},{"type":"Feature","geometry":{"type":"Point","coordinates":[-118.90072,37.48469]},"properties":{"id":"izaak-walton-lake--fresno","name":"Izaak Walton Lake","kind":"lake","evidence_class":"statewide_default","cdfw_stocked":false,"public_fishing":"yes","follow_up_priority":null}},{"type":"Feature","geometry":{"type":"Point","coordinates":[-119.18083,37.29448]},"properties":{"id":"jewel-lake--fresno","name":"Jewel Lake","kind":"lake","evidence_class":"statewide_default","cdfw_stocked":false,"public_fishing":"yes","follow_up_priority":null}},{"type":"Feature","geometry":{"type":"Point","coordinates":[-118.83984,37.12594]},"properties":{"id":"jigger-lakes--fresno","name":"Jigger Lakes","kind":"lake","evidence_class":"statewide_default","cdfw_stocked":false,"public_fishing":"yes","follow_up_priority":null}},{"type":"Feature","geometry":{"type":"Point","coordinates":[-118.79622,37.34996]},"properties":{"id":"jumble-lake--fresno","name":"Jumble Lake","kind":"lake","evidence_class":"statewide_default","cdfw_stocked":false,"public_fishing":"yes","follow_up_priority":null}},{"type":"Feature","geometry":{"type":"Point","coordinates":[-118.38863,36.76458]},"properties":{"id":"kearsarge-lakes--fresno","name":"Kearsarge Lakes","kind":"lake","evidence_class":"site_verified","cdfw_stocked":false,"public_fishing":"yes","follow_up_priority":null}},{"type":"Feature","geometry":{"type":"Point","coordinates":[-118.56524,36.88266]},"properties":{"id":"kid-lakes--fresno","name":"Kid Lakes","kind":"lake","evidence_class":"statewide_default","cdfw_stocked":false,"public_fishing":"yes","follow_up_priority":null}},{"type":"Feature","geometry":{"type":"Point","coordinates":[-118.74825,37.26677]},"properties":{"id":"knob-lake--fresno","name":"Knob Lake","kind":"lake","evidence_class":"statewide_default","cdfw_stocked":false,"public_fishing":"yes","follow_up_priority":null}},{"type":"Feature","geometry":{"type":"Point","coordinates":[-118.78616,37.31376]},"properties":{"id":"la-salle-lake--fresno","name":"La Salle Lake","kind":"lake","evidence_class":"statewide_default","cdfw_stocked":false,"public_fishing":"yes","follow_up_priority":null}},{"type":"Feature","geometry":{"type":"Point","coordinates":[-118.62005,37.0689]},"properties":{"id":"ladder-lake--fresno","name":"Ladder Lake","kind":"lake","evidence_class":"statewide_default","cdfw_stocked":false,"public_fishing":"yes","follow_up_priority":null}},{"type":"Feature","geometry":{"type":"Point","coordinates":[-118.8063,37.35805]},"properties":{"id":"lake-italy--fresno","name":"Lake Italy","kind":"lake","evidence_class":"statewide_default","cdfw_stocked":true,"public_fishing":"yes","follow_up_priority":null}},{"type":"Feature","geometry":{"type":"Point","coordinates":[-118.4311,36.94443]},"properties":{"id":"lake-marjorie--fresno","name":"Lake Marjorie","kind":"lake","evidence_class":"statewide_default","cdfw_stocked":false,"public_fishing":"yes","follow_up_priority":null}},{"type":"Feature","geometry":{"type":"Point","coordinates":[-118.68088,37.11959]},"properties":{"id":"lake-mcdermand--fresno","name":"Lake McDermand","kind":"lake","evidence_class":"statewide_default","cdfw_stocked":false,"public_fishing":"yes","follow_up_priority":null}},{"type":"Feature","geometry":{"type":"Point","coordinates":[-118.97616,37.38274]},"properties":{"id":"lake-thomas-a-edison--fresno","name":"Lake Thomas A. Edison","kind":"lake","evidence_class":"statewide_default","cdfw_stocked":true,"public_fishing":"yes","follow_up_priority":"low"}},{"type":"Feature","geometry":{"type":"Point","coordinates":[-118.61451,36.91406]},"properties":{"id":"lake-fallen-moon--fresno","name":"Lake of the Fallen Moon","kind":"lake","evidence_class":"statewide_default","cdfw_stocked":false,"public_fishing":"yes","follow_up_priority":null}},{"type":"Feature","geometry":{"type":"Point","coordinates":[-118.93722,37.47545]},"properties":{"id":"lake-lone-indian--fresno","name":"Lake of the Lone Indian","kind":"lake","evidence_class":"statewide_default","cdfw_stocked":false,"public_fishing":"yes","follow_up_priority":null}},{"type":"Feature","geometry":{"type":"Point","coordinates":[-119.0526,37.25697]},"properties":{"id":"lakecamp-lake--fresno","name":"Lakecamp Lake","kind":"lake","evidence_class":"statewide_default","cdfw_stocked":false,"public_fishing":"yes","follow_up_priority":null}},{"type":"Feature","geometry":{"type":"Point","coordinates":[-118.85941,37.46066]},"properties":{"id":"laurel-lake--fresno","name":"Laurel Lake","kind":"lake","evidence_class":"statewide_default","cdfw_stocked":false,"public_fishing":"yes","follow_up_priority":null}},{"type":"Feature","geometry":{"type":"Point","coordinates":[-118.67698,36.87994]},"properties":{"id":"lewis-lake--fresno","name":"Lewis Lake","kind":"lake","evidence_class":"statewide_default","cdfw_stocked":false,"public_fishing":"yes","follow_up_priority":null}},{"type":"Feature","geometry":{"type":"Point","coordinates":[-119.19305,37.29076]},"properties":{"id":"line-creek-lake--fresno","name":"Line Creek Lake","kind":"lake","evidence_class":"statewide_default","cdfw_stocked":false,"public_fishing":"yes","follow_up_priority":null}},{"type":"Feature","geometry":{"type":"Point","coordinates":[-118.80874,37.33022]},"properties":{"id":"little-bear-lake--fresno","name":"Little Bear Lake","kind":"lake","evidence_class":"statewide_default","cdfw_stocked":false,"public_fishing":"yes","follow_up_priority":null}},{"type":"Feature","geometry":{"type":"Point","coordinates":[-118.71285,37.31124]},"properties":{"id":"little-french-lake--fresno","name":"Little French Lake","kind":"lake","evidence_class":"statewide_default","cdfw_stocked":false,"public_fishing":"yes","follow_up_priority":null}},{"type":"Feature","geometry":{"type":"Point","coordinates":[-118.78412,37.08757]},"properties":{"id":"little-jo-lake--fresno","name":"Little Jo Lake","kind":"lake","evidence_class":"statewide_default","cdfw_stocked":false,"public_fishing":"yes","follow_up_priority":null}},{"type":"Feature","geometry":{"type":"Point","coordinates":[-119.04472,37.1584]},"properties":{"id":"little-lake-dinkey--fresno","name":"Little Lake (Dinkey)","kind":"lake","evidence_class":"statewide_default","cdfw_stocked":false,"public_fishing":"yes","follow_up_priority":null}},{"type":"Feature","geometry":{"type":"Point","coordinates":[-118.91012,36.92856]},"properties":{"id":"little-spanish-lake--fresno","name":"Little Spanish Lake","kind":"lake","evidence_class":"statewide_default","cdfw_stocked":false,"public_fishing":"yes","follow_up_priority":"high"}},{"type":"Feature","geometry":{"type":"Point","coordinates":[-118.7579,37.24133]},"properties":{"id":"lobe-lakes--fresno","name":"Lobe Lakes","kind":"lake","evidence_class":"statewide_default","cdfw_stocked":false,"public_fishing":"yes","follow_up_priority":null}},{"type":"Feature","geometry":{"type":"Point","coordinates":[-118.80089,37.09945]},"properties":{"id":"lone-doe-lake--fresno","name":"Lone Doe Lake","kind":"lake","evidence_class":"statewide_default","cdfw_stocked":false,"public_fishing":"yes","follow_up_priority":null}},{"type":"Feature","geometry":{"type":"Point","coordinates":[-119.17826,37.30767]},"properties":{"id":"long-lake-kaiser--fresno","name":"Long Lake (Kaiser)","kind":"lake","evidence_class":"statewide_default","cdfw_stocked":false,"public_fishing":"yes","follow_up_priority":null}},{"type":"Feature","geometry":{"type":"Point","coordinates":[-118.73473,37.28037]},"properties":{"id":"lorraine-lake--fresno","name":"Lorraine Lake","kind":"lake","evidence_class":"statewide_default","cdfw_stocked":false,"public_fishing":"yes","follow_up_priority":null}},{"type":"Feature","geometry":{"type":"Point","coordinates":[-119.01171,37.51565]},"properties":{"id":"lost-keys-lakes--fresno","name":"Lost Keys Lakes","kind":"lake","evidence_class":"statewide_default","cdfw_stocked":false,"public_fishing":"yes","follow_up_priority":null}},{"type":"Feature","geometry":{"type":"Point","coordinates":[-119.73689,36.96599]},"properties":{"id":"lost-lake-lost-lake-park--fresno","name":"Lost Lake (Lost Lake Park)","kind":"lake","evidence_class":"statewide_default","cdfw_stocked":false,"public_fishing":"yes","follow_up_priority":"high"}},{"type":"Feature","geometry":{"type":"Point","coordinates":[-118.94576,37.20286]},"properties":{"id":"lost-lake-ward-mountain--fresno","name":"Lost Lake (Ward Mountain)","kind":"lake","evidence_class":"statewide_default","cdfw_stocked":false,"public_fishing":"yes","follow_up_priority":null}},{"type":"Feature","geometry":{"type":"Point","coordinates":[-118.68607,37.22105]},"properties":{"id":"lost-lakes-humphreys-basin--fresno","name":"Lost Lakes (Humphreys Basin)","kind":"lake","evidence_class":"statewide_default","cdfw_stocked":false,"public_fishing":"yes","follow_up_priority":null}},{"type":"Feature","geometry":{"type":"Point","coordinates":[-118.86122,37.31672]},"properties":{"id":"lou-beverly-lake--fresno","name":"Lou Beverly Lake","kind":"lake","evidence_class":"statewide_default","cdfw_stocked":false,"public_fishing":"yes","follow_up_priority":null}},{"type":"Feature","geometry":{"type":"Point","coordinates":[-118.70834,37.25932]},"properties":{"id":"lower-desolation-lake--fresno","name":"Lower Desolation Lake","kind":"lake","evidence_class":"statewide_default","cdfw_stocked":false,"public_fishing":"yes","follow_up_priority":null}},{"type":"Feature","geometry":{"type":"Point","coordinates":[-118.72027,37.24089]},"properties":{"id":"lower-golden-trout-lake--fresno","name":"Lower Golden Trout Lake","kind":"lake","evidence_class":"statewide_default","cdfw_stocked":false,"public_fishing":"yes","follow_up_priority":null}},{"type":"Feature","geometry":{"type":"Point","coordinates":[-118.82791,37.45515]},"properties":{"id":"lower-hopkins-lake--fresno","name":"Lower Hopkins Lake","kind":"lake","evidence_class":"statewide_default","cdfw_stocked":false,"public_fishing":"yes","follow_up_priority":null}},{"type":"Feature","geometry":{"type":"Point","coordinates":[-119.27129,37.28809]},"properties":{"id":"lower-horsethief-lake--fresno","name":"Lower Horsethief Lake","kind":"lake","evidence_class":"statewide_default","cdfw_stocked":false,"public_fishing":"yes","follow_up_priority":null}},{"type":"Feature","geometry":{"type":"Point","coordinates":[-118.81089,37.3989]},"properties":{"id":"lower-mills-creek-lake--fresno","name":"Lower Mills Creek Lake","kind":"lake","evidence_class":"statewide_default","cdfw_stocked":false,"public_fishing":"yes","follow_up_priority":null}},{"type":"Feature","geometry":{"type":"Point","coordinates":[-118.70994,37.30661]},"properties":{"id":"lower-petite-lake--fresno","name":"Lower Petite Lake","kind":"lake","evidence_class":"statewide_default","cdfw_stocked":false,"public_fishing":"yes","follow_up_priority":null}},{"type":"Feature","geometry":{"type":"Point","coordinates":[-119.04307,37.4463]},"properties":{"id":"lower-saddle-lake--fresno","name":"Lower Saddle Lake","kind":"lake","evidence_class":"statewide_default","cdfw_stocked":false,"public_fishing":"yes","follow_up_priority":null}},{"type":"Feature","geometry":{"type":"Point","coordinates":[-119.15383,37.29266]},"properties":{"id":"lower-twin-lake-kaiser--fresno","name":"Lower Twin Lake (Kaiser)","kind":"lake","evidence_class":"statewide_default","cdfw_stocked":true,"public_fishing":"yes","follow_up_priority":null}},{"type":"Feature","geometry":{"type":"Point","coordinates":[-119.04362,37.25566]},"properties":{"id":"mallard-lake--fresno","name":"Mallard Lake","kind":"lake","evidence_class":"statewide_default","cdfw_stocked":false,"public_fishing":"yes","follow_up_priority":null}},{"type":"Feature","geometry":{"type":"Point","coordinates":[-119.30635,37.3585]},"properties":{"id":"mammoth-pool-reservoir--fresno","name":"Mammoth Pool Reservoir","kind":"lake","evidence_class":"statewide_default","cdfw_stocked":true,"public_fishing":"yes","follow_up_priority":"low"}},{"type":"Feature","geometry":{"type":"Point","coordinates":[-118.8683,37.29686]},"properties":{"id":"marie-lake--fresno","name":"Marie Lake","kind":"lake","evidence_class":"statewide_default","cdfw_stocked":false,"public_fishing":"yes","follow_up_priority":null}},{"type":"Feature","geometry":{"type":"Point","coordinates":[-118.51733,36.97433]},"properties":{"id":"marion-lake--fresno","name":"Marion Lake","kind":"lake","evidence_class":"statewide_default","cdfw_stocked":false,"public_fishing":"yes","follow_up_priority":null}},{"type":"Feature","geometry":{"type":"Point","coordinates":[-118.68392,37.26001]},"properties":{"id":"marmot-lake--fresno","name":"Marmot Lake","kind":"lake","evidence_class":"statewide_default","cdfw_stocked":false,"public_fishing":"yes","follow_up_priority":null}},{"type":"Feature","geometry":{"type":"Point","coordinates":[-118.89116,37.03192]},"properties":{"id":"marsh-lake-woodchuck--fresno","name":"Marsh Lake (Woodchuck)","kind":"lake","evidence_class":"statewide_default","cdfw_stocked":false,"public_fishing":"yes","follow_up_priority":null}},{"type":"Feature","geometry":{"type":"Point","coordinates":[-118.87607,37.30188]},"properties":{"id":"marshall-lake--fresno","name":"Marshall Lake","kind":"lake","evidence_class":"statewide_default","cdfw_stocked":false,"public_fishing":"yes","follow_up_priority":null}},{"type":"Feature","geometry":{"type":"Point","coordinates":[-118.73858,37.09458]},"properties":{"id":"martha-lake--fresno","name":"Martha Lake","kind":"lake","evidence_class":"statewide_default","cdfw_stocked":false,"public_fishing":"yes","follow_up_priority":null}},{"type":"Feature","geometry":{"type":"Point","coordinates":[-118.8128,37.03077]},"properties":{"id":"maxson-lake--fresno","name":"Maxson Lake","kind":"lake","evidence_class":"statewide_default","cdfw_stocked":false,"public_fishing":"yes","follow_up_priority":null}},{"type":"Feature","geometry":{"type":"Point","coordinates":[-118.80632,37.07848]},"properties":{"id":"mcguire-lakes--fresno","name":"McGuire Lakes","kind":"lake","evidence_class":"statewide_default","cdfw_stocked":false,"public_fishing":"yes","follow_up_priority":null}},{"type":"Feature","geometry":{"type":"Point","coordinates":[-118.85369,37.30159]},"properties":{"id":"medley-lake--fresno","name":"Medley Lake","kind":"lake","evidence_class":"statewide_default","cdfw_stocked":false,"public_fishing":"yes","follow_up_priority":null}},{"type":"Feature","geometry":{"type":"Point","coordinates":[-120.37141,36.78383]},"properties":{"id":"mendota-pool--fresno","name":"Mendota Pool","kind":"lake","evidence_class":"statewide_default","cdfw_stocked":false,"public_fishing":"yes","follow_up_priority":"high"}},{"type":"Feature","geometry":{"type":"Point","coordinates":[-118.79193,37.29485]},"properties":{"id":"merriam-lake--fresno","name":"Merriam Lake","kind":"lake","evidence_class":"statewide_default","cdfw_stocked":false,"public_fishing":"yes","follow_up_priority":null}},{"type":"Feature","geometry":{"type":"Point","coordinates":[-118.72046,37.26768]},"properties":{"id":"mesa-lake--fresno","name":"Mesa Lake","kind":"lake","evidence_class":"statewide_default","cdfw_stocked":false,"public_fishing":"yes","follow_up_priority":null}},{"type":"Feature","geometry":{"type":"Point","coordinates":[-119.68962,37.0175]},"properties":{"id":"millerton-lake--fresno","name":"Millerton Lake","kind":"lake","evidence_class":"site_verified","cdfw_stocked":false,"public_fishing":"yes","follow_up_priority":"medium"}},{"type":"Feature","geometry":{"type":"Point","coordinates":[-118.98937,37.46602]},"properties":{"id":"minnie-lake--fresno","name":"Minnie Lake","kind":"lake","evidence_class":"statewide_default","cdfw_stocked":true,"public_fishing":"yes","follow_up_priority":null}},{"type":"Feature","geometry":{"type":"Point","coordinates":[-119.1249,37.21447]},"properties":{"id":"mirror-lake--fresno","name":"Mirror Lake","kind":"lake","evidence_class":"statewide_default","cdfw_stocked":true,"public_fishing":"yes","follow_up_priority":"low"}},{"type":"Feature","geometry":{"type":"Point","coordinates":[-118.72962,37.29236]},"properties":{"id":"moon-lake--fresno","name":"Moon Lake","kind":"lake","evidence_class":"statewide_default","cdfw_stocked":false,"public_fishing":"yes","follow_up_priority":null}},{"type":"Feature","geometry":{"type":"Point","coordinates":[-118.88285,37.45424]},"properties":{"id":"mott-lake--fresno","name":"Mott Lake","kind":"lake","evidence_class":"statewide_default","cdfw_stocked":false,"public_fishing":"yes","follow_up_priority":null}},{"type":"Feature","geometry":{"type":"Point","coordinates":[-118.92456,37.20634]},"properties":{"id":"mount-shinn-lake--fresno","name":"Mount Shinn Lake","kind":"lake","evidence_class":"statewide_default","cdfw_stocked":false,"public_fishing":"yes","follow_up_priority":null}},{"type":"Feature","geometry":{"type":"Point","coordinates":[-119.07561,37.11165]},"properties":{"id":"mud-lakes--fresno","name":"Mud Lakes","kind":"lake","evidence_class":"statewide_default","cdfw_stocked":false,"public_fishing":"yes","follow_up_priority":null}},{"type":"Feature","geometry":{"type":"Point","coordinates":[-118.69669,37.23326]},"properties":{"id":"muriel-lake--fresno","name":"Muriel Lake","kind":"lake","evidence_class":"statewide_default","cdfw_stocked":true,"public_fishing":"yes","follow_up_priority":null}},{"type":"Feature","geometry":{"type":"Point","coordinates":[-119.08863,37.15879]},"properties":{"id":"mystery-lake--fresno","name":"Mystery Lake","kind":"lake","evidence_class":"statewide_default","cdfw_stocked":true,"public_fishing":"yes","follow_up_priority":"low"}},{"type":"Feature","geometry":{"type":"Point","coordinates":[-118.77499,37.43597]},"properties":{"id":"neelle-lake--fresno","name":"Neelle Lake","kind":"lake","evidence_class":"statewide_default","cdfw_stocked":false,"public_fishing":"yes","follow_up_priority":null}},{"type":"Feature","geometry":{"type":"Point","coordinates":[-118.90722,37.29811]},"properties":{"id":"neil-lake--fresno","name":"Neil Lake","kind":"lake","evidence_class":"statewide_default","cdfw_stocked":false,"public_fishing":"yes","follow_up_priority":null}},{"type":"Feature","geometry":{"type":"Point","coordinates":[-119.24645,37.28099]},"properties":{"id":"nellie-lake--fresno","name":"Nellie Lake","kind":"lake","evidence_class":"statewide_default","cdfw_stocked":false,"public_fishing":"yes","follow_up_priority":"low"}},{"type":"Feature","geometry":{"type":"Point","coordinates":[-119.04224,37.10615]},"properties":{"id":"nelson-lakes-lower-nelson-lake--fresno","name":"Nelson Lakes (Lower Nelson Lake)","kind":"lake","evidence_class":"statewide_default","cdfw_stocked":true,"public_fishing":"yes","follow_up_priority":"low"}},{"type":"Feature","geometry":{"type":"Point","coordinates":[-118.47629,36.74296]},"properties":{"id":"north-guard-lake--fresno","name":"North Guard Lake","kind":"lake","evidence_class":"statewide_default","cdfw_stocked":false,"public_fishing":"yes","follow_up_priority":null}},{"type":"Feature","geometry":{"type":"Point","coordinates":[-118.86822,37.06082]},"properties":{"id":"old-pipe-lake--fresno","name":"Old Pipe Lake","kind":"lake","evidence_class":"statewide_default","cdfw_stocked":false,"public_fishing":"yes","follow_up_priority":null}},{"type":"Feature","geometry":{"type":"Point","coordinates":[-118.98724,37.47312]},"properties":{"id":"olive-lake--fresno","name":"Olive Lake","kind":"lake","evidence_class":"statewide_default","cdfw_stocked":false,"public_fishing":"yes","follow_up_priority":null}},{"type":"Feature","geometry":{"type":"Point","coordinates":[-118.89074,37.32732]},"properties":{"id":"orchid-lake--fresno","name":"Orchid Lake","kind":"lake","evidence_class":"statewide_default","cdfw_stocked":true,"public_fishing":"yes","follow_up_priority":null}},{"type":"Feature","geometry":{"type":"Point","coordinates":[-118.74016,37.23643]},"properties":{"id":"packsaddle-lake--fresno","name":"Packsaddle Lake","kind":"lake","evidence_class":"statewide_default","cdfw_stocked":false,"public_fishing":"yes","follow_up_priority":null}},{"type":"Feature","geometry":{"type":"Point","coordinates":[-118.47515,37.05262]},"properties":{"id":"palisade-lakes--fresno","name":"Palisade Lakes","kind":"lake","evidence_class":"statewide_default","cdfw_stocked":false,"public_fishing":"yes","follow_up_priority":null}},{"type":"Feature","geometry":{"type":"Point","coordinates":[-118.93332,37.47137]},"properties":{"id":"papoose-lake--fresno","name":"Papoose Lake","kind":"lake","evidence_class":"statewide_default","cdfw_stocked":false,"public_fishing":"yes","follow_up_priority":null}},{"type":"Feature","geometry":{"type":"Point","coordinates":[-118.74064,37.28187]},"properties":{"id":"paris-lake--fresno","name":"Paris Lake","kind":"lake","evidence_class":"statewide_default","cdfw_stocked":false,"public_fishing":"yes","follow_up_priority":null}},{"type":"Feature","geometry":{"type":"Point","coordinates":[-118.73002,37.23139]},"properties":{"id":"payne-lake--fresno","name":"Payne Lake","kind":"lake","evidence_class":"statewide_default","cdfw_stocked":true,"public_fishing":"yes","follow_up_priority":null}},{"type":"Feature","geometry":{"type":"Point","coordinates":[-118.98174,37.46778]},"properties":{"id":"peter-pande-lake--fresno","name":"Peter Pande Lake","kind":"lake","evidence_class":"statewide_default","cdfw_stocked":false,"public_fishing":"yes","follow_up_priority":null}},{"type":"Feature","geometry":{"type":"Point","coordinates":[-118.95254,37.55112]},"properties":{"id":"pika-lake--fresno","name":"Pika Lake","kind":"lake","evidence_class":"statewide_default","cdfw_stocked":false,"public_fishing":"yes","follow_up_priority":null}},{"type":"Feature","geometry":{"type":"Point","coordinates":[-119.28276,36.85636]},"properties":{"id":"pine-flat-lake--fresno","name":"Pine Flat Lake","kind":"lake","evidence_class":"site_verified","cdfw_stocked":true,"public_fishing":"yes","follow_up_priority":null}},{"type":"Feature","geometry":{"type":"Point","coordinates":[-118.80505,37.46869]},"properties":{"id":"pioneer-basin-lakes--fresno","name":"Pioneer Basin Lakes","kind":"lake","evidence_class":"statewide_default","cdfw_stocked":false,"public_fishing":"yes","follow_up_priority":null}},{"type":"Feature","geometry":{"type":"Point","coordinates":[-119.06935,37.31882]},"properties":{"id":"portal-forebay--fresno","name":"Portal Forebay","kind":"lake","evidence_class":"statewide_default","cdfw_stocked":true,"public_fishing":"yes","follow_up_priority":"low"}},{"type":"Feature","geometry":{"type":"Point","coordinates":[-118.75749,37.04296]},"properties":{"id":"portal-lake--fresno","name":"Portal Lake","kind":"lake","evidence_class":"statewide_default","cdfw_stocked":false,"public_fishing":"yes","follow_up_priority":null}},{"type":"Feature","geometry":{"type":"Point","coordinates":[-119.18673,37.31911]},"properties":{"id":"pryor-lake--fresno","name":"Pryor Lake","kind":"lake","evidence_class":"statewide_default","cdfw_stocked":true,"public_fishing":"yes","follow_up_priority":"low"}},{"type":"Feature","geometry":{"type":"Point","coordinates":[-118.73461,37.2867]},"properties":{"id":"puppet-lake--fresno","name":"Puppet Lake","kind":"lake","evidence_class":"statewide_default","cdfw_stocked":false,"public_fishing":"yes","follow_up_priority":null}},{"type":"Feature","geometry":{"type":"Point","coordinates":[-118.94688,37.53027]},"properties":{"id":"purple-lake--fresno","name":"Purple Lake","kind":"lake","evidence_class":"statewide_default","cdfw_stocked":true,"public_fishing":"yes","follow_up_priority":null}},{"type":"Feature","geometry":{"type":"Point","coordinates":[-118.84955,37.15166]},"properties":{"id":"rae-lake-red-mountain-basin--fresno","name":"Rae Lake (Red Mountain Basin)","kind":"lake","evidence_class":"statewide_default","cdfw_stocked":true,"public_fishing":"yes","follow_up_priority":"low"}},{"type":"Feature","geometry":{"type":"Point","coordinates":[-118.40162,36.80813]},"properties":{"id":"rae-lakes--fresno","name":"Rae Lakes","kind":"lake","evidence_class":"site_verified","cdfw_stocked":false,"public_fishing":"yes","follow_up_priority":null}},{"type":"Feature","geometry":{"type":"Point","coordinates":[-119.03422,37.46917]},"properties":{"id":"rainbow-lake-margaret-lakes--fresno","name":"Rainbow Lake (Margaret Lakes)","kind":"lake","evidence_class":"statewide_default","cdfw_stocked":false,"public_fishing":"yes","follow_up_priority":"low"}},{"type":"Feature","geometry":{"type":"Point","coordinates":[-118.57541,37.08827]},"properties":{"id":"rainbow-lakes-palisade-creek--fresno","name":"Rainbow Lakes (Palisade Creek)","kind":"lake","evidence_class":"statewide_default","cdfw_stocked":false,"public_fishing":"yes","follow_up_priority":null}},{"type":"Feature","geometry":{"type":"Point","coordinates":[-118.92749,37.54309]},"properties":{"id":"ram-lake--fresno","name":"Ram Lake","kind":"lake","evidence_class":"statewide_default","cdfw_stocked":false,"public_fishing":"yes","follow_up_priority":null}},{"type":"Feature","geometry":{"type":"Point","coordinates":[-119.11121,37.19141]},"properties":{"id":"red-lake--fresno","name":"Red Lake","kind":"lake","evidence_class":"statewide_default","cdfw_stocked":true,"public_fishing":"yes","follow_up_priority":"low"}},{"type":"Feature","geometry":{"type":"Point","coordinates":[-118.86855,37.48445]},"properties":{"id":"red-white-lake--fresno","name":"Red and White Lake","kind":"lake","evidence_class":"statewide_default","cdfw_stocked":false,"public_fishing":"yes","follow_up_priority":null}},{"type":"Feature","geometry":{"type":"Point","coordinates":[-118.74636,37.0598]},"properties":{"id":"regiment-lake--fresno","name":"Regiment Lake","kind":"lake","evidence_class":"statewide_default","cdfw_stocked":false,"public_fishing":"yes","follow_up_priority":null}},{"type":"Feature","geometry":{"type":"Point","coordinates":[-119.05291,37.15273]},"properties":{"id":"rock-lake--fresno","name":"Rock Lake","kind":"lake","evidence_class":"statewide_default","cdfw_stocked":false,"public_fishing":"yes","follow_up_priority":"low"}},{"type":"Feature","geometry":{"type":"Point","coordinates":[-118.72853,37.27979]},"properties":{"id":"roget-lake--fresno","name":"Roget Lake","kind":"lake","evidence_class":"statewide_default","cdfw_stocked":false,"public_fishing":"yes","follow_up_priority":null}},{"type":"Feature","geometry":{"type":"Point","coordinates":[-118.79617,37.09365]},"properties":{"id":"roman-four-lake--fresno","name":"Roman Four Lake","kind":"lake","evidence_class":"statewide_default","cdfw_stocked":false,"public_fishing":"yes","follow_up_priority":null}},{"type":"Feature","geometry":{"type":"Point","coordinates":[-118.88439,37.30746]},"properties":{"id":"rose-lake--fresno","name":"Rose Lake","kind":"lake","evidence_class":"statewide_default","cdfw_stocked":false,"public_fishing":"yes","follow_up_priority":null}},{"type":"Feature","geometry":{"type":"Point","coordinates":[-118.89206,37.3095]},"properties":{"id":"rosebud-lake--fresno","name":"Rosebud Lake","kind":"lake","evidence_class":"statewide_default","cdfw_stocked":false,"public_fishing":"yes","follow_up_priority":null}},{"type":"Feature","geometry":{"type":"Point","coordinates":[-118.76525,37.32689]},"properties":{"id":"royce-lakes--fresno","name":"Royce Lakes","kind":"lake","evidence_class":"statewide_default","cdfw_stocked":false,"public_fishing":"yes","follow_up_priority":null}},{"type":"Feature","geometry":{"type":"Point","coordinates":[-118.70758,37.2939]},"properties":{"id":"rust-lake--fresno","name":"Rust Lake","kind":"lake","evidence_class":"statewide_default","cdfw_stocked":false,"public_fishing":"yes","follow_up_priority":null}},{"type":"Feature","geometry":{"type":"Point","coordinates":[-118.85287,37.30877]},"properties":{"id":"sandpiper-lake--fresno","name":"Sandpiper Lake","kind":"lake","evidence_class":"statewide_default","cdfw_stocked":false,"public_fishing":"yes","follow_up_priority":null}},{"type":"Feature","geometry":{"type":"Point","coordinates":[-118.69421,37.14906]},"properties":{"id":"sapphire-lake--fresno","name":"Sapphire Lake","kind":"lake","evidence_class":"statewide_default","cdfw_stocked":false,"public_fishing":"yes","follow_up_priority":null}},{"type":"Feature","geometry":{"type":"Point","coordinates":[-118.83609,37.03039]},"properties":{"id":"scepter-lake--fresno","name":"Scepter Lake","kind":"lake","evidence_class":"statewide_default","cdfw_stocked":false,"public_fishing":"yes","follow_up_priority":null}},{"type":"Feature","geometry":{"type":"Point","coordinates":[-118.78936,37.10884]},"properties":{"id":"schoolmarm-lake--fresno","name":"Schoolmarm Lake","kind":"lake","evidence_class":"statewide_default","cdfw_stocked":false,"public_fishing":"yes","follow_up_priority":null}},{"type":"Feature","geometry":{"type":"Point","coordinates":[-118.99504,37.51768]},"properties":{"id":"scoop-lake--fresno","name":"Scoop Lake","kind":"lake","evidence_class":"statewide_default","cdfw_stocked":true,"public_fishing":"yes","follow_up_priority":null}},{"type":"Feature","geometry":{"type":"Point","coordinates":[-119.05682,37.15504]},"properties":{"id":"second-dinkey-lake--fresno","name":"Second Dinkey Lake","kind":"lake","evidence_class":"statewide_default","cdfw_stocked":true,"public_fishing":"yes","follow_up_priority":"low"}},{"type":"Feature","geometry":{"type":"Point","coordinates":[-119.02768,37.47363]},"properties":{"id":"sedge-lake-margaret-lakes--fresno","name":"Sedge Lake (Margaret Lakes)","kind":"lake","evidence_class":"statewide_default","cdfw_stocked":true,"public_fishing":"yes","follow_up_priority":"low"}},{"type":"Feature","geometry":{"type":"Point","coordinates":[-118.99102,36.732]},"properties":{"id":"sequoia-lake--fresno","name":"Sequoia Lake","kind":"lake","evidence_class":"statewide_default","cdfw_stocked":false,"public_fishing":"restricted","follow_up_priority":null}},{"type":"Feature","geometry":{"type":"Point","coordinates":[-118.8147,37.31246]},"properties":{"id":"seven-gables-lakes--fresno","name":"Seven Gables Lakes","kind":"lake","evidence_class":"statewide_default","cdfw_stocked":false,"public_fishing":"yes","follow_up_priority":null}},{"type":"Feature","geometry":{"type":"Point","coordinates":[-119.0308,37.49826]},"properties":{"id":"sharktooth-lake--fresno","name":"Sharktooth Lake","kind":"lake","evidence_class":"statewide_default","cdfw_stocked":false,"public_fishing":"yes","follow_up_priority":null}},{"type":"Feature","geometry":{"type":"Point","coordinates":[-119.29044,37.12569]},"properties":{"id":"shaver-lake--fresno","name":"Shaver Lake","kind":"lake","evidence_class":"statewide_default","cdfw_stocked":true,"public_fishing":"yes","follow_up_priority":"high"}},{"type":"Feature","geometry":{"type":"Point","coordinates":[-118.95915,37.4321]},"properties":{"id":"shelf-lake--fresno","name":"Shelf Lake","kind":"lake","evidence_class":"statewide_default","cdfw_stocked":true,"public_fishing":"yes","follow_up_priority":null}},{"type":"Feature","geometry":{"type":"Point","coordinates":[-118.92306,37.459]},"properties":{"id":"silver-pass-lake--fresno","name":"Silver Pass Lake","kind":"lake","evidence_class":"statewide_default","cdfw_stocked":false,"public_fishing":"yes","follow_up_priority":null}},{"type":"Feature","geometry":{"type":"Point","coordinates":[-118.78623,37.10904]},"properties":{"id":"six-shooter-lake--fresno","name":"Six Shooter Lake","kind":"lake","evidence_class":"statewide_default","cdfw_stocked":false,"public_fishing":"yes","follow_up_priority":null}},{"type":"Feature","geometry":{"type":"Point","coordinates":[-118.68548,36.89329]},"properties":{"id":"slide-lakes--fresno","name":"Slide Lakes","kind":"lake","evidence_class":"statewide_default","cdfw_stocked":false,"public_fishing":"yes","follow_up_priority":null}},{"type":"Feature","geometry":{"type":"Point","coordinates":[-118.79056,37.41748]},"properties":{"id":"snow-lakes--fresno","name":"Snow Lakes","kind":"lake","evidence_class":"statewide_default","cdfw_stocked":false,"public_fishing":"yes","follow_up_priority":null}},{"type":"Feature","geometry":{"type":"Point","coordinates":[-119.06668,37.15738]},"properties":{"id":"south-lake--fresno","name":"South Lake","kind":"lake","evidence_class":"statewide_default","cdfw_stocked":true,"public_fishing":"yes","follow_up_priority":null}},{"type":"Feature","geometry":{"type":"Point","coordinates":[-118.8998,36.93058]},"properties":{"id":"spanish-lake--fresno","name":"Spanish Lake","kind":"lake","evidence_class":"statewide_default","cdfw_stocked":false,"public_fishing":"yes","follow_up_priority":"high"}},{"type":"Feature","geometry":{"type":"Point","coordinates":[-119.05527,37.09571]},"properties":{"id":"sportsman-lake--fresno","name":"Sportsman Lake","kind":"lake","evidence_class":"statewide_default","cdfw_stocked":false,"public_fishing":"yes","follow_up_priority":null}},{"type":"Feature","geometry":{"type":"Point","coordinates":[-118.72702,37.26613]},"properties":{"id":"square-lake--fresno","name":"Square Lake","kind":"lake","evidence_class":"statewide_default","cdfw_stocked":false,"public_fishing":"yes","follow_up_priority":null}},{"type":"Feature","geometry":{"type":"Point","coordinates":[-118.71964,37.28622]},"properties":{"id":"star-lake--fresno","name":"Star Lake","kind":"lake","evidence_class":"statewide_default","cdfw_stocked":true,"public_fishing":"yes","follow_up_priority":null}},{"type":"Feature","geometry":{"type":"Point","coordinates":[-118.56713,36.92933]},"properties":{"id":"state-lakes--fresno","name":"State Lakes","kind":"lake","evidence_class":"statewide_default","cdfw_stocked":false,"public_fishing":"yes","follow_up_priority":null}},{"type":"Feature","geometry":{"type":"Point","coordinates":[-118.71216,37.30091]},"properties":{"id":"steelhead-lake--fresno","name":"Steelhead Lake","kind":"lake","evidence_class":"statewide_default","cdfw_stocked":true,"public_fishing":"yes","follow_up_priority":null}},{"type":"Feature","geometry":{"type":"Point","coordinates":[-118.37238,36.8699]},"properties":{"id":"stocking-lake--fresno","name":"Stocking Lake","kind":"lake","evidence_class":"statewide_default","cdfw_stocked":false,"public_fishing":"yes","follow_up_priority":null}},{"type":"Feature","geometry":{"type":"Point","coordinates":[-119.11257,37.2044]},"properties":{"id":"strawberry-lake--fresno","name":"Strawberry Lake","kind":"lake","evidence_class":"statewide_default","cdfw_stocked":true,"public_fishing":"yes","follow_up_priority":"low"}},{"type":"Feature","geometry":{"type":"Point","coordinates":[-118.82179,37.3162]},"properties":{"id":"stub-lake--fresno","name":"Stub Lake","kind":"lake","evidence_class":"statewide_default","cdfw_stocked":false,"public_fishing":"yes","follow_up_priority":null}},{"type":"Feature","geometry":{"type":"Point","coordinates":[-118.76914,37.4319]},"properties":{"id":"summit-lake-mono-creek--fresno","name":"Summit Lake (Mono Creek)","kind":"lake","evidence_class":"statewide_default","cdfw_stocked":true,"public_fishing":"yes","follow_up_priority":null}},{"type":"Feature","geometry":{"type":"Point","coordinates":[-119.06967,37.12865]},"properties":{"id":"swamp-lake--fresno","name":"Swamp Lake","kind":"lake","evidence_class":"statewide_default","cdfw_stocked":false,"public_fishing":"unknown","follow_up_priority":"high"}},{"type":"Feature","geometry":{"type":"Point","coordinates":[-118.70454,36.88305]},"properties":{"id":"swamp-lakes--fresno","name":"Swamp Lakes","kind":"lake","evidence_class":"statewide_default","cdfw_stocked":false,"public_fishing":"yes","follow_up_priority":null}},{"type":"Feature","geometry":{"type":"Point","coordinates":[-119.07653,37.15661]},"properties":{"id":"swede-lake--fresno","name":"Swede Lake","kind":"lake","evidence_class":"statewide_default","cdfw_stocked":true,"public_fishing":"yes","follow_up_priority":null}},{"type":"Feature","geometry":{"type":"Point","coordinates":[-118.81449,37.34662]},"properties":{"id":"teddy-bear-lake--fresno","name":"Teddy Bear Lake","kind":"lake","evidence_class":"statewide_default","cdfw_stocked":false,"public_fishing":"yes","follow_up_priority":null}},{"type":"Feature","geometry":{"type":"Point","coordinates":[-118.80293,37.42295]},"properties":{"id":"third-recess-lake--fresno","name":"Third Recess Lake","kind":"lake","evidence_class":"statewide_default","cdfw_stocked":false,"public_fishing":"yes","follow_up_priority":"low"}},{"type":"Feature","geometry":{"type":"Point","coordinates":[-118.95808,37.2024]},"properties":{"id":"thompson-lake--fresno","name":"Thompson Lake","kind":"lake","evidence_class":"statewide_default","cdfw_stocked":false,"public_fishing":"yes","follow_up_priority":null}},{"type":"Feature","geometry":{"type":"Point","coordinates":[-118.84924,37.29007]},"properties":{"id":"three-island-lake--fresno","name":"Three Island Lake","kind":"lake","evidence_class":"statewide_default","cdfw_stocked":false,"public_fishing":"yes","follow_up_priority":null}},{"type":"Feature","geometry":{"type":"Point","coordinates":[-119.11239,37.16879]},"properties":{"id":"tocher-lake--fresno","name":"Tocher Lake","kind":"lake","evidence_class":"statewide_default","cdfw_stocked":true,"public_fishing":"yes","follow_up_priority":"low"}},{"type":"Feature","geometry":{"type":"Point","coordinates":[-118.79169,37.36256]},"properties":{"id":"toe-lake--fresno","name":"Toe Lake","kind":"lake","evidence_class":"statewide_default","cdfw_stocked":false,"public_fishing":"yes","follow_up_priority":null}},{"type":"Feature","geometry":{"type":"Point","coordinates":[-118.72692,37.25768]},"properties":{"id":"tomahawk-lake--fresno","name":"Tomahawk Lake","kind":"lake","evidence_class":"statewide_default","cdfw_stocked":false,"public_fishing":"yes","follow_up_priority":null}},{"type":"Feature","geometry":{"type":"Point","coordinates":[-118.79887,37.31728]},"properties":{"id":"tooth-lake--fresno","name":"Tooth Lake","kind":"lake","evidence_class":"statewide_default","cdfw_stocked":true,"public_fishing":"yes","follow_up_priority":null}},{"type":"Feature","geometry":{"type":"Point","coordinates":[-118.77438,37.44047]},"properties":{"id":"trail-lakes--fresno","name":"Trail Lakes","kind":"lake","evidence_class":"statewide_default","cdfw_stocked":false,"public_fishing":"yes","follow_up_priority":null}},{"type":"Feature","geometry":{"type":"Point","coordinates":[-119.02306,37.34271]},"properties":{"id":"tule-lake--fresno","name":"Tule Lake","kind":"lake","evidence_class":"statewide_default","cdfw_stocked":false,"public_fishing":"yes","follow_up_priority":"low"}},{"type":"Feature","geometry":{"type":"Point","coordinates":[-118.70367,37.01549]},"properties":{"id":"tunemah-lake--fresno","name":"Tunemah Lake","kind":"lake","evidence_class":"statewide_default","cdfw_stocked":false,"public_fishing":"yes","follow_up_priority":null}},{"type":"Feature","geometry":{"type":"Point","coordinates":[-118.8328,37.17317]},"properties":{"id":"turf-lakes--fresno","name":"Turf Lakes","kind":"lake","evidence_class":"statewide_default","cdfw_stocked":false,"public_fishing":"yes","follow_up_priority":null}},{"type":"Feature","geometry":{"type":"Point","coordinates":[-118.79496,37.10289]},"properties":{"id":"twin-buck-lake-east--fresno","name":"Twin Buck Lake, East","kind":"lake","evidence_class":"statewide_default","cdfw_stocked":true,"public_fishing":"yes","follow_up_priority":null}},{"type":"Feature","geometry":{"type":"Point","coordinates":[-118.89984,36.92162]},"properties":{"id":"twin-lakes-crown-basin--fresno","name":"Twin Lakes (Crown Basin)","kind":"lake","evidence_class":"statewide_default","cdfw_stocked":false,"public_fishing":"yes","follow_up_priority":null}},{"type":"Feature","geometry":{"type":"Point","coordinates":[-118.71607,37.24176]},"properties":{"id":"upper-golden-trout-lake--fresno","name":"Upper Golden Trout Lake","kind":"lake","evidence_class":"statewide_default","cdfw_stocked":false,"public_fishing":"yes","follow_up_priority":null}},{"type":"Feature","geometry":{"type":"Point","coordinates":[-118.84159,37.47283]},"properties":{"id":"upper-hopkins-lakes--fresno","name":"Upper Hopkins Lakes","kind":"lake","evidence_class":"statewide_default","cdfw_stocked":false,"public_fishing":"yes","follow_up_priority":null}},{"type":"Feature","geometry":{"type":"Point","coordinates":[-119.26759,37.28393]},"properties":{"id":"upper-horsethief-lake--fresno","name":"Upper Horsethief Lake","kind":"lake","evidence_class":"statewide_default","cdfw_stocked":false,"public_fishing":"yes","follow_up_priority":null}},{"type":"Feature","geometry":{"type":"Point","coordinates":[-118.80371,37.39055]},"properties":{"id":"upper-mills-creek-lake--fresno","name":"Upper Mills Creek Lake","kind":"lake","evidence_class":"statewide_default","cdfw_stocked":false,"public_fishing":"yes","follow_up_priority":null}},{"type":"Feature","geometry":{"type":"Point","coordinates":[-118.70798,37.30615]},"properties":{"id":"upper-petite-lake--fresno","name":"Upper Petite Lake","kind":"lake","evidence_class":"statewide_default","cdfw_stocked":false,"public_fishing":"yes","follow_up_priority":null}},{"type":"Feature","geometry":{"type":"Point","coordinates":[-119.04438,37.44306]},"properties":{"id":"upper-saddle-lake--fresno","name":"Upper Saddle Lake","kind":"lake","evidence_class":"statewide_default","cdfw_stocked":false,"public_fishing":"yes","follow_up_priority":null}},{"type":"Feature","geometry":{"type":"Point","coordinates":[-119.15996,37.29596]},"properties":{"id":"upper-twin-lake-kaiser--fresno","name":"Upper Twin Lake (Kaiser)","kind":"lake","evidence_class":"statewide_default","cdfw_stocked":false,"public_fishing":"yes","follow_up_priority":null}},{"type":"Feature","geometry":{"type":"Point","coordinates":[-118.79812,37.33185]},"properties":{"id":"ursa-lake--fresno","name":"Ursa Lake","kind":"lake","evidence_class":"statewide_default","cdfw_stocked":false,"public_fishing":"yes","follow_up_priority":null}},{"type":"Feature","geometry":{"type":"Point","coordinates":[-118.74561,37.08182]},"properties":{"id":"valor-lake--fresno","name":"Valor Lake","kind":"lake","evidence_class":"statewide_default","cdfw_stocked":false,"public_fishing":"yes","follow_up_priority":null}},{"type":"Feature","geometry":{"type":"Point","coordinates":[-118.80721,37.32056]},"properties":{"id":"vee-lake--fresno","name":"Vee Lake","kind":"lake","evidence_class":"statewide_default","cdfw_stocked":true,"public_fishing":"yes","follow_up_priority":null}},{"type":"Feature","geometry":{"type":"Point","coordinates":[-118.9747,37.4472]},"properties":{"id":"vengeance-lake--fresno","name":"Vengeance Lake","kind":"lake","evidence_class":"statewide_default","cdfw_stocked":true,"public_fishing":"yes","follow_up_priority":null}},{"type":"Feature","geometry":{"type":"Point","coordinates":[-118.40901,36.7431]},"properties":{"id":"vidette-lakes--fresno","name":"Vidette Lakes","kind":"lake","evidence_class":"statewide_default","cdfw_stocked":false,"public_fishing":"yes","follow_up_priority":null}},{"type":"Feature","geometry":{"type":"Point","coordinates":[-119.08831,37.10477]},"properties":{"id":"virginia-lake-dinkey--fresno","name":"Virginia Lake (Dinkey)","kind":"lake","evidence_class":"statewide_default","cdfw_stocked":true,"public_fishing":"yes","follow_up_priority":null}},{"type":"Feature","geometry":{"type":"Point","coordinates":[-118.63195,36.88745]},"properties":{"id":"volcanic-lakes--fresno","name":"Volcanic Lakes","kind":"lake","evidence_class":"statewide_default","cdfw_stocked":false,"public_fishing":"yes","follow_up_priority":null}},{"type":"Feature","geometry":{"type":"Point","coordinates":[-118.78459,37.10805]},"properties":{"id":"wah-hoo-lake--fresno","name":"Wah Hoo Lake","kind":"lake","evidence_class":"statewide_default","cdfw_stocked":false,"public_fishing":"yes","follow_up_priority":null}},{"type":"Feature","geometry":{"type":"Point","coordinates":[-118.7147,37.23037]},"properties":{"id":"wahoo-lake--fresno","name":"Wahoo Lake","kind":"lake","evidence_class":"statewide_default","cdfw_stocked":false,"public_fishing":"yes","follow_up_priority":null}},{"type":"Feature","geometry":{"type":"Point","coordinates":[-119.1733,37.30267]},"properties":{"id":"walling-lake--fresno","name":"Walling Lake","kind":"lake","evidence_class":"statewide_default","cdfw_stocked":true,"public_fishing":"yes","follow_up_priority":null}},{"type":"Feature","geometry":{"type":"Point","coordinates":[-118.69248,37.12118]},"properties":{"id":"wanda-lake--fresno","name":"Wanda Lake","kind":"lake","evidence_class":"statewide_default","cdfw_stocked":false,"public_fishing":"yes","follow_up_priority":null}},{"type":"Feature","geometry":{"type":"Point","coordinates":[-118.9879,37.30083]},"properties":{"id":"ward-lake--fresno","name":"Ward Lake","kind":"lake","evidence_class":"statewide_default","cdfw_stocked":true,"public_fishing":"yes","follow_up_priority":"low"}},{"type":"Feature","geometry":{"type":"Point","coordinates":[-118.90152,37.22225]},"properties":{"id":"ward-mountain-lake--fresno","name":"Ward Mountain Lake","kind":"lake","evidence_class":"statewide_default","cdfw_stocked":false,"public_fishing":"yes","follow_up_priority":null}},{"type":"Feature","geometry":{"type":"Point","coordinates":[-118.91822,37.4742]},"properties":{"id":"warrior-lake--fresno","name":"Warrior Lake","kind":"lake","evidence_class":"statewide_default","cdfw_stocked":false,"public_fishing":"yes","follow_up_priority":null}},{"type":"Feature","geometry":{"type":"Point","coordinates":[-118.71318,37.2727]},"properties":{"id":"wedge-lake--fresno","name":"Wedge Lake","kind":"lake","evidence_class":"statewide_default","cdfw_stocked":false,"public_fishing":"yes","follow_up_priority":null}},{"type":"Feature","geometry":{"type":"Point","coordinates":[-118.66334,36.88967]},"properties":{"id":"west-kennedy-lake--fresno","name":"West Kennedy Lake","kind":"lake","evidence_class":"statewide_default","cdfw_stocked":false,"public_fishing":"yes","follow_up_priority":null}},{"type":"Feature","geometry":{"type":"Point","coordinates":[-119.13012,37.1999]},"properties":{"id":"west-lake--fresno","name":"West Lake","kind":"lake","evidence_class":"statewide_default","cdfw_stocked":true,"public_fishing":"yes","follow_up_priority":"low"}},{"type":"Feature","geometry":{"type":"Point","coordinates":[-118.80052,37.33908]},"properties":{"id":"white-bear-lake--fresno","name":"White Bear Lake","kind":"lake","evidence_class":"statewide_default","cdfw_stocked":false,"public_fishing":"yes","follow_up_priority":null}},{"type":"Feature","geometry":{"type":"Point","coordinates":[-118.95526,37.46607]},"properties":{"id":"wilbur-may-lake--fresno","name":"Wilbur May Lake","kind":"lake","evidence_class":"statewide_default","cdfw_stocked":false,"public_fishing":"yes","follow_up_priority":null}},{"type":"Feature","geometry":{"type":"Point","coordinates":[-118.96295,37.01778]},"properties":{"id":"wishon-reservoir--fresno","name":"Wishon Reservoir","kind":"lake","evidence_class":"statewide_default","cdfw_stocked":true,"public_fishing":"yes","follow_up_priority":"high"}},{"type":"Feature","geometry":{"type":"Point","coordinates":[-118.88112,37.04145]},"properties":{"id":"woodchuck-lake--fresno","name":"Woodchuck Lake","kind":"lake","evidence_class":"statewide_default","cdfw_stocked":false,"public_fishing":"yes","follow_up_priority":"low"}},{"type":"Feature","geometry":{"type":"Point","coordinates":[-118.38329,36.88552]},"properties":{"id":"woods-lake--fresno","name":"Woods Lake","kind":"lake","evidence_class":"statewide_default","cdfw_stocked":false,"public_fishing":"yes","follow_up_priority":null}},{"type":"Feature","geometry":{"type":"Point","coordinates":[-119.78346,36.86369]},"properties":{"id":"woodward-park-lake--fresno","name":"Woodward Park Lake","kind":"lake","evidence_class":"statewide_default","cdfw_stocked":true,"public_fishing":"yes","follow_up_priority":"low"}},{"type":"Feature","geometry":{"type":"Point","coordinates":[-122.369117,39.785316]},"properties":{"id":"black-butte-lake--glenn","name":"Black Butte Lake","kind":"lake","evidence_class":"site_verified","cdfw_stocked":false,"public_fishing":"yes","follow_up_priority":"medium"}},{"type":"Feature","geometry":{"type":"Point","coordinates":[-122.170263,39.737936]},"properties":{"id":"lely-aquatic-park-pond--glenn","name":"Lely Aquatic Park Pond","kind":"lake","evidence_class":"statewide_default","cdfw_stocked":true,"public_fishing":"yes","follow_up_priority":null}},{"type":"Feature","geometry":{"type":"Point","coordinates":[-122.844021,39.726584]},"properties":{"id":"plaskett-lakes--glenn","name":"Plaskett Lakes","kind":"lake","evidence_class":"site_verified","cdfw_stocked":true,"public_fishing":"yes","follow_up_priority":null}},{"type":"Feature","geometry":{"type":"Point","coordinates":[-122.528386,39.569313]},"properties":{"id":"stony-gorge-reservoir--glenn","name":"Stony Gorge Reservoir","kind":"lake","evidence_class":"statewide_default","cdfw_stocked":false,"public_fishing":"yes","follow_up_priority":"medium"}},{"type":"Feature","geometry":{"type":"Point","coordinates":[-124.115793,41.17812]},"properties":{"id":"big-lagoon--humboldt","name":"Big Lagoon","kind":"lake","evidence_class":"site_verified","cdfw_stocked":false,"public_fishing":"yes","follow_up_priority":"medium"}},{"type":"Feature","geometry":{"type":"Point","coordinates":[-123.478956,41.135136]},"properties":{"id":"black-lake--humboldt","name":"Black Lake","kind":"lake","evidence_class":"statewide_default","cdfw_stocked":true,"public_fishing":"yes","follow_up_priority":null}},{"type":"Feature","geometry":{"type":"Point","coordinates":[-123.698816,41.251747]},"properties":{"id":"blue-lake-orleans--humboldt","name":"Blue Lake (Orleans)","kind":"lake","evidence_class":"site_verified","cdfw_stocked":true,"public_fishing":"yes","follow_up_priority":"low"}},{"type":"Feature","geometry":{"type":"Point","coordinates":[-123.683208,41.263625]},"properties":{"id":"fish-lake--humboldt","name":"Fish Lake","kind":"lake","evidence_class":"site_verified","cdfw_stocked":true,"public_fishing":"yes","follow_up_priority":"low"}},{"type":"Feature","geometry":{"type":"Point","coordinates":[-124.092799,41.267982]},"properties":{"id":"freshwater-lagoon--humboldt","name":"Freshwater Lagoon","kind":"lake","evidence_class":"site_verified","cdfw_stocked":true,"public_fishing":"yes","follow_up_priority":null}},{"type":"Feature","geometry":{"type":"Point","coordinates":[-123.492876,41.114312]},"properties":{"id":"mill-creek-lake-lower--humboldt","name":"Mill Creek Lake (Lower)","kind":"lake","evidence_class":"statewide_default","cdfw_stocked":true,"public_fishing":"yes","follow_up_priority":null}},{"type":"Feature","geometry":{"type":"Point","coordinates":[-124.146727,40.776516]},"properties":{"id":"sequoia-park-pond--humboldt","name":"Sequoia Park Pond","kind":"lake","evidence_class":"statewide_default","cdfw_stocked":true,"public_fishing":"yes","follow_up_priority":null}},{"type":"Feature","geometry":{"type":"Point","coordinates":[-124.092727,41.242063]},"properties":{"id":"stone-lagoon--humboldt","name":"Stone Lagoon","kind":"lake","evidence_class":"site_verified","cdfw_stocked":false,"public_fishing":"yes","follow_up_priority":"medium"}},{"type":"Feature","geometry":{"type":"Point","coordinates":[-115.56303,32.77936]},"properties":{"id":"bucklin-park-lake--imperial","name":"Bucklin Park Lake","kind":"lake","evidence_class":"statewide_default","cdfw_stocked":false,"public_fishing":"unknown","follow_up_priority":null}},{"type":"Feature","geometry":{"type":"Point","coordinates":[-114.502783,32.979966]},"properties":{"id":"ferguson-lake--imperial","name":"Ferguson Lake","kind":"lake","evidence_class":"statewide_default","cdfw_stocked":false,"public_fishing":"yes","follow_up_priority":null}},{"type":"Feature","geometry":{"type":"Point","coordinates":[-115.6994,32.7389]},"properties":{"id":"fig-lagoon--imperial","name":"Fig Lagoon","kind":"lake","evidence_class":"statewide_default","cdfw_stocked":false,"public_fishing":"unknown","follow_up_priority":null}},{"type":"Feature","geometry":{"type":"Point","coordinates":[-115.499597,33.057395]},"properties":{"id":"finney-lake--imperial","name":"Finney Lake","kind":"lake","evidence_class":"statewide_default","cdfw_stocked":false,"public_fishing":"yes","follow_up_priority":"high"}},{"type":"Feature","geometry":{"type":"Point","coordinates":[-115.589671,33.274169]},"properties":{"id":"imperial-wildlife-area-wister-unit-ponds--imperial","name":"Imperial Wildlife Area Wister Unit Ponds","kind":"lake","evidence_class":"statewide_default","cdfw_stocked":true,"public_fishing":"yes","follow_up_priority":"high"}},{"type":"Feature","geometry":{"type":"Point","coordinates":[-114.711844,33.387648]},"properties":{"id":"oxbow-lake-palo-verde-oxbow--imperial","name":"Oxbow Lake (Palo Verde Oxbow)","kind":"lake","evidence_class":"statewide_default","cdfw_stocked":false,"public_fishing":"yes","follow_up_priority":"low"}},{"type":"Feature","geometry":{"type":"Point","coordinates":[-114.72806,33.42778]},"properties":{"id":"palo-verde-lagoon--imperial","name":"Palo Verde Lagoon","kind":"lake","evidence_class":"statewide_default","cdfw_stocked":false,"public_fishing":"unknown","follow_up_priority":null}},{"type":"Feature","geometry":{"type":"Point","coordinates":[-115.917236,33.509884]},"properties":{"id":"salton-sea--imperial","name":"Salton Sea","kind":"lake","evidence_class":"site_verified","cdfw_stocked":false,"public_fishing":"yes","follow_up_priority":"medium"}},{"type":"Feature","geometry":{"type":"Point","coordinates":[-114.484127,32.916714]},"properties":{"id":"senator-wash-reservoir--imperial","name":"Senator Wash Reservoir","kind":"lake","evidence_class":"statewide_default","cdfw_stocked":false,"public_fishing":"yes","follow_up_priority":"low"}},{"type":"Feature","geometry":{"type":"Point","coordinates":[-115.685145,32.782683]},"properties":{"id":"sunbeam-lake--imperial","name":"Sunbeam Lake","kind":"lake","evidence_class":"statewide_default","cdfw_stocked":true,"public_fishing":"yes","follow_up_priority":"low"}},{"type":"Feature","geometry":{"type":"Point","coordinates":[-114.638429,33.034318]},"properties":{"id":"taylor-lake--imperial","name":"Taylor Lake","kind":"lake","evidence_class":"site_verified","cdfw_stocked":false,"public_fishing":"yes","follow_up_priority":"medium"}},{"type":"Feature","geometry":{"type":"Point","coordinates":[-115.489927,33.04216]},"properties":{"id":"wiest-lake--imperial","name":"Wiest Lake","kind":"lake","evidence_class":"statewide_default","cdfw_stocked":true,"public_fishing":"yes","follow_up_priority":"high"}},{"type":"Feature","geometry":{"type":"Point","coordinates":[-114.47496,32.899214]},"properties":{"id":"xanyo-xamshre-squaw-lake--imperial","name":"Xany\u014d Xamshr\u00e9 (Squaw Lake)","kind":"lake","evidence_class":"statewide_default","cdfw_stocked":false,"public_fishing":"yes","follow_up_priority":"low"}},{"type":"Feature","geometry":{"type":"Point","coordinates":[-118.4956,37.1603]},"properties":{"id":"baker-lake--inyo","name":"Baker Lake","kind":"lake","evidence_class":"statewide_default","cdfw_stocked":true,"public_fishing":"yes","follow_up_priority":null}},{"type":"Feature","geometry":{"type":"Point","coordinates":[-118.362012,36.761997]},"properties":{"id":"bench-lake-independence--inyo","name":"Bench Lake (Independence)","kind":"lake","evidence_class":"statewide_default","cdfw_stocked":false,"public_fishing":"yes","follow_up_priority":null}},{"type":"Feature","geometry":{"type":"Point","coordinates":[-118.48406,37.126243]},"properties":{"id":"big-pine-lake-1-first-lake--inyo","name":"Big Pine Lake #1 (First Lake)","kind":"lake","evidence_class":"site_verified","cdfw_stocked":true,"public_fishing":"yes","follow_up_priority":"low"}},{"type":"Feature","geometry":{"type":"Point","coordinates":[-118.428405,37.073331]},"properties":{"id":"birch-lake--inyo","name":"Birch Lake","kind":"lake","evidence_class":"statewide_default","cdfw_stocked":true,"public_fishing":"yes","follow_up_priority":null}},{"type":"Feature","geometry":{"type":"Point","coordinates":[-118.550515,37.121367]},"properties":{"id":"bishop-lake--inyo","name":"Bishop Lake","kind":"lake","evidence_class":"statewide_default","cdfw_stocked":false,"public_fishing":"yes","follow_up_priority":null}},{"type":"Feature","geometry":{"type":"Point","coordinates":[-118.494543,37.132324]},"properties":{"id":"black-lake-big-pine--inyo","name":"Black Lake (Big Pine)","kind":"lake","evidence_class":"statewide_default","cdfw_stocked":false,"public_fishing":"yes","follow_up_priority":null}},{"type":"Feature","geometry":{"type":"Point","coordinates":[-118.619612,37.18424]},"properties":{"id":"blue-lake-sabrina-basin--inyo","name":"Blue Lake (Sabrina Basin)","kind":"lake","evidence_class":"statewide_default","cdfw_stocked":false,"public_fishing":"yes","follow_up_priority":null}},{"type":"Feature","geometry":{"type":"Point","coordinates":[-118.75416,37.414917]},"properties":{"id":"box-lake--inyo","name":"Box Lake","kind":"lake","evidence_class":"statewide_default","cdfw_stocked":false,"public_fishing":"yes","follow_up_priority":null}},{"type":"Feature","geometry":{"type":"Point","coordinates":[-118.54299,37.169628]},"properties":{"id":"brown-lake--inyo","name":"Brown Lake","kind":"lake","evidence_class":"statewide_default","cdfw_stocked":true,"public_fishing":"yes","follow_up_priority":null}},{"type":"Feature","geometry":{"type":"Point","coordinates":[-118.753014,37.399574]},"properties":{"id":"chickenfoot-lake--inyo","name":"Chickenfoot Lake","kind":"lake","evidence_class":"statewide_default","cdfw_stocked":true,"public_fishing":"yes","follow_up_priority":null}},{"type":"Feature","geometry":{"type":"Point","coordinates":[-118.220168,36.476552]},"properties":{"id":"cirque-lake--inyo","name":"Cirque Lake","kind":"lake","evidence_class":"statewide_default","cdfw_stocked":false,"public_fishing":"yes","follow_up_priority":null}},{"type":"Feature","geometry":{"type":"Point","coordinates":[-118.272349,36.561538]},"properties":{"id":"consultation-lake--inyo","name":"Consultation Lake","kind":"lake","evidence_class":"statewide_default","cdfw_stocked":false,"public_fishing":"yes","follow_up_priority":null}},{"type":"Feature","geometry":{"type":"Point","coordinates":[-118.2202523,36.4959253]},"properties":{"id":"cottonwood-lakes--inyo","name":"Cottonwood Lakes","kind":"lake","evidence_class":"statewide_default","cdfw_stocked":false,"public_fishing":"yes","follow_up_priority":null}},{"type":"Feature","geometry":{"type":"Point","coordinates":[-118.054857,36.562231]},"properties":{"id":"diaz-lake--inyo","name":"Diaz Lake","kind":"lake","evidence_class":"site_verified","cdfw_stocked":true,"public_fishing":"yes","follow_up_priority":null}},{"type":"Feature","geometry":{"type":"Point","coordinates":[-118.637288,37.182266]},"properties":{"id":"dingleberry-lake--inyo","name":"Dingleberry Lake","kind":"lake","evidence_class":"statewide_default","cdfw_stocked":false,"public_fishing":"yes","follow_up_priority":null}},{"type":"Feature","geometry":{"type":"Point","coordinates":[-118.643294,37.145121]},"properties":{"id":"echo-lake--inyo","name":"Echo Lake","kind":"lake","evidence_class":"statewide_default","cdfw_stocked":true,"public_fishing":"yes","follow_up_priority":null}},{"type":"Feature","geometry":{"type":"Point","coordinates":[-118.508583,37.130782]},"properties":{"id":"fifth-lake-big-pine-lakes--inyo","name":"Fifth Lake (Big Pine Lakes)","kind":"lake","evidence_class":"statewide_default","cdfw_stocked":false,"public_fishing":"yes","follow_up_priority":null}},{"type":"Feature","geometry":{"type":"Point","coordinates":[-118.460193,37.086244]},"properties":{"id":"finger-lake--inyo","name":"Finger Lake","kind":"lake","evidence_class":"statewide_default","cdfw_stocked":false,"public_fishing":"yes","follow_up_priority":null}},{"type":"Feature","geometry":{"type":"Point","coordinates":[-118.360746,36.768273]},"properties":{"id":"flower-lake--inyo","name":"Flower Lake","kind":"lake","evidence_class":"statewide_default","cdfw_stocked":false,"public_fishing":"yes","follow_up_priority":null}},{"type":"Feature","geometry":{"type":"Point","coordinates":[-118.502155,37.130648]},"properties":{"id":"fourth-lake-big-pine-lakes--inyo","name":"Fourth Lake (Big Pine Lakes)","kind":"lake","evidence_class":"statewide_default","cdfw_stocked":false,"public_fishing":"yes","follow_up_priority":null}},{"type":"Feature","geometry":{"type":"Point","coordinates":[-118.718122,37.433245]},"properties":{"id":"francis-lake--inyo","name":"Francis Lake","kind":"lake","evidence_class":"statewide_default","cdfw_stocked":true,"public_fishing":"yes","follow_up_priority":null}},{"type":"Feature","geometry":{"type":"Point","coordinates":[-118.511691,37.199589]},"properties":{"id":"funnel-lake--inyo","name":"Funnel Lake","kind":"lake","evidence_class":"statewide_default","cdfw_stocked":true,"public_fishing":"yes","follow_up_priority":null}},{"type":"Feature","geometry":{"type":"Point","coordinates":[-118.758461,37.389956]},"properties":{"id":"gem-lakes--inyo","name":"Gem Lakes","kind":"lake","evidence_class":"statewide_default","cdfw_stocked":false,"public_fishing":"yes","follow_up_priority":null}},{"type":"Feature","geometry":{"type":"Point","coordinates":[-118.356206,36.769635]},"properties":{"id":"gilbert-lake--inyo","name":"Gilbert Lake","kind":"lake","evidence_class":"statewide_default","cdfw_stocked":false,"public_fishing":"yes","follow_up_priority":null}},{"type":"Feature","geometry":{"type":"Point","coordinates":[-118.368108,36.781173]},"properties":{"id":"golden-trout-lake-onion-valley--inyo","name":"Golden Trout Lake (Onion Valley)","kind":"lake","evidence_class":"statewide_default","cdfw_stocked":false,"public_fishing":"yes","follow_up_priority":null}},{"type":"Feature","geometry":{"type":"Point","coordinates":[-118.531923,37.169396]},"properties":{"id":"green-lake--inyo","name":"Green Lake","kind":"lake","evidence_class":"statewide_default","cdfw_stocked":true,"public_fishing":"yes","follow_up_priority":null}},{"type":"Feature","geometry":{"type":"Point","coordinates":[-117.960293,36.193141]},"properties":{"id":"haiwee-reservoir--inyo","name":"Haiwee Reservoir","kind":"lake","evidence_class":"no_fishing","cdfw_stocked":false,"public_fishing":"no","follow_up_priority":null}},{"type":"Feature","geometry":{"type":"Point","coordinates":[-118.754544,37.418679]},"properties":{"id":"heart-lake-little-lakes-valley--inyo","name":"Heart Lake (Little Lakes Valley)","kind":"lake","evidence_class":"statewide_default","cdfw_stocked":false,"public_fishing":"yes","follow_up_priority":null}},{"type":"Feature","geometry":{"type":"Point","coordinates":[-118.198151,36.495592]},"properties":{"id":"hidden-lake-cottonwood--inyo","name":"Hidden Lake (Cottonwood)","kind":"lake","evidence_class":"statewide_default","cdfw_stocked":false,"public_fishing":"yes","follow_up_priority":null}},{"type":"Feature","geometry":{"type":"Point","coordinates":[-118.233673,36.489221]},"properties":{"id":"high-lake-cottonwood--inyo","name":"High Lake (Cottonwood)","kind":"lake","evidence_class":"statewide_default","cdfw_stocked":false,"public_fishing":"yes","follow_up_priority":null}},{"type":"Feature","geometry":{"type":"Point","coordinates":[-118.666171,37.316547]},"properties":{"id":"horton-lake--inyo","name":"Horton Lake","kind":"lake","evidence_class":"statewide_default","cdfw_stocked":false,"public_fishing":"yes","follow_up_priority":null}},{"type":"Feature","geometry":{"type":"Point","coordinates":[-118.644363,37.158798]},"properties":{"id":"hungry-packer-lake--inyo","name":"Hungry Packer Lake","kind":"lake","evidence_class":"statewide_default","cdfw_stocked":false,"public_fishing":"yes","follow_up_priority":null}},{"type":"Feature","geometry":{"type":"Point","coordinates":[-118.584349,37.247495]},"properties":{"id":"intake-2-bishop-creek--inyo","name":"Intake 2 (Bishop Creek)","kind":"lake","evidence_class":"site_verified","cdfw_stocked":true,"public_fishing":"yes","follow_up_priority":"high"}},{"type":"Feature","geometry":{"type":"Point","coordinates":[-118.304314,37.207341]},"properties":{"id":"klondike-lake--inyo","name":"Klondike Lake","kind":"lake","evidence_class":"statewide_default","cdfw_stocked":false,"public_fishing":"yes","follow_up_priority":null}},{"type":"Feature","geometry":{"type":"Point","coordinates":[-118.618998,37.205905]},"properties":{"id":"lake-sabrina--inyo","name":"Lake Sabrina","kind":"lake","evidence_class":"site_verified","cdfw_stocked":true,"public_fishing":"yes","follow_up_priority":"low"}},{"type":"Feature","geometry":{"type":"Point","coordinates":[-118.655359,37.231422]},"properties":{"id":"loch-leven--inyo","name":"Loch Leven","kind":"lake","evidence_class":"statewide_default","cdfw_stocked":false,"public_fishing":"yes","follow_up_priority":null}},{"type":"Feature","geometry":{"type":"Point","coordinates":[-118.248239,36.576536]},"properties":{"id":"lone-pine-lake--inyo","name":"Lone Pine Lake","kind":"lake","evidence_class":"statewide_default","cdfw_stocked":true,"public_fishing":"yes","follow_up_priority":null}},{"type":"Feature","geometry":{"type":"Point","coordinates":[-118.55659,37.144129]},"properties":{"id":"long-lake-bishop-pass--inyo","name":"Long Lake (Bishop Pass)","kind":"lake","evidence_class":"statewide_default","cdfw_stocked":false,"public_fishing":"yes","follow_up_priority":null}},{"type":"Feature","geometry":{"type":"Point","coordinates":[-118.642695,37.217195]},"properties":{"id":"lower-lamarck-lake--inyo","name":"Lower Lamarck Lake","kind":"lake","evidence_class":"statewide_default","cdfw_stocked":false,"public_fishing":"yes","follow_up_priority":null}},{"type":"Feature","geometry":{"type":"Point","coordinates":[-118.263058,36.570765]},"properties":{"id":"mirror-lake-whitney--inyo","name":"Mirror Lake (Whitney)","kind":"lake","evidence_class":"statewide_default","cdfw_stocked":false,"public_fishing":"yes","follow_up_priority":null}},{"type":"Feature","geometry":{"type":"Point","coordinates":[-118.614297,37.2315]},"properties":{"id":"north-lake--inyo","name":"North Lake","kind":"lake","evidence_class":"site_verified","cdfw_stocked":true,"public_fishing":"yes","follow_up_priority":"low"}},{"type":"Feature","geometry":{"type":"Point","coordinates":[-118.728748,37.35218]},"properties":{"id":"pine-lake--inyo","name":"Pine Lake","kind":"lake","evidence_class":"statewide_default","cdfw_stocked":false,"public_fishing":"yes","follow_up_priority":null}},{"type":"Feature","geometry":{"type":"Point","coordinates":[-118.671478,37.235286]},"properties":{"id":"piute-lake--inyo","name":"Piute Lake","kind":"lake","evidence_class":"statewide_default","cdfw_stocked":false,"public_fishing":"yes","follow_up_priority":null}},{"type":"Feature","geometry":{"type":"Point","coordinates":[-118.536025,37.42236]},"properties":{"id":"pleasant-valley-reservoir--inyo","name":"Pleasant Valley Reservoir","kind":"lake","evidence_class":"site_verified","cdfw_stocked":true,"public_fishing":"yes","follow_up_priority":null}},{"type":"Feature","geometry":{"type":"Point","coordinates":[-118.403736,37.020055]},"properties":{"id":"red-lake--inyo","name":"Red Lake","kind":"lake","evidence_class":"statewide_default","cdfw_stocked":true,"public_fishing":"yes","follow_up_priority":null}},{"type":"Feature","geometry":{"type":"Point","coordinates":[-118.339898,36.758564]},"properties":{"id":"robinson-lake--inyo","name":"Robinson Lake","kind":"lake","evidence_class":"statewide_default","cdfw_stocked":false,"public_fishing":"yes","follow_up_priority":null}},{"type":"Feature","geometry":{"type":"Point","coordinates":[-118.7372,37.45249]},"properties":{"id":"rock-creek-lake--inyo","name":"Rock Creek Lake","kind":"lake","evidence_class":"site_verified","cdfw_stocked":true,"public_fishing":"yes","follow_up_priority":"low"}},{"type":"Feature","geometry":{"type":"Point","coordinates":[-118.51704,37.199855]},"properties":{"id":"rocky-bottom-lake--inyo","name":"Rocky Bottom Lake","kind":"lake","evidence_class":"statewide_default","cdfw_stocked":true,"public_fishing":"yes","follow_up_priority":null}},{"type":"Feature","geometry":{"type":"Point","coordinates":[-118.770441,37.415016]},"properties":{"id":"ruby-lake--inyo","name":"Ruby Lake","kind":"lake","evidence_class":"statewide_default","cdfw_stocked":false,"public_fishing":"yes","follow_up_priority":null}},{"type":"Feature","geometry":{"type":"Point","coordinates":[-118.553473,37.127891]},"properties":{"id":"saddlerock-lake--inyo","name":"Saddlerock Lake","kind":"lake","evidence_class":"statewide_default","cdfw_stocked":true,"public_fishing":"yes","follow_up_priority":null}},{"type":"Feature","geometry":{"type":"Point","coordinates":[-118.327977,37.29886]},"properties":{"id":"saunders-pond--inyo","name":"Saunders Pond","kind":"lake","evidence_class":"statewide_default","cdfw_stocked":false,"public_fishing":"yes","follow_up_priority":null}},{"type":"Feature","geometry":{"type":"Point","coordinates":[-118.347081,36.886129]},"properties":{"id":"sawmill-lake--inyo","name":"Sawmill Lake","kind":"lake","evidence_class":"statewide_default","cdfw_stocked":true,"public_fishing":"yes","follow_up_priority":null}},{"type":"Feature","geometry":{"type":"Point","coordinates":[-118.487583,37.123749]},"properties":{"id":"second-lake-big-pine-lakes--inyo","name":"Second Lake (Big Pine Lakes)","kind":"lake","evidence_class":"statewide_default","cdfw_stocked":false,"public_fishing":"yes","follow_up_priority":null}},{"type":"Feature","geometry":{"type":"Point","coordinates":[-118.218096,36.483094]},"properties":{"id":"south-fork-lakes-cottonwood--inyo","name":"South Fork Lakes (Cottonwood)","kind":"lake","evidence_class":"statewide_default","cdfw_stocked":false,"public_fishing":"yes","follow_up_priority":null}},{"type":"Feature","geometry":{"type":"Point","coordinates":[-118.570347,37.165419]},"properties":{"id":"south-lake--inyo","name":"South Lake","kind":"lake","evidence_class":"site_verified","cdfw_stocked":true,"public_fishing":"yes","follow_up_priority":null}},{"type":"Feature","geometry":{"type":"Point","coordinates":[-118.7517582,37.3688695]},"properties":{"id":"spire-lake--inyo","name":"Spire Lake","kind":"lake","evidence_class":"statewide_default","cdfw_stocked":true,"public_fishing":"yes","follow_up_priority":null}},{"type":"Feature","geometry":{"type":"Point","coordinates":[-118.744054,37.367646]},"properties":{"id":"split-lake--inyo","name":"Split Lake","kind":"lake","evidence_class":"statewide_default","cdfw_stocked":true,"public_fishing":"yes","follow_up_priority":null}},{"type":"Feature","geometry":{"type":"Point","coordinates":[-118.4995685,37.1336316]},"properties":{"id":"summit-lake-big-pine-lakes--inyo","name":"Summit Lake (Big Pine Lakes)","kind":"lake","evidence_class":"statewide_default","cdfw_stocked":true,"public_fishing":"yes","follow_up_priority":null}},{"type":"Feature","geometry":{"type":"Point","coordinates":[-118.495088,37.121551]},"properties":{"id":"third-lake-big-pine-lakes--inyo","name":"Third Lake (Big Pine Lakes)","kind":"lake","evidence_class":"statewide_default","cdfw_stocked":false,"public_fishing":"yes","follow_up_priority":null}},{"type":"Feature","geometry":{"type":"Point","coordinates":[-118.520963,37.151422]},"properties":{"id":"thunder-lightning-lake--inyo","name":"Thunder and Lightning Lake","kind":"lake","evidence_class":"statewide_default","cdfw_stocked":false,"public_fishing":"yes","follow_up_priority":null}},{"type":"Feature","geometry":{"type":"Point","coordinates":[-118.22024,37.060065]},"properties":{"id":"tinemaha-reservoir--inyo","name":"Tinemaha Reservoir","kind":"lake","evidence_class":"statewide_default","cdfw_stocked":false,"public_fishing":"yes","follow_up_priority":null}},{"type":"Feature","geometry":{"type":"Point","coordinates":[-118.572735,37.142537]},"properties":{"id":"treasure-lakes-bishop-creek--inyo","name":"Treasure Lakes (Bishop Creek)","kind":"lake","evidence_class":"statewide_default","cdfw_stocked":false,"public_fishing":"yes","follow_up_priority":null}},{"type":"Feature","geometry":{"type":"Point","coordinates":[-118.580222,37.180813]},"properties":{"id":"tyee-lake-6--inyo","name":"Tyee Lake #6","kind":"lake","evidence_class":"statewide_default","cdfw_stocked":true,"public_fishing":"yes","follow_up_priority":null}},{"type":"Feature","geometry":{"type":"Point","coordinates":[-118.734788,37.343683]},"properties":{"id":"upper-pine-lake--inyo","name":"Upper Pine Lake","kind":"lake","evidence_class":"statewide_default","cdfw_stocked":false,"public_fishing":"yes","follow_up_priority":null}},{"type":"Feature","geometry":{"type":"Point","coordinates":[-118.459147,37.100738]},"properties":{"id":"willow-lake--inyo","name":"Willow Lake","kind":"lake","evidence_class":"statewide_default","cdfw_stocked":false,"public_fishing":"yes","follow_up_priority":null}},{"type":"Feature","geometry":{"type":"Point","coordinates":[-118.542432,35.106934]},"properties":{"id":"brite-lake--kern","name":"Brite Lake","kind":"lake","evidence_class":"site_verified","cdfw_stocked":true,"public_fishing":"yes","follow_up_priority":null}},{"type":"Feature","geometry":{"type":"Point","coordinates":[-118.842918,34.835256]},"properties":{"id":"castac-lake--kern","name":"Castac Lake","kind":"lake","evidence_class":"no_fishing","cdfw_stocked":false,"public_fishing":"no","follow_up_priority":null}},{"type":"Feature","geometry":{"type":"Point","coordinates":[-118.912833,35.447371]},"properties":{"id":"cat-fish-lake-hart-park--kern","name":"Cat Fish Lake (Hart Park)","kind":"lake","evidence_class":"site_verified","cdfw_stocked":true,"public_fishing":"yes","follow_up_priority":"high"}},{"type":"Feature","geometry":{"type":"Point","coordinates":[-117.943072,35.129145]},"properties":{"id":"central-park-lake-california-city--kern","name":"Central Park Lake (California City)","kind":"lake","evidence_class":"statewide_default","cdfw_stocked":false,"public_fishing":"unknown","follow_up_priority":null}},{"type":"Feature","geometry":{"type":"Point","coordinates":[-118.94915,34.82013]},"properties":{"id":"cuddy-creek-pond--kern","name":"Cuddy Creek Pond","kind":"lake","evidence_class":"statewide_default","cdfw_stocked":true,"public_fishing":"yes","follow_up_priority":null}},{"type":"Feature","geometry":{"type":"Point","coordinates":[-118.912833,35.447371]},"properties":{"id":"hart-park-lake--kern","name":"Hart Park Lake","kind":"lake","evidence_class":"site_verified","cdfw_stocked":true,"public_fishing":"yes","follow_up_priority":"high"}},{"type":"Feature","geometry":{"type":"Point","coordinates":[-118.427225,35.669537]},"properties":{"id":"lake-isabella--kern","name":"Lake Isabella","kind":"lake","evidence_class":"statewide_default","cdfw_stocked":true,"public_fishing":"yes","follow_up_priority":"low"}},{"type":"Feature","geometry":{"type":"Point","coordinates":[-118.865536,35.439712]},"properties":{"id":"lake-ming--kern","name":"Lake Ming","kind":"lake","evidence_class":"site_verified","cdfw_stocked":true,"public_fishing":"yes","follow_up_priority":"low"}},{"type":"Feature","geometry":{"type":"Point","coordinates":[-119.2598282,35.2225846]},"properties":{"id":"lake-webb--kern","name":"Lake Webb","kind":"lake","evidence_class":"statewide_default","cdfw_stocked":false,"public_fishing":"yes","follow_up_priority":"medium"}},{"type":"Feature","geometry":{"type":"Point","coordinates":[-119.1783913,35.7361111]},"properties":{"id":"lake-woollomes--kern","name":"Lake Woollomes","kind":"lake","evidence_class":"statewide_default","cdfw_stocked":true,"public_fishing":"yes","follow_up_priority":"low"}},{"type":"Feature","geometry":{"type":"Point","coordinates":[-119.126559,35.351532]},"properties":{"id":"river-walk-lake--kern","name":"River Walk Lake","kind":"lake","evidence_class":"statewide_default","cdfw_stocked":true,"public_fishing":"yes","follow_up_priority":null}},{"type":"Feature","geometry":{"type":"Point","coordinates":[-119.0525,35.369]},"properties":{"id":"truxtun-lake--kern","name":"Truxtun Lake","kind":"lake","evidence_class":"statewide_default","cdfw_stocked":true,"public_fishing":"yes","follow_up_priority":null}},{"type":"Feature","geometry":{"type":"Point","coordinates":[-119.661241,36.350228]},"properties":{"id":"hidden-valley-park-pond--kings","name":"Hidden Valley Park Pond","kind":"lake","evidence_class":"statewide_default","cdfw_stocked":true,"public_fishing":"yes","follow_up_priority":"high"}},{"type":"Feature","geometry":{"type":"Point","coordinates":[-122.890409,38.941682]},"properties":{"id":"adobe-creek-reservoir--lake","name":"Adobe Creek Reservoir","kind":"lake","evidence_class":"statewide_default","cdfw_stocked":false,"public_fishing":"unknown","follow_up_priority":"high"}},{"type":"Feature","geometry":{"type":"Point","coordinates":[-122.827215,39.061561]},"properties":{"id":"clear-lake--lake","name":"Clear Lake","kind":"lake","evidence_class":"statewide_default","cdfw_stocked":false,"public_fishing":"yes","follow_up_priority":"high"}},{"type":"Feature","geometry":{"type":"Point","coordinates":[-122.530808,38.729988]},"properties":{"id":"detert-reservoir--lake","name":"Detert Reservoir","kind":"lake","evidence_class":"statewide_default","cdfw_stocked":false,"public_fishing":"unknown","follow_up_priority":null}},{"type":"Feature","geometry":{"type":"Point","coordinates":[-122.564127,38.810702]},"properties":{"id":"hidden-valley-lake--lake","name":"Hidden Valley Lake","kind":"lake","evidence_class":"site_verified","cdfw_stocked":false,"public_fishing":"restricted","follow_up_priority":"high"}},{"type":"Feature","geometry":{"type":"Point","coordinates":[-122.905946,38.942847]},"properties":{"id":"highland-springs-reservoir--lake","name":"Highland Springs Reservoir","kind":"lake","evidence_class":"statewide_default","cdfw_stocked":false,"public_fishing":"yes","follow_up_priority":"high"}},{"type":"Feature","geometry":{"type":"Point","coordinates":[-122.540995,39.123723]},"properties":{"id":"indian-valley-reservoir--lake","name":"Indian Valley Reservoir","kind":"lake","evidence_class":"statewide_default","cdfw_stocked":true,"public_fishing":"yes","follow_up_priority":"low"}},{"type":"Feature","geometry":{"type":"Point","coordinates":[-122.946404,39.422487]},"properties":{"id":"lake-pillsbury--lake","name":"Lake Pillsbury","kind":"lake","evidence_class":"site_verified","cdfw_stocked":true,"public_fishing":"yes","follow_up_priority":"low"}},{"type":"Feature","geometry":{"type":"Point","coordinates":[-122.998945,39.162849]},"properties":{"id":"lower-blue-lake--lake","name":"Lower Blue Lake","kind":"lake","evidence_class":"statewide_default","cdfw_stocked":false,"public_fishing":"restricted","follow_up_priority":null}},{"type":"Feature","geometry":{"type":"Point","coordinates":[-123.011522,39.170685]},"properties":{"id":"upper-blue-lake--lake","name":"Upper Blue Lake","kind":"lake","evidence_class":"statewide_default","cdfw_stocked":true,"public_fishing":"restricted","follow_up_priority":"low"}},{"type":"Feature","geometry":{"type":"Point","coordinates":[-120.612032,40.802986]},"properties":{"id":"bailey-reservoir--lassen","name":"Bailey Reservoir","kind":"lake","evidence_class":"statewide_default","cdfw_stocked":true,"public_fishing":"yes","follow_up_priority":null}},{"type":"Feature","geometry":{"type":"Point","coordinates":[-121.210278,40.453332]},"properties":{"id":"beauty-lake--lassen","name":"Beauty Lake","kind":"lake","evidence_class":"statewide_default","cdfw_stocked":false,"public_fishing":"yes","follow_up_priority":"low"}},{"type":"Feature","geometry":{"type":"Point","coordinates":[-121.148292,40.487306]},"properties":{"id":"betty-lake--lassen","name":"Betty Lake","kind":"lake","evidence_class":"statewide_default","cdfw_stocked":true,"public_fishing":"yes","follow_up_priority":"low"}},{"type":"Feature","geometry":{"type":"Point","coordinates":[-120.338963,40.551398]},"properties":{"id":"biscar-reservoir--lassen","name":"Biscar Reservoir","kind":"lake","evidence_class":"statewide_default","cdfw_stocked":false,"public_fishing":"yes","follow_up_priority":"low"}},{"type":"Feature","geometry":{"type":"Point","coordinates":[-121.21168,40.506746]},"properties":{"id":"black-lake--lassen","name":"Black Lake","kind":"lake","evidence_class":"statewide_default","cdfw_stocked":true,"public_fishing":"yes","follow_up_priority":"low"}},{"type":"Feature","geometry":{"type":"Point","coordinates":[-120.286644,41.144994]},"properties":{"id":"blue-lake-modoc-nf--lassen","name":"Blue Lake (Modoc NF)","kind":"lake","evidence_class":"statewide_default","cdfw_stocked":true,"public_fishing":"yes","follow_up_priority":null}},{"type":"Feature","geometry":{"type":"Point","coordinates":[-120.085889,40.853117]},"properties":{"id":"buckhorn-reservoir--lassen","name":"Buckhorn Reservoir","kind":"lake","evidence_class":"statewide_default","cdfw_stocked":true,"public_fishing":"yes","follow_up_priority":null}},{"type":"Feature","geometry":{"type":"Point","coordinates":[-121.292147,40.564066]},"properties":{"id":"butte-lake--lassen","name":"Butte Lake","kind":"lake","evidence_class":"site_verified","cdfw_stocked":false,"public_fishing":"yes","follow_up_priority":null}},{"type":"Feature","geometry":{"type":"Point","coordinates":[-121.169745,40.503088]},"properties":{"id":"caribou-lake--lassen","name":"Caribou Lake","kind":"lake","evidence_class":"statewide_default","cdfw_stocked":true,"public_fishing":"yes","follow_up_priority":"low"}},{"type":"Feature","geometry":{"type":"Point","coordinates":[-121.204869,40.551647]},"properties":{"id":"cone-lake--lassen","name":"Cone Lake","kind":"lake","evidence_class":"statewide_default","cdfw_stocked":false,"public_fishing":"yes","follow_up_priority":"low"}},{"type":"Feature","geometry":{"type":"Point","coordinates":[-121.062117,40.626958]},"properties":{"id":"crater-lake-lassen-nf--lassen","name":"Crater Lake (Lassen NF)","kind":"lake","evidence_class":"statewide_default","cdfw_stocked":true,"public_fishing":"yes","follow_up_priority":"low"}},{"type":"Feature","geometry":{"type":"Point","coordinates":[-121.290966,40.458835]},"properties":{"id":"crystal-lake-lassen-volcanic-np--lassen","name":"Crystal Lake (Lassen Volcanic NP)","kind":"lake","evidence_class":"site_verified","cdfw_stocked":false,"public_fishing":"yes","follow_up_priority":null}},{"type":"Feature","geometry":{"type":"Point","coordinates":[-121.188123,40.486606]},"properties":{"id":"cypress-lake--lassen","name":"Cypress Lake","kind":"lake","evidence_class":"statewide_default","cdfw_stocked":true,"public_fishing":"yes","follow_up_priority":"low"}},{"type":"Feature","geometry":{"type":"Point","coordinates":[-120.143281,40.980398]},"properties":{"id":"dodge-reservoir--lassen","name":"Dodge Reservoir","kind":"lake","evidence_class":"statewide_default","cdfw_stocked":true,"public_fishing":"yes","follow_up_priority":"low"}},{"type":"Feature","geometry":{"type":"Point","coordinates":[-120.739584,40.642878]},"properties":{"id":"eagle-lake--lassen","name":"Eagle Lake","kind":"lake","evidence_class":"statewide_default","cdfw_stocked":true,"public_fishing":"yes","follow_up_priority":"low"}},{"type":"Feature","geometry":{"type":"Point","coordinates":[-121.164471,40.432455]},"properties":{"id":"echo-lake-lassen-nf--lassen","name":"Echo Lake (Lassen NF)","kind":"lake","evidence_class":"statewide_default","cdfw_stocked":false,"public_fishing":"restricted","follow_up_priority":"low"}},{"type":"Feature","geometry":{"type":"Point","coordinates":[-121.191745,40.509151]},"properties":{"id":"eleanor-lake--lassen","name":"Eleanor Lake","kind":"lake","evidence_class":"statewide_default","cdfw_stocked":true,"public_fishing":"yes","follow_up_priority":"low"}},{"type":"Feature","geometry":{"type":"Point","coordinates":[-121.18513,40.4965]},"properties":{"id":"emerald-lake-caribou--lassen","name":"Emerald Lake (Caribou)","kind":"lake","evidence_class":"statewide_default","cdfw_stocked":true,"public_fishing":"yes","follow_up_priority":"low"}},{"type":"Feature","geometry":{"type":"Point","coordinates":[-121.215907,40.448802]},"properties":{"id":"evelyn-lake--lassen","name":"Evelyn Lake","kind":"lake","evidence_class":"statewide_default","cdfw_stocked":true,"public_fishing":"yes","follow_up_priority":"low"}},{"type":"Feature","geometry":{"type":"Point","coordinates":[-121.195224,40.500695]},"properties":{"id":"gem-lake-caribou--lassen","name":"Gem Lake (Caribou)","kind":"lake","evidence_class":"statewide_default","cdfw_stocked":true,"public_fishing":"yes","follow_up_priority":"low"}},{"type":"Feature","geometry":{"type":"Point","coordinates":[-121.197556,40.45012]},"properties":{"id":"hidden-lakes--lassen","name":"Hidden Lakes","kind":"lake","evidence_class":"statewide_default","cdfw_stocked":true,"public_fishing":"yes","follow_up_priority":"low"}},{"type":"Feature","geometry":{"type":"Point","coordinates":[-120.892483,40.43797]},"properties":{"id":"hog-flat-reservoir--lassen","name":"Hog Flat Reservoir","kind":"lake","evidence_class":"statewide_default","cdfw_stocked":false,"public_fishing":"unknown","follow_up_priority":null}},{"type":"Feature","geometry":{"type":"Point","coordinates":[-120.625657,41.079391]},"properties":{"id":"holbrook-reservoir--lassen","name":"Holbrook Reservoir","kind":"lake","evidence_class":"statewide_default","cdfw_stocked":true,"public_fishing":"yes","follow_up_priority":null}},{"type":"Feature","geometry":{"type":"Point","coordinates":[-120.313071,40.248944]},"properties":{"id":"honey-lake--lassen","name":"Honey Lake","kind":"lake","evidence_class":"no_fishing","cdfw_stocked":false,"public_fishing":"no","follow_up_priority":null}},{"type":"Feature","geometry":{"type":"Point","coordinates":[-121.276687,40.476998]},"properties":{"id":"jakey-lake--lassen","name":"Jakey Lake","kind":"lake","evidence_class":"statewide_default","cdfw_stocked":false,"public_fishing":"yes","follow_up_priority":"low"}},{"type":"Feature","geometry":{"type":"Point","coordinates":[-121.191401,40.506174]},"properties":{"id":"jewel-lake--lassen","name":"Jewel Lake","kind":"lake","evidence_class":"statewide_default","cdfw_stocked":true,"public_fishing":"yes","follow_up_priority":"low"}},{"type":"Feature","geometry":{"type":"Point","coordinates":[-121.309744,40.453319]},"properties":{"id":"juniper-lake--lassen","name":"Juniper Lake","kind":"lake","evidence_class":"site_verified","cdfw_stocked":false,"public_fishing":"restricted","follow_up_priority":null}},{"type":"Feature","geometry":{"type":"Point","coordinates":[-121.20669,40.463758]},"properties":{"id":"long-lake-caribou--lassen","name":"Long Lake (Caribou)","kind":"lake","evidence_class":"statewide_default","cdfw_stocked":true,"public_fishing":"yes","follow_up_priority":"low"}},{"type":"Feature","geometry":{"type":"Point","coordinates":[-120.954464,40.468665]},"properties":{"id":"mccoy-flat-reservoir--lassen","name":"McCoy Flat Reservoir","kind":"lake","evidence_class":"statewide_default","cdfw_stocked":true,"public_fishing":"yes","follow_up_priority":null}},{"type":"Feature","geometry":{"type":"Point","coordinates":[-120.960447,40.269681]},"properties":{"id":"mountain-meadows-reservoir--lassen","name":"Mountain Meadows Reservoir","kind":"lake","evidence_class":"statewide_default","cdfw_stocked":true,"public_fishing":"yes","follow_up_priority":"high"}},{"type":"Feature","geometry":{"type":"Point","coordinates":[-120.554987,41.11026]},"properties":{"id":"nelson-corral-reservoir--lassen","name":"Nelson Corral Reservoir","kind":"lake","evidence_class":"statewide_default","cdfw_stocked":true,"public_fishing":"yes","follow_up_priority":null}},{"type":"Feature","geometry":{"type":"Point","coordinates":[-121.205147,40.495646]},"properties":{"id":"north-divide-lake--lassen","name":"North Divide Lake","kind":"lake","evidence_class":"statewide_default","cdfw_stocked":false,"public_fishing":"yes","follow_up_priority":"low"}},{"type":"Feature","geometry":{"type":"Point","coordinates":[-121.216972,40.457636]},"properties":{"id":"posey-lake--lassen","name":"Posey Lake","kind":"lake","evidence_class":"statewide_default","cdfw_stocked":true,"public_fishing":"yes","follow_up_priority":"low"}},{"type":"Feature","geometry":{"type":"Point","coordinates":[-121.186202,40.492773]},"properties":{"id":"rim-lake--lassen","name":"Rim Lake","kind":"lake","evidence_class":"statewide_default","cdfw_stocked":true,"public_fishing":"yes","follow_up_priority":"low"}},{"type":"Feature","geometry":{"type":"Point","coordinates":[-120.016631,40.89826]},"properties":{"id":"round-corral-reservoir--lassen","name":"Round Corral Reservoir","kind":"lake","evidence_class":"statewide_default","cdfw_stocked":true,"public_fishing":"yes","follow_up_priority":null}},{"type":"Feature","geometry":{"type":"Point","coordinates":[-121.145012,40.481347]},"properties":{"id":"shotoverin-lake--lassen","name":"Shotoverin Lake","kind":"lake","evidence_class":"statewide_default","cdfw_stocked":true,"public_fishing":"yes","follow_up_priority":"low"}},{"type":"Feature","geometry":{"type":"Point","coordinates":[-119.125085,37.77757]},"properties":{"id":"silver-lake-lassen--lassen","name":"Silver Lake (Lassen)","kind":"lake","evidence_class":"statewide_default","cdfw_stocked":true,"public_fishing":"yes","follow_up_priority":"low"}},{"type":"Feature","geometry":{"type":"Point","coordinates":[-120.48995,41.123809]},"properties":{"id":"smith-flat-reservoir--lassen","name":"Smith Flat Reservoir","kind":"lake","evidence_class":"statewide_default","cdfw_stocked":true,"public_fishing":"yes","follow_up_priority":null}},{"type":"Feature","geometry":{"type":"Point","coordinates":[-121.309773,40.513645]},"properties":{"id":"snag-lake--lassen","name":"Snag Lake","kind":"lake","evidence_class":"site_verified","cdfw_stocked":false,"public_fishing":"yes","follow_up_priority":null}},{"type":"Feature","geometry":{"type":"Point","coordinates":[-121.209143,40.491835]},"properties":{"id":"south-divide-lake--lassen","name":"South Divide Lake","kind":"lake","evidence_class":"statewide_default","cdfw_stocked":false,"public_fishing":"yes","follow_up_priority":"low"}},{"type":"Feature","geometry":{"type":"Point","coordinates":[-121.151689,40.478518]},"properties":{"id":"trail-lake--lassen","name":"Trail Lake","kind":"lake","evidence_class":"statewide_default","cdfw_stocked":true,"public_fishing":"yes","follow_up_priority":"low"}},{"type":"Feature","geometry":{"type":"Point","coordinates":[-121.218616,40.527131]},"properties":{"id":"triangle-lake--lassen","name":"Triangle Lake","kind":"lake","evidence_class":"statewide_default","cdfw_stocked":true,"public_fishing":"yes","follow_up_priority":"low"}},{"type":"Feature","geometry":{"type":"Point","coordinates":[-121.213661,40.512698]},"properties":{"id":"turnaround-lake--lassen","name":"Turnaround Lake","kind":"lake","evidence_class":"statewide_default","cdfw_stocked":true,"public_fishing":"yes","follow_up_priority":"low"}},{"type":"Feature","geometry":{"type":"Point","coordinates":[-121.214609,40.521297]},"properties":{"id":"twin-lakes-caribou--lassen","name":"Twin Lakes (Caribou)","kind":"lake","evidence_class":"statewide_default","cdfw_stocked":true,"public_fishing":"yes","follow_up_priority":"low"}},{"type":"Feature","geometry":{"type":"Point","coordinates":[-121.262572,40.536714]},"properties":{"id":"widow-lake--lassen","name":"Widow Lake","kind":"lake","evidence_class":"statewide_default","cdfw_stocked":false,"public_fishing":"yes","follow_up_priority":"low"}},{"type":"Feature","geometry":{"type":"Point","coordinates":[-118.334573,33.882385]},"properties":{"id":"alondra-park-lake--los-angeles","name":"Alondra Park Lake","kind":"lake","evidence_class":"site_verified","cdfw_stocked":true,"public_fishing":"yes","follow_up_priority":"high"}},{"type":"Feature","geometry":{"type":"Point","coordinates":[-118.201824,34.742352]},"properties":{"id":"apollo-community-regional-park-lake--los-angeles","name":"Apollo Community Regional Park Lake","kind":"lake","evidence_class":"site_verified","cdfw_stocked":true,"public_fishing":"yes","follow_up_priority":"high"}},{"type":"Feature","geometry":{"type":"Point","coordinates":[-118.158516,34.034757]},"properties":{"id":"belvedere-lake--los-angeles","name":"Belvedere Lake","kind":"lake","evidence_class":"site_verified","cdfw_stocked":true,"public_fishing":"yes","follow_up_priority":"high"}},{"type":"Feature","geometry":{"type":"Point","coordinates":[-117.809198,34.170807]},"properties":{"id":"big-dalton-reservoir--los-angeles","name":"Big Dalton Reservoir","kind":"lake","evidence_class":"no_fishing","cdfw_stocked":false,"public_fishing":"no","follow_up_priority":null}},{"type":"Feature","geometry":{"type":"Point","coordinates":[-118.185674,34.296815]},"properties":{"id":"big-tujunga-reservoir--los-angeles","name":"Big Tujunga Reservoir","kind":"lake","evidence_class":"no_fishing","cdfw_stocked":false,"public_fishing":"no","follow_up_priority":null}},{"type":"Feature","geometry":{"type":"Point","coordinates":[-118.38189,34.58365]},"properties":{"id":"bouquet-reservoir--los-angeles","name":"Bouquet Reservoir","kind":"lake","evidence_class":"no_fishing","cdfw_stocked":false,"public_fishing":"no","follow_up_priority":null}},{"type":"Feature","geometry":{"type":"Point","coordinates":[-117.779077,34.41429]},"properties":{"id":"caldwell-lake--los-angeles","name":"Caldwell Lake","kind":"lake","evidence_class":"statewide_default","cdfw_stocked":false,"public_fishing":"unknown","follow_up_priority":null}},{"type":"Feature","geometry":{"type":"Point","coordinates":[-118.61022,34.505411]},"properties":{"id":"castaic-lagoon--los-angeles","name":"Castaic Lagoon","kind":"lake","evidence_class":"site_verified","cdfw_stocked":true,"public_fishing":"yes","follow_up_priority":"low"}},{"type":"Feature","geometry":{"type":"Point","coordinates":[-118.620045,34.539264]},"properties":{"id":"castaic-lake--los-angeles","name":"Castaic Lake","kind":"lake","evidence_class":"site_verified","cdfw_stocked":true,"public_fishing":"yes","follow_up_priority":"low"}},{"type":"Feature","geometry":{"type":"Point","coordinates":[-118.733873,34.099525]},"properties":{"id":"century-lake--los-angeles","name":"Century Lake","kind":"lake","evidence_class":"site_verified","cdfw_stocked":false,"public_fishing":"yes","follow_up_priority":"medium"}},{"type":"Feature","geometry":{"type":"Point","coordinates":[-118.060669,33.851628]},"properties":{"id":"cerritos-lake--los-angeles","name":"Cerritos Lake","kind":"lake","evidence_class":"site_verified","cdfw_stocked":true,"public_fishing":"yes","follow_up_priority":"high"}},{"type":"Feature","geometry":{"type":"Point","coordinates":[-117.971161,34.241968]},"properties":{"id":"cogswell-reservoir--los-angeles","name":"Cogswell Reservoir","kind":"lake","evidence_class":"no_fishing","cdfw_stocked":false,"public_fishing":"no","follow_up_priority":null}},{"type":"Feature","geometry":{"type":"Point","coordinates":[-118.19091,33.881958]},"properties":{"id":"compton-hunting-fishing-club-pond--los-angeles","name":"Compton Hunting and Fishing Club Pond","kind":"lake","evidence_class":"statewide_default","cdfw_stocked":false,"public_fishing":"restricted","follow_up_priority":null}},{"type":"Feature","geometry":{"type":"Point","coordinates":[-117.847069,34.318789]},"properties":{"id":"crystal-lake--los-angeles","name":"Crystal Lake","kind":"lake","evidence_class":"site_verified","cdfw_stocked":true,"public_fishing":"yes","follow_up_priority":"low"}},{"type":"Feature","geometry":{"type":"Point","coordinates":[-118.1942,34.0925]},"properties":{"id":"debs-lake--los-angeles","name":"Debs Lake","kind":"lake","evidence_class":"statewide_default","cdfw_stocked":false,"public_fishing":"no","follow_up_priority":"high"}},{"type":"Feature","geometry":{"type":"Point","coordinates":[-118.451337,33.961345]},"properties":{"id":"del-rey-lagoon--los-angeles","name":"Del Rey Lagoon","kind":"lake","evidence_class":"statewide_default","cdfw_stocked":false,"public_fishing":"no","follow_up_priority":"high"}},{"type":"Feature","geometry":{"type":"Point","coordinates":[-118.101217,33.935797]},"properties":{"id":"downey-wilderness-park-lake--los-angeles","name":"Downey Wilderness Park Lake","kind":"lake","evidence_class":"statewide_default","cdfw_stocked":true,"public_fishing":"yes","follow_up_priority":null}},{"type":"Feature","geometry":{"type":"Point","coordinates":[-118.260623,34.072916]},"properties":{"id":"echo-park-lake--los-angeles","name":"Echo Park Lake","kind":"lake","evidence_class":"statewide_default","cdfw_stocked":true,"public_fishing":"restricted","follow_up_priority":"high"}},{"type":"Feature","geometry":{"type":"Point","coordinates":[-118.08443,33.82049]},"properties":{"id":"el-dorado-park-lakes--los-angeles","name":"El Dorado Park Lakes","kind":"lake","evidence_class":"site_verified","cdfw_stocked":true,"public_fishing":"yes","follow_up_priority":"low"}},{"type":"Feature","geometry":{"type":"Point","coordinates":[-118.637798,34.571911]},"properties":{"id":"elderberry-forebay--los-angeles","name":"Elderberry Forebay","kind":"lake","evidence_class":"no_fishing","cdfw_stocked":false,"public_fishing":"no","follow_up_priority":null}},{"type":"Feature","geometry":{"type":"Point","coordinates":[-118.396666,34.665234]},"properties":{"id":"elizabeth-lake--los-angeles","name":"Elizabeth Lake","kind":"lake","evidence_class":"site_verified","cdfw_stocked":true,"public_fishing":"yes","follow_up_priority":"low"}},{"type":"Feature","geometry":{"type":"Point","coordinates":[-118.514096,34.144952]},"properties":{"id":"encino-reservoir--los-angeles","name":"Encino Reservoir","kind":"lake","evidence_class":"no_fishing","cdfw_stocked":false,"public_fishing":"no","follow_up_priority":null}},{"type":"Feature","geometry":{"type":"Point","coordinates":[-118.433256,34.707284]},"properties":{"id":"fairmont-reservoir--los-angeles","name":"Fairmont Reservoir","kind":"lake","evidence_class":"no_fishing","cdfw_stocked":false,"public_fishing":"no","follow_up_priority":null}},{"type":"Feature","geometry":{"type":"Point","coordinates":[-118.410115,34.120438]},"properties":{"id":"franklin-canyon-lake--los-angeles","name":"Franklin Canyon Lake","kind":"lake","evidence_class":"unknown","cdfw_stocked":false,"public_fishing":"unknown","follow_up_priority":"high"}},{"type":"Feature","geometry":{"type":"Point","coordinates":[-118.116335,34.049454]},"properties":{"id":"garvey-reservoir--los-angeles","name":"Garvey Reservoir","kind":"lake","evidence_class":"no_fishing","cdfw_stocked":false,"public_fishing":"no","follow_up_priority":null}},{"type":"Feature","geometry":{"type":"Point","coordinates":[-118.385371,34.260563]},"properties":{"id":"hansen-dam-lake--los-angeles","name":"Hansen Dam Lake","kind":"lake","evidence_class":"statewide_default","cdfw_stocked":true,"public_fishing":"yes","follow_up_priority":"low"}},{"type":"Feature","geometry":{"type":"Point","coordinates":[-118.119933,33.83056]},"properties":{"id":"heartwell-park-pond--los-angeles","name":"Heartwell Park Pond","kind":"lake","evidence_class":"statewide_default","cdfw_stocked":false,"public_fishing":"yes","follow_up_priority":"high"}},{"type":"Feature","geometry":{"type":"Point","coordinates":[-118.547149,34.70875]},"properties":{"id":"hidden-lake--los-angeles","name":"Hidden Lake","kind":"lake","evidence_class":"statewide_default","cdfw_stocked":false,"public_fishing":"unknown","follow_up_priority":null}},{"type":"Feature","geometry":{"type":"Point","coordinates":[-118.57541,34.799755]},"properties":{"id":"holiday-lake--los-angeles","name":"Holiday Lake","kind":"lake","evidence_class":"statewide_default","cdfw_stocked":false,"public_fishing":"unknown","follow_up_priority":null}},{"type":"Feature","geometry":{"type":"Point","coordinates":[-118.218,34.040269]},"properties":{"id":"hollenbeck-park-lake--los-angeles","name":"Hollenbeck Park Lake","kind":"lake","evidence_class":"statewide_default","cdfw_stocked":true,"public_fishing":"yes","follow_up_priority":"high"}},{"type":"Feature","geometry":{"type":"Point","coordinates":[-118.3317,34.1211]},"properties":{"id":"hollywood-reservoir--los-angeles","name":"Hollywood Reservoir","kind":"lake","evidence_class":"no_fishing","cdfw_stocked":false,"public_fishing":"no","follow_up_priority":null}},{"type":"Feature","geometry":{"type":"Point","coordinates":[-118.446404,34.675442]},"properties":{"id":"hughes-lake--los-angeles","name":"Hughes Lake","kind":"lake","evidence_class":"statewide_default","cdfw_stocked":false,"public_fishing":"unknown","follow_up_priority":null}},{"type":"Feature","geometry":{"type":"Point","coordinates":[-117.726327,34.392175]},"properties":{"id":"jackson-lake--los-angeles","name":"Jackson Lake","kind":"lake","evidence_class":"site_verified","cdfw_stocked":true,"public_fishing":"yes","follow_up_priority":"low"}},{"type":"Feature","geometry":{"type":"Point","coordinates":[-118.1513,33.9577]},"properties":{"id":"john-anson-ford-park-lake--los-angeles","name":"John Anson Ford Park Lake","kind":"lake","evidence_class":"statewide_default","cdfw_stocked":true,"public_fishing":"yes","follow_up_priority":"high"}},{"type":"Feature","geometry":{"type":"Point","coordinates":[-118.3641631,34.0078314]},"properties":{"id":"kenneth-hahn-lake--los-angeles","name":"Kenneth Hahn Lake","kind":"lake","evidence_class":"site_verified","cdfw_stocked":true,"public_fishing":"yes","follow_up_priority":"low"}},{"type":"Feature","geometry":{"type":"Point","coordinates":[-118.0067,33.9037]},"properties":{"id":"la-mirada-lake--los-angeles","name":"La Mirada Lake","kind":"lake","evidence_class":"site_verified","cdfw_stocked":true,"public_fishing":"yes","follow_up_priority":"high"}},{"type":"Feature","geometry":{"type":"Point","coordinates":[-118.495149,34.181276]},"properties":{"id":"lake-balboa--los-angeles","name":"Lake Balboa","kind":"lake","evidence_class":"statewide_default","cdfw_stocked":false,"public_fishing":"yes","follow_up_priority":"high"}},{"type":"Feature","geometry":{"type":"Point","coordinates":[-118.789898,34.148362]},"properties":{"id":"lake-lindero--los-angeles","name":"Lake Lindero","kind":"lake","evidence_class":"statewide_default","cdfw_stocked":false,"public_fishing":"restricted","follow_up_priority":null}},{"type":"Feature","geometry":{"type":"Point","coordinates":[-118.120925,34.551456]},"properties":{"id":"lake-palmdale--los-angeles","name":"Lake Palmdale","kind":"lake","evidence_class":"unknown","cdfw_stocked":false,"public_fishing":"restricted","follow_up_priority":"high"}},{"type":"Feature","geometry":{"type":"Point","coordinates":[-118.058859,34.033015]},"properties":{"id":"legg-lakes--los-angeles","name":"Legg Lakes","kind":"lake","evidence_class":"site_verified","cdfw_stocked":true,"public_fishing":"yes","follow_up_priority":"low"}},{"type":"Feature","geometry":{"type":"Point","coordinates":[-118.202608,34.066228]},"properties":{"id":"lincoln-park-lake--los-angeles","name":"Lincoln Park Lake","kind":"lake","evidence_class":"statewide_default","cdfw_stocked":true,"public_fishing":"yes","follow_up_priority":"high"}},{"type":"Feature","geometry":{"type":"Point","coordinates":[-118.022759,34.4791]},"properties":{"id":"littlerock-reservoir--los-angeles","name":"Littlerock Reservoir","kind":"lake","evidence_class":"site_verified","cdfw_stocked":false,"public_fishing":"no","follow_up_priority":"high"}},{"type":"Feature","geometry":{"type":"Point","coordinates":[-118.491486,34.303339]},"properties":{"id":"los-angeles-reservoir-van-norman-complex--los-angeles","name":"Los Angeles Reservoir (Van Norman Complex)","kind":"lake","evidence_class":"no_fishing","cdfw_stocked":false,"public_fishing":"no","follow_up_priority":null}},{"type":"Feature","geometry":{"type":"Point","coordinates":[-118.277911,34.058352]},"properties":{"id":"macarthur-park-lake--los-angeles","name":"MacArthur Park Lake","kind":"lake","evidence_class":"statewide_default","cdfw_stocked":true,"public_fishing":"yes","follow_up_priority":"high"}},{"type":"Feature","geometry":{"type":"Point","coordinates":[-118.293551,33.785424]},"properties":{"id":"machado-lake--los-angeles","name":"Machado Lake","kind":"lake","evidence_class":"site_verified","cdfw_stocked":false,"public_fishing":"yes","follow_up_priority":"high"}},{"type":"Feature","geometry":{"type":"Point","coordinates":[-118.258945,33.922023]},"properties":{"id":"magic-johnson-lake--los-angeles","name":"Magic Johnson Lake","kind":"lake","evidence_class":"site_verified","cdfw_stocked":true,"public_fishing":"yes","follow_up_priority":"high"}},{"type":"Feature","geometry":{"type":"Point","coordinates":[-118.756526,34.107084]},"properties":{"id":"malibou-lake--los-angeles","name":"Malibou Lake","kind":"lake","evidence_class":"unknown","cdfw_stocked":false,"public_fishing":"no","follow_up_priority":"high"}},{"type":"Feature","geometry":{"type":"Point","coordinates":[-118.440326,33.353104]},"properties":{"id":"middle-ranch-reservoir--los-angeles","name":"Middle Ranch Reservoir","kind":"lake","evidence_class":"no_fishing","cdfw_stocked":false,"public_fishing":"no","follow_up_priority":null}},{"type":"Feature","geometry":{"type":"Point","coordinates":[-117.8703,34.1839]},"properties":{"id":"morris-reservoir--los-angeles","name":"Morris Reservoir","kind":"lake","evidence_class":"no_fishing","cdfw_stocked":false,"public_fishing":"no","follow_up_priority":null}},{"type":"Feature","geometry":{"type":"Point","coordinates":[-118.43264,34.672648]},"properties":{"id":"munz-lakes--los-angeles","name":"Munz Lakes","kind":"lake","evidence_class":"statewide_default","cdfw_stocked":false,"public_fishing":"unknown","follow_up_priority":null}},{"type":"Feature","geometry":{"type":"Point","coordinates":[-118.39394,34.339011]},"properties":{"id":"pacoima-reservoir--los-angeles","name":"Pacoima Reservoir","kind":"lake","evidence_class":"no_fishing","cdfw_stocked":false,"public_fishing":"no","follow_up_priority":null}},{"type":"Feature","geometry":{"type":"Point","coordinates":[-118.322886,33.772379]},"properties":{"id":"palos-verdes-reservoir--los-angeles","name":"Palos Verdes Reservoir","kind":"lake","evidence_class":"no_fishing","cdfw_stocked":false,"public_fishing":"no","follow_up_priority":null}},{"type":"Feature","geometry":{"type":"Point","coordinates":[-118.01637,34.09902]},"properties":{"id":"peck-road-park-lake--los-angeles","name":"Peck Road Park Lake","kind":"lake","evidence_class":"site_verified","cdfw_stocked":true,"public_fishing":"yes","follow_up_priority":"high"}},{"type":"Feature","geometry":{"type":"Point","coordinates":[-117.804404,34.086993]},"properties":{"id":"puddingstone-reservoir--los-angeles","name":"Puddingstone Reservoir","kind":"lake","evidence_class":"site_verified","cdfw_stocked":true,"public_fishing":"yes","follow_up_priority":"low"}},{"type":"Feature","geometry":{"type":"Point","coordinates":[-118.775974,34.657528]},"properties":{"id":"pyramid-lake--los-angeles","name":"Pyramid Lake","kind":"lake","evidence_class":"site_verified","cdfw_stocked":true,"public_fishing":"yes","follow_up_priority":null}},{"type":"Feature","geometry":{"type":"Point","coordinates":[-118.74651,34.77203]},"properties":{"id":"quail-lake--los-angeles","name":"Quail Lake","kind":"lake","evidence_class":"statewide_default","cdfw_stocked":false,"public_fishing":"yes","follow_up_priority":"medium"}},{"type":"Feature","geometry":{"type":"Point","coordinates":[-118.534441,34.188723]},"properties":{"id":"reseda-park-lake--los-angeles","name":"Reseda Park Lake","kind":"lake","evidence_class":"statewide_default","cdfw_stocked":true,"public_fishing":"yes","follow_up_priority":"high"}},{"type":"Feature","geometry":{"type":"Point","coordinates":[-117.773214,34.157065]},"properties":{"id":"san-dimas-reservoir--los-angeles","name":"San Dimas Reservoir","kind":"lake","evidence_class":"no_fishing","cdfw_stocked":false,"public_fishing":"no","follow_up_priority":null}},{"type":"Feature","geometry":{"type":"Point","coordinates":[-117.846506,34.223639]},"properties":{"id":"san-gabriel-reservoir--los-angeles","name":"San Gabriel Reservoir","kind":"lake","evidence_class":"no_fishing","cdfw_stocked":false,"public_fishing":"no","follow_up_priority":null}},{"type":"Feature","geometry":{"type":"Point","coordinates":[-117.946135,34.111563]},"properties":{"id":"santa-fe-reservoir--los-angeles","name":"Santa Fe Reservoir","kind":"lake","evidence_class":"site_verified","cdfw_stocked":true,"public_fishing":"yes","follow_up_priority":"low"}},{"type":"Feature","geometry":{"type":"Point","coordinates":[-118.264339,34.097479]},"properties":{"id":"silver-lake-reservoir--los-angeles","name":"Silver Lake Reservoir","kind":"lake","evidence_class":"no_fishing","cdfw_stocked":false,"public_fishing":"no","follow_up_priority":null}},{"type":"Feature","geometry":{"type":"Point","coordinates":[-118.454198,34.111033]},"properties":{"id":"stone-canyon-reservoir--los-angeles","name":"Stone Canyon Reservoir","kind":"lake","evidence_class":"no_fishing","cdfw_stocked":false,"public_fishing":"no","follow_up_priority":null}},{"type":"Feature","geometry":{"type":"Point","coordinates":[-118.34885,34.14652]},"properties":{"id":"toluca-lake--los-angeles","name":"Toluca Lake","kind":"lake","evidence_class":"no_fishing","cdfw_stocked":false,"public_fishing":"no","follow_up_priority":null}},{"type":"Feature","geometry":{"type":"Point","coordinates":[-118.567605,34.730736]},"properties":{"id":"tweedy-lake--los-angeles","name":"Tweedy Lake","kind":"lake","evidence_class":"no_fishing","cdfw_stocked":false,"public_fishing":"no","follow_up_priority":null}},{"type":"Feature","geometry":{"type":"Point","coordinates":[-118.111484,34.550237]},"properties":{"id":"una-lake--los-angeles","name":"Una Lake","kind":"lake","evidence_class":"statewide_default","cdfw_stocked":false,"public_fishing":"unknown","follow_up_priority":null}},{"type":"Feature","geometry":{"type":"Point","coordinates":[-118.828676,34.140325]},"properties":{"id":"westlake-lake--los-angeles","name":"Westlake Lake","kind":"lake","evidence_class":"site_verified","cdfw_stocked":false,"public_fishing":"restricted","follow_up_priority":null}},{"type":"Feature","geometry":{"type":"Point","coordinates":[-119.14519,37.71243]},"properties":{"id":"altha-lake--madera","name":"Altha Lake","kind":"lake","evidence_class":"statewide_default","cdfw_stocked":true,"public_fishing":"yes","follow_up_priority":null}},{"type":"Feature","geometry":{"type":"Point","coordinates":[-119.36623,37.60001]},"properties":{"id":"anne-lake--madera","name":"Anne Lake","kind":"lake","evidence_class":"statewide_default","cdfw_stocked":true,"public_fishing":"yes","follow_up_priority":null}},{"type":"Feature","geometry":{"type":"Point","coordinates":[-119.55111,37.31188]},"properties":{"id":"bass-lake--madera","name":"Bass Lake","kind":"lake","evidence_class":"statewide_default","cdfw_stocked":true,"public_fishing":"yes","follow_up_priority":"low"}},{"type":"Feature","geometry":{"type":"Point","coordinates":[-119.2824,37.67995]},"properties":{"id":"blue-lake--madera","name":"Blue Lake","kind":"lake","evidence_class":"statewide_default","cdfw_stocked":true,"public_fishing":"yes","follow_up_priority":null}},{"type":"Feature","geometry":{"type":"Point","coordinates":[-119.517,37.60001]},"properties":{"id":"buena-vista-lake--madera","name":"Buena Vista Lake","kind":"lake","evidence_class":"statewide_default","cdfw_stocked":false,"public_fishing":"yes","follow_up_priority":null}},{"type":"Feature","geometry":{"type":"Point","coordinates":[-119.48033,37.4109]},"properties":{"id":"chilkoot-lake--madera","name":"Chilkoot Lake","kind":"lake","evidence_class":"statewide_default","cdfw_stocked":false,"public_fishing":"yes","follow_up_priority":null}},{"type":"Feature","geometry":{"type":"Point","coordinates":[-119.53533,37.59892]},"properties":{"id":"chilnualna-lakes--madera","name":"Chilnualna Lakes","kind":"lake","evidence_class":"statewide_default","cdfw_stocked":false,"public_fishing":"yes","follow_up_priority":null}},{"type":"Feature","geometry":{"type":"Point","coordinates":[-119.49596,37.15942]},"properties":{"id":"corrine-lake--madera","name":"Corrine Lake","kind":"lake","evidence_class":"statewide_default","cdfw_stocked":true,"public_fishing":"yes","follow_up_priority":null}},{"type":"Feature","geometry":{"type":"Point","coordinates":[-119.53358,37.56453]},"properties":{"id":"crescent-lake--madera","name":"Crescent Lake","kind":"lake","evidence_class":"statewide_default","cdfw_stocked":false,"public_fishing":"yes","follow_up_priority":null}},{"type":"Feature","geometry":{"type":"Point","coordinates":[-119.16656,37.68513]},"properties":{"id":"ediza-lake--madera","name":"Ediza Lake","kind":"lake","evidence_class":"statewide_default","cdfw_stocked":false,"public_fishing":"yes","follow_up_priority":null}},{"type":"Feature","geometry":{"type":"Point","coordinates":[-119.16262,37.70902]},"properties":{"id":"garnet-lake--madera","name":"Garnet Lake","kind":"lake","evidence_class":"statewide_default","cdfw_stocked":true,"public_fishing":"yes","follow_up_priority":null}},{"type":"Feature","geometry":{"type":"Point","coordinates":[-119.11842,37.68233]},"properties":{"id":"gladys-lake--madera","name":"Gladys Lake","kind":"lake","evidence_class":"statewide_default","cdfw_stocked":true,"public_fishing":"yes","follow_up_priority":null}},{"type":"Feature","geometry":{"type":"Point","coordinates":[-119.48369,37.48526]},"properties":{"id":"grizzly-lake--madera","name":"Grizzly Lake","kind":"lake","evidence_class":"statewide_default","cdfw_stocked":true,"public_fishing":"yes","follow_up_priority":null}},{"type":"Feature","geometry":{"type":"Point","coordinates":[-119.8949,37.1154]},"properties":{"id":"hensley-lake--madera","name":"Hensley Lake","kind":"lake","evidence_class":"statewide_default","cdfw_stocked":true,"public_fishing":"yes","follow_up_priority":null}},{"type":"Feature","geometry":{"type":"Point","coordinates":[-119.31457,37.62535]},"properties":{"id":"joe-crane-lake--madera","name":"Joe Crane Lake","kind":"lake","evidence_class":"statewide_default","cdfw_stocked":true,"public_fishing":"yes","follow_up_priority":null}},{"type":"Feature","geometry":{"type":"Point","coordinates":[-119.51717,37.56797]},"properties":{"id":"johnson-lake--madera","name":"Johnson Lake","kind":"lake","evidence_class":"statewide_default","cdfw_stocked":false,"public_fishing":"yes","follow_up_priority":null}},{"type":"Feature","geometry":{"type":"Point","coordinates":[-119.49704,37.49488]},"properties":{"id":"junction-lake--madera","name":"Junction Lake","kind":"lake","evidence_class":"statewide_default","cdfw_stocked":true,"public_fishing":"yes","follow_up_priority":null}},{"type":"Feature","geometry":{"type":"Point","coordinates":[-119.51469,37.14742]},"properties":{"id":"kerckhoff-lake--madera","name":"Kerckhoff Lake","kind":"lake","evidence_class":"statewide_default","cdfw_stocked":false,"public_fishing":"yes","follow_up_priority":"medium"}},{"type":"Feature","geometry":{"type":"Point","coordinates":[-119.13818,37.70561]},"properties":{"id":"laura-lake--madera","name":"Laura Lake","kind":"lake","evidence_class":"statewide_default","cdfw_stocked":true,"public_fishing":"yes","follow_up_priority":null}},{"type":"Feature","geometry":{"type":"Point","coordinates":[-119.36476,37.56289]},"properties":{"id":"lillian-lake--madera","name":"Lillian Lake","kind":"lake","evidence_class":"statewide_default","cdfw_stocked":true,"public_fishing":"yes","follow_up_priority":null}},{"type":"Feature","geometry":{"type":"Point","coordinates":[-119.31267,37.64849]},"properties":{"id":"lower-isberg-lake--madera","name":"Lower Isberg Lake","kind":"lake","evidence_class":"statewide_default","cdfw_stocked":true,"public_fishing":"yes","follow_up_priority":null}},{"type":"Feature","geometry":{"type":"Point","coordinates":[-119.35496,37.52697]},"properties":{"id":"lower-jackass-lake--madera","name":"Lower Jackass Lake","kind":"lake","evidence_class":"statewide_default","cdfw_stocked":true,"public_fishing":"yes","follow_up_priority":null}},{"type":"Feature","geometry":{"type":"Point","coordinates":[-119.54604,37.51369]},"properties":{"id":"lower-star-lake--madera","name":"Lower Star Lake","kind":"lake","evidence_class":"statewide_default","cdfw_stocked":true,"public_fishing":"yes","follow_up_priority":null}},{"type":"Feature","geometry":{"type":"Point","coordinates":[-119.51738,37.24541]},"properties":{"id":"manzanita-lake--madera","name":"Manzanita Lake","kind":"lake","evidence_class":"statewide_default","cdfw_stocked":true,"public_fishing":"yes","follow_up_priority":null}},{"type":"Feature","geometry":{"type":"Point","coordinates":[-119.27125,37.59551]},"properties":{"id":"middle-cora-lake--madera","name":"Middle Cora Lake","kind":"lake","evidence_class":"statewide_default","cdfw_stocked":true,"public_fishing":"yes","follow_up_priority":null}},{"type":"Feature","geometry":{"type":"Point","coordinates":[-119.37485,37.58251]},"properties":{"id":"middle-fernandez-lake--madera","name":"Middle Fernandez Lake","kind":"lake","evidence_class":"statewide_default","cdfw_stocked":true,"public_fishing":"yes","follow_up_priority":null}},{"type":"Feature","geometry":{"type":"Point","coordinates":[-119.15844,37.65992]},"properties":{"id":"minaret-lake--madera","name":"Minaret Lake","kind":"lake","evidence_class":"statewide_default","cdfw_stocked":false,"public_fishing":"yes","follow_up_priority":null}},{"type":"Feature","geometry":{"type":"Point","coordinates":[-119.36144,37.57902]},"properties":{"id":"monument-lake--madera","name":"Monument Lake","kind":"lake","evidence_class":"statewide_default","cdfw_stocked":true,"public_fishing":"yes","follow_up_priority":null}},{"type":"Feature","geometry":{"type":"Point","coordinates":[-119.33904,37.52723]},"properties":{"id":"norris-lake--madera","name":"Norris Lake","kind":"lake","evidence_class":"statewide_default","cdfw_stocked":true,"public_fishing":"yes","follow_up_priority":null}},{"type":"Feature","geometry":{"type":"Point","coordinates":[-119.41886,37.64323]},"properties":{"id":"ottoway-lakes--madera","name":"Ottoway Lakes","kind":"lake","evidence_class":"statewide_default","cdfw_stocked":false,"public_fishing":"yes","follow_up_priority":null}},{"type":"Feature","geometry":{"type":"Point","coordinates":[-119.36774,37.57759]},"properties":{"id":"rainbow-lake--madera","name":"Rainbow Lake","kind":"lake","evidence_class":"statewide_default","cdfw_stocked":true,"public_fishing":"yes","follow_up_priority":null}},{"type":"Feature","geometry":{"type":"Point","coordinates":[-119.43431,37.14868]},"properties":{"id":"redinger-lake--madera","name":"Redinger Lake","kind":"lake","evidence_class":"statewide_default","cdfw_stocked":true,"public_fishing":"yes","follow_up_priority":"high"}},{"type":"Feature","geometry":{"type":"Point","coordinates":[-119.05671,37.63955]},"properties":{"id":"reds-lake--madera","name":"Reds Lake","kind":"lake","evidence_class":"statewide_default","cdfw_stocked":true,"public_fishing":"yes","follow_up_priority":null}},{"type":"Feature","geometry":{"type":"Point","coordinates":[-119.28028,37.66934]},"properties":{"id":"rockbound-lake--madera","name":"Rockbound Lake","kind":"lake","evidence_class":"statewide_default","cdfw_stocked":true,"public_fishing":"yes","follow_up_priority":null}},{"type":"Feature","geometry":{"type":"Point","coordinates":[-119.12307,37.68687]},"properties":{"id":"rosalie-lake--madera","name":"Rosalie Lake","kind":"lake","evidence_class":"statewide_default","cdfw_stocked":true,"public_fishing":"yes","follow_up_priority":null}},{"type":"Feature","geometry":{"type":"Point","coordinates":[-119.5031,37.57792]},"properties":{"id":"royal-arch-lake--madera","name":"Royal Arch Lake","kind":"lake","evidence_class":"statewide_default","cdfw_stocked":false,"public_fishing":"yes","follow_up_priority":null}},{"type":"Feature","geometry":{"type":"Point","coordinates":[-119.16103,37.72118]},"properties":{"id":"ruby-lake--madera","name":"Ruby Lake","kind":"lake","evidence_class":"statewide_default","cdfw_stocked":true,"public_fishing":"yes","follow_up_priority":null}},{"type":"Feature","geometry":{"type":"Point","coordinates":[-119.13214,37.694]},"properties":{"id":"shadow-lake--madera","name":"Shadow Lake","kind":"lake","evidence_class":"statewide_default","cdfw_stocked":true,"public_fishing":"yes","follow_up_priority":null}},{"type":"Feature","geometry":{"type":"Point","coordinates":[-119.0767,37.6273]},"properties":{"id":"sotcher-lake--madera","name":"Sotcher Lake","kind":"lake","evidence_class":"statewide_default","cdfw_stocked":true,"public_fishing":"yes","follow_up_priority":"low"}},{"type":"Feature","geometry":{"type":"Point","coordinates":[-119.07381,37.66293]},"properties":{"id":"starkweather-lake--madera","name":"Starkweather Lake","kind":"lake","evidence_class":"statewide_default","cdfw_stocked":true,"public_fishing":"yes","follow_up_priority":"low"}},{"type":"Feature","geometry":{"type":"Point","coordinates":[-119.82626269,36.85161799]},"properties":{"id":"sycamore-island-pond--madera","name":"Sycamore Island Pond","kind":"lake","evidence_class":"statewide_default","cdfw_stocked":true,"public_fishing":"yes","follow_up_priority":"low"}},{"type":"Feature","geometry":{"type":"Point","coordinates":[-119.18334,37.72088]},"properties":{"id":"thousand-island-lake--madera","name":"Thousand Island Lake","kind":"lake","evidence_class":"statewide_default","cdfw_stocked":false,"public_fishing":"yes","follow_up_priority":null}},{"type":"Feature","geometry":{"type":"Point","coordinates":[-119.35281,37.54895]},"properties":{"id":"vandeberg-lake--madera","name":"Vandeberg Lake","kind":"lake","evidence_class":"statewide_default","cdfw_stocked":true,"public_fishing":"yes","follow_up_priority":null}},{"type":"Feature","geometry":{"type":"Point","coordinates":[-119.37204,37.71512]},"properties":{"id":"washburn-lake--madera","name":"Washburn Lake","kind":"lake","evidence_class":"statewide_default","cdfw_stocked":false,"public_fishing":"yes","follow_up_priority":null}},{"type":"Feature","geometry":{"type":"Point","coordinates":[-122.953331,38.117423]},"properties":{"id":"abbotts-lagoon--marin","name":"Abbotts Lagoon","kind":"lake","evidence_class":"site_verified","cdfw_stocked":false,"public_fishing":"yes","follow_up_priority":"low"}},{"type":"Feature","geometry":{"type":"Point","coordinates":[-122.627603,37.948898]},"properties":{"id":"alpine-lake--marin","name":"Alpine Lake","kind":"lake","evidence_class":"site_verified","cdfw_stocked":false,"public_fishing":"yes","follow_up_priority":null}},{"type":"Feature","geometry":{"type":"Point","coordinates":[-122.764191,37.950698]},"properties":{"id":"bass-lake--marin","name":"Bass Lake","kind":"lake","evidence_class":"site_verified","cdfw_stocked":false,"public_fishing":"yes","follow_up_priority":null}},{"type":"Feature","geometry":{"type":"Point","coordinates":[-122.606,37.953594]},"properties":{"id":"bon-tempe-lake--marin","name":"Bon Tempe Lake","kind":"lake","evidence_class":"site_verified","cdfw_stocked":true,"public_fishing":"yes","follow_up_priority":null}},{"type":"Feature","geometry":{"type":"Point","coordinates":[-122.5291,37.9982]},"properties":{"id":"civic-center-lagoon--marin","name":"Civic Center Lagoon","kind":"lake","evidence_class":"statewide_default","cdfw_stocked":false,"public_fishing":"yes","follow_up_priority":"high"}},{"type":"Feature","geometry":{"type":"Point","coordinates":[-122.770574,37.955418]},"properties":{"id":"crystal-lake--marin","name":"Crystal Lake","kind":"lake","evidence_class":"site_verified","cdfw_stocked":false,"public_fishing":"yes","follow_up_priority":null}},{"type":"Feature","geometry":{"type":"Point","coordinates":[-122.6935,37.983726]},"properties":{"id":"kent-lake--marin","name":"Kent Lake","kind":"lake","evidence_class":"site_verified","cdfw_stocked":false,"public_fishing":"yes","follow_up_priority":null}},{"type":"Feature","geometry":{"type":"Point","coordinates":[-122.595394,37.94633]},"properties":{"id":"lake-lagunitas--marin","name":"Lake Lagunitas","kind":"lake","evidence_class":"site_verified","cdfw_stocked":true,"public_fishing":"yes","follow_up_priority":null}},{"type":"Feature","geometry":{"type":"Point","coordinates":[-122.730065,38.076695]},"properties":{"id":"nicasio-reservoir--marin","name":"Nicasio Reservoir","kind":"lake","evidence_class":"site_verified","cdfw_stocked":false,"public_fishing":"yes","follow_up_priority":null}},{"type":"Feature","geometry":{"type":"Point","coordinates":[-122.775292,37.950182]},"properties":{"id":"pelican-lake--marin","name":"Pelican Lake","kind":"lake","evidence_class":"site_verified","cdfw_stocked":false,"public_fishing":"yes","follow_up_priority":null}},{"type":"Feature","geometry":{"type":"Point","coordinates":[-122.577218,37.954981]},"properties":{"id":"phoenix-lake--marin","name":"Phoenix Lake","kind":"lake","evidence_class":"site_verified","cdfw_stocked":false,"public_fishing":"yes","follow_up_priority":null}},{"type":"Feature","geometry":{"type":"Point","coordinates":[-122.531392,37.830771]},"properties":{"id":"rodeo-lagoon--marin","name":"Rodeo Lagoon","kind":"lake","evidence_class":"site_verified","cdfw_stocked":false,"public_fishing":"no","follow_up_priority":"low"}},{"type":"Feature","geometry":{"type":"Point","coordinates":[-122.559445,38.089928]},"properties":{"id":"scottsdale-pond--marin","name":"Scottsdale Pond","kind":"lake","evidence_class":"statewide_default","cdfw_stocked":true,"public_fishing":"yes","follow_up_priority":null}},{"type":"Feature","geometry":{"type":"Point","coordinates":[-122.778694,38.14813]},"properties":{"id":"soulajule-reservoir--marin","name":"Soulajule Reservoir","kind":"lake","evidence_class":"site_verified","cdfw_stocked":false,"public_fishing":"yes","follow_up_priority":null}},{"type":"Feature","geometry":{"type":"Point","coordinates":[-122.645185,38.115038]},"properties":{"id":"stafford-lake--marin","name":"Stafford Lake","kind":"lake","evidence_class":"site_verified","cdfw_stocked":false,"public_fishing":"yes","follow_up_priority":"high"}},{"type":"Feature","geometry":{"type":"Point","coordinates":[-122.78568,37.968151]},"properties":{"id":"wildcat-lake--marin","name":"Wildcat Lake","kind":"lake","evidence_class":"site_verified","cdfw_stocked":false,"public_fishing":"yes","follow_up_priority":null}},{"type":"Feature","geometry":{"type":"Point","coordinates":[-119.34783,37.7999]},"properties":{"id":"boothe-lake--mariposa","name":"Boothe Lake","kind":"lake","evidence_class":"statewide_default","cdfw_stocked":false,"public_fishing":"yes","follow_up_priority":null}},{"type":"Feature","geometry":{"type":"Point","coordinates":[-119.42436,37.84507]},"properties":{"id":"cathedral-lakes--mariposa","name":"Cathedral Lakes","kind":"lake","evidence_class":"statewide_default","cdfw_stocked":false,"public_fishing":"yes","follow_up_priority":null}},{"type":"Feature","geometry":{"type":"Point","coordinates":[-119.9732,37.22981]},"properties":{"id":"eastman-lake--mariposa","name":"Eastman Lake","kind":"lake","evidence_class":"statewide_default","cdfw_stocked":true,"public_fishing":"yes","follow_up_priority":"medium"}},{"type":"Feature","geometry":{"type":"Point","coordinates":[-119.385,37.77735]},"properties":{"id":"emeric-lake--mariposa","name":"Emeric Lake","kind":"lake","evidence_class":"statewide_default","cdfw_stocked":false,"public_fishing":"yes","follow_up_priority":null}},{"type":"Feature","geometry":{"type":"Point","coordinates":[-119.34097,37.79666]},"properties":{"id":"fletcher-lake--mariposa","name":"Fletcher Lake","kind":"lake","evidence_class":"statewide_default","cdfw_stocked":false,"public_fishing":"yes","follow_up_priority":null}},{"type":"Feature","geometry":{"type":"Point","coordinates":[-119.33142,37.78936]},"properties":{"id":"hanging-basket-lake--mariposa","name":"Hanging Basket Lake","kind":"lake","evidence_class":"statewide_default","cdfw_stocked":false,"public_fishing":"yes","follow_up_priority":null}},{"type":"Feature","geometry":{"type":"Point","coordinates":[-120.20991,37.66264]},"properties":{"id":"lake-mcclure--mariposa","name":"Lake McClure","kind":"lake","evidence_class":"statewide_default","cdfw_stocked":true,"public_fishing":"yes","follow_up_priority":"low"}},{"type":"Feature","geometry":{"type":"Point","coordinates":[-120.29885,37.51851]},"properties":{"id":"lake-mcswain--mariposa","name":"Lake McSwain","kind":"lake","evidence_class":"statewide_default","cdfw_stocked":true,"public_fishing":"yes","follow_up_priority":"low"}},{"type":"Feature","geometry":{"type":"Point","coordinates":[-119.49311,37.84747]},"properties":{"id":"may-lake--mariposa","name":"May Lake","kind":"lake","evidence_class":"site_verified","cdfw_stocked":false,"public_fishing":"yes","follow_up_priority":null}},{"type":"Feature","geometry":{"type":"Point","coordinates":[-119.41324,37.73828]},"properties":{"id":"merced-lake--mariposa","name":"Merced Lake","kind":"lake","evidence_class":"site_verified","cdfw_stocked":false,"public_fishing":"yes","follow_up_priority":null}},{"type":"Feature","geometry":{"type":"Point","coordinates":[-119.54878,37.74858]},"properties":{"id":"mirror-lake--mariposa","name":"Mirror Lake","kind":"lake","evidence_class":"site_verified","cdfw_stocked":false,"public_fishing":"yes","follow_up_priority":"low"}},{"type":"Feature","geometry":{"type":"Point","coordinates":[-119.55045,37.62449]},"properties":{"id":"ostrander-lake--mariposa","name":"Ostrander Lake","kind":"lake","evidence_class":"statewide_default","cdfw_stocked":false,"public_fishing":"yes","follow_up_priority":null}},{"type":"Feature","geometry":{"type":"Point","coordinates":[-119.44956,37.80887]},"properties":{"id":"sunrise-lakes--mariposa","name":"Sunrise Lakes","kind":"lake","evidence_class":"statewide_default","cdfw_stocked":false,"public_fishing":"yes","follow_up_priority":null}},{"type":"Feature","geometry":{"type":"Point","coordinates":[-119.46057,37.83127]},"properties":{"id":"tenaya-lake--mariposa","name":"Tenaya Lake","kind":"lake","evidence_class":"site_verified","cdfw_stocked":false,"public_fishing":"yes","follow_up_priority":null}},{"type":"Feature","geometry":{"type":"Point","coordinates":[-119.34356,37.7869]},"properties":{"id":"vogelsang-lake--mariposa","name":"Vogelsang Lake","kind":"lake","evidence_class":"statewide_default","cdfw_stocked":false,"public_fishing":"yes","follow_up_priority":null}},{"type":"Feature","geometry":{"type":"Point","coordinates":[-122.99172,39.949413]},"properties":{"id":"hammerhorn-lake--mendocino","name":"Hammerhorn Lake","kind":"lake","evidence_class":"site_verified","cdfw_stocked":true,"public_fishing":"yes","follow_up_priority":"low"}},{"type":"Feature","geometry":{"type":"Point","coordinates":[-122.991802,39.88144]},"properties":{"id":"howard-lake--mendocino","name":"Howard Lake","kind":"lake","evidence_class":"site_verified","cdfw_stocked":true,"public_fishing":"yes","follow_up_priority":"low"}},{"type":"Feature","geometry":{"type":"Point","coordinates":[-123.793851,39.488715]},"properties":{"id":"lake-cleone--mendocino","name":"Lake Cleone","kind":"lake","evidence_class":"statewide_default","cdfw_stocked":false,"public_fishing":"yes","follow_up_priority":"medium"}},{"type":"Feature","geometry":{"type":"Point","coordinates":[-123.391721,39.446562]},"properties":{"id":"lake-emily--mendocino","name":"Lake Emily","kind":"lake","evidence_class":"statewide_default","cdfw_stocked":true,"public_fishing":"yes","follow_up_priority":null}},{"type":"Feature","geometry":{"type":"Point","coordinates":[-123.173302,39.215629]},"properties":{"id":"lake-mendocino--mendocino","name":"Lake Mendocino","kind":"lake","evidence_class":"site_verified","cdfw_stocked":true,"public_fishing":"yes","follow_up_priority":"medium"}},{"type":"Feature","geometry":{"type":"Point","coordinates":[-123.129323,39.12734]},"properties":{"id":"mill-creek-park-ponds--mendocino","name":"Mill Creek Park Ponds","kind":"lake","evidence_class":"statewide_default","cdfw_stocked":true,"public_fishing":"yes","follow_up_priority":"high"}},{"type":"Feature","geometry":{"type":"Point","coordinates":[-123.81094,39.40808]},"properties":{"id":"moura-pond--mendocino","name":"Moura Pond","kind":"lake","evidence_class":"statewide_default","cdfw_stocked":true,"public_fishing":"unknown","follow_up_priority":null}},{"type":"Feature","geometry":{"type":"Point","coordinates":[-120.4300455,37.3777376]},"properties":{"id":"lake-yosemite--merced","name":"Lake Yosemite","kind":"lake","evidence_class":"statewide_default","cdfw_stocked":true,"public_fishing":"yes","follow_up_priority":"low"}},{"type":"Feature","geometry":{"type":"Point","coordinates":[-120.94774923290923,36.98450043485071]},"properties":{"id":"los-banos-creek-reservoir--merced","name":"Los Banos Creek Reservoir","kind":"lake","evidence_class":"site_verified","cdfw_stocked":true,"public_fishing":"yes","follow_up_priority":null}},{"type":"Feature","geometry":{"type":"Point","coordinates":[-121.04943788706434,37.08074554045867]},"properties":{"id":"o-neill-forebay--merced","name":"O'Neill Forebay","kind":"lake","evidence_class":"site_verified","cdfw_stocked":false,"public_fishing":"yes","follow_up_priority":"medium"}},{"type":"Feature","geometry":{"type":"Point","coordinates":[-121.121104,37.0572977]},"properties":{"id":"san-luis-reservoir--merced","name":"San Luis Reservoir","kind":"lake","evidence_class":"site_verified","cdfw_stocked":false,"public_fishing":"yes","follow_up_priority":"medium"}},{"type":"Feature","geometry":{"type":"Point","coordinates":[-120.819346,41.390466]},"properties":{"id":"ballard-reservoir--modoc","name":"Ballard Reservoir","kind":"lake","evidence_class":"statewide_default","cdfw_stocked":true,"public_fishing":"yes","follow_up_priority":null}},{"type":"Feature","geometry":{"type":"Point","coordinates":[-120.636434,41.267377]},"properties":{"id":"bayley-reservoir--modoc","name":"Bayley Reservoir","kind":"lake","evidence_class":"statewide_default","cdfw_stocked":true,"public_fishing":"yes","follow_up_priority":null}},{"type":"Feature","geometry":{"type":"Point","coordinates":[-120.651254,41.604288]},"properties":{"id":"big-sage-reservoir--modoc","name":"Big Sage Reservoir","kind":"lake","evidence_class":"statewide_default","cdfw_stocked":false,"public_fishing":"yes","follow_up_priority":"low"}},{"type":"Feature","geometry":{"type":"Point","coordinates":[-120.351599,41.76662]},"properties":{"id":"briles-reservoir--modoc","name":"Briles Reservoir","kind":"lake","evidence_class":"statewide_default","cdfw_stocked":true,"public_fishing":"yes","follow_up_priority":null}},{"type":"Feature","geometry":{"type":"Point","coordinates":[-120.209155,41.980522]},"properties":{"id":"cave-lake--modoc","name":"Cave Lake","kind":"lake","evidence_class":"statewide_default","cdfw_stocked":true,"public_fishing":"yes","follow_up_priority":"low"}},{"type":"Feature","geometry":{"type":"Point","coordinates":[-120.277149,41.275046]},"properties":{"id":"clear-lake-south-warner-wilderness--modoc","name":"Clear Lake (South Warner Wilderness)","kind":"lake","evidence_class":"statewide_default","cdfw_stocked":false,"public_fishing":"yes","follow_up_priority":"low"}},{"type":"Feature","geometry":{"type":"Point","coordinates":[-120.615299,41.245899]},"properties":{"id":"delta-reservoir--modoc","name":"Delta Reservoir","kind":"lake","evidence_class":"statewide_default","cdfw_stocked":true,"public_fishing":"yes","follow_up_priority":null}},{"type":"Feature","geometry":{"type":"Point","coordinates":[-120.795414,41.915657]},"properties":{"id":"diamond-reservoir--modoc","name":"Diamond Reservoir","kind":"lake","evidence_class":"statewide_default","cdfw_stocked":true,"public_fishing":"yes","follow_up_priority":null}},{"type":"Feature","geometry":{"type":"Point","coordinates":[-120.474238,41.483655]},"properties":{"id":"dorris-reservoir--modoc","name":"Dorris Reservoir","kind":"lake","evidence_class":"site_verified","cdfw_stocked":false,"public_fishing":"restricted","follow_up_priority":"high"}},{"type":"Feature","geometry":{"type":"Point","coordinates":[-120.944612,41.518216]},"properties":{"id":"duncan-reservoir--modoc","name":"Duncan Reservoir","kind":"lake","evidence_class":"statewide_default","cdfw_stocked":true,"public_fishing":"yes","follow_up_priority":"low"}},{"type":"Feature","geometry":{"type":"Point","coordinates":[-120.177294,41.267088]},"properties":{"id":"emerson-lakes--modoc","name":"Emerson Lakes","kind":"lake","evidence_class":"statewide_default","cdfw_stocked":true,"public_fishing":"yes","follow_up_priority":"low"}},{"type":"Feature","geometry":{"type":"Point","coordinates":[-120.02315,41.833062]},"properties":{"id":"fee-reservoir--modoc","name":"Fee Reservoir","kind":"lake","evidence_class":"statewide_default","cdfw_stocked":true,"public_fishing":"yes","follow_up_priority":"low"}},{"type":"Feature","geometry":{"type":"Point","coordinates":[-120.607086,41.856767]},"properties":{"id":"green-spring-reservoir--modoc","name":"Green Spring Reservoir","kind":"lake","evidence_class":"statewide_default","cdfw_stocked":false,"public_fishing":"yes","follow_up_priority":"low"}},{"type":"Feature","geometry":{"type":"Point","coordinates":[-120.769069,41.884447]},"properties":{"id":"janes-reservoir--modoc","name":"Janes Reservoir","kind":"lake","evidence_class":"statewide_default","cdfw_stocked":false,"public_fishing":"yes","follow_up_priority":"low"}},{"type":"Feature","geometry":{"type":"Point","coordinates":[-120.10668,41.909772]},"properties":{"id":"lake-annie--modoc","name":"Lake Annie","kind":"lake","evidence_class":"statewide_default","cdfw_stocked":true,"public_fishing":"yes","follow_up_priority":null}},{"type":"Feature","geometry":{"type":"Point","coordinates":[-120.209916,41.976704]},"properties":{"id":"lily-lake--modoc","name":"Lily Lake","kind":"lake","evidence_class":"statewide_default","cdfw_stocked":true,"public_fishing":"yes","follow_up_priority":"low"}},{"type":"Feature","geometry":{"type":"Point","coordinates":[-120.220419,41.382179]},"properties":{"id":"patterson-lake--modoc","name":"Patterson Lake","kind":"lake","evidence_class":"statewide_default","cdfw_stocked":true,"public_fishing":"yes","follow_up_priority":"low"}},{"type":"Feature","geometry":{"type":"Point","coordinates":[-120.245,41.345]},"properties":{"id":"pine-creek-basin-lakes--modoc","name":"Pine Creek Basin Lakes","kind":"lake","evidence_class":"statewide_default","cdfw_stocked":true,"public_fishing":"yes","follow_up_priority":null}},{"type":"Feature","geometry":{"type":"Point","coordinates":[-120.422776,41.422933]},"properties":{"id":"pine-creek-reservoir--modoc","name":"Pine Creek Reservoir","kind":"lake","evidence_class":"statewide_default","cdfw_stocked":true,"public_fishing":"yes","follow_up_priority":null}},{"type":"Feature","geometry":{"type":"Point","coordinates":[-120.745014,41.282291]},"properties":{"id":"rainbow-pond--modoc","name":"Rainbow Pond","kind":"lake","evidence_class":"statewide_default","cdfw_stocked":true,"public_fishing":"yes","follow_up_priority":null}},{"type":"Feature","geometry":{"type":"Point","coordinates":[-120.770261,41.662932]},"properties":{"id":"reservoir-c--modoc","name":"Reservoir C","kind":"lake","evidence_class":"statewide_default","cdfw_stocked":true,"public_fishing":"yes","follow_up_priority":"low"}},{"type":"Feature","geometry":{"type":"Point","coordinates":[-120.880054,41.57051]},"properties":{"id":"reservoir-f--modoc","name":"Reservoir F","kind":"lake","evidence_class":"statewide_default","cdfw_stocked":true,"public_fishing":"yes","follow_up_priority":"low"}},{"type":"Feature","geometry":{"type":"Point","coordinates":[-120.077529,41.203837]},"properties":{"id":"snake-lake--modoc","name":"Snake Lake","kind":"lake","evidence_class":"statewide_default","cdfw_stocked":true,"public_fishing":"yes","follow_up_priority":null}},{"type":"Feature","geometry":{"type":"Point","coordinates":[-120.254459,41.562154]},"properties":{"id":"stough-reservoir--modoc","name":"Stough Reservoir","kind":"lake","evidence_class":"statewide_default","cdfw_stocked":true,"public_fishing":"yes","follow_up_priority":null}},{"type":"Feature","geometry":{"type":"Point","coordinates":[-120.399402,41.199963]},"properties":{"id":"west-valley-reservoir--modoc","name":"West Valley Reservoir","kind":"lake","evidence_class":"statewide_default","cdfw_stocked":true,"public_fishing":"yes","follow_up_priority":null}},{"type":"Feature","geometry":{"type":"Point","coordinates":[-119.13496,37.75503]},"properties":{"id":"agnew-lake--mono","name":"Agnew Lake","kind":"lake","evidence_class":"statewide_default","cdfw_stocked":true,"public_fishing":"yes","follow_up_priority":"high"}},{"type":"Feature","geometry":{"type":"Point","coordinates":[-119.17955,37.79554]},"properties":{"id":"alger-lakes--mono","name":"Alger Lakes","kind":"lake","evidence_class":"statewide_default","cdfw_stocked":true,"public_fishing":"yes","follow_up_priority":null}},{"type":"Feature","geometry":{"type":"Point","coordinates":[-119.50671,38.21908]},"properties":{"id":"anna-lake--mono","name":"Anna Lake","kind":"lake","evidence_class":"statewide_default","cdfw_stocked":true,"public_fishing":"yes","follow_up_priority":null}},{"type":"Feature","geometry":{"type":"Point","coordinates":[-118.97893,37.58328]},"properties":{"id":"arrowhead-lake--mono","name":"Arrowhead Lake","kind":"lake","evidence_class":"statewide_default","cdfw_stocked":false,"public_fishing":"yes","follow_up_priority":"low"}},{"type":"Feature","geometry":{"type":"Point","coordinates":[-118.96925,37.56532]},"properties":{"id":"barney-lake-mammoth--mono","name":"Barney Lake (Mammoth)","kind":"lake","evidence_class":"statewide_default","cdfw_stocked":false,"public_fishing":"yes","follow_up_priority":"low"}},{"type":"Feature","geometry":{"type":"Point","coordinates":[-118.84048,37.48858]},"properties":{"id":"big-mcgee-lake--mono","name":"Big McGee Lake","kind":"lake","evidence_class":"statewide_default","cdfw_stocked":false,"public_fishing":"yes","follow_up_priority":"low"}},{"type":"Feature","geometry":{"type":"Point","coordinates":[-119.26769,38.05039]},"properties":{"id":"big-virginia-lake--mono","name":"Big Virginia Lake","kind":"lake","evidence_class":"statewide_default","cdfw_stocked":true,"public_fishing":"yes","follow_up_priority":"low"}},{"type":"Feature","geometry":{"type":"Point","coordinates":[-119.24572,38.00326]},"properties":{"id":"blue-lake-lundy-canyon--mono","name":"Blue Lake (Lundy Canyon)","kind":"lake","evidence_class":"statewide_default","cdfw_stocked":false,"public_fishing":"yes","follow_up_priority":"low"}},{"type":"Feature","geometry":{"type":"Point","coordinates":[-119.22761,38.29222]},"properties":{"id":"bridgeport-reservoir--mono","name":"Bridgeport Reservoir","kind":"lake","evidence_class":"statewide_default","cdfw_stocked":true,"public_fishing":"yes","follow_up_priority":null}},{"type":"Feature","geometry":{"type":"Point","coordinates":[-119.30658,37.98986]},"properties":{"id":"cascade-lake--mono","name":"Cascade Lake","kind":"lake","evidence_class":"statewide_default","cdfw_stocked":false,"public_fishing":"yes","follow_up_priority":"low"}},{"type":"Feature","geometry":{"type":"Point","coordinates":[-119.58723,38.20407]},"properties":{"id":"cinko-lake--mono","name":"Cinko Lake","kind":"lake","evidence_class":"statewide_default","cdfw_stocked":false,"public_fishing":"yes","follow_up_priority":null}},{"type":"Feature","geometry":{"type":"Point","coordinates":[-119.30569,37.97476]},"properties":{"id":"conness-lakes--mono","name":"Conness Lakes","kind":"lake","evidence_class":"statewide_default","cdfw_stocked":false,"public_fishing":"yes","follow_up_priority":"low"}},{"type":"Feature","geometry":{"type":"Point","coordinates":[-118.8583,37.5893]},"properties":{"id":"convict-lake--mono","name":"Convict Lake","kind":"lake","evidence_class":"site_verified","cdfw_stocked":true,"public_fishing":"yes","follow_up_priority":"low"}},{"type":"Feature","geometry":{"type":"Point","coordinates":[-119.27704,38.04793]},"properties":{"id":"cooney-lake--mono","name":"Cooney Lake","kind":"lake","evidence_class":"statewide_default","cdfw_stocked":false,"public_fishing":"yes","follow_up_priority":"low"}},{"type":"Feature","geometry":{"type":"Point","coordinates":[-118.74125,37.61105]},"properties":{"id":"crowley-lake--mono","name":"Crowley Lake","kind":"lake","evidence_class":"statewide_default","cdfw_stocked":true,"public_fishing":"yes","follow_up_priority":"high"}},{"type":"Feature","geometry":{"type":"Point","coordinates":[-119.01845,37.59386]},"properties":{"id":"crystal-lake--mono","name":"Crystal Lake","kind":"lake","evidence_class":"statewide_default","cdfw_stocked":false,"public_fishing":"yes","follow_up_priority":"low"}},{"type":"Feature","geometry":{"type":"Point","coordinates":[-119.30198,38.0716]},"properties":{"id":"east-lake--mono","name":"East Lake","kind":"lake","evidence_class":"statewide_default","cdfw_stocked":true,"public_fishing":"yes","follow_up_priority":"low"}},{"type":"Feature","geometry":{"type":"Point","coordinates":[-119.23787,37.93647]},"properties":{"id":"ellery-lake--mono","name":"Ellery Lake","kind":"lake","evidence_class":"site_verified","cdfw_stocked":true,"public_fishing":"yes","follow_up_priority":"low"}},{"type":"Feature","geometry":{"type":"Point","coordinates":[-118.98793,37.58204]},"properties":{"id":"emerald-lake--mono","name":"Emerald Lake","kind":"lake","evidence_class":"statewide_default","cdfw_stocked":false,"public_fishing":"yes","follow_up_priority":"low"}},{"type":"Feature","geometry":{"type":"Point","coordinates":[-119.48291,38.28099]},"properties":{"id":"emma-lake--mono","name":"Emma Lake","kind":"lake","evidence_class":"statewide_default","cdfw_stocked":false,"public_fishing":"yes","follow_up_priority":null}},{"type":"Feature","geometry":{"type":"Point","coordinates":[-119.11008,37.74577]},"properties":{"id":"fern-lake--mono","name":"Fern Lake","kind":"lake","evidence_class":"statewide_default","cdfw_stocked":false,"public_fishing":"yes","follow_up_priority":"low"}},{"type":"Feature","geometry":{"type":"Point","coordinates":[-119.54874,38.25446]},"properties":{"id":"fremont-lake--mono","name":"Fremont Lake","kind":"lake","evidence_class":"statewide_default","cdfw_stocked":true,"public_fishing":"yes","follow_up_priority":null}},{"type":"Feature","geometry":{"type":"Point","coordinates":[-119.28189,38.04777]},"properties":{"id":"frog-lakes--mono","name":"Frog Lakes","kind":"lake","evidence_class":"statewide_default","cdfw_stocked":false,"public_fishing":"yes","follow_up_priority":"low"}},{"type":"Feature","geometry":{"type":"Point","coordinates":[-119.25144,37.95623]},"properties":{"id":"gardisky-lake--mono","name":"Gardisky Lake","kind":"lake","evidence_class":"statewide_default","cdfw_stocked":false,"public_fishing":"yes","follow_up_priority":"low"}},{"type":"Feature","geometry":{"type":"Point","coordinates":[-119.1514,37.7514]},"properties":{"id":"gem-lake-rush-creek--mono","name":"Gem Lake (Rush Creek)","kind":"lake","evidence_class":"statewide_default","cdfw_stocked":true,"public_fishing":"yes","follow_up_priority":"high"}},{"type":"Feature","geometry":{"type":"Point","coordinates":[-119.11153,37.84004]},"properties":{"id":"grant-lake--mono","name":"Grant Lake","kind":"lake","evidence_class":"statewide_default","cdfw_stocked":true,"public_fishing":"yes","follow_up_priority":"high"}},{"type":"Feature","geometry":{"type":"Point","coordinates":[-119.30923,38.08529]},"properties":{"id":"green-lake--mono","name":"Green Lake","kind":"lake","evidence_class":"statewide_default","cdfw_stocked":false,"public_fishing":"yes","follow_up_priority":"low"}},{"type":"Feature","geometry":{"type":"Point","coordinates":[-119.29059,37.97973]},"properties":{"id":"greenstone-lake--mono","name":"Greenstone Lake","kind":"lake","evidence_class":"statewide_default","cdfw_stocked":false,"public_fishing":"yes","follow_up_priority":"low"}},{"type":"Feature","geometry":{"type":"Point","coordinates":[-119.08332,37.77562]},"properties":{"id":"gull-lake--mono","name":"Gull Lake","kind":"lake","evidence_class":"statewide_default","cdfw_stocked":true,"public_fishing":"yes","follow_up_priority":"low"}},{"type":"Feature","geometry":{"type":"Point","coordinates":[-118.76106,37.4775]},"properties":{"id":"hilton-creek-lakes--mono","name":"Hilton Creek Lakes","kind":"lake","evidence_class":"statewide_default","cdfw_stocked":false,"public_fishing":"yes","follow_up_priority":"low"}},{"type":"Feature","geometry":{"type":"Point","coordinates":[-119.01945,37.60878]},"properties":{"id":"horseshoe-lake--mono","name":"Horseshoe Lake","kind":"lake","evidence_class":"statewide_default","cdfw_stocked":false,"public_fishing":"yes","follow_up_priority":"low"}},{"type":"Feature","geometry":{"type":"Point","coordinates":[-119.28566,37.988]},"properties":{"id":"hummingbird-lake--mono","name":"Hummingbird Lake","kind":"lake","evidence_class":"statewide_default","cdfw_stocked":false,"public_fishing":"yes","follow_up_priority":"low"}},{"type":"Feature","geometry":{"type":"Point","coordinates":[-119.47765,38.33618]},"properties":{"id":"junction-reservoir--mono","name":"Junction Reservoir","kind":"lake","evidence_class":"statewide_default","cdfw_stocked":true,"public_fishing":"unknown","follow_up_priority":null}},{"type":"Feature","geometry":{"type":"Point","coordinates":[-119.07362,37.78865]},"properties":{"id":"june-lake--mono","name":"June Lake","kind":"lake","evidence_class":"statewide_default","cdfw_stocked":true,"public_fishing":"yes","follow_up_priority":"low"}},{"type":"Feature","geometry":{"type":"Point","coordinates":[-119.49906,38.33999]},"properties":{"id":"kirman-lake--mono","name":"Kirman Lake","kind":"lake","evidence_class":"statewide_default","cdfw_stocked":true,"public_fishing":"yes","follow_up_priority":null}},{"type":"Feature","geometry":{"type":"Point","coordinates":[-119.00671,37.59569]},"properties":{"id":"lake-barrett--mono","name":"Lake Barrett","kind":"lake","evidence_class":"statewide_default","cdfw_stocked":false,"public_fishing":"yes","follow_up_priority":"low"}},{"type":"Feature","geometry":{"type":"Point","coordinates":[-118.88254,37.53873]},"properties":{"id":"lake-dorothy--mono","name":"Lake Dorothy","kind":"lake","evidence_class":"statewide_default","cdfw_stocked":true,"public_fishing":"yes","follow_up_priority":null}},{"type":"Feature","geometry":{"type":"Point","coordinates":[-119.01188,37.60047]},"properties":{"id":"lake-george--mono","name":"Lake George","kind":"lake","evidence_class":"site_verified","cdfw_stocked":true,"public_fishing":"yes","follow_up_priority":"low"}},{"type":"Feature","geometry":{"type":"Point","coordinates":[-119.29223,38.00137]},"properties":{"id":"lake-helen--mono","name":"Lake Helen","kind":"lake","evidence_class":"statewide_default","cdfw_stocked":false,"public_fishing":"yes","follow_up_priority":"low"}},{"type":"Feature","geometry":{"type":"Point","coordinates":[-119.01047,37.60828]},"properties":{"id":"lake-mamie--mono","name":"Lake Mamie","kind":"lake","evidence_class":"site_verified","cdfw_stocked":true,"public_fishing":"yes","follow_up_priority":"low"}},{"type":"Feature","geometry":{"type":"Point","coordinates":[-119.0025,37.60275]},"properties":{"id":"lake-mary--mono","name":"Lake Mary","kind":"lake","evidence_class":"site_verified","cdfw_stocked":true,"public_fishing":"yes","follow_up_priority":"low"}},{"type":"Feature","geometry":{"type":"Point","coordinates":[-119.54146,38.29257]},"properties":{"id":"lane-lake--mono","name":"Lane Lake","kind":"lake","evidence_class":"statewide_default","cdfw_stocked":true,"public_fishing":"yes","follow_up_priority":null}},{"type":"Feature","geometry":{"type":"Point","coordinates":[-118.91377,37.57644]},"properties":{"id":"laurel-lake-1--mono","name":"Laurel Lake #1","kind":"lake","evidence_class":"statewide_default","cdfw_stocked":true,"public_fishing":"yes","follow_up_priority":"low"}},{"type":"Feature","geometry":{"type":"Point","coordinates":[-119.6188,38.27358]},"properties":{"id":"leavitt-lake--mono","name":"Leavitt Lake","kind":"lake","evidence_class":"statewide_default","cdfw_stocked":true,"public_fishing":"yes","follow_up_priority":"low"}},{"type":"Feature","geometry":{"type":"Point","coordinates":[-119.36349,38.4419]},"properties":{"id":"lobdell-lake--mono","name":"Lobdell Lake","kind":"lake","evidence_class":"statewide_default","cdfw_stocked":false,"public_fishing":"unknown","follow_up_priority":"high"}},{"type":"Feature","geometry":{"type":"Point","coordinates":[-119.56955,38.22591]},"properties":{"id":"lower-long-lake--mono","name":"Lower Long Lake","kind":"lake","evidence_class":"statewide_default","cdfw_stocked":true,"public_fishing":"yes","follow_up_priority":null}},{"type":"Feature","geometry":{"type":"Point","coordinates":[-119.32351,38.17019]},"properties":{"id":"lower-twin-lake--mono","name":"Lower Twin Lake","kind":"lake","evidence_class":"statewide_default","cdfw_stocked":true,"public_fishing":"yes","follow_up_priority":"low"}},{"type":"Feature","geometry":{"type":"Point","coordinates":[-119.23067,38.02915]},"properties":{"id":"lundy-lake--mono","name":"Lundy Lake","kind":"lake","evidence_class":"statewide_default","cdfw_stocked":true,"public_fishing":"yes","follow_up_priority":"high"}},{"type":"Feature","geometry":{"type":"Point","coordinates":[-119.0306,37.60809]},"properties":{"id":"mcleod-lake--mono","name":"McLeod Lake","kind":"lake","evidence_class":"statewide_default","cdfw_stocked":true,"public_fishing":"yes","follow_up_priority":"low"}},{"type":"Feature","geometry":{"type":"Point","coordinates":[-119.27904,38.05641]},"properties":{"id":"moat-lake--mono","name":"Moat Lake","kind":"lake","evidence_class":"statewide_default","cdfw_stocked":false,"public_fishing":"yes","follow_up_priority":"low"}},{"type":"Feature","geometry":{"type":"Point","coordinates":[-119.01476,38.0076]},"properties":{"id":"mono-lake--mono","name":"Mono Lake","kind":"lake","evidence_class":"unknown","cdfw_stocked":false,"public_fishing":"no","follow_up_priority":"high"}},{"type":"Feature","geometry":{"type":"Point","coordinates":[-119.28773,37.99543]},"properties":{"id":"odell-lake--mono","name":"Odell Lake","kind":"lake","evidence_class":"statewide_default","cdfw_stocked":true,"public_fishing":"yes","follow_up_priority":"low"}},{"type":"Feature","geometry":{"type":"Point","coordinates":[-119.25082,37.99461]},"properties":{"id":"oneida-lake--mono","name":"Oneida Lake","kind":"lake","evidence_class":"statewide_default","cdfw_stocked":false,"public_fishing":"yes","follow_up_priority":"low"}},{"type":"Feature","geometry":{"type":"Point","coordinates":[-119.15834,37.83411]},"properties":{"id":"parker-lake--mono","name":"Parker Lake","kind":"lake","evidence_class":"statewide_default","cdfw_stocked":false,"public_fishing":"yes","follow_up_priority":"low"}},{"type":"Feature","geometry":{"type":"Point","coordinates":[-119.4679,38.12045]},"properties":{"id":"peeler-lake--mono","name":"Peeler Lake","kind":"lake","evidence_class":"statewide_default","cdfw_stocked":false,"public_fishing":"yes","follow_up_priority":null}},{"type":"Feature","geometry":{"type":"Point","coordinates":[-119.52676,38.30856]},"properties":{"id":"poore-lake--mono","name":"Poore Lake","kind":"lake","evidence_class":"statewide_default","cdfw_stocked":false,"public_fishing":"unknown","follow_up_priority":"high"}},{"type":"Feature","geometry":{"type":"Point","coordinates":[-119.26439,38.04339]},"properties":{"id":"red-lake-virginia-lakes--mono","name":"Red Lake (Virginia Lakes)","kind":"lake","evidence_class":"statewide_default","cdfw_stocked":true,"public_fishing":"yes","follow_up_priority":"low"}},{"type":"Feature","geometry":{"type":"Point","coordinates":[-119.54185,38.29575]},"properties":{"id":"roosevelt-lake--mono","name":"Roosevelt Lake","kind":"lake","evidence_class":"statewide_default","cdfw_stocked":true,"public_fishing":"yes","follow_up_priority":null}},{"type":"Feature","geometry":{"type":"Point","coordinates":[-119.27478,37.97367]},"properties":{"id":"saddlebag-lake--mono","name":"Saddlebag Lake","kind":"lake","evidence_class":"site_verified","cdfw_stocked":true,"public_fishing":"yes","follow_up_priority":"low"}},{"type":"Feature","geometry":{"type":"Point","coordinates":[-119.20266,37.85632]},"properties":{"id":"sardine-lakes--mono","name":"Sardine Lakes","kind":"lake","evidence_class":"statewide_default","cdfw_stocked":false,"public_fishing":"yes","follow_up_priority":"low"}},{"type":"Feature","geometry":{"type":"Point","coordinates":[-119.53872,38.30718]},"properties":{"id":"secret-lake--mono","name":"Secret Lake","kind":"lake","evidence_class":"statewide_default","cdfw_stocked":true,"public_fishing":"yes","follow_up_priority":null}},{"type":"Feature","geometry":{"type":"Point","coordinates":[-119.29734,37.99757]},"properties":{"id":"shamrock-lake--mono","name":"Shamrock Lake","kind":"lake","evidence_class":"statewide_default","cdfw_stocked":false,"public_fishing":"yes","follow_up_priority":"low"}},{"type":"Feature","geometry":{"type":"Point","coordinates":[-118.94532,37.61085]},"properties":{"id":"sherwin-lakes--mono","name":"Sherwin Lakes","kind":"lake","evidence_class":"statewide_default","cdfw_stocked":false,"public_fishing":"yes","follow_up_priority":"low"}},{"type":"Feature","geometry":{"type":"Point","coordinates":[-119.12514,37.77689]},"properties":{"id":"silver-lake--mono","name":"Silver Lake","kind":"lake","evidence_class":"statewide_default","cdfw_stocked":true,"public_fishing":"yes","follow_up_priority":"low"}},{"type":"Feature","geometry":{"type":"Point","coordinates":[-118.97564,37.57638]},"properties":{"id":"skelton-lake--mono","name":"Skelton Lake","kind":"lake","evidence_class":"statewide_default","cdfw_stocked":false,"public_fishing":"yes","follow_up_priority":"low"}},{"type":"Feature","geometry":{"type":"Point","coordinates":[-118.78453,37.49219]},"properties":{"id":"stanford-lake--mono","name":"Stanford Lake","kind":"lake","evidence_class":"statewide_default","cdfw_stocked":true,"public_fishing":"yes","follow_up_priority":null}},{"type":"Feature","geometry":{"type":"Point","coordinates":[-119.30262,37.99315]},"properties":{"id":"steelhead-lake--mono","name":"Steelhead Lake","kind":"lake","evidence_class":"statewide_default","cdfw_stocked":true,"public_fishing":"yes","follow_up_priority":"low"}},{"type":"Feature","geometry":{"type":"Point","coordinates":[-119.00771,37.59168]},"properties":{"id":"tj-lake--mono","name":"TJ Lake","kind":"lake","evidence_class":"statewide_default","cdfw_stocked":false,"public_fishing":"yes","follow_up_priority":"low"}},{"type":"Feature","geometry":{"type":"Point","coordinates":[-119.25277,37.92471]},"properties":{"id":"tioga-lake--mono","name":"Tioga Lake","kind":"lake","evidence_class":"statewide_default","cdfw_stocked":true,"public_fishing":"yes","follow_up_priority":"low"}},{"type":"Feature","geometry":{"type":"Point","coordinates":[-119.5317,38.6772]},"properties":{"id":"topaz-lake--mono","name":"Topaz Lake","kind":"lake","evidence_class":"site_verified","cdfw_stocked":true,"public_fishing":"yes","follow_up_priority":"high"}},{"type":"Feature","geometry":{"type":"Point","coordinates":[-119.30422,37.99152]},"properties":{"id":"towser-lake--mono","name":"Towser Lake","kind":"lake","evidence_class":"statewide_default","cdfw_stocked":true,"public_fishing":"yes","follow_up_priority":"low"}},{"type":"Feature","geometry":{"type":"Point","coordinates":[-119.25794,38.05349]},"properties":{"id":"trumbull-lake--mono","name":"Trumbull Lake","kind":"lake","evidence_class":"statewide_default","cdfw_stocked":true,"public_fishing":"yes","follow_up_priority":"low"}},{"type":"Feature","geometry":{"type":"Point","coordinates":[-119.00832,37.61794]},"properties":{"id":"twin-lakes-mammoth--mono","name":"Twin Lakes (Mammoth)","kind":"lake","evidence_class":"site_verified","cdfw_stocked":true,"public_fishing":"yes","follow_up_priority":"low"}},{"type":"Feature","geometry":{"type":"Point","coordinates":[-119.57168,38.2239]},"properties":{"id":"upper-long-lake--mono","name":"Upper Long Lake","kind":"lake","evidence_class":"statewide_default","cdfw_stocked":true,"public_fishing":"yes","follow_up_priority":null}},{"type":"Feature","geometry":{"type":"Point","coordinates":[-118.93677,37.57644]},"properties":{"id":"valentine-lake--mono","name":"Valentine Lake","kind":"lake","evidence_class":"statewide_default","cdfw_stocked":false,"public_fishing":"yes","follow_up_priority":"low"}},{"type":"Feature","geometry":{"type":"Point","coordinates":[-119.1647,37.8744]},"properties":{"id":"walker-lake--mono","name":"Walker Lake","kind":"lake","evidence_class":"statewide_default","cdfw_stocked":false,"public_fishing":"yes","follow_up_priority":"low"}},{"type":"Feature","geometry":{"type":"Point","coordinates":[-119.29802,37.98509]},"properties":{"id":"wasco-lake--mono","name":"Wasco Lake","kind":"lake","evidence_class":"statewide_default","cdfw_stocked":false,"public_fishing":"yes","follow_up_priority":"low"}},{"type":"Feature","geometry":{"type":"Point","coordinates":[-119.19128,37.7508]},"properties":{"id":"waugh-lake--mono","name":"Waugh Lake","kind":"lake","evidence_class":"statewide_default","cdfw_stocked":false,"public_fishing":"yes","follow_up_priority":"high"}},{"type":"Feature","geometry":{"type":"Point","coordinates":[-119.32251,38.09138]},"properties":{"id":"west-lake--mono","name":"West Lake","kind":"lake","evidence_class":"statewide_default","cdfw_stocked":false,"public_fishing":"yes","follow_up_priority":"low"}},{"type":"Feature","geometry":{"type":"Point","coordinates":[-118.96513,37.56908]},"properties":{"id":"woods-lakes--mono","name":"Woods Lakes","kind":"lake","evidence_class":"statewide_default","cdfw_stocked":true,"public_fishing":"yes","follow_up_priority":null}},{"type":"Feature","geometry":{"type":"Point","coordinates":[-119.09562,37.74451]},"properties":{"id":"yost-lake--mono","name":"Yost Lake","kind":"lake","evidence_class":"statewide_default","cdfw_stocked":false,"public_fishing":"yes","follow_up_priority":"low"}},{"type":"Feature","geometry":{"type":"Point","coordinates":[-119.29312,37.98941]},"properties":{"id":"z-lake--mono","name":"Z Lake","kind":"lake","evidence_class":"statewide_default","cdfw_stocked":false,"public_fishing":"yes","follow_up_priority":"low"}},{"type":"Feature","geometry":{"type":"Point","coordinates":[-121.48249590553411,36.230899876222]},"properties":{"id":"abbott-lakes--monterey","name":"Abbott Lakes","kind":"lake","evidence_class":"statewide_default","cdfw_stocked":false,"public_fishing":"yes","follow_up_priority":"low"}},{"type":"Feature","geometry":{"type":"Point","coordinates":[-121.25,36.005]},"properties":{"id":"del-venturi-pond--monterey","name":"Del Venturi Pond","kind":"lake","evidence_class":"site_verified","cdfw_stocked":true,"public_fishing":"restricted","follow_up_priority":"high"}},{"type":"Feature","geometry":{"type":"Point","coordinates":[-121.88559610371352,36.599170346774486]},"properties":{"id":"el-estero-lake--monterey","name":"El Estero Lake","kind":"lake","evidence_class":"site_verified","cdfw_stocked":true,"public_fishing":"yes","follow_up_priority":"high"}},{"type":"Feature","geometry":{"type":"Point","coordinates":[-120.90116565205517,35.808241247811715]},"properties":{"id":"lake-san-antonio--monterey","name":"Lake San Antonio","kind":"lake","evidence_class":"statewide_default","cdfw_stocked":true,"public_fishing":"yes","follow_up_priority":"low"}},{"type":"Feature","geometry":{"type":"Point","coordinates":[-122.48517,38.55874]},"properties":{"id":"bell-canyon-reservoir--napa","name":"Bell Canyon Reservoir","kind":"lake","evidence_class":"no_fishing","cdfw_stocked":false,"public_fishing":"no","follow_up_priority":null}},{"type":"Feature","geometry":{"type":"Point","coordinates":[-122.2295,38.58903]},"properties":{"id":"lake-berryessa--napa","name":"Lake Berryessa","kind":"lake","evidence_class":"site_verified","cdfw_stocked":true,"public_fishing":"yes","follow_up_priority":"low"}},{"type":"Feature","geometry":{"type":"Point","coordinates":[-122.12975,38.36458]},"properties":{"id":"lake-curry--napa","name":"Lake Curry","kind":"lake","evidence_class":"no_fishing","cdfw_stocked":false,"public_fishing":"no","follow_up_priority":null}},{"type":"Feature","geometry":{"type":"Point","coordinates":[-122.37214,38.49001]},"properties":{"id":"lake-hennessey--napa","name":"Lake Hennessey","kind":"lake","evidence_class":"statewide_default","cdfw_stocked":true,"public_fishing":"yes","follow_up_priority":null}},{"type":"Feature","geometry":{"type":"Point","coordinates":[-122.2281,38.25845]},"properties":{"id":"lake-marie--napa","name":"Lake Marie","kind":"lake","evidence_class":"statewide_default","cdfw_stocked":false,"public_fishing":"yes","follow_up_priority":"medium"}},{"type":"Feature","geometry":{"type":"Point","coordinates":[-122.22925,38.38174]},"properties":{"id":"milliken-reservoir--napa","name":"Milliken Reservoir","kind":"lake","evidence_class":"no_fishing","cdfw_stocked":false,"public_fishing":"no","follow_up_priority":null}},{"type":"Feature","geometry":{"type":"Point","coordinates":[-122.3389,38.44175]},"properties":{"id":"rector-reservoir--napa","name":"Rector Reservoir","kind":"lake","evidence_class":"no_fishing","cdfw_stocked":false,"public_fishing":"no","follow_up_priority":null}},{"type":"Feature","geometry":{"type":"Point","coordinates":[-120.530995,39.391752]},"properties":{"id":"baltimore-lake--nevada","name":"Baltimore Lake","kind":"lake","evidence_class":"statewide_default","cdfw_stocked":false,"public_fishing":"yes","follow_up_priority":"low"}},{"type":"Feature","geometry":{"type":"Point","coordinates":[-120.896377,39.371766]},"properties":{"id":"blair-lake--nevada","name":"Blair Lake","kind":"lake","evidence_class":"statewide_default","cdfw_stocked":true,"public_fishing":"yes","follow_up_priority":null}},{"type":"Feature","geometry":{"type":"Point","coordinates":[-120.096653,39.405917]},"properties":{"id":"boca-reservoir--nevada","name":"Boca Reservoir","kind":"lake","evidence_class":"statewide_default","cdfw_stocked":true,"public_fishing":"yes","follow_up_priority":null}},{"type":"Feature","geometry":{"type":"Point","coordinates":[-120.636475,39.452519]},"properties":{"id":"bowman-lake--nevada","name":"Bowman Lake","kind":"lake","evidence_class":"statewide_default","cdfw_stocked":true,"public_fishing":"yes","follow_up_priority":null}},{"type":"Feature","geometry":{"type":"Point","coordinates":[-120.635993,39.421906]},"properties":{"id":"bullpen-lake--nevada","name":"Bullpen Lake","kind":"lake","evidence_class":"statewide_default","cdfw_stocked":true,"public_fishing":"yes","follow_up_priority":null}},{"type":"Feature","geometry":{"type":"Point","coordinates":[-121.286593,39.031643]},"properties":{"id":"camp-far-west-reservoir--nevada","name":"Camp Far West Reservoir","kind":"lake","evidence_class":"statewide_default","cdfw_stocked":false,"public_fishing":"yes","follow_up_priority":"high"}},{"type":"Feature","geometry":{"type":"Point","coordinates":[-120.641474,39.399934]},"properties":{"id":"carr-lake--nevada","name":"Carr Lake","kind":"lake","evidence_class":"statewide_default","cdfw_stocked":true,"public_fishing":"yes","follow_up_priority":null}},{"type":"Feature","geometry":{"type":"Point","coordinates":[-120.233169,39.3181]},"properties":{"id":"coldstream-pond--nevada","name":"Coldstream Pond","kind":"lake","evidence_class":"site_verified","cdfw_stocked":true,"public_fishing":"yes","follow_up_priority":"low"}},{"type":"Feature","geometry":{"type":"Point","coordinates":[-120.622173,39.416252]},"properties":{"id":"culbertson-lake--nevada","name":"Culbertson Lake","kind":"lake","evidence_class":"statewide_default","cdfw_stocked":true,"public_fishing":"yes","follow_up_priority":null}},{"type":"Feature","geometry":{"type":"Point","coordinates":[-120.265141,39.322741]},"properties":{"id":"donner-lake--nevada","name":"Donner Lake","kind":"lake","evidence_class":"site_verified","cdfw_stocked":true,"public_fishing":"yes","follow_up_priority":"low"}},{"type":"Feature","geometry":{"type":"Point","coordinates":[-120.548127,39.447259]},"properties":{"id":"echo-lake-grouse-ridge--nevada","name":"Echo Lake (Grouse Ridge)","kind":"lake","evidence_class":"statewide_default","cdfw_stocked":true,"public_fishing":"yes","follow_up_priority":null}},{"type":"Feature","geometry":{"type":"Point","coordinates":[-121.235046,39.283352]},"properties":{"id":"englebright-lake--nevada","name":"Englebright Lake","kind":"lake","evidence_class":"statewide_default","cdfw_stocked":true,"public_fishing":"yes","follow_up_priority":null}},{"type":"Feature","geometry":{"type":"Point","coordinates":[-120.569346,39.424661]},"properties":{"id":"faucherie-lake--nevada","name":"Faucherie Lake","kind":"lake","evidence_class":"statewide_default","cdfw_stocked":true,"public_fishing":"yes","follow_up_priority":null}},{"type":"Feature","geometry":{"type":"Point","coordinates":[-120.633019,39.400275]},"properties":{"id":"feeley-lake--nevada","name":"Feeley Lake","kind":"lake","evidence_class":"statewide_default","cdfw_stocked":true,"public_fishing":"yes","follow_up_priority":"low"}},{"type":"Feature","geometry":{"type":"Point","coordinates":[-120.480443,39.386402]},"properties":{"id":"fordyce-lake--nevada","name":"Fordyce Lake","kind":"lake","evidence_class":"statewide_default","cdfw_stocked":true,"public_fishing":"yes","follow_up_priority":"low"}},{"type":"Feature","geometry":{"type":"Point","coordinates":[-120.534401,39.416419]},"properties":{"id":"french-lake--nevada","name":"French Lake","kind":"lake","evidence_class":"statewide_default","cdfw_stocked":true,"public_fishing":"yes","follow_up_priority":null}},{"type":"Feature","geometry":{"type":"Point","coordinates":[-120.651715,39.348353]},"properties":{"id":"fuller-lake--nevada","name":"Fuller Lake","kind":"lake","evidence_class":"statewide_default","cdfw_stocked":true,"public_fishing":"yes","follow_up_priority":null}},{"type":"Feature","geometry":{"type":"Point","coordinates":[-120.309075,39.442318]},"properties":{"id":"independence-lake--nevada","name":"Independence Lake","kind":"lake","evidence_class":"statewide_default","cdfw_stocked":false,"public_fishing":"restricted","follow_up_priority":null}},{"type":"Feature","geometry":{"type":"Point","coordinates":[-120.620627,39.399368]},"properties":{"id":"island-lake-grouse-ridge--nevada","name":"Island Lake (Grouse Ridge)","kind":"lake","evidence_class":"statewide_default","cdfw_stocked":true,"public_fishing":"yes","follow_up_priority":null}},{"type":"Feature","geometry":{"type":"Point","coordinates":[-120.545163,39.495483]},"properties":{"id":"jackson-meadows-reservoir--nevada","name":"Jackson Meadows Reservoir","kind":"lake","evidence_class":"statewide_default","cdfw_stocked":true,"public_fishing":"yes","follow_up_priority":"low"}},{"type":"Feature","geometry":{"type":"Point","coordinates":[-121.051774,39.010084]},"properties":{"id":"lake-combie--nevada","name":"Lake Combie","kind":"lake","evidence_class":"statewide_default","cdfw_stocked":false,"public_fishing":"restricted","follow_up_priority":null}},{"type":"Feature","geometry":{"type":"Point","coordinates":[-120.629781,39.335887]},"properties":{"id":"lake-spaulding--nevada","name":"Lake Spaulding","kind":"lake","evidence_class":"statewide_default","cdfw_stocked":true,"public_fishing":"yes","follow_up_priority":"low"}},{"type":"Feature","geometry":{"type":"Point","coordinates":[-120.488544,39.355613]},"properties":{"id":"lake-sterling--nevada","name":"Lake Sterling","kind":"lake","evidence_class":"statewide_default","cdfw_stocked":true,"public_fishing":"yes","follow_up_priority":"low"}},{"type":"Feature","geometry":{"type":"Point","coordinates":[-121.027153,39.301315]},"properties":{"id":"lake-vera--nevada","name":"Lake Vera","kind":"lake","evidence_class":"no_fishing","cdfw_stocked":false,"public_fishing":"no","follow_up_priority":null}},{"type":"Feature","geometry":{"type":"Point","coordinates":[-121.20599,39.23822]},"properties":{"id":"lake-wildwood--nevada","name":"Lake Wildwood","kind":"lake","evidence_class":"unknown","cdfw_stocked":false,"public_fishing":"no","follow_up_priority":"high"}},{"type":"Feature","geometry":{"type":"Point","coordinates":[-121.062494,39.036257]},"properties":{"id":"lake-pines--nevada","name":"Lake of the Pines","kind":"lake","evidence_class":"unknown","cdfw_stocked":false,"public_fishing":"no","follow_up_priority":"high"}},{"type":"Feature","geometry":{"type":"Point","coordinates":[-120.641003,39.412584]},"properties":{"id":"lindsey-lakes--nevada","name":"Lindsey Lakes","kind":"lake","evidence_class":"statewide_default","cdfw_stocked":true,"public_fishing":"yes","follow_up_priority":null}},{"type":"Feature","geometry":{"type":"Point","coordinates":[-120.61471,39.399052]},"properties":{"id":"long-lake-grouse-ridge--nevada","name":"Long Lake (Grouse Ridge)","kind":"lake","evidence_class":"statewide_default","cdfw_stocked":true,"public_fishing":"yes","follow_up_priority":null}},{"type":"Feature","geometry":{"type":"Point","coordinates":[-120.424267,39.348735]},"properties":{"id":"lower-lola-montez-lake--nevada","name":"Lower Lola Montez Lake","kind":"lake","evidence_class":"statewide_default","cdfw_stocked":true,"public_fishing":"yes","follow_up_priority":null}},{"type":"Feature","geometry":{"type":"Point","coordinates":[-120.621666,39.429172]},"properties":{"id":"lower-rock-lake--nevada","name":"Lower Rock Lake","kind":"lake","evidence_class":"statewide_default","cdfw_stocked":true,"public_fishing":"yes","follow_up_priority":null}},{"type":"Feature","geometry":{"type":"Point","coordinates":[-120.946818,39.268591]},"properties":{"id":"lower-scotts-flat-reservoir--nevada","name":"Lower Scotts Flat Reservoir","kind":"lake","evidence_class":"statewide_default","cdfw_stocked":true,"public_fishing":"unknown","follow_up_priority":null}},{"type":"Feature","geometry":{"type":"Point","coordinates":[-121.082483,39.2037]},"properties":{"id":"lyons-lake--nevada","name":"Lyons Lake","kind":"lake","evidence_class":"statewide_default","cdfw_stocked":true,"public_fishing":"unknown","follow_up_priority":null}},{"type":"Feature","geometry":{"type":"Point","coordinates":[-120.114061,39.320202]},"properties":{"id":"martis-creek-lake--nevada","name":"Martis Creek Lake","kind":"lake","evidence_class":"statewide_default","cdfw_stocked":true,"public_fishing":"restricted","follow_up_priority":null}},{"type":"Feature","geometry":{"type":"Point","coordinates":[-120.648507,39.460357]},"properties":{"id":"mcmurray-lake--nevada","name":"McMurray Lake","kind":"lake","evidence_class":"statewide_default","cdfw_stocked":false,"public_fishing":"yes","follow_up_priority":null}},{"type":"Feature","geometry":{"type":"Point","coordinates":[-120.495038,39.412784]},"properties":{"id":"meadow-lake--nevada","name":"Meadow Lake","kind":"lake","evidence_class":"statewide_default","cdfw_stocked":true,"public_fishing":"yes","follow_up_priority":null}},{"type":"Feature","geometry":{"type":"Point","coordinates":[-120.608381,39.394985]},"properties":{"id":"milk-lake--nevada","name":"Milk Lake","kind":"lake","evidence_class":"statewide_default","cdfw_stocked":true,"public_fishing":"yes","follow_up_priority":null}},{"type":"Feature","geometry":{"type":"Point","coordinates":[-120.576915,39.521374]},"properties":{"id":"milton-reservoir--nevada","name":"Milton Reservoir","kind":"lake","evidence_class":"statewide_default","cdfw_stocked":false,"public_fishing":"restricted","follow_up_priority":"high"}},{"type":"Feature","geometry":{"type":"Point","coordinates":[-120.156745,39.380375]},"properties":{"id":"prosser-creek-reservoir--nevada","name":"Prosser Creek Reservoir","kind":"lake","evidence_class":"statewide_default","cdfw_stocked":true,"public_fishing":"yes","follow_up_priority":"low"}},{"type":"Feature","geometry":{"type":"Point","coordinates":[-120.940649,39.152622]},"properties":{"id":"rollins-reservoir--nevada","name":"Rollins Reservoir","kind":"lake","evidence_class":"statewide_default","cdfw_stocked":true,"public_fishing":"yes","follow_up_priority":"low"}},{"type":"Feature","geometry":{"type":"Point","coordinates":[-120.602157,39.444901]},"properties":{"id":"sawmill-lake--nevada","name":"Sawmill Lake","kind":"lake","evidence_class":"statewide_default","cdfw_stocked":true,"public_fishing":"yes","follow_up_priority":"high"}},{"type":"Feature","geometry":{"type":"Point","coordinates":[-120.917553,39.277221]},"properties":{"id":"scotts-flat-reservoir--nevada","name":"Scotts Flat Reservoir","kind":"lake","evidence_class":"statewide_default","cdfw_stocked":true,"public_fishing":"yes","follow_up_priority":null}},{"type":"Feature","geometry":{"type":"Point","coordinates":[-120.51828,39.432919]},"properties":{"id":"tollhouse-lake--nevada","name":"Tollhouse Lake","kind":"lake","evidence_class":"statewide_default","cdfw_stocked":true,"public_fishing":"yes","follow_up_priority":null}},{"type":"Feature","geometry":{"type":"Point","coordinates":[-120.431106,39.350778]},"properties":{"id":"upper-lola-montez-lake--nevada","name":"Upper Lola Montez Lake","kind":"lake","evidence_class":"statewide_default","cdfw_stocked":false,"public_fishing":"yes","follow_up_priority":null}},{"type":"Feature","geometry":{"type":"Point","coordinates":[-120.616043,39.431384]},"properties":{"id":"upper-rock-lake--nevada","name":"Upper Rock Lake","kind":"lake","evidence_class":"statewide_default","cdfw_stocked":true,"public_fishing":"yes","follow_up_priority":null}},{"type":"Feature","geometry":{"type":"Point","coordinates":[-120.351961,39.396402]},"properties":{"id":"warren-lake--nevada","name":"Warren Lake","kind":"lake","evidence_class":"statewide_default","cdfw_stocked":true,"public_fishing":"yes","follow_up_priority":null}},{"type":"Feature","geometry":{"type":"Point","coordinates":[-120.657425,39.465278]},"properties":{"id":"weaver-lake--nevada","name":"Weaver Lake","kind":"lake","evidence_class":"statewide_default","cdfw_stocked":true,"public_fishing":"yes","follow_up_priority":null}},{"type":"Feature","geometry":{"type":"Point","coordinates":[-120.384497,39.419233]},"properties":{"id":"white-rock-lake--nevada","name":"White Rock Lake","kind":"lake","evidence_class":"statewide_default","cdfw_stocked":false,"public_fishing":"yes","follow_up_priority":"medium"}},{"type":"Feature","geometry":{"type":"Point","coordinates":[-117.847435,33.86494]},"properties":{"id":"anaheim-lake--orange","name":"Anaheim Lake","kind":"lake","evidence_class":"no_fishing","cdfw_stocked":false,"public_fishing":"no","follow_up_priority":null}},{"type":"Feature","geometry":{"type":"Point","coordinates":[-117.857088,33.611299]},"properties":{"id":"big-canyon-reservoir--orange","name":"Big Canyon Reservoir","kind":"lake","evidence_class":"no_fishing","cdfw_stocked":false,"public_fishing":"no","follow_up_priority":null}},{"type":"Feature","geometry":{"type":"Point","coordinates":[-117.83526,33.920207]},"properties":{"id":"carbon-canyon-regional-park-lake--orange","name":"Carbon Canyon Regional Park Lake","kind":"lake","evidence_class":"site_verified","cdfw_stocked":true,"public_fishing":"yes","follow_up_priority":null}},{"type":"Feature","geometry":{"type":"Point","coordinates":[-118.023462,33.721744]},"properties":{"id":"carr-park-lake--orange","name":"Carr Park Lake","kind":"lake","evidence_class":"statewide_default","cdfw_stocked":true,"public_fishing":"yes","follow_up_priority":"high"}},{"type":"Feature","geometry":{"type":"Point","coordinates":[-117.91227,33.725612]},"properties":{"id":"centennial-regional-park-lake--orange","name":"Centennial Regional Park Lake","kind":"lake","evidence_class":"statewide_default","cdfw_stocked":true,"public_fishing":"yes","follow_up_priority":"high"}},{"type":"Feature","geometry":{"type":"Point","coordinates":[-117.884782,33.906125]},"properties":{"id":"craig-regional-park-lake--orange","name":"Craig Regional Park Lake","kind":"lake","evidence_class":"site_verified","cdfw_stocked":false,"public_fishing":"yes","follow_up_priority":"medium"}},{"type":"Feature","geometry":{"type":"Point","coordinates":[-117.838413,33.835836]},"properties":{"id":"eisenhower-park-lake--orange","name":"Eisenhower Park Lake","kind":"lake","evidence_class":"statewide_default","cdfw_stocked":true,"public_fishing":"yes","follow_up_priority":"high"}},{"type":"Feature","geometry":{"type":"Point","coordinates":[-118.00857,33.736703]},"properties":{"id":"greer-park-lake--orange","name":"Greer Park Lake","kind":"lake","evidence_class":"statewide_default","cdfw_stocked":true,"public_fishing":"yes","follow_up_priority":"high"}},{"type":"Feature","geometry":{"type":"Point","coordinates":[-118.011377,33.698544]},"properties":{"id":"huntington-central-park-lake-lake-huntington--orange","name":"Huntington Central Park Lake (Lake Huntington)","kind":"lake","evidence_class":"statewide_default","cdfw_stocked":true,"public_fishing":"yes","follow_up_priority":"high"}},{"type":"Feature","geometry":{"type":"Point","coordinates":[-117.718433,33.777628]},"properties":{"id":"irvine-lake--orange","name":"Irvine Lake","kind":"lake","evidence_class":"user_verified","cdfw_stocked":false,"public_fishing":"yes","follow_up_priority":"low"}},{"type":"Feature","geometry":{"type":"Point","coordinates":[-117.751724,33.794753]},"properties":{"id":"irvine-regional-park-lake--orange","name":"Irvine Regional Park Lake","kind":"lake","evidence_class":"site_verified","cdfw_stocked":false,"public_fishing":"yes","follow_up_priority":"low"}},{"type":"Feature","geometry":{"type":"Point","coordinates":[-117.585493,33.651762]},"properties":{"id":"lago-santa-margarita--orange","name":"Lago Santa Margarita","kind":"lake","evidence_class":"unknown","cdfw_stocked":false,"public_fishing":"restricted","follow_up_priority":"high"}},{"type":"Feature","geometry":{"type":"Point","coordinates":[-117.936161,33.908199]},"properties":{"id":"laguna-lake-fullerton--orange","name":"Laguna Lake (Fullerton)","kind":"lake","evidence_class":"site_verified","cdfw_stocked":true,"public_fishing":"yes","follow_up_priority":"high"}},{"type":"Feature","geometry":{"type":"Point","coordinates":[-117.757447,33.609869]},"properties":{"id":"laguna-lakes-laguna-canyon--orange","name":"Laguna Lakes (Laguna Canyon)","kind":"lake","evidence_class":"statewide_default","cdfw_stocked":false,"public_fishing":"no","follow_up_priority":null}},{"type":"Feature","geometry":{"type":"Point","coordinates":[-117.705267,33.54674]},"properties":{"id":"laguna-niguel-lake--orange","name":"Laguna Niguel Lake","kind":"lake","evidence_class":"site_verified","cdfw_stocked":true,"public_fishing":"yes","follow_up_priority":"low"}},{"type":"Feature","geometry":{"type":"Point","coordinates":[-117.648118,33.626694]},"properties":{"id":"lake-mission-viejo--orange","name":"Lake Mission Viejo","kind":"lake","evidence_class":"unknown","cdfw_stocked":false,"public_fishing":"restricted","follow_up_priority":"high"}},{"type":"Feature","geometry":{"type":"Point","coordinates":[-117.941815,33.724126]},"properties":{"id":"mile-square-regional-park-lakes--orange","name":"Mile Square Regional Park Lakes","kind":"lake","evidence_class":"site_verified","cdfw_stocked":true,"public_fishing":"yes","follow_up_priority":null}},{"type":"Feature","geometry":{"type":"Point","coordinates":[-117.762956,33.781576]},"properties":{"id":"peters-canyon-reservoir-upper--orange","name":"Peters Canyon Reservoir (Upper)","kind":"lake","evidence_class":"statewide_default","cdfw_stocked":false,"public_fishing":"no","follow_up_priority":null}},{"type":"Feature","geometry":{"type":"Point","coordinates":[-117.978462,33.893621]},"properties":{"id":"ralph-b-clark-regional-park-lake--orange","name":"Ralph B. Clark Regional Park Lake","kind":"lake","evidence_class":"site_verified","cdfw_stocked":true,"public_fishing":"yes","follow_up_priority":null}},{"type":"Feature","geometry":{"type":"Point","coordinates":[-117.739025,33.728645]},"properties":{"id":"rattlesnake-reservoir--orange","name":"Rattlesnake Reservoir","kind":"lake","evidence_class":"no_fishing","cdfw_stocked":false,"public_fishing":"no","follow_up_priority":null}},{"type":"Feature","geometry":{"type":"Point","coordinates":[-117.842136,33.617288]},"properties":{"id":"san-joaquin-reservoir--orange","name":"San Joaquin Reservoir","kind":"lake","evidence_class":"no_fishing","cdfw_stocked":false,"public_fishing":"no","follow_up_priority":null}},{"type":"Feature","geometry":{"type":"Point","coordinates":[-117.79631,33.645512]},"properties":{"id":"sand-canyon-reservoir--orange","name":"Sand Canyon Reservoir","kind":"lake","evidence_class":"no_fishing","cdfw_stocked":false,"public_fishing":"no","follow_up_priority":null}},{"type":"Feature","geometry":{"type":"Point","coordinates":[-117.829002,33.85815]},"properties":{"id":"santa-ana-river-lakes--orange","name":"Santa Ana River Lakes","kind":"lake","evidence_class":"user_verified","cdfw_stocked":false,"public_fishing":"yes","follow_up_priority":"high"}},{"type":"Feature","geometry":{"type":"Point","coordinates":[-117.86653,33.90389]},"properties":{"id":"tri-city-park-lake--orange","name":"Tri-City Park Lake","kind":"lake","evidence_class":"site_verified","cdfw_stocked":true,"public_fishing":"yes","follow_up_priority":"high"}},{"type":"Feature","geometry":{"type":"Point","coordinates":[-117.630049,33.659188]},"properties":{"id":"upper-oso-reservoir--orange","name":"Upper Oso Reservoir","kind":"lake","evidence_class":"no_fishing","cdfw_stocked":false,"public_fishing":"no","follow_up_priority":null}},{"type":"Feature","geometry":{"type":"Point","coordinates":[-117.749859,33.841332]},"properties":{"id":"walnut-canyon-reservoir--orange","name":"Walnut Canyon Reservoir","kind":"lake","evidence_class":"no_fishing","cdfw_stocked":false,"public_fishing":"no","follow_up_priority":null}},{"type":"Feature","geometry":{"type":"Point","coordinates":[-117.822833,33.656132]},"properties":{"id":"william-r-mason-regional-park-lake--orange","name":"William R. Mason Regional Park Lake","kind":"lake","evidence_class":"statewide_default","cdfw_stocked":false,"public_fishing":"unknown","follow_up_priority":"high"}},{"type":"Feature","geometry":{"type":"Point","coordinates":[-117.797083,33.68024]},"properties":{"id":"woodbridge-lakes-north-lake-south-lake--orange","name":"Woodbridge Lakes (North Lake & South Lake)","kind":"lake","evidence_class":"unknown","cdfw_stocked":false,"public_fishing":"restricted","follow_up_priority":"high"}},{"type":"Feature","geometry":{"type":"Point","coordinates":[-117.765608,33.869134]},"properties":{"id":"yorba-regional-park-lakes--orange","name":"Yorba Regional Park Lakes","kind":"lake","evidence_class":"site_verified","cdfw_stocked":true,"public_fishing":"yes","follow_up_priority":null}},{"type":"Feature","geometry":{"type":"Point","coordinates":[-121.103669,38.953152]},"properties":{"id":"auburn-regional-park-pond--placer","name":"Auburn Regional Park Pond","kind":"lake","evidence_class":"statewide_default","cdfw_stocked":true,"public_fishing":"yes","follow_up_priority":"high"}},{"type":"Feature","geometry":{"type":"Point","coordinates":[-120.75376642,39.14230133]},"properties":{"id":"big-reservoir-morning-star-lake--placer","name":"Big Reservoir (Morning Star Lake)","kind":"lake","evidence_class":"statewide_default","cdfw_stocked":false,"public_fishing":"yes","follow_up_priority":"high"}},{"type":"Feature","geometry":{"type":"Point","coordinates":[-120.43003,39.30001]},"properties":{"id":"cascade-lakes--placer","name":"Cascade Lakes","kind":"lake","evidence_class":"statewide_default","cdfw_stocked":false,"public_fishing":"unknown","follow_up_priority":null}},{"type":"Feature","geometry":{"type":"Point","coordinates":[-120.2286,39.3167]},"properties":{"id":"coldstream-creek-pond--placer","name":"Coldstream Creek Pond","kind":"lake","evidence_class":"statewide_default","cdfw_stocked":true,"public_fishing":"unknown","follow_up_priority":null}},{"type":"Feature","geometry":{"type":"Point","coordinates":[-120.46938,39.11158]},"properties":{"id":"french-meadows-reservoir--placer","name":"French Meadows Reservoir","kind":"lake","evidence_class":"statewide_default","cdfw_stocked":true,"public_fishing":"yes","follow_up_priority":"low"}},{"type":"Feature","geometry":{"type":"Point","coordinates":[-121.03813,38.97234]},"properties":{"id":"halsey-forebay--placer","name":"Halsey Forebay","kind":"lake","evidence_class":"statewide_default","cdfw_stocked":true,"public_fishing":"yes","follow_up_priority":null}},{"type":"Feature","geometry":{"type":"Point","coordinates":[-120.40771,39.05824]},"properties":{"id":"hell-hole-reservoir--placer","name":"Hell Hole Reservoir","kind":"lake","evidence_class":"site_verified","cdfw_stocked":true,"public_fishing":"yes","follow_up_priority":"low"}},{"type":"Feature","geometry":{"type":"Point","coordinates":[-120.57852,39.30962]},"properties":{"id":"kelly-lake--placer","name":"Kelly Lake","kind":"lake","evidence_class":"statewide_default","cdfw_stocked":false,"public_fishing":"yes","follow_up_priority":null}},{"type":"Feature","geometry":{"type":"Point","coordinates":[-120.42782,39.3098]},"properties":{"id":"kidd-lake--placer","name":"Kidd Lake","kind":"lake","evidence_class":"statewide_default","cdfw_stocked":false,"public_fishing":"yes","follow_up_priority":"medium"}},{"type":"Feature","geometry":{"type":"Point","coordinates":[-121.02374045,38.93591161]},"properties":{"id":"lake-clementine--placer","name":"Lake Clementine","kind":"lake","evidence_class":"statewide_default","cdfw_stocked":false,"public_fishing":"yes","follow_up_priority":"medium"}},{"type":"Feature","geometry":{"type":"Point","coordinates":[-120.5827,39.29822]},"properties":{"id":"lake-valley-reservoir--placer","name":"Lake Valley Reservoir","kind":"lake","evidence_class":"statewide_default","cdfw_stocked":true,"public_fishing":"yes","follow_up_priority":null}},{"type":"Feature","geometry":{"type":"Point","coordinates":[-120.505239,39.287811]},"properties":{"id":"loch-leven-lakes-lower--placer","name":"Loch Leven Lakes (lower)","kind":"lake","evidence_class":"statewide_default","cdfw_stocked":true,"public_fishing":"yes","follow_up_priority":null}},{"type":"Feature","geometry":{"type":"Point","coordinates":[-120.49703,39.28634]},"properties":{"id":"loch-leven-lakes-upper--placer","name":"Loch Leven Lakes (upper)","kind":"lake","evidence_class":"statewide_default","cdfw_stocked":true,"public_fishing":"yes","follow_up_priority":null}},{"type":"Feature","geometry":{"type":"Point","coordinates":[-121.025594,38.994084]},"properties":{"id":"meadow-vista-park-pond--placer","name":"Meadow Vista Park Pond","kind":"lake","evidence_class":"statewide_default","cdfw_stocked":true,"public_fishing":"yes","follow_up_priority":"high"}},{"type":"Feature","geometry":{"type":"Point","coordinates":[-120.74096,39.00154]},"properties":{"id":"oxbow-reservoir-ralston-afterbay--placer","name":"Oxbow Reservoir (Ralston Afterbay)","kind":"lake","evidence_class":"statewide_default","cdfw_stocked":false,"public_fishing":"unknown","follow_up_priority":null}},{"type":"Feature","geometry":{"type":"Point","coordinates":[-120.79215,39.13393]},"properties":{"id":"sugar-pine-reservoir--placer","name":"Sugar Pine Reservoir","kind":"lake","evidence_class":"statewide_default","cdfw_stocked":true,"public_fishing":"yes","follow_up_priority":"low"}},{"type":"Feature","geometry":{"type":"Point","coordinates":[-121.08453,38.91314]},"properties":{"id":"wise-forebay--placer","name":"Wise Forebay","kind":"lake","evidence_class":"statewide_default","cdfw_stocked":true,"public_fishing":"yes","follow_up_priority":null}},{"type":"Feature","geometry":{"type":"Point","coordinates":[-120.591701,40.178944]},"properties":{"id":"antelope-lake--plumas","name":"Antelope Lake","kind":"lake","evidence_class":"statewide_default","cdfw_stocked":true,"public_fishing":"yes","follow_up_priority":"low"}},{"type":"Feature","geometry":{"type":"Point","coordinates":[-121.156492,40.078329]},"properties":{"id":"belden-forebay--plumas","name":"Belden Forebay","kind":"lake","evidence_class":"statewide_default","cdfw_stocked":false,"public_fishing":"unknown","follow_up_priority":"high"}},{"type":"Feature","geometry":{"type":"Point","coordinates":[-120.668892,39.690367]},"properties":{"id":"big-bear-lake-lakes-basin--plumas","name":"Big Bear Lake (Lakes Basin)","kind":"lake","evidence_class":"statewide_default","cdfw_stocked":true,"public_fishing":"yes","follow_up_priority":null}},{"type":"Feature","geometry":{"type":"Point","coordinates":[-121.192138,39.897681]},"properties":{"id":"bucks-lake--plumas","name":"Bucks Lake","kind":"lake","evidence_class":"statewide_default","cdfw_stocked":true,"public_fishing":"yes","follow_up_priority":"low"}},{"type":"Feature","geometry":{"type":"Point","coordinates":[-121.171632,40.142617]},"properties":{"id":"butt-valley-reservoir--plumas","name":"Butt Valley Reservoir","kind":"lake","evidence_class":"statewide_default","cdfw_stocked":true,"public_fishing":"yes","follow_up_priority":null}},{"type":"Feature","geometry":{"type":"Point","coordinates":[-120.884866,40.04803]},"properties":{"id":"crystal-lake--plumas","name":"Crystal Lake","kind":"lake","evidence_class":"statewide_default","cdfw_stocked":true,"public_fishing":"yes","follow_up_priority":null}},{"type":"Feature","geometry":{"type":"Point","coordinates":[-120.675252,39.691585]},"properties":{"id":"cub-lake--plumas","name":"Cub Lake","kind":"lake","evidence_class":"statewide_default","cdfw_stocked":false,"public_fishing":"yes","follow_up_priority":null}},{"type":"Feature","geometry":{"type":"Point","coordinates":[-121.161642,40.432411]},"properties":{"id":"echo-lake-chester--plumas","name":"Echo Lake (Chester)","kind":"lake","evidence_class":"statewide_default","cdfw_stocked":true,"public_fishing":"yes","follow_up_priority":"low"}},{"type":"Feature","geometry":{"type":"Point","coordinates":[-120.712689,39.760995]},"properties":{"id":"eureka-lake--plumas","name":"Eureka Lake","kind":"lake","evidence_class":"statewide_default","cdfw_stocked":true,"public_fishing":"yes","follow_up_priority":"low"}},{"type":"Feature","geometry":{"type":"Point","coordinates":[-120.185842,39.908016]},"properties":{"id":"frenchman-lake--plumas","name":"Frenchman Lake","kind":"lake","evidence_class":"statewide_default","cdfw_stocked":true,"public_fishing":"yes","follow_up_priority":null}},{"type":"Feature","geometry":{"type":"Point","coordinates":[-121.135529,39.941561]},"properties":{"id":"gold-lake-bucks-lake-wilderness--plumas","name":"Gold Lake (Bucks Lake Wilderness)","kind":"lake","evidence_class":"statewide_default","cdfw_stocked":false,"public_fishing":"yes","follow_up_priority":null}},{"type":"Feature","geometry":{"type":"Point","coordinates":[-120.615278,39.766908]},"properties":{"id":"graeagle-mill-pond--plumas","name":"Graeagle Mill Pond","kind":"lake","evidence_class":"statewide_default","cdfw_stocked":true,"public_fishing":"yes","follow_up_priority":null}},{"type":"Feature","geometry":{"type":"Point","coordinates":[-120.697895,39.726465]},"properties":{"id":"grass-lake-lakes-basin--plumas","name":"Grass Lake (Lakes Basin)","kind":"lake","evidence_class":"statewide_default","cdfw_stocked":false,"public_fishing":"yes","follow_up_priority":null}},{"type":"Feature","geometry":{"type":"Point","coordinates":[-121.288943,39.890079]},"properties":{"id":"grizzly-forebay--plumas","name":"Grizzly Forebay","kind":"lake","evidence_class":"statewide_default","cdfw_stocked":false,"public_fishing":"unknown","follow_up_priority":null}},{"type":"Feature","geometry":{"type":"Point","coordinates":[-120.684337,39.691916]},"properties":{"id":"hellgrammite-lake--plumas","name":"Hellgrammite Lake","kind":"lake","evidence_class":"statewide_default","cdfw_stocked":false,"public_fishing":"yes","follow_up_priority":null}},{"type":"Feature","geometry":{"type":"Point","coordinates":[-120.679521,39.716832]},"properties":{"id":"hidden-lake-lakes-basin--plumas","name":"Hidden Lake (Lakes Basin)","kind":"lake","evidence_class":"statewide_default","cdfw_stocked":false,"public_fishing":"yes","follow_up_priority":null}},{"type":"Feature","geometry":{"type":"Point","coordinates":[-120.966429,40.221048]},"properties":{"id":"homer-lake--plumas","name":"Homer Lake","kind":"lake","evidence_class":"statewide_default","cdfw_stocked":false,"public_fishing":"yes","follow_up_priority":null}},{"type":"Feature","geometry":{"type":"Point","coordinates":[-120.69964,39.70928]},"properties":{"id":"jamison-lake--plumas","name":"Jamison Lake","kind":"lake","evidence_class":"statewide_default","cdfw_stocked":false,"public_fishing":"yes","follow_up_priority":null}},{"type":"Feature","geometry":{"type":"Point","coordinates":[-121.154457,40.228988]},"properties":{"id":"lake-almanor--plumas","name":"Lake Almanor","kind":"lake","evidence_class":"statewide_default","cdfw_stocked":true,"public_fishing":"yes","follow_up_priority":"low"}},{"type":"Feature","geometry":{"type":"Point","coordinates":[-120.510536,39.912541]},"properties":{"id":"lake-davis--plumas","name":"Lake Davis","kind":"lake","evidence_class":"statewide_default","cdfw_stocked":true,"public_fishing":"yes","follow_up_priority":"low"}},{"type":"Feature","geometry":{"type":"Point","coordinates":[-120.659509,39.717016]},"properties":{"id":"lily-lake--plumas","name":"Lily Lake","kind":"lake","evidence_class":"statewide_default","cdfw_stocked":false,"public_fishing":"yes","follow_up_priority":null}},{"type":"Feature","geometry":{"type":"Point","coordinates":[-120.672103,39.691326]},"properties":{"id":"little-bear-lake--plumas","name":"Little Bear Lake","kind":"lake","evidence_class":"statewide_default","cdfw_stocked":false,"public_fishing":"yes","follow_up_priority":null}},{"type":"Feature","geometry":{"type":"Point","coordinates":[-120.9902,39.729179]},"properties":{"id":"little-grass-valley-reservoir--plumas","name":"Little Grass Valley Reservoir","kind":"lake","evidence_class":"statewide_default","cdfw_stocked":true,"public_fishing":"yes","follow_up_priority":"low"}},{"type":"Feature","geometry":{"type":"Point","coordinates":[-120.681359,39.700093]},"properties":{"id":"long-lake-lakes-basin--plumas","name":"Long Lake (Lakes Basin)","kind":"lake","evidence_class":"statewide_default","cdfw_stocked":false,"public_fishing":"yes","follow_up_priority":null}},{"type":"Feature","geometry":{"type":"Point","coordinates":[-121.219193,39.900292]},"properties":{"id":"lower-bucks-lake--plumas","name":"Lower Bucks Lake","kind":"lake","evidence_class":"statewide_default","cdfw_stocked":true,"public_fishing":"yes","follow_up_priority":"high"}},{"type":"Feature","geometry":{"type":"Point","coordinates":[-120.67252,39.782991]},"properties":{"id":"madora-lake--plumas","name":"Madora Lake","kind":"lake","evidence_class":"statewide_default","cdfw_stocked":false,"public_fishing":"yes","follow_up_priority":null}},{"type":"Feature","geometry":{"type":"Point","coordinates":[-120.688966,39.697109]},"properties":{"id":"mud-lake-lakes-basin--plumas","name":"Mud Lake (Lakes Basin)","kind":"lake","evidence_class":"statewide_default","cdfw_stocked":false,"public_fishing":"yes","follow_up_priority":null}},{"type":"Feature","geometry":{"type":"Point","coordinates":[-120.698855,39.715239]},"properties":{"id":"rock-lake-lakes-basin--plumas","name":"Rock Lake (Lakes Basin)","kind":"lake","evidence_class":"statewide_default","cdfw_stocked":false,"public_fishing":"yes","follow_up_priority":null}},{"type":"Feature","geometry":{"type":"Point","coordinates":[-120.679074,39.685569]},"properties":{"id":"round-lake-lakes-basin--plumas","name":"Round Lake (Lakes Basin)","kind":"lake","evidence_class":"statewide_default","cdfw_stocked":false,"public_fishing":"yes","follow_up_priority":null}},{"type":"Feature","geometry":{"type":"Point","coordinates":[-120.962192,40.113785]},"properties":{"id":"round-valley-reservoir--plumas","name":"Round Valley Reservoir","kind":"lake","evidence_class":"statewide_default","cdfw_stocked":true,"public_fishing":"yes","follow_up_priority":null}},{"type":"Feature","geometry":{"type":"Point","coordinates":[-121.13414,39.957949]},"properties":{"id":"silver-lake-bucks-lake-area--plumas","name":"Silver Lake (Bucks Lake area)","kind":"lake","evidence_class":"statewide_default","cdfw_stocked":false,"public_fishing":"yes","follow_up_priority":"low"}},{"type":"Feature","geometry":{"type":"Point","coordinates":[-121.019136,39.985729]},"properties":{"id":"smith-lake-meadow-valley--plumas","name":"Smith Lake (Meadow Valley)","kind":"lake","evidence_class":"statewide_default","cdfw_stocked":true,"public_fishing":"yes","follow_up_priority":null}},{"type":"Feature","geometry":{"type":"Point","coordinates":[-121.006358,39.977119]},"properties":{"id":"snake-lake--plumas","name":"Snake Lake","kind":"lake","evidence_class":"statewide_default","cdfw_stocked":true,"public_fishing":"yes","follow_up_priority":"low"}},{"type":"Feature","geometry":{"type":"Point","coordinates":[-121.388667,40.013159]},"properties":{"id":"spring-valley-lake--plumas","name":"Spring Valley Lake","kind":"lake","evidence_class":"statewide_default","cdfw_stocked":true,"public_fishing":"yes","follow_up_priority":null}},{"type":"Feature","geometry":{"type":"Point","coordinates":[-121.156987,40.417875]},"properties":{"id":"star-lake--plumas","name":"Star Lake","kind":"lake","evidence_class":"statewide_default","cdfw_stocked":true,"public_fishing":"yes","follow_up_priority":null}},{"type":"Feature","geometry":{"type":"Point","coordinates":[-120.718574,40.153788]},"properties":{"id":"taylor-lake--plumas","name":"Taylor Lake","kind":"lake","evidence_class":"statewide_default","cdfw_stocked":false,"public_fishing":"yes","follow_up_priority":null}},{"type":"Feature","geometry":{"type":"Point","coordinates":[-121.21972,39.969564]},"properties":{"id":"three-lakes-middle--plumas","name":"Three Lakes, Middle","kind":"lake","evidence_class":"statewide_default","cdfw_stocked":true,"public_fishing":"yes","follow_up_priority":"low"}},{"type":"Feature","geometry":{"type":"Point","coordinates":[-120.711806,39.711295]},"properties":{"id":"wades-lake--plumas","name":"Wades Lake","kind":"lake","evidence_class":"statewide_default","cdfw_stocked":true,"public_fishing":"yes","follow_up_priority":null}},{"type":"Feature","geometry":{"type":"Point","coordinates":[-116.977,33.992]},"properties":{"id":"bogart-park-pond--riverside","name":"Bogart Park Pond","kind":"lake","evidence_class":"site_verified","cdfw_stocked":true,"public_fishing":"yes","follow_up_priority":"low"}},{"type":"Feature","geometry":{"type":"Point","coordinates":[-117.253,33.685]},"properties":{"id":"canyon-lake--riverside","name":"Canyon Lake","kind":"lake","evidence_class":"site_verified","cdfw_stocked":false,"public_fishing":"restricted","follow_up_priority":"high"}},{"type":"Feature","geometry":{"type":"Point","coordinates":[-117.52,33.7975]},"properties":{"id":"corona-lake--riverside","name":"Corona Lake","kind":"lake","evidence_class":"no_fishing","cdfw_stocked":false,"public_fishing":"no","follow_up_priority":null}},{"type":"Feature","geometry":{"type":"Point","coordinates":[-117.0119,33.6847]},"properties":{"id":"diamond-valley-lake--riverside","name":"Diamond Valley Lake","kind":"lake","evidence_class":"statewide_default","cdfw_stocked":true,"public_fishing":"yes","follow_up_priority":"high"}},{"type":"Feature","geometry":{"type":"Point","coordinates":[-117.154,33.54]},"properties":{"id":"harveston-lake--riverside","name":"Harveston Lake","kind":"lake","evidence_class":"site_verified","cdfw_stocked":false,"public_fishing":"restricted","follow_up_priority":"high"}},{"type":"Feature","geometry":{"type":"Point","coordinates":[-116.27391300088578,33.63266259469634]},"properties":{"id":"lake-cahuilla--riverside","name":"Lake Cahuilla","kind":"lake","evidence_class":"site_verified","cdfw_stocked":true,"public_fishing":"yes","follow_up_priority":"low"}},{"type":"Feature","geometry":{"type":"Point","coordinates":[-117.35,33.665]},"properties":{"id":"lake-elsinore--riverside","name":"Lake Elsinore","kind":"lake","evidence_class":"statewide_default","cdfw_stocked":true,"public_fishing":"yes","follow_up_priority":"low"}},{"type":"Feature","geometry":{"type":"Point","coordinates":[-117.37958622327392,33.99597896533475]},"properties":{"id":"lake-evans--riverside","name":"Lake Evans","kind":"lake","evidence_class":"statewide_default","cdfw_stocked":true,"public_fishing":"yes","follow_up_priority":"high"}},{"type":"Feature","geometry":{"type":"Point","coordinates":[-116.7795936584136,33.80514986681261]},"properties":{"id":"lake-fulmor--riverside","name":"Lake Fulmor","kind":"lake","evidence_class":"site_verified","cdfw_stocked":true,"public_fishing":"yes","follow_up_priority":null}},{"type":"Feature","geometry":{"type":"Point","coordinates":[-116.69302424786987,33.66611822124227]},"properties":{"id":"lake-hemet--riverside","name":"Lake Hemet","kind":"lake","evidence_class":"site_verified","cdfw_stocked":true,"public_fishing":"yes","follow_up_priority":"low"}},{"type":"Feature","geometry":{"type":"Point","coordinates":[-117.437492964978,33.84117309545789]},"properties":{"id":"lake-mathews--riverside","name":"Lake Mathews","kind":"lake","evidence_class":"no_fishing","cdfw_stocked":false,"public_fishing":"no","follow_up_priority":null}},{"type":"Feature","geometry":{"type":"Point","coordinates":[-117.57070917711053,33.9241225623052]},"properties":{"id":"lake-norconian--riverside","name":"Lake Norconian","kind":"lake","evidence_class":"no_fishing","cdfw_stocked":false,"public_fishing":"no","follow_up_priority":null}},{"type":"Feature","geometry":{"type":"Point","coordinates":[-117.17325218746113,33.85748725030739]},"properties":{"id":"lake-perris--riverside","name":"Lake Perris","kind":"lake","evidence_class":"site_verified","cdfw_stocked":true,"public_fishing":"yes","follow_up_priority":null}},{"type":"Feature","geometry":{"type":"Point","coordinates":[-116.79858028766365,33.516408039374376]},"properties":{"id":"lake-riverside--riverside","name":"Lake Riverside","kind":"lake","evidence_class":"statewide_default","cdfw_stocked":false,"public_fishing":"restricted","follow_up_priority":null}},{"type":"Feature","geometry":{"type":"Point","coordinates":[-117.05435525211149,33.58862264524711]},"properties":{"id":"lake-skinner--riverside","name":"Lake Skinner","kind":"lake","evidence_class":"site_verified","cdfw_stocked":true,"public_fishing":"yes","follow_up_priority":"low"}},{"type":"Feature","geometry":{"type":"Point","coordinates":[-116.91707153664446,33.72762337003587]},"properties":{"id":"little-lake-hemet--riverside","name":"Little Lake (Hemet)","kind":"lake","evidence_class":"statewide_default","cdfw_stocked":true,"public_fishing":"yes","follow_up_priority":"high"}},{"type":"Feature","geometry":{"type":"Point","coordinates":[-114.4720381578496,34.02267974746723]},"properties":{"id":"lost-lake-colorado-river-blythe--riverside","name":"Lost Lake (Colorado River, Blythe)","kind":"lake","evidence_class":"statewide_default","cdfw_stocked":false,"public_fishing":"unknown","follow_up_priority":null}},{"type":"Feature","geometry":{"type":"Point","coordinates":[-117.413946,33.982089]},"properties":{"id":"rancho-jurupa-park-lakes--riverside","name":"Rancho Jurupa Park Lakes","kind":"lake","evidence_class":"site_verified","cdfw_stocked":true,"public_fishing":"yes","follow_up_priority":"low"}},{"type":"Feature","geometry":{"type":"Point","coordinates":[-117.006,33.803]},"properties":{"id":"reflection-lake--riverside","name":"Reflection Lake","kind":"lake","evidence_class":"site_verified","cdfw_stocked":false,"public_fishing":"restricted","follow_up_priority":null}},{"type":"Feature","geometry":{"type":"Point","coordinates":[-116.96919116689658,33.490026352335924]},"properties":{"id":"vail-lake--riverside","name":"Vail Lake","kind":"lake","evidence_class":"unknown","cdfw_stocked":false,"public_fishing":"restricted","follow_up_priority":"high"}},{"type":"Feature","geometry":{"type":"Point","coordinates":[-116.6565,33.9885]},"properties":{"id":"whitewater-preserve-ponds--riverside","name":"Whitewater Preserve Ponds","kind":"lake","evidence_class":"unknown","cdfw_stocked":false,"public_fishing":"no","follow_up_priority":"high"}},{"type":"Feature","geometry":{"type":"Point","coordinates":[-121.2069,38.6297]},"properties":{"id":"aerojet-pond--sacramento","name":"Aerojet Pond","kind":"lake","evidence_class":"statewide_default","cdfw_stocked":true,"public_fishing":"unknown","follow_up_priority":null}},{"type":"Feature","geometry":{"type":"Point","coordinates":[-121.21,38.52044]},"properties":{"id":"blodgett-reservoir--sacramento","name":"Blodgett Reservoir","kind":"lake","evidence_class":"statewide_default","cdfw_stocked":false,"public_fishing":"unknown","follow_up_priority":null}},{"type":"Feature","geometry":{"type":"Point","coordinates":[-121.375783,38.395001]},"properties":{"id":"elk-grove-regional-park-pond--sacramento","name":"Elk Grove Regional Park Pond","kind":"lake","evidence_class":"statewide_default","cdfw_stocked":true,"public_fishing":"yes","follow_up_priority":"high"}},{"type":"Feature","geometry":{"type":"Point","coordinates":[-121.4399535,38.4865745]},"properties":{"id":"florin-creek-park-pond--sacramento","name":"Florin Creek Park Pond","kind":"lake","evidence_class":"statewide_default","cdfw_stocked":true,"public_fishing":"yes","follow_up_priority":"high"}},{"type":"Feature","geometry":{"type":"Point","coordinates":[-121.40443,38.72603]},"properties":{"id":"gibson-ranch-lake--sacramento","name":"Gibson Ranch Lake","kind":"lake","evidence_class":"site_verified","cdfw_stocked":true,"public_fishing":"yes","follow_up_priority":null}},{"type":"Feature","geometry":{"type":"Point","coordinates":[-121.40581,38.544121]},"properties":{"id":"granite-regional-park-pond--sacramento","name":"Granite Regional Park Pond","kind":"lake","evidence_class":"site_verified","cdfw_stocked":true,"public_fishing":"yes","follow_up_priority":"high"}},{"type":"Feature","geometry":{"type":"Point","coordinates":[-121.309022,38.604826]},"properties":{"id":"hagan-community-park-pond--sacramento","name":"Hagan Community Park Pond","kind":"lake","evidence_class":"statewide_default","cdfw_stocked":true,"public_fishing":"yes","follow_up_priority":"high"}},{"type":"Feature","geometry":{"type":"Point","coordinates":[-121.4120954,38.6051583]},"properties":{"id":"howe-community-park-lake--sacramento","name":"Howe Community Park Lake","kind":"lake","evidence_class":"statewide_default","cdfw_stocked":true,"public_fishing":"yes","follow_up_priority":"high"}},{"type":"Feature","geometry":{"type":"Point","coordinates":[-121.08143,38.51992]},"properties":{"id":"lake-calero--sacramento","name":"Lake Calero","kind":"lake","evidence_class":"statewide_default","cdfw_stocked":false,"public_fishing":"restricted","follow_up_priority":null}},{"type":"Feature","geometry":{"type":"Point","coordinates":[-121.07537,38.51017]},"properties":{"id":"lake-chesbro--sacramento","name":"Lake Chesbro","kind":"lake","evidence_class":"statewide_default","cdfw_stocked":false,"public_fishing":"restricted","follow_up_priority":null}},{"type":"Feature","geometry":{"type":"Point","coordinates":[-121.06823,38.50588]},"properties":{"id":"lake-clementia--sacramento","name":"Lake Clementia","kind":"lake","evidence_class":"statewide_default","cdfw_stocked":false,"public_fishing":"restricted","follow_up_priority":null}},{"type":"Feature","geometry":{"type":"Point","coordinates":[-121.53537,38.50868]},"properties":{"id":"lake-greenhaven--sacramento","name":"Lake Greenhaven","kind":"lake","evidence_class":"statewide_default","cdfw_stocked":false,"public_fishing":"restricted","follow_up_priority":null}},{"type":"Feature","geometry":{"type":"Point","coordinates":[-121.20477,38.64079]},"properties":{"id":"lake-natoma--sacramento","name":"Lake Natoma","kind":"lake","evidence_class":"statewide_default","cdfw_stocked":false,"public_fishing":"yes","follow_up_priority":"medium"}},{"type":"Feature","geometry":{"type":"Point","coordinates":[-121.25411,38.55615]},"properties":{"id":"mather-lake--sacramento","name":"Mather Lake","kind":"lake","evidence_class":"site_verified","cdfw_stocked":true,"public_fishing":"yes","follow_up_priority":null}},{"type":"Feature","geometry":{"type":"Point","coordinates":[-121.5172,38.6589]},"properties":{"id":"north-natomas-regional-park-pond--sacramento","name":"North Natomas Regional Park Pond","kind":"lake","evidence_class":"site_verified","cdfw_stocked":true,"public_fishing":"yes","follow_up_priority":"high"}},{"type":"Feature","geometry":{"type":"Point","coordinates":[-121.1036848,38.338036]},"properties":{"id":"rancho-seco-lake--sacramento","name":"Rancho Seco Lake","kind":"lake","evidence_class":"site_verified","cdfw_stocked":true,"public_fishing":"yes","follow_up_priority":null}},{"type":"Feature","geometry":{"type":"Point","coordinates":[-121.7983,38.04048]},"properties":{"id":"sherman-lake--sacramento","name":"Sherman Lake","kind":"lake","evidence_class":"statewide_default","cdfw_stocked":false,"public_fishing":"yes","follow_up_priority":null}},{"type":"Feature","geometry":{"type":"Point","coordinates":[-121.502989,38.568001]},"properties":{"id":"southside-park-pond--sacramento","name":"Southside Park Pond","kind":"lake","evidence_class":"site_verified","cdfw_stocked":true,"public_fishing":"yes","follow_up_priority":"high"}},{"type":"Feature","geometry":{"type":"Point","coordinates":[-121.4994,38.5394]},"properties":{"id":"william-land-park-pond--sacramento","name":"William Land Park Pond","kind":"lake","evidence_class":"site_verified","cdfw_stocked":true,"public_fishing":"yes","follow_up_priority":"high"}},{"type":"Feature","geometry":{"type":"Point","coordinates":[-121.15508,38.64618]},"properties":{"id":"willow-hill-reservoir--sacramento","name":"Willow Hill Reservoir","kind":"lake","evidence_class":"statewide_default","cdfw_stocked":true,"public_fishing":"yes","follow_up_priority":"high"}},{"type":"Feature","geometry":{"type":"Point","coordinates":[-121.1891054348514,36.4721704037836]},"properties":{"id":"bear-gulch-reservoir--san-benito","name":"Bear Gulch Reservoir","kind":"lake","evidence_class":"unknown","cdfw_stocked":false,"public_fishing":"unknown","follow_up_priority":"high"}},{"type":"Feature","geometry":{"type":"Point","coordinates":[-120.83496540313665,36.394584463168364]},"properties":{"id":"hernandez-reservoir--san-benito","name":"Hernandez Reservoir","kind":"lake","evidence_class":"unknown","cdfw_stocked":false,"public_fishing":"unknown","follow_up_priority":"high"}},{"type":"Feature","geometry":{"type":"Point","coordinates":[-121.28490906118853,36.72654752286081]},"properties":{"id":"paicines-reservoir--san-benito","name":"Paicines Reservoir","kind":"lake","evidence_class":"unknown","cdfw_stocked":false,"public_fishing":"no","follow_up_priority":"high"}},{"type":"Feature","geometry":{"type":"Point","coordinates":[-121.44386001015451,36.82064191043542]},"properties":{"id":"san-justo-reservoir--san-benito","name":"San Justo Reservoir","kind":"lake","evidence_class":"site_verified","cdfw_stocked":false,"public_fishing":"no","follow_up_priority":"low"}},{"type":"Feature","geometry":{"type":"Point","coordinates":[-117.07748850381475,34.21214266437292]},"properties":{"id":"arrowbear-lake--san-bernardino","name":"Arrowbear Lake","kind":"lake","evidence_class":"statewide_default","cdfw_stocked":true,"public_fishing":"yes","follow_up_priority":"high"}},{"type":"Feature","geometry":{"type":"Point","coordinates":[-116.9114,34.2439]},"properties":{"id":"big-bear-lake--san-bernardino","name":"Big Bear Lake","kind":"lake","evidence_class":"site_verified","cdfw_stocked":true,"public_fishing":"yes","follow_up_priority":null}},{"type":"Feature","geometry":{"type":"Point","coordinates":[-116.96825431209014,34.220546182004334]},"properties":{"id":"bluff-lake--san-bernardino","name":"Bluff Lake","kind":"lake","evidence_class":"unknown","cdfw_stocked":false,"public_fishing":"no","follow_up_priority":"high"}},{"type":"Feature","geometry":{"type":"Point","coordinates":[-114.22995934929625,34.286789560199566]},"properties":{"id":"copper-basin-reservoir--san-bernardino","name":"Copper Basin Reservoir","kind":"lake","evidence_class":"no_fishing","cdfw_stocked":false,"public_fishing":"no","follow_up_priority":null}},{"type":"Feature","geometry":{"type":"Point","coordinates":[-117.5928,34.0708]},"properties":{"id":"cucamonga-guasti-regional-park-lakes--san-bernardino","name":"Cucamonga-Guasti Regional Park Lakes","kind":"lake","evidence_class":"site_verified","cdfw_stocked":true,"public_fishing":"yes","follow_up_priority":null}},{"type":"Feature","geometry":{"type":"Point","coordinates":[-117.1607028,34.0439078]},"properties":{"id":"ford-park-ponds--san-bernardino","name":"Ford Park Ponds","kind":"lake","evidence_class":"statewide_default","cdfw_stocked":true,"public_fishing":"yes","follow_up_priority":"high"}},{"type":"Feature","geometry":{"type":"Point","coordinates":[-114.17259256424818,34.30069844883011]},"properties":{"id":"gene-wash-reservoir--san-bernardino","name":"Gene Wash Reservoir","kind":"lake","evidence_class":"no_fishing","cdfw_stocked":false,"public_fishing":"no","follow_up_priority":null}},{"type":"Feature","geometry":{"type":"Point","coordinates":[-117.394,34.228]},"properties":{"id":"glen-helen-regional-park-lakes--san-bernardino","name":"Glen Helen Regional Park Lakes","kind":"lake","evidence_class":"site_verified","cdfw_stocked":true,"public_fishing":"yes","follow_up_priority":null}},{"type":"Feature","geometry":{"type":"Point","coordinates":[-117.08095794656236,34.23819089376865]},"properties":{"id":"green-valley-lake--san-bernardino","name":"Green Valley Lake","kind":"lake","evidence_class":"statewide_default","cdfw_stocked":true,"public_fishing":"yes","follow_up_priority":"low"}},{"type":"Feature","geometry":{"type":"Point","coordinates":[-117.256,34.4035]},"properties":{"id":"hesperia-lake--san-bernardino","name":"Hesperia Lake","kind":"lake","evidence_class":"site_verified","cdfw_stocked":false,"public_fishing":"yes","follow_up_priority":null}},{"type":"Feature","geometry":{"type":"Point","coordinates":[-117.2769426914128,34.51357615888586]},"properties":{"id":"horseshoe-lake--san-bernardino","name":"Horseshoe Lake","kind":"lake","evidence_class":"site_verified","cdfw_stocked":true,"public_fishing":"yes","follow_up_priority":null}},{"type":"Feature","geometry":{"type":"Point","coordinates":[-116.88192517393549,34.16434422307123]},"properties":{"id":"jenks-lake--san-bernardino","name":"Jenks Lake","kind":"lake","evidence_class":"statewide_default","cdfw_stocked":true,"public_fishing":"yes","follow_up_priority":null}},{"type":"Feature","geometry":{"type":"Point","coordinates":[-117.23619204956496,34.45930095890648]},"properties":{"id":"jess-ranch-lakes--san-bernardino","name":"Jess Ranch Lakes","kind":"lake","evidence_class":"statewide_default","cdfw_stocked":false,"public_fishing":"yes","follow_up_priority":null}},{"type":"Feature","geometry":{"type":"Point","coordinates":[-117.1889,34.2589]},"properties":{"id":"lake-arrowhead--san-bernardino","name":"Lake Arrowhead","kind":"lake","evidence_class":"site_verified","cdfw_stocked":false,"public_fishing":"restricted","follow_up_priority":"high"}},{"type":"Feature","geometry":{"type":"Point","coordinates":[-117.269316223721,34.24308589289174]},"properties":{"id":"lake-gregory--san-bernardino","name":"Lake Gregory","kind":"lake","evidence_class":"site_verified","cdfw_stocked":true,"public_fishing":"yes","follow_up_priority":null}},{"type":"Feature","geometry":{"type":"Point","coordinates":[-114.33,34.47]},"properties":{"id":"lake-havasu--san-bernardino","name":"Lake Havasu","kind":"lake","evidence_class":"unknown","cdfw_stocked":false,"public_fishing":"yes","follow_up_priority":"high"}},{"type":"Feature","geometry":{"type":"Point","coordinates":[-117.3234635914196,34.29373253518316]},"properties":{"id":"lake-silverwood--san-bernardino","name":"Lake Silverwood","kind":"lake","evidence_class":"site_verified","cdfw_stocked":true,"public_fishing":"yes","follow_up_priority":null}},{"type":"Feature","geometry":{"type":"Point","coordinates":[-117.46524291853949,34.272909142604746]},"properties":{"id":"lost-lake-cajon-pass--san-bernardino","name":"Lost Lake (Cajon Pass)","kind":"lake","evidence_class":"statewide_default","cdfw_stocked":false,"public_fishing":"yes","follow_up_priority":"low"}},{"type":"Feature","geometry":{"type":"Point","coordinates":[-114.26583449273737,34.17115319352825]},"properties":{"id":"moovalya-lake-parker-strip--san-bernardino","name":"Moovalya Lake (Parker Strip)","kind":"lake","evidence_class":"unknown","cdfw_stocked":false,"public_fishing":"yes","follow_up_priority":"high"}},{"type":"Feature","geometry":{"type":"Point","coordinates":[-117.489,34.24]},"properties":{"id":"mountain-lakes-resort-upper-lower-mountain-lakes--san-bernardino","name":"Mountain Lakes Resort (Upper & Lower Mountain Lakes)","kind":"lake","evidence_class":"statewide_default","cdfw_stocked":false,"public_fishing":"yes","follow_up_priority":null}},{"type":"Feature","geometry":{"type":"Point","coordinates":[-117.643,33.944]},"properties":{"id":"prado-regional-park-lake--san-bernardino","name":"Prado Regional Park Lake","kind":"lake","evidence_class":"site_verified","cdfw_stocked":true,"public_fishing":"restricted","follow_up_priority":"low"}},{"type":"Feature","geometry":{"type":"Point","coordinates":[-117.2818913854472,34.109554997062716]},"properties":{"id":"seccombe-lake--san-bernardino","name":"Seccombe Lake","kind":"lake","evidence_class":"statewide_default","cdfw_stocked":true,"public_fishing":"yes","follow_up_priority":"high"}},{"type":"Feature","geometry":{"type":"Point","coordinates":[-117.34644919242949,34.73499168399758]},"properties":{"id":"silver-lakes-north-south-lakes--san-bernardino","name":"Silver Lakes (North & South Lakes)","kind":"lake","evidence_class":"unknown","cdfw_stocked":false,"public_fishing":"restricted","follow_up_priority":"high"}},{"type":"Feature","geometry":{"type":"Point","coordinates":[-117.2675,34.4955]},"properties":{"id":"spring-valley-lake--san-bernardino","name":"Spring Valley Lake","kind":"lake","evidence_class":"site_verified","cdfw_stocked":false,"public_fishing":"restricted","follow_up_priority":"high"}},{"type":"Feature","geometry":{"type":"Point","coordinates":[-117.022,34.053]},"properties":{"id":"yucaipa-regional-park-lakes--san-bernardino","name":"Yucaipa Regional Park Lakes","kind":"lake","evidence_class":"site_verified","cdfw_stocked":true,"public_fishing":"yes","follow_up_priority":null}},{"type":"Feature","geometry":{"type":"Point","coordinates":[-116.663456,32.691161]},"properties":{"id":"barrett-reservoir--san-diego","name":"Barrett Reservoir","kind":"lake","evidence_class":"user_verified","cdfw_stocked":false,"public_fishing":"restricted","follow_up_priority":null}},{"type":"Feature","geometry":{"type":"Point","coordinates":[-116.462865,32.880795]},"properties":{"id":"big-laguna-lake--san-diego","name":"Big Laguna Lake","kind":"lake","evidence_class":"statewide_default","cdfw_stocked":false,"public_fishing":"unknown","follow_up_priority":null}},{"type":"Feature","geometry":{"type":"Point","coordinates":[-117.421573,33.449893]},"properties":{"id":"case-springs-lake--san-diego","name":"Case Springs Lake","kind":"lake","evidence_class":"site_verified","cdfw_stocked":false,"public_fishing":"restricted","follow_up_priority":"high"}},{"type":"Feature","geometry":{"type":"Point","coordinates":[-117.063315,32.73702]},"properties":{"id":"chollas-lake--san-diego","name":"Chollas Lake","kind":"lake","evidence_class":"site_verified","cdfw_stocked":true,"public_fishing":"restricted","follow_up_priority":"low"}},{"type":"Feature","geometry":{"type":"Point","coordinates":[-117.177718,33.122917]},"properties":{"id":"discovery-lake--san-diego","name":"Discovery Lake","kind":"lake","evidence_class":"site_verified","cdfw_stocked":false,"public_fishing":"yes","follow_up_priority":"high"}},{"type":"Feature","geometry":{"type":"Point","coordinates":[-117.045813,33.16078]},"properties":{"id":"dixon-lake--san-diego","name":"Dixon Lake","kind":"lake","evidence_class":"user_verified","cdfw_stocked":false,"public_fishing":"yes","follow_up_priority":"high"}},{"type":"Feature","geometry":{"type":"Point","coordinates":[-116.901386,33.340067]},"properties":{"id":"doane-pond--san-diego","name":"Doane Pond","kind":"lake","evidence_class":"site_verified","cdfw_stocked":true,"public_fishing":"yes","follow_up_priority":null}},{"type":"Feature","geometry":{"type":"Point","coordinates":[-116.93889,32.99806]},"properties":{"id":"dos-picos-county-park-pond--san-diego","name":"Dos Picos County Park Pond","kind":"lake","evidence_class":"statewide_default","cdfw_stocked":false,"public_fishing":"yes","follow_up_priority":"medium"}},{"type":"Feature","geometry":{"type":"Point","coordinates":[-116.781788,32.908252]},"properties":{"id":"el-capitan-reservoir--san-diego","name":"El Capitan Reservoir","kind":"lake","evidence_class":"site_verified","cdfw_stocked":true,"public_fishing":"yes","follow_up_priority":"low"}},{"type":"Feature","geometry":{"type":"Point","coordinates":[-117.27823,33.244902]},"properties":{"id":"guajome-lake--san-diego","name":"Guajome Lake","kind":"lake","evidence_class":"statewide_default","cdfw_stocked":false,"public_fishing":"yes","follow_up_priority":"medium"}},{"type":"Feature","geometry":{"type":"Point","coordinates":[-117.106407,33.060961]},"properties":{"id":"hodges-reservoir--san-diego","name":"Hodges Reservoir","kind":"lake","evidence_class":"site_verified","cdfw_stocked":false,"public_fishing":"yes","follow_up_priority":"medium"}},{"type":"Feature","geometry":{"type":"Point","coordinates":[-117.0332,32.83975]},"properties":{"id":"kumeyaay-lake--san-diego","name":"Kumeyaay Lake","kind":"lake","evidence_class":"site_verified","cdfw_stocked":false,"public_fishing":"yes","follow_up_priority":"medium"}},{"type":"Feature","geometry":{"type":"Point","coordinates":[-117.283222,33.170973]},"properties":{"id":"lake-calavera--san-diego","name":"Lake Calavera","kind":"lake","evidence_class":"site_verified","cdfw_stocked":false,"public_fishing":"no","follow_up_priority":"high"}},{"type":"Feature","geometry":{"type":"Point","coordinates":[-116.571516,32.988902]},"properties":{"id":"lake-cuyamaca--san-diego","name":"Lake Cuyamaca","kind":"lake","evidence_class":"user_verified","cdfw_stocked":true,"public_fishing":"yes","follow_up_priority":null}},{"type":"Feature","geometry":{"type":"Point","coordinates":[-116.745442,33.236703]},"properties":{"id":"lake-henshaw--san-diego","name":"Lake Henshaw","kind":"lake","evidence_class":"statewide_default","cdfw_stocked":false,"public_fishing":"yes","follow_up_priority":"medium"}},{"type":"Feature","geometry":{"type":"Point","coordinates":[-116.887581,32.858078]},"properties":{"id":"lake-jennings--san-diego","name":"Lake Jennings","kind":"lake","evidence_class":"user_verified","cdfw_stocked":true,"public_fishing":"yes","follow_up_priority":null}},{"type":"Feature","geometry":{"type":"Point","coordinates":[-116.534264,32.685528]},"properties":{"id":"lake-morena--san-diego","name":"Lake Morena","kind":"lake","evidence_class":"site_verified","cdfw_stocked":true,"public_fishing":"yes","follow_up_priority":null}},{"type":"Feature","geometry":{"type":"Point","coordinates":[-117.322763,33.329562]},"properties":{"id":"lake-o-neill--san-diego","name":"Lake O'Neill","kind":"lake","evidence_class":"site_verified","cdfw_stocked":false,"public_fishing":"restricted","follow_up_priority":"low"}},{"type":"Feature","geometry":{"type":"Point","coordinates":[-117.00994,33.006921]},"properties":{"id":"lake-poway--san-diego","name":"Lake Poway","kind":"lake","evidence_class":"user_verified","cdfw_stocked":false,"public_fishing":"yes","follow_up_priority":"low"}},{"type":"Feature","geometry":{"type":"Point","coordinates":[-117.207858,33.119415]},"properties":{"id":"lake-san-marcos--san-diego","name":"Lake San Marcos","kind":"lake","evidence_class":"unknown","cdfw_stocked":false,"public_fishing":"restricted","follow_up_priority":"high"}},{"type":"Feature","geometry":{"type":"Point","coordinates":[-116.994693,33.172811]},"properties":{"id":"lake-wohlford--san-diego","name":"Lake Wohlford","kind":"lake","evidence_class":"user_verified","cdfw_stocked":true,"public_fishing":"yes","follow_up_priority":"high"}},{"type":"Feature","geometry":{"type":"Point","coordinates":[-116.918444,32.85903]},"properties":{"id":"lindo-lake--san-diego","name":"Lindo Lake","kind":"lake","evidence_class":"statewide_default","cdfw_stocked":true,"public_fishing":"yes","follow_up_priority":"high"}},{"type":"Feature","geometry":{"type":"Point","coordinates":[-116.774788,32.787185]},"properties":{"id":"loveland-reservoir--san-diego","name":"Loveland Reservoir","kind":"lake","evidence_class":"site_verified","cdfw_stocked":false,"public_fishing":"yes","follow_up_priority":"high"}},{"type":"Feature","geometry":{"type":"Point","coordinates":[-116.923374,32.627237]},"properties":{"id":"lower-otay-reservoir--san-diego","name":"Lower Otay Reservoir","kind":"lake","evidence_class":"site_verified","cdfw_stocked":true,"public_fishing":"yes","follow_up_priority":"low"}},{"type":"Feature","geometry":{"type":"Point","coordinates":[-117.098583,32.916172]},"properties":{"id":"miramar-reservoir--san-diego","name":"Miramar Reservoir","kind":"lake","evidence_class":"user_verified","cdfw_stocked":true,"public_fishing":"yes","follow_up_priority":null}},{"type":"Feature","geometry":{"type":"Point","coordinates":[-117.042758,32.786799]},"properties":{"id":"murray-reservoir--san-diego","name":"Murray Reservoir","kind":"lake","evidence_class":"site_verified","cdfw_stocked":true,"public_fishing":"yes","follow_up_priority":null}},{"type":"Feature","geometry":{"type":"Point","coordinates":[-117.134509,33.073935]},"properties":{"id":"olivenhain-reservoir--san-diego","name":"Olivenhain Reservoir","kind":"lake","evidence_class":"no_fishing","cdfw_stocked":false,"public_fishing":"no","follow_up_priority":null}},{"type":"Feature","geometry":{"type":"Point","coordinates":[-117.19377,33.039484]},"properties":{"id":"san-dieguito-reservoir--san-diego","name":"San Dieguito Reservoir","kind":"lake","evidence_class":"no_fishing","cdfw_stocked":false,"public_fishing":"no","follow_up_priority":null}},{"type":"Feature","geometry":{"type":"Point","coordinates":[-116.917576,32.919887]},"properties":{"id":"san-vicente-reservoir--san-diego","name":"San Vicente Reservoir","kind":"lake","evidence_class":"user_verified","cdfw_stocked":true,"public_fishing":"yes","follow_up_priority":"low"}},{"type":"Feature","geometry":{"type":"Point","coordinates":[-117.006921,32.855761]},"properties":{"id":"santee-lakes--san-diego","name":"Santee Lakes","kind":"lake","evidence_class":"user_verified","cdfw_stocked":false,"public_fishing":"yes","follow_up_priority":null}},{"type":"Feature","geometry":{"type":"Point","coordinates":[-116.782352,33.1115]},"properties":{"id":"sutherland-reservoir--san-diego","name":"Sutherland Reservoir","kind":"lake","evidence_class":"site_verified","cdfw_stocked":false,"public_fishing":"yes","follow_up_priority":"medium"}},{"type":"Feature","geometry":{"type":"Point","coordinates":[-116.988915,32.697658]},"properties":{"id":"sweetwater-reservoir--san-diego","name":"Sweetwater Reservoir","kind":"lake","evidence_class":"site_verified","cdfw_stocked":false,"public_fishing":"yes","follow_up_priority":"medium"}},{"type":"Feature","geometry":{"type":"Point","coordinates":[-117.077429,33.22304]},"properties":{"id":"turner-lake--san-diego","name":"Turner Lake","kind":"lake","evidence_class":"no_fishing","cdfw_stocked":false,"public_fishing":"no","follow_up_priority":null}},{"type":"Feature","geometry":{"type":"Point","coordinates":[-116.934475,32.651452]},"properties":{"id":"upper-otay-reservoir--san-diego","name":"Upper Otay Reservoir","kind":"lake","evidence_class":"site_verified","cdfw_stocked":false,"public_fishing":"yes","follow_up_priority":"medium"}},{"type":"Feature","geometry":{"type":"Point","coordinates":[-116.999013,33.20828]},"properties":{"id":"woods-valley-kampground-pond--san-diego","name":"Woods Valley Kampground Pond","kind":"lake","evidence_class":"site_verified","cdfw_stocked":false,"public_fishing":"restricted","follow_up_priority":"high"}},{"type":"Feature","geometry":{"type":"Point","coordinates":[-122.49966,37.72545]},"properties":{"id":"lake-merced-north-lake--san-francisco","name":"Lake Merced (North Lake)","kind":"lake","evidence_class":"statewide_default","cdfw_stocked":true,"public_fishing":"yes","follow_up_priority":"high"}},{"type":"Feature","geometry":{"type":"Point","coordinates":[-122.49305,37.71803]},"properties":{"id":"lake-merced-south-lake--san-francisco","name":"Lake Merced (South Lake)","kind":"lake","evidence_class":"statewide_default","cdfw_stocked":true,"public_fishing":"yes","follow_up_priority":"high"}},{"type":"Feature","geometry":{"type":"Point","coordinates":[-122.4732,37.76834]},"properties":{"id":"stow-lake--san-francisco","name":"Stow Lake","kind":"lake","evidence_class":"statewide_default","cdfw_stocked":false,"public_fishing":"unknown","follow_up_priority":null}},{"type":"Feature","geometry":{"type":"Point","coordinates":[-121.2991147,38.147974]},"properties":{"id":"lodi-lake--san-joaquin","name":"Lodi Lake","kind":"lake","evidence_class":"statewide_default","cdfw_stocked":false,"public_fishing":"yes","follow_up_priority":"high"}},{"type":"Feature","geometry":{"type":"Point","coordinates":[-121.367192,38.054507]},"properties":{"id":"oak-grove-lake--san-joaquin","name":"Oak Grove Lake","kind":"lake","evidence_class":"statewide_default","cdfw_stocked":true,"public_fishing":"yes","follow_up_priority":"low"}},{"type":"Feature","geometry":{"type":"Point","coordinates":[-120.66655044393767,35.46466220904516]},"properties":{"id":"atascadero-lake--san-luis-obispo","name":"Atascadero Lake","kind":"lake","evidence_class":"statewide_default","cdfw_stocked":true,"public_fishing":"yes","follow_up_priority":"high"}},{"type":"Feature","geometry":{"type":"Point","coordinates":[-120.64599,35.637244]},"properties":{"id":"barney-schwartz-park-lake--san-luis-obispo","name":"Barney Schwartz Park Lake","kind":"lake","evidence_class":"site_verified","cdfw_stocked":true,"public_fishing":"yes","follow_up_priority":"high"}},{"type":"Feature","geometry":{"type":"Point","coordinates":[-120.68698393392035,35.33746336253756]},"properties":{"id":"chorro-reservoir--san-luis-obispo","name":"Chorro Reservoir","kind":"lake","evidence_class":"no_fishing","cdfw_stocked":false,"public_fishing":"no","follow_up_priority":null}},{"type":"Feature","geometry":{"type":"Point","coordinates":[-120.69164716132373,35.26636106028391]},"properties":{"id":"laguna-lake--san-luis-obispo","name":"Laguna Lake","kind":"lake","evidence_class":"statewide_default","cdfw_stocked":false,"public_fishing":"unknown","follow_up_priority":"high"}},{"type":"Feature","geometry":{"type":"Point","coordinates":[-120.9852639,35.7365925]},"properties":{"id":"lake-nacimiento--san-luis-obispo","name":"Lake Nacimiento","kind":"lake","evidence_class":"statewide_default","cdfw_stocked":false,"public_fishing":"yes","follow_up_priority":"medium"}},{"type":"Feature","geometry":{"type":"Point","coordinates":[-120.48292776246171,35.1886794008142]},"properties":{"id":"lopez-lake--san-luis-obispo","name":"Lopez Lake","kind":"lake","evidence_class":"statewide_default","cdfw_stocked":true,"public_fishing":"yes","follow_up_priority":null}},{"type":"Feature","geometry":{"type":"Point","coordinates":[-120.6232357,35.0295115]},"properties":{"id":"oso-flaco-lake--san-luis-obispo","name":"Oso Flaco Lake","kind":"lake","evidence_class":"site_verified","cdfw_stocked":false,"public_fishing":"yes","follow_up_priority":"medium"}},{"type":"Feature","geometry":{"type":"Point","coordinates":[-120.4749203,35.3285258]},"properties":{"id":"santa-margarita-lake--san-luis-obispo","name":"Santa Margarita Lake","kind":"lake","evidence_class":"statewide_default","cdfw_stocked":true,"public_fishing":"yes","follow_up_priority":null}},{"type":"Feature","geometry":{"type":"Point","coordinates":[-120.32838912167732,34.98830310466512]},"properties":{"id":"twitchell-reservoir--san-luis-obispo","name":"Twitchell Reservoir","kind":"lake","evidence_class":"no_fishing","cdfw_stocked":false,"public_fishing":"no","follow_up_priority":null}},{"type":"Feature","geometry":{"type":"Point","coordinates":[-120.876767,35.4497843]},"properties":{"id":"whale-rock-reservoir--san-luis-obispo","name":"Whale Rock Reservoir","kind":"lake","evidence_class":"statewide_default","cdfw_stocked":false,"public_fishing":"yes","follow_up_priority":"medium"}},{"type":"Feature","geometry":{"type":"Point","coordinates":[-122.36926,37.52919]},"properties":{"id":"crystal-springs-reservoir--san-mateo","name":"Crystal Springs Reservoir","kind":"lake","evidence_class":"no_fishing","cdfw_stocked":false,"public_fishing":"no","follow_up_priority":null}},{"type":"Feature","geometry":{"type":"Point","coordinates":[-122.26327,37.46732]},"properties":{"id":"emerald-lake--san-mateo","name":"Emerald Lake","kind":"lake","evidence_class":"no_fishing","cdfw_stocked":false,"public_fishing":"no","follow_up_priority":null}},{"type":"Feature","geometry":{"type":"Point","coordinates":[-122.42781,37.55269]},"properties":{"id":"pilarcitos-lake--san-mateo","name":"Pilarcitos Lake","kind":"lake","evidence_class":"no_fishing","cdfw_stocked":false,"public_fishing":"no","follow_up_priority":null}},{"type":"Feature","geometry":{"type":"Point","coordinates":[-122.42635,37.59597]},"properties":{"id":"san-andreas-lake--san-mateo","name":"San Andreas Lake","kind":"lake","evidence_class":"no_fishing","cdfw_stocked":false,"public_fishing":"no","follow_up_priority":null}},{"type":"Feature","geometry":{"type":"Point","coordinates":[-122.2377,37.40442]},"properties":{"id":"searsville-lake--san-mateo","name":"Searsville Lake","kind":"lake","evidence_class":"no_fishing","cdfw_stocked":false,"public_fishing":"no","follow_up_priority":null}},{"type":"Feature","geometry":{"type":"Point","coordinates":[-122.30897,37.50909]},"properties":{"id":"water-dog-lake--san-mateo","name":"Water Dog Lake","kind":"lake","evidence_class":"statewide_default","cdfw_stocked":true,"public_fishing":"yes","follow_up_priority":"high"}},{"type":"Feature","geometry":{"type":"Point","coordinates":[-119.94382531892424,34.578816098376]},"properties":{"id":"cachuma-lake--santa-barbara","name":"Cachuma Lake","kind":"lake","evidence_class":"statewide_default","cdfw_stocked":true,"public_fishing":"yes","follow_up_priority":"high"}},{"type":"Feature","geometry":{"type":"Point","coordinates":[-119.67455160606056,34.52720581923955]},"properties":{"id":"gibraltar-reservoir--santa-barbara","name":"Gibraltar Reservoir","kind":"lake","evidence_class":"site_verified","cdfw_stocked":false,"public_fishing":"no","follow_up_priority":"high"}},{"type":"Feature","geometry":{"type":"Point","coordinates":[-119.5021062,34.4901946]},"properties":{"id":"jameson-lake--santa-barbara","name":"Jameson Lake","kind":"lake","evidence_class":"site_verified","cdfw_stocked":false,"public_fishing":"no","follow_up_priority":"high"}},{"type":"Feature","geometry":{"type":"Point","coordinates":[-119.84887258311242,34.44207390542418]},"properties":{"id":"lake-los-carneros--santa-barbara","name":"Lake Los Carneros","kind":"lake","evidence_class":"statewide_default","cdfw_stocked":true,"public_fishing":"yes","follow_up_priority":"high"}},{"type":"Feature","geometry":{"type":"Point","coordinates":[-119.72611482252063,34.455486296865274]},"properties":{"id":"lauro-reservoir--santa-barbara","name":"Lauro Reservoir","kind":"lake","evidence_class":"no_fishing","cdfw_stocked":false,"public_fishing":"no","follow_up_priority":null}},{"type":"Feature","geometry":{"type":"Point","coordinates":[-120.4398847,34.6610942]},"properties":{"id":"river-park-lake-lompoc--santa-barbara","name":"River Park Lake (Lompoc)","kind":"lake","evidence_class":"statewide_default","cdfw_stocked":false,"public_fishing":"yes","follow_up_priority":"medium"}},{"type":"Feature","geometry":{"type":"Point","coordinates":[-120.4404413,34.9030346]},"properties":{"id":"waller-park-lakes--santa-barbara","name":"Waller Park Lakes","kind":"lake","evidence_class":"unknown","cdfw_stocked":false,"public_fishing":"unknown","follow_up_priority":"high"}},{"type":"Feature","geometry":{"type":"Point","coordinates":[-120.03984473945724,34.77769624199508]},"properties":{"id":"zaca-lake--santa-barbara","name":"Zaca Lake","kind":"lake","evidence_class":"statewide_default","cdfw_stocked":false,"public_fishing":"restricted","follow_up_priority":null}},{"type":"Feature","geometry":{"type":"Point","coordinates":[-121.87111,37.24083]},"properties":{"id":"almaden-lake--santa-clara","name":"Almaden Lake","kind":"lake","evidence_class":"site_verified","cdfw_stocked":false,"public_fishing":"yes","follow_up_priority":"medium"}},{"type":"Feature","geometry":{"type":"Point","coordinates":[-121.83371,37.16253]},"properties":{"id":"almaden-reservoir--santa-clara","name":"Almaden Reservoir","kind":"lake","evidence_class":"site_verified","cdfw_stocked":false,"public_fishing":"yes","follow_up_priority":"medium"}},{"type":"Feature","geometry":{"type":"Point","coordinates":[-121.61938,37.17127]},"properties":{"id":"anderson-lake--santa-clara","name":"Anderson Lake","kind":"lake","evidence_class":"site_verified","cdfw_stocked":false,"public_fishing":"no","follow_up_priority":null}},{"type":"Feature","geometry":{"type":"Point","coordinates":[-122.17613,37.36336]},"properties":{"id":"boronda-lake--santa-clara","name":"Boronda Lake","kind":"lake","evidence_class":"site_verified","cdfw_stocked":false,"public_fishing":"yes","follow_up_priority":"high"}},{"type":"Feature","geometry":{"type":"Point","coordinates":[-121.78042,37.18494]},"properties":{"id":"calero-reservoir--santa-clara","name":"Calero Reservoir","kind":"lake","evidence_class":"site_verified","cdfw_stocked":false,"public_fishing":"yes","follow_up_priority":"medium"}},{"type":"Feature","geometry":{"type":"Point","coordinates":[-121.95279,37.26868]},"properties":{"id":"campbell-percolation-pond--santa-clara","name":"Campbell Percolation Pond","kind":"lake","evidence_class":"site_verified","cdfw_stocked":true,"public_fishing":"yes","follow_up_priority":"low"}},{"type":"Feature","geometry":{"type":"Point","coordinates":[-121.71115,37.12251]},"properties":{"id":"chesbro-reservoir--santa-clara","name":"Chesbro Reservoir","kind":"lake","evidence_class":"site_verified","cdfw_stocked":false,"public_fishing":"yes","follow_up_priority":"medium"}},{"type":"Feature","geometry":{"type":"Point","coordinates":[-121.42682,37.13653]},"properties":{"id":"coit-lake--santa-clara","name":"Coit Lake","kind":"lake","evidence_class":"site_verified","cdfw_stocked":false,"public_fishing":"yes","follow_up_priority":"medium"}},{"type":"Feature","geometry":{"type":"Point","coordinates":[-121.81109,37.28475]},"properties":{"id":"cottonwood-lake--santa-clara","name":"Cottonwood Lake","kind":"lake","evidence_class":"site_verified","cdfw_stocked":true,"public_fishing":"yes","follow_up_priority":"low"}},{"type":"Feature","geometry":{"type":"Point","coordinates":[-121.53989,37.09765]},"properties":{"id":"coyote-lake--santa-clara","name":"Coyote Lake","kind":"lake","evidence_class":"site_verified","cdfw_stocked":false,"public_fishing":"yes","follow_up_priority":"medium"}},{"type":"Feature","geometry":{"type":"Point","coordinates":[-121.71908,37.34581]},"properties":{"id":"grant-lake--santa-clara","name":"Grant Lake","kind":"lake","evidence_class":"site_verified","cdfw_stocked":false,"public_fishing":"yes","follow_up_priority":"medium"}},{"type":"Feature","geometry":{"type":"Point","coordinates":[-121.87616,37.19734]},"properties":{"id":"guadalupe-reservoir--santa-clara","name":"Guadalupe Reservoir","kind":"lake","evidence_class":"site_verified","cdfw_stocked":false,"public_fishing":"yes","follow_up_priority":"medium"}},{"type":"Feature","geometry":{"type":"Point","coordinates":[-121.8083,37.3366]},"properties":{"id":"lake-cunningham--santa-clara","name":"Lake Cunningham","kind":"lake","evidence_class":"statewide_default","cdfw_stocked":true,"public_fishing":"yes","follow_up_priority":null}},{"type":"Feature","geometry":{"type":"Point","coordinates":[-121.98885,37.20133]},"properties":{"id":"lexington-reservoir--santa-clara","name":"Lexington Reservoir","kind":"lake","evidence_class":"site_verified","cdfw_stocked":false,"public_fishing":"yes","follow_up_priority":"medium"}},{"type":"Feature","geometry":{"type":"Point","coordinates":[-121.86239,37.455]},"properties":{"id":"sandy-wool-lake--santa-clara","name":"Sandy Wool Lake","kind":"lake","evidence_class":"site_verified","cdfw_stocked":true,"public_fishing":"yes","follow_up_priority":null}},{"type":"Feature","geometry":{"type":"Point","coordinates":[-121.68196,37.00458]},"properties":{"id":"sprig-lake--santa-clara","name":"Sprig Lake","kind":"lake","evidence_class":"site_verified","cdfw_stocked":false,"public_fishing":"restricted","follow_up_priority":"low"}},{"type":"Feature","geometry":{"type":"Point","coordinates":[-121.84878,37.44795]},"properties":{"id":"spring-valley-pond--santa-clara","name":"Spring Valley Pond","kind":"lake","evidence_class":"site_verified","cdfw_stocked":true,"public_fishing":"restricted","follow_up_priority":null}},{"type":"Feature","geometry":{"type":"Point","coordinates":[-122.07879,37.29418]},"properties":{"id":"stevens-creek-reservoir--santa-clara","name":"Stevens Creek Reservoir","kind":"lake","evidence_class":"site_verified","cdfw_stocked":false,"public_fishing":"yes","follow_up_priority":"medium"}},{"type":"Feature","geometry":{"type":"Point","coordinates":[-121.70059,37.07334]},"properties":{"id":"uvas-reservoir--santa-clara","name":"Uvas Reservoir","kind":"lake","evidence_class":"site_verified","cdfw_stocked":false,"public_fishing":"yes","follow_up_priority":"medium"}},{"type":"Feature","geometry":{"type":"Point","coordinates":[-121.96739,37.2455]},"properties":{"id":"vasona-lake--santa-clara","name":"Vasona Lake","kind":"lake","evidence_class":"site_verified","cdfw_stocked":true,"public_fishing":"yes","follow_up_priority":null}},{"type":"Feature","geometry":{"type":"Point","coordinates":[-122.0604,36.95586]},"properties":{"id":"antonelli-pond--santa-cruz","name":"Antonelli Pond","kind":"lake","evidence_class":"statewide_default","cdfw_stocked":false,"public_fishing":"yes","follow_up_priority":"high"}},{"type":"Feature","geometry":{"type":"Point","coordinates":[-122.06534,37.11367]},"properties":{"id":"loch-lomond-reservoir--santa-cruz","name":"Loch Lomond Reservoir","kind":"lake","evidence_class":"site_verified","cdfw_stocked":true,"public_fishing":"yes","follow_up_priority":"low"}},{"type":"Feature","geometry":{"type":"Point","coordinates":[-121.77157,36.95589]},"properties":{"id":"pinto-lake--santa-cruz","name":"Pinto Lake","kind":"lake","evidence_class":"statewide_default","cdfw_stocked":true,"public_fishing":"yes","follow_up_priority":"low"}},{"type":"Feature","geometry":{"type":"Point","coordinates":[-122.272012,40.468973]},"properties":{"id":"anderson-river-park-pond--shasta","name":"Anderson River Park Pond","kind":"lake","evidence_class":"statewide_default","cdfw_stocked":true,"public_fishing":"yes","follow_up_priority":"high"}},{"type":"Feature","geometry":{"type":"Point","coordinates":[-121.574053,40.715926]},"properties":{"id":"barrett-lake--shasta","name":"Barrett Lake","kind":"lake","evidence_class":"statewide_default","cdfw_stocked":true,"public_fishing":"yes","follow_up_priority":null}},{"type":"Feature","geometry":{"type":"Point","coordinates":[-121.544996,40.938845]},"properties":{"id":"baum-lake--shasta","name":"Baum Lake","kind":"lake","evidence_class":"statewide_default","cdfw_stocked":true,"public_fishing":"yes","follow_up_priority":"high"}},{"type":"Feature","geometry":{"type":"Point","coordinates":[-121.403593,41.11933]},"properties":{"id":"big-lake--shasta","name":"Big Lake","kind":"lake","evidence_class":"statewide_default","cdfw_stocked":false,"public_fishing":"yes","follow_up_priority":"medium"}},{"type":"Feature","geometry":{"type":"Point","coordinates":[-122.313487,40.550624]},"properties":{"id":"clover-creek-pond--shasta","name":"Clover Creek Pond","kind":"lake","evidence_class":"statewide_default","cdfw_stocked":true,"public_fishing":"yes","follow_up_priority":"high"}},{"type":"Feature","geometry":{"type":"Point","coordinates":[-121.560855,40.936196]},"properties":{"id":"crystal-lake--shasta","name":"Crystal Lake","kind":"lake","evidence_class":"statewide_default","cdfw_stocked":false,"public_fishing":"restricted","follow_up_priority":"low"}},{"type":"Feature","geometry":{"type":"Point","coordinates":[-121.571581,40.70991]},"properties":{"id":"durbin-lake--shasta","name":"Durbin Lake","kind":"lake","evidence_class":"statewide_default","cdfw_stocked":true,"public_fishing":"yes","follow_up_priority":null}},{"type":"Feature","geometry":{"type":"Point","coordinates":[-121.599744,40.702052]},"properties":{"id":"everett-lake--shasta","name":"Everett Lake","kind":"lake","evidence_class":"statewide_default","cdfw_stocked":true,"public_fishing":"yes","follow_up_priority":null}},{"type":"Feature","geometry":{"type":"Point","coordinates":[-121.452132,41.017118]},"properties":{"id":"fall-river-lake--shasta","name":"Fall River Lake","kind":"lake","evidence_class":"statewide_default","cdfw_stocked":true,"public_fishing":"yes","follow_up_priority":null}},{"type":"Feature","geometry":{"type":"Point","coordinates":[-121.863841,40.483765]},"properties":{"id":"grace-lake--shasta","name":"Grace Lake","kind":"lake","evidence_class":"statewide_default","cdfw_stocked":true,"public_fishing":"yes","follow_up_priority":"low"}},{"type":"Feature","geometry":{"type":"Point","coordinates":[-121.595784,40.43484]},"properties":{"id":"heart-lake-lassen-nf-shasta-co--shasta","name":"Heart Lake (Lassen NF, Shasta Co.)","kind":"lake","evidence_class":"statewide_default","cdfw_stocked":true,"public_fishing":"yes","follow_up_priority":null}},{"type":"Feature","geometry":{"type":"Point","coordinates":[-121.337235,40.472224]},"properties":{"id":"horseshoe-lake--shasta","name":"Horseshoe Lake","kind":"lake","evidence_class":"site_verified","cdfw_stocked":false,"public_fishing":"yes","follow_up_priority":null}},{"type":"Feature","geometry":{"type":"Point","coordinates":[-121.572829,40.702121]},"properties":{"id":"hufford-lake--shasta","name":"Hufford Lake","kind":"lake","evidence_class":"statewide_default","cdfw_stocked":true,"public_fishing":"yes","follow_up_priority":null}},{"type":"Feature","geometry":{"type":"Point","coordinates":[-121.983054,41.050043]},"properties":{"id":"iron-canyon-reservoir--shasta","name":"Iron Canyon Reservoir","kind":"lake","evidence_class":"statewide_default","cdfw_stocked":true,"public_fishing":"yes","follow_up_priority":"low"}},{"type":"Feature","geometry":{"type":"Point","coordinates":[-122.339182,40.494054]},"properties":{"id":"kapusta-pond--shasta","name":"Kapusta Pond","kind":"lake","evidence_class":"statewide_default","cdfw_stocked":true,"public_fishing":"yes","follow_up_priority":"high"}},{"type":"Feature","geometry":{"type":"Point","coordinates":[-122.447134,40.619198]},"properties":{"id":"keswick-reservoir--shasta","name":"Keswick Reservoir","kind":"lake","evidence_class":"statewide_default","cdfw_stocked":false,"public_fishing":"yes","follow_up_priority":"medium"}},{"type":"Feature","geometry":{"type":"Point","coordinates":[-121.860362,40.669012]},"properties":{"id":"kilarc-reservoir--shasta","name":"Kilarc Reservoir","kind":"lake","evidence_class":"statewide_default","cdfw_stocked":true,"public_fishing":"yes","follow_up_priority":"low"}},{"type":"Feature","geometry":{"type":"Point","coordinates":[-121.633141,41.020981]},"properties":{"id":"lake-britton--shasta","name":"Lake Britton","kind":"lake","evidence_class":"statewide_default","cdfw_stocked":false,"public_fishing":"yes","follow_up_priority":"medium"}},{"type":"Feature","geometry":{"type":"Point","coordinates":[-121.569249,40.726791]},"properties":{"id":"lake-eiler--shasta","name":"Lake Eiler","kind":"lake","evidence_class":"statewide_default","cdfw_stocked":true,"public_fishing":"yes","follow_up_priority":null}},{"type":"Feature","geometry":{"type":"Point","coordinates":[-121.732891,40.540568]},"properties":{"id":"lake-mccumber--shasta","name":"Lake McCumber","kind":"lake","evidence_class":"statewide_default","cdfw_stocked":true,"public_fishing":"yes","follow_up_priority":null}},{"type":"Feature","geometry":{"type":"Point","coordinates":[-121.602726,40.699811]},"properties":{"id":"magee-lake--shasta","name":"Magee Lake","kind":"lake","evidence_class":"statewide_default","cdfw_stocked":true,"public_fishing":"yes","follow_up_priority":null}},{"type":"Feature","geometry":{"type":"Point","coordinates":[-121.568138,40.533783]},"properties":{"id":"manzanita-lake--shasta","name":"Manzanita Lake","kind":"lake","evidence_class":"site_verified","cdfw_stocked":false,"public_fishing":"yes","follow_up_priority":null}},{"type":"Feature","geometry":{"type":"Point","coordinates":[-122.080442,41.134996]},"properties":{"id":"mccloud-reservoir--shasta","name":"McCloud Reservoir","kind":"lake","evidence_class":"statewide_default","cdfw_stocked":true,"public_fishing":"yes","follow_up_priority":null}},{"type":"Feature","geometry":{"type":"Point","coordinates":[-121.862333,40.477657]},"properties":{"id":"nora-lake--shasta","name":"Nora Lake","kind":"lake","evidence_class":"statewide_default","cdfw_stocked":true,"public_fishing":"yes","follow_up_priority":null}},{"type":"Feature","geometry":{"type":"Point","coordinates":[-121.651406,40.602841]},"properties":{"id":"north-battle-creek-reservoir--shasta","name":"North Battle Creek Reservoir","kind":"lake","evidence_class":"statewide_default","cdfw_stocked":true,"public_fishing":"yes","follow_up_priority":null}},{"type":"Feature","geometry":{"type":"Point","coordinates":[-121.548673,40.456091]},"properties":{"id":"ridge-lakes--shasta","name":"Ridge Lakes","kind":"lake","evidence_class":"site_verified","cdfw_stocked":false,"public_fishing":"yes","follow_up_priority":null}},{"type":"Feature","geometry":{"type":"Point","coordinates":[-122.298688,40.765934]},"properties":{"id":"shasta-lake--shasta","name":"Shasta Lake","kind":"lake","evidence_class":"statewide_default","cdfw_stocked":true,"public_fishing":"yes","follow_up_priority":"low"}},{"type":"Feature","geometry":{"type":"Point","coordinates":[-121.423399,40.492924]},"properties":{"id":"summit-lake--shasta","name":"Summit Lake","kind":"lake","evidence_class":"site_verified","cdfw_stocked":false,"public_fishing":"yes","follow_up_priority":null}},{"type":"Feature","geometry":{"type":"Point","coordinates":[-121.472677,40.479488]},"properties":{"id":"terrace-lake--shasta","name":"Terrace Lake","kind":"lake","evidence_class":"site_verified","cdfw_stocked":false,"public_fishing":"yes","follow_up_priority":null}},{"type":"Feature","geometry":{"type":"Point","coordinates":[-122.559025,40.625588]},"properties":{"id":"whiskeytown-lake--shasta","name":"Whiskeytown Lake","kind":"lake","evidence_class":"statewide_default","cdfw_stocked":true,"public_fishing":"yes","follow_up_priority":"low"}},{"type":"Feature","geometry":{"type":"Point","coordinates":[-120.462686,39.664534]},"properties":{"id":"calpine-reservoir--sierra","name":"Calpine Reservoir","kind":"lake","evidence_class":"statewide_default","cdfw_stocked":false,"public_fishing":"unknown","follow_up_priority":null}},{"type":"Feature","geometry":{"type":"Point","coordinates":[-120.551962,39.620913]},"properties":{"id":"deadman-lake--sierra","name":"Deadman Lake","kind":"lake","evidence_class":"statewide_default","cdfw_stocked":true,"public_fishing":"yes","follow_up_priority":null}},{"type":"Feature","geometry":{"type":"Point","coordinates":[-120.667095,39.644848]},"properties":{"id":"deer-lake--sierra","name":"Deer Lake","kind":"lake","evidence_class":"statewide_default","cdfw_stocked":true,"public_fishing":"yes","follow_up_priority":null}},{"type":"Feature","geometry":{"type":"Point","coordinates":[-120.65624,39.677904]},"properties":{"id":"gold-lake--sierra","name":"Gold Lake","kind":"lake","evidence_class":"statewide_default","cdfw_stocked":true,"public_fishing":"yes","follow_up_priority":null}},{"type":"Feature","geometry":{"type":"Point","coordinates":[-120.63675,39.673304]},"properties":{"id":"goose-lake-gold-lake-hwy--sierra","name":"Goose Lake (Gold Lake Hwy)","kind":"lake","evidence_class":"statewide_default","cdfw_stocked":false,"public_fishing":"yes","follow_up_priority":"low"}},{"type":"Feature","geometry":{"type":"Point","coordinates":[-120.634878,39.669667]},"properties":{"id":"haven-lake--sierra","name":"Haven Lake","kind":"lake","evidence_class":"statewide_default","cdfw_stocked":false,"public_fishing":"yes","follow_up_priority":"low"}},{"type":"Feature","geometry":{"type":"Point","coordinates":[-120.710683,39.683276]},"properties":{"id":"hawley-lake--sierra","name":"Hawley Lake","kind":"lake","evidence_class":"statewide_default","cdfw_stocked":true,"public_fishing":"yes","follow_up_priority":null}},{"type":"Feature","geometry":{"type":"Point","coordinates":[-120.391532,39.504188]},"properties":{"id":"lake-woods--sierra","name":"Lake of the Woods","kind":"lake","evidence_class":"statewide_default","cdfw_stocked":true,"public_fishing":"yes","follow_up_priority":null}},{"type":"Feature","geometry":{"type":"Point","coordinates":[-120.690572,39.671012]},"properties":{"id":"little-deer-lake--sierra","name":"Little Deer Lake","kind":"lake","evidence_class":"statewide_default","cdfw_stocked":true,"public_fishing":"yes","follow_up_priority":null}},{"type":"Feature","geometry":{"type":"Point","coordinates":[-120.641805,39.650463]},"properties":{"id":"lower-salmon-lake--sierra","name":"Lower Salmon Lake","kind":"lake","evidence_class":"statewide_default","cdfw_stocked":true,"public_fishing":"yes","follow_up_priority":null}},{"type":"Feature","geometry":{"type":"Point","coordinates":[-120.626378,39.614697]},"properties":{"id":"lower-sardine-lake--sierra","name":"Lower Sardine Lake","kind":"lake","evidence_class":"statewide_default","cdfw_stocked":true,"public_fishing":"yes","follow_up_priority":null}},{"type":"Feature","geometry":{"type":"Point","coordinates":[-120.655697,39.622637]},"properties":{"id":"packer-lake--sierra","name":"Packer Lake","kind":"lake","evidence_class":"statewide_default","cdfw_stocked":true,"public_fishing":"yes","follow_up_priority":null}},{"type":"Feature","geometry":{"type":"Point","coordinates":[-120.639115,39.618721]},"properties":{"id":"saxonia-lake--sierra","name":"Saxonia Lake","kind":"lake","evidence_class":"statewide_default","cdfw_stocked":true,"public_fishing":"yes","follow_up_priority":null}},{"type":"Feature","geometry":{"type":"Point","coordinates":[-120.629274,39.668745]},"properties":{"id":"snag-lake--sierra","name":"Snag Lake","kind":"lake","evidence_class":"statewide_default","cdfw_stocked":true,"public_fishing":"yes","follow_up_priority":null}},{"type":"Feature","geometry":{"type":"Point","coordinates":[-120.691669,39.677775]},"properties":{"id":"snake-lake-sierra--sierra","name":"Snake Lake (Sierra)","kind":"lake","evidence_class":"statewide_default","cdfw_stocked":false,"public_fishing":"yes","follow_up_priority":null}},{"type":"Feature","geometry":{"type":"Point","coordinates":[-120.727247,39.699292]},"properties":{"id":"spencer-lakes--sierra","name":"Spencer Lakes","kind":"lake","evidence_class":"statewide_default","cdfw_stocked":true,"public_fishing":"yes","follow_up_priority":null}},{"type":"Feature","geometry":{"type":"Point","coordinates":[-120.135363,39.478176]},"properties":{"id":"stampede-reservoir--sierra","name":"Stampede Reservoir","kind":"lake","evidence_class":"statewide_default","cdfw_stocked":true,"public_fishing":"yes","follow_up_priority":null}},{"type":"Feature","geometry":{"type":"Point","coordinates":[-120.656266,39.607939]},"properties":{"id":"tamarack-lakes--sierra","name":"Tamarack Lakes","kind":"lake","evidence_class":"statewide_default","cdfw_stocked":false,"public_fishing":"yes","follow_up_priority":null}},{"type":"Feature","geometry":{"type":"Point","coordinates":[-120.652055,39.657104]},"properties":{"id":"upper-salmon-lake--sierra","name":"Upper Salmon Lake","kind":"lake","evidence_class":"statewide_default","cdfw_stocked":true,"public_fishing":"yes","follow_up_priority":null}},{"type":"Feature","geometry":{"type":"Point","coordinates":[-120.635098,39.608171]},"properties":{"id":"upper-sardine-lake--sierra","name":"Upper Sardine Lake","kind":"lake","evidence_class":"statewide_default","cdfw_stocked":true,"public_fishing":"yes","follow_up_priority":"low"}},{"type":"Feature","geometry":{"type":"Point","coordinates":[-120.624782,39.607208]},"properties":{"id":"volcano-lake--sierra","name":"Volcano Lake","kind":"lake","evidence_class":"statewide_default","cdfw_stocked":true,"public_fishing":"yes","follow_up_priority":null}},{"type":"Feature","geometry":{"type":"Point","coordinates":[-120.413183,39.485429]},"properties":{"id":"webber-lake--sierra","name":"Webber Lake","kind":"lake","evidence_class":"statewide_default","cdfw_stocked":true,"public_fishing":"yes","follow_up_priority":null}},{"type":"Feature","geometry":{"type":"Point","coordinates":[-120.651592,39.60013]},"properties":{"id":"young-america-lake--sierra","name":"Young America Lake","kind":"lake","evidence_class":"statewide_default","cdfw_stocked":true,"public_fishing":"yes","follow_up_priority":null}},{"type":"Feature","geometry":{"type":"Point","coordinates":[-122.493836,41.70004]},"properties":{"id":"bass-lake-shasta-valley-wa--siskiyou","name":"Bass Lake (Shasta Valley WA)","kind":"lake","evidence_class":"site_verified","cdfw_stocked":true,"public_fishing":"yes","follow_up_priority":"high"}},{"type":"Feature","geometry":{"type":"Point","coordinates":[-123.584518,41.694774]},"properties":{"id":"bear-lake-siskiyou-wilderness--siskiyou","name":"Bear Lake (Siskiyou Wilderness)","kind":"lake","evidence_class":"statewide_default","cdfw_stocked":true,"public_fishing":"yes","follow_up_priority":null}},{"type":"Feature","geometry":{"type":"Point","coordinates":[-122.940987,41.307989]},"properties":{"id":"big-duck-lake--siskiyou","name":"Big Duck Lake","kind":"lake","evidence_class":"statewide_default","cdfw_stocked":false,"public_fishing":"yes","follow_up_priority":null}},{"type":"Feature","geometry":{"type":"Point","coordinates":[-122.950604,41.275783]},"properties":{"id":"bingham-lake--siskiyou","name":"Bingham Lake","kind":"lake","evidence_class":"statewide_default","cdfw_stocked":false,"public_fishing":"yes","follow_up_priority":null}},{"type":"Feature","geometry":{"type":"Point","coordinates":[-121.57081,41.556631]},"properties":{"id":"blanche-lake--siskiyou","name":"Blanche Lake","kind":"lake","evidence_class":"statewide_default","cdfw_stocked":false,"public_fishing":"unknown","follow_up_priority":null}},{"type":"Feature","geometry":{"type":"Point","coordinates":[-122.955426,41.590801]},"properties":{"id":"blue-pond--siskiyou","name":"Blue Pond","kind":"lake","evidence_class":"statewide_default","cdfw_stocked":true,"public_fishing":"yes","follow_up_priority":null}},{"type":"Feature","geometry":{"type":"Point","coordinates":[-123.688999,41.814842]},"properties":{"id":"buck-lake--siskiyou","name":"Buck Lake","kind":"lake","evidence_class":"statewide_default","cdfw_stocked":true,"public_fishing":"yes","follow_up_priority":null}},{"type":"Feature","geometry":{"type":"Point","coordinates":[-123.109892,41.563953]},"properties":{"id":"buckhorn-lake-marble-mountains--siskiyou","name":"Buckhorn Lake (Marble Mountains)","kind":"lake","evidence_class":"statewide_default","cdfw_stocked":false,"public_fishing":"yes","follow_up_priority":null}},{"type":"Feature","geometry":{"type":"Point","coordinates":[-121.575093,41.555196]},"properties":{"id":"bullseye-lake--siskiyou","name":"Bullseye Lake","kind":"lake","evidence_class":"statewide_default","cdfw_stocked":true,"public_fishing":"yes","follow_up_priority":"low"}},{"type":"Feature","geometry":{"type":"Point","coordinates":[-122.560878,41.370867]},"properties":{"id":"caldwell-lakes--siskiyou","name":"Caldwell Lakes","kind":"lake","evidence_class":"statewide_default","cdfw_stocked":false,"public_fishing":"yes","follow_up_priority":"low"}},{"type":"Feature","geometry":{"type":"Point","coordinates":[-123.105549,41.533341]},"properties":{"id":"campbell-lake--siskiyou","name":"Campbell Lake","kind":"lake","evidence_class":"statewide_default","cdfw_stocked":false,"public_fishing":"yes","follow_up_priority":null}},{"type":"Feature","geometry":{"type":"Point","coordinates":[-122.383268,41.227299]},"properties":{"id":"castle-lake--siskiyou","name":"Castle Lake","kind":"lake","evidence_class":"statewide_default","cdfw_stocked":false,"public_fishing":"yes","follow_up_priority":null}},{"type":"Feature","geometry":{"type":"Point","coordinates":[-122.496783,41.207315]},"properties":{"id":"cedar-lake--siskiyou","name":"Cedar Lake","kind":"lake","evidence_class":"statewide_default","cdfw_stocked":false,"public_fishing":"yes","follow_up_priority":null}},{"type":"Feature","geometry":{"type":"Point","coordinates":[-122.494111,41.251967]},"properties":{"id":"chipmunk-lake--siskiyou","name":"Chipmunk Lake","kind":"lake","evidence_class":"statewide_default","cdfw_stocked":false,"public_fishing":"yes","follow_up_priority":"low"}},{"type":"Feature","geometry":{"type":"Point","coordinates":[-122.490649,41.19923]},"properties":{"id":"cliff-lake-trinity-divide--siskiyou","name":"Cliff Lake (Trinity Divide)","kind":"lake","evidence_class":"statewide_default","cdfw_stocked":true,"public_fishing":"yes","follow_up_priority":null}},{"type":"Feature","geometry":{"type":"Point","coordinates":[-122.30365,41.979412]},"properties":{"id":"copco-lake-removed-2024--siskiyou","name":"Copco Lake (removed 2024)","kind":"lake","evidence_class":"no_fishing","cdfw_stocked":false,"public_fishing":"no","follow_up_priority":null}},{"type":"Feature","geometry":{"type":"Point","coordinates":[-123.323034,41.5466]},"properties":{"id":"cuddihy-lakes--siskiyou","name":"Cuddihy Lakes","kind":"lake","evidence_class":"statewide_default","cdfw_stocked":false,"public_fishing":"yes","follow_up_priority":null}},{"type":"Feature","geometry":{"type":"Point","coordinates":[-123.112746,41.570052]},"properties":{"id":"deep-lake--siskiyou","name":"Deep Lake","kind":"lake","evidence_class":"statewide_default","cdfw_stocked":false,"public_fishing":"yes","follow_up_priority":null}},{"type":"Feature","geometry":{"type":"Point","coordinates":[-123.209366,41.414152]},"properties":{"id":"english-lake--siskiyou","name":"English Lake","kind":"lake","evidence_class":"statewide_default","cdfw_stocked":false,"public_fishing":"yes","follow_up_priority":null}},{"type":"Feature","geometry":{"type":"Point","coordinates":[-122.43385,41.215643]},"properties":{"id":"gray-rock-lake--siskiyou","name":"Gray Rock Lake","kind":"lake","evidence_class":"statewide_default","cdfw_stocked":false,"public_fishing":"yes","follow_up_priority":"low"}},{"type":"Feature","geometry":{"type":"Point","coordinates":[-122.653097,41.711407]},"properties":{"id":"greenhorn-reservoir--siskiyou","name":"Greenhorn Reservoir","kind":"lake","evidence_class":"statewide_default","cdfw_stocked":true,"public_fishing":"yes","follow_up_priority":null}},{"type":"Feature","geometry":{"type":"Point","coordinates":[-122.510657,41.211218]},"properties":{"id":"gumboot-lake--siskiyou","name":"Gumboot Lake","kind":"lake","evidence_class":"statewide_default","cdfw_stocked":false,"public_fishing":"yes","follow_up_priority":"low"}},{"type":"Feature","geometry":{"type":"Point","coordinates":[-123.225538,41.42076]},"properties":{"id":"hancock-lake--siskiyou","name":"Hancock Lake","kind":"lake","evidence_class":"statewide_default","cdfw_stocked":false,"public_fishing":"yes","follow_up_priority":null}},{"type":"Feature","geometry":{"type":"Point","coordinates":[-122.383754,41.220964]},"properties":{"id":"heart-lake-castle-lake--siskiyou","name":"Heart Lake (Castle Lake)","kind":"lake","evidence_class":"statewide_default","cdfw_stocked":false,"public_fishing":"yes","follow_up_priority":"low"}},{"type":"Feature","geometry":{"type":"Point","coordinates":[-122.210161,41.388789]},"properties":{"id":"helen-lake-mount-shasta--siskiyou","name":"Helen Lake (Mount Shasta)","kind":"lake","evidence_class":"statewide_default","cdfw_stocked":false,"public_fishing":"unknown","follow_up_priority":"high"}},{"type":"Feature","geometry":{"type":"Point","coordinates":[-122.990976,41.34695]},"properties":{"id":"hogan-lake--siskiyou","name":"Hogan Lake","kind":"lake","evidence_class":"statewide_default","cdfw_stocked":false,"public_fishing":"yes","follow_up_priority":null}},{"type":"Feature","geometry":{"type":"Point","coordinates":[-123.344717,41.58563]},"properties":{"id":"independence-lake--siskiyou","name":"Independence Lake","kind":"lake","evidence_class":"statewide_default","cdfw_stocked":false,"public_fishing":"yes","follow_up_priority":null}},{"type":"Feature","geometry":{"type":"Point","coordinates":[-121.878152,41.991799]},"properties":{"id":"indian-tom-lake--siskiyou","name":"Indian Tom Lake","kind":"lake","evidence_class":"statewide_default","cdfw_stocked":true,"public_fishing":"yes","follow_up_priority":null}},{"type":"Feature","geometry":{"type":"Point","coordinates":[-122.400339,41.970238]},"properties":{"id":"iron-gate-reservoir-removed-2024--siskiyou","name":"Iron Gate Reservoir (removed 2024)","kind":"lake","evidence_class":"no_fishing","cdfw_stocked":false,"public_fishing":"no","follow_up_priority":null}},{"type":"Feature","geometry":{"type":"Point","coordinates":[-122.124001,41.815102]},"properties":{"id":"juanita-lake--siskiyou","name":"Juanita Lake","kind":"lake","evidence_class":"site_verified","cdfw_stocked":true,"public_fishing":"yes","follow_up_priority":null}},{"type":"Feature","geometry":{"type":"Point","coordinates":[-122.634875,41.334144]},"properties":{"id":"kangaroo-lake--siskiyou","name":"Kangaroo Lake","kind":"lake","evidence_class":"site_verified","cdfw_stocked":true,"public_fishing":"yes","follow_up_priority":null}},{"type":"Feature","geometry":{"type":"Point","coordinates":[-123.517343,41.913377]},"properties":{"id":"kelly-lake--siskiyou","name":"Kelly Lake","kind":"lake","evidence_class":"site_verified","cdfw_stocked":true,"public_fishing":"yes","follow_up_priority":null}},{"type":"Feature","geometry":{"type":"Point","coordinates":[-123.105009,41.51505]},"properties":{"id":"kidder-lake--siskiyou","name":"Kidder Lake","kind":"lake","evidence_class":"statewide_default","cdfw_stocked":false,"public_fishing":"yes","follow_up_priority":null}},{"type":"Feature","geometry":{"type":"Point","coordinates":[-122.395474,41.517101]},"properties":{"id":"lake-shastina--siskiyou","name":"Lake Shastina","kind":"lake","evidence_class":"statewide_default","cdfw_stocked":true,"public_fishing":"yes","follow_up_priority":"high"}},{"type":"Feature","geometry":{"type":"Point","coordinates":[-122.340186,41.282998]},"properties":{"id":"lake-siskiyou--siskiyou","name":"Lake Siskiyou","kind":"lake","evidence_class":"statewide_default","cdfw_stocked":true,"public_fishing":"yes","follow_up_priority":"low"}},{"type":"Feature","geometry":{"type":"Point","coordinates":[-122.372434,41.22146]},"properties":{"id":"little-castle-lake--siskiyou","name":"Little Castle Lake","kind":"lake","evidence_class":"statewide_default","cdfw_stocked":false,"public_fishing":"yes","follow_up_priority":"low"}},{"type":"Feature","geometry":{"type":"Point","coordinates":[-121.612411,41.588238]},"properties":{"id":"little-medicine-lake--siskiyou","name":"Little Medicine Lake","kind":"lake","evidence_class":"statewide_default","cdfw_stocked":true,"public_fishing":"yes","follow_up_priority":"low"}},{"type":"Feature","geometry":{"type":"Point","coordinates":[-123.296828,41.949585]},"properties":{"id":"lonesome-lake--siskiyou","name":"Lonesome Lake","kind":"lake","evidence_class":"statewide_default","cdfw_stocked":true,"public_fishing":"yes","follow_up_priority":null}},{"type":"Feature","geometry":{"type":"Point","coordinates":[-123.579759,41.700543]},"properties":{"id":"lower-bear-lake--siskiyou","name":"Lower Bear Lake","kind":"lake","evidence_class":"statewide_default","cdfw_stocked":true,"public_fishing":"yes","follow_up_priority":null}},{"type":"Feature","geometry":{"type":"Point","coordinates":[-122.2102,41.3888]},"properties":{"id":"lower-helen-lake--siskiyou","name":"Lower Helen Lake","kind":"lake","evidence_class":"statewide_default","cdfw_stocked":false,"public_fishing":"unknown","follow_up_priority":"high"}},{"type":"Feature","geometry":{"type":"Point","coordinates":[-122.491411,41.184514]},"properties":{"id":"lower-seven-lake--siskiyou","name":"Lower Seven Lake","kind":"lake","evidence_class":"statewide_default","cdfw_stocked":false,"public_fishing":"yes","follow_up_priority":"low"}},{"type":"Feature","geometry":{"type":"Point","coordinates":[-123.129558,41.505775]},"properties":{"id":"man-eaten-lake--siskiyou","name":"Man Eaten Lake","kind":"lake","evidence_class":"statewide_default","cdfw_stocked":true,"public_fishing":"yes","follow_up_priority":null}},{"type":"Feature","geometry":{"type":"Point","coordinates":[-121.599526,41.582274]},"properties":{"id":"medicine-lake--siskiyou","name":"Medicine Lake","kind":"lake","evidence_class":"statewide_default","cdfw_stocked":true,"public_fishing":"yes","follow_up_priority":"low"}},{"type":"Feature","geometry":{"type":"Point","coordinates":[-123.345958,41.531534]},"properties":{"id":"meteor-lake--siskiyou","name":"Meteor Lake","kind":"lake","evidence_class":"statewide_default","cdfw_stocked":false,"public_fishing":"yes","follow_up_priority":null}},{"type":"Feature","geometry":{"type":"Point","coordinates":[-123.35041,41.521138]},"properties":{"id":"monument-lake--siskiyou","name":"Monument Lake","kind":"lake","evidence_class":"statewide_default","cdfw_stocked":false,"public_fishing":"yes","follow_up_priority":null}},{"type":"Feature","geometry":{"type":"Point","coordinates":[-123.541413,41.486075]},"properties":{"id":"ogaromtoc-lake--siskiyou","name":"Ogaromtoc Lake","kind":"lake","evidence_class":"statewide_default","cdfw_stocked":true,"public_fishing":"yes","follow_up_priority":null}},{"type":"Feature","geometry":{"type":"Point","coordinates":[-123.339441,41.543619]},"properties":{"id":"onemile-lake--siskiyou","name":"Onemile Lake","kind":"lake","evidence_class":"statewide_default","cdfw_stocked":false,"public_fishing":"yes","follow_up_priority":null}},{"type":"Feature","geometry":{"type":"Point","coordinates":[-121.992492,41.6625]},"properties":{"id":"orr-lake--siskiyou","name":"Orr Lake","kind":"lake","evidence_class":"site_verified","cdfw_stocked":true,"public_fishing":"yes","follow_up_priority":null}},{"type":"Feature","geometry":{"type":"Point","coordinates":[-123.210875,41.612659]},"properties":{"id":"paradise-lake--siskiyou","name":"Paradise Lake","kind":"lake","evidence_class":"statewide_default","cdfw_stocked":false,"public_fishing":"yes","follow_up_priority":null}},{"type":"Feature","geometry":{"type":"Point","coordinates":[-122.961829,41.342033]},"properties":{"id":"paynes-lake--siskiyou","name":"Paynes Lake","kind":"lake","evidence_class":"statewide_default","cdfw_stocked":false,"public_fishing":"yes","follow_up_priority":null}},{"type":"Feature","geometry":{"type":"Point","coordinates":[-122.508726,41.274032]},"properties":{"id":"porcupine-lake--siskiyou","name":"Porcupine Lake","kind":"lake","evidence_class":"statewide_default","cdfw_stocked":false,"public_fishing":"yes","follow_up_priority":"low"}},{"type":"Feature","geometry":{"type":"Point","coordinates":[-123.620994,41.848501]},"properties":{"id":"raspberry-lake--siskiyou","name":"Raspberry Lake","kind":"lake","evidence_class":"statewide_default","cdfw_stocked":true,"public_fishing":"yes","follow_up_priority":null}},{"type":"Feature","geometry":{"type":"Point","coordinates":[-122.974332,41.261769]},"properties":{"id":"russian-lake--siskiyou","name":"Russian Lake","kind":"lake","evidence_class":"statewide_default","cdfw_stocked":false,"public_fishing":"yes","follow_up_priority":null}},{"type":"Feature","geometry":{"type":"Point","coordinates":[-122.419641,41.215246]},"properties":{"id":"scott-lake--siskiyou","name":"Scott Lake","kind":"lake","evidence_class":"statewide_default","cdfw_stocked":false,"public_fishing":"yes","follow_up_priority":"low"}},{"type":"Feature","geometry":{"type":"Point","coordinates":[-123.363824,41.549826]},"properties":{"id":"secret-lake--siskiyou","name":"Secret Lake","kind":"lake","evidence_class":"statewide_default","cdfw_stocked":false,"public_fishing":"yes","follow_up_priority":null}},{"type":"Feature","geometry":{"type":"Point","coordinates":[-123.180302,41.549009]},"properties":{"id":"sky-high-lakes--siskiyou","name":"Sky High Lakes","kind":"lake","evidence_class":"statewide_default","cdfw_stocked":false,"public_fishing":"yes","follow_up_priority":null}},{"type":"Feature","geometry":{"type":"Point","coordinates":[-123.265044,41.558754]},"properties":{"id":"spirit-lake--siskiyou","name":"Spirit Lake","kind":"lake","evidence_class":"statewide_default","cdfw_stocked":false,"public_fishing":"yes","follow_up_priority":null}},{"type":"Feature","geometry":{"type":"Point","coordinates":[-122.973445,41.309592]},"properties":{"id":"statue-lake--siskiyou","name":"Statue Lake","kind":"lake","evidence_class":"statewide_default","cdfw_stocked":false,"public_fishing":"yes","follow_up_priority":null}},{"type":"Feature","geometry":{"type":"Point","coordinates":[-122.457525,41.694678]},"properties":{"id":"steamboat-lake-shasta-valley-wa--siskiyou","name":"Steamboat Lake (Shasta Valley WA)","kind":"lake","evidence_class":"site_verified","cdfw_stocked":false,"public_fishing":"unknown","follow_up_priority":"high"}},{"type":"Feature","geometry":{"type":"Point","coordinates":[-123.128416,41.535319]},"properties":{"id":"summit-lake-marble-mountains--siskiyou","name":"Summit Lake (Marble Mountains)","kind":"lake","evidence_class":"statewide_default","cdfw_stocked":false,"public_fishing":"yes","follow_up_priority":null}},{"type":"Feature","geometry":{"type":"Point","coordinates":[-122.968777,41.361352]},"properties":{"id":"taylor-lake-russian-wilderness--siskiyou","name":"Taylor Lake (Russian Wilderness)","kind":"lake","evidence_class":"statewide_default","cdfw_stocked":false,"public_fishing":"yes","follow_up_priority":null}},{"type":"Feature","geometry":{"type":"Point","coordinates":[-122.428939,41.214068]},"properties":{"id":"timber-lake--siskiyou","name":"Timber Lake","kind":"lake","evidence_class":"statewide_default","cdfw_stocked":false,"public_fishing":"yes","follow_up_priority":"low"}},{"type":"Feature","geometry":{"type":"Point","coordinates":[-122.501501,41.282125]},"properties":{"id":"toad-lake--siskiyou","name":"Toad Lake","kind":"lake","evidence_class":"statewide_default","cdfw_stocked":false,"public_fishing":"yes","follow_up_priority":"low"}},{"type":"Feature","geometry":{"type":"Point","coordinates":[-122.475973,41.685722]},"properties":{"id":"trout-lake-shasta-valley-wa--siskiyou","name":"Trout Lake (Shasta Valley WA)","kind":"lake","evidence_class":"site_verified","cdfw_stocked":true,"public_fishing":"yes","follow_up_priority":"high"}},{"type":"Feature","geometry":{"type":"Point","coordinates":[-123.356728,41.580296]},"properties":{"id":"ukonom-lake--siskiyou","name":"Ukonom Lake","kind":"lake","evidence_class":"statewide_default","cdfw_stocked":false,"public_fishing":"yes","follow_up_priority":null}},{"type":"Feature","geometry":{"type":"Point","coordinates":[-122.5,41.175]},"properties":{"id":"upper-echo-lake--siskiyou","name":"Upper Echo Lake","kind":"lake","evidence_class":"statewide_default","cdfw_stocked":false,"public_fishing":"yes","follow_up_priority":"low"}},{"type":"Feature","geometry":{"type":"Point","coordinates":[-122.432108,41.211751]},"properties":{"id":"upper-gray-rock-lake--siskiyou","name":"Upper Gray Rock Lake","kind":"lake","evidence_class":"statewide_default","cdfw_stocked":false,"public_fishing":"yes","follow_up_priority":"low"}},{"type":"Feature","geometry":{"type":"Point","coordinates":[-122.514648,41.20872]},"properties":{"id":"upper-gumboot-lake--siskiyou","name":"Upper Gumboot Lake","kind":"lake","evidence_class":"statewide_default","cdfw_stocked":false,"public_fishing":"yes","follow_up_priority":"low"}},{"type":"Feature","geometry":{"type":"Point","coordinates":[-122.492078,41.186721]},"properties":{"id":"upper-seven-lake--siskiyou","name":"Upper Seven Lake","kind":"lake","evidence_class":"statewide_default","cdfw_stocked":false,"public_fishing":"yes","follow_up_priority":"low"}},{"type":"Feature","geometry":{"type":"Point","coordinates":[-122.977008,41.265115]},"properties":{"id":"waterdog-lake--siskiyou","name":"Waterdog Lake","kind":"lake","evidence_class":"statewide_default","cdfw_stocked":false,"public_fishing":"yes","follow_up_priority":null}},{"type":"Feature","geometry":{"type":"Point","coordinates":[-122.559074,41.384704]},"properties":{"id":"west-parks-lakes--siskiyou","name":"West Parks Lakes","kind":"lake","evidence_class":"statewide_default","cdfw_stocked":false,"public_fishing":"yes","follow_up_priority":"low"}},{"type":"Feature","geometry":{"type":"Point","coordinates":[-123.134902,41.492535]},"properties":{"id":"wooley-lake--siskiyou","name":"Wooley Lake","kind":"lake","evidence_class":"statewide_default","cdfw_stocked":false,"public_fishing":"yes","follow_up_priority":null}},{"type":"Feature","geometry":{"type":"Point","coordinates":[-122.01257,38.32695]},"properties":{"id":"lagoon-valley-lake--solano","name":"Lagoon Valley Lake","kind":"lake","evidence_class":"statewide_default","cdfw_stocked":true,"public_fishing":"yes","follow_up_priority":"low"}},{"type":"Feature","geometry":{"type":"Point","coordinates":[-122.23541,38.13661]},"properties":{"id":"lake-chabot-vallejo--solano","name":"Lake Chabot (Vallejo)","kind":"lake","evidence_class":"statewide_default","cdfw_stocked":true,"public_fishing":"yes","follow_up_priority":"low"}},{"type":"Feature","geometry":{"type":"Point","coordinates":[-122.24142,38.09292]},"properties":{"id":"lake-dalwigk--solano","name":"Lake Dalwigk","kind":"lake","evidence_class":"statewide_default","cdfw_stocked":false,"public_fishing":"unknown","follow_up_priority":null}},{"type":"Feature","geometry":{"type":"Point","coordinates":[-122.18948,38.29287]},"properties":{"id":"lake-frey--solano","name":"Lake Frey","kind":"lake","evidence_class":"no_fishing","cdfw_stocked":false,"public_fishing":"no","follow_up_priority":null}},{"type":"Feature","geometry":{"type":"Point","coordinates":[-122.15491,38.09475]},"properties":{"id":"lake-herman--solano","name":"Lake Herman","kind":"lake","evidence_class":"statewide_default","cdfw_stocked":true,"public_fishing":"yes","follow_up_priority":"high"}},{"type":"Feature","geometry":{"type":"Point","coordinates":[-122.19474,38.30985]},"properties":{"id":"lake-madigan--solano","name":"Lake Madigan","kind":"lake","evidence_class":"no_fishing","cdfw_stocked":false,"public_fishing":"no","follow_up_priority":null}},{"type":"Feature","geometry":{"type":"Point","coordinates":[-122.011552,38.491702]},"properties":{"id":"lake-solano--solano","name":"Lake Solano","kind":"lake","evidence_class":"statewide_default","cdfw_stocked":true,"public_fishing":"yes","follow_up_priority":"low"}},{"type":"Feature","geometry":{"type":"Point","coordinates":[-123.011,38.5656]},"properties":{"id":"bullfrog-pond--sonoma","name":"Bullfrog Pond","kind":"lake","evidence_class":"statewide_default","cdfw_stocked":false,"public_fishing":"restricted","follow_up_priority":"low"}},{"type":"Feature","geometry":{"type":"Point","coordinates":[-122.664423,38.212719]},"properties":{"id":"cattail-pond--sonoma","name":"Cattail Pond","kind":"lake","evidence_class":"site_verified","cdfw_stocked":false,"public_fishing":"yes","follow_up_priority":"medium"}},{"type":"Feature","geometry":{"type":"Point","coordinates":[-122.791312,38.563323]},"properties":{"id":"foothill-regional-park-ponds--sonoma","name":"Foothill Regional Park Ponds","kind":"lake","evidence_class":"site_verified","cdfw_stocked":true,"public_fishing":"yes","follow_up_priority":"low"}},{"type":"Feature","geometry":{"type":"Point","coordinates":[-122.7167,38.485609]},"properties":{"id":"fountaingrove-lake--sonoma","name":"Fountaingrove Lake","kind":"lake","evidence_class":"no_fishing","cdfw_stocked":false,"public_fishing":"no","follow_up_priority":null}},{"type":"Feature","geometry":{"type":"Point","coordinates":[-122.8499,38.521531]},"properties":{"id":"lake-benoist--sonoma","name":"Lake Benoist","kind":"lake","evidence_class":"site_verified","cdfw_stocked":false,"public_fishing":"yes","follow_up_priority":"medium"}},{"type":"Feature","geometry":{"type":"Point","coordinates":[-122.631239,38.42847]},"properties":{"id":"lake-ilsanjo--sonoma","name":"Lake Ilsanjo","kind":"lake","evidence_class":"site_verified","cdfw_stocked":false,"public_fishing":"yes","follow_up_priority":"medium"}},{"type":"Feature","geometry":{"type":"Point","coordinates":[-122.667101,38.454904]},"properties":{"id":"lake-ralphine--sonoma","name":"Lake Ralphine","kind":"lake","evidence_class":"statewide_default","cdfw_stocked":true,"public_fishing":"yes","follow_up_priority":null}},{"type":"Feature","geometry":{"type":"Point","coordinates":[-123.056925,38.734324]},"properties":{"id":"lake-sonoma--sonoma","name":"Lake Sonoma","kind":"lake","evidence_class":"statewide_default","cdfw_stocked":false,"public_fishing":"yes","follow_up_priority":"medium"}},{"type":"Feature","geometry":{"type":"Point","coordinates":[-122.651338,38.403712]},"properties":{"id":"matanzas-creek-reservoir--sonoma","name":"Matanzas Creek Reservoir","kind":"lake","evidence_class":"no_fishing","cdfw_stocked":false,"public_fishing":"no","follow_up_priority":null}},{"type":"Feature","geometry":{"type":"Point","coordinates":[-122.71062,38.366029]},"properties":{"id":"roberts-lake--sonoma","name":"Roberts Lake","kind":"lake","evidence_class":"statewide_default","cdfw_stocked":false,"public_fishing":"unknown","follow_up_priority":null}},{"type":"Feature","geometry":{"type":"Point","coordinates":[-122.648281,38.454918]},"properties":{"id":"spring-lake--sonoma","name":"Spring Lake","kind":"lake","evidence_class":"site_verified","cdfw_stocked":false,"public_fishing":"yes","follow_up_priority":"medium"}},{"type":"Feature","geometry":{"type":"Point","coordinates":[-122.516059,38.355144]},"properties":{"id":"suttonfield-lake--sonoma","name":"Suttonfield Lake","kind":"lake","evidence_class":"no_fishing","cdfw_stocked":false,"public_fishing":"no","follow_up_priority":null}},{"type":"Feature","geometry":{"type":"Point","coordinates":[-120.65989859622685,37.667929816442644]},"properties":{"id":"modesto-reservoir--stanislaus","name":"Modesto Reservoir","kind":"lake","evidence_class":"statewide_default","cdfw_stocked":true,"public_fishing":"yes","follow_up_priority":null}},{"type":"Feature","geometry":{"type":"Point","coordinates":[-120.9969,37.6391]},"properties":{"id":"modesto-vfw-park-pond--stanislaus","name":"Modesto VFW Park Pond","kind":"lake","evidence_class":"statewide_default","cdfw_stocked":true,"public_fishing":"unknown","follow_up_priority":"high"}},{"type":"Feature","geometry":{"type":"Point","coordinates":[-120.5684255,37.6089296]},"properties":{"id":"turlock-lake--stanislaus","name":"Turlock Lake","kind":"lake","evidence_class":"statewide_default","cdfw_stocked":true,"public_fishing":"restricted","follow_up_priority":"medium"}},{"type":"Feature","geometry":{"type":"Point","coordinates":[-120.8580537,37.8521313]},"properties":{"id":"woodward-reservoir--stanislaus","name":"Woodward Reservoir","kind":"lake","evidence_class":"statewide_default","cdfw_stocked":true,"public_fishing":"yes","follow_up_priority":null}},{"type":"Feature","geometry":{"type":"Point","coordinates":[-121.520256,40.346826]},"properties":{"id":"camp-tehama-pond--tehama","name":"Camp Tehama Pond","kind":"lake","evidence_class":"statewide_default","cdfw_stocked":true,"public_fishing":"unknown","follow_up_priority":null}},{"type":"Feature","geometry":{"type":"Point","coordinates":[-121.852552,40.270349]},"properties":{"id":"finley-lake--tehama","name":"Finley Lake","kind":"lake","evidence_class":"site_verified","cdfw_stocked":false,"public_fishing":"yes","follow_up_priority":"high"}},{"type":"Feature","geometry":{"type":"Point","coordinates":[-122.219145,40.17495]},"properties":{"id":"lake-red-bluff-former--tehama","name":"Lake Red Bluff (former)","kind":"lake","evidence_class":"site_verified","cdfw_stocked":false,"public_fishing":"yes","follow_up_priority":"high"}},{"type":"Feature","geometry":{"type":"Point","coordinates":[-122.860657,40.044917]},"properties":{"id":"long-lake--tehama","name":"Long Lake","kind":"lake","evidence_class":"statewide_default","cdfw_stocked":true,"public_fishing":"yes","follow_up_priority":null}},{"type":"Feature","geometry":{"type":"Point","coordinates":[-122.967741,40.204243]},"properties":{"id":"north-yolla-bolly-lake--tehama","name":"North Yolla Bolly Lake","kind":"lake","evidence_class":"statewide_default","cdfw_stocked":true,"public_fishing":"yes","follow_up_priority":null}},{"type":"Feature","geometry":{"type":"Point","coordinates":[-122.849832,40.041956]},"properties":{"id":"square-lake--tehama","name":"Square Lake","kind":"lake","evidence_class":"statewide_default","cdfw_stocked":true,"public_fishing":"yes","follow_up_priority":null}},{"type":"Feature","geometry":{"type":"Point","coordinates":[-122.962843,41.112566]},"properties":{"id":"adams-lake--trinity","name":"Adams Lake","kind":"lake","evidence_class":"site_verified","cdfw_stocked":false,"public_fishing":"yes","follow_up_priority":"low"}},{"type":"Feature","geometry":{"type":"Point","coordinates":[-122.714711,41.193692]},"properties":{"id":"big-bear-lake--trinity","name":"Big Bear Lake","kind":"lake","evidence_class":"site_verified","cdfw_stocked":false,"public_fishing":"yes","follow_up_priority":null}},{"type":"Feature","geometry":{"type":"Point","coordinates":[-122.559973,41.346487]},"properties":{"id":"bluff-lake--trinity","name":"Bluff Lake","kind":"lake","evidence_class":"statewide_default","cdfw_stocked":false,"public_fishing":"yes","follow_up_priority":"low"}},{"type":"Feature","geometry":{"type":"Point","coordinates":[-123.038198,40.944567]},"properties":{"id":"boulder-creek-lakes--trinity","name":"Boulder Creek Lakes","kind":"lake","evidence_class":"site_verified","cdfw_stocked":false,"public_fishing":"yes","follow_up_priority":"low"}},{"type":"Feature","geometry":{"type":"Point","coordinates":[-122.80782,41.049125]},"properties":{"id":"boulder-lake--trinity","name":"Boulder Lake","kind":"lake","evidence_class":"site_verified","cdfw_stocked":false,"public_fishing":"yes","follow_up_priority":null}},{"type":"Feature","geometry":{"type":"Point","coordinates":[-123.022573,40.971261]},"properties":{"id":"canyon-creek-lakes--trinity","name":"Canyon Creek Lakes","kind":"lake","evidence_class":"site_verified","cdfw_stocked":false,"public_fishing":"yes","follow_up_priority":null}},{"type":"Feature","geometry":{"type":"Point","coordinates":[-122.701172,41.05302]},"properties":{"id":"carrville-pond--trinity","name":"Carrville Pond","kind":"lake","evidence_class":"statewide_default","cdfw_stocked":true,"public_fishing":"yes","follow_up_priority":null}},{"type":"Feature","geometry":{"type":"Point","coordinates":[-122.84699,41.048164]},"properties":{"id":"conway-lake--trinity","name":"Conway Lake","kind":"lake","evidence_class":"site_verified","cdfw_stocked":false,"public_fishing":"yes","follow_up_priority":"low"}},{"type":"Feature","geometry":{"type":"Point","coordinates":[-122.502919,41.316754]},"properties":{"id":"deadfall-lakes--trinity","name":"Deadfall Lakes","kind":"lake","evidence_class":"statewide_default","cdfw_stocked":false,"public_fishing":"yes","follow_up_priority":"low"}},{"type":"Feature","geometry":{"type":"Point","coordinates":[-122.558671,41.059223]},"properties":{"id":"devils-lake--trinity","name":"Devils Lake","kind":"lake","evidence_class":"statewide_default","cdfw_stocked":false,"public_fishing":"yes","follow_up_priority":"high"}},{"type":"Feature","geometry":{"type":"Point","coordinates":[-122.986493,40.814145]},"properties":{"id":"east-weaver-lake--trinity","name":"East Weaver Lake","kind":"lake","evidence_class":"site_verified","cdfw_stocked":false,"public_fishing":"yes","follow_up_priority":null}},{"type":"Feature","geometry":{"type":"Point","coordinates":[-123.165414,40.565277]},"properties":{"id":"ewing-reservoir--trinity","name":"Ewing Reservoir","kind":"lake","evidence_class":"statewide_default","cdfw_stocked":true,"public_fishing":"yes","follow_up_priority":null}},{"type":"Feature","geometry":{"type":"Point","coordinates":[-122.856439,41.046787]},"properties":{"id":"foster-lake--trinity","name":"Foster Lake","kind":"lake","evidence_class":"site_verified","cdfw_stocked":false,"public_fishing":"yes","follow_up_priority":"low"}},{"type":"Feature","geometry":{"type":"Point","coordinates":[-122.857609,40.952537]},"properties":{"id":"granite-lake--trinity","name":"Granite Lake","kind":"lake","evidence_class":"site_verified","cdfw_stocked":false,"public_fishing":"yes","follow_up_priority":null}},{"type":"Feature","geometry":{"type":"Point","coordinates":[-123.049938,41.010051]},"properties":{"id":"grizzly-lake--trinity","name":"Grizzly Lake","kind":"lake","evidence_class":"site_verified","cdfw_stocked":false,"public_fishing":"yes","follow_up_priority":null}},{"type":"Feature","geometry":{"type":"Point","coordinates":[-122.54718,41.066956]},"properties":{"id":"grouse-lake--trinity","name":"Grouse Lake","kind":"lake","evidence_class":"statewide_default","cdfw_stocked":false,"public_fishing":"yes","follow_up_priority":"high"}},{"type":"Feature","geometry":{"type":"Point","coordinates":[-122.507686,41.09019]},"properties":{"id":"highland-lake--trinity","name":"Highland Lake","kind":"lake","evidence_class":"statewide_default","cdfw_stocked":false,"public_fishing":"yes","follow_up_priority":"high"}},{"type":"Feature","geometry":{"type":"Point","coordinates":[-122.910955,40.993224]},"properties":{"id":"horseshoe-lake--trinity","name":"Horseshoe Lake","kind":"lake","evidence_class":"site_verified","cdfw_stocked":false,"public_fishing":"yes","follow_up_priority":"low"}},{"type":"Feature","geometry":{"type":"Point","coordinates":[-123.012032,40.981645]},"properties":{"id":"l-lake--trinity","name":"L Lake","kind":"lake","evidence_class":"site_verified","cdfw_stocked":false,"public_fishing":"yes","follow_up_priority":"low"}},{"type":"Feature","geometry":{"type":"Point","coordinates":[-122.77399,40.989619]},"properties":{"id":"lake-eleanor--trinity","name":"Lake Eleanor","kind":"lake","evidence_class":"site_verified","cdfw_stocked":false,"public_fishing":"yes","follow_up_priority":null}},{"type":"Feature","geometry":{"type":"Point","coordinates":[-122.887997,41.032414]},"properties":{"id":"landers-lake--trinity","name":"Landers Lake","kind":"lake","evidence_class":"site_verified","cdfw_stocked":false,"public_fishing":"yes","follow_up_priority":"low"}},{"type":"Feature","geometry":{"type":"Point","coordinates":[-122.785913,40.747267]},"properties":{"id":"lewiston-lake--trinity","name":"Lewiston Lake","kind":"lake","evidence_class":"site_verified","cdfw_stocked":true,"public_fishing":"yes","follow_up_priority":"low"}},{"type":"Feature","geometry":{"type":"Point","coordinates":[-122.850323,41.047808]},"properties":{"id":"lion-lake--trinity","name":"Lion Lake","kind":"lake","evidence_class":"site_verified","cdfw_stocked":false,"public_fishing":"yes","follow_up_priority":"low"}},{"type":"Feature","geometry":{"type":"Point","coordinates":[-122.703126,41.189405]},"properties":{"id":"little-bear-lake--trinity","name":"Little Bear Lake","kind":"lake","evidence_class":"site_verified","cdfw_stocked":false,"public_fishing":"yes","follow_up_priority":"low"}},{"type":"Feature","geometry":{"type":"Point","coordinates":[-122.796571,41.047047]},"properties":{"id":"little-boulder-lake--trinity","name":"Little Boulder Lake","kind":"lake","evidence_class":"site_verified","cdfw_stocked":false,"public_fishing":"yes","follow_up_priority":null}},{"type":"Feature","geometry":{"type":"Point","coordinates":[-123.063947,41.01072]},"properties":{"id":"lois-lake--trinity","name":"Lois Lake","kind":"lake","evidence_class":"site_verified","cdfw_stocked":false,"public_fishing":"yes","follow_up_priority":"low"}},{"type":"Feature","geometry":{"type":"Point","coordinates":[-122.755173,41.147485]},"properties":{"id":"mcdonald-lake--trinity","name":"McDonald Lake","kind":"lake","evidence_class":"site_verified","cdfw_stocked":false,"public_fishing":"yes","follow_up_priority":null}},{"type":"Feature","geometry":{"type":"Point","coordinates":[-122.510405,41.191118]},"properties":{"id":"mumbo-lake--trinity","name":"Mumbo Lake","kind":"lake","evidence_class":"statewide_default","cdfw_stocked":false,"public_fishing":"yes","follow_up_priority":"low"}},{"type":"Feature","geometry":{"type":"Point","coordinates":[-122.531269,41.080195]},"properties":{"id":"pond-lily-lake--trinity","name":"Pond Lily Lake","kind":"lake","evidence_class":"statewide_default","cdfw_stocked":false,"public_fishing":"yes","follow_up_priority":"high"}},{"type":"Feature","geometry":{"type":"Point","coordinates":[-123.400561,40.334844]},"properties":{"id":"ruth-lake--trinity","name":"Ruth Lake","kind":"lake","evidence_class":"statewide_default","cdfw_stocked":true,"public_fishing":"yes","follow_up_priority":"low"}},{"type":"Feature","geometry":{"type":"Point","coordinates":[-122.804352,41.007739]},"properties":{"id":"shimmy-lake--trinity","name":"Shimmy Lake","kind":"lake","evidence_class":"site_verified","cdfw_stocked":false,"public_fishing":"yes","follow_up_priority":null}},{"type":"Feature","geometry":{"type":"Point","coordinates":[-122.755144,41.151869]},"properties":{"id":"stoddard-lake--trinity","name":"Stoddard Lake","kind":"lake","evidence_class":"site_verified","cdfw_stocked":false,"public_fishing":"yes","follow_up_priority":null}},{"type":"Feature","geometry":{"type":"Point","coordinates":[-122.853999,41.062558]},"properties":{"id":"sugar-pine-lake--trinity","name":"Sugar Pine Lake","kind":"lake","evidence_class":"site_verified","cdfw_stocked":false,"public_fishing":"yes","follow_up_priority":null}},{"type":"Feature","geometry":{"type":"Point","coordinates":[-122.462653,41.102406]},"properties":{"id":"tamarack-lake--trinity","name":"Tamarack Lake","kind":"lake","evidence_class":"statewide_default","cdfw_stocked":false,"public_fishing":"yes","follow_up_priority":"low"}},{"type":"Feature","geometry":{"type":"Point","coordinates":[-122.744433,41.206355]},"properties":{"id":"tangle-blue-lake--trinity","name":"Tangle Blue Lake","kind":"lake","evidence_class":"site_verified","cdfw_stocked":false,"public_fishing":"yes","follow_up_priority":null}},{"type":"Feature","geometry":{"type":"Point","coordinates":[-122.781822,40.838626]},"properties":{"id":"trinity-lake--trinity","name":"Trinity Lake","kind":"lake","evidence_class":"site_verified","cdfw_stocked":true,"public_fishing":"yes","follow_up_priority":"low"}},{"type":"Feature","geometry":{"type":"Point","coordinates":[-122.883861,41.043389]},"properties":{"id":"union-lake--trinity","name":"Union Lake","kind":"lake","evidence_class":"site_verified","cdfw_stocked":false,"public_fishing":"yes","follow_up_priority":null}},{"type":"Feature","geometry":{"type":"Point","coordinates":[-122.5029,41.3168]},"properties":{"id":"upper-deadfall-lake--trinity","name":"Upper Deadfall Lake","kind":"lake","evidence_class":"statewide_default","cdfw_stocked":false,"public_fishing":"yes","follow_up_priority":"low"}},{"type":"Feature","geometry":{"type":"Point","coordinates":[-122.505996,41.191538]},"properties":{"id":"upper-mumbo-lake--trinity","name":"Upper Mumbo Lake","kind":"lake","evidence_class":"statewide_default","cdfw_stocked":false,"public_fishing":"yes","follow_up_priority":"low"}},{"type":"Feature","geometry":{"type":"Point","coordinates":[-122.908652,41.003617]},"properties":{"id":"ward-lake--trinity","name":"Ward Lake","kind":"lake","evidence_class":"site_verified","cdfw_stocked":false,"public_fishing":"yes","follow_up_priority":"low"}},{"type":"Feature","geometry":{"type":"Point","coordinates":[-122.70142,41.191569]},"properties":{"id":"wee-bear-lake--trinity","name":"Wee Bear Lake","kind":"lake","evidence_class":"site_verified","cdfw_stocked":false,"public_fishing":"yes","follow_up_priority":"low"}},{"type":"Feature","geometry":{"type":"Point","coordinates":[-118.55221,36.4458]},"properties":{"id":"amphitheater-lake-sequoia--tulare","name":"Amphitheater Lake (Sequoia)","kind":"lake","evidence_class":"statewide_default","cdfw_stocked":false,"public_fishing":"yes","follow_up_priority":null}},{"type":"Feature","geometry":{"type":"Point","coordinates":[-118.5988,36.39294]},"properties":{"id":"ansel-lake--tulare","name":"Ansel Lake","kind":"lake","evidence_class":"statewide_default","cdfw_stocked":false,"public_fishing":"yes","follow_up_priority":null}},{"type":"Feature","geometry":{"type":"Point","coordinates":[-118.30781,36.58281]},"properties":{"id":"arctic-lake-sequoia--tulare","name":"Arctic Lake (Sequoia)","kind":"lake","evidence_class":"statewide_default","cdfw_stocked":false,"public_fishing":"yes","follow_up_priority":null}},{"type":"Feature","geometry":{"type":"Point","coordinates":[-118.67907,36.60266]},"properties":{"id":"aster-lake--tulare","name":"Aster Lake","kind":"lake","evidence_class":"site_verified","cdfw_stocked":false,"public_fishing":"yes","follow_up_priority":null}},{"type":"Feature","geometry":{"type":"Point","coordinates":[-118.68052,36.21957]},"properties":{"id":"balch-park-lake-lower--tulare","name":"Balch Park Lake Lower","kind":"lake","evidence_class":"statewide_default","cdfw_stocked":true,"public_fishing":"yes","follow_up_priority":"low"}},{"type":"Feature","geometry":{"type":"Point","coordinates":[-118.67655,36.22107]},"properties":{"id":"balch-park-lake-upper--tulare","name":"Balch Park Lake Upper","kind":"lake","evidence_class":"statewide_default","cdfw_stocked":true,"public_fishing":"yes","follow_up_priority":"low"}},{"type":"Feature","geometry":{"type":"Point","coordinates":[-118.92649,36.05551]},"properties":{"id":"bartlett-park-ponds--tulare","name":"Bartlett Park Ponds","kind":"lake","evidence_class":"statewide_default","cdfw_stocked":false,"public_fishing":"restricted","follow_up_priority":"high"}},{"type":"Feature","geometry":{"type":"Point","coordinates":[-118.6916,36.66084]},"properties":{"id":"beville-lake--tulare","name":"Beville Lake","kind":"lake","evidence_class":"statewide_default","cdfw_stocked":false,"public_fishing":"yes","follow_up_priority":null}},{"type":"Feature","geometry":{"type":"Point","coordinates":[-118.50986,36.70203]},"properties":{"id":"big-brewer-lake--tulare","name":"Big Brewer Lake","kind":"lake","evidence_class":"statewide_default","cdfw_stocked":false,"public_fishing":"yes","follow_up_priority":null}},{"type":"Feature","geometry":{"type":"Point","coordinates":[-118.52472,36.4801]},"properties":{"id":"big-five-lakes--tulare","name":"Big Five Lakes","kind":"lake","evidence_class":"site_verified","cdfw_stocked":false,"public_fishing":"yes","follow_up_priority":null}},{"type":"Feature","geometry":{"type":"Point","coordinates":[-118.59592,36.37436]},"properties":{"id":"blossom-lakes--tulare","name":"Blossom Lakes","kind":"lake","evidence_class":"statewide_default","cdfw_stocked":false,"public_fishing":"yes","follow_up_priority":null}},{"type":"Feature","geometry":{"type":"Point","coordinates":[-119.09079,36.40785]},"properties":{"id":"bravo-lake--tulare","name":"Bravo Lake","kind":"lake","evidence_class":"statewide_default","cdfw_stocked":false,"public_fishing":"unknown","follow_up_priority":null}},{"type":"Feature","geometry":{"type":"Point","coordinates":[-118.55291,36.39719]},"properties":{"id":"bullfrog-lakes-mineral-king--tulare","name":"Bullfrog Lakes (Mineral King)","kind":"lake","evidence_class":"statewide_default","cdfw_stocked":false,"public_fishing":"yes","follow_up_priority":null}},{"type":"Feature","geometry":{"type":"Point","coordinates":[-118.22727,36.45736]},"properties":{"id":"chicken-spring-lake--tulare","name":"Chicken Spring Lake","kind":"lake","evidence_class":"statewide_default","cdfw_stocked":false,"public_fishing":"yes","follow_up_priority":null}},{"type":"Feature","geometry":{"type":"Point","coordinates":[-118.51304,36.62823]},"properties":{"id":"colby-lake--tulare","name":"Colby Lake","kind":"lake","evidence_class":"statewide_default","cdfw_stocked":false,"public_fishing":"yes","follow_up_priority":null}},{"type":"Feature","geometry":{"type":"Point","coordinates":[-118.55115,36.46174]},"properties":{"id":"columbine-lake--tulare","name":"Columbine Lake","kind":"lake","evidence_class":"statewide_default","cdfw_stocked":false,"public_fishing":"yes","follow_up_priority":null}},{"type":"Feature","geometry":{"type":"Point","coordinates":[-118.4523,36.30654]},"properties":{"id":"coyote-lakes-coyote-pass--tulare","name":"Coyote Lakes (Coyote Pass)","kind":"lake","evidence_class":"statewide_default","cdfw_stocked":false,"public_fishing":"yes","follow_up_priority":null}},{"type":"Feature","geometry":{"type":"Point","coordinates":[-118.31467,36.5424]},"properties":{"id":"crabtree-lakes--tulare","name":"Crabtree Lakes","kind":"lake","evidence_class":"statewide_default","cdfw_stocked":false,"public_fishing":"yes","follow_up_priority":null}},{"type":"Feature","geometry":{"type":"Point","coordinates":[-118.68415,36.64437]},"properties":{"id":"crescent-lake--tulare","name":"Crescent Lake","kind":"lake","evidence_class":"statewide_default","cdfw_stocked":false,"public_fishing":"yes","follow_up_priority":null}},{"type":"Feature","geometry":{"type":"Point","coordinates":[-118.56257,36.44178]},"properties":{"id":"crystal-lake-mineral-king--tulare","name":"Crystal Lake (Mineral King)","kind":"lake","evidence_class":"site_verified","cdfw_stocked":false,"public_fishing":"yes","follow_up_priority":null}},{"type":"Feature","geometry":{"type":"Point","coordinates":[-118.55218,36.46786]},"properties":{"id":"cyclamen-lake--tulare","name":"Cyclamen Lake","kind":"lake","evidence_class":"statewide_default","cdfw_stocked":false,"public_fishing":"yes","follow_up_priority":null}},{"type":"Feature","geometry":{"type":"Point","coordinates":[-119.32116,36.22864]},"properties":{"id":"del-lago-park-lake--tulare","name":"Del Lago Park Lake","kind":"lake","evidence_class":"statewide_default","cdfw_stocked":true,"public_fishing":"yes","follow_up_priority":"high"}},{"type":"Feature","geometry":{"type":"Point","coordinates":[-118.60639,36.41508]},"properties":{"id":"eagle-lake--tulare","name":"Eagle Lake","kind":"lake","evidence_class":"site_verified","cdfw_stocked":false,"public_fishing":"yes","follow_up_priority":null}},{"type":"Feature","geometry":{"type":"Point","coordinates":[-118.44343,36.72597]},"properties":{"id":"east-lake-kings-canyon--tulare","name":"East Lake (Kings Canyon)","kind":"lake","evidence_class":"statewide_default","cdfw_stocked":false,"public_fishing":"yes","follow_up_priority":null}},{"type":"Feature","geometry":{"type":"Point","coordinates":[-118.67589,36.59747]},"properties":{"id":"emerald-lake--tulare","name":"Emerald Lake","kind":"lake","evidence_class":"site_verified","cdfw_stocked":false,"public_fishing":"yes","follow_up_priority":null}},{"type":"Feature","geometry":{"type":"Point","coordinates":[-118.28633,36.51437]},"properties":{"id":"erin-lake--tulare","name":"Erin Lake","kind":"lake","evidence_class":"statewide_default","cdfw_stocked":false,"public_fishing":"yes","follow_up_priority":null}},{"type":"Feature","geometry":{"type":"Point","coordinates":[-118.68448,36.38496]},"properties":{"id":"evelyn-lake--tulare","name":"Evelyn Lake","kind":"lake","evidence_class":"statewide_default","cdfw_stocked":false,"public_fishing":"yes","follow_up_priority":null}},{"type":"Feature","geometry":{"type":"Point","coordinates":[-118.51046,36.41136]},"properties":{"id":"forester-lake--tulare","name":"Forester Lake","kind":"lake","evidence_class":"statewide_default","cdfw_stocked":false,"public_fishing":"yes","follow_up_priority":null}},{"type":"Feature","geometry":{"type":"Point","coordinates":[-118.55865,36.41894]},"properties":{"id":"franklin-lakes--tulare","name":"Franklin Lakes","kind":"lake","evidence_class":"site_verified","cdfw_stocked":false,"public_fishing":"yes","follow_up_priority":null}},{"type":"Feature","geometry":{"type":"Point","coordinates":[-118.62137,36.28872]},"properties":{"id":"frog-lakes--tulare","name":"Frog Lakes","kind":"lake","evidence_class":"statewide_default","cdfw_stocked":false,"public_fishing":"yes","follow_up_priority":"low"}},{"type":"Feature","geometry":{"type":"Point","coordinates":[-118.34856,36.44915]},"properties":{"id":"funston-lake--tulare","name":"Funston Lake","kind":"lake","evidence_class":"statewide_default","cdfw_stocked":false,"public_fishing":"yes","follow_up_priority":null}},{"type":"Feature","geometry":{"type":"Point","coordinates":[-118.47511,36.59605]},"properties":{"id":"gallats-lake--tulare","name":"Gallats Lake","kind":"lake","evidence_class":"statewide_default","cdfw_stocked":false,"public_fishing":"yes","follow_up_priority":null}},{"type":"Feature","geometry":{"type":"Point","coordinates":[-118.53438,36.59559]},"properties":{"id":"glacier-lake-kings-canyon--tulare","name":"Glacier Lake (Kings Canyon)","kind":"lake","evidence_class":"statewide_default","cdfw_stocked":false,"public_fishing":"yes","follow_up_priority":null}},{"type":"Feature","geometry":{"type":"Point","coordinates":[-118.35533,36.72611]},"properties":{"id":"golden-bear-lake--tulare","name":"Golden Bear Lake","kind":"lake","evidence_class":"statewide_default","cdfw_stocked":false,"public_fishing":"yes","follow_up_priority":null}},{"type":"Feature","geometry":{"type":"Point","coordinates":[-118.31356,36.57045]},"properties":{"id":"guitar-lake--tulare","name":"Guitar Lake","kind":"lake","evidence_class":"site_verified","cdfw_stocked":false,"public_fishing":"yes","follow_up_priority":null}},{"type":"Feature","geometry":{"type":"Point","coordinates":[-118.57567,36.56202]},"properties":{"id":"hamilton-lakes--tulare","name":"Hamilton Lakes","kind":"lake","evidence_class":"site_verified","cdfw_stocked":false,"public_fishing":"yes","follow_up_priority":null}},{"type":"Feature","geometry":{"type":"Point","coordinates":[-118.68783,36.601]},"properties":{"id":"heather-lake--tulare","name":"Heather Lake","kind":"lake","evidence_class":"site_verified","cdfw_stocked":false,"public_fishing":"yes","follow_up_priority":null}},{"type":"Feature","geometry":{"type":"Point","coordinates":[-118.67979,36.22984]},"properties":{"id":"hedrick-pond--tulare","name":"Hedrick Pond","kind":"lake","evidence_class":"statewide_default","cdfw_stocked":true,"public_fishing":"yes","follow_up_priority":"medium"}},{"type":"Feature","geometry":{"type":"Point","coordinates":[-118.6061,36.31316]},"properties":{"id":"hidden-lake-hockett--tulare","name":"Hidden Lake (Hockett)","kind":"lake","evidence_class":"statewide_default","cdfw_stocked":false,"public_fishing":"yes","follow_up_priority":null}},{"type":"Feature","geometry":{"type":"Point","coordinates":[-118.30902,36.5593]},"properties":{"id":"hitchcock-lakes--tulare","name":"Hitchcock Lakes","kind":"lake","evidence_class":"statewide_default","cdfw_stocked":false,"public_fishing":"yes","follow_up_priority":null}},{"type":"Feature","geometry":{"type":"Point","coordinates":[-118.66697,36.35783]},"properties":{"id":"hockett-lakes--tulare","name":"Hockett Lakes","kind":"lake","evidence_class":"statewide_default","cdfw_stocked":false,"public_fishing":"yes","follow_up_priority":null}},{"type":"Feature","geometry":{"type":"Point","coordinates":[-118.26007,36.53461]},"properties":{"id":"iridescent-lake--tulare","name":"Iridescent Lake","kind":"lake","evidence_class":"statewide_default","cdfw_stocked":false,"public_fishing":"yes","follow_up_priority":null}},{"type":"Feature","geometry":{"type":"Point","coordinates":[-118.76549,36.68014]},"properties":{"id":"jennie-lake--tulare","name":"Jennie Lake","kind":"lake","evidence_class":"statewide_default","cdfw_stocked":true,"public_fishing":"yes","follow_up_priority":"low"}},{"type":"Feature","geometry":{"type":"Point","coordinates":[-118.33712,36.43301]},"properties":{"id":"johnson-lake--tulare","name":"Johnson Lake","kind":"lake","evidence_class":"statewide_default","cdfw_stocked":false,"public_fishing":"yes","follow_up_priority":null}},{"type":"Feature","geometry":{"type":"Point","coordinates":[-118.5506,36.66181]},"properties":{"id":"josephine-lake--tulare","name":"Josephine Lake","kind":"lake","evidence_class":"statewide_default","cdfw_stocked":false,"public_fishing":"yes","follow_up_priority":null}},{"type":"Feature","geometry":{"type":"Point","coordinates":[-118.4057,36.31649]},"properties":{"id":"kern-lake--tulare","name":"Kern Lake","kind":"lake","evidence_class":"statewide_default","cdfw_stocked":false,"public_fishing":"yes","follow_up_priority":null}},{"type":"Feature","geometry":{"type":"Point","coordinates":[-118.97332,36.40541]},"properties":{"id":"lake-kaweah--tulare","name":"Lake Kaweah","kind":"lake","evidence_class":"site_verified","cdfw_stocked":true,"public_fishing":"yes","follow_up_priority":null}},{"type":"Feature","geometry":{"type":"Point","coordinates":[-118.44553,36.70094]},"properties":{"id":"lake-reflection--tulare","name":"Lake Reflection","kind":"lake","evidence_class":"statewide_default","cdfw_stocked":false,"public_fishing":"yes","follow_up_priority":null}},{"type":"Feature","geometry":{"type":"Point","coordinates":[-118.40092,36.67898]},"properties":{"id":"lake-south-america--tulare","name":"Lake South America","kind":"lake","evidence_class":"statewide_default","cdfw_stocked":false,"public_fishing":"yes","follow_up_priority":null}},{"type":"Feature","geometry":{"type":"Point","coordinates":[-118.54024,36.58873]},"properties":{"id":"lion-lake--tulare","name":"Lion Lake","kind":"lake","evidence_class":"statewide_default","cdfw_stocked":false,"public_fishing":"yes","follow_up_priority":null}},{"type":"Feature","geometry":{"type":"Point","coordinates":[-118.52156,36.42197]},"properties":{"id":"little-claire-lake--tulare","name":"Little Claire Lake","kind":"lake","evidence_class":"statewide_default","cdfw_stocked":false,"public_fishing":"yes","follow_up_priority":null}},{"type":"Feature","geometry":{"type":"Point","coordinates":[-118.40446,36.30755]},"properties":{"id":"little-kern-lake--tulare","name":"Little Kern Lake","kind":"lake","evidence_class":"statewide_default","cdfw_stocked":false,"public_fishing":"yes","follow_up_priority":null}},{"type":"Feature","geometry":{"type":"Point","coordinates":[-118.70428,36.64749]},"properties":{"id":"little-lakes-silliman--tulare","name":"Little Lakes (Silliman)","kind":"lake","evidence_class":"statewide_default","cdfw_stocked":false,"public_fishing":"yes","follow_up_priority":null}},{"type":"Feature","geometry":{"type":"Point","coordinates":[-118.58985,36.60604]},"properties":{"id":"lonely-lake--tulare","name":"Lonely Lake","kind":"lake","evidence_class":"statewide_default","cdfw_stocked":false,"public_fishing":"yes","follow_up_priority":null}},{"type":"Feature","geometry":{"type":"Point","coordinates":[-118.70548,36.67377]},"properties":{"id":"lost-lake-silliman--tulare","name":"Lost Lake (Silliman)","kind":"lake","evidence_class":"statewide_default","cdfw_stocked":false,"public_fishing":"yes","follow_up_priority":null}},{"type":"Feature","geometry":{"type":"Point","coordinates":[-118.62051,36.27608]},"properties":{"id":"maggie-lakes--tulare","name":"Maggie Lakes","kind":"lake","evidence_class":"statewide_default","cdfw_stocked":false,"public_fishing":"yes","follow_up_priority":"low"}},{"type":"Feature","geometry":{"type":"Point","coordinates":[-118.62365,36.42938]},"properties":{"id":"mineral-lakes--tulare","name":"Mineral Lakes","kind":"lake","evidence_class":"statewide_default","cdfw_stocked":false,"public_fishing":"yes","follow_up_priority":null}},{"type":"Feature","geometry":{"type":"Point","coordinates":[-118.56579,36.45326]},"properties":{"id":"monarch-lakes--tulare","name":"Monarch Lakes","kind":"lake","evidence_class":"site_verified","cdfw_stocked":false,"public_fishing":"yes","follow_up_priority":null}},{"type":"Feature","geometry":{"type":"Point","coordinates":[-119.30894,36.28029]},"properties":{"id":"mooney-grove-park-pond--tulare","name":"Mooney Grove Park Pond","kind":"lake","evidence_class":"statewide_default","cdfw_stocked":true,"public_fishing":"yes","follow_up_priority":"high"}},{"type":"Feature","geometry":{"type":"Point","coordinates":[-118.6383,36.60069]},"properties":{"id":"moose-lake--tulare","name":"Moose Lake","kind":"lake","evidence_class":"statewide_default","cdfw_stocked":false,"public_fishing":"yes","follow_up_priority":null}},{"type":"Feature","geometry":{"type":"Point","coordinates":[-118.45693,36.46175]},"properties":{"id":"moraine-lake--tulare","name":"Moraine Lake","kind":"lake","evidence_class":"site_verified","cdfw_stocked":false,"public_fishing":"yes","follow_up_priority":null}},{"type":"Feature","geometry":{"type":"Point","coordinates":[-118.61388,36.41934]},"properties":{"id":"mosquito-lakes--tulare","name":"Mosquito Lakes","kind":"lake","evidence_class":"site_verified","cdfw_stocked":false,"public_fishing":"yes","follow_up_priority":null}},{"type":"Feature","geometry":{"type":"Point","coordinates":[-119.00341,36.06887]},"properties":{"id":"murry-park-pond--tulare","name":"Murry Park Pond","kind":"lake","evidence_class":"statewide_default","cdfw_stocked":true,"public_fishing":"yes","follow_up_priority":"high"}},{"type":"Feature","geometry":{"type":"Point","coordinates":[-118.6675,36.60123]},"properties":{"id":"pear-lake--tulare","name":"Pear Lake","kind":"lake","evidence_class":"site_verified","cdfw_stocked":false,"public_fishing":"yes","follow_up_priority":null}},{"type":"Feature","geometry":{"type":"Point","coordinates":[-118.57993,36.48626]},"properties":{"id":"pinto-lake--tulare","name":"Pinto Lake","kind":"lake","evidence_class":"statewide_default","cdfw_stocked":false,"public_fishing":"yes","follow_up_priority":null}},{"type":"Feature","geometry":{"type":"Point","coordinates":[-119.3879,36.32328]},"properties":{"id":"plaza-park-pond--tulare","name":"Plaza Park Pond","kind":"lake","evidence_class":"statewide_default","cdfw_stocked":true,"public_fishing":"yes","follow_up_priority":"high"}},{"type":"Feature","geometry":{"type":"Point","coordinates":[-118.56035,36.55082]},"properties":{"id":"precipice-lake--tulare","name":"Precipice Lake","kind":"lake","evidence_class":"site_verified","cdfw_stocked":false,"public_fishing":"yes","follow_up_priority":null}},{"type":"Feature","geometry":{"type":"Point","coordinates":[-118.27649,36.52125]},"properties":{"id":"primrose-lake--tulare","name":"Primrose Lake","kind":"lake","evidence_class":"statewide_default","cdfw_stocked":false,"public_fishing":"yes","follow_up_priority":null}},{"type":"Feature","geometry":{"type":"Point","coordinates":[-118.69577,36.66611]},"properties":{"id":"ranger-lake--tulare","name":"Ranger Lake","kind":"lake","evidence_class":"statewide_default","cdfw_stocked":false,"public_fishing":"yes","follow_up_priority":null}},{"type":"Feature","geometry":{"type":"Point","coordinates":[-118.44122,36.57633]},"properties":{"id":"rockslide-lake--tulare","name":"Rockslide Lake","kind":"lake","evidence_class":"statewide_default","cdfw_stocked":false,"public_fishing":"yes","follow_up_priority":null}},{"type":"Feature","geometry":{"type":"Point","coordinates":[-118.31789,36.44797]},"properties":{"id":"rocky-basin-lakes--tulare","name":"Rocky Basin Lakes","kind":"lake","evidence_class":"statewide_default","cdfw_stocked":false,"public_fishing":"yes","follow_up_priority":null}},{"type":"Feature","geometry":{"type":"Point","coordinates":[-118.71921,36.683]},"properties":{"id":"seville-lake--tulare","name":"Seville Lake","kind":"lake","evidence_class":"statewide_default","cdfw_stocked":false,"public_fishing":"yes","follow_up_priority":null}},{"type":"Feature","geometry":{"type":"Point","coordinates":[-118.71289,36.67995]},"properties":{"id":"sheep-camp-lakes--tulare","name":"Sheep Camp Lakes","kind":"lake","evidence_class":"statewide_default","cdfw_stocked":false,"public_fishing":"yes","follow_up_priority":null}},{"type":"Feature","geometry":{"type":"Point","coordinates":[-118.70153,36.63601]},"properties":{"id":"silliman-lake--tulare","name":"Silliman Lake","kind":"lake","evidence_class":"statewide_default","cdfw_stocked":false,"public_fishing":"yes","follow_up_priority":null}},{"type":"Feature","geometry":{"type":"Point","coordinates":[-118.53313,36.38273]},"properties":{"id":"silver-lake-mineral-king--tulare","name":"Silver Lake (Mineral King)","kind":"lake","evidence_class":"statewide_default","cdfw_stocked":false,"public_fishing":"yes","follow_up_priority":null}},{"type":"Feature","geometry":{"type":"Point","coordinates":[-118.27404,36.53285]},"properties":{"id":"sky-blue-lake--tulare","name":"Sky Blue Lake","kind":"lake","evidence_class":"statewide_default","cdfw_stocked":false,"public_fishing":"yes","follow_up_priority":null}},{"type":"Feature","geometry":{"type":"Point","coordinates":[-118.49509,36.6924]},"properties":{"id":"south-guard-lake--tulare","name":"South Guard Lake","kind":"lake","evidence_class":"statewide_default","cdfw_stocked":false,"public_fishing":"yes","follow_up_priority":null}},{"type":"Feature","geometry":{"type":"Point","coordinates":[-118.51549,36.72958]},"properties":{"id":"sphinx-lakes--tulare","name":"Sphinx Lakes","kind":"lake","evidence_class":"statewide_default","cdfw_stocked":false,"public_fishing":"yes","follow_up_priority":null}},{"type":"Feature","geometry":{"type":"Point","coordinates":[-118.55735,36.47133]},"properties":{"id":"spring-lake--tulare","name":"Spring Lake","kind":"lake","evidence_class":"statewide_default","cdfw_stocked":false,"public_fishing":"yes","follow_up_priority":null}},{"type":"Feature","geometry":{"type":"Point","coordinates":[-118.91107,36.08006]},"properties":{"id":"success-lake--tulare","name":"Success Lake","kind":"lake","evidence_class":"statewide_default","cdfw_stocked":true,"public_fishing":"yes","follow_up_priority":null}},{"type":"Feature","geometry":{"type":"Point","coordinates":[-118.63659,36.30896]},"properties":{"id":"summit-lake-golden-trout-wilderness--tulare","name":"Summit Lake (Golden Trout Wilderness)","kind":"lake","evidence_class":"statewide_default","cdfw_stocked":false,"public_fishing":"yes","follow_up_priority":"low"}},{"type":"Feature","geometry":{"type":"Point","coordinates":[-118.50165,36.64849]},"properties":{"id":"talus-lake--tulare","name":"Talus Lake","kind":"lake","evidence_class":"statewide_default","cdfw_stocked":false,"public_fishing":"yes","follow_up_priority":null}},{"type":"Feature","geometry":{"type":"Point","coordinates":[-118.56553,36.58116]},"properties":{"id":"tamarack-lake--tulare","name":"Tamarack Lake","kind":"lake","evidence_class":"statewide_default","cdfw_stocked":false,"public_fishing":"yes","follow_up_priority":null}},{"type":"Feature","geometry":{"type":"Point","coordinates":[-118.33014,36.56722]},"properties":{"id":"timberline-lake--tulare","name":"Timberline Lake","kind":"lake","evidence_class":"statewide_default","cdfw_stocked":false,"public_fishing":"yes","follow_up_priority":null}},{"type":"Feature","geometry":{"type":"Point","coordinates":[-118.71471,36.65719]},"properties":{"id":"twin-lakes-silliman--tulare","name":"Twin Lakes (Silliman)","kind":"lake","evidence_class":"site_verified","cdfw_stocked":false,"public_fishing":"yes","follow_up_priority":"low"}},{"type":"Feature","geometry":{"type":"Point","coordinates":[-118.31545,36.59923]},"properties":{"id":"wales-lake--tulare","name":"Wales Lake","kind":"lake","evidence_class":"statewide_default","cdfw_stocked":false,"public_fishing":"yes","follow_up_priority":null}},{"type":"Feature","geometry":{"type":"Point","coordinates":[-118.31103,36.61162]},"properties":{"id":"wallace-lake--tulare","name":"Wallace Lake","kind":"lake","evidence_class":"statewide_default","cdfw_stocked":false,"public_fishing":"yes","follow_up_priority":null}},{"type":"Feature","geometry":{"type":"Point","coordinates":[-118.7983,36.70326]},"properties":{"id":"weaver-lake--tulare","name":"Weaver Lake","kind":"lake","evidence_class":"statewide_default","cdfw_stocked":true,"public_fishing":"yes","follow_up_priority":"low"}},{"type":"Feature","geometry":{"type":"Point","coordinates":[-118.59932,36.40934]},"properties":{"id":"white-chief-lake--tulare","name":"White Chief Lake","kind":"lake","evidence_class":"site_verified","cdfw_stocked":false,"public_fishing":"yes","follow_up_priority":null}},{"type":"Feature","geometry":{"type":"Point","coordinates":[-120.06083,38.21477]},"properties":{"id":"beardsley-reservoir--tuolumne","name":"Beardsley Reservoir","kind":"lake","evidence_class":"site_verified","cdfw_stocked":true,"public_fishing":"yes","follow_up_priority":"high"}},{"type":"Feature","geometry":{"type":"Point","coordinates":[-119.52948,38.01537]},"properties":{"id":"benson-lake--tuolumne","name":"Benson Lake","kind":"lake","evidence_class":"statewide_default","cdfw_stocked":false,"public_fishing":"yes","follow_up_priority":null}},{"type":"Feature","geometry":{"type":"Point","coordinates":[-119.79778,38.12241]},"properties":{"id":"big-lake--tuolumne","name":"Big Lake","kind":"lake","evidence_class":"statewide_default","cdfw_stocked":true,"public_fishing":"yes","follow_up_priority":null}},{"type":"Feature","geometry":{"type":"Point","coordinates":[-119.6499,38.15144]},"properties":{"id":"black-bear-lake--tuolumne","name":"Black Bear Lake","kind":"lake","evidence_class":"statewide_default","cdfw_stocked":true,"public_fishing":"yes","follow_up_priority":null}},{"type":"Feature","geometry":{"type":"Point","coordinates":[-119.88032,38.16598]},"properties":{"id":"camp-lake--tuolumne","name":"Camp Lake","kind":"lake","evidence_class":"statewide_default","cdfw_stocked":true,"public_fishing":"yes","follow_up_priority":null}},{"type":"Feature","geometry":{"type":"Point","coordinates":[-119.90689,38.00074]},"properties":{"id":"cherry-lake--tuolumne","name":"Cherry Lake","kind":"lake","evidence_class":"statewide_default","cdfw_stocked":true,"public_fishing":"yes","follow_up_priority":"low"}},{"type":"Feature","geometry":{"type":"Point","coordinates":[-119.93842,38.12836]},"properties":{"id":"clear-lake--tuolumne","name":"Clear Lake","kind":"lake","evidence_class":"statewide_default","cdfw_stocked":true,"public_fishing":"yes","follow_up_priority":null}},{"type":"Feature","geometry":{"type":"Point","coordinates":[-119.33961,37.89118]},"properties":{"id":"dog-lake--tuolumne","name":"Dog Lake","kind":"lake","evidence_class":"statewide_default","cdfw_stocked":false,"public_fishing":"yes","follow_up_priority":null}},{"type":"Feature","geometry":{"type":"Point","coordinates":[-120.36281,37.70429]},"properties":{"id":"don-pedro-reservoir--tuolumne","name":"Don Pedro Reservoir","kind":"lake","evidence_class":"site_verified","cdfw_stocked":true,"public_fishing":"yes","follow_up_priority":"low"}},{"type":"Feature","geometry":{"type":"Point","coordinates":[-119.94217,38.33844]},"properties":{"id":"donnell-reservoir--tuolumne","name":"Donnell Reservoir","kind":"lake","evidence_class":"site_verified","cdfw_stocked":false,"public_fishing":"yes","follow_up_priority":"high"}},{"type":"Feature","geometry":{"type":"Point","coordinates":[-119.36987,37.84515]},"properties":{"id":"elizabeth-lake--tuolumne","name":"Elizabeth Lake","kind":"lake","evidence_class":"statewide_default","cdfw_stocked":false,"public_fishing":"yes","follow_up_priority":null}},{"type":"Feature","geometry":{"type":"Point","coordinates":[-119.69762,38.17431]},"properties":{"id":"emigrant-lake--tuolumne","name":"Emigrant Lake","kind":"lake","evidence_class":"statewide_default","cdfw_stocked":false,"public_fishing":"yes","follow_up_priority":null}},{"type":"Feature","geometry":{"type":"Point","coordinates":[-119.26899,37.91262]},"properties":{"id":"gaylor-lakes--tuolumne","name":"Gaylor Lakes","kind":"lake","evidence_class":"statewide_default","cdfw_stocked":false,"public_fishing":"yes","follow_up_priority":null}},{"type":"Feature","geometry":{"type":"Point","coordinates":[-119.79412,38.16203]},"properties":{"id":"gem-lake-emigrant-wilderness--tuolumne","name":"Gem Lake (Emigrant Wilderness)","kind":"lake","evidence_class":"statewide_default","cdfw_stocked":true,"public_fishing":"yes","follow_up_priority":null}},{"type":"Feature","geometry":{"type":"Point","coordinates":[-119.621,38.19214]},"properties":{"id":"grizzly-peak-lake-east--tuolumne","name":"Grizzly Peak Lake East","kind":"lake","evidence_class":"statewide_default","cdfw_stocked":true,"public_fishing":"yes","follow_up_priority":null}},{"type":"Feature","geometry":{"type":"Point","coordinates":[-119.86995,38.15139]},"properties":{"id":"grouse-lake--tuolumne","name":"Grouse Lake","kind":"lake","evidence_class":"statewide_default","cdfw_stocked":true,"public_fishing":"yes","follow_up_priority":null}},{"type":"Feature","geometry":{"type":"Point","coordinates":[-119.67583,37.89582]},"properties":{"id":"harden-lake--tuolumne","name":"Harden Lake","kind":"lake","evidence_class":"statewide_default","cdfw_stocked":false,"public_fishing":"yes","follow_up_priority":null}},{"type":"Feature","geometry":{"type":"Point","coordinates":[-119.92603,38.2527]},"properties":{"id":"herring-creek-reservoir--tuolumne","name":"Herring Creek Reservoir","kind":"lake","evidence_class":"statewide_default","cdfw_stocked":false,"public_fishing":"yes","follow_up_priority":"low"}},{"type":"Feature","geometry":{"type":"Point","coordinates":[-119.72493,37.94169]},"properties":{"id":"hetch-hetchy-reservoir--tuolumne","name":"Hetch Hetchy Reservoir","kind":"lake","evidence_class":"site_verified","cdfw_stocked":false,"public_fishing":"yes","follow_up_priority":null}},{"type":"Feature","geometry":{"type":"Point","coordinates":[-119.8362,38.1214]},"properties":{"id":"hyatt-lake--tuolumne","name":"Hyatt Lake","kind":"lake","evidence_class":"statewide_default","cdfw_stocked":true,"public_fishing":"yes","follow_up_priority":null}},{"type":"Feature","geometry":{"type":"Point","coordinates":[-119.78308,38.16297]},"properties":{"id":"jewelry-lake--tuolumne","name":"Jewelry Lake","kind":"lake","evidence_class":"statewide_default","cdfw_stocked":true,"public_fishing":"yes","follow_up_priority":null}},{"type":"Feature","geometry":{"type":"Point","coordinates":[-119.65329,38.26073]},"properties":{"id":"kennedy-lake--tuolumne","name":"Kennedy Lake","kind":"lake","evidence_class":"statewide_default","cdfw_stocked":false,"public_fishing":"yes","follow_up_priority":null}},{"type":"Feature","geometry":{"type":"Point","coordinates":[-119.84589,38.05382]},"properties":{"id":"kibbie-lake--tuolumne","name":"Kibbie Lake","kind":"lake","evidence_class":"statewide_default","cdfw_stocked":false,"public_fishing":"yes","follow_up_priority":null}},{"type":"Feature","geometry":{"type":"Point","coordinates":[-119.85724,37.98562]},"properties":{"id":"lake-eleanor--tuolumne","name":"Lake Eleanor","kind":"lake","evidence_class":"site_verified","cdfw_stocked":false,"public_fishing":"yes","follow_up_priority":null}},{"type":"Feature","geometry":{"type":"Point","coordinates":[-119.72462,38.01361]},"properties":{"id":"lake-vernon--tuolumne","name":"Lake Vernon","kind":"lake","evidence_class":"statewide_default","cdfw_stocked":false,"public_fishing":"yes","follow_up_priority":null}},{"type":"Feature","geometry":{"type":"Point","coordinates":[-119.73865,38.16575]},"properties":{"id":"lower-buck-lake--tuolumne","name":"Lower Buck Lake","kind":"lake","evidence_class":"statewide_default","cdfw_stocked":true,"public_fishing":"yes","follow_up_priority":null}},{"type":"Feature","geometry":{"type":"Point","coordinates":[-119.61613,37.85986]},"properties":{"id":"lukens-lake--tuolumne","name":"Lukens Lake","kind":"lake","evidence_class":"statewide_default","cdfw_stocked":false,"public_fishing":"yes","follow_up_priority":null}},{"type":"Feature","geometry":{"type":"Point","coordinates":[-120.16523,38.09733]},"properties":{"id":"lyons-reservoir--tuolumne","name":"Lyons Reservoir","kind":"lake","evidence_class":"statewide_default","cdfw_stocked":true,"public_fishing":"yes","follow_up_priority":"low"}},{"type":"Feature","geometry":{"type":"Point","coordinates":[-120.303,37.81031]},"properties":{"id":"moccasin-reservoir--tuolumne","name":"Moccasin Reservoir","kind":"lake","evidence_class":"statewide_default","cdfw_stocked":false,"public_fishing":"unknown","follow_up_priority":null}},{"type":"Feature","geometry":{"type":"Point","coordinates":[-120.1975,37.85135]},"properties":{"id":"pine-mountain-lake--tuolumne","name":"Pine Mountain Lake","kind":"lake","evidence_class":"site_verified","cdfw_stocked":false,"public_fishing":"restricted","follow_up_priority":"high"}},{"type":"Feature","geometry":{"type":"Point","coordinates":[-119.98233,38.19607]},"properties":{"id":"pinecrest-lake--tuolumne","name":"Pinecrest Lake","kind":"lake","evidence_class":"site_verified","cdfw_stocked":true,"public_fishing":"yes","follow_up_priority":null}},{"type":"Feature","geometry":{"type":"Point","coordinates":[-119.81107,38.16206]},"properties":{"id":"piute-lake--tuolumne","name":"Piute Lake","kind":"lake","evidence_class":"statewide_default","cdfw_stocked":true,"public_fishing":"yes","follow_up_priority":null}},{"type":"Feature","geometry":{"type":"Point","coordinates":[-120.26725,37.80297]},"properties":{"id":"priest-reservoir--tuolumne","name":"Priest Reservoir","kind":"lake","evidence_class":"statewide_default","cdfw_stocked":false,"public_fishing":"unknown","follow_up_priority":null}},{"type":"Feature","geometry":{"type":"Point","coordinates":[-119.73816,38.27042]},"properties":{"id":"relief-reservoir--tuolumne","name":"Relief Reservoir","kind":"lake","evidence_class":"statewide_default","cdfw_stocked":false,"public_fishing":"yes","follow_up_priority":null}},{"type":"Feature","geometry":{"type":"Point","coordinates":[-119.81861,38.14104]},"properties":{"id":"rosasco-lake--tuolumne","name":"Rosasco Lake","kind":"lake","evidence_class":"statewide_default","cdfw_stocked":true,"public_fishing":"yes","follow_up_priority":null}},{"type":"Feature","geometry":{"type":"Point","coordinates":[-119.48536,38.01397]},"properties":{"id":"smedberg-lake--tuolumne","name":"Smedberg Lake","kind":"lake","evidence_class":"statewide_default","cdfw_stocked":false,"public_fishing":"yes","follow_up_priority":null}},{"type":"Feature","geometry":{"type":"Point","coordinates":[-119.52046,37.89993]},"properties":{"id":"ten-lakes--tuolumne","name":"Ten Lakes","kind":"lake","evidence_class":"statewide_default","cdfw_stocked":false,"public_fishing":"yes","follow_up_priority":null}},{"type":"Feature","geometry":{"type":"Point","coordinates":[-119.60335,38.10436]},"properties":{"id":"tilden-lake--tuolumne","name":"Tilden Lake","kind":"lake","evidence_class":"statewide_default","cdfw_stocked":false,"public_fishing":"yes","follow_up_priority":null}},{"type":"Feature","geometry":{"type":"Point","coordinates":[-120.24232,38.02919]},"properties":{"id":"twain-harte-lake--tuolumne","name":"Twain Harte Lake","kind":"lake","evidence_class":"statewide_default","cdfw_stocked":false,"public_fishing":"restricted","follow_up_priority":null}},{"type":"Feature","geometry":{"type":"Point","coordinates":[-119.77823,38.22325]},"properties":{"id":"upper-relief-valley-lake-north--tuolumne","name":"Upper Relief Valley Lake North","kind":"lake","evidence_class":"statewide_default","cdfw_stocked":true,"public_fishing":"yes","follow_up_priority":null}},{"type":"Feature","geometry":{"type":"Point","coordinates":[-119.77823,38.22325]},"properties":{"id":"upper-relief-valley-lake-south--tuolumne","name":"Upper Relief Valley Lake South","kind":"lake","evidence_class":"statewide_default","cdfw_stocked":true,"public_fishing":"yes","follow_up_priority":null}},{"type":"Feature","geometry":{"type":"Point","coordinates":[-119.90196,38.22238]},"properties":{"id":"waterhouse-lake--tuolumne","name":"Waterhouse Lake","kind":"lake","evidence_class":"statewide_default","cdfw_stocked":true,"public_fishing":"yes","follow_up_priority":null}},{"type":"Feature","geometry":{"type":"Point","coordinates":[-119.78472,38.11898]},"properties":{"id":"yellowhammer-lake--tuolumne","name":"Yellowhammer Lake","kind":"lake","evidence_class":"statewide_default","cdfw_stocked":true,"public_fishing":"yes","follow_up_priority":null}},{"type":"Feature","geometry":{"type":"Point","coordinates":[-119.33954,37.9373]},"properties":{"id":"young-lakes--tuolumne","name":"Young Lakes","kind":"lake","evidence_class":"statewide_default","cdfw_stocked":false,"public_fishing":"yes","follow_up_priority":null}},{"type":"Feature","geometry":{"type":"Point","coordinates":[-118.817606,34.238342]},"properties":{"id":"lake-bard-wood-ranch-reservoir--ventura","name":"Lake Bard (Wood Ranch Reservoir)","kind":"lake","evidence_class":"no_fishing","cdfw_stocked":false,"public_fishing":"no","follow_up_priority":null}},{"type":"Feature","geometry":{"type":"Point","coordinates":[-119.343322,34.378895]},"properties":{"id":"lake-casitas--ventura","name":"Lake Casitas","kind":"lake","evidence_class":"site_verified","cdfw_stocked":true,"public_fishing":"yes","follow_up_priority":null}},{"type":"Feature","geometry":{"type":"Point","coordinates":[-118.852367,34.134162]},"properties":{"id":"lake-eleanor--ventura","name":"Lake Eleanor","kind":"lake","evidence_class":"no_fishing","cdfw_stocked":false,"public_fishing":"no","follow_up_priority":null}},{"type":"Feature","geometry":{"type":"Point","coordinates":[-118.752965,34.481757]},"properties":{"id":"lake-piru--ventura","name":"Lake Piru","kind":"lake","evidence_class":"site_verified","cdfw_stocked":false,"public_fishing":"yes","follow_up_priority":"medium"}},{"type":"Feature","geometry":{"type":"Point","coordinates":[-118.868404,34.138829]},"properties":{"id":"lake-sherwood--ventura","name":"Lake Sherwood","kind":"lake","evidence_class":"statewide_default","cdfw_stocked":true,"public_fishing":"restricted","follow_up_priority":null}},{"type":"Feature","geometry":{"type":"Point","coordinates":[-119.309644,34.487268]},"properties":{"id":"matilija-reservoir--ventura","name":"Matilija Reservoir","kind":"lake","evidence_class":"no_fishing","cdfw_stocked":false,"public_fishing":"no","follow_up_priority":null}},{"type":"Feature","geometry":{"type":"Point","coordinates":[-119.254268,34.212832]},"properties":{"id":"mcgrath-lake--ventura","name":"McGrath Lake","kind":"lake","evidence_class":"unknown","cdfw_stocked":false,"public_fishing":"unknown","follow_up_priority":"high"}},{"type":"Feature","geometry":{"type":"Point","coordinates":[-118.763836,34.2665]},"properties":{"id":"rancho-simi-community-park-lake--ventura","name":"Rancho Simi Community Park Lake","kind":"lake","evidence_class":"statewide_default","cdfw_stocked":true,"public_fishing":"yes","follow_up_priority":"high"}},{"type":"Feature","geometry":{"type":"Point","coordinates":[-119.187568,34.541073]},"properties":{"id":"rose-valley-lakes--ventura","name":"Rose Valley Lakes","kind":"lake","evidence_class":"statewide_default","cdfw_stocked":false,"public_fishing":"unknown","follow_up_priority":"high"}},{"type":"Feature","geometry":{"type":"Point","coordinates":[-118.791687,34.256847]},"properties":{"id":"sinaloa-lake--ventura","name":"Sinaloa Lake","kind":"lake","evidence_class":"statewide_default","cdfw_stocked":false,"public_fishing":"restricted","follow_up_priority":null}},{"type":"Feature","geometry":{"type":"Point","coordinates":[-122.35902,38.8579]},"properties":{"id":"davis-creek-reservoir--yolo","name":"Davis Creek Reservoir","kind":"lake","evidence_class":"no_fishing","cdfw_stocked":false,"public_fishing":"no","follow_up_priority":null}},{"type":"Feature","geometry":{"type":"Point","coordinates":[-121.55194,38.56286]},"properties":{"id":"lake-washington--yolo","name":"Lake Washington","kind":"lake","evidence_class":"statewide_default","cdfw_stocked":false,"public_fishing":"unknown","follow_up_priority":null}},{"type":"Feature","geometry":{"type":"Point","coordinates":[-121.6010686,38.4999071]},"properties":{"id":"yolo-bypass-wildlife-area-ponds--yolo","name":"Yolo Bypass Wildlife Area ponds","kind":"lake","evidence_class":"statewide_default","cdfw_stocked":true,"public_fishing":"yes","follow_up_priority":"high"}},{"type":"Feature","geometry":{"type":"Point","coordinates":[-121.316477,39.337577]},"properties":{"id":"collins-lake--yuba","name":"Collins Lake","kind":"lake","evidence_class":"user_verified","cdfw_stocked":true,"public_fishing":"yes","follow_up_priority":"high"}},{"type":"Feature","geometry":{"type":"Point","coordinates":[-121.588014,39.149233]},"properties":{"id":"ellis-lake--yuba","name":"Ellis Lake","kind":"lake","evidence_class":"statewide_default","cdfw_stocked":false,"public_fishing":"yes","follow_up_priority":"high"}},{"type":"Feature","geometry":{"type":"Point","coordinates":[-121.204729,39.363328]},"properties":{"id":"lake-francis--yuba","name":"Lake Francis","kind":"lake","evidence_class":"unknown","cdfw_stocked":false,"public_fishing":"restricted","follow_up_priority":"high"}},{"type":"Feature","geometry":{"type":"Point","coordinates":[-121.131719,39.441842]},"properties":{"id":"new-bullards-bar-reservoir--yuba","name":"New Bullards Bar Reservoir","kind":"lake","evidence_class":"statewide_default","cdfw_stocked":true,"public_fishing":"yes","follow_up_priority":"high"}},{"type":"Feature","geometry":{"type":"Point","coordinates":[-120.06775,38.86269]},"properties":{"id":"angora-lake-upper--el-dorado","name":"Angora Lake Upper","kind":"lake","evidence_class":"statewide_default","cdfw_stocked":true,"public_fishing":"yes","follow_up_priority":"low"}},{"type":"Feature","geometry":{"type":"Point","coordinates":[-119.949026,38.631969]},"properties":{"id":"blue-lake-upper--alpine","name":"Blue Lake Upper","kind":"lake","evidence_class":"statewide_default","cdfw_stocked":true,"public_fishing":"yes","follow_up_priority":null}},{"type":"Feature","geometry":{"type":"Point","coordinates":[-119.73865,38.16575]},"properties":{"id":"buck-lake-upper--tuolumne","name":"Buck Lake Upper","kind":"lake","evidence_class":"statewide_default","cdfw_stocked":true,"public_fishing":"yes","follow_up_priority":null}},{"type":"Feature","geometry":{"type":"Point","coordinates":[-119.09024,37.18558]},"properties":{"id":"coyote-lake-margaret--fresno","name":"Coyote Lake, Margaret","kind":"lake","evidence_class":"statewide_default","cdfw_stocked":true,"public_fishing":"yes","follow_up_priority":"low"}},{"type":"Feature","geometry":{"type":"Point","coordinates":[-120.177294,41.267088]},"properties":{"id":"emerson-lake-south--modoc","name":"Emerson Lake South","kind":"lake","evidence_class":"statewide_default","cdfw_stocked":true,"public_fishing":"yes","follow_up_priority":"low"}},{"type":"Feature","geometry":{"type":"Point","coordinates":[-118.70361,37.22105]},"properties":{"id":"goethe-lake-upper--fresno","name":"Goethe Lake (Upper)","kind":"lake","evidence_class":"statewide_default","cdfw_stocked":true,"public_fishing":"yes","follow_up_priority":null}},{"type":"Feature","geometry":{"type":"Point","coordinates":[-121.197556,40.45012]},"properties":{"id":"hidden-lake-2--lassen","name":"Hidden Lake #2","kind":"lake","evidence_class":"statewide_default","cdfw_stocked":true,"public_fishing":"yes","follow_up_priority":"low"}},{"type":"Feature","geometry":{"type":"Point","coordinates":[-121.197556,40.45012]},"properties":{"id":"hidden-lake-3--lassen","name":"Hidden Lake #3","kind":"lake","evidence_class":"statewide_default","cdfw_stocked":true,"public_fishing":"yes","follow_up_priority":"low"}},{"type":"Feature","geometry":{"type":"Point","coordinates":[-121.197556,40.45012]},"properties":{"id":"hidden-lake-4--lassen","name":"Hidden Lake #4","kind":"lake","evidence_class":"statewide_default","cdfw_stocked":true,"public_fishing":"yes","follow_up_priority":"low"}},{"type":"Feature","geometry":{"type":"Point","coordinates":[-121.197556,40.45012]},"properties":{"id":"hidden-lake-5--lassen","name":"Hidden Lake #5","kind":"lake","evidence_class":"statewide_default","cdfw_stocked":true,"public_fishing":"yes","follow_up_priority":"low"}},{"type":"Feature","geometry":{"type":"Point","coordinates":[-120.620627,39.399368]},"properties":{"id":"island-lake-little--nevada","name":"Island Lake Little","kind":"lake","evidence_class":"statewide_default","cdfw_stocked":true,"public_fishing":"yes","follow_up_priority":null}},{"type":"Feature","geometry":{"type":"Point","coordinates":[-119.35496,37.52697]},"properties":{"id":"jackass-lake-middle--madera","name":"Jackass Lake Middle","kind":"lake","evidence_class":"statewide_default","cdfw_stocked":true,"public_fishing":"yes","follow_up_priority":null}},{"type":"Feature","geometry":{"type":"Point","coordinates":[-118.91377,37.57644]},"properties":{"id":"laurel-lake-2--mono","name":"Laurel Lake #2","kind":"lake","evidence_class":"statewide_default","cdfw_stocked":true,"public_fishing":"yes","follow_up_priority":"low"}},{"type":"Feature","geometry":{"type":"Point","coordinates":[-120.641003,39.412584]},"properties":{"id":"lindsey-lake-upper--nevada","name":"Lindsey Lake Upper","kind":"lake","evidence_class":"statewide_default","cdfw_stocked":true,"public_fishing":"yes","follow_up_priority":null}},{"type":"Feature","geometry":{"type":"Point","coordinates":[-121.20669,40.463758]},"properties":{"id":"long-lake-highway-44--lassen","name":"Long Lake, Highway 44","kind":"lake","evidence_class":"statewide_default","cdfw_stocked":true,"public_fishing":"yes","follow_up_priority":"low"}},{"type":"Feature","geometry":{"type":"Point","coordinates":[-119.94573,38.64535]},"properties":{"id":"lost-lakes-upper--alpine","name":"Lost Lakes (Upper)","kind":"lake","evidence_class":"statewide_default","cdfw_stocked":true,"public_fishing":"yes","follow_up_priority":null}},{"type":"Feature","geometry":{"type":"Point","coordinates":[-119.913212,38.515577]},"properties":{"id":"mosquito-lake-upper--alpine","name":"Mosquito Lake, Upper","kind":"lake","evidence_class":"statewide_default","cdfw_stocked":true,"public_fishing":"yes","follow_up_priority":"low"}},{"type":"Feature","geometry":{"type":"Point","coordinates":[-121.212497,39.967586]},"properties":{"id":"three-lakes-upper--plumas","name":"Three Lakes, Upper","kind":"lake","evidence_class":"statewide_default","cdfw_stocked":true,"public_fishing":"yes","follow_up_priority":"low"}},{"type":"Feature","geometry":{"type":"Point","coordinates":[-118.79496,37.10289]},"properties":{"id":"twin-buck-lake-west--fresno","name":"Twin Buck Lake, West","kind":"lake","evidence_class":"statewide_default","cdfw_stocked":true,"public_fishing":"yes","follow_up_priority":null}},{"type":"Feature","geometry":{"type":"Point","coordinates":[-119.364455,38.149096]},"properties":{"id":"twin-lake-upper-bridgeport--mono","name":"Twin Lake Upper, Bridgeport","kind":"lake","evidence_class":"statewide_default","cdfw_stocked":true,"public_fishing":"yes","follow_up_priority":"low"}},{"type":"Feature","geometry":{"type":"Point","coordinates":[-120.641003,39.412584]},"properties":{"id":"view-lake-lindsey-lakes--nevada","name":"View Lake (Lindsey Lakes)","kind":"lake","evidence_class":"statewide_default","cdfw_stocked":true,"public_fishing":"yes","follow_up_priority":null}},{"type":"Feature","geometry":{"type":"Point","coordinates":[-119.265125,38.046828]},"properties":{"id":"virginia-lake-lower--mono","name":"Virginia Lake Lower","kind":"lake","evidence_class":"statewide_default","cdfw_stocked":true,"public_fishing":"yes","follow_up_priority":"low"}},{"type":"Feature","geometry":{"type":"Point","coordinates":[-121.6010686,38.4999071]},"properties":{"id":"yolo-wildlife-duck-pond--yolo","name":"Yolo Wildlife Duck Pond","kind":"lake","evidence_class":"statewide_default","cdfw_stocked":true,"public_fishing":"yes","follow_up_priority":"high"}}]}