{"type": "FeatureCollection", "features": [{"type": "Feature", "geometry": {"type": "Point", "coordinates": [-122.36149, 37.99096]}, "properties": {"id": "reef-1", "name": "Pinole Point Giant Marsh", "structure_type": "reef"}}, {"type": "Feature", "geometry": {"type": "Point", "coordinates": [-121.955, 36.95]}, "properties": {"id": "reef-2", "name": "Soquel Cove", "structure_type": "reef"}}, {"type": "Feature", "geometry": {"type": "Point", "coordinates": [-120.87557, 35.39334]}, "properties": {"id": "reef-3", "name": "Atascadero", "structure_type": "reef"}}, {"type": "Feature", "geometry": {"type": "Point", "coordinates": [-120.83195, 35.19028]}, "properties": {"id": "reef-4", "name": "San Luis Obispo", "structure_type": "reef"}}, {"type": "Feature", "geometry": {"type": "Point", "coordinates": [-119.83319, 34.40582]}, "properties": {"id": "reef-5", "name": "Goleta Bay Fish Reef Project", "structure_type": "reef"}}, {"type": "Feature", "geometry": {"type": "Point", "coordinates": [-119.44472, 34.34722]}, "properties": {"id": "reef-6", "name": "Rincon Island", "structure_type": "reef"}}, {"type": "Feature", "geometry": {"type": "Point", "coordinates": [-119.36835, 34.30223]}, "properties": {"id": "reef-7", "name": "Pitas Point", "structure_type": "reef"}}, {"type": "Feature", "geometry": {"type": "Point", "coordinates": [-119.29889, 34.24361]}, "properties": {"id": "reef-8", "name": "Ventura", "structure_type": "reef"}}, {"type": "Feature", "geometry": {"type": "Point", "coordinates": [-119.26722, 34.15528]}, "properties": {"id": "reef-9", "name": "Channel Islands Harbor", "structure_type": "reef"}}, {"type": "Feature", "geometry": {"type": "Point", "coordinates": [-119.29444, 34.125]}, "properties": {"id": "reef-10", "name": "La Jenelle", "structure_type": "reef"}}, {"type": "Feature", "geometry": {"type": "Point", "coordinates": [-118.65057, 34.03028]}, "properties": {"id": "reef-11", "name": "Malibu", "structure_type": "reef"}}, {"type": "Feature", "geometry": {"type": "Point", "coordinates": [-118.53251, 34.02723]}, "properties": {"id": "reef-12", "name": "Topanga", "structure_type": "reef"}}, {"type": "Feature", "geometry": {"type": "Point", "coordinates": [-118.76667, 34.01667]}, "properties": {"id": "reef-13", "name": "Paradise Cove", "structure_type": "reef"}}, {"type": "Feature", "geometry": {"type": "Point", "coordinates": [-118.54251, 34.01306]}, "properties": {"id": "reef-14", "name": "Santa Monica Bay", "structure_type": "reef"}}, {"type": "Feature", "geometry": {"type": "Point", "coordinates": [-118.52973, 34.00945]}, "properties": {"id": "reef-15", "name": "Santa Monica", "structure_type": "reef"}}, {"type": "Feature", "geometry": {"type": "Point", "coordinates": [-118.4864, 33.96834]}, "properties": {"id": "reef-16", "name": "Marina Del Rey 2", "structure_type": "reef"}}, {"type": "Feature", "geometry": {"type": "Point", "coordinates": [-118.48612, 33.965]}, "properties": {"id": "reef-17", "name": "Marina Del Rey 1", "structure_type": "reef"}}, {"type": "Feature", "geometry": {"type": "Point", "coordinates": [-118.41335, 33.85361]}, "properties": {"id": "reef-18", "name": "Hermosa Beach", "structure_type": "reef"}}, {"type": "Feature", "geometry": {"type": "Point", "coordinates": [-118.40862, 33.83751]}, "properties": {"id": "reef-19", "name": "Redondo Beach", "structure_type": "reef"}}, {"type": "Feature", "geometry": {"type": "Point", "coordinates": [-118.41473, 33.82362]}, "properties": {"id": "reef-20", "name": "Palawan", "structure_type": "reef"}}, {"type": "Feature", "geometry": {"type": "Point", "coordinates": [-118.405, 33.81333]}, "properties": {"id": "reef-21", "name": "Redondo/Palos Verde", "structure_type": "reef"}}, {"type": "Feature", "geometry": {"type": "Point", "coordinates": [-118.3451, 33.72089]}, "properties": {"id": "reef-22", "name": "Palos Verdes Reef", "structure_type": "reef"}}, {"type": "Feature", "geometry": {"type": "Point", "coordinates": [-118.1005, 33.65276]}, "properties": {"id": "reef-23", "name": "Bolsa Chica", "structure_type": "reef"}}, {"type": "Feature", "geometry": {"type": "Point", "coordinates": [-118.00085, 33.62389]}, "properties": {"id": "reef-24", "name": "Huntington Beach A", "structure_type": "reef"}}, {"type": "Feature", "geometry": {"type": "Point", "coordinates": [-117.99751, 33.6214]}, "properties": {"id": "reef-25", "name": "Huntington Beach B", "structure_type": "reef"}}, {"type": "Feature", "geometry": {"type": "Point", "coordinates": [-117.98807, 33.61917]}, "properties": {"id": "reef-26", "name": "Huntington Beach C", "structure_type": "reef"}}, {"type": "Feature", "geometry": {"type": "Point", "coordinates": [-117.98307, 33.61445]}, "properties": {"id": "reef-27", "name": "Huntington Beach D", "structure_type": "reef"}}, {"type": "Feature", "geometry": {"type": "Point", "coordinates": [-117.96362, 33.60361]}, "properties": {"id": "reef-28", "name": "Newport Beach", "structure_type": "reef"}}, {"type": "Feature", "geometry": {"type": "Point", "coordinates": [-118.48837, 33.44429]}, "properties": {"id": "reef-29", "name": "Chalk Cove", "structure_type": "reef"}}, {"type": "Feature", "geometry": {"type": "Point", "coordinates": [-117.61262, 33.39446]}, "properties": {"id": "reef-30", "name": "Wheeler North Reef", "structure_type": "reef"}}, {"type": "Feature", "geometry": {"type": "Point", "coordinates": [-117.52834, 33.325]}, "properties": {"id": "reef-31", "name": "Pendelton", "structure_type": "reef"}}, {"type": "Feature", "geometry": {"type": "Point", "coordinates": [-117.42885, 33.21116]}, "properties": {"id": "reef-32", "name": "Oceanside 2", "structure_type": "reef"}}, {"type": "Feature", "geometry": {"type": "Point", "coordinates": [-117.41668, 33.18251]}, "properties": {"id": "reef-33", "name": "Oceanside 1", "structure_type": "reef"}}, {"type": "Feature", "geometry": {"type": "Point", "coordinates": [-117.32034, 33.08651]}, "properties": {"id": "reef-34", "name": "Carlsbad", "structure_type": "reef"}}, {"type": "Feature", "geometry": {"type": "Point", "coordinates": [-117.25974, 32.89306]}, "properties": {"id": "reef-35", "name": "Torrey Pines 2", "structure_type": "reef"}}, {"type": "Feature", "geometry": {"type": "Point", "coordinates": [-117.2639, 32.88667]}, "properties": {"id": "reef-36", "name": "Torrey Pines 1", "structure_type": "reef"}}, {"type": "Feature", "geometry": {"type": "Point", "coordinates": [-117.2764, 32.79306]}, "properties": {"id": "reef-37", "name": "Pacific Beach", "structure_type": "reef"}}, {"type": "Feature", "geometry": {"type": "Point", "coordinates": [-117.26779, 32.77]}, "properties": {"id": "reef-38", "name": "Mission Beach", "structure_type": "reef"}}, {"type": "Feature", "geometry": {"type": "Point", "coordinates": [-117.27724, 32.76417]}, "properties": {"id": "reef-39", "name": "WreckAlley", "structure_type": "reef"}}, {"type": "Feature", "geometry": {"type": "Point", "coordinates": [-117.22546, 32.7048]}, "properties": {"id": "reef-40", "name": "NAS North Island Enhancement Reef", "structure_type": "reef"}}, {"type": "Feature", "geometry": {"type": "Point", "coordinates": [-117.10335, 32.61427]}, "properties": {"id": "reef-41", "name": "Port of San Diego Oyster Reef Living Shoreline", "structure_type": "reef"}}, {"type": "Feature", "geometry": {"type": "Point", "coordinates": [-117.24651, 32.54159]}, "properties": {"id": "reef-42", "name": "International Reef", "structure_type": "reef"}}, {"type": "Feature", "geometry": {"type": "Point", "coordinates": [-124.16131, 40.80618]}, "properties": {"id": "pier-1", "name": "Adorni Center Pier", "structure_type": "pier"}}, {"type": "Feature", "geometry": {"type": "Point", "coordinates": [-122.29122, 37.7687]}, "properties": {"id": "pier-2", "name": "Alameda Rock Wall", "structure_type": "pier"}}, {"type": "Feature", "geometry": {"type": "Point", "coordinates": [-118.11791, 33.74352]}, "properties": {"id": "pier-3", "name": "Alamitos Bay (72nd Street) Jetty West", "structure_type": "pier"}}, {"type": "Feature", "geometry": {"type": "Point", "coordinates": [-118.11466, 33.74539]}, "properties": {"id": "pier-4", "name": "Alamitos Bay Jetty East", "structure_type": "pier"}}, {"type": "Feature", "geometry": {"type": "Point", "coordinates": [-122.20883, 37.74272]}, "properties": {"id": "pier-5", "name": "Arrowhead Marsh/MLK Pier", "structure_type": "pier"}}, {"type": "Feature", "geometry": {"type": "Point", "coordinates": [-118.32499, 33.34368]}, "properties": {"id": "pier-6", "name": "Avalon Pier, Catalina Island", "structure_type": "pier"}}, {"type": "Feature", "geometry": {"type": "Point", "coordinates": [-120.73438, 35.17855]}, "properties": {"id": "pier-7", "name": "Avila Pier", "structure_type": "pier"}}, {"type": "Feature", "geometry": {"type": "Point", "coordinates": [-124.19712, 41.74368]}, "properties": {"id": "pier-8", "name": "B St. Pier", "structure_type": "pier"}}, {"type": "Feature", "geometry": {"type": "Point", "coordinates": [-117.9003, 33.60022]}, "properties": {"id": "pier-9", "name": "Balboa Pier, Newport", "structure_type": "pier"}}, {"type": "Feature", "geometry": {"type": "Point", "coordinates": [-118.148, 33.75829]}, "properties": {"id": "pier-10", "name": "Belmont Pier, Long Beach", "structure_type": "pier"}}, {"type": "Feature", "geometry": {"type": "Point", "coordinates": [-123.05242, 38.30584]}, "properties": {"id": "pier-11", "name": "Bodega Bay North Jetty", "structure_type": "pier"}}, {"type": "Feature", "geometry": {"type": "Point", "coordinates": [-123.05393, 38.30455]}, "properties": {"id": "pier-12", "name": "Bodega Bay South Jetty", "structure_type": "pier"}}, {"type": "Feature", "geometry": {"type": "Point", "coordinates": [-118.32137, 33.34438]}, "properties": {"id": "pier-13", "name": "Cabrillo Mole, Catalina Island", "structure_type": "pier"}}, {"type": "Feature", "geometry": {"type": "Point", "coordinates": [-121.95372, 36.97115]}, "properties": {"id": "pier-14", "name": "Capitola Wharf", "structure_type": "pier"}}, {"type": "Feature", "geometry": {"type": "Point", "coordinates": [-120.90627, 35.44889]}, "properties": {"id": "pier-15", "name": "Cayucos Pier", "structure_type": "pier"}}, {"type": "Feature", "geometry": {"type": "Point", "coordinates": [-117.257, 32.79626]}, "properties": {"id": "pier-16", "name": "Crystal Pier (Pacific Beach)", "structure_type": "pier"}}, {"type": "Feature", "geometry": {"type": "Point", "coordinates": [-122.30789, 38.22612]}, "properties": {"id": "pier-17", "name": "Cuttings Wharf", "structure_type": "pier"}}, {"type": "Feature", "geometry": {"type": "Point", "coordinates": [-117.70623, 33.46242]}, "properties": {"id": "pier-18", "name": "Dana Point Harbor Pier", "structure_type": "pier"}}, {"type": "Feature", "geometry": {"type": "Point", "coordinates": [-117.70642, 33.45965]}, "properties": {"id": "pier-19", "name": "Dana Point Jetty", "structure_type": "pier"}}, {"type": "Feature", "geometry": {"type": "Point", "coordinates": [-117.68984, 33.45849]}, "properties": {"id": "pier-20", "name": "Dana Point Jetty South", "structure_type": "pier"}}, {"type": "Feature", "geometry": {"type": "Point", "coordinates": [-124.18727, 40.79071]}, "properties": {"id": "pier-21", "name": "Del Norte Street Pier", "structure_type": "pier"}}, {"type": "Feature", "geometry": {"type": "Point", "coordinates": [-122.20978, 37.7311]}, "properties": {"id": "pier-22", "name": "Doolittle Drive Pier", "structure_type": "pier"}}, {"type": "Feature", "geometry": {"type": "Point", "coordinates": [-122.11123, 37.5105]}, "properties": {"id": "pier-23", "name": "Dumbarton Pier", "structure_type": "pier"}}, {"type": "Feature", "geometry": {"type": "Point", "coordinates": [-122.20169, 38.05386]}, "properties": {"id": "pier-24", "name": "Eckley Pier", "structure_type": "pier"}}, {"type": "Feature", "geometry": {"type": "Point", "coordinates": [-122.45058, 37.87213]}, "properties": {"id": "pier-25", "name": "Elephant Rock Pier", "structure_type": "pier"}}, {"type": "Feature", "geometry": {"type": "Point", "coordinates": [-117.16462, 32.70334]}, "properties": {"id": "pier-26", "name": "Embarcadero Pier", "structure_type": "pier"}}, {"type": "Feature", "geometry": {"type": "Point", "coordinates": [-122.31281, 37.8422]}, "properties": {"id": "pier-27", "name": "Emeryville Marina Pier", "structure_type": "pier"}}, {"type": "Feature", "geometry": {"type": "Point", "coordinates": [-122.26697, 37.78925]}, "properties": {"id": "pier-28", "name": "Estuary Park Pier", "structure_type": "pier"}}, {"type": "Feature", "geometry": {"type": "Point", "coordinates": [-122.39068, 37.90929]}, "properties": {"id": "pier-29", "name": "Ferry Point Pier", "structure_type": "pier"}}, {"type": "Feature", "geometry": {"type": "Point", "coordinates": [-122.47351, 37.83202]}, "properties": {"id": "pier-30", "name": "Fort Baker Jetty", "structure_type": "pier"}}, {"type": "Feature", "geometry": {"type": "Point", "coordinates": [-122.4777, 37.8319]}, "properties": {"id": "pier-31", "name": "Fort Baker Pier", "structure_type": "pier"}}, {"type": "Feature", "geometry": {"type": "Point", "coordinates": [-119.8289, 34.4167]}, "properties": {"id": "pier-32", "name": "Goleta Pier", "structure_type": "pier"}}, {"type": "Feature", "geometry": {"type": "Point", "coordinates": [-120.75597, 35.17099]}, "properties": {"id": "pier-33", "name": "Harford Pier, Port San Luis", "structure_type": "pier"}}, {"type": "Feature", "geometry": {"type": "Point", "coordinates": [-118.40241, 33.86178]}, "properties": {"id": "pier-34", "name": "Hermosa Beach Pier", "structure_type": "pier"}}, {"type": "Feature", "geometry": {"type": "Point", "coordinates": [-124.2352, 40.76612]}, "properties": {"id": "pier-35", "name": "Humboldt Bay North Jetty", "structure_type": "pier"}}, {"type": "Feature", "geometry": {"type": "Point", "coordinates": [-124.23758, 40.75934]}, "properties": {"id": "pier-36", "name": "Humboldt Bay South Jetty", "structure_type": "pier"}}, {"type": "Feature", "geometry": {"type": "Point", "coordinates": [-118.00297, 33.65627]}, "properties": {"id": "pier-37", "name": "Huntington Beach Pier", "structure_type": "pier"}}, {"type": "Feature", "geometry": {"type": "Point", "coordinates": [-117.13296, 32.57955]}, "properties": {"id": "pier-38", "name": "Imperial Beach Pier", "structure_type": "pier"}}, {"type": "Feature", "geometry": {"type": "Point", "coordinates": [-117.10553, 32.62453]}, "properties": {"id": "pier-39", "name": "J Street Marina, Chula Vista, Pier", "structure_type": "pier"}}, {"type": "Feature", "geometry": {"type": "Point", "coordinates": [-118.67658, 34.03712]}, "properties": {"id": "pier-40", "name": "Malibu Pier", "structure_type": "pier"}}, {"type": "Feature", "geometry": {"type": "Point", "coordinates": [-118.4124, 33.8842]}, "properties": {"id": "pier-41", "name": "Manhattan Beach Pier", "structure_type": "pier"}}, {"type": "Feature", "geometry": {"type": "Point", "coordinates": [-122.13956, 38.02718]}, "properties": {"id": "pier-42", "name": "Martinez Marina Pier", "structure_type": "pier"}}, {"type": "Feature", "geometry": {"type": "Point", "coordinates": [-122.45044, 37.99197]}, "properties": {"id": "pier-43", "name": "McNears Beach County Park Pier", "structure_type": "pier"}}, {"type": "Feature", "geometry": {"type": "Point", "coordinates": [-117.25421, 32.75912]}, "properties": {"id": "pier-44", "name": "Mission Bay Jetty North", "structure_type": "pier"}}, {"type": "Feature", "geometry": {"type": "Point", "coordinates": [-121.89414, 36.60938]}, "properties": {"id": "pier-45", "name": "Monterey Coast Guard Breakwater", "structure_type": "pier"}}, {"type": "Feature", "geometry": {"type": "Point", "coordinates": [-121.88965, 36.60203]}, "properties": {"id": "pier-46", "name": "Monterey Municipal Wharf 2", "structure_type": "pier"}}, {"type": "Feature", "geometry": {"type": "Point", "coordinates": [-120.86932, 35.36766]}, "properties": {"id": "pier-47", "name": "Morro Bay North Jetty", "structure_type": "pier"}}, {"type": "Feature", "geometry": {"type": "Point", "coordinates": [-120.86196, 35.3607]}, "properties": {"id": "pier-48", "name": "Morro Bay South Jetty", "structure_type": "pier"}}, {"type": "Feature", "geometry": {"type": "Point", "coordinates": [-121.7896, 36.80778]}, "properties": {"id": "pier-49", "name": "Moss Landing Breakwater North", "structure_type": "pier"}}, {"type": "Feature", "geometry": {"type": "Point", "coordinates": [-121.78896, 36.80617]}, "properties": {"id": "pier-50", "name": "Moss Landing Breakwater South", "structure_type": "pier"}}, {"type": "Feature", "geometry": {"type": "Point", "coordinates": [-117.92932, 33.60737]}, "properties": {"id": "pier-51", "name": "Newport Beach Pier", "structure_type": "pier"}}, {"type": "Feature", "geometry": {"type": "Point", "coordinates": [-117.88111, 33.59333]}, "properties": {"id": "pier-52", "name": "Newport Harbor North Jetty", "structure_type": "pier"}}, {"type": "Feature", "geometry": {"type": "Point", "coordinates": [-117.8775, 33.59194]}, "properties": {"id": "pier-53", "name": "Newport Harbor South Jetty", "structure_type": "pier"}}, {"type": "Feature", "geometry": {"type": "Point", "coordinates": [-117.25351, 32.74711]}, "properties": {"id": "pier-54", "name": "Ocean Beach Pier", "structure_type": "pier"}}, {"type": "Feature", "geometry": {"type": "Point", "coordinates": [-117.39435, 33.20801]}, "properties": {"id": "pier-55", "name": "Oceanside Harbor Pier", "structure_type": "pier"}}, {"type": "Feature", "geometry": {"type": "Point", "coordinates": [-117.38484, 33.19406]}, "properties": {"id": "pier-56", "name": "Oceanside Pier", "structure_type": "pier"}}, {"type": "Feature", "geometry": {"type": "Point", "coordinates": [-122.45623, 37.89405]}, "properties": {"id": "pier-57", "name": "Paradise Beach County Park Pier", "structure_type": "pier"}}, {"type": "Feature", "geometry": {"type": "Point", "coordinates": [-117.11215, 32.64932]}, "properties": {"id": "pier-58", "name": "Pepper Park, National City, Pier", "structure_type": "pier"}}, {"type": "Feature", "geometry": {"type": "Point", "coordinates": [-118.18768, 33.74271]}, "properties": {"id": "pier-59", "name": "Pier J Fishing Pier South", "structure_type": "pier"}}, {"type": "Feature", "geometry": {"type": "Point", "coordinates": [-122.4949, 37.49529]}, "properties": {"id": "pier-60", "name": "Halfmoon Bay Jetty West", "structure_type": "pier"}}, {"type": "Feature", "geometry": {"type": "Point", "coordinates": [-122.48541, 37.50214]}, "properties": {"id": "pier-61", "name": "Pillar Point Harbor Fishing Pier", "structure_type": "pier"}}, {"type": "Feature", "geometry": {"type": "Point", "coordinates": [-120.6435, 35.1386]}, "properties": {"id": "pier-62", "name": "Pismo Beach Pier", "structure_type": "pier"}}, {"type": "Feature", "geometry": {"type": "Point", "coordinates": [-119.19391, 34.14176]}, "properties": {"id": "pier-63", "name": "Port Hueneme Pier", "structure_type": "pier"}}, {"type": "Feature", "geometry": {"type": "Point", "coordinates": [-122.33946, 37.80397]}, "properties": {"id": "pier-64", "name": "Port View Park Pier", "structure_type": "pier"}}, {"type": "Feature", "geometry": {"type": "Point", "coordinates": [-122.36453, 38.01267]}, "properties": {"id": "pier-65", "name": "Pt. Pinole Pier", "structure_type": "pier"}}, {"type": "Feature", "geometry": {"type": "Point", "coordinates": [-118.39279, 33.83961]}, "properties": {"id": "pier-66", "name": "Redondo Beach Pier", "structure_type": "pier"}}, {"type": "Feature", "geometry": {"type": "Point", "coordinates": [-118.39948, 33.85043]}, "properties": {"id": "pier-67", "name": "Redondo Beach/King Harbor Breakwater", "structure_type": "pier"}}, {"type": "Feature", "geometry": {"type": "Point", "coordinates": [-122.24485, 37.78425]}, "properties": {"id": "pier-68", "name": "San Antonio Pier", "structure_type": "pier"}}, {"type": "Feature", "geometry": {"type": "Point", "coordinates": [-117.62026, 33.41954]}, "properties": {"id": "pier-69", "name": "San Clemente Pier", "structure_type": "pier"}}, {"type": "Feature", "geometry": {"type": "Point", "coordinates": [-122.19145, 37.69541]}, "properties": {"id": "pier-70", "name": "San Leandro Marina Pier", "structure_type": "pier"}}, {"type": "Feature", "geometry": {"type": "Point", "coordinates": [-121.18758, 35.64295]}, "properties": {"id": "pier-71", "name": "San Simeon Pier", "structure_type": "pier"}}, {"type": "Feature", "geometry": {"type": "Point", "coordinates": [-119.69179, 34.40309]}, "properties": {"id": "pier-72", "name": "Santa Barbara Breakwater", "structure_type": "pier"}}, {"type": "Feature", "geometry": {"type": "Point", "coordinates": [-122.00126, 36.96147]}, "properties": {"id": "pier-73", "name": "Santa Cruz Harbor Breakwater East", "structure_type": "pier"}}, {"type": "Feature", "geometry": {"type": "Point", "coordinates": [-122.00222, 36.96073]}, "properties": {"id": "pier-74", "name": "Santa Cruz Harbor Breakwater West", "structure_type": "pier"}}, {"type": "Feature", "geometry": {"type": "Point", "coordinates": [-122.023, 36.9623]}, "properties": {"id": "pier-75", "name": "Santa Cruz Wharf", "structure_type": "pier"}}, {"type": "Feature", "geometry": {"type": "Point", "coordinates": [-118.4968, 34.00988]}, "properties": {"id": "pier-76", "name": "Santa Monica Pier", "structure_type": "pier"}}, {"type": "Feature", "geometry": {"type": "Point", "coordinates": [-118.1068, 33.7387]}, "properties": {"id": "pier-77", "name": "Seal Beach Pier", "structure_type": "pier"}}, {"type": "Feature", "geometry": {"type": "Point", "coordinates": [-117.22832, 32.71171]}, "properties": {"id": "pier-78", "name": "Shelter Island Pier", "structure_type": "pier"}}, {"type": "Feature", "geometry": {"type": "Point", "coordinates": [-118.19045, 33.75775]}, "properties": {"id": "pier-79", "name": "Shoreline Village Pier 1", "structure_type": "pier"}}, {"type": "Feature", "geometry": {"type": "Point", "coordinates": [-118.18931, 33.75722]}, "properties": {"id": "pier-80", "name": "Shoreline Village Pier 2", "structure_type": "pier"}}, {"type": "Feature", "geometry": {"type": "Point", "coordinates": [-118.18804, 33.75672]}, "properties": {"id": "pier-81", "name": "Shoreline Village Pier 3", "structure_type": "pier"}}, {"type": "Feature", "geometry": {"type": "Point", "coordinates": [-123.05643, 38.32723]}, "properties": {"id": "pier-82", "name": "Spud Point Public Pier", "structure_type": "pier"}}, {"type": "Feature", "geometry": {"type": "Point", "coordinates": [-119.68883, 34.41192]}, "properties": {"id": "pier-83", "name": "Stearn's Wharf", "structure_type": "pier"}}, {"type": "Feature", "geometry": {"type": "Point", "coordinates": [-122.4706, 37.8086]}, "properties": {"id": "pier-84", "name": "Torpedo Wharf (Fort Point) Pier", "structure_type": "pier"}}, {"type": "Feature", "geometry": {"type": "Point", "coordinates": [-118.46784, 33.9785]}, "properties": {"id": "pier-85", "name": "Venice Pier", "structure_type": "pier"}}, {"type": "Feature", "geometry": {"type": "Point", "coordinates": [-119.29075, 34.27553]}, "properties": {"id": "pier-86", "name": "Ventura Pier", "structure_type": "pier"}}, {"type": "Feature", "geometry": {"type": "Point", "coordinates": [-118.27177, 33.72185]}, "properties": {"id": "pier-87", "name": "Warehouse One Pier", "structure_type": "pier"}}, {"type": "Feature", "geometry": {"type": "Point", "coordinates": [-117.39925, 33.20689]}, "properties": {"id": "pier-88", "name": "Oceanside Jetty East", "structure_type": "pier"}}, {"type": "Feature", "geometry": {"type": "Point", "coordinates": [-118.18884, 33.74587]}, "properties": {"id": "pier-89", "name": "Pier J Fishing Pier North", "structure_type": "pier"}}, {"type": "Feature", "geometry": {"type": "Point", "coordinates": [-122.47514, 37.49969]}, "properties": {"id": "pier-90", "name": "Halfmoon Bay Jetty East", "structure_type": "pier"}}, {"type": "Feature", "geometry": {"type": "Point", "coordinates": [-118.27715, 33.70836]}, "properties": {"id": "pier-91", "name": "Cabrillo Beach Fishing Pier", "structure_type": "pier"}}, {"type": "Feature", "geometry": {"type": "Point", "coordinates": [-117.16987, 32.69956]}, "properties": {"id": "pier-92", "name": "Coronado Fishing Pier", "structure_type": "pier"}}, {"type": "Feature", "geometry": {"type": "Point", "coordinates": [-118.19724, 33.76026]}, "properties": {"id": "pier-93", "name": "Shoreline Aquatic Park Pier 1", "structure_type": "pier"}}, {"type": "Feature", "geometry": {"type": "Point", "coordinates": [-118.19494, 33.75972]}, "properties": {"id": "pier-94", "name": "Shoreline Aquatic Park Pier 2", "structure_type": "pier"}}, {"type": "Feature", "geometry": {"type": "Point", "coordinates": [-118.45636, 33.9623]}, "properties": {"id": "pier-95", "name": "Marina Del Rey South Jetty", "structure_type": "pier"}}, {"type": "Feature", "geometry": {"type": "Point", "coordinates": [-118.46064, 33.96334]}, "properties": {"id": "pier-96", "name": "Marina Del Rey North Jetty", "structure_type": "pier"}}, {"type": "Feature", "geometry": {"type": "Point", "coordinates": [-120.75246, 35.15794]}, "properties": {"id": "pier-97", "name": "Port San Luis Breakwater", "structure_type": "pier"}}, {"type": "Feature", "geometry": {"type": "Point", "coordinates": [-120.85822, 35.37076]}, "properties": {"id": "pier-98", "name": "Morro Bay North T-Pier", "structure_type": "pier"}}, {"type": "Feature", "geometry": {"type": "Point", "coordinates": [-120.85568, 35.36955]}, "properties": {"id": "pier-99", "name": "Morro Bay South T-Pier", "structure_type": "pier"}}, {"type": "Feature", "geometry": {"type": "Point", "coordinates": [-120.85434, 35.36754]}, "properties": {"id": "pier-100", "name": "Anchor Memorial Park Pier", "structure_type": "pier"}}, {"type": "Feature", "geometry": {"type": "Point", "coordinates": [-122.21357, 37.50456]}, "properties": {"id": "pier-101", "name": "Redwood City Pier", "structure_type": "pier"}}, {"type": "Feature", "geometry": {"type": "Point", "coordinates": [-122.31663, 37.59143]}, "properties": {"id": "pier-102", "name": "Coyote Point Jetty", "structure_type": "pier"}}, {"type": "Feature", "geometry": {"type": "Point", "coordinates": [-122.37407, 37.66193]}, "properties": {"id": "pier-103", "name": "Oyster Point Pier", "structure_type": "pier"}}, {"type": "Feature", "geometry": {"type": "Point", "coordinates": [-122.38111, 37.67761]}, "properties": {"id": "pier-104", "name": "Sierra Point Pier", "structure_type": "pier"}}, {"type": "Feature", "geometry": {"type": "Point", "coordinates": [-122.37455, 37.70815]}, "properties": {"id": "pier-105", "name": "Candlestick Fishing Pier", "structure_type": "pier"}}, {"type": "Feature", "geometry": {"type": "Point", "coordinates": [-122.38803, 37.74698]}, "properties": {"id": "pier-106", "name": "Islais Creek Pier", "structure_type": "pier"}}, {"type": "Feature", "geometry": {"type": "Point", "coordinates": [-122.38595, 37.76609]}, "properties": {"id": "pier-107", "name": "Agua Vista Pier", "structure_type": "pier"}}, {"type": "Feature", "geometry": {"type": "Point", "coordinates": [-122.3861, 37.77842]}, "properties": {"id": "pier-108", "name": "South Beach Harbor Pier", "structure_type": "pier"}}, {"type": "Feature", "geometry": {"type": "Point", "coordinates": [-122.39062, 37.79398]}, "properties": {"id": "pier-109", "name": "Pier 14", "structure_type": "pier"}}, {"type": "Feature", "geometry": {"type": "Point", "coordinates": [-122.39558, 37.79938]}, "properties": {"id": "pier-110", "name": "Pier 7", "structure_type": "pier"}}, {"type": "Feature", "geometry": {"type": "Point", "coordinates": [-122.41994, 37.81086]}, "properties": {"id": "pier-111", "name": "Pier 45", "structure_type": "pier"}}, {"type": "Feature", "geometry": {"type": "Point", "coordinates": [-122.43024, 37.80842]}, "properties": {"id": "pier-112", "name": "Fort Mason Pier 3", "structure_type": "pier"}}, {"type": "Feature", "geometry": {"type": "Point", "coordinates": [-122.43138, 37.80821]}, "properties": {"id": "pier-113", "name": "Fort Mason Pier 2", "structure_type": "pier"}}, {"type": "Feature", "geometry": {"type": "Point", "coordinates": [-122.44155, 37.80808]}, "properties": {"id": "pier-114", "name": "Saint Francis Jetty", "structure_type": "pier"}}, {"type": "Feature", "geometry": {"type": "Point", "coordinates": [-122.23699, 37.74799]}, "properties": {"id": "pier-115", "name": "Veteran's Pier", "structure_type": "pier"}}, {"type": "Feature", "geometry": {"type": "Point", "coordinates": [-122.24181, 37.77604]}, "properties": {"id": "pier-116", "name": "Union Point Park Pier", "structure_type": "pier"}}, {"type": "Feature", "geometry": {"type": "Point", "coordinates": [-122.24735, 37.78612]}, "properties": {"id": "pier-117", "name": "San Antonio North (Best Western) Pier", "structure_type": "pier"}}, {"type": "Feature", "geometry": {"type": "Point", "coordinates": [-122.27399, 37.79247]}, "properties": {"id": "pier-118", "name": "Webster St. (Jack London) Pier", "structure_type": "pier"}}, {"type": "Feature", "geometry": {"type": "Point", "coordinates": [-122.51871, 37.8882]}, "properties": {"id": "pier-119", "name": "Acqua Hotel Pier", "structure_type": "pier"}}, {"type": "Feature", "geometry": {"type": "Point", "coordinates": [-122.35183, 37.90863]}, "properties": {"id": "pier-120", "name": "Barbara and Jay Vincent Park Pier", "structure_type": "pier"}}, {"type": "Feature", "geometry": {"type": "Point", "coordinates": [-122.35344, 37.90766]}, "properties": {"id": "pier-121", "name": "Barbara and Jay Vincent Park Jetty", "structure_type": "pier"}}, {"type": "Feature", "geometry": {"type": "Point", "coordinates": [-122.36055, 37.90945]}, "properties": {"id": "pier-122", "name": "John J Sheridan Pier", "structure_type": "pier"}}, {"type": "Feature", "geometry": {"type": "Point", "coordinates": [-122.16508, 38.04438]}, "properties": {"id": "pier-123", "name": "Benicia Point Fishing Pier", "structure_type": "pier"}}, {"type": "Feature", "geometry": {"type": "Point", "coordinates": [-122.17466, 38.05786]}, "properties": {"id": "pier-124", "name": "9th Street Pier, Benicia", "structure_type": "pier"}}, {"type": "Feature", "geometry": {"type": "Point", "coordinates": [-122.25799, 38.09546]}, "properties": {"id": "pier-125", "name": "Vallejo Launch Ramp Fishing Pier", "structure_type": "pier"}}, {"type": "Feature", "geometry": {"type": "Point", "coordinates": [-122.26163, 38.0983]}, "properties": {"id": "pier-126", "name": "Vallejo Waterfront (Independence Park)", "structure_type": "pier"}}, {"type": "Feature", "geometry": {"type": "Point", "coordinates": [-122.34431, 38.13686]}, "properties": {"id": "pier-127", "name": "Cullinan Ranch Fishing Pier", "structure_type": "pier"}}, {"type": "Feature", "geometry": {"type": "Point", "coordinates": [-122.60516, 38.2232]}, "properties": {"id": "pier-128", "name": "Shollenberger Pier", "structure_type": "pier"}}, {"type": "Feature", "geometry": {"type": "Point", "coordinates": [-123.71051, 38.91455]}, "properties": {"id": "pier-129", "name": "Point Arena Pier", "structure_type": "pier"}}, {"type": "Feature", "geometry": {"type": "Point", "coordinates": [-123.81005, 39.42812]}, "properties": {"id": "pier-130", "name": "Noyo River Jetty", "structure_type": "pier"}}, {"type": "Feature", "geometry": {"type": "Point", "coordinates": [-124.06675, 40.0181]}, "properties": {"id": "wreck-harbour-60768", "name": null, "structure_type": "wreck"}}, {"type": "Feature", "geometry": {"type": "Point", "coordinates": [-124.0825, 40.02667]}, "properties": {"id": "wreck-harbour-60769", "name": null, "structure_type": "wreck"}}, {"type": "Feature", "geometry": {"type": "Point", "coordinates": [-122.14923, 37.59912]}, "properties": {"id": "wreck-harbour-60770", "name": null, "structure_type": "wreck"}}, {"type": "Feature", "geometry": {"type": "Point", "coordinates": [-122.14821, 37.60039]}, "properties": {"id": "wreck-harbour-60771", "name": null, "structure_type": "wreck"}}, {"type": "Feature", "geometry": {"type": "Point", "coordinates": [-122.15778, 37.55313]}, "properties": {"id": "wreck-harbour-60772", "name": null, "structure_type": "wreck"}}, {"type": "Feature", "geometry": {"type": "Point", "coordinates": [-118.395, 32.79]}, "properties": {"id": "wreck-harbour-60773", "name": null, "structure_type": "wreck"}}, {"type": "Feature", "geometry": {"type": "Point", "coordinates": [-118.40092, 32.80006]}, "properties": {"id": "wreck-harbour-60774", "name": null, "structure_type": "wreck"}}, {"type": "Feature", "geometry": {"type": "Point", "coordinates": [-118.375, 32.80167]}, "properties": {"id": "wreck-harbour-60775", "name": null, "structure_type": "wreck"}}, {"type": "Feature", "geometry": {"type": "Point", "coordinates": [-118.57546, 33.03417]}, "properties": {"id": "wreck-harbour-60776", "name": null, "structure_type": "wreck"}}, {"type": "Feature", "geometry": {"type": "Point", "coordinates": [-118.58288, 33.03646]}, "properties": {"id": "wreck-harbour-60777", "name": null, "structure_type": "wreck"}}, {"type": "Feature", "geometry": {"type": "Point", "coordinates": [-118.56377, 33.02445]}, "properties": {"id": "wreck-harbour-60778", "name": null, "structure_type": "wreck"}}, {"type": "Feature", "geometry": {"type": "Point", "coordinates": [-118.31845, 33.34846]}, "properties": {"id": "wreck-harbour-60779", "name": null, "structure_type": "wreck"}}, {"type": "Feature", "geometry": {"type": "Point", "coordinates": [-118.50412, 33.43239]}, "properties": {"id": "wreck-harbour-60780", "name": null, "structure_type": "wreck"}}, {"type": "Feature", "geometry": {"type": "Point", "coordinates": [-118.50294, 33.43433]}, "properties": {"id": "wreck-harbour-60781", "name": null, "structure_type": "wreck"}}, {"type": "Feature", "geometry": {"type": "Point", "coordinates": [-118.50333, 33.43207]}, "properties": {"id": "wreck-harbour-60782", "name": null, "structure_type": "wreck"}}, {"type": "Feature", "geometry": {"type": "Point", "coordinates": [-118.45832, 33.43667]}, "properties": {"id": "wreck-harbour-60783", "name": null, "structure_type": "wreck"}}, {"type": "Feature", "geometry": {"type": "Point", "coordinates": [-118.49067, 33.44615]}, "properties": {"id": "wreck-harbour-60784", "name": null, "structure_type": "wreck"}}, {"type": "Feature", "geometry": {"type": "Point", "coordinates": [-118.54569, 33.5016]}, "properties": {"id": "wreck-harbour-60785", "name": null, "structure_type": "wreck"}}, {"type": "Feature", "geometry": {"type": "Point", "coordinates": [-118.5528, 33.47394]}, "properties": {"id": "wreck-harbour-60786", "name": null, "structure_type": "wreck"}}, {"type": "Feature", "geometry": {"type": "Point", "coordinates": [-118.52888, 33.46714]}, "properties": {"id": "wreck-harbour-60787", "name": null, "structure_type": "wreck"}}, {"type": "Feature", "geometry": {"type": "Point", "coordinates": [-117.88417, 33.59999]}, "properties": {"id": "wreck-harbour-60788", "name": null, "structure_type": "wreck"}}, {"type": "Feature", "geometry": {"type": "Point", "coordinates": [-119.67868, 34.41042]}, "properties": {"id": "wreck-harbour-60789", "name": null, "structure_type": "wreck"}}, {"type": "Feature", "geometry": {"type": "Point", "coordinates": [-119.66307, 34.41098]}, "properties": {"id": "wreck-harbour-60790", "name": null, "structure_type": "wreck"}}, {"type": "Feature", "geometry": {"type": "Point", "coordinates": [-119.65296, 34.41154]}, "properties": {"id": "wreck-harbour-60791", "name": null, "structure_type": "wreck"}}, {"type": "Feature", "geometry": {"type": "Point", "coordinates": [-119.66429, 34.40431]}, "properties": {"id": "wreck-harbour-60792", "name": null, "structure_type": "wreck"}}, {"type": "Feature", "geometry": {"type": "Point", "coordinates": [-120.75096, 35.16149]}, "properties": {"id": "wreck-harbour-60793", "name": null, "structure_type": "wreck"}}, {"type": "Feature", "geometry": {"type": "Point", "coordinates": [-120.75028, 35.1675]}, "properties": {"id": "wreck-harbour-60794", "name": null, "structure_type": "wreck"}}, {"type": "Feature", "geometry": {"type": "Point", "coordinates": [-120.71667, 35.16667]}, "properties": {"id": "wreck-harbour-60795", "name": null, "structure_type": "wreck"}}, {"type": "Feature", "geometry": {"type": "Point", "coordinates": [-120.74607, 35.16885]}, "properties": {"id": "wreck-harbour-60796", "name": null, "structure_type": "wreck"}}, {"type": "Feature", "geometry": {"type": "Point", "coordinates": [-120.84521, 35.32857]}, "properties": {"id": "wreck-harbour-60797", "name": null, "structure_type": "wreck"}}, {"type": "Feature", "geometry": {"type": "Point", "coordinates": [-121.89345, 36.60492]}, "properties": {"id": "wreck-harbour-60798", "name": null, "structure_type": "wreck"}}, {"type": "Feature", "geometry": {"type": "Point", "coordinates": [-121.88338, 36.60191]}, "properties": {"id": "wreck-harbour-60799", "name": null, "structure_type": "wreck"}}, {"type": "Feature", "geometry": {"type": "Point", "coordinates": [-121.79355, 36.80769]}, "properties": {"id": "wreck-harbour-60801", "name": null, "structure_type": "wreck"}}, {"type": "Feature", "geometry": {"type": "Point", "coordinates": [-122.03926, 38.16843]}, "properties": {"id": "wreck-harbour-60802", "name": null, "structure_type": "wreck"}}, {"type": "Feature", "geometry": {"type": "Point", "coordinates": [-121.92765, 38.15999]}, "properties": {"id": "wreck-harbour-60803", "name": null, "structure_type": "wreck"}}, {"type": "Feature", "geometry": {"type": "Point", "coordinates": [-121.95289, 38.1689]}, "properties": {"id": "wreck-harbour-60804", "name": null, "structure_type": "wreck"}}, {"type": "Feature", "geometry": {"type": "Point", "coordinates": [-121.99642, 38.17999]}, "properties": {"id": "wreck-harbour-60805", "name": null, "structure_type": "wreck"}}, {"type": "Feature", "geometry": {"type": "Point", "coordinates": [-122.044, 38.16427]}, "properties": {"id": "wreck-harbour-60806", "name": null, "structure_type": "wreck"}}, {"type": "Feature", "geometry": {"type": "Point", "coordinates": [-121.50698, 38.43807]}, "properties": {"id": "wreck-harbour-60807", "name": null, "structure_type": "wreck"}}, {"type": "Feature", "geometry": {"type": "Point", "coordinates": [-121.49772, 38.26566]}, "properties": {"id": "wreck-harbour-60808", "name": null, "structure_type": "wreck"}}, {"type": "Feature", "geometry": {"type": "Point", "coordinates": [-121.58894, 38.27324]}, "properties": {"id": "wreck-harbour-60809", "name": null, "structure_type": "wreck"}}, {"type": "Feature", "geometry": {"type": "Point", "coordinates": [-121.50663, 38.47111]}, "properties": {"id": "wreck-harbour-60810", "name": null, "structure_type": "wreck"}}, {"type": "Feature", "geometry": {"type": "Point", "coordinates": [-121.58131, 38.29763]}, "properties": {"id": "wreck-harbour-60811", "name": null, "structure_type": "wreck"}}, {"type": "Feature", "geometry": {"type": "Point", "coordinates": [-121.49814, 38.27292]}, "properties": {"id": "wreck-harbour-60812", "name": null, "structure_type": "wreck"}}, {"type": "Feature", "geometry": {"type": "Point", "coordinates": [-122.88932, 38.15026]}, "properties": {"id": "wreck-harbour-60813", "name": null, "structure_type": "wreck"}}, {"type": "Feature", "geometry": {"type": "Point", "coordinates": [-123.01655, 38.26668]}, "properties": {"id": "wreck-harbour-60814", "name": null, "structure_type": "wreck"}}, {"type": "Feature", "geometry": {"type": "Point", "coordinates": [-123.00119, 38.27906]}, "properties": {"id": "wreck-harbour-60815", "name": null, "structure_type": "wreck"}}, {"type": "Feature", "geometry": {"type": "Point", "coordinates": [-123.04206, 38.32561]}, "properties": {"id": "wreck-harbour-60816", "name": null, "structure_type": "wreck"}}, {"type": "Feature", "geometry": {"type": "Point", "coordinates": [-123.05324, 38.33433]}, "properties": {"id": "wreck-harbour-60817", "name": null, "structure_type": "wreck"}}, {"type": "Feature", "geometry": {"type": "Point", "coordinates": [-123.05397, 38.33445]}, "properties": {"id": "wreck-harbour-60818", "name": null, "structure_type": "wreck"}}, {"type": "Feature", "geometry": {"type": "Point", "coordinates": [-121.82942, 36.73486]}, "properties": {"id": "wreck-harbour-60819", "name": null, "structure_type": "wreck"}}, {"type": "Feature", "geometry": {"type": "Point", "coordinates": [-121.85833, 36.61778]}, "properties": {"id": "wreck-harbour-60820", "name": null, "structure_type": "wreck"}}, {"type": "Feature", "geometry": {"type": "Point", "coordinates": [-121.81199, 36.78159]}, "properties": {"id": "wreck-harbour-60821", "name": null, "structure_type": "wreck"}}, {"type": "Feature", "geometry": {"type": "Point", "coordinates": [-121.95541, 36.65995]}, "properties": {"id": "wreck-harbour-60822", "name": null, "structure_type": "wreck"}}, {"type": "Feature", "geometry": {"type": "Point", "coordinates": [-121.91404, 36.96952]}, "properties": {"id": "wreck-harbour-60823", "name": null, "structure_type": "wreck"}}, {"type": "Feature", "geometry": {"type": "Point", "coordinates": [-118.48335, 33.96655]}, "properties": {"id": "wreck-harbour-60824", "name": null, "structure_type": "wreck"}}, {"type": "Feature", "geometry": {"type": "Point", "coordinates": [-118.4856, 33.97691]}, "properties": {"id": "wreck-harbour-60825", "name": null, "structure_type": "wreck"}}, {"type": "Feature", "geometry": {"type": "Point", "coordinates": [-118.43337, 33.89985]}, "properties": {"id": "wreck-harbour-60826", "name": null, "structure_type": "wreck"}}, {"type": "Feature", "geometry": {"type": "Point", "coordinates": [-118.42914, 33.77414]}, "properties": {"id": "wreck-harbour-60829", "name": null, "structure_type": "wreck"}}, {"type": "Feature", "geometry": {"type": "Point", "coordinates": [-118.42629, 33.77824]}, "properties": {"id": "wreck-harbour-60830", "name": null, "structure_type": "wreck"}}, {"type": "Feature", "geometry": {"type": "Point", "coordinates": [-118.41769, 33.79136]}, "properties": {"id": "wreck-harbour-60831", "name": null, "structure_type": "wreck"}}, {"type": "Feature", "geometry": {"type": "Point", "coordinates": [-118.52033, 33.99683]}, "properties": {"id": "wreck-harbour-60832", "name": null, "structure_type": "wreck"}}, {"type": "Feature", "geometry": {"type": "Point", "coordinates": [-118.42359, 33.81723]}, "properties": {"id": "wreck-harbour-60833", "name": null, "structure_type": "wreck"}}, {"type": "Feature", "geometry": {"type": "Point", "coordinates": [-118.39718, 33.83417]}, "properties": {"id": "wreck-harbour-60834", "name": null, "structure_type": "wreck"}}, {"type": "Feature", "geometry": {"type": "Point", "coordinates": [-120.12944, 33.90014]}, "properties": {"id": "wreck-harbour-60835", "name": null, "structure_type": "wreck"}}, {"type": "Feature", "geometry": {"type": "Point", "coordinates": [-120.13881, 33.90344]}, "properties": {"id": "wreck-harbour-60836", "name": null, "structure_type": "wreck"}}, {"type": "Feature", "geometry": {"type": "Point", "coordinates": [-119.36353, 34.29446]}, "properties": {"id": "wreck-harbour-60837", "name": null, "structure_type": "wreck"}}, {"type": "Feature", "geometry": {"type": "Point", "coordinates": [-119.97584, 33.97917]}, "properties": {"id": "wreck-harbour-60838", "name": null, "structure_type": "wreck"}}, {"type": "Feature", "geometry": {"type": "Point", "coordinates": [-119.54764, 34.04918]}, "properties": {"id": "wreck-harbour-60839", "name": null, "structure_type": "wreck"}}, {"type": "Feature", "geometry": {"type": "Point", "coordinates": [-124.21917, 40.73183]}, "properties": {"id": "wreck-harbour-60840", "name": null, "structure_type": "wreck"}}, {"type": "Feature", "geometry": {"type": "Point", "coordinates": [-124.22288, 40.75844]}, "properties": {"id": "wreck-harbour-60841", "name": null, "structure_type": "wreck"}}, {"type": "Feature", "geometry": {"type": "Point", "coordinates": [-124.22324, 40.75818]}, "properties": {"id": "wreck-harbour-60842", "name": null, "structure_type": "wreck"}}, {"type": "Feature", "geometry": {"type": "Point", "coordinates": [-124.19876, 40.81262]}, "properties": {"id": "wreck-harbour-60843", "name": null, "structure_type": "wreck"}}, {"type": "Feature", "geometry": {"type": "Point", "coordinates": [-124.20001, 41.73846]}, "properties": {"id": "wreck-harbour-60844", "name": null, "structure_type": "wreck"}}, {"type": "Feature", "geometry": {"type": "Point", "coordinates": [-124.26583, 41.76222]}, "properties": {"id": "wreck-harbour-60845", "name": null, "structure_type": "wreck"}}, {"type": "Feature", "geometry": {"type": "Point", "coordinates": [-124.19347, 41.73931]}, "properties": {"id": "wreck-harbour-60846", "name": null, "structure_type": "wreck"}}, {"type": "Feature", "geometry": {"type": "Point", "coordinates": [-118.49131, 33.3385]}, "properties": {"id": "wreck-harbour-60847", "name": null, "structure_type": "wreck"}}, {"type": "Feature", "geometry": {"type": "Point", "coordinates": [-117.40833, 33.20167]}, "properties": {"id": "wreck-harbour-60848", "name": null, "structure_type": "wreck"}}, {"type": "Feature", "geometry": {"type": "Point", "coordinates": [-118.40515, 32.86475]}, "properties": {"id": "wreck-harbour-60849", "name": null, "structure_type": "wreck"}}, {"type": "Feature", "geometry": {"type": "Point", "coordinates": [-118.54592, 32.92008]}, "properties": {"id": "wreck-harbour-60850", "name": null, "structure_type": "wreck"}}, {"type": "Feature", "geometry": {"type": "Point", "coordinates": [-118.55167, 32.89667]}, "properties": {"id": "wreck-harbour-60851", "name": null, "structure_type": "wreck"}}, {"type": "Feature", "geometry": {"type": "Point", "coordinates": [-118.50987, 32.87902]}, "properties": {"id": "wreck-harbour-60852", "name": null, "structure_type": "wreck"}}, {"type": "Feature", "geometry": {"type": "Point", "coordinates": [-120.72678, 35.08985]}, "properties": {"id": "wreck-harbour-60853", "name": null, "structure_type": "wreck"}}, {"type": "Feature", "geometry": {"type": "Point", "coordinates": [-120.85427, 35.14487]}, "properties": {"id": "wreck-harbour-60854", "name": null, "structure_type": "wreck"}}, {"type": "Feature", "geometry": {"type": "Point", "coordinates": [-119.55127, 33.23379]}, "properties": {"id": "wreck-harbour-60855", "name": null, "structure_type": "wreck"}}, {"type": "Feature", "geometry": {"type": "Point", "coordinates": [-122.97656, 37.99576]}, "properties": {"id": "wreck-harbour-60856", "name": null, "structure_type": "wreck"}}, {"type": "Feature", "geometry": {"type": "Point", "coordinates": [-122.97204, 37.98742]}, "properties": {"id": "wreck-harbour-60857", "name": null, "structure_type": "wreck"}}, {"type": "Feature", "geometry": {"type": "Point", "coordinates": [-122.97749, 37.99182]}, "properties": {"id": "wreck-harbour-60858", "name": null, "structure_type": "wreck"}}, {"type": "Feature", "geometry": {"type": "Point", "coordinates": [-122.87265, 38.01342]}, "properties": {"id": "wreck-harbour-60859", "name": null, "structure_type": "wreck"}}, {"type": "Feature", "geometry": {"type": "Point", "coordinates": [-122.96177, 37.98837]}, "properties": {"id": "wreck-harbour-60860", "name": null, "structure_type": "wreck"}}, {"type": "Feature", "geometry": {"type": "Point", "coordinates": [-118.27211, 33.66337]}, "properties": {"id": "wreck-harbour-62749", "name": null, "structure_type": "wreck"}}, {"type": "Feature", "geometry": {"type": "Point", "coordinates": [-118.26684, 33.6595]}, "properties": {"id": "wreck-harbour-62750", "name": null, "structure_type": "wreck"}}, {"type": "Feature", "geometry": {"type": "Point", "coordinates": [-118.23469, 33.60361]}, "properties": {"id": "wreck-harbour-62751", "name": null, "structure_type": "wreck"}}, {"type": "Feature", "geometry": {"type": "Point", "coordinates": [-118.22984, 33.65725]}, "properties": {"id": "wreck-harbour-62752", "name": null, "structure_type": "wreck"}}, {"type": "Feature", "geometry": {"type": "Point", "coordinates": [-118.17699, 33.67077]}, "properties": {"id": "wreck-harbour-62753", "name": null, "structure_type": "wreck"}}, {"type": "Feature", "geometry": {"type": "Point", "coordinates": [-118.0925, 33.67347]}, "properties": {"id": "wreck-harbour-62754", "name": null, "structure_type": "wreck"}}, {"type": "Feature", "geometry": {"type": "Point", "coordinates": [-118.27819, 33.73769]}, "properties": {"id": "wreck-harbour-62755", "name": null, "structure_type": "wreck"}}, {"type": "Feature", "geometry": {"type": "Point", "coordinates": [-118.27909, 33.70985]}, "properties": {"id": "wreck-harbour-62756", "name": null, "structure_type": "wreck"}}, {"type": "Feature", "geometry": {"type": "Point", "coordinates": [-118.33134, 33.69765]}, "properties": {"id": "wreck-harbour-62757", "name": null, "structure_type": "wreck"}}, {"type": "Feature", "geometry": {"type": "Point", "coordinates": [-118.31257, 33.69813]}, "properties": {"id": "wreck-harbour-62758", "name": null, "structure_type": "wreck"}}, {"type": "Feature", "geometry": {"type": "Point", "coordinates": [-118.26614, 33.73442]}, "properties": {"id": "wreck-harbour-62759", "name": null, "structure_type": "wreck"}}, {"type": "Feature", "geometry": {"type": "Point", "coordinates": [-118.2154, 33.74874]}, "properties": {"id": "wreck-harbour-62760", "name": null, "structure_type": "wreck"}}, {"type": "Feature", "geometry": {"type": "Point", "coordinates": [-118.2129, 33.74739]}, "properties": {"id": "wreck-harbour-62761", "name": null, "structure_type": "wreck"}}, {"type": "Feature", "geometry": {"type": "Point", "coordinates": [-118.23915, 33.73757]}, "properties": {"id": "wreck-harbour-62762", "name": null, "structure_type": "wreck"}}, {"type": "Feature", "geometry": {"type": "Point", "coordinates": [-118.23242, 33.73925]}, "properties": {"id": "wreck-harbour-62763", "name": null, "structure_type": "wreck"}}, {"type": "Feature", "geometry": {"type": "Point", "coordinates": [-118.23835, 33.73797]}, "properties": {"id": "wreck-harbour-62764", "name": null, "structure_type": "wreck"}}, {"type": "Feature", "geometry": {"type": "Point", "coordinates": [-118.24054, 33.73629]}, "properties": {"id": "wreck-harbour-62765", "name": null, "structure_type": "wreck"}}, {"type": "Feature", "geometry": {"type": "Point", "coordinates": [-118.24008, 33.7391]}, "properties": {"id": "wreck-harbour-62766", "name": null, "structure_type": "wreck"}}, {"type": "Feature", "geometry": {"type": "Point", "coordinates": [-118.23857, 33.73237]}, "properties": {"id": "wreck-harbour-62767", "name": null, "structure_type": "wreck"}}, {"type": "Feature", "geometry": {"type": "Point", "coordinates": [-118.22496, 33.71875]}, "properties": {"id": "wreck-harbour-62768", "name": null, "structure_type": "wreck"}}, {"type": "Feature", "geometry": {"type": "Point", "coordinates": [-118.23303, 33.72221]}, "properties": {"id": "wreck-harbour-62769", "name": null, "structure_type": "wreck"}}, {"type": "Feature", "geometry": {"type": "Point", "coordinates": [-118.23829, 33.71313]}, "properties": {"id": "wreck-harbour-62770", "name": null, "structure_type": "wreck"}}, {"type": "Feature", "geometry": {"type": "Point", "coordinates": [-118.25113, 33.70621]}, "properties": {"id": "wreck-harbour-62771", "name": null, "structure_type": "wreck"}}, {"type": "Feature", "geometry": {"type": "Point", "coordinates": [-118.26628, 33.6972]}, "properties": {"id": "wreck-harbour-62772", "name": null, "structure_type": "wreck"}}, {"type": "Feature", "geometry": {"type": "Point", "coordinates": [-118.26437, 33.70407]}, "properties": {"id": "wreck-harbour-62773", "name": null, "structure_type": "wreck"}}, {"type": "Feature", "geometry": {"type": "Point", "coordinates": [-118.26341, 33.70009]}, "properties": {"id": "wreck-harbour-62774", "name": null, "structure_type": "wreck"}}, {"type": "Feature", "geometry": {"type": "Point", "coordinates": [-118.24456, 33.71013]}, "properties": {"id": "wreck-harbour-62775", "name": null, "structure_type": "wreck"}}, {"type": "Feature", "geometry": {"type": "Point", "coordinates": [-118.20867, 33.6915]}, "properties": {"id": "wreck-harbour-62776", "name": null, "structure_type": "wreck"}}, {"type": "Feature", "geometry": {"type": "Point", "coordinates": [-118.21963, 33.68662]}, "properties": {"id": "wreck-harbour-62777", "name": null, "structure_type": "wreck"}}, {"type": "Feature", "geometry": {"type": "Point", "coordinates": [-118.13639, 33.73988]}, "properties": {"id": "wreck-harbour-62778", "name": null, "structure_type": "wreck"}}, {"type": "Feature", "geometry": {"type": "Point", "coordinates": [-118.14101, 33.72363]}, "properties": {"id": "wreck-harbour-62779", "name": null, "structure_type": "wreck"}}, {"type": "Feature", "geometry": {"type": "Point", "coordinates": [-118.14509, 33.7245]}, "properties": {"id": "wreck-harbour-62780", "name": null, "structure_type": "wreck"}}, {"type": "Feature", "geometry": {"type": "Point", "coordinates": [-118.14716, 33.74839]}, "properties": {"id": "wreck-harbour-62781", "name": null, "structure_type": "wreck"}}, {"type": "Feature", "geometry": {"type": "Point", "coordinates": [-118.19185, 33.70727]}, "properties": {"id": "wreck-harbour-62782", "name": null, "structure_type": "wreck"}}, {"type": "Feature", "geometry": {"type": "Point", "coordinates": [-118.17286, 33.72389]}, "properties": {"id": "wreck-harbour-62783", "name": null, "structure_type": "wreck"}}, {"type": "Feature", "geometry": {"type": "Point", "coordinates": [-118.18823, 33.74656]}, "properties": {"id": "wreck-harbour-62784", "name": null, "structure_type": "wreck"}}, {"type": "Feature", "geometry": {"type": "Point", "coordinates": [-118.18868, 33.74843]}, "properties": {"id": "wreck-harbour-62785", "name": null, "structure_type": "wreck"}}, {"type": "Feature", "geometry": {"type": "Point", "coordinates": [-118.18974, 33.74924]}, "properties": {"id": "wreck-harbour-62786", "name": null, "structure_type": "wreck"}}, {"type": "Feature", "geometry": {"type": "Point", "coordinates": [-118.13674, 33.68595]}, "properties": {"id": "wreck-harbour-62787", "name": null, "structure_type": "wreck"}}, {"type": "Feature", "geometry": {"type": "Point", "coordinates": [-118.14532, 33.69565]}, "properties": {"id": "wreck-harbour-62788", "name": null, "structure_type": "wreck"}}, {"type": "Feature", "geometry": {"type": "Point", "coordinates": [-118.13719, 33.71964]}, "properties": {"id": "wreck-harbour-62789", "name": null, "structure_type": "wreck"}}, {"type": "Feature", "geometry": {"type": "Point", "coordinates": [-118.11612, 33.74214]}, "properties": {"id": "wreck-harbour-62790", "name": null, "structure_type": "wreck"}}, {"type": "Feature", "geometry": {"type": "Point", "coordinates": [-118.1175, 33.74054]}, "properties": {"id": "wreck-harbour-62791", "name": null, "structure_type": "wreck"}}, {"type": "Feature", "geometry": {"type": "Point", "coordinates": [-118.08255, 33.73208]}, "properties": {"id": "wreck-harbour-62792", "name": null, "structure_type": "wreck"}}, {"type": "Feature", "geometry": {"type": "Point", "coordinates": [-118.09867, 33.72503]}, "properties": {"id": "wreck-harbour-62793", "name": null, "structure_type": "wreck"}}, {"type": "Feature", "geometry": {"type": "Point", "coordinates": [-118.08399, 33.71424]}, "properties": {"id": "wreck-harbour-62794", "name": null, "structure_type": "wreck"}}, {"type": "Feature", "geometry": {"type": "Point", "coordinates": [-118.07935, 33.73786]}, "properties": {"id": "wreck-harbour-62795", "name": null, "structure_type": "wreck"}}, {"type": "Feature", "geometry": {"type": "Point", "coordinates": [-118.07309, 33.72288]}, "properties": {"id": "wreck-harbour-62796", "name": null, "structure_type": "wreck"}}, {"type": "Feature", "geometry": {"type": "Point", "coordinates": [-118.11792, 33.7354]}, "properties": {"id": "wreck-harbour-62797", "name": null, "structure_type": "wreck"}}, {"type": "Feature", "geometry": {"type": "Point", "coordinates": [-118.25721, 33.76351]}, "properties": {"id": "wreck-harbour-62798", "name": null, "structure_type": "wreck"}}, {"type": "Feature", "geometry": {"type": "Point", "coordinates": [-118.24875, 33.76718]}, "properties": {"id": "wreck-harbour-62799", "name": null, "structure_type": "wreck"}}, {"type": "Feature", "geometry": {"type": "Point", "coordinates": [-118.25117, 33.76655]}, "properties": {"id": "wreck-harbour-62800", "name": null, "structure_type": "wreck"}}, {"type": "Feature", "geometry": {"type": "Point", "coordinates": [-118.21422, 33.7708]}, "properties": {"id": "wreck-harbour-62801", "name": null, "structure_type": "wreck"}}, {"type": "Feature", "geometry": {"type": "Point", "coordinates": [-118.21209, 33.77171]}, "properties": {"id": "wreck-harbour-62802", "name": null, "structure_type": "wreck"}}, {"type": "Feature", "geometry": {"type": "Point", "coordinates": [-118.23561, 33.76583]}, "properties": {"id": "wreck-harbour-62803", "name": null, "structure_type": "wreck"}}, {"type": "Feature", "geometry": {"type": "Point", "coordinates": [-118.24885, 33.77335]}, "properties": {"id": "wreck-harbour-62804", "name": null, "structure_type": "wreck"}}, {"type": "Feature", "geometry": {"type": "Point", "coordinates": [-118.2495, 33.76391]}, "properties": {"id": "wreck-harbour-62805", "name": null, "structure_type": "wreck"}}, {"type": "Feature", "geometry": {"type": "Point", "coordinates": [-118.24614, 33.76517]}, "properties": {"id": "wreck-harbour-62806", "name": null, "structure_type": "wreck"}}, {"type": "Feature", "geometry": {"type": "Point", "coordinates": [-118.24458, 33.76549]}, "properties": {"id": "wreck-harbour-62807", "name": null, "structure_type": "wreck"}}, {"type": "Feature", "geometry": {"type": "Point", "coordinates": [-118.14987, 33.75469]}, "properties": {"id": "wreck-harbour-62808", "name": null, "structure_type": "wreck"}}, {"type": "Feature", "geometry": {"type": "Point", "coordinates": [-118.17012, 33.7588]}, "properties": {"id": "wreck-harbour-62809", "name": null, "structure_type": "wreck"}}, {"type": "Feature", "geometry": {"type": "Point", "coordinates": [-118.15964, 33.75684]}, "properties": {"id": "wreck-harbour-62810", "name": null, "structure_type": "wreck"}}, {"type": "Feature", "geometry": {"type": "Point", "coordinates": [-118.1824, 33.75171]}, "properties": {"id": "wreck-harbour-62811", "name": null, "structure_type": "wreck"}}, {"type": "Feature", "geometry": {"type": "Point", "coordinates": [-119.14324, 34.06583]}, "properties": {"id": "wreck-harbour-64335", "name": null, "structure_type": "wreck"}}, {"type": "Feature", "geometry": {"type": "Point", "coordinates": [-119.26605, 34.16578]}, "properties": {"id": "wreck-harbour-64336", "name": null, "structure_type": "wreck"}}, {"type": "Feature", "geometry": {"type": "Point", "coordinates": [-119.22333, 34.12833]}, "properties": {"id": "wreck-harbour-64337", "name": null, "structure_type": "wreck"}}, {"type": "Feature", "geometry": {"type": "Point", "coordinates": [-119.27887, 34.21932]}, "properties": {"id": "wreck-harbour-64338", "name": null, "structure_type": "wreck"}}, {"type": "Feature", "geometry": {"type": "Point", "coordinates": [-122.49306, 37.495]}, "properties": {"id": "wreck-harbour-65736", "name": null, "structure_type": "wreck"}}, {"type": "Feature", "geometry": {"type": "Point", "coordinates": [-122.21618, 37.49552]}, "properties": {"id": "wreck-harbour-65737", "name": null, "structure_type": "wreck"}}, {"type": "Feature", "geometry": {"type": "Point", "coordinates": [-122.1925, 37.53111]}, "properties": {"id": "wreck-harbour-65738", "name": null, "structure_type": "wreck"}}, {"type": "Feature", "geometry": {"type": "Point", "coordinates": [-122.23769, 37.56702]}, "properties": {"id": "wreck-harbour-65739", "name": null, "structure_type": "wreck"}}, {"type": "Feature", "geometry": {"type": "Point", "coordinates": [-122.35837, 37.64331]}, "properties": {"id": "wreck-harbour-65740", "name": null, "structure_type": "wreck"}}, {"type": "Feature", "geometry": {"type": "Point", "coordinates": [-122.19128, 37.60692]}, "properties": {"id": "wreck-harbour-65741", "name": null, "structure_type": "wreck"}}, {"type": "Feature", "geometry": {"type": "Point", "coordinates": [-122.38975, 37.66605]}, "properties": {"id": "wreck-harbour-65742", "name": null, "structure_type": "wreck"}}, {"type": "Feature", "geometry": {"type": "Point", "coordinates": [-122.19194, 37.68944]}, "properties": {"id": "wreck-harbour-65743", "name": null, "structure_type": "wreck"}}, {"type": "Feature", "geometry": {"type": "Point", "coordinates": [-122.65722, 37.74397]}, "properties": {"id": "wreck-harbour-65744", "name": null, "structure_type": "wreck"}}, {"type": "Feature", "geometry": {"type": "Point", "coordinates": [-122.65799, 37.78825]}, "properties": {"id": "wreck-harbour-65745", "name": null, "structure_type": "wreck"}}, {"type": "Feature", "geometry": {"type": "Point", "coordinates": [-122.55108, 37.7812]}, "properties": {"id": "wreck-harbour-65746", "name": null, "structure_type": "wreck"}}, {"type": "Feature", "geometry": {"type": "Point", "coordinates": [-122.59852, 37.78867]}, "properties": {"id": "wreck-harbour-65747", "name": null, "structure_type": "wreck"}}, {"type": "Feature", "geometry": {"type": "Point", "coordinates": [-122.55433, 37.78982]}, "properties": {"id": "wreck-harbour-65748", "name": null, "structure_type": "wreck"}}, {"type": "Feature", "geometry": {"type": "Point", "coordinates": [-122.50059, 37.7992]}, "properties": {"id": "wreck-harbour-65749", "name": null, "structure_type": "wreck"}}, {"type": "Feature", "geometry": {"type": "Point", "coordinates": [-122.51234, 37.78525]}, "properties": {"id": "wreck-harbour-65750", "name": null, "structure_type": "wreck"}}, {"type": "Feature", "geometry": {"type": "Point", "coordinates": [-122.38313, 37.7908]}, "properties": {"id": "wreck-harbour-65751", "name": null, "structure_type": "wreck"}}, {"type": "Feature", "geometry": {"type": "Point", "coordinates": [-122.37484, 37.73446]}, "properties": {"id": "wreck-harbour-65752", "name": null, "structure_type": "wreck"}}, {"type": "Feature", "geometry": {"type": "Point", "coordinates": [-122.37308, 37.73636]}, "properties": {"id": "wreck-harbour-65753", "name": null, "structure_type": "wreck"}}, {"type": "Feature", "geometry": {"type": "Point", "coordinates": [-122.37137, 37.73662]}, "properties": {"id": "wreck-harbour-65754", "name": null, "structure_type": "wreck"}}, {"type": "Feature", "geometry": {"type": "Point", "coordinates": [-122.39405, 37.77355]}, "properties": {"id": "wreck-harbour-65755", "name": null, "structure_type": "wreck"}}, {"type": "Feature", "geometry": {"type": "Point", "coordinates": [-122.38575, 37.74719]}, "properties": {"id": "wreck-harbour-65756", "name": null, "structure_type": "wreck"}}, {"type": "Feature", "geometry": {"type": "Point", "coordinates": [-122.36044, 37.73228]}, "properties": {"id": "wreck-harbour-65757", "name": null, "structure_type": "wreck"}}, {"type": "Feature", "geometry": {"type": "Point", "coordinates": [-122.37828, 37.75383]}, "properties": {"id": "wreck-harbour-65758", "name": null, "structure_type": "wreck"}}, {"type": "Feature", "geometry": {"type": "Point", "coordinates": [-122.37909, 37.78436]}, "properties": {"id": "wreck-harbour-65759", "name": null, "structure_type": "wreck"}}, {"type": "Feature", "geometry": {"type": "Point", "coordinates": [-122.37722, 37.76694]}, "properties": {"id": "wreck-harbour-65760", "name": null, "structure_type": "wreck"}}, {"type": "Feature", "geometry": {"type": "Point", "coordinates": [-122.28281, 37.76915]}, "properties": {"id": "wreck-harbour-65761", "name": null, "structure_type": "wreck"}}, {"type": "Feature", "geometry": {"type": "Point", "coordinates": [-122.26219, 37.78694]}, "properties": {"id": "wreck-harbour-65762", "name": null, "structure_type": "wreck"}}, {"type": "Feature", "geometry": {"type": "Point", "coordinates": [-122.25422, 37.78319]}, "properties": {"id": "wreck-harbour-65763", "name": null, "structure_type": "wreck"}}, {"type": "Feature", "geometry": {"type": "Point", "coordinates": [-122.32322, 37.77458]}, "properties": {"id": "wreck-harbour-65764", "name": null, "structure_type": "wreck"}}, {"type": "Feature", "geometry": {"type": "Point", "coordinates": [-122.26179, 37.78695]}, "properties": {"id": "wreck-harbour-65765", "name": null, "structure_type": "wreck"}}, {"type": "Feature", "geometry": {"type": "Point", "coordinates": [-122.26396, 37.78748]}, "properties": {"id": "wreck-harbour-65766", "name": null, "structure_type": "wreck"}}, {"type": "Feature", "geometry": {"type": "Point", "coordinates": [-122.26433, 37.78859]}, "properties": {"id": "wreck-harbour-65767", "name": null, "structure_type": "wreck"}}, {"type": "Feature", "geometry": {"type": "Point", "coordinates": [-122.27983, 37.79451]}, "properties": {"id": "wreck-harbour-65768", "name": null, "structure_type": "wreck"}}, {"type": "Feature", "geometry": {"type": "Point", "coordinates": [-122.25104, 37.78546]}, "properties": {"id": "wreck-harbour-65769", "name": null, "structure_type": "wreck"}}, {"type": "Feature", "geometry": {"type": "Point", "coordinates": [-122.27476, 37.79079]}, "properties": {"id": "wreck-harbour-65770", "name": null, "structure_type": "wreck"}}, {"type": "Feature", "geometry": {"type": "Point", "coordinates": [-122.32363, 37.76669]}, "properties": {"id": "wreck-harbour-65771", "name": null, "structure_type": "wreck"}}, {"type": "Feature", "geometry": {"type": "Point", "coordinates": [-122.25049, 37.78527]}, "properties": {"id": "wreck-harbour-65772", "name": null, "structure_type": "wreck"}}, {"type": "Feature", "geometry": {"type": "Point", "coordinates": [-122.262, 37.78763]}, "properties": {"id": "wreck-harbour-65773", "name": null, "structure_type": "wreck"}}, {"type": "Feature", "geometry": {"type": "Point", "coordinates": [-122.25944, 37.78153]}, "properties": {"id": "wreck-harbour-65774", "name": null, "structure_type": "wreck"}}, {"type": "Feature", "geometry": {"type": "Point", "coordinates": [-122.25354, 37.78355]}, "properties": {"id": "wreck-harbour-65776", "name": null, "structure_type": "wreck"}}, {"type": "Feature", "geometry": {"type": "Point", "coordinates": [-122.25477, 37.78407]}, "properties": {"id": "wreck-harbour-65777", "name": null, "structure_type": "wreck"}}, {"type": "Feature", "geometry": {"type": "Point", "coordinates": [-122.25397, 37.7857]}, "properties": {"id": "wreck-harbour-65778", "name": null, "structure_type": "wreck"}}, {"type": "Feature", "geometry": {"type": "Point", "coordinates": [-122.2529, 37.78591]}, "properties": {"id": "wreck-harbour-65779", "name": null, "structure_type": "wreck"}}, {"type": "Feature", "geometry": {"type": "Point", "coordinates": [-122.25881, 37.78292]}, "properties": {"id": "wreck-harbour-65780", "name": null, "structure_type": "wreck"}}, {"type": "Feature", "geometry": {"type": "Point", "coordinates": [-122.25308, 37.78292]}, "properties": {"id": "wreck-harbour-65781", "name": null, "structure_type": "wreck"}}, {"type": "Feature", "geometry": {"type": "Point", "coordinates": [-122.2593, 37.78234]}, "properties": {"id": "wreck-harbour-65782", "name": null, "structure_type": "wreck"}}, {"type": "Feature", "geometry": {"type": "Point", "coordinates": [-122.23919, 37.77262]}, "properties": {"id": "wreck-harbour-65783", "name": null, "structure_type": "wreck"}}, {"type": "Feature", "geometry": {"type": "Point", "coordinates": [-122.24089, 37.77473]}, "properties": {"id": "wreck-harbour-65784", "name": null, "structure_type": "wreck"}}, {"type": "Feature", "geometry": {"type": "Point", "coordinates": [-122.24361, 37.77889]}, "properties": {"id": "wreck-harbour-65785", "name": null, "structure_type": "wreck"}}, {"type": "Feature", "geometry": {"type": "Point", "coordinates": [-122.24499, 37.78402]}, "properties": {"id": "wreck-harbour-65786", "name": null, "structure_type": "wreck"}}, {"type": "Feature", "geometry": {"type": "Point", "coordinates": [-122.24321, 37.77802]}, "properties": {"id": "wreck-harbour-65787", "name": null, "structure_type": "wreck"}}, {"type": "Feature", "geometry": {"type": "Point", "coordinates": [-122.24834, 37.78473]}, "properties": {"id": "wreck-harbour-65788", "name": null, "structure_type": "wreck"}}, {"type": "Feature", "geometry": {"type": "Point", "coordinates": [-122.2476, 37.78474]}, "properties": {"id": "wreck-harbour-65789", "name": null, "structure_type": "wreck"}}, {"type": "Feature", "geometry": {"type": "Point", "coordinates": [-122.24991, 37.7851]}, "properties": {"id": "wreck-harbour-65790", "name": null, "structure_type": "wreck"}}, {"type": "Feature", "geometry": {"type": "Point", "coordinates": [-122.23977, 37.77294]}, "properties": {"id": "wreck-harbour-65791", "name": null, "structure_type": "wreck"}}, {"type": "Feature", "geometry": {"type": "Point", "coordinates": [-122.21948, 37.75822]}, "properties": {"id": "wreck-harbour-65792", "name": null, "structure_type": "wreck"}}, {"type": "Feature", "geometry": {"type": "Point", "coordinates": [-122.24028, 37.77338]}, "properties": {"id": "wreck-harbour-65793", "name": null, "structure_type": "wreck"}}, {"type": "Feature", "geometry": {"type": "Point", "coordinates": [-122.24676, 37.78388]}, "properties": {"id": "wreck-harbour-65794", "name": null, "structure_type": "wreck"}}, {"type": "Feature", "geometry": {"type": "Point", "coordinates": [-122.24802, 37.78513]}, "properties": {"id": "wreck-harbour-65795", "name": null, "structure_type": "wreck"}}, {"type": "Feature", "geometry": {"type": "Point", "coordinates": [-122.24029, 37.77405]}, "properties": {"id": "wreck-harbour-65796", "name": null, "structure_type": "wreck"}}, {"type": "Feature", "geometry": {"type": "Point", "coordinates": [-122.48528, 37.86833]}, "properties": {"id": "wreck-harbour-65797", "name": null, "structure_type": "wreck"}}, {"type": "Feature", "geometry": {"type": "Point", "coordinates": [-122.54617, 37.8043]}, "properties": {"id": "wreck-harbour-65798", "name": null, "structure_type": "wreck"}}, {"type": "Feature", "geometry": {"type": "Point", "coordinates": [-122.47843, 37.8478]}, "properties": {"id": "wreck-harbour-65799", "name": null, "structure_type": "wreck"}}, {"type": "Feature", "geometry": {"type": "Point", "coordinates": [-122.47869, 37.8482]}, "properties": {"id": "wreck-harbour-65800", "name": null, "structure_type": "wreck"}}, {"type": "Feature", "geometry": {"type": "Point", "coordinates": [-122.47853, 37.84862]}, "properties": {"id": "wreck-harbour-65801", "name": null, "structure_type": "wreck"}}, {"type": "Feature", "geometry": {"type": "Point", "coordinates": [-122.54088, 37.80493]}, "properties": {"id": "wreck-harbour-65802", "name": null, "structure_type": "wreck"}}, {"type": "Feature", "geometry": {"type": "Point", "coordinates": [-122.4915, 37.86749]}, "properties": {"id": "wreck-harbour-65803", "name": null, "structure_type": "wreck"}}, {"type": "Feature", "geometry": {"type": "Point", "coordinates": [-122.48293, 37.86167]}, "properties": {"id": "wreck-harbour-65804", "name": null, "structure_type": "wreck"}}, {"type": "Feature", "geometry": {"type": "Point", "coordinates": [-122.40206, 37.81694]}, "properties": {"id": "wreck-harbour-65805", "name": null, "structure_type": "wreck"}}, {"type": "Feature", "geometry": {"type": "Point", "coordinates": [-122.40761, 37.83418]}, "properties": {"id": "wreck-harbour-65806", "name": null, "structure_type": "wreck"}}, {"type": "Feature", "geometry": {"type": "Point", "coordinates": [-122.45939, 37.86789]}, "properties": {"id": "wreck-harbour-65807", "name": null, "structure_type": "wreck"}}, {"type": "Feature", "geometry": {"type": "Point", "coordinates": [-122.45906, 37.81999]}, "properties": {"id": "wreck-harbour-65808", "name": null, "structure_type": "wreck"}}, {"type": "Feature", "geometry": {"type": "Point", "coordinates": [-122.43653, 37.85349]}, "properties": {"id": "wreck-harbour-65809", "name": null, "structure_type": "wreck"}}, {"type": "Feature", "geometry": {"type": "Point", "coordinates": [-122.42092, 37.86912]}, "properties": {"id": "wreck-harbour-65810", "name": null, "structure_type": "wreck"}}, {"type": "Feature", "geometry": {"type": "Point", "coordinates": [-122.36853, 37.83108]}, "properties": {"id": "wreck-harbour-65811", "name": null, "structure_type": "wreck"}}, {"type": "Feature", "geometry": {"type": "Point", "coordinates": [-122.38255, 37.8161]}, "properties": {"id": "wreck-harbour-65812", "name": null, "structure_type": "wreck"}}, {"type": "Feature", "geometry": {"type": "Point", "coordinates": [-122.35807, 37.80474]}, "properties": {"id": "wreck-harbour-65813", "name": null, "structure_type": "wreck"}}, {"type": "Feature", "geometry": {"type": "Point", "coordinates": [-122.36683, 37.81382]}, "properties": {"id": "wreck-harbour-65814", "name": null, "structure_type": "wreck"}}, {"type": "Feature", "geometry": {"type": "Point", "coordinates": [-122.36961, 37.84473]}, "properties": {"id": "wreck-harbour-65815", "name": null, "structure_type": "wreck"}}, {"type": "Feature", "geometry": {"type": "Point", "coordinates": [-122.5067, 37.87845]}, "properties": {"id": "wreck-harbour-65816", "name": null, "structure_type": "wreck"}}, {"type": "Feature", "geometry": {"type": "Point", "coordinates": [-122.41746, 37.93661]}, "properties": {"id": "wreck-harbour-65817", "name": null, "structure_type": "wreck"}}, {"type": "Feature", "geometry": {"type": "Point", "coordinates": [-122.41586, 37.93708]}, "properties": {"id": "wreck-harbour-65818", "name": null, "structure_type": "wreck"}}, {"type": "Feature", "geometry": {"type": "Point", "coordinates": [-122.46327, 37.91212]}, "properties": {"id": "wreck-harbour-65819", "name": null, "structure_type": "wreck"}}, {"type": "Feature", "geometry": {"type": "Point", "coordinates": [-122.42682, 37.87548]}, "properties": {"id": "wreck-harbour-65820", "name": null, "structure_type": "wreck"}}, {"type": "Feature", "geometry": {"type": "Point", "coordinates": [-122.41474, 37.93703]}, "properties": {"id": "wreck-harbour-65821", "name": null, "structure_type": "wreck"}}, {"type": "Feature", "geometry": {"type": "Point", "coordinates": [-122.38828, 37.88778]}, "properties": {"id": "wreck-harbour-65822", "name": null, "structure_type": "wreck"}}, {"type": "Feature", "geometry": {"type": "Point", "coordinates": [-122.39483, 37.91325]}, "properties": {"id": "wreck-harbour-65823", "name": null, "structure_type": "wreck"}}, {"type": "Feature", "geometry": {"type": "Point", "coordinates": [-122.37369, 37.92339]}, "properties": {"id": "wreck-harbour-65824", "name": null, "structure_type": "wreck"}}, {"type": "Feature", "geometry": {"type": "Point", "coordinates": [-122.36682, 37.92447]}, "properties": {"id": "wreck-harbour-65825", "name": null, "structure_type": "wreck"}}, {"type": "Feature", "geometry": {"type": "Point", "coordinates": [-122.48217, 38.01267]}, "properties": {"id": "wreck-harbour-65826", "name": null, "structure_type": "wreck"}}, {"type": "Feature", "geometry": {"type": "Point", "coordinates": [-122.4635, 38.00299]}, "properties": {"id": "wreck-harbour-65827", "name": null, "structure_type": "wreck"}}, {"type": "Feature", "geometry": {"type": "Point", "coordinates": [-122.41758, 37.96531]}, "properties": {"id": "wreck-harbour-65828", "name": null, "structure_type": "wreck"}}, {"type": "Feature", "geometry": {"type": "Point", "coordinates": [-122.46378, 38.01819]}, "properties": {"id": "wreck-harbour-65829", "name": null, "structure_type": "wreck"}}, {"type": "Feature", "geometry": {"type": "Point", "coordinates": [-122.40417, 37.985]}, "properties": {"id": "wreck-harbour-65830", "name": null, "structure_type": "wreck"}}, {"type": "Feature", "geometry": {"type": "Point", "coordinates": [-122.41944, 37.96613]}, "properties": {"id": "wreck-harbour-65831", "name": null, "structure_type": "wreck"}}, {"type": "Feature", "geometry": {"type": "Point", "coordinates": [-122.41933, 37.96469]}, "properties": {"id": "wreck-harbour-65832", "name": null, "structure_type": "wreck"}}, {"type": "Feature", "geometry": {"type": "Point", "coordinates": [-122.46912, 37.96636]}, "properties": {"id": "wreck-harbour-65833", "name": null, "structure_type": "wreck"}}, {"type": "Feature", "geometry": {"type": "Point", "coordinates": [-122.46984, 38.00845]}, "properties": {"id": "wreck-harbour-65834", "name": null, "structure_type": "wreck"}}, {"type": "Feature", "geometry": {"type": "Point", "coordinates": [-122.44119, 37.95798]}, "properties": {"id": "wreck-harbour-65835", "name": null, "structure_type": "wreck"}}, {"type": "Feature", "geometry": {"type": "Point", "coordinates": [-121.80958, 38.02301]}, "properties": {"id": "wreck-harbour-65836", "name": null, "structure_type": "wreck"}}, {"type": "Feature", "geometry": {"type": "Point", "coordinates": [-121.804, 38.02419]}, "properties": {"id": "wreck-harbour-65837", "name": null, "structure_type": "wreck"}}, {"type": "Feature", "geometry": {"type": "Point", "coordinates": [-121.81831, 38.01939]}, "properties": {"id": "wreck-harbour-65838", "name": null, "structure_type": "wreck"}}, {"type": "Feature", "geometry": {"type": "Point", "coordinates": [-121.80248, 38.02398]}, "properties": {"id": "wreck-harbour-65839", "name": null, "structure_type": "wreck"}}, {"type": "Feature", "geometry": {"type": "Point", "coordinates": [-121.80217, 38.01883]}, "properties": {"id": "wreck-harbour-65840", "name": null, "structure_type": "wreck"}}, {"type": "Feature", "geometry": {"type": "Point", "coordinates": [-121.80906, 38.02292]}, "properties": {"id": "wreck-harbour-65841", "name": null, "structure_type": "wreck"}}, {"type": "Feature", "geometry": {"type": "Point", "coordinates": [-121.80461, 38.02388]}, "properties": {"id": "wreck-harbour-65842", "name": null, "structure_type": "wreck"}}, {"type": "Feature", "geometry": {"type": "Point", "coordinates": [-121.80319, 38.02473]}, "properties": {"id": "wreck-harbour-65843", "name": null, "structure_type": "wreck"}}, {"type": "Feature", "geometry": {"type": "Point", "coordinates": [-121.80563, 38.0165]}, "properties": {"id": "wreck-harbour-65844", "name": null, "structure_type": "wreck"}}, {"type": "Feature", "geometry": {"type": "Point", "coordinates": [-121.8174, 38.02459]}, "properties": {"id": "wreck-harbour-65845", "name": null, "structure_type": "wreck"}}, {"type": "Feature", "geometry": {"type": "Point", "coordinates": [-121.80214, 38.02458]}, "properties": {"id": "wreck-harbour-65846", "name": null, "structure_type": "wreck"}}, {"type": "Feature", "geometry": {"type": "Point", "coordinates": [-121.79371, 38.02141]}, "properties": {"id": "wreck-harbour-65847", "name": null, "structure_type": "wreck"}}, {"type": "Feature", "geometry": {"type": "Point", "coordinates": [-121.73122, 38.01577]}, "properties": {"id": "wreck-harbour-65848", "name": null, "structure_type": "wreck"}}, {"type": "Feature", "geometry": {"type": "Point", "coordinates": [-121.76735, 38.01877]}, "properties": {"id": "wreck-harbour-65849", "name": null, "structure_type": "wreck"}}, {"type": "Feature", "geometry": {"type": "Point", "coordinates": [-121.73115, 38.01476]}, "properties": {"id": "wreck-harbour-65850", "name": null, "structure_type": "wreck"}}, {"type": "Feature", "geometry": {"type": "Point", "coordinates": [-121.73449, 38.01874]}, "properties": {"id": "wreck-harbour-65851", "name": null, "structure_type": "wreck"}}, {"type": "Feature", "geometry": {"type": "Point", "coordinates": [-121.73078, 38.02114]}, "properties": {"id": "wreck-harbour-65852", "name": null, "structure_type": "wreck"}}, {"type": "Feature", "geometry": {"type": "Point", "coordinates": [-121.72643, 38.02063]}, "properties": {"id": "wreck-harbour-65853", "name": null, "structure_type": "wreck"}}, {"type": "Feature", "geometry": {"type": "Point", "coordinates": [-121.7285, 38.02069]}, "properties": {"id": "wreck-harbour-65854", "name": null, "structure_type": "wreck"}}, {"type": "Feature", "geometry": {"type": "Point", "coordinates": [-121.72755, 38.01668]}, "properties": {"id": "wreck-harbour-65855", "name": null, "structure_type": "wreck"}}, {"type": "Feature", "geometry": {"type": "Point", "coordinates": [-121.7318, 38.02004]}, "properties": {"id": "wreck-harbour-65856", "name": null, "structure_type": "wreck"}}, {"type": "Feature", "geometry": {"type": "Point", "coordinates": [-121.72869, 38.02164]}, "properties": {"id": "wreck-harbour-65857", "name": null, "structure_type": "wreck"}}, {"type": "Feature", "geometry": {"type": "Point", "coordinates": [-121.72845, 38.02423]}, "properties": {"id": "wreck-harbour-65858", "name": null, "structure_type": "wreck"}}, {"type": "Feature", "geometry": {"type": "Point", "coordinates": [-121.7336, 38.01913]}, "properties": {"id": "wreck-harbour-65859", "name": null, "structure_type": "wreck"}}, {"type": "Feature", "geometry": {"type": "Point", "coordinates": [-121.72847, 38.02318]}, "properties": {"id": "wreck-harbour-65860", "name": null, "structure_type": "wreck"}}, {"type": "Feature", "geometry": {"type": "Point", "coordinates": [-121.78107, 38.01504]}, "properties": {"id": "wreck-harbour-65861", "name": null, "structure_type": "wreck"}}, {"type": "Feature", "geometry": {"type": "Point", "coordinates": [-121.7336, 38.0204]}, "properties": {"id": "wreck-harbour-65862", "name": null, "structure_type": "wreck"}}, {"type": "Feature", "geometry": {"type": "Point", "coordinates": [-121.6848, 38.01652]}, "properties": {"id": "wreck-harbour-65863", "name": null, "structure_type": "wreck"}}, {"type": "Feature", "geometry": {"type": "Point", "coordinates": [-121.68902, 38.02204]}, "properties": {"id": "wreck-harbour-65864", "name": null, "structure_type": "wreck"}}, {"type": "Feature", "geometry": {"type": "Point", "coordinates": [-121.72464, 38.01364]}, "properties": {"id": "wreck-harbour-65865", "name": null, "structure_type": "wreck"}}, {"type": "Feature", "geometry": {"type": "Point", "coordinates": [-121.65056, 38.01205]}, "properties": {"id": "wreck-harbour-65866", "name": null, "structure_type": "wreck"}}, {"type": "Feature", "geometry": {"type": "Point", "coordinates": [-121.72452, 38.01264]}, "properties": {"id": "wreck-harbour-65867", "name": null, "structure_type": "wreck"}}, {"type": "Feature", "geometry": {"type": "Point", "coordinates": [-121.72275, 38.00988]}, "properties": {"id": "wreck-harbour-65868", "name": null, "structure_type": "wreck"}}, {"type": "Feature", "geometry": {"type": "Point", "coordinates": [-121.62344, 37.99583]}, "properties": {"id": "wreck-harbour-65869", "name": null, "structure_type": "wreck"}}, {"type": "Feature", "geometry": {"type": "Point", "coordinates": [-121.60228, 38.02039]}, "properties": {"id": "wreck-harbour-65870", "name": null, "structure_type": "wreck"}}, {"type": "Feature", "geometry": {"type": "Point", "coordinates": [-121.62361, 38.00345]}, "properties": {"id": "wreck-harbour-65871", "name": null, "structure_type": "wreck"}}, {"type": "Feature", "geometry": {"type": "Point", "coordinates": [-121.62503, 38.00603]}, "properties": {"id": "wreck-harbour-65872", "name": null, "structure_type": "wreck"}}, {"type": "Feature", "geometry": {"type": "Point", "coordinates": [-121.57905, 38.00189]}, "properties": {"id": "wreck-harbour-65873", "name": null, "structure_type": "wreck"}}, {"type": "Feature", "geometry": {"type": "Point", "coordinates": [-121.50647, 37.99563]}, "properties": {"id": "wreck-harbour-65874", "name": null, "structure_type": "wreck"}}, {"type": "Feature", "geometry": {"type": "Point", "coordinates": [-121.5354, 38.00468]}, "properties": {"id": "wreck-harbour-65875", "name": null, "structure_type": "wreck"}}, {"type": "Feature", "geometry": {"type": "Point", "coordinates": [-121.43022, 37.99502]}, "properties": {"id": "wreck-harbour-65876", "name": null, "structure_type": "wreck"}}, {"type": "Feature", "geometry": {"type": "Point", "coordinates": [-121.41925, 37.99475]}, "properties": {"id": "wreck-harbour-65877", "name": null, "structure_type": "wreck"}}, {"type": "Feature", "geometry": {"type": "Point", "coordinates": [-121.37389, 37.97083]}, "properties": {"id": "wreck-harbour-65878", "name": null, "structure_type": "wreck"}}, {"type": "Feature", "geometry": {"type": "Point", "coordinates": [-121.37029, 38.00332]}, "properties": {"id": "wreck-harbour-65879", "name": null, "structure_type": "wreck"}}, {"type": "Feature", "geometry": {"type": "Point", "coordinates": [-121.29518, 37.95438]}, "properties": {"id": "wreck-harbour-65880", "name": null, "structure_type": "wreck"}}, {"type": "Feature", "geometry": {"type": "Point", "coordinates": [-122.48594, 38.05277]}, "properties": {"id": "wreck-harbour-65881", "name": null, "structure_type": "wreck"}}, {"type": "Feature", "geometry": {"type": "Point", "coordinates": [-122.34571, 38.059]}, "properties": {"id": "wreck-harbour-65882", "name": null, "structure_type": "wreck"}}, {"type": "Feature", "geometry": {"type": "Point", "coordinates": [-122.32776, 38.03688]}, "properties": {"id": "wreck-harbour-65883", "name": null, "structure_type": "wreck"}}, {"type": "Feature", "geometry": {"type": "Point", "coordinates": [-122.29867, 38.06367]}, "properties": {"id": "wreck-harbour-65884", "name": null, "structure_type": "wreck"}}, {"type": "Feature", "geometry": {"type": "Point", "coordinates": [-122.27608, 38.04492]}, "properties": {"id": "wreck-harbour-65885", "name": null, "structure_type": "wreck"}}, {"type": "Feature", "geometry": {"type": "Point", "coordinates": [-122.27486, 38.05209]}, "properties": {"id": "wreck-harbour-65886", "name": null, "structure_type": "wreck"}}, {"type": "Feature", "geometry": {"type": "Point", "coordinates": [-122.28971, 38.05362]}, "properties": {"id": "wreck-harbour-65887", "name": null, "structure_type": "wreck"}}, {"type": "Feature", "geometry": {"type": "Point", "coordinates": [-122.18004, 38.0617]}, "properties": {"id": "wreck-harbour-65888", "name": null, "structure_type": "wreck"}}, {"type": "Feature", "geometry": {"type": "Point", "coordinates": [-122.18567, 38.06775]}, "properties": {"id": "wreck-harbour-65889", "name": null, "structure_type": "wreck"}}, {"type": "Feature", "geometry": {"type": "Point", "coordinates": [-122.19324, 38.05285]}, "properties": {"id": "wreck-harbour-65890", "name": null, "structure_type": "wreck"}}, {"type": "Feature", "geometry": {"type": "Point", "coordinates": [-122.17871, 38.06171]}, "properties": {"id": "wreck-harbour-65891", "name": null, "structure_type": "wreck"}}, {"type": "Feature", "geometry": {"type": "Point", "coordinates": [-122.16681, 38.05251]}, "properties": {"id": "wreck-harbour-65892", "name": null, "structure_type": "wreck"}}, {"type": "Feature", "geometry": {"type": "Point", "coordinates": [-122.10674, 38.06317]}, "properties": {"id": "wreck-harbour-65893", "name": null, "structure_type": "wreck"}}, {"type": "Feature", "geometry": {"type": "Point", "coordinates": [-122.14542, 38.03806]}, "properties": {"id": "wreck-harbour-65894", "name": null, "structure_type": "wreck"}}, {"type": "Feature", "geometry": {"type": "Point", "coordinates": [-122.17032, 38.05453]}, "properties": {"id": "wreck-harbour-65895", "name": null, "structure_type": "wreck"}}, {"type": "Feature", "geometry": {"type": "Point", "coordinates": [-122.16407, 38.04478]}, "properties": {"id": "wreck-harbour-65896", "name": null, "structure_type": "wreck"}}, {"type": "Feature", "geometry": {"type": "Point", "coordinates": [-122.14778, 38.04222]}, "properties": {"id": "wreck-harbour-65897", "name": null, "structure_type": "wreck"}}, {"type": "Feature", "geometry": {"type": "Point", "coordinates": [-122.12194, 38.04714]}, "properties": {"id": "wreck-harbour-65898", "name": null, "structure_type": "wreck"}}, {"type": "Feature", "geometry": {"type": "Point", "coordinates": [-122.05114, 38.0432]}, "properties": {"id": "wreck-harbour-65899", "name": null, "structure_type": "wreck"}}, {"type": "Feature", "geometry": {"type": "Point", "coordinates": [-122.04586, 38.05318]}, "properties": {"id": "wreck-harbour-65900", "name": null, "structure_type": "wreck"}}, {"type": "Feature", "geometry": {"type": "Point", "coordinates": [-122.03222, 38.06888]}, "properties": {"id": "wreck-harbour-65901", "name": null, "structure_type": "wreck"}}, {"type": "Feature", "geometry": {"type": "Point", "coordinates": [-122.08167, 38.07833]}, "properties": {"id": "wreck-harbour-65902", "name": null, "structure_type": "wreck"}}, {"type": "Feature", "geometry": {"type": "Point", "coordinates": [-122.02404, 38.07703]}, "properties": {"id": "wreck-harbour-65903", "name": null, "structure_type": "wreck"}}, {"type": "Feature", "geometry": {"type": "Point", "coordinates": [-122.02281, 38.07842]}, "properties": {"id": "wreck-harbour-65904", "name": null, "structure_type": "wreck"}}, {"type": "Feature", "geometry": {"type": "Point", "coordinates": [-122.01679, 38.09514]}, "properties": {"id": "wreck-harbour-65905", "name": null, "structure_type": "wreck"}}, {"type": "Feature", "geometry": {"type": "Point", "coordinates": [-121.95629, 38.07861]}, "properties": {"id": "wreck-harbour-65906", "name": null, "structure_type": "wreck"}}, {"type": "Feature", "geometry": {"type": "Point", "coordinates": [-122.01791, 38.0628]}, "properties": {"id": "wreck-harbour-65907", "name": null, "structure_type": "wreck"}}, {"type": "Feature", "geometry": {"type": "Point", "coordinates": [-121.95355, 38.07658]}, "properties": {"id": "wreck-harbour-65908", "name": null, "structure_type": "wreck"}}, {"type": "Feature", "geometry": {"type": "Point", "coordinates": [-122.02387, 38.07739]}, "properties": {"id": "wreck-harbour-65909", "name": null, "structure_type": "wreck"}}, {"type": "Feature", "geometry": {"type": "Point", "coordinates": [-121.97585, 38.07725]}, "properties": {"id": "wreck-harbour-65910", "name": null, "structure_type": "wreck"}}, {"type": "Feature", "geometry": {"type": "Point", "coordinates": [-121.96278, 38.04285]}, "properties": {"id": "wreck-harbour-65911", "name": null, "structure_type": "wreck"}}, {"type": "Feature", "geometry": {"type": "Point", "coordinates": [-121.96277, 38.04754]}, "properties": {"id": "wreck-harbour-65912", "name": null, "structure_type": "wreck"}}, {"type": "Feature", "geometry": {"type": "Point", "coordinates": [-121.95569, 38.0772]}, "properties": {"id": "wreck-harbour-65913", "name": null, "structure_type": "wreck"}}, {"type": "Feature", "geometry": {"type": "Point", "coordinates": [-121.95475, 38.07704]}, "properties": {"id": "wreck-harbour-65914", "name": null, "structure_type": "wreck"}}, {"type": "Feature", "geometry": {"type": "Point", "coordinates": [-121.95444, 38.0767]}, "properties": {"id": "wreck-harbour-65917", "name": null, "structure_type": "wreck"}}, {"type": "Feature", "geometry": {"type": "Point", "coordinates": [-122.02334, 38.07832]}, "properties": {"id": "wreck-harbour-65918", "name": null, "structure_type": "wreck"}}, {"type": "Feature", "geometry": {"type": "Point", "coordinates": [-121.97688, 38.08111]}, "properties": {"id": "wreck-harbour-65919", "name": null, "structure_type": "wreck"}}, {"type": "Feature", "geometry": {"type": "Point", "coordinates": [-121.97622, 38.07804]}, "properties": {"id": "wreck-harbour-65920", "name": null, "structure_type": "wreck"}}, {"type": "Feature", "geometry": {"type": "Point", "coordinates": [-121.9751, 38.06122]}, "properties": {"id": "wreck-harbour-65921", "name": null, "structure_type": "wreck"}}, {"type": "Feature", "geometry": {"type": "Point", "coordinates": [-121.95643, 38.07767]}, "properties": {"id": "wreck-harbour-65922", "name": null, "structure_type": "wreck"}}, {"type": "Feature", "geometry": {"type": "Point", "coordinates": [-121.96213, 38.04297]}, "properties": {"id": "wreck-harbour-65923", "name": null, "structure_type": "wreck"}}, {"type": "Feature", "geometry": {"type": "Point", "coordinates": [-121.934, 38.04684]}, "properties": {"id": "wreck-harbour-65924", "name": null, "structure_type": "wreck"}}, {"type": "Feature", "geometry": {"type": "Point", "coordinates": [-121.93012, 38.05264]}, "properties": {"id": "wreck-harbour-65925", "name": null, "structure_type": "wreck"}}, {"type": "Feature", "geometry": {"type": "Point", "coordinates": [-121.90933, 38.07602]}, "properties": {"id": "wreck-harbour-65926", "name": null, "structure_type": "wreck"}}, {"type": "Feature", "geometry": {"type": "Point", "coordinates": [-121.90932, 38.07539]}, "properties": {"id": "wreck-harbour-65927", "name": null, "structure_type": "wreck"}}, {"type": "Feature", "geometry": {"type": "Point", "coordinates": [-121.90818, 38.07629]}, "properties": {"id": "wreck-harbour-65928", "name": null, "structure_type": "wreck"}}, {"type": "Feature", "geometry": {"type": "Point", "coordinates": [-121.94341, 38.05995]}, "properties": {"id": "wreck-harbour-65929", "name": null, "structure_type": "wreck"}}, {"type": "Feature", "geometry": {"type": "Point", "coordinates": [-121.93391, 38.08022]}, "properties": {"id": "wreck-harbour-65930", "name": null, "structure_type": "wreck"}}, {"type": "Feature", "geometry": {"type": "Point", "coordinates": [-121.92302, 38.0512]}, "properties": {"id": "wreck-harbour-65931", "name": null, "structure_type": "wreck"}}, {"type": "Feature", "geometry": {"type": "Point", "coordinates": [-121.91046, 38.07321]}, "properties": {"id": "wreck-harbour-65932", "name": null, "structure_type": "wreck"}}, {"type": "Feature", "geometry": {"type": "Point", "coordinates": [-121.91039, 38.07398]}, "properties": {"id": "wreck-harbour-65933", "name": null, "structure_type": "wreck"}}, {"type": "Feature", "geometry": {"type": "Point", "coordinates": [-121.90941, 38.07671]}, "properties": {"id": "wreck-harbour-65934", "name": null, "structure_type": "wreck"}}, {"type": "Feature", "geometry": {"type": "Point", "coordinates": [-121.91594, 38.0496]}, "properties": {"id": "wreck-harbour-65936", "name": null, "structure_type": "wreck"}}, {"type": "Feature", "geometry": {"type": "Point", "coordinates": [-121.91528, 38.05071]}, "properties": {"id": "wreck-harbour-65937", "name": null, "structure_type": "wreck"}}, {"type": "Feature", "geometry": {"type": "Point", "coordinates": [-121.91057, 38.07239]}, "properties": {"id": "wreck-harbour-65938", "name": null, "structure_type": "wreck"}}, {"type": "Feature", "geometry": {"type": "Point", "coordinates": [-121.90782, 38.07708]}, "properties": {"id": "wreck-harbour-65939", "name": null, "structure_type": "wreck"}}, {"type": "Feature", "geometry": {"type": "Point", "coordinates": [-121.88372, 38.04269]}, "properties": {"id": "wreck-harbour-65940", "name": null, "structure_type": "wreck"}}, {"type": "Feature", "geometry": {"type": "Point", "coordinates": [-121.92219, 38.08193]}, "properties": {"id": "wreck-harbour-65941", "name": null, "structure_type": "wreck"}}, {"type": "Feature", "geometry": {"type": "Point", "coordinates": [-121.92897, 38.05147]}, "properties": {"id": "wreck-harbour-65943", "name": null, "structure_type": "wreck"}}, {"type": "Feature", "geometry": {"type": "Point", "coordinates": [-121.91004, 38.07434]}, "properties": {"id": "wreck-harbour-65945", "name": null, "structure_type": "wreck"}}, {"type": "Feature", "geometry": {"type": "Point", "coordinates": [-121.90976, 38.07693]}, "properties": {"id": "wreck-harbour-65946", "name": null, "structure_type": "wreck"}}, {"type": "Feature", "geometry": {"type": "Point", "coordinates": [-121.91909, 38.06001]}, "properties": {"id": "wreck-harbour-65948", "name": null, "structure_type": "wreck"}}, {"type": "Feature", "geometry": {"type": "Point", "coordinates": [-121.9158, 38.05005]}, "properties": {"id": "wreck-harbour-65949", "name": null, "structure_type": "wreck"}}, {"type": "Feature", "geometry": {"type": "Point", "coordinates": [-121.92918, 38.08099]}, "properties": {"id": "wreck-harbour-65950", "name": null, "structure_type": "wreck"}}, {"type": "Feature", "geometry": {"type": "Point", "coordinates": [-121.90854, 38.07543]}, "properties": {"id": "wreck-harbour-65952", "name": null, "structure_type": "wreck"}}, {"type": "Feature", "geometry": {"type": "Point", "coordinates": [-121.87783, 38.05821]}, "properties": {"id": "wreck-harbour-65953", "name": null, "structure_type": "wreck"}}, {"type": "Feature", "geometry": {"type": "Point", "coordinates": [-121.94738, 38.05004]}, "properties": {"id": "wreck-harbour-65954", "name": null, "structure_type": "wreck"}}, {"type": "Feature", "geometry": {"type": "Point", "coordinates": [-121.9295, 38.08143]}, "properties": {"id": "wreck-harbour-65955", "name": null, "structure_type": "wreck"}}, {"type": "Feature", "geometry": {"type": "Point", "coordinates": [-121.80884, 38.02652]}, "properties": {"id": "wreck-harbour-65956", "name": null, "structure_type": "wreck"}}, {"type": "Feature", "geometry": {"type": "Point", "coordinates": [-121.84064, 38.05949]}, "properties": {"id": "wreck-harbour-65957", "name": null, "structure_type": "wreck"}}, {"type": "Feature", "geometry": {"type": "Point", "coordinates": [-121.83395, 38.07275]}, "properties": {"id": "wreck-harbour-65958", "name": null, "structure_type": "wreck"}}, {"type": "Feature", "geometry": {"type": "Point", "coordinates": [-121.87106, 38.06165]}, "properties": {"id": "wreck-harbour-65959", "name": null, "structure_type": "wreck"}}, {"type": "Feature", "geometry": {"type": "Point", "coordinates": [-121.86278, 38.04972]}, "properties": {"id": "wreck-harbour-65960", "name": null, "structure_type": "wreck"}}, {"type": "Feature", "geometry": {"type": "Point", "coordinates": [-121.86986, 38.0624]}, "properties": {"id": "wreck-harbour-65961", "name": null, "structure_type": "wreck"}}, {"type": "Feature", "geometry": {"type": "Point", "coordinates": [-121.83277, 38.02537]}, "properties": {"id": "wreck-harbour-65962", "name": null, "structure_type": "wreck"}}, {"type": "Feature", "geometry": {"type": "Point", "coordinates": [-121.82944, 38.0256]}, "properties": {"id": "wreck-harbour-65963", "name": null, "structure_type": "wreck"}}, {"type": "Feature", "geometry": {"type": "Point", "coordinates": [-121.87039, 38.06196]}, "properties": {"id": "wreck-harbour-65964", "name": null, "structure_type": "wreck"}}, {"type": "Feature", "geometry": {"type": "Point", "coordinates": [-121.85074, 38.05613]}, "properties": {"id": "wreck-harbour-65965", "name": null, "structure_type": "wreck"}}, {"type": "Feature", "geometry": {"type": "Point", "coordinates": [-121.86809, 38.06322]}, "properties": {"id": "wreck-harbour-65966", "name": null, "structure_type": "wreck"}}, {"type": "Feature", "geometry": {"type": "Point", "coordinates": [-121.85694, 38.04983]}, "properties": {"id": "wreck-harbour-65967", "name": null, "structure_type": "wreck"}}, {"type": "Feature", "geometry": {"type": "Point", "coordinates": [-121.82087, 38.02644]}, "properties": {"id": "wreck-harbour-65968", "name": null, "structure_type": "wreck"}}, {"type": "Feature", "geometry": {"type": "Point", "coordinates": [-121.795, 38.02558]}, "properties": {"id": "wreck-harbour-65969", "name": null, "structure_type": "wreck"}}, {"type": "Feature", "geometry": {"type": "Point", "coordinates": [-121.78177, 38.03323]}, "properties": {"id": "wreck-harbour-65970", "name": null, "structure_type": "wreck"}}, {"type": "Feature", "geometry": {"type": "Point", "coordinates": [-121.78023, 38.03462]}, "properties": {"id": "wreck-harbour-65971", "name": null, "structure_type": "wreck"}}, {"type": "Feature", "geometry": {"type": "Point", "coordinates": [-121.72812, 38.02714]}, "properties": {"id": "wreck-harbour-65972", "name": null, "structure_type": "wreck"}}, {"type": "Feature", "geometry": {"type": "Point", "coordinates": [-121.73059, 38.08307]}, "properties": {"id": "wreck-harbour-65973", "name": null, "structure_type": "wreck"}}, {"type": "Feature", "geometry": {"type": "Point", "coordinates": [-121.73079, 38.08115]}, "properties": {"id": "wreck-harbour-65974", "name": null, "structure_type": "wreck"}}, {"type": "Feature", "geometry": {"type": "Point", "coordinates": [-121.78277, 38.0336]}, "properties": {"id": "wreck-harbour-65975", "name": null, "structure_type": "wreck"}}, {"type": "Feature", "geometry": {"type": "Point", "coordinates": [-121.66887, 38.09215]}, "properties": {"id": "wreck-harbour-65976", "name": null, "structure_type": "wreck"}}, {"type": "Feature", "geometry": {"type": "Point", "coordinates": [-121.67803, 38.05956]}, "properties": {"id": "wreck-harbour-65977", "name": null, "structure_type": "wreck"}}, {"type": "Feature", "geometry": {"type": "Point", "coordinates": [-121.70385, 38.04096]}, "properties": {"id": "wreck-harbour-65978", "name": null, "structure_type": "wreck"}}, {"type": "Feature", "geometry": {"type": "Point", "coordinates": [-121.67058, 38.05694]}, "properties": {"id": "wreck-harbour-65979", "name": null, "structure_type": "wreck"}}, {"type": "Feature", "geometry": {"type": "Point", "coordinates": [-121.61767, 38.056]}, "properties": {"id": "wreck-harbour-65980", "name": null, "structure_type": "wreck"}}, {"type": "Feature", "geometry": {"type": "Point", "coordinates": [-121.58958, 38.02862]}, "properties": {"id": "wreck-harbour-65981", "name": null, "structure_type": "wreck"}}, {"type": "Feature", "geometry": {"type": "Point", "coordinates": [-121.64673, 38.08212]}, "properties": {"id": "wreck-harbour-65982", "name": null, "structure_type": "wreck"}}, {"type": "Feature", "geometry": {"type": "Point", "coordinates": [-121.64856, 38.05762]}, "properties": {"id": "wreck-harbour-65983", "name": null, "structure_type": "wreck"}}, {"type": "Feature", "geometry": {"type": "Point", "coordinates": [-121.64508, 38.05653]}, "properties": {"id": "wreck-harbour-65984", "name": null, "structure_type": "wreck"}}, {"type": "Feature", "geometry": {"type": "Point", "coordinates": [-121.50003, 38.04708]}, "properties": {"id": "wreck-harbour-65985", "name": null, "structure_type": "wreck"}}, {"type": "Feature", "geometry": {"type": "Point", "coordinates": [-121.56891, 38.03634]}, "properties": {"id": "wreck-harbour-65986", "name": null, "structure_type": "wreck"}}, {"type": "Feature", "geometry": {"type": "Point", "coordinates": [-121.50056, 38.05806]}, "properties": {"id": "wreck-harbour-65987", "name": null, "structure_type": "wreck"}}, {"type": "Feature", "geometry": {"type": "Point", "coordinates": [-121.50731, 38.05177]}, "properties": {"id": "wreck-harbour-65988", "name": null, "structure_type": "wreck"}}, {"type": "Feature", "geometry": {"type": "Point", "coordinates": [-121.53452, 38.06273]}, "properties": {"id": "wreck-harbour-65989", "name": null, "structure_type": "wreck"}}, {"type": "Feature", "geometry": {"type": "Point", "coordinates": [-121.49966, 38.04613]}, "properties": {"id": "wreck-harbour-65990", "name": null, "structure_type": "wreck"}}, {"type": "Feature", "geometry": {"type": "Point", "coordinates": [-121.47416, 38.02653]}, "properties": {"id": "wreck-harbour-65992", "name": null, "structure_type": "wreck"}}, {"type": "Feature", "geometry": {"type": "Point", "coordinates": [-121.45221, 38.05316]}, "properties": {"id": "wreck-harbour-65993", "name": null, "structure_type": "wreck"}}, {"type": "Feature", "geometry": {"type": "Point", "coordinates": [-122.54291, 38.15592]}, "properties": {"id": "wreck-harbour-65994", "name": null, "structure_type": "wreck"}}, {"type": "Feature", "geometry": {"type": "Point", "coordinates": [-122.46187, 38.11581]}, "properties": {"id": "wreck-harbour-65995", "name": null, "structure_type": "wreck"}}, {"type": "Feature", "geometry": {"type": "Point", "coordinates": [-122.3509, 38.15569]}, "properties": {"id": "wreck-harbour-65996", "name": null, "structure_type": "wreck"}}, {"type": "Feature", "geometry": {"type": "Point", "coordinates": [-122.28698, 38.12104]}, "properties": {"id": "wreck-harbour-65997", "name": null, "structure_type": "wreck"}}, {"type": "Feature", "geometry": {"type": "Point", "coordinates": [-122.29281, 38.15581]}, "properties": {"id": "wreck-harbour-65998", "name": null, "structure_type": "wreck"}}, {"type": "Feature", "geometry": {"type": "Point", "coordinates": [-122.28793, 38.16714]}, "properties": {"id": "wreck-harbour-65999", "name": null, "structure_type": "wreck"}}, {"type": "Feature", "geometry": {"type": "Point", "coordinates": [-122.29124, 38.12126]}, "properties": {"id": "wreck-harbour-66000", "name": null, "structure_type": "wreck"}}, {"type": "Feature", "geometry": {"type": "Point", "coordinates": [-121.60944, 38.10778]}, "properties": {"id": "wreck-harbour-66001", "name": null, "structure_type": "wreck"}}, {"type": "Feature", "geometry": {"type": "Point", "coordinates": [-121.59094, 38.10353]}, "properties": {"id": "wreck-harbour-66002", "name": null, "structure_type": "wreck"}}, {"type": "Feature", "geometry": {"type": "Point", "coordinates": [-121.61265, 38.10635]}, "properties": {"id": "wreck-harbour-66003", "name": null, "structure_type": "wreck"}}, {"type": "Feature", "geometry": {"type": "Point", "coordinates": [-121.61281, 38.10835]}, "properties": {"id": "wreck-harbour-66004", "name": null, "structure_type": "wreck"}}, {"type": "Feature", "geometry": {"type": "Point", "coordinates": [-121.6113, 38.16318]}, "properties": {"id": "wreck-harbour-66005", "name": null, "structure_type": "wreck"}}, {"type": "Feature", "geometry": {"type": "Point", "coordinates": [-121.56316, 38.10285]}, "properties": {"id": "wreck-harbour-66006", "name": null, "structure_type": "wreck"}}, {"type": "Feature", "geometry": {"type": "Point", "coordinates": [-121.54665, 38.14831]}, "properties": {"id": "wreck-harbour-66007", "name": null, "structure_type": "wreck"}}, {"type": "Feature", "geometry": {"type": "Point", "coordinates": [-124.29168, 42.04167]}, "properties": {"id": "wreck-harbour-66037", "name": null, "structure_type": "wreck"}}, {"type": "Feature", "geometry": {"type": "Point", "coordinates": [-124.26873, 42.03067]}, "properties": {"id": "wreck-harbour-66038", "name": null, "structure_type": "wreck"}}, {"type": "Feature", "geometry": {"type": "Point", "coordinates": [-121.67489, 38.15982]}, "properties": {"id": "wreck-harbour-66995", "name": null, "structure_type": "wreck"}}, {"type": "Feature", "geometry": {"type": "Point", "coordinates": [-121.67076, 38.16693]}, "properties": {"id": "wreck-harbour-66996", "name": null, "structure_type": "wreck"}}, {"type": "Feature", "geometry": {"type": "Point", "coordinates": [-121.68549, 38.14199]}, "properties": {"id": "wreck-harbour-66997", "name": null, "structure_type": "wreck"}}, {"type": "Feature", "geometry": {"type": "Point", "coordinates": [-121.6801, 38.16793]}, "properties": {"id": "wreck-harbour-66998", "name": null, "structure_type": "wreck"}}, {"type": "Feature", "geometry": {"type": "Point", "coordinates": [-121.68618, 38.24822]}, "properties": {"id": "wreck-harbour-66999", "name": null, "structure_type": "wreck"}}, {"type": "Feature", "geometry": {"type": "Point", "coordinates": [-121.669, 38.17851]}, "properties": {"id": "wreck-harbour-67000", "name": null, "structure_type": "wreck"}}, {"type": "Feature", "geometry": {"type": "Point", "coordinates": [-121.67105, 38.17641]}, "properties": {"id": "wreck-harbour-67001", "name": null, "structure_type": "wreck"}}, {"type": "Feature", "geometry": {"type": "Point", "coordinates": [-121.71067, 38.28163]}, "properties": {"id": "wreck-harbour-67002", "name": null, "structure_type": "wreck"}}, {"type": "Feature", "geometry": {"type": "Point", "coordinates": [-121.58567, 38.32996]}, "properties": {"id": "wreck-harbour-67003", "name": null, "structure_type": "wreck"}}, {"type": "Feature", "geometry": {"type": "Point", "coordinates": [-121.54758, 38.4832]}, "properties": {"id": "wreck-harbour-67004", "name": null, "structure_type": "wreck"}}, {"type": "Feature", "geometry": {"type": "Point", "coordinates": [-121.54955, 38.48588]}, "properties": {"id": "wreck-harbour-67005", "name": null, "structure_type": "wreck"}}, {"type": "Feature", "geometry": {"type": "Point", "coordinates": [-121.51427, 38.60253]}, "properties": {"id": "wreck-harbour-67006", "name": null, "structure_type": "wreck"}}, {"type": "Feature", "geometry": {"type": "Point", "coordinates": [-121.51782, 38.60272]}, "properties": {"id": "wreck-harbour-67007", "name": null, "structure_type": "wreck"}}, {"type": "Feature", "geometry": {"type": "Point", "coordinates": [-121.55712, 38.56727]}, "properties": {"id": "wreck-harbour-67008", "name": null, "structure_type": "wreck"}}, {"type": "Feature", "geometry": {"type": "Point", "coordinates": [-121.55999, 38.5716]}, "properties": {"id": "wreck-harbour-67009", "name": null, "structure_type": "wreck"}}, {"type": "Feature", "geometry": {"type": "Point", "coordinates": [-121.5609, 38.61828]}, "properties": {"id": "wreck-harbour-67010", "name": null, "structure_type": "wreck"}}, {"type": "Feature", "geometry": {"type": "Point", "coordinates": [-121.50902, 38.59866]}, "properties": {"id": "wreck-harbour-67011", "name": null, "structure_type": "wreck"}}, {"type": "Feature", "geometry": {"type": "Point", "coordinates": [-121.5175, 38.60333]}, "properties": {"id": "wreck-harbour-67012", "name": null, "structure_type": "wreck"}}, {"type": "Feature", "geometry": {"type": "Point", "coordinates": [-121.50611, 38.59056]}, "properties": {"id": "wreck-harbour-67013", "name": null, "structure_type": "wreck"}}, {"type": "Feature", "geometry": {"type": "Point", "coordinates": [-117.36728, 32.60836]}, "properties": {"id": "wreck-harbour-67014", "name": null, "structure_type": "wreck"}}, {"type": "Feature", "geometry": {"type": "Point", "coordinates": [-117.25917, 32.55472]}, "properties": {"id": "wreck-harbour-67015", "name": null, "structure_type": "wreck"}}, {"type": "Feature", "geometry": {"type": "Point", "coordinates": [-117.13716, 32.60396]}, "properties": {"id": "wreck-harbour-67016", "name": null, "structure_type": "wreck"}}, {"type": "Feature", "geometry": {"type": "Point", "coordinates": [-117.11409, 32.60964]}, "properties": {"id": "wreck-harbour-67017", "name": null, "structure_type": "wreck"}}, {"type": "Feature", "geometry": {"type": "Point", "coordinates": [-117.10147, 32.61165]}, "properties": {"id": "wreck-harbour-67018", "name": null, "structure_type": "wreck"}}, {"type": "Feature", "geometry": {"type": "Point", "coordinates": [-117.11451, 32.60975]}, "properties": {"id": "wreck-harbour-67019", "name": null, "structure_type": "wreck"}}, {"type": "Feature", "geometry": {"type": "Point", "coordinates": [-117.11563, 32.61149]}, "properties": {"id": "wreck-harbour-67020", "name": null, "structure_type": "wreck"}}, {"type": "Feature", "geometry": {"type": "Point", "coordinates": [-117.22722, 32.67722]}, "properties": {"id": "wreck-harbour-67021", "name": null, "structure_type": "wreck"}}, {"type": "Feature", "geometry": {"type": "Point", "coordinates": [-117.23913, 32.69115]}, "properties": {"id": "wreck-harbour-67022", "name": null, "structure_type": "wreck"}}, {"type": "Feature", "geometry": {"type": "Point", "coordinates": [-117.23422, 32.66336]}, "properties": {"id": "wreck-harbour-67023", "name": null, "structure_type": "wreck"}}, {"type": "Feature", "geometry": {"type": "Point", "coordinates": [-117.22769, 32.66018]}, "properties": {"id": "wreck-harbour-67024", "name": null, "structure_type": "wreck"}}, {"type": "Feature", "geometry": {"type": "Point", "coordinates": [-117.22667, 32.68415]}, "properties": {"id": "wreck-harbour-67025", "name": null, "structure_type": "wreck"}}, {"type": "Feature", "geometry": {"type": "Point", "coordinates": [-117.27082, 32.68343]}, "properties": {"id": "wreck-harbour-67026", "name": null, "structure_type": "wreck"}}, {"type": "Feature", "geometry": {"type": "Point", "coordinates": [-117.24513, 32.66302]}, "properties": {"id": "wreck-harbour-67027", "name": null, "structure_type": "wreck"}}, {"type": "Feature", "geometry": {"type": "Point", "coordinates": [-117.24092, 32.65729]}, "properties": {"id": "wreck-harbour-67028", "name": null, "structure_type": "wreck"}}, {"type": "Feature", "geometry": {"type": "Point", "coordinates": [-117.23913, 32.69047]}, "properties": {"id": "wreck-harbour-67029", "name": null, "structure_type": "wreck"}}, {"type": "Feature", "geometry": {"type": "Point", "coordinates": [-117.22167, 32.63306]}, "properties": {"id": "wreck-harbour-67030", "name": null, "structure_type": "wreck"}}, {"type": "Feature", "geometry": {"type": "Point", "coordinates": [-117.21667, 32.67333]}, "properties": {"id": "wreck-harbour-67031", "name": null, "structure_type": "wreck"}}, {"type": "Feature", "geometry": {"type": "Point", "coordinates": [-117.2225, 32.6825]}, "properties": {"id": "wreck-harbour-67032", "name": null, "structure_type": "wreck"}}, {"type": "Feature", "geometry": {"type": "Point", "coordinates": [-117.21833, 32.67611]}, "properties": {"id": "wreck-harbour-67033", "name": null, "structure_type": "wreck"}}, {"type": "Feature", "geometry": {"type": "Point", "coordinates": [-117.21667, 32.66667]}, "properties": {"id": "wreck-harbour-67034", "name": null, "structure_type": "wreck"}}, {"type": "Feature", "geometry": {"type": "Point", "coordinates": [-117.215, 32.675]}, "properties": {"id": "wreck-harbour-67035", "name": null, "structure_type": "wreck"}}, {"type": "Feature", "geometry": {"type": "Point", "coordinates": [-117.19306, 32.67806]}, "properties": {"id": "wreck-harbour-67036", "name": null, "structure_type": "wreck"}}, {"type": "Feature", "geometry": {"type": "Point", "coordinates": [-117.21833, 32.67333]}, "properties": {"id": "wreck-harbour-67037", "name": null, "structure_type": "wreck"}}, {"type": "Feature", "geometry": {"type": "Point", "coordinates": [-117.20722, 32.66917]}, "properties": {"id": "wreck-harbour-67038", "name": null, "structure_type": "wreck"}}, {"type": "Feature", "geometry": {"type": "Point", "coordinates": [-117.20278, 32.67639]}, "properties": {"id": "wreck-harbour-67039", "name": null, "structure_type": "wreck"}}, {"type": "Feature", "geometry": {"type": "Point", "coordinates": [-117.19167, 32.66333]}, "properties": {"id": "wreck-harbour-67040", "name": null, "structure_type": "wreck"}}, {"type": "Feature", "geometry": {"type": "Point", "coordinates": [-117.21833, 32.66667]}, "properties": {"id": "wreck-harbour-67041", "name": null, "structure_type": "wreck"}}, {"type": "Feature", "geometry": {"type": "Point", "coordinates": [-117.21667, 32.6725]}, "properties": {"id": "wreck-harbour-67042", "name": null, "structure_type": "wreck"}}, {"type": "Feature", "geometry": {"type": "Point", "coordinates": [-117.20508, 32.67667]}, "properties": {"id": "wreck-harbour-67043", "name": null, "structure_type": "wreck"}}, {"type": "Feature", "geometry": {"type": "Point", "coordinates": [-117.2175, 32.66861]}, "properties": {"id": "wreck-harbour-67044", "name": null, "structure_type": "wreck"}}, {"type": "Feature", "geometry": {"type": "Point", "coordinates": [-117.22296, 32.67264]}, "properties": {"id": "wreck-harbour-67045", "name": null, "structure_type": "wreck"}}, {"type": "Feature", "geometry": {"type": "Point", "coordinates": [-117.17321, 32.67425]}, "properties": {"id": "wreck-harbour-67046", "name": null, "structure_type": "wreck"}}, {"type": "Feature", "geometry": {"type": "Point", "coordinates": [-117.21805, 32.67029]}, "properties": {"id": "wreck-harbour-67047", "name": null, "structure_type": "wreck"}}, {"type": "Feature", "geometry": {"type": "Point", "coordinates": [-117.121, 32.64975]}, "properties": {"id": "wreck-harbour-67048", "name": null, "structure_type": "wreck"}}, {"type": "Feature", "geometry": {"type": "Point", "coordinates": [-117.13152, 32.65285]}, "properties": {"id": "wreck-harbour-67049", "name": null, "structure_type": "wreck"}}, {"type": "Feature", "geometry": {"type": "Point", "coordinates": [-117.12712, 32.64631]}, "properties": {"id": "wreck-harbour-67050", "name": null, "structure_type": "wreck"}}, {"type": "Feature", "geometry": {"type": "Point", "coordinates": [-117.11885, 32.65885]}, "properties": {"id": "wreck-harbour-67051", "name": null, "structure_type": "wreck"}}, {"type": "Feature", "geometry": {"type": "Point", "coordinates": [-117.12755, 32.65227]}, "properties": {"id": "wreck-harbour-67052", "name": null, "structure_type": "wreck"}}, {"type": "Feature", "geometry": {"type": "Point", "coordinates": [-117.13053, 32.652]}, "properties": {"id": "wreck-harbour-67053", "name": null, "structure_type": "wreck"}}, {"type": "Feature", "geometry": {"type": "Point", "coordinates": [-117.10877, 32.63025]}, "properties": {"id": "wreck-harbour-67054", "name": null, "structure_type": "wreck"}}, {"type": "Feature", "geometry": {"type": "Point", "coordinates": [-117.10922, 32.62842]}, "properties": {"id": "wreck-harbour-67055", "name": null, "structure_type": "wreck"}}, {"type": "Feature", "geometry": {"type": "Point", "coordinates": [-117.28533, 32.7725]}, "properties": {"id": "wreck-harbour-67056", "name": null, "structure_type": "wreck"}}, {"type": "Feature", "geometry": {"type": "Point", "coordinates": [-117.25694, 32.75861]}, "properties": {"id": "wreck-harbour-67057", "name": null, "structure_type": "wreck"}}, {"type": "Feature", "geometry": {"type": "Point", "coordinates": [-117.23143, 32.70821]}, "properties": {"id": "wreck-harbour-67058", "name": null, "structure_type": "wreck"}}, {"type": "Feature", "geometry": {"type": "Point", "coordinates": [-122.9622, 37.9884]}, "properties": {"id": "wreck-approach-931609", "name": null, "structure_type": "wreck"}}, {"type": "Feature", "geometry": {"type": "Point", "coordinates": [-122.97712, 37.99183]}, "properties": {"id": "wreck-approach-931611", "name": null, "structure_type": "wreck"}}, {"type": "Feature", "geometry": {"type": "Point", "coordinates": [-122.88526, 37.39314]}, "properties": {"id": "wreck-approach-931615", "name": null, "structure_type": "wreck"}}, {"type": "Feature", "geometry": {"type": "Point", "coordinates": [-122.66803, 37.41674]}, "properties": {"id": "wreck-approach-931616", "name": null, "structure_type": "wreck"}}, {"type": "Feature", "geometry": {"type": "Point", "coordinates": [-122.42955, 37.29477]}, "properties": {"id": "wreck-approach-931618", "name": null, "structure_type": "wreck"}}, {"type": "Feature", "geometry": {"type": "Point", "coordinates": [-117.39821, 32.58993]}, "properties": {"id": "wreck-approach-931620", "name": null, "structure_type": "wreck"}}, {"type": "Feature", "geometry": {"type": "Point", "coordinates": [-117.40489, 32.59496]}, "properties": {"id": "wreck-approach-931622", "name": null, "structure_type": "wreck"}}, {"type": "Feature", "geometry": {"type": "Point", "coordinates": [-117.52127, 32.63793]}, "properties": {"id": "wreck-approach-931623", "name": null, "structure_type": "wreck"}}, {"type": "Feature", "geometry": {"type": "Point", "coordinates": [-117.51953, 32.63957]}, "properties": {"id": "wreck-approach-931624", "name": null, "structure_type": "wreck"}}, {"type": "Feature", "geometry": {"type": "Point", "coordinates": [-117.20936, 32.53557]}, "properties": {"id": "wreck-approach-931627", "name": null, "structure_type": "wreck"}}, {"type": "Feature", "geometry": {"type": "Point", "coordinates": [-117.24073, 32.53706]}, "properties": {"id": "wreck-approach-931628", "name": null, "structure_type": "wreck"}}, {"type": "Feature", "geometry": {"type": "Point", "coordinates": [-117.23299, 32.67834]}, "properties": {"id": "wreck-approach-931629", "name": null, "structure_type": "wreck"}}, {"type": "Feature", "geometry": {"type": "Point", "coordinates": [-117.24049, 32.65759]}, "properties": {"id": "wreck-approach-931631", "name": null, "structure_type": "wreck"}}, {"type": "Feature", "geometry": {"type": "Point", "coordinates": [-117.27134, 32.68233]}, "properties": {"id": "wreck-approach-931632", "name": null, "structure_type": "wreck"}}, {"type": "Feature", "geometry": {"type": "Point", "coordinates": [-117.24473, 32.66299]}, "properties": {"id": "wreck-approach-931639", "name": null, "structure_type": "wreck"}}, {"type": "Feature", "geometry": {"type": "Point", "coordinates": [-117.1748, 32.67373]}, "properties": {"id": "wreck-approach-931641", "name": null, "structure_type": "wreck"}}, {"type": "Feature", "geometry": {"type": "Point", "coordinates": [-117.23554, 32.6815]}, "properties": {"id": "wreck-approach-931642", "name": null, "structure_type": "wreck"}}, {"type": "Feature", "geometry": {"type": "Point", "coordinates": [-117.22762, 32.49351]}, "properties": {"id": "wreck-approach-931643", "name": null, "structure_type": "wreck"}}, {"type": "Feature", "geometry": {"type": "Point", "coordinates": [-117.40829, 33.20256]}, "properties": {"id": "wreck-approach-931665", "name": null, "structure_type": "wreck"}}, {"type": "Feature", "geometry": {"type": "Point", "coordinates": [-117.28775, 33.00678]}, "properties": {"id": "wreck-approach-931666", "name": null, "structure_type": "wreck"}}, {"type": "Feature", "geometry": {"type": "Point", "coordinates": [-118.50328, 33.43423]}, "properties": {"id": "wreck-approach-931671", "name": null, "structure_type": "wreck"}}, {"type": "Feature", "geometry": {"type": "Point", "coordinates": [-118.50367, 33.43198]}, "properties": {"id": "wreck-approach-931672", "name": null, "structure_type": "wreck"}}, {"type": "Feature", "geometry": {"type": "Point", "coordinates": [-118.52816, 33.54799]}, "properties": {"id": "wreck-approach-931673", "name": "Chovie Clipper", "structure_type": "wreck"}}, {"type": "Feature", "geometry": {"type": "Point", "coordinates": [-118.24699, 33.44944]}, "properties": {"id": "wreck-approach-931675", "name": null, "structure_type": "wreck"}}, {"type": "Feature", "geometry": {"type": "Point", "coordinates": [-118.28419, 33.59972]}, "properties": {"id": "wreck-approach-931676", "name": null, "structure_type": "wreck"}}, {"type": "Feature", "geometry": {"type": "Point", "coordinates": [-118.26522, 33.59656]}, "properties": {"id": "wreck-approach-931679", "name": null, "structure_type": "wreck"}}, {"type": "Feature", "geometry": {"type": "Point", "coordinates": [-118.21702, 33.5418]}, "properties": {"id": "wreck-approach-931680", "name": null, "structure_type": "wreck"}}, {"type": "Feature", "geometry": {"type": "Point", "coordinates": [-118.05, 33.4005]}, "properties": {"id": "wreck-approach-931681", "name": "Golden Devil", "structure_type": "wreck"}}, {"type": "Feature", "geometry": {"type": "Point", "coordinates": [-118.0, 33.35]}, "properties": {"id": "wreck-approach-931682", "name": "Jennifer T", "structure_type": "wreck"}}, {"type": "Feature", "geometry": {"type": "Point", "coordinates": [-117.99986, 33.33202]}, "properties": {"id": "wreck-approach-931683", "name": "Reuben E.Lee", "structure_type": "wreck"}}, {"type": "Feature", "geometry": {"type": "Point", "coordinates": [-117.97833, 33.33667]}, "properties": {"id": "wreck-approach-931684", "name": "Unity", "structure_type": "wreck"}}, {"type": "Feature", "geometry": {"type": "Point", "coordinates": [-117.98773, 33.35333]}, "properties": {"id": "wreck-approach-931685", "name": "Renegade", "structure_type": "wreck"}}, {"type": "Feature", "geometry": {"type": "Point", "coordinates": [-117.74985, 33.36664]}, "properties": {"id": "wreck-approach-931686", "name": null, "structure_type": "wreck"}}, {"type": "Feature", "geometry": {"type": "Point", "coordinates": [-117.83476, 33.34667]}, "properties": {"id": "wreck-approach-931687", "name": null, "structure_type": "wreck"}}, {"type": "Feature", "geometry": {"type": "Point", "coordinates": [-120.58152, 33.82406]}, "properties": {"id": "wreck-approach-931688", "name": null, "structure_type": "wreck"}}, {"type": "Feature", "geometry": {"type": "Point", "coordinates": [-118.83288, 33.66652]}, "properties": {"id": "wreck-approach-931689", "name": null, "structure_type": "wreck"}}, {"type": "Feature", "geometry": {"type": "Point", "coordinates": [-117.99821, 33.62497]}, "properties": {"id": "wreck-approach-931709", "name": null, "structure_type": "wreck"}}, {"type": "Feature", "geometry": {"type": "Point", "coordinates": [-118.03763, 33.64739]}, "properties": {"id": "wreck-approach-931711", "name": null, "structure_type": "wreck"}}, {"type": "Feature", "geometry": {"type": "Point", "coordinates": [-118.04749, 33.65218]}, "properties": {"id": "wreck-approach-931712", "name": null, "structure_type": "wreck"}}, {"type": "Feature", "geometry": {"type": "Point", "coordinates": [-119.09106, 34.09647]}, "properties": {"id": "wreck-approach-931727", "name": null, "structure_type": "wreck"}}, {"type": "Feature", "geometry": {"type": "Point", "coordinates": [-120.85599, 34.35203]}, "properties": {"id": "wreck-approach-931731", "name": "Nash", "structure_type": "wreck"}}, {"type": "Feature", "geometry": {"type": "Point", "coordinates": [-120.44719, 34.44514]}, "properties": {"id": "wreck-approach-931732", "name": null, "structure_type": "wreck"}}, {"type": "Feature", "geometry": {"type": "Point", "coordinates": [-120.39011, 34.43548]}, "properties": {"id": "wreck-approach-931733", "name": null, "structure_type": "wreck"}}, {"type": "Feature", "geometry": {"type": "Point", "coordinates": [-120.02075, 34.44632]}, "properties": {"id": "wreck-approach-931734", "name": null, "structure_type": "wreck"}}, {"type": "Feature", "geometry": {"type": "Point", "coordinates": [-119.88564, 34.38361]}, "properties": {"id": "wreck-approach-931735", "name": null, "structure_type": "wreck"}}, {"type": "Feature", "geometry": {"type": "Point", "coordinates": [-120.64744, 34.60326]}, "properties": {"id": "wreck-approach-931742", "name": null, "structure_type": "wreck"}}, {"type": "Feature", "geometry": {"type": "Point", "coordinates": [-122.41974, 37.18338]}, "properties": {"id": "wreck-approach-931757", "name": null, "structure_type": "wreck"}}, {"type": "Feature", "geometry": {"type": "Point", "coordinates": [-122.31133, 37.10805]}, "properties": {"id": "wreck-approach-931758", "name": null, "structure_type": "wreck"}}, {"type": "Feature", "geometry": {"type": "Point", "coordinates": [-122.79415, 37.67265]}, "properties": {"id": "wreck-approach-931759", "name": null, "structure_type": "wreck"}}, {"type": "Feature", "geometry": {"type": "Point", "coordinates": [-122.94438, 37.66991]}, "properties": {"id": "wreck-approach-931760", "name": null, "structure_type": "wreck"}}, {"type": "Feature", "geometry": {"type": "Point", "coordinates": [-122.87938, 37.50099]}, "properties": {"id": "wreck-approach-931761", "name": null, "structure_type": "wreck"}}, {"type": "Feature", "geometry": {"type": "Point", "coordinates": [-122.62576, 37.61682]}, "properties": {"id": "wreck-approach-931765", "name": null, "structure_type": "wreck"}}, {"type": "Feature", "geometry": {"type": "Point", "coordinates": [-122.14589, 38.02254]}, "properties": {"id": "wreck-approach-931837", "name": null, "structure_type": "wreck"}}, {"type": "Feature", "geometry": {"type": "Point", "coordinates": [-122.16289, 38.04759]}, "properties": {"id": "wreck-approach-931838", "name": null, "structure_type": "wreck"}}, {"type": "Feature", "geometry": {"type": "Point", "coordinates": [-122.17474, 38.05956]}, "properties": {"id": "wreck-approach-931839", "name": null, "structure_type": "wreck"}}, {"type": "Feature", "geometry": {"type": "Point", "coordinates": [-122.23161, 38.06777]}, "properties": {"id": "wreck-approach-931840", "name": null, "structure_type": "wreck"}}, {"type": "Feature", "geometry": {"type": "Point", "coordinates": [-122.18824, 38.06762]}, "properties": {"id": "wreck-approach-931841", "name": null, "structure_type": "wreck"}}, {"type": "Feature", "geometry": {"type": "Point", "coordinates": [-122.19006, 38.06697]}, "properties": {"id": "wreck-approach-931842", "name": null, "structure_type": "wreck"}}, {"type": "Feature", "geometry": {"type": "Point", "coordinates": [-122.12523, 38.03359]}, "properties": {"id": "wreck-approach-931844", "name": null, "structure_type": "wreck"}}, {"type": "Feature", "geometry": {"type": "Point", "coordinates": [-122.0401, 38.09479]}, "properties": {"id": "wreck-approach-931858", "name": null, "structure_type": "wreck"}}, {"type": "Feature", "geometry": {"type": "Point", "coordinates": [-121.87651, 38.05878]}, "properties": {"id": "wreck-approach-931860", "name": null, "structure_type": "wreck"}}, {"type": "Feature", "geometry": {"type": "Point", "coordinates": [-121.80711, 38.02338]}, "properties": {"id": "wreck-approach-931892", "name": null, "structure_type": "wreck"}}, {"type": "Feature", "geometry": {"type": "Point", "coordinates": [-123.07796, 38.33335]}, "properties": {"id": "wreck-approach-931949", "name": null, "structure_type": "wreck"}}, {"type": "Feature", "geometry": {"type": "Point", "coordinates": [-123.08333, 38.34988]}, "properties": {"id": "wreck-approach-931952", "name": null, "structure_type": "wreck"}}, {"type": "Feature", "geometry": {"type": "Point", "coordinates": [-122.60281, 38.22067]}, "properties": {"id": "wreck-approach-931955", "name": null, "structure_type": "wreck"}}, {"type": "Feature", "geometry": {"type": "Point", "coordinates": [-122.60929, 38.22588]}, "properties": {"id": "wreck-approach-931956", "name": null, "structure_type": "wreck"}}, {"type": "Feature", "geometry": {"type": "Point", "coordinates": [-122.62528, 38.23065]}, "properties": {"id": "wreck-approach-931957", "name": null, "structure_type": "wreck"}}, {"type": "Feature", "geometry": {"type": "Point", "coordinates": [-122.61972, 38.22861]}, "properties": {"id": "wreck-approach-931958", "name": null, "structure_type": "wreck"}}, {"type": "Feature", "geometry": {"type": "Point", "coordinates": [-122.29278, 38.23194]}, "properties": {"id": "wreck-approach-931960", "name": null, "structure_type": "wreck"}}, {"type": "Feature", "geometry": {"type": "Point", "coordinates": [-122.37552, 38.20577]}, "properties": {"id": "wreck-approach-931961", "name": null, "structure_type": "wreck"}}, {"type": "Feature", "geometry": {"type": "Point", "coordinates": [-121.60894, 38.21093]}, "properties": {"id": "wreck-approach-931973", "name": null, "structure_type": "wreck"}}, {"type": "Feature", "geometry": {"type": "Point", "coordinates": [-121.61037, 38.20566]}, "properties": {"id": "wreck-approach-931978", "name": null, "structure_type": "wreck"}}, {"type": "Feature", "geometry": {"type": "Point", "coordinates": [-121.55736, 38.23835]}, "properties": {"id": "wreck-approach-931980", "name": null, "structure_type": "wreck"}}, {"type": "Feature", "geometry": {"type": "Point", "coordinates": [-121.49211, 38.16526]}, "properties": {"id": "wreck-approach-931984", "name": null, "structure_type": "wreck"}}, {"type": "Feature", "geometry": {"type": "Point", "coordinates": [-123.18397, 38.47797]}, "properties": {"id": "wreck-approach-931986", "name": null, "structure_type": "wreck"}}, {"type": "Feature", "geometry": {"type": "Point", "coordinates": [-123.70829, 38.98865]}, "properties": {"id": "wreck-approach-931990", "name": null, "structure_type": "wreck"}}, {"type": "Feature", "geometry": {"type": "Point", "coordinates": [-119.99552, 38.9461]}, "properties": {"id": "wreck-approach-931991", "name": null, "structure_type": "wreck"}}, {"type": "Feature", "geometry": {"type": "Point", "coordinates": [-123.73386, 39.06657]}, "properties": {"id": "wreck-approach-931992", "name": null, "structure_type": "wreck"}}, {"type": "Feature", "geometry": {"type": "Point", "coordinates": [-123.78502, 39.53784]}, "properties": {"id": "wreck-approach-931993", "name": null, "structure_type": "wreck"}}, {"type": "Feature", "geometry": {"type": "Point", "coordinates": [-124.47562, 40.77481]}, "properties": {"id": "wreck-approach-931995", "name": null, "structure_type": "wreck"}}, {"type": "Feature", "geometry": {"type": "Point", "coordinates": [-124.29442, 41.54803]}, "properties": {"id": "wreck-approach-931999", "name": null, "structure_type": "wreck"}}, {"type": "Feature", "geometry": {"type": "Point", "coordinates": [-118.42993, 33.77289]}, "properties": {"id": "wreck-approach-932033", "name": null, "structure_type": "wreck"}}, {"type": "Feature", "geometry": {"type": "Point", "coordinates": [-117.17368, 32.67437]}, "properties": {"id": "wreck-approach-932044", "name": null, "structure_type": "wreck"}}, {"type": "Feature", "geometry": {"type": "Point", "coordinates": [-122.55053, 37.78114]}, "properties": {"id": "wreck-coastal-599875", "name": null, "structure_type": "wreck"}}, {"type": "Feature", "geometry": {"type": "Point", "coordinates": [-123.05024, 38.00067]}, "properties": {"id": "wreck-coastal-599877", "name": null, "structure_type": "wreck"}}, {"type": "Feature", "geometry": {"type": "Point", "coordinates": [-123.00071, 38.27869]}, "properties": {"id": "wreck-coastal-599878", "name": null, "structure_type": "wreck"}}, {"type": "Feature", "geometry": {"type": "Point", "coordinates": [-122.65709, 37.74258]}, "properties": {"id": "wreck-coastal-599879", "name": null, "structure_type": "wreck"}}, {"type": "Feature", "geometry": {"type": "Point", "coordinates": [-122.5542, 37.78951]}, "properties": {"id": "wreck-coastal-599880", "name": null, "structure_type": "wreck"}}, {"type": "Feature", "geometry": {"type": "Point", "coordinates": [-122.97057, 37.98676]}, "properties": {"id": "wreck-coastal-599881", "name": null, "structure_type": "wreck"}}, {"type": "Feature", "geometry": {"type": "Point", "coordinates": [-122.96101, 37.98776]}, "properties": {"id": "wreck-coastal-599882", "name": null, "structure_type": "wreck"}}, {"type": "Feature", "geometry": {"type": "Point", "coordinates": [-122.65796, 37.78694]}, "properties": {"id": "wreck-coastal-599887", "name": null, "structure_type": "wreck"}}, {"type": "Feature", "geometry": {"type": "Point", "coordinates": [-122.58827, 37.79236]}, "properties": {"id": "wreck-coastal-599888", "name": null, "structure_type": "wreck"}}, {"type": "Feature", "geometry": {"type": "Point", "coordinates": [-122.51239, 37.78709]}, "properties": {"id": "wreck-coastal-599889", "name": null, "structure_type": "wreck"}}, {"type": "Feature", "geometry": {"type": "Point", "coordinates": [-122.94412, 37.66841]}, "properties": {"id": "wreck-coastal-599891", "name": null, "structure_type": "wreck"}}, {"type": "Feature", "geometry": {"type": "Point", "coordinates": [-122.62532, 37.61677]}, "properties": {"id": "wreck-coastal-599892", "name": null, "structure_type": "wreck"}}, {"type": "Feature", "geometry": {"type": "Point", "coordinates": [-124.20014, 40.81374]}, "properties": {"id": "wreck-coastal-599894", "name": null, "structure_type": "wreck"}}, {"type": "Feature", "geometry": {"type": "Point", "coordinates": [-120.10002, 33.2926]}, "properties": {"id": "wreck-coastal-599898", "name": null, "structure_type": "wreck"}}, {"type": "Feature", "geometry": {"type": "Point", "coordinates": [-120.0224, 34.44751]}, "properties": {"id": "wreck-coastal-599900", "name": null, "structure_type": "wreck"}}, {"type": "Feature", "geometry": {"type": "Point", "coordinates": [-120.13857, 33.9023]}, "properties": {"id": "wreck-coastal-599901", "name": null, "structure_type": "wreck"}}, {"type": "Feature", "geometry": {"type": "Point", "coordinates": [-119.2233, 34.1277]}, "properties": {"id": "wreck-coastal-599907", "name": null, "structure_type": "wreck"}}, {"type": "Feature", "geometry": {"type": "Point", "coordinates": [-119.68438, 34.38292]}, "properties": {"id": "wreck-coastal-599908", "name": null, "structure_type": "wreck"}}, {"type": "Feature", "geometry": {"type": "Point", "coordinates": [-119.29597, 34.13351]}, "properties": {"id": "wreck-coastal-599914", "name": null, "structure_type": "wreck"}}, {"type": "Feature", "geometry": {"type": "Point", "coordinates": [-119.26552, 34.16577]}, "properties": {"id": "wreck-coastal-599915", "name": null, "structure_type": "wreck"}}, {"type": "Feature", "geometry": {"type": "Point", "coordinates": [-119.36404, 34.29497]}, "properties": {"id": "wreck-coastal-599916", "name": null, "structure_type": "wreck"}}, {"type": "Feature", "geometry": {"type": "Point", "coordinates": [-119.29041, 34.13606]}, "properties": {"id": "wreck-coastal-599917", "name": null, "structure_type": "wreck"}}, {"type": "Feature", "geometry": {"type": "Point", "coordinates": [-119.27928, 34.21816]}, "properties": {"id": "wreck-coastal-599918", "name": null, "structure_type": "wreck"}}, {"type": "Feature", "geometry": {"type": "Point", "coordinates": [-118.33289, 33.69805]}, "properties": {"id": "wreck-coastal-599926", "name": null, "structure_type": "wreck"}}, {"type": "Feature", "geometry": {"type": "Point", "coordinates": [-118.42315, 33.81735]}, "properties": {"id": "wreck-coastal-599927", "name": null, "structure_type": "wreck"}}, {"type": "Feature", "geometry": {"type": "Point", "coordinates": [-118.41773, 33.79222]}, "properties": {"id": "wreck-coastal-599929", "name": null, "structure_type": "wreck"}}, {"type": "Feature", "geometry": {"type": "Point", "coordinates": [-118.31338, 33.6986]}, "properties": {"id": "wreck-coastal-599931", "name": null, "structure_type": "wreck"}}, {"type": "Feature", "geometry": {"type": "Point", "coordinates": [-117.99928, 33.62562]}, "properties": {"id": "wreck-coastal-599932", "name": null, "structure_type": "wreck"}}, {"type": "Feature", "geometry": {"type": "Point", "coordinates": [-118.48557, 33.97775]}, "properties": {"id": "wreck-coastal-599934", "name": null, "structure_type": "wreck"}}, {"type": "Feature", "geometry": {"type": "Point", "coordinates": [-120.75136, 35.16162]}, "properties": {"id": "wreck-coastal-599946", "name": null, "structure_type": "wreck"}}, {"type": "Feature", "geometry": {"type": "Point", "coordinates": [-120.85415, 35.1452]}, "properties": {"id": "wreck-coastal-599947", "name": null, "structure_type": "wreck"}}, {"type": "Feature", "geometry": {"type": "Point", "coordinates": [-120.72613, 35.09038]}, "properties": {"id": "wreck-coastal-599948", "name": null, "structure_type": "wreck"}}, {"type": "Feature", "geometry": {"type": "Point", "coordinates": [-121.95629, 36.65946]}, "properties": {"id": "wreck-coastal-599950", "name": null, "structure_type": "wreck"}}, {"type": "Feature", "geometry": {"type": "Point", "coordinates": [-118.83221, 33.2426]}, "properties": {"id": "wreck-coastal-599996", "name": null, "structure_type": "wreck"}}, {"type": "Feature", "geometry": {"type": "Point", "coordinates": [-119.82167, 33.46]}, "properties": {"id": "wreck-coastal-599997", "name": null, "structure_type": "wreck"}}, {"type": "Feature", "geometry": {"type": "Point", "coordinates": [-117.41335, 33.20401]}, "properties": {"id": "wreck-coastal-600001", "name": null, "structure_type": "wreck"}}, {"type": "Feature", "geometry": {"type": "Point", "coordinates": [-117.27304, 32.68397]}, "properties": {"id": "wreck-coastal-600002", "name": null, "structure_type": "wreck"}}, {"type": "Feature", "geometry": {"type": "Point", "coordinates": [-117.13892, 32.60332]}, "properties": {"id": "wreck-coastal-600003", "name": null, "structure_type": "wreck"}}, {"type": "Feature", "geometry": {"type": "Point", "coordinates": [-119.12614, 32.45145]}, "properties": {"id": "wreck-coastal-600004", "name": null, "structure_type": "wreck"}}, {"type": "Feature", "geometry": {"type": "Point", "coordinates": [-117.24074, 32.53521]}, "properties": {"id": "wreck-coastal-600011", "name": null, "structure_type": "wreck"}}, {"type": "Feature", "geometry": {"type": "Point", "coordinates": [-117.82746, 33.34134]}, "properties": {"id": "wreck-coastal-600012", "name": null, "structure_type": "wreck"}}, {"type": "Feature", "geometry": {"type": "Point", "coordinates": [-117.23946, 32.65579]}, "properties": {"id": "wreck-coastal-600015", "name": null, "structure_type": "wreck"}}, {"type": "Feature", "geometry": {"type": "Point", "coordinates": [-118.58619, 33.03539]}, "properties": {"id": "wreck-coastal-600016", "name": null, "structure_type": "wreck"}}, {"type": "Feature", "geometry": {"type": "Point", "coordinates": [-118.28392, 33.59909]}, "properties": {"id": "wreck-coastal-600017", "name": null, "structure_type": "wreck"}}, {"type": "Feature", "geometry": {"type": "Point", "coordinates": [-117.39812, 32.59029]}, "properties": {"id": "wreck-coastal-600019", "name": null, "structure_type": "wreck"}}, {"type": "Feature", "geometry": {"type": "Point", "coordinates": [-117.36771, 32.60866]}, "properties": {"id": "wreck-coastal-600020", "name": null, "structure_type": "wreck"}}, {"type": "Feature", "geometry": {"type": "Point", "coordinates": [-117.23399, 32.66374]}, "properties": {"id": "wreck-coastal-600021", "name": null, "structure_type": "wreck"}}, {"type": "Feature", "geometry": {"type": "Point", "coordinates": [-117.17511, 32.67428]}, "properties": {"id": "wreck-coastal-600024", "name": null, "structure_type": "wreck"}}, {"type": "Feature", "geometry": {"type": "Point", "coordinates": [-117.27622, 32.78647]}, "properties": {"id": "wreck-coastal-600032", "name": null, "structure_type": "wreck"}}, {"type": "Feature", "geometry": {"type": "Point", "coordinates": [-117.24544, 32.66228]}, "properties": {"id": "wreck-coastal-600034", "name": null, "structure_type": "wreck"}}, {"type": "Feature", "geometry": {"type": "Point", "coordinates": [-117.20875, 32.53673]}, "properties": {"id": "wreck-coastal-600036", "name": null, "structure_type": "wreck"}}, {"type": "Feature", "geometry": {"type": "Point", "coordinates": [-124.91536, 42.03551]}, "properties": {"id": "wreck-coastal-602648", "name": null, "structure_type": "wreck"}}, {"type": "Feature", "geometry": {"type": "Point", "coordinates": [-124.43452, 42.41732]}, "properties": {"id": "wreck-coastal-602649", "name": null, "structure_type": "wreck"}}, {"type": "Feature", "geometry": {"type": "Point", "coordinates": [-124.26939, 42.03092]}, "properties": {"id": "wreck-coastal-602650", "name": null, "structure_type": "wreck"}}, {"type": "Feature", "geometry": {"type": "Point", "coordinates": [-122.11686, 37.47674]}, "properties": {"id": "obstruction-harbour-282400", "name": null, "structure_type": "obstruction"}}, {"type": "Feature", "geometry": {"type": "Point", "coordinates": [-122.09958, 37.47036]}, "properties": {"id": "obstruction-harbour-282401", "name": null, "structure_type": "obstruction"}}, {"type": "Feature", "geometry": {"type": "Point", "coordinates": [-122.11104, 37.50765]}, "properties": {"id": "obstruction-harbour-282402", "name": null, "structure_type": "obstruction"}}, {"type": "Feature", "geometry": {"type": "Point", "coordinates": [-122.11769, 37.47792]}, "properties": {"id": "obstruction-harbour-282403", "name": null, "structure_type": "obstruction"}}, {"type": "Feature", "geometry": {"type": "Point", "coordinates": [-122.05158, 37.45978]}, "properties": {"id": "obstruction-harbour-282404", "name": null, "structure_type": "obstruction"}}, {"type": "Feature", "geometry": {"type": "Point", "coordinates": [-122.0979, 37.46751]}, "properties": {"id": "obstruction-harbour-282405", "name": null, "structure_type": "obstruction"}}, {"type": "Feature", "geometry": {"type": "Point", "coordinates": [-122.09827, 37.46635]}, "properties": {"id": "obstruction-harbour-282406", "name": null, "structure_type": "obstruction"}}, {"type": "Feature", "geometry": {"type": "Point", "coordinates": [-122.10447, 37.47283]}, "properties": {"id": "obstruction-harbour-282407", "name": null, "structure_type": "obstruction"}}, {"type": "Feature", "geometry": {"type": "Point", "coordinates": [-122.10664, 37.47338]}, "properties": {"id": "obstruction-harbour-282408", "name": null, "structure_type": "obstruction"}}, {"type": "Feature", "geometry": {"type": "Point", "coordinates": [-122.11732, 37.47715]}, "properties": {"id": "obstruction-harbour-282410", "name": null, "structure_type": "obstruction"}}, {"type": "Feature", "geometry": {"type": "Point", "coordinates": [-122.09171, 37.4975]}, "properties": {"id": "obstruction-harbour-282411", "name": null, "structure_type": "obstruction"}}, {"type": "Feature", "geometry": {"type": "Point", "coordinates": [-122.09789, 37.46933]}, "properties": {"id": "obstruction-harbour-282412", "name": null, "structure_type": "obstruction"}}, {"type": "Feature", "geometry": {"type": "Point", "coordinates": [-122.11793, 37.49825]}, "properties": {"id": "obstruction-harbour-282413", "name": null, "structure_type": "obstruction"}}, {"type": "Feature", "geometry": {"type": "Point", "coordinates": [-122.11795, 37.4802]}, "properties": {"id": "obstruction-harbour-282414", "name": null, "structure_type": "obstruction"}}, {"type": "Feature", "geometry": {"type": "Point", "coordinates": [-122.09776, 37.4666]}, "properties": {"id": "obstruction-harbour-282415", "name": null, "structure_type": "obstruction"}}, {"type": "Feature", "geometry": {"type": "Point", "coordinates": [-122.0982, 37.46896]}, "properties": {"id": "obstruction-harbour-282416", "name": null, "structure_type": "obstruction"}}, {"type": "Feature", "geometry": {"type": "Point", "coordinates": [-122.09852, 37.46497]}, "properties": {"id": "obstruction-harbour-282417", "name": null, "structure_type": "obstruction"}}, {"type": "Feature", "geometry": {"type": "Point", "coordinates": [-122.09897, 37.46407]}, "properties": {"id": "obstruction-harbour-282418", "name": null, "structure_type": "obstruction"}}, {"type": "Feature", "geometry": {"type": "Point", "coordinates": [-122.1062, 37.47335]}, "properties": {"id": "obstruction-harbour-282419", "name": null, "structure_type": "obstruction"}}, {"type": "Feature", "geometry": {"type": "Point", "coordinates": [-122.11754, 37.47755]}, "properties": {"id": "obstruction-harbour-282420", "name": null, "structure_type": "obstruction"}}, {"type": "Feature", "geometry": {"type": "Point", "coordinates": [-122.11808, 37.48072]}, "properties": {"id": "obstruction-harbour-282421", "name": null, "structure_type": "obstruction"}}, {"type": "Feature", "geometry": {"type": "Point", "coordinates": [-122.14797, 37.59845]}, "properties": {"id": "obstruction-harbour-282422", "name": null, "structure_type": "obstruction"}}, {"type": "Feature", "geometry": {"type": "Point", "coordinates": [-122.09197, 37.49547]}, "properties": {"id": "obstruction-harbour-282423", "name": null, "structure_type": "obstruction"}}, {"type": "Feature", "geometry": {"type": "Point", "coordinates": [-122.10276, 37.47165]}, "properties": {"id": "obstruction-harbour-282425", "name": null, "structure_type": "obstruction"}}, {"type": "Feature", "geometry": {"type": "Point", "coordinates": [-122.10485, 37.47305]}, "properties": {"id": "obstruction-harbour-282426", "name": null, "structure_type": "obstruction"}}, {"type": "Feature", "geometry": {"type": "Point", "coordinates": [-122.10766, 37.50098]}, "properties": {"id": "obstruction-harbour-282427", "name": null, "structure_type": "obstruction"}}, {"type": "Feature", "geometry": {"type": "Point", "coordinates": [-122.11445, 37.46843]}, "properties": {"id": "obstruction-harbour-282428", "name": null, "structure_type": "obstruction"}}, {"type": "Feature", "geometry": {"type": "Point", "coordinates": [-122.11763, 37.47841]}, "properties": {"id": "obstruction-harbour-282429", "name": null, "structure_type": "obstruction"}}, {"type": "Feature", "geometry": {"type": "Point", "coordinates": [-122.1185, 37.47794]}, "properties": {"id": "obstruction-harbour-282430", "name": null, "structure_type": "obstruction"}}, {"type": "Feature", "geometry": {"type": "Point", "coordinates": [-122.16392, 37.60573]}, "properties": {"id": "obstruction-harbour-282431", "name": null, "structure_type": "obstruction"}}, {"type": "Feature", "geometry": {"type": "Point", "coordinates": [-122.09792, 37.46609]}, "properties": {"id": "obstruction-harbour-282432", "name": null, "structure_type": "obstruction"}}, {"type": "Feature", "geometry": {"type": "Point", "coordinates": [-122.10005, 37.47064]}, "properties": {"id": "obstruction-harbour-282433", "name": null, "structure_type": "obstruction"}}, {"type": "Feature", "geometry": {"type": "Point", "coordinates": [-122.10928, 37.47426]}, "properties": {"id": "obstruction-harbour-282434", "name": null, "structure_type": "obstruction"}}, {"type": "Feature", "geometry": {"type": "Point", "coordinates": [-122.1162, 37.49239]}, "properties": {"id": "obstruction-harbour-282435", "name": null, "structure_type": "obstruction"}}, {"type": "Feature", "geometry": {"type": "Point", "coordinates": [-122.09992, 37.47005]}, "properties": {"id": "obstruction-harbour-282436", "name": null, "structure_type": "obstruction"}}, {"type": "Feature", "geometry": {"type": "Point", "coordinates": [-122.111, 37.5082]}, "properties": {"id": "obstruction-harbour-282437", "name": null, "structure_type": "obstruction"}}, {"type": "Feature", "geometry": {"type": "Point", "coordinates": [-122.11587, 37.47608]}, "properties": {"id": "obstruction-harbour-282438", "name": null, "structure_type": "obstruction"}}, {"type": "Feature", "geometry": {"type": "Point", "coordinates": [-122.11741, 37.49747]}, "properties": {"id": "obstruction-harbour-282439", "name": null, "structure_type": "obstruction"}}, {"type": "Feature", "geometry": {"type": "Point", "coordinates": [-122.11762, 37.47945]}, "properties": {"id": "obstruction-harbour-282440", "name": null, "structure_type": "obstruction"}}, {"type": "Feature", "geometry": {"type": "Point", "coordinates": [-122.11856, 37.47916]}, "properties": {"id": "obstruction-harbour-282441", "name": null, "structure_type": "obstruction"}}, {"type": "Feature", "geometry": {"type": "Point", "coordinates": [-122.11513, 37.47525]}, "properties": {"id": "obstruction-harbour-282442", "name": null, "structure_type": "obstruction"}}, {"type": "Feature", "geometry": {"type": "Point", "coordinates": [-122.11167, 37.47449]}, "properties": {"id": "obstruction-harbour-282443", "name": null, "structure_type": "obstruction"}}, {"type": "Feature", "geometry": {"type": "Point", "coordinates": [-122.09778, 37.46887]}, "properties": {"id": "obstruction-harbour-282444", "name": null, "structure_type": "obstruction"}}, {"type": "Feature", "geometry": {"type": "Point", "coordinates": [-118.4297, 32.80639]}, "properties": {"id": "obstruction-harbour-282445", "name": null, "structure_type": "obstruction"}}, {"type": "Feature", "geometry": {"type": "Point", "coordinates": [-118.42669, 32.79917]}, "properties": {"id": "obstruction-harbour-282446", "name": null, "structure_type": "obstruction"}}, {"type": "Feature", "geometry": {"type": "Point", "coordinates": [-118.36024, 32.81888]}, "properties": {"id": "obstruction-harbour-282447", "name": null, "structure_type": "obstruction"}}, {"type": "Feature", "geometry": {"type": "Point", "coordinates": [-118.36914, 32.84159]}, "properties": {"id": "obstruction-harbour-282448", "name": null, "structure_type": "obstruction"}}, {"type": "Feature", "geometry": {"type": "Point", "coordinates": [-118.34832, 32.8199]}, "properties": {"id": "obstruction-harbour-282449", "name": null, "structure_type": "obstruction"}}, {"type": "Feature", "geometry": {"type": "Point", "coordinates": [-118.51952, 32.9911]}, "properties": {"id": "obstruction-harbour-282450", "name": null, "structure_type": "obstruction"}}, {"type": "Feature", "geometry": {"type": "Point", "coordinates": [-118.52301, 32.99939]}, "properties": {"id": "obstruction-harbour-282451", "name": null, "structure_type": "obstruction"}}, {"type": "Feature", "geometry": {"type": "Point", "coordinates": [-118.58799, 33.03013]}, "properties": {"id": "obstruction-harbour-282452", "name": null, "structure_type": "obstruction"}}, {"type": "Feature", "geometry": {"type": "Point", "coordinates": [-118.5626, 33.02108]}, "properties": {"id": "obstruction-harbour-282453", "name": null, "structure_type": "obstruction"}}, {"type": "Feature", "geometry": {"type": "Point", "coordinates": [-118.53047, 33.00977]}, "properties": {"id": "obstruction-harbour-282454", "name": null, "structure_type": "obstruction"}}, {"type": "Feature", "geometry": {"type": "Point", "coordinates": [-118.30911, 33.33461]}, "properties": {"id": "obstruction-harbour-282455", "name": null, "structure_type": "obstruction"}}, {"type": "Feature", "geometry": {"type": "Point", "coordinates": [-118.49527, 33.44145]}, "properties": {"id": "obstruction-harbour-282456", "name": null, "structure_type": "obstruction"}}, {"type": "Feature", "geometry": {"type": "Point", "coordinates": [-117.87777, 33.59111]}, "properties": {"id": "obstruction-harbour-282457", "name": null, "structure_type": "obstruction"}}, {"type": "Feature", "geometry": {"type": "Point", "coordinates": [-117.92325, 33.60885]}, "properties": {"id": "obstruction-harbour-282458", "name": null, "structure_type": "obstruction"}}, {"type": "Feature", "geometry": {"type": "Point", "coordinates": [-117.90308, 33.61824]}, "properties": {"id": "obstruction-harbour-282459", "name": null, "structure_type": "obstruction"}}, {"type": "Feature", "geometry": {"type": "Point", "coordinates": [-117.90874, 33.60999]}, "properties": {"id": "obstruction-harbour-282460", "name": null, "structure_type": "obstruction"}}, {"type": "Feature", "geometry": {"type": "Point", "coordinates": [-117.90241, 33.62073]}, "properties": {"id": "obstruction-harbour-282461", "name": null, "structure_type": "obstruction"}}, {"type": "Feature", "geometry": {"type": "Point", "coordinates": [-117.92407, 33.60896]}, "properties": {"id": "obstruction-harbour-282462", "name": null, "structure_type": "obstruction"}}, {"type": "Feature", "geometry": {"type": "Point", "coordinates": [-117.90395, 33.61785]}, "properties": {"id": "obstruction-harbour-282463", "name": null, "structure_type": "obstruction"}}, {"type": "Feature", "geometry": {"type": "Point", "coordinates": [-117.90178, 33.62092]}, "properties": {"id": "obstruction-harbour-282464", "name": null, "structure_type": "obstruction"}}, {"type": "Feature", "geometry": {"type": "Point", "coordinates": [-117.91271, 33.60662]}, "properties": {"id": "obstruction-harbour-282465", "name": null, "structure_type": "obstruction"}}, {"type": "Feature", "geometry": {"type": "Point", "coordinates": [-117.912, 33.60641]}, "properties": {"id": "obstruction-harbour-282466", "name": null, "structure_type": "obstruction"}}, {"type": "Feature", "geometry": {"type": "Point", "coordinates": [-117.89631, 33.62062]}, "properties": {"id": "obstruction-harbour-282467", "name": null, "structure_type": "obstruction"}}, {"type": "Feature", "geometry": {"type": "Point", "coordinates": [-117.89266, 33.61989]}, "properties": {"id": "obstruction-harbour-282468", "name": null, "structure_type": "obstruction"}}, {"type": "Feature", "geometry": {"type": "Point", "coordinates": [-117.88772, 33.60375]}, "properties": {"id": "obstruction-harbour-282469", "name": null, "structure_type": "obstruction"}}, {"type": "Feature", "geometry": {"type": "Point", "coordinates": [-117.88947, 33.63287]}, "properties": {"id": "obstruction-harbour-282470", "name": null, "structure_type": "obstruction"}}, {"type": "Feature", "geometry": {"type": "Point", "coordinates": [-117.89416, 33.62145]}, "properties": {"id": "obstruction-harbour-282471", "name": null, "structure_type": "obstruction"}}, {"type": "Feature", "geometry": {"type": "Point", "coordinates": [-117.88917, 33.62668]}, "properties": {"id": "obstruction-harbour-282472", "name": null, "structure_type": "obstruction"}}, {"type": "Feature", "geometry": {"type": "Point", "coordinates": [-117.89676, 33.60145]}, "properties": {"id": "obstruction-harbour-282473", "name": null, "structure_type": "obstruction"}}, {"type": "Feature", "geometry": {"type": "Point", "coordinates": [-117.89351, 33.62209]}, "properties": {"id": "obstruction-harbour-282474", "name": null, "structure_type": "obstruction"}}, {"type": "Feature", "geometry": {"type": "Point", "coordinates": [-117.88783, 33.64298]}, "properties": {"id": "obstruction-harbour-282475", "name": null, "structure_type": "obstruction"}}, {"type": "Feature", "geometry": {"type": "Point", "coordinates": [-117.88936, 33.63422]}, "properties": {"id": "obstruction-harbour-282476", "name": null, "structure_type": "obstruction"}}, {"type": "Feature", "geometry": {"type": "Point", "coordinates": [-117.89515, 33.62147]}, "properties": {"id": "obstruction-harbour-282477", "name": null, "structure_type": "obstruction"}}, {"type": "Feature", "geometry": {"type": "Point", "coordinates": [-117.89072, 33.62589]}, "properties": {"id": "obstruction-harbour-282478", "name": null, "structure_type": "obstruction"}}, {"type": "Feature", "geometry": {"type": "Point", "coordinates": [-117.88624, 33.62859]}, "properties": {"id": "obstruction-harbour-282479", "name": null, "structure_type": "obstruction"}}, {"type": "Feature", "geometry": {"type": "Point", "coordinates": [-117.89298, 33.62018]}, "properties": {"id": "obstruction-harbour-282480", "name": null, "structure_type": "obstruction"}}, {"type": "Feature", "geometry": {"type": "Point", "coordinates": [-117.88688, 33.63035]}, "properties": {"id": "obstruction-harbour-282481", "name": null, "structure_type": "obstruction"}}, {"type": "Feature", "geometry": {"type": "Point", "coordinates": [-117.88527, 33.62904]}, "properties": {"id": "obstruction-harbour-282482", "name": null, "structure_type": "obstruction"}}, {"type": "Feature", "geometry": {"type": "Point", "coordinates": [-117.89163, 33.62628]}, "properties": {"id": "obstruction-harbour-282483", "name": null, "structure_type": "obstruction"}}, {"type": "Feature", "geometry": {"type": "Point", "coordinates": [-117.88873, 33.63351]}, "properties": {"id": "obstruction-harbour-282484", "name": null, "structure_type": "obstruction"}}, {"type": "Feature", "geometry": {"type": "Point", "coordinates": [-117.8915, 33.62583]}, "properties": {"id": "obstruction-harbour-282485", "name": null, "structure_type": "obstruction"}}, {"type": "Feature", "geometry": {"type": "Point", "coordinates": [-119.68601, 34.41031]}, "properties": {"id": "obstruction-harbour-282486", "name": null, "structure_type": "obstruction"}}, {"type": "Feature", "geometry": {"type": "Point", "coordinates": [-119.67956, 34.40778]}, "properties": {"id": "obstruction-harbour-282487", "name": null, "structure_type": "obstruction"}}, {"type": "Feature", "geometry": {"type": "Point", "coordinates": [-119.63165, 34.4172]}, "properties": {"id": "obstruction-harbour-282489", "name": null, "structure_type": "obstruction"}}, {"type": "Feature", "geometry": {"type": "Point", "coordinates": [-119.68653, 34.41066]}, "properties": {"id": "obstruction-harbour-282490", "name": null, "structure_type": "obstruction"}}, {"type": "Feature", "geometry": {"type": "Point", "coordinates": [-120.68233, 35.15759]}, "properties": {"id": "obstruction-harbour-282493", "name": null, "structure_type": "obstruction"}}, {"type": "Feature", "geometry": {"type": "Point", "coordinates": [-120.79659, 35.18041]}, "properties": {"id": "obstruction-harbour-282494", "name": null, "structure_type": "obstruction"}}, {"type": "Feature", "geometry": {"type": "Point", "coordinates": [-120.78626, 35.17545]}, "properties": {"id": "obstruction-harbour-282495", "name": null, "structure_type": "obstruction"}}, {"type": "Feature", "geometry": {"type": "Point", "coordinates": [-120.86731, 35.37584]}, "properties": {"id": "obstruction-harbour-282496", "name": null, "structure_type": "obstruction"}}, {"type": "Feature", "geometry": {"type": "Point", "coordinates": [-120.85891, 35.36876]}, "properties": {"id": "obstruction-harbour-282497", "name": null, "structure_type": "obstruction"}}, {"type": "Feature", "geometry": {"type": "Point", "coordinates": [-120.87061, 35.36931]}, "properties": {"id": "obstruction-harbour-282498", "name": null, "structure_type": "obstruction"}}, {"type": "Feature", "geometry": {"type": "Point", "coordinates": [-120.86965, 35.37163]}, "properties": {"id": "obstruction-harbour-282499", "name": null, "structure_type": "obstruction"}}, {"type": "Feature", "geometry": {"type": "Point", "coordinates": [-120.86506, 35.37618]}, "properties": {"id": "obstruction-harbour-282500", "name": null, "structure_type": "obstruction"}}, {"type": "Feature", "geometry": {"type": "Point", "coordinates": [-120.86539, 35.37616]}, "properties": {"id": "obstruction-harbour-282501", "name": null, "structure_type": "obstruction"}}, {"type": "Feature", "geometry": {"type": "Point", "coordinates": [-120.86654, 35.37599]}, "properties": {"id": "obstruction-harbour-282502", "name": null, "structure_type": "obstruction"}}, {"type": "Feature", "geometry": {"type": "Point", "coordinates": [-120.85691, 35.3674]}, "properties": {"id": "obstruction-harbour-282503", "name": null, "structure_type": "obstruction"}}, {"type": "Feature", "geometry": {"type": "Point", "coordinates": [-120.86611, 35.37604]}, "properties": {"id": "obstruction-harbour-282504", "name": null, "structure_type": "obstruction"}}, {"type": "Feature", "geometry": {"type": "Point", "coordinates": [-120.86696, 35.37589]}, "properties": {"id": "obstruction-harbour-282505", "name": null, "structure_type": "obstruction"}}, {"type": "Feature", "geometry": {"type": "Point", "coordinates": [-120.85926, 35.36889]}, "properties": {"id": "obstruction-harbour-282506", "name": null, "structure_type": "obstruction"}}, {"type": "Feature", "geometry": {"type": "Point", "coordinates": [-120.86572, 35.3761]}, "properties": {"id": "obstruction-harbour-282507", "name": null, "structure_type": "obstruction"}}, {"type": "Feature", "geometry": {"type": "Point", "coordinates": [-121.89052, 36.60731]}, "properties": {"id": "obstruction-harbour-282508", "name": null, "structure_type": "obstruction"}}, {"type": "Feature", "geometry": {"type": "Point", "coordinates": [-121.89391, 36.6117]}, "properties": {"id": "obstruction-harbour-282509", "name": null, "structure_type": "obstruction"}}, {"type": "Feature", "geometry": {"type": "Point", "coordinates": [-121.89019, 36.60477]}, "properties": {"id": "obstruction-harbour-282510", "name": null, "structure_type": "obstruction"}}, {"type": "Feature", "geometry": {"type": "Point", "coordinates": [-121.78439, 36.81005]}, "properties": {"id": "obstruction-harbour-282511", "name": null, "structure_type": "obstruction"}}, {"type": "Feature", "geometry": {"type": "Point", "coordinates": [-121.79104, 36.80421]}, "properties": {"id": "obstruction-harbour-282512", "name": null, "structure_type": "obstruction"}}, {"type": "Feature", "geometry": {"type": "Point", "coordinates": [-122.00083, 36.96056]}, "properties": {"id": "obstruction-harbour-282514", "name": null, "structure_type": "obstruction"}}, {"type": "Feature", "geometry": {"type": "Point", "coordinates": [-122.03491, 38.17177]}, "properties": {"id": "obstruction-harbour-282515", "name": null, "structure_type": "obstruction"}}, {"type": "Feature", "geometry": {"type": "Point", "coordinates": [-121.88825, 38.12288]}, "properties": {"id": "obstruction-harbour-282516", "name": null, "structure_type": "obstruction"}}, {"type": "Feature", "geometry": {"type": "Point", "coordinates": [-122.0071, 38.10136]}, "properties": {"id": "obstruction-harbour-282517", "name": null, "structure_type": "obstruction"}}, {"type": "Feature", "geometry": {"type": "Point", "coordinates": [-122.03883, 38.1694]}, "properties": {"id": "obstruction-harbour-282518", "name": null, "structure_type": "obstruction"}}, {"type": "Feature", "geometry": {"type": "Point", "coordinates": [-121.99134, 38.18264]}, "properties": {"id": "obstruction-harbour-282519", "name": null, "structure_type": "obstruction"}}, {"type": "Feature", "geometry": {"type": "Point", "coordinates": [-122.06675, 38.17159]}, "properties": {"id": "obstruction-harbour-282520", "name": null, "structure_type": "obstruction"}}, {"type": "Feature", "geometry": {"type": "Point", "coordinates": [-121.92459, 38.18266]}, "properties": {"id": "obstruction-harbour-282521", "name": null, "structure_type": "obstruction"}}, {"type": "Feature", "geometry": {"type": "Point", "coordinates": [-122.06925, 38.12059]}, "properties": {"id": "obstruction-harbour-282522", "name": null, "structure_type": "obstruction"}}, {"type": "Feature", "geometry": {"type": "Point", "coordinates": [-121.92651, 38.15909]}, "properties": {"id": "obstruction-harbour-282523", "name": null, "structure_type": "obstruction"}}, {"type": "Feature", "geometry": {"type": "Point", "coordinates": [-122.04535, 38.19745]}, "properties": {"id": "obstruction-harbour-282524", "name": null, "structure_type": "obstruction"}}, {"type": "Feature", "geometry": {"type": "Point", "coordinates": [-122.06072, 38.17249]}, "properties": {"id": "obstruction-harbour-282525", "name": null, "structure_type": "obstruction"}}, {"type": "Feature", "geometry": {"type": "Point", "coordinates": [-122.00074, 38.11691]}, "properties": {"id": "obstruction-harbour-282526", "name": null, "structure_type": "obstruction"}}, {"type": "Feature", "geometry": {"type": "Point", "coordinates": [-121.90134, 38.12093]}, "properties": {"id": "obstruction-harbour-282527", "name": null, "structure_type": "obstruction"}}, {"type": "Feature", "geometry": {"type": "Point", "coordinates": [-122.03524, 38.23048]}, "properties": {"id": "obstruction-harbour-282529", "name": null, "structure_type": "obstruction"}}, {"type": "Feature", "geometry": {"type": "Point", "coordinates": [-122.00886, 38.13726]}, "properties": {"id": "obstruction-harbour-282530", "name": null, "structure_type": "obstruction"}}, {"type": "Feature", "geometry": {"type": "Point", "coordinates": [-121.90896, 38.14491]}, "properties": {"id": "obstruction-harbour-282531", "name": null, "structure_type": "obstruction"}}, {"type": "Feature", "geometry": {"type": "Point", "coordinates": [-121.92867, 38.17316]}, "properties": {"id": "obstruction-harbour-282532", "name": null, "structure_type": "obstruction"}}, {"type": "Feature", "geometry": {"type": "Point", "coordinates": [-121.88972, 38.10446]}, "properties": {"id": "obstruction-harbour-282533", "name": null, "structure_type": "obstruction"}}, {"type": "Feature", "geometry": {"type": "Point", "coordinates": [-122.00681, 38.10184]}, "properties": {"id": "obstruction-harbour-282534", "name": null, "structure_type": "obstruction"}}, {"type": "Feature", "geometry": {"type": "Point", "coordinates": [-121.92718, 38.15932]}, "properties": {"id": "obstruction-harbour-282535", "name": null, "structure_type": "obstruction"}}, {"type": "Feature", "geometry": {"type": "Point", "coordinates": [-121.91467, 38.12519]}, "properties": {"id": "obstruction-harbour-282536", "name": null, "structure_type": "obstruction"}}, {"type": "Feature", "geometry": {"type": "Point", "coordinates": [-122.0591, 38.14273]}, "properties": {"id": "obstruction-harbour-282537", "name": null, "structure_type": "obstruction"}}, {"type": "Feature", "geometry": {"type": "Point", "coordinates": [-121.88925, 38.10858]}, "properties": {"id": "obstruction-harbour-282538", "name": null, "structure_type": "obstruction"}}, {"type": "Feature", "geometry": {"type": "Point", "coordinates": [-122.0275, 38.10765]}, "properties": {"id": "obstruction-harbour-282539", "name": null, "structure_type": "obstruction"}}, {"type": "Feature", "geometry": {"type": "Point", "coordinates": [-122.01142, 38.12607]}, "properties": {"id": "obstruction-harbour-282540", "name": null, "structure_type": "obstruction"}}, {"type": "Feature", "geometry": {"type": "Point", "coordinates": [-122.06194, 38.13359]}, "properties": {"id": "obstruction-harbour-282541", "name": null, "structure_type": "obstruction"}}, {"type": "Feature", "geometry": {"type": "Point", "coordinates": [-121.98769, 38.11236]}, "properties": {"id": "obstruction-harbour-282542", "name": null, "structure_type": "obstruction"}}, {"type": "Feature", "geometry": {"type": "Point", "coordinates": [-121.95286, 38.17468]}, "properties": {"id": "obstruction-harbour-282543", "name": null, "structure_type": "obstruction"}}, {"type": "Feature", "geometry": {"type": "Point", "coordinates": [-122.0355, 38.23093]}, "properties": {"id": "obstruction-harbour-282544", "name": null, "structure_type": "obstruction"}}, {"type": "Feature", "geometry": {"type": "Point", "coordinates": [-121.99445, 38.12939]}, "properties": {"id": "obstruction-harbour-282545", "name": null, "structure_type": "obstruction"}}, {"type": "Feature", "geometry": {"type": "Point", "coordinates": [-121.51187, 38.3075]}, "properties": {"id": "obstruction-harbour-282546", "name": null, "structure_type": "obstruction"}}, {"type": "Feature", "geometry": {"type": "Point", "coordinates": [-121.52942, 38.4119]}, "properties": {"id": "obstruction-harbour-282547", "name": null, "structure_type": "obstruction"}}, {"type": "Feature", "geometry": {"type": "Point", "coordinates": [-121.58849, 38.2633]}, "properties": {"id": "obstruction-harbour-282548", "name": null, "structure_type": "obstruction"}}, {"type": "Feature", "geometry": {"type": "Point", "coordinates": [-121.59715, 38.31076]}, "properties": {"id": "obstruction-harbour-282549", "name": null, "structure_type": "obstruction"}}, {"type": "Feature", "geometry": {"type": "Point", "coordinates": [-121.60322, 38.27322]}, "properties": {"id": "obstruction-harbour-282550", "name": null, "structure_type": "obstruction"}}, {"type": "Feature", "geometry": {"type": "Point", "coordinates": [-121.63339, 38.292]}, "properties": {"id": "obstruction-harbour-282551", "name": null, "structure_type": "obstruction"}}, {"type": "Feature", "geometry": {"type": "Point", "coordinates": [-121.7258, 38.25364]}, "properties": {"id": "obstruction-harbour-282552", "name": null, "structure_type": "obstruction"}}, {"type": "Feature", "geometry": {"type": "Point", "coordinates": [-121.45362, 38.25605]}, "properties": {"id": "obstruction-harbour-282553", "name": null, "structure_type": "obstruction"}}, {"type": "Feature", "geometry": {"type": "Point", "coordinates": [-121.47166, 38.27069]}, "properties": {"id": "obstruction-harbour-282554", "name": null, "structure_type": "obstruction"}}, {"type": "Feature", "geometry": {"type": "Point", "coordinates": [-121.58856, 38.28255]}, "properties": {"id": "obstruction-harbour-282555", "name": null, "structure_type": "obstruction"}}, {"type": "Feature", "geometry": {"type": "Point", "coordinates": [-121.59968, 38.25424]}, "properties": {"id": "obstruction-harbour-282556", "name": null, "structure_type": "obstruction"}}, {"type": "Feature", "geometry": {"type": "Point", "coordinates": [-121.46725, 38.25993]}, "properties": {"id": "obstruction-harbour-282557", "name": null, "structure_type": "obstruction"}}, {"type": "Feature", "geometry": {"type": "Point", "coordinates": [-121.60498, 38.28556]}, "properties": {"id": "obstruction-harbour-282558", "name": null, "structure_type": "obstruction"}}, {"type": "Feature", "geometry": {"type": "Point", "coordinates": [-121.4972, 38.26564]}, "properties": {"id": "obstruction-harbour-282559", "name": null, "structure_type": "obstruction"}}, {"type": "Feature", "geometry": {"type": "Point", "coordinates": [-121.51049, 38.24766]}, "properties": {"id": "obstruction-harbour-282560", "name": null, "structure_type": "obstruction"}}, {"type": "Feature", "geometry": {"type": "Point", "coordinates": [-121.54933, 38.28268]}, "properties": {"id": "obstruction-harbour-282561", "name": null, "structure_type": "obstruction"}}, {"type": "Feature", "geometry": {"type": "Point", "coordinates": [-121.49731, 38.27513]}, "properties": {"id": "obstruction-harbour-282562", "name": null, "structure_type": "obstruction"}}, {"type": "Feature", "geometry": {"type": "Point", "coordinates": [-121.51391, 38.39571]}, "properties": {"id": "obstruction-harbour-282563", "name": null, "structure_type": "obstruction"}}, {"type": "Feature", "geometry": {"type": "Point", "coordinates": [-121.60176, 38.24921]}, "properties": {"id": "obstruction-harbour-282564", "name": null, "structure_type": "obstruction"}}, {"type": "Feature", "geometry": {"type": "Point", "coordinates": [-121.6043, 38.29348]}, "properties": {"id": "obstruction-harbour-282565", "name": null, "structure_type": "obstruction"}}, {"type": "Feature", "geometry": {"type": "Point", "coordinates": [-121.76, 38.26041]}, "properties": {"id": "obstruction-harbour-282566", "name": null, "structure_type": "obstruction"}}, {"type": "Feature", "geometry": {"type": "Point", "coordinates": [-121.46154, 38.26556]}, "properties": {"id": "obstruction-harbour-282567", "name": null, "structure_type": "obstruction"}}, {"type": "Feature", "geometry": {"type": "Point", "coordinates": [-121.49648, 38.24358]}, "properties": {"id": "obstruction-harbour-282568", "name": null, "structure_type": "obstruction"}}, {"type": "Feature", "geometry": {"type": "Point", "coordinates": [-121.57286, 38.30443]}, "properties": {"id": "obstruction-harbour-282569", "name": null, "structure_type": "obstruction"}}, {"type": "Feature", "geometry": {"type": "Point", "coordinates": [-121.58094, 38.29827]}, "properties": {"id": "obstruction-harbour-282570", "name": null, "structure_type": "obstruction"}}, {"type": "Feature", "geometry": {"type": "Point", "coordinates": [-121.58964, 38.26214]}, "properties": {"id": "obstruction-harbour-282571", "name": null, "structure_type": "obstruction"}}, {"type": "Feature", "geometry": {"type": "Point", "coordinates": [-121.59863, 38.31014]}, "properties": {"id": "obstruction-harbour-282572", "name": null, "structure_type": "obstruction"}}, {"type": "Feature", "geometry": {"type": "Point", "coordinates": [-121.64143, 38.26904]}, "properties": {"id": "obstruction-harbour-282573", "name": null, "structure_type": "obstruction"}}, {"type": "Feature", "geometry": {"type": "Point", "coordinates": [-121.50582, 38.31324]}, "properties": {"id": "obstruction-harbour-282574", "name": null, "structure_type": "obstruction"}}, {"type": "Feature", "geometry": {"type": "Point", "coordinates": [-121.51077, 38.30941]}, "properties": {"id": "obstruction-harbour-282575", "name": null, "structure_type": "obstruction"}}, {"type": "Feature", "geometry": {"type": "Point", "coordinates": [-121.57263, 38.30404]}, "properties": {"id": "obstruction-harbour-282576", "name": null, "structure_type": "obstruction"}}, {"type": "Feature", "geometry": {"type": "Point", "coordinates": [-121.58343, 38.29029]}, "properties": {"id": "obstruction-harbour-282577", "name": null, "structure_type": "obstruction"}}, {"type": "Feature", "geometry": {"type": "Point", "coordinates": [-121.58773, 38.32348]}, "properties": {"id": "obstruction-harbour-282578", "name": null, "structure_type": "obstruction"}}, {"type": "Feature", "geometry": {"type": "Point", "coordinates": [-121.59051, 38.2764]}, "properties": {"id": "obstruction-harbour-282579", "name": null, "structure_type": "obstruction"}}, {"type": "Feature", "geometry": {"type": "Point", "coordinates": [-121.59409, 38.2612]}, "properties": {"id": "obstruction-harbour-282580", "name": null, "structure_type": "obstruction"}}, {"type": "Feature", "geometry": {"type": "Point", "coordinates": [-121.44273, 38.25622]}, "properties": {"id": "obstruction-harbour-282581", "name": null, "structure_type": "obstruction"}}, {"type": "Feature", "geometry": {"type": "Point", "coordinates": [-121.50915, 38.31029]}, "properties": {"id": "obstruction-harbour-282582", "name": null, "structure_type": "obstruction"}}, {"type": "Feature", "geometry": {"type": "Point", "coordinates": [-122.83438, 38.09279]}, "properties": {"id": "obstruction-harbour-282583", "name": null, "structure_type": "obstruction"}}, {"type": "Feature", "geometry": {"type": "Point", "coordinates": [-122.86579, 38.12045]}, "properties": {"id": "obstruction-harbour-282584", "name": null, "structure_type": "obstruction"}}, {"type": "Feature", "geometry": {"type": "Point", "coordinates": [-122.89565, 38.1557]}, "properties": {"id": "obstruction-harbour-282585", "name": null, "structure_type": "obstruction"}}, {"type": "Feature", "geometry": {"type": "Point", "coordinates": [-122.85602, 38.11292]}, "properties": {"id": "obstruction-harbour-282586", "name": null, "structure_type": "obstruction"}}, {"type": "Feature", "geometry": {"type": "Point", "coordinates": [-122.84472, 38.10567]}, "properties": {"id": "obstruction-harbour-282587", "name": null, "structure_type": "obstruction"}}, {"type": "Feature", "geometry": {"type": "Point", "coordinates": [-122.94734, 38.21512]}, "properties": {"id": "obstruction-harbour-282588", "name": null, "structure_type": "obstruction"}}, {"type": "Feature", "geometry": {"type": "Point", "coordinates": [-122.95815, 38.17663]}, "properties": {"id": "obstruction-harbour-282589", "name": null, "structure_type": "obstruction"}}, {"type": "Feature", "geometry": {"type": "Point", "coordinates": [-122.94182, 38.21876]}, "properties": {"id": "obstruction-harbour-282590", "name": null, "structure_type": "obstruction"}}, {"type": "Feature", "geometry": {"type": "Point", "coordinates": [-122.96097, 38.22962]}, "properties": {"id": "obstruction-harbour-282591", "name": null, "structure_type": "obstruction"}}, {"type": "Feature", "geometry": {"type": "Point", "coordinates": [-122.92203, 38.22161]}, "properties": {"id": "obstruction-harbour-282592", "name": null, "structure_type": "obstruction"}}, {"type": "Feature", "geometry": {"type": "Point", "coordinates": [-123.07305, 38.31321]}, "properties": {"id": "obstruction-harbour-282594", "name": null, "structure_type": "obstruction"}}, {"type": "Feature", "geometry": {"type": "Point", "coordinates": [-123.04483, 38.311]}, "properties": {"id": "obstruction-harbour-282595", "name": null, "structure_type": "obstruction"}}, {"type": "Feature", "geometry": {"type": "Point", "coordinates": [-121.65694, 38.76551]}, "properties": {"id": "obstruction-harbour-282596", "name": null, "structure_type": "obstruction"}}, {"type": "Feature", "geometry": {"type": "Point", "coordinates": [-121.6574, 38.76638]}, "properties": {"id": "obstruction-harbour-282597", "name": null, "structure_type": "obstruction"}}, {"type": "Feature", "geometry": {"type": "Point", "coordinates": [-121.63726, 38.76761]}, "properties": {"id": "obstruction-harbour-282598", "name": null, "structure_type": "obstruction"}}, {"type": "Feature", "geometry": {"type": "Point", "coordinates": [-121.60492, 38.73106]}, "properties": {"id": "obstruction-harbour-282599", "name": null, "structure_type": "obstruction"}}, {"type": "Feature", "geometry": {"type": "Point", "coordinates": [-121.62153, 38.70367]}, "properties": {"id": "obstruction-harbour-282600", "name": null, "structure_type": "obstruction"}}, {"type": "Feature", "geometry": {"type": "Point", "coordinates": [-121.62674, 38.70103]}, "properties": {"id": "obstruction-harbour-282601", "name": null, "structure_type": "obstruction"}}, {"type": "Feature", "geometry": {"type": "Point", "coordinates": [-121.60605, 38.72013]}, "properties": {"id": "obstruction-harbour-282602", "name": null, "structure_type": "obstruction"}}, {"type": "Feature", "geometry": {"type": "Point", "coordinates": [-121.7273, 38.84122]}, "properties": {"id": "obstruction-harbour-282603", "name": null, "structure_type": "obstruction"}}, {"type": "Feature", "geometry": {"type": "Point", "coordinates": [-121.72404, 38.80959]}, "properties": {"id": "obstruction-harbour-282604", "name": null, "structure_type": "obstruction"}}, {"type": "Feature", "geometry": {"type": "Point", "coordinates": [-121.72396, 38.80906]}, "properties": {"id": "obstruction-harbour-282605", "name": null, "structure_type": "obstruction"}}, {"type": "Feature", "geometry": {"type": "Point", "coordinates": [-121.71613, 38.8025]}, "properties": {"id": "obstruction-harbour-282606", "name": null, "structure_type": "obstruction"}}, {"type": "Feature", "geometry": {"type": "Point", "coordinates": [-121.70143, 38.80299]}, "properties": {"id": "obstruction-harbour-282607", "name": null, "structure_type": "obstruction"}}, {"type": "Feature", "geometry": {"type": "Point", "coordinates": [-121.62895, 38.78415]}, "properties": {"id": "obstruction-harbour-282608", "name": null, "structure_type": "obstruction"}}, {"type": "Feature", "geometry": {"type": "Point", "coordinates": [-121.63104, 38.78184]}, "properties": {"id": "obstruction-harbour-282609", "name": null, "structure_type": "obstruction"}}, {"type": "Feature", "geometry": {"type": "Point", "coordinates": [-121.62569, 38.79008]}, "properties": {"id": "obstruction-harbour-282610", "name": null, "structure_type": "obstruction"}}, {"type": "Feature", "geometry": {"type": "Point", "coordinates": [-121.61877, 38.78292]}, "properties": {"id": "obstruction-harbour-282611", "name": null, "structure_type": "obstruction"}}, {"type": "Feature", "geometry": {"type": "Point", "coordinates": [-121.81719, 38.88192]}, "properties": {"id": "obstruction-harbour-282612", "name": null, "structure_type": "obstruction"}}, {"type": "Feature", "geometry": {"type": "Point", "coordinates": [-121.75575, 38.86935]}, "properties": {"id": "obstruction-harbour-282613", "name": null, "structure_type": "obstruction"}}, {"type": "Feature", "geometry": {"type": "Point", "coordinates": [-121.75672, 38.86911]}, "properties": {"id": "obstruction-harbour-282614", "name": null, "structure_type": "obstruction"}}, {"type": "Feature", "geometry": {"type": "Point", "coordinates": [-121.83909, 38.95601]}, "properties": {"id": "obstruction-harbour-282615", "name": null, "structure_type": "obstruction"}}, {"type": "Feature", "geometry": {"type": "Point", "coordinates": [-121.83947, 39.06498]}, "properties": {"id": "obstruction-harbour-282616", "name": null, "structure_type": "obstruction"}}, {"type": "Feature", "geometry": {"type": "Point", "coordinates": [-121.83839, 39.06201]}, "properties": {"id": "obstruction-harbour-282618", "name": null, "structure_type": "obstruction"}}, {"type": "Feature", "geometry": {"type": "Point", "coordinates": [-121.83856, 39.06128]}, "properties": {"id": "obstruction-harbour-282619", "name": null, "structure_type": "obstruction"}}, {"type": "Feature", "geometry": {"type": "Point", "coordinates": [-121.89892, 39.09766]}, "properties": {"id": "obstruction-harbour-282620", "name": null, "structure_type": "obstruction"}}, {"type": "Feature", "geometry": {"type": "Point", "coordinates": [-121.90902, 39.11283]}, "properties": {"id": "obstruction-harbour-282621", "name": null, "structure_type": "obstruction"}}, {"type": "Feature", "geometry": {"type": "Point", "coordinates": [-121.90981, 39.11255]}, "properties": {"id": "obstruction-harbour-282622", "name": null, "structure_type": "obstruction"}}, {"type": "Feature", "geometry": {"type": "Point", "coordinates": [-121.91704, 39.14793]}, "properties": {"id": "obstruction-harbour-282623", "name": null, "structure_type": "obstruction"}}, {"type": "Feature", "geometry": {"type": "Point", "coordinates": [-121.91715, 39.14714]}, "properties": {"id": "obstruction-harbour-282624", "name": null, "structure_type": "obstruction"}}, {"type": "Feature", "geometry": {"type": "Point", "coordinates": [-121.90302, 39.10918]}, "properties": {"id": "obstruction-harbour-282625", "name": null, "structure_type": "obstruction"}}, {"type": "Feature", "geometry": {"type": "Point", "coordinates": [-121.90316, 39.10825]}, "properties": {"id": "obstruction-harbour-282626", "name": null, "structure_type": "obstruction"}}, {"type": "Feature", "geometry": {"type": "Point", "coordinates": [-121.89267, 39.07609]}, "properties": {"id": "obstruction-harbour-282627", "name": null, "structure_type": "obstruction"}}, {"type": "Feature", "geometry": {"type": "Point", "coordinates": [-121.89225, 39.07559]}, "properties": {"id": "obstruction-harbour-282628", "name": null, "structure_type": "obstruction"}}, {"type": "Feature", "geometry": {"type": "Point", "coordinates": [-121.8918, 39.07527]}, "properties": {"id": "obstruction-harbour-282629", "name": null, "structure_type": "obstruction"}}, {"type": "Feature", "geometry": {"type": "Point", "coordinates": [-121.89307, 39.07675]}, "properties": {"id": "obstruction-harbour-282630", "name": null, "structure_type": "obstruction"}}, {"type": "Feature", "geometry": {"type": "Point", "coordinates": [-121.89325, 39.07711]}, "properties": {"id": "obstruction-harbour-282631", "name": null, "structure_type": "obstruction"}}, {"type": "Feature", "geometry": {"type": "Point", "coordinates": [-121.92881, 39.14263]}, "properties": {"id": "obstruction-harbour-282633", "name": null, "structure_type": "obstruction"}}, {"type": "Feature", "geometry": {"type": "Point", "coordinates": [-121.92807, 39.14269]}, "properties": {"id": "obstruction-harbour-282634", "name": null, "structure_type": "obstruction"}}, {"type": "Feature", "geometry": {"type": "Point", "coordinates": [-122.04039, 36.73881]}, "properties": {"id": "obstruction-harbour-282636", "name": null, "structure_type": "obstruction"}}, {"type": "Feature", "geometry": {"type": "Point", "coordinates": [-121.93833, 36.96139]}, "properties": {"id": "obstruction-harbour-282637", "name": null, "structure_type": "obstruction"}}, {"type": "Feature", "geometry": {"type": "Point", "coordinates": [-118.43299, 33.90713]}, "properties": {"id": "obstruction-harbour-282638", "name": null, "structure_type": "obstruction"}}, {"type": "Feature", "geometry": {"type": "Point", "coordinates": [-118.4317, 33.90819]}, "properties": {"id": "obstruction-harbour-282639", "name": null, "structure_type": "obstruction"}}, {"type": "Feature", "geometry": {"type": "Point", "coordinates": [-118.43334, 33.90778]}, "properties": {"id": "obstruction-harbour-282640", "name": null, "structure_type": "obstruction"}}, {"type": "Feature", "geometry": {"type": "Point", "coordinates": [-118.4105, 33.85455]}, "properties": {"id": "obstruction-harbour-282641", "name": null, "structure_type": "obstruction"}}, {"type": "Feature", "geometry": {"type": "Point", "coordinates": [-118.4485, 33.92084]}, "properties": {"id": "obstruction-harbour-282642", "name": null, "structure_type": "obstruction"}}, {"type": "Feature", "geometry": {"type": "Point", "coordinates": [-118.46013, 33.91798]}, "properties": {"id": "obstruction-harbour-282643", "name": null, "structure_type": "obstruction"}}, {"type": "Feature", "geometry": {"type": "Point", "coordinates": [-118.41082, 33.83779]}, "properties": {"id": "obstruction-harbour-282644", "name": null, "structure_type": "obstruction"}}, {"type": "Feature", "geometry": {"type": "Point", "coordinates": [-118.4315, 33.90756]}, "properties": {"id": "obstruction-harbour-282645", "name": null, "structure_type": "obstruction"}}, {"type": "Feature", "geometry": {"type": "Point", "coordinates": [-118.48466, 33.96303]}, "properties": {"id": "obstruction-harbour-282646", "name": null, "structure_type": "obstruction"}}, {"type": "Feature", "geometry": {"type": "Point", "coordinates": [-118.43161, 33.91414]}, "properties": {"id": "obstruction-harbour-282647", "name": null, "structure_type": "obstruction"}}, {"type": "Feature", "geometry": {"type": "Point", "coordinates": [-118.45447, 33.91984]}, "properties": {"id": "obstruction-harbour-282648", "name": null, "structure_type": "obstruction"}}, {"type": "Feature", "geometry": {"type": "Point", "coordinates": [-118.43473, 33.91665]}, "properties": {"id": "obstruction-harbour-282649", "name": null, "structure_type": "obstruction"}}, {"type": "Feature", "geometry": {"type": "Point", "coordinates": [-118.43594, 33.91646]}, "properties": {"id": "obstruction-harbour-282650", "name": null, "structure_type": "obstruction"}}, {"type": "Feature", "geometry": {"type": "Point", "coordinates": [-123.78226, 39.21546]}, "properties": {"id": "obstruction-harbour-282651", "name": null, "structure_type": "obstruction"}}, {"type": "Feature", "geometry": {"type": "Point", "coordinates": [-123.80806, 39.32224]}, "properties": {"id": "obstruction-harbour-282652", "name": null, "structure_type": "obstruction"}}, {"type": "Feature", "geometry": {"type": "Point", "coordinates": [-123.81955, 39.44283]}, "properties": {"id": "obstruction-harbour-282653", "name": null, "structure_type": "obstruction"}}, {"type": "Feature", "geometry": {"type": "Point", "coordinates": [-118.53395, 34.00991]}, "properties": {"id": "obstruction-harbour-282654", "name": null, "structure_type": "obstruction"}}, {"type": "Feature", "geometry": {"type": "Point", "coordinates": [-118.51212, 34.0078]}, "properties": {"id": "obstruction-harbour-282655", "name": null, "structure_type": "obstruction"}}, {"type": "Feature", "geometry": {"type": "Point", "coordinates": [-118.53874, 34.00624]}, "properties": {"id": "obstruction-harbour-282656", "name": null, "structure_type": "obstruction"}}, {"type": "Feature", "geometry": {"type": "Point", "coordinates": [-118.53709, 34.00498]}, "properties": {"id": "obstruction-harbour-282657", "name": null, "structure_type": "obstruction"}}, {"type": "Feature", "geometry": {"type": "Point", "coordinates": [-118.50524, 34.00453]}, "properties": {"id": "obstruction-harbour-282658", "name": null, "structure_type": "obstruction"}}, {"type": "Feature", "geometry": {"type": "Point", "coordinates": [-118.78549, 34.01679]}, "properties": {"id": "obstruction-harbour-282659", "name": null, "structure_type": "obstruction"}}, {"type": "Feature", "geometry": {"type": "Point", "coordinates": [-118.78587, 34.01328]}, "properties": {"id": "obstruction-harbour-282660", "name": null, "structure_type": "obstruction"}}, {"type": "Feature", "geometry": {"type": "Point", "coordinates": [-118.40364, 33.84985]}, "properties": {"id": "obstruction-harbour-282661", "name": null, "structure_type": "obstruction"}}, {"type": "Feature", "geometry": {"type": "Point", "coordinates": [-118.39377, 33.84266]}, "properties": {"id": "obstruction-harbour-282662", "name": null, "structure_type": "obstruction"}}, {"type": "Feature", "geometry": {"type": "Point", "coordinates": [-118.3998, 33.84503]}, "properties": {"id": "obstruction-harbour-282663", "name": null, "structure_type": "obstruction"}}, {"type": "Feature", "geometry": {"type": "Point", "coordinates": [-118.39955, 33.84463]}, "properties": {"id": "obstruction-harbour-282664", "name": null, "structure_type": "obstruction"}}, {"type": "Feature", "geometry": {"type": "Point", "coordinates": [-118.40297, 33.84958]}, "properties": {"id": "obstruction-harbour-282665", "name": null, "structure_type": "obstruction"}}, {"type": "Feature", "geometry": {"type": "Point", "coordinates": [-118.3951, 33.84042]}, "properties": {"id": "obstruction-harbour-282666", "name": null, "structure_type": "obstruction"}}, {"type": "Feature", "geometry": {"type": "Point", "coordinates": [-118.45625, 33.98295]}, "properties": {"id": "obstruction-harbour-282667", "name": null, "structure_type": "obstruction"}}, {"type": "Feature", "geometry": {"type": "Point", "coordinates": [-118.45187, 33.98327]}, "properties": {"id": "obstruction-harbour-282669", "name": null, "structure_type": "obstruction"}}, {"type": "Feature", "geometry": {"type": "Point", "coordinates": [-118.45797, 33.95901]}, "properties": {"id": "obstruction-harbour-282671", "name": null, "structure_type": "obstruction"}}, {"type": "Feature", "geometry": {"type": "Point", "coordinates": [-118.45198, 33.98368]}, "properties": {"id": "obstruction-harbour-282672", "name": null, "structure_type": "obstruction"}}, {"type": "Feature", "geometry": {"type": "Point", "coordinates": [-118.45227, 33.98328]}, "properties": {"id": "obstruction-harbour-282674", "name": null, "structure_type": "obstruction"}}, {"type": "Feature", "geometry": {"type": "Point", "coordinates": [-118.45545, 33.95878]}, "properties": {"id": "obstruction-harbour-282675", "name": null, "structure_type": "obstruction"}}, {"type": "Feature", "geometry": {"type": "Point", "coordinates": [-119.51976, 34.34243]}, "properties": {"id": "obstruction-harbour-282676", "name": null, "structure_type": "obstruction"}}, {"type": "Feature", "geometry": {"type": "Point", "coordinates": [-119.47313, 34.37491]}, "properties": {"id": "obstruction-harbour-282677", "name": null, "structure_type": "obstruction"}}, {"type": "Feature", "geometry": {"type": "Point", "coordinates": [-119.53189, 34.34078]}, "properties": {"id": "obstruction-harbour-282678", "name": null, "structure_type": "obstruction"}}, {"type": "Feature", "geometry": {"type": "Point", "coordinates": [-119.45787, 34.34872]}, "properties": {"id": "obstruction-harbour-282679", "name": null, "structure_type": "obstruction"}}, {"type": "Feature", "geometry": {"type": "Point", "coordinates": [-119.58691, 34.39816]}, "properties": {"id": "obstruction-harbour-282680", "name": null, "structure_type": "obstruction"}}, {"type": "Feature", "geometry": {"type": "Point", "coordinates": [-119.59611, 34.38859]}, "properties": {"id": "obstruction-harbour-282681", "name": null, "structure_type": "obstruction"}}, {"type": "Feature", "geometry": {"type": "Point", "coordinates": [-119.48164, 34.37637]}, "properties": {"id": "obstruction-harbour-282682", "name": null, "structure_type": "obstruction"}}, {"type": "Feature", "geometry": {"type": "Point", "coordinates": [-119.56797, 34.38322]}, "properties": {"id": "obstruction-harbour-282683", "name": null, "structure_type": "obstruction"}}, {"type": "Feature", "geometry": {"type": "Point", "coordinates": [-119.65611, 33.93954]}, "properties": {"id": "obstruction-harbour-282684", "name": null, "structure_type": "obstruction"}}, {"type": "Feature", "geometry": {"type": "Point", "coordinates": [-124.22371, 40.75734]}, "properties": {"id": "obstruction-harbour-282685", "name": null, "structure_type": "obstruction"}}, {"type": "Feature", "geometry": {"type": "Point", "coordinates": [-124.22629, 40.74404]}, "properties": {"id": "obstruction-harbour-282686", "name": null, "structure_type": "obstruction"}}, {"type": "Feature", "geometry": {"type": "Point", "coordinates": [-124.22005, 40.72919]}, "properties": {"id": "obstruction-harbour-282687", "name": null, "structure_type": "obstruction"}}, {"type": "Feature", "geometry": {"type": "Point", "coordinates": [-124.22681, 40.74445]}, "properties": {"id": "obstruction-harbour-282688", "name": null, "structure_type": "obstruction"}}, {"type": "Feature", "geometry": {"type": "Point", "coordinates": [-124.22697, 40.74256]}, "properties": {"id": "obstruction-harbour-282689", "name": null, "structure_type": "obstruction"}}, {"type": "Feature", "geometry": {"type": "Point", "coordinates": [-124.193, 40.79304]}, "properties": {"id": "obstruction-harbour-282690", "name": null, "structure_type": "obstruction"}}, {"type": "Feature", "geometry": {"type": "Point", "coordinates": [-124.19406, 40.78942]}, "properties": {"id": "obstruction-harbour-282691", "name": null, "structure_type": "obstruction"}}, {"type": "Feature", "geometry": {"type": "Point", "coordinates": [-124.15481, 40.80846]}, "properties": {"id": "obstruction-harbour-282692", "name": null, "structure_type": "obstruction"}}, {"type": "Feature", "geometry": {"type": "Point", "coordinates": [-124.15392, 40.80887]}, "properties": {"id": "obstruction-harbour-282693", "name": null, "structure_type": "obstruction"}}, {"type": "Feature", "geometry": {"type": "Point", "coordinates": [-124.15414, 40.80854]}, "properties": {"id": "obstruction-harbour-282694", "name": null, "structure_type": "obstruction"}}, {"type": "Feature", "geometry": {"type": "Point", "coordinates": [-124.185, 40.81239]}, "properties": {"id": "obstruction-harbour-282695", "name": null, "structure_type": "obstruction"}}, {"type": "Feature", "geometry": {"type": "Point", "coordinates": [-124.09764, 40.82336]}, "properties": {"id": "obstruction-harbour-282696", "name": null, "structure_type": "obstruction"}}, {"type": "Feature", "geometry": {"type": "Point", "coordinates": [-124.18381, 41.74549]}, "properties": {"id": "obstruction-harbour-282697", "name": null, "structure_type": "obstruction"}}, {"type": "Feature", "geometry": {"type": "Point", "coordinates": [-124.18411, 41.74188]}, "properties": {"id": "obstruction-harbour-282700", "name": null, "structure_type": "obstruction"}}, {"type": "Feature", "geometry": {"type": "Point", "coordinates": [-124.18505, 41.74221]}, "properties": {"id": "obstruction-harbour-282701", "name": null, "structure_type": "obstruction"}}, {"type": "Feature", "geometry": {"type": "Point", "coordinates": [-117.40206, 33.2183]}, "properties": {"id": "obstruction-harbour-282705", "name": null, "structure_type": "obstruction"}}, {"type": "Feature", "geometry": {"type": "Point", "coordinates": [-117.39999, 33.21765]}, "properties": {"id": "obstruction-harbour-282706", "name": null, "structure_type": "obstruction"}}, {"type": "Feature", "geometry": {"type": "Point", "coordinates": [-117.40044, 33.2183]}, "properties": {"id": "obstruction-harbour-282707", "name": null, "structure_type": "obstruction"}}, {"type": "Feature", "geometry": {"type": "Point", "coordinates": [-117.40175, 33.21794]}, "properties": {"id": "obstruction-harbour-282710", "name": null, "structure_type": "obstruction"}}, {"type": "Feature", "geometry": {"type": "Point", "coordinates": [-117.39547, 33.2045]}, "properties": {"id": "obstruction-harbour-282713", "name": null, "structure_type": "obstruction"}}, {"type": "Feature", "geometry": {"type": "Point", "coordinates": [-117.40094, 33.21894]}, "properties": {"id": "obstruction-harbour-282714", "name": null, "structure_type": "obstruction"}}, {"type": "Feature", "geometry": {"type": "Point", "coordinates": [-117.40071, 33.2186]}, "properties": {"id": "obstruction-harbour-282716", "name": null, "structure_type": "obstruction"}}, {"type": "Feature", "geometry": {"type": "Point", "coordinates": [-120.90557, 35.44659]}, "properties": {"id": "obstruction-harbour-282719", "name": null, "structure_type": "obstruction"}}, {"type": "Feature", "geometry": {"type": "Point", "coordinates": [-119.60698, 33.27618]}, "properties": {"id": "obstruction-harbour-282720", "name": null, "structure_type": "obstruction"}}, {"type": "Feature", "geometry": {"type": "Point", "coordinates": [-119.49385, 33.21862]}, "properties": {"id": "obstruction-harbour-282721", "name": null, "structure_type": "obstruction"}}, {"type": "Feature", "geometry": {"type": "Point", "coordinates": [-119.47124, 33.33684]}, "properties": {"id": "obstruction-harbour-282722", "name": null, "structure_type": "obstruction"}}, {"type": "Feature", "geometry": {"type": "Point", "coordinates": [-119.57129, 33.25089]}, "properties": {"id": "obstruction-harbour-282723", "name": null, "structure_type": "obstruction"}}, {"type": "Feature", "geometry": {"type": "Point", "coordinates": [-119.57915, 33.25849]}, "properties": {"id": "obstruction-harbour-282724", "name": null, "structure_type": "obstruction"}}, {"type": "Feature", "geometry": {"type": "Point", "coordinates": [-119.48275, 33.2678]}, "properties": {"id": "obstruction-harbour-282725", "name": null, "structure_type": "obstruction"}}, {"type": "Feature", "geometry": {"type": "Point", "coordinates": [-124.36381, 40.27837]}, "properties": {"id": "obstruction-harbour-282726", "name": null, "structure_type": "obstruction"}}, {"type": "Feature", "geometry": {"type": "Point", "coordinates": [-122.76794, 37.93685]}, "properties": {"id": "obstruction-harbour-282727", "name": null, "structure_type": "obstruction"}}, {"type": "Feature", "geometry": {"type": "Point", "coordinates": [-122.76562, 37.93541]}, "properties": {"id": "obstruction-harbour-282728", "name": null, "structure_type": "obstruction"}}, {"type": "Feature", "geometry": {"type": "Point", "coordinates": [-118.30968, 33.61126]}, "properties": {"id": "obstruction-harbour-293231", "name": null, "structure_type": "obstruction"}}, {"type": "Feature", "geometry": {"type": "Point", "coordinates": [-118.27642, 33.60982]}, "properties": {"id": "obstruction-harbour-293232", "name": null, "structure_type": "obstruction"}}, {"type": "Feature", "geometry": {"type": "Point", "coordinates": [-118.21365, 33.67221]}, "properties": {"id": "obstruction-harbour-293233", "name": null, "structure_type": "obstruction"}}, {"type": "Feature", "geometry": {"type": "Point", "coordinates": [-118.13298, 33.65009]}, "properties": {"id": "obstruction-harbour-293234", "name": null, "structure_type": "obstruction"}}, {"type": "Feature", "geometry": {"type": "Point", "coordinates": [-118.13435, 33.63869]}, "properties": {"id": "obstruction-harbour-293235", "name": null, "structure_type": "obstruction"}}, {"type": "Feature", "geometry": {"type": "Point", "coordinates": [-118.13103, 33.65227]}, "properties": {"id": "obstruction-harbour-293236", "name": null, "structure_type": "obstruction"}}, {"type": "Feature", "geometry": {"type": "Point", "coordinates": [-118.19933, 33.65805]}, "properties": {"id": "obstruction-harbour-293237", "name": null, "structure_type": "obstruction"}}, {"type": "Feature", "geometry": {"type": "Point", "coordinates": [-118.14335, 33.65255]}, "properties": {"id": "obstruction-harbour-293238", "name": null, "structure_type": "obstruction"}}, {"type": "Feature", "geometry": {"type": "Point", "coordinates": [-118.08507, 33.65268]}, "properties": {"id": "obstruction-harbour-293239", "name": null, "structure_type": "obstruction"}}, {"type": "Feature", "geometry": {"type": "Point", "coordinates": [-118.09287, 33.64691]}, "properties": {"id": "obstruction-harbour-293240", "name": null, "structure_type": "obstruction"}}, {"type": "Feature", "geometry": {"type": "Point", "coordinates": [-118.08521, 33.63115]}, "properties": {"id": "obstruction-harbour-293241", "name": null, "structure_type": "obstruction"}}, {"type": "Feature", "geometry": {"type": "Point", "coordinates": [-118.36359, 33.73589]}, "properties": {"id": "obstruction-harbour-293242", "name": null, "structure_type": "obstruction"}}, {"type": "Feature", "geometry": {"type": "Point", "coordinates": [-118.27767, 33.71904]}, "properties": {"id": "obstruction-harbour-293243", "name": null, "structure_type": "obstruction"}}, {"type": "Feature", "geometry": {"type": "Point", "coordinates": [-118.29439, 33.69342]}, "properties": {"id": "obstruction-harbour-293244", "name": null, "structure_type": "obstruction"}}, {"type": "Feature", "geometry": {"type": "Point", "coordinates": [-118.27711, 33.73022]}, "properties": {"id": "obstruction-harbour-293245", "name": null, "structure_type": "obstruction"}}, {"type": "Feature", "geometry": {"type": "Point", "coordinates": [-118.33447, 33.72044]}, "properties": {"id": "obstruction-harbour-293246", "name": null, "structure_type": "obstruction"}}, {"type": "Feature", "geometry": {"type": "Point", "coordinates": [-118.28384, 33.70076]}, "properties": {"id": "obstruction-harbour-293247", "name": null, "structure_type": "obstruction"}}, {"type": "Feature", "geometry": {"type": "Point", "coordinates": [-118.28563, 33.70378]}, "properties": {"id": "obstruction-harbour-293248", "name": null, "structure_type": "obstruction"}}, {"type": "Feature", "geometry": {"type": "Point", "coordinates": [-118.24341, 33.72271]}, "properties": {"id": "obstruction-harbour-293249", "name": null, "structure_type": "obstruction"}}, {"type": "Feature", "geometry": {"type": "Point", "coordinates": [-118.2237, 33.74487]}, "properties": {"id": "obstruction-harbour-293250", "name": null, "structure_type": "obstruction"}}, {"type": "Feature", "geometry": {"type": "Point", "coordinates": [-118.2264, 33.68369]}, "properties": {"id": "obstruction-harbour-293251", "name": null, "structure_type": "obstruction"}}, {"type": "Feature", "geometry": {"type": "Point", "coordinates": [-118.25861, 33.69056]}, "properties": {"id": "obstruction-harbour-293252", "name": null, "structure_type": "obstruction"}}, {"type": "Feature", "geometry": {"type": "Point", "coordinates": [-118.22691, 33.68107]}, "properties": {"id": "obstruction-harbour-293253", "name": null, "structure_type": "obstruction"}}, {"type": "Feature", "geometry": {"type": "Point", "coordinates": [-118.25867, 33.69107]}, "properties": {"id": "obstruction-harbour-293254", "name": null, "structure_type": "obstruction"}}, {"type": "Feature", "geometry": {"type": "Point", "coordinates": [-118.24087, 33.7032]}, "properties": {"id": "obstruction-harbour-293255", "name": null, "structure_type": "obstruction"}}, {"type": "Feature", "geometry": {"type": "Point", "coordinates": [-118.23091, 33.71651]}, "properties": {"id": "obstruction-harbour-293256", "name": null, "structure_type": "obstruction"}}, {"type": "Feature", "geometry": {"type": "Point", "coordinates": [-118.25077, 33.7027]}, "properties": {"id": "obstruction-harbour-293257", "name": null, "structure_type": "obstruction"}}, {"type": "Feature", "geometry": {"type": "Point", "coordinates": [-118.23071, 33.71156]}, "properties": {"id": "obstruction-harbour-293258", "name": null, "structure_type": "obstruction"}}, {"type": "Feature", "geometry": {"type": "Point", "coordinates": [-118.23562, 33.70509]}, "properties": {"id": "obstruction-harbour-293259", "name": null, "structure_type": "obstruction"}}, {"type": "Feature", "geometry": {"type": "Point", "coordinates": [-118.23892, 33.70814]}, "properties": {"id": "obstruction-harbour-293260", "name": null, "structure_type": "obstruction"}}, {"type": "Feature", "geometry": {"type": "Point", "coordinates": [-118.25442, 33.69827]}, "properties": {"id": "obstruction-harbour-293261", "name": null, "structure_type": "obstruction"}}, {"type": "Feature", "geometry": {"type": "Point", "coordinates": [-118.22747, 33.70753]}, "properties": {"id": "obstruction-harbour-293262", "name": null, "structure_type": "obstruction"}}, {"type": "Feature", "geometry": {"type": "Point", "coordinates": [-118.23292, 33.71014]}, "properties": {"id": "obstruction-harbour-293263", "name": null, "structure_type": "obstruction"}}, {"type": "Feature", "geometry": {"type": "Point", "coordinates": [-118.23425, 33.71016]}, "properties": {"id": "obstruction-harbour-293264", "name": null, "structure_type": "obstruction"}}, {"type": "Feature", "geometry": {"type": "Point", "coordinates": [-118.23577, 33.70567]}, "properties": {"id": "obstruction-harbour-293265", "name": null, "structure_type": "obstruction"}}, {"type": "Feature", "geometry": {"type": "Point", "coordinates": [-118.23603, 33.69657]}, "properties": {"id": "obstruction-harbour-293266", "name": null, "structure_type": "obstruction"}}, {"type": "Feature", "geometry": {"type": "Point", "coordinates": [-118.23314, 33.71049]}, "properties": {"id": "obstruction-harbour-293267", "name": null, "structure_type": "obstruction"}}, {"type": "Feature", "geometry": {"type": "Point", "coordinates": [-118.22206, 33.72052]}, "properties": {"id": "obstruction-harbour-293268", "name": null, "structure_type": "obstruction"}}, {"type": "Feature", "geometry": {"type": "Point", "coordinates": [-118.22297, 33.72039]}, "properties": {"id": "obstruction-harbour-293269", "name": null, "structure_type": "obstruction"}}, {"type": "Feature", "geometry": {"type": "Point", "coordinates": [-118.21404, 33.72289]}, "properties": {"id": "obstruction-harbour-293270", "name": null, "structure_type": "obstruction"}}, {"type": "Feature", "geometry": {"type": "Point", "coordinates": [-118.20563, 33.72569]}, "properties": {"id": "obstruction-harbour-293271", "name": null, "structure_type": "obstruction"}}, {"type": "Feature", "geometry": {"type": "Point", "coordinates": [-118.23395, 33.70026]}, "properties": {"id": "obstruction-harbour-293272", "name": null, "structure_type": "obstruction"}}, {"type": "Feature", "geometry": {"type": "Point", "coordinates": [-118.25334, 33.69902]}, "properties": {"id": "obstruction-harbour-293273", "name": null, "structure_type": "obstruction"}}, {"type": "Feature", "geometry": {"type": "Point", "coordinates": [-118.24143, 33.70891]}, "properties": {"id": "obstruction-harbour-293274", "name": null, "structure_type": "obstruction"}}, {"type": "Feature", "geometry": {"type": "Point", "coordinates": [-118.25251, 33.69971]}, "properties": {"id": "obstruction-harbour-293275", "name": null, "structure_type": "obstruction"}}, {"type": "Feature", "geometry": {"type": "Point", "coordinates": [-118.25708, 33.69735]}, "properties": {"id": "obstruction-harbour-293276", "name": null, "structure_type": "obstruction"}}, {"type": "Feature", "geometry": {"type": "Point", "coordinates": [-118.23023, 33.71188]}, "properties": {"id": "obstruction-harbour-293277", "name": null, "structure_type": "obstruction"}}, {"type": "Feature", "geometry": {"type": "Point", "coordinates": [-118.20209, 33.71692]}, "properties": {"id": "obstruction-harbour-293278", "name": null, "structure_type": "obstruction"}}, {"type": "Feature", "geometry": {"type": "Point", "coordinates": [-118.21893, 33.70447]}, "properties": {"id": "obstruction-harbour-293279", "name": null, "structure_type": "obstruction"}}, {"type": "Feature", "geometry": {"type": "Point", "coordinates": [-118.22847, 33.73947]}, "properties": {"id": "obstruction-harbour-293280", "name": null, "structure_type": "obstruction"}}, {"type": "Feature", "geometry": {"type": "Point", "coordinates": [-118.22246, 33.74278]}, "properties": {"id": "obstruction-harbour-293281", "name": null, "structure_type": "obstruction"}}, {"type": "Feature", "geometry": {"type": "Point", "coordinates": [-118.26873, 33.73489]}, "properties": {"id": "obstruction-harbour-293282", "name": null, "structure_type": "obstruction"}}, {"type": "Feature", "geometry": {"type": "Point", "coordinates": [-118.21499, 33.69984]}, "properties": {"id": "obstruction-harbour-293283", "name": null, "structure_type": "obstruction"}}, {"type": "Feature", "geometry": {"type": "Point", "coordinates": [-118.20345, 33.7207]}, "properties": {"id": "obstruction-harbour-293284", "name": null, "structure_type": "obstruction"}}, {"type": "Feature", "geometry": {"type": "Point", "coordinates": [-118.22336, 33.74588]}, "properties": {"id": "obstruction-harbour-293285", "name": null, "structure_type": "obstruction"}}, {"type": "Feature", "geometry": {"type": "Point", "coordinates": [-118.23851, 33.74514]}, "properties": {"id": "obstruction-harbour-293286", "name": null, "structure_type": "obstruction"}}, {"type": "Feature", "geometry": {"type": "Point", "coordinates": [-118.26749, 33.6979]}, "properties": {"id": "obstruction-harbour-293287", "name": null, "structure_type": "obstruction"}}, {"type": "Feature", "geometry": {"type": "Point", "coordinates": [-118.2031, 33.73993]}, "properties": {"id": "obstruction-harbour-293288", "name": null, "structure_type": "obstruction"}}, {"type": "Feature", "geometry": {"type": "Point", "coordinates": [-118.22785, 33.74515]}, "properties": {"id": "obstruction-harbour-293289", "name": null, "structure_type": "obstruction"}}, {"type": "Feature", "geometry": {"type": "Point", "coordinates": [-118.23023, 33.74261]}, "properties": {"id": "obstruction-harbour-293290", "name": null, "structure_type": "obstruction"}}, {"type": "Feature", "geometry": {"type": "Point", "coordinates": [-118.22928, 33.74268]}, "properties": {"id": "obstruction-harbour-293291", "name": null, "structure_type": "obstruction"}}, {"type": "Feature", "geometry": {"type": "Point", "coordinates": [-118.23445, 33.74372]}, "properties": {"id": "obstruction-harbour-293292", "name": null, "structure_type": "obstruction"}}, {"type": "Feature", "geometry": {"type": "Point", "coordinates": [-118.2646, 33.73242]}, "properties": {"id": "obstruction-harbour-293293", "name": null, "structure_type": "obstruction"}}, {"type": "Feature", "geometry": {"type": "Point", "coordinates": [-118.26796, 33.73455]}, "properties": {"id": "obstruction-harbour-293294", "name": null, "structure_type": "obstruction"}}, {"type": "Feature", "geometry": {"type": "Point", "coordinates": [-118.26644, 33.73717]}, "properties": {"id": "obstruction-harbour-293295", "name": null, "structure_type": "obstruction"}}, {"type": "Feature", "geometry": {"type": "Point", "coordinates": [-118.26547, 33.73396]}, "properties": {"id": "obstruction-harbour-293296", "name": null, "structure_type": "obstruction"}}, {"type": "Feature", "geometry": {"type": "Point", "coordinates": [-118.26754, 33.73753]}, "properties": {"id": "obstruction-harbour-293297", "name": null, "structure_type": "obstruction"}}, {"type": "Feature", "geometry": {"type": "Point", "coordinates": [-118.2636, 33.7342]}, "properties": {"id": "obstruction-harbour-293298", "name": null, "structure_type": "obstruction"}}, {"type": "Feature", "geometry": {"type": "Point", "coordinates": [-118.26719, 33.73233]}, "properties": {"id": "obstruction-harbour-293299", "name": null, "structure_type": "obstruction"}}, {"type": "Feature", "geometry": {"type": "Point", "coordinates": [-118.2702, 33.73632]}, "properties": {"id": "obstruction-harbour-293300", "name": null, "structure_type": "obstruction"}}, {"type": "Feature", "geometry": {"type": "Point", "coordinates": [-118.2217, 33.74522]}, "properties": {"id": "obstruction-harbour-293301", "name": null, "structure_type": "obstruction"}}, {"type": "Feature", "geometry": {"type": "Point", "coordinates": [-118.24208, 33.74631]}, "properties": {"id": "obstruction-harbour-293302", "name": null, "structure_type": "obstruction"}}, {"type": "Feature", "geometry": {"type": "Point", "coordinates": [-118.27467, 33.72884]}, "properties": {"id": "obstruction-harbour-293303", "name": null, "structure_type": "obstruction"}}, {"type": "Feature", "geometry": {"type": "Point", "coordinates": [-118.27364, 33.72828]}, "properties": {"id": "obstruction-harbour-293304", "name": null, "structure_type": "obstruction"}}, {"type": "Feature", "geometry": {"type": "Point", "coordinates": [-118.23739, 33.74313]}, "properties": {"id": "obstruction-harbour-293305", "name": null, "structure_type": "obstruction"}}, {"type": "Feature", "geometry": {"type": "Point", "coordinates": [-118.21541, 33.74808]}, "properties": {"id": "obstruction-harbour-293306", "name": null, "structure_type": "obstruction"}}, {"type": "Feature", "geometry": {"type": "Point", "coordinates": [-118.27472, 33.73046]}, "properties": {"id": "obstruction-harbour-293307", "name": null, "structure_type": "obstruction"}}, {"type": "Feature", "geometry": {"type": "Point", "coordinates": [-118.26843, 33.7347]}, "properties": {"id": "obstruction-harbour-293308", "name": null, "structure_type": "obstruction"}}, {"type": "Feature", "geometry": {"type": "Point", "coordinates": [-118.22474, 33.74419]}, "properties": {"id": "obstruction-harbour-293309", "name": null, "structure_type": "obstruction"}}, {"type": "Feature", "geometry": {"type": "Point", "coordinates": [-118.17736, 33.7237]}, "properties": {"id": "obstruction-harbour-293310", "name": null, "structure_type": "obstruction"}}, {"type": "Feature", "geometry": {"type": "Point", "coordinates": [-118.18398, 33.74451]}, "properties": {"id": "obstruction-harbour-293311", "name": null, "structure_type": "obstruction"}}, {"type": "Feature", "geometry": {"type": "Point", "coordinates": [-118.17386, 33.72453]}, "properties": {"id": "obstruction-harbour-293312", "name": null, "structure_type": "obstruction"}}, {"type": "Feature", "geometry": {"type": "Point", "coordinates": [-118.19901, 33.7409]}, "properties": {"id": "obstruction-harbour-293313", "name": null, "structure_type": "obstruction"}}, {"type": "Feature", "geometry": {"type": "Point", "coordinates": [-118.17592, 33.72746]}, "properties": {"id": "obstruction-harbour-293314", "name": null, "structure_type": "obstruction"}}, {"type": "Feature", "geometry": {"type": "Point", "coordinates": [-118.16936, 33.69292]}, "properties": {"id": "obstruction-harbour-293315", "name": null, "structure_type": "obstruction"}}, {"type": "Feature", "geometry": {"type": "Point", "coordinates": [-118.13135, 33.69556]}, "properties": {"id": "obstruction-harbour-293316", "name": null, "structure_type": "obstruction"}}, {"type": "Feature", "geometry": {"type": "Point", "coordinates": [-118.1603, 33.71995]}, "properties": {"id": "obstruction-harbour-293317", "name": null, "structure_type": "obstruction"}}, {"type": "Feature", "geometry": {"type": "Point", "coordinates": [-118.17055, 33.72354]}, "properties": {"id": "obstruction-harbour-293318", "name": null, "structure_type": "obstruction"}}, {"type": "Feature", "geometry": {"type": "Point", "coordinates": [-118.18947, 33.72368]}, "properties": {"id": "obstruction-harbour-293319", "name": null, "structure_type": "obstruction"}}, {"type": "Feature", "geometry": {"type": "Point", "coordinates": [-118.18954, 33.7484]}, "properties": {"id": "obstruction-harbour-293320", "name": null, "structure_type": "obstruction"}}, {"type": "Feature", "geometry": {"type": "Point", "coordinates": [-118.15858, 33.74938]}, "properties": {"id": "obstruction-harbour-293321", "name": null, "structure_type": "obstruction"}}, {"type": "Feature", "geometry": {"type": "Point", "coordinates": [-118.15724, 33.73993]}, "properties": {"id": "obstruction-harbour-293322", "name": null, "structure_type": "obstruction"}}, {"type": "Feature", "geometry": {"type": "Point", "coordinates": [-118.16106, 33.74283]}, "properties": {"id": "obstruction-harbour-293323", "name": null, "structure_type": "obstruction"}}, {"type": "Feature", "geometry": {"type": "Point", "coordinates": [-118.18809, 33.74888]}, "properties": {"id": "obstruction-harbour-293324", "name": null, "structure_type": "obstruction"}}, {"type": "Feature", "geometry": {"type": "Point", "coordinates": [-118.18895, 33.69808]}, "properties": {"id": "obstruction-harbour-293325", "name": null, "structure_type": "obstruction"}}, {"type": "Feature", "geometry": {"type": "Point", "coordinates": [-118.19589, 33.71049]}, "properties": {"id": "obstruction-harbour-293326", "name": null, "structure_type": "obstruction"}}, {"type": "Feature", "geometry": {"type": "Point", "coordinates": [-118.17628, 33.7104]}, "properties": {"id": "obstruction-harbour-293327", "name": null, "structure_type": "obstruction"}}, {"type": "Feature", "geometry": {"type": "Point", "coordinates": [-118.18734, 33.71022]}, "properties": {"id": "obstruction-harbour-293328", "name": null, "structure_type": "obstruction"}}, {"type": "Feature", "geometry": {"type": "Point", "coordinates": [-118.19864, 33.71265]}, "properties": {"id": "obstruction-harbour-293329", "name": null, "structure_type": "obstruction"}}, {"type": "Feature", "geometry": {"type": "Point", "coordinates": [-118.13952, 33.72586]}, "properties": {"id": "obstruction-harbour-293330", "name": null, "structure_type": "obstruction"}}, {"type": "Feature", "geometry": {"type": "Point", "coordinates": [-118.14802, 33.74494]}, "properties": {"id": "obstruction-harbour-293331", "name": null, "structure_type": "obstruction"}}, {"type": "Feature", "geometry": {"type": "Point", "coordinates": [-118.12788, 33.73258]}, "properties": {"id": "obstruction-harbour-293332", "name": null, "structure_type": "obstruction"}}, {"type": "Feature", "geometry": {"type": "Point", "coordinates": [-118.1281, 33.72182]}, "properties": {"id": "obstruction-harbour-293333", "name": null, "structure_type": "obstruction"}}, {"type": "Feature", "geometry": {"type": "Point", "coordinates": [-118.12718, 33.73337]}, "properties": {"id": "obstruction-harbour-293334", "name": null, "structure_type": "obstruction"}}, {"type": "Feature", "geometry": {"type": "Point", "coordinates": [-118.12833, 33.72927]}, "properties": {"id": "obstruction-harbour-293335", "name": null, "structure_type": "obstruction"}}, {"type": "Feature", "geometry": {"type": "Point", "coordinates": [-118.14099, 33.72617]}, "properties": {"id": "obstruction-harbour-293336", "name": null, "structure_type": "obstruction"}}, {"type": "Feature", "geometry": {"type": "Point", "coordinates": [-118.1474, 33.74346]}, "properties": {"id": "obstruction-harbour-293337", "name": null, "structure_type": "obstruction"}}, {"type": "Feature", "geometry": {"type": "Point", "coordinates": [-118.13257, 33.74935]}, "properties": {"id": "obstruction-harbour-293338", "name": null, "structure_type": "obstruction"}}, {"type": "Feature", "geometry": {"type": "Point", "coordinates": [-118.12875, 33.74328]}, "properties": {"id": "obstruction-harbour-293339", "name": null, "structure_type": "obstruction"}}, {"type": "Feature", "geometry": {"type": "Point", "coordinates": [-118.14528, 33.72864]}, "properties": {"id": "obstruction-harbour-293340", "name": null, "structure_type": "obstruction"}}, {"type": "Feature", "geometry": {"type": "Point", "coordinates": [-118.1265, 33.736]}, "properties": {"id": "obstruction-harbour-293341", "name": null, "structure_type": "obstruction"}}, {"type": "Feature", "geometry": {"type": "Point", "coordinates": [-118.13123, 33.72698]}, "properties": {"id": "obstruction-harbour-293342", "name": null, "structure_type": "obstruction"}}, {"type": "Feature", "geometry": {"type": "Point", "coordinates": [-118.17981, 33.74426]}, "properties": {"id": "obstruction-harbour-293343", "name": null, "structure_type": "obstruction"}}, {"type": "Feature", "geometry": {"type": "Point", "coordinates": [-118.10909, 33.72036]}, "properties": {"id": "obstruction-harbour-293344", "name": null, "structure_type": "obstruction"}}, {"type": "Feature", "geometry": {"type": "Point", "coordinates": [-118.08635, 33.73139]}, "properties": {"id": "obstruction-harbour-293345", "name": null, "structure_type": "obstruction"}}, {"type": "Feature", "geometry": {"type": "Point", "coordinates": [-118.09853, 33.72787]}, "properties": {"id": "obstruction-harbour-293346", "name": null, "structure_type": "obstruction"}}, {"type": "Feature", "geometry": {"type": "Point", "coordinates": [-118.11059, 33.71948]}, "properties": {"id": "obstruction-harbour-293347", "name": null, "structure_type": "obstruction"}}, {"type": "Feature", "geometry": {"type": "Point", "coordinates": [-118.07613, 33.68693]}, "properties": {"id": "obstruction-harbour-293348", "name": null, "structure_type": "obstruction"}}, {"type": "Feature", "geometry": {"type": "Point", "coordinates": [-118.08681, 33.73124]}, "properties": {"id": "obstruction-harbour-293349", "name": null, "structure_type": "obstruction"}}, {"type": "Feature", "geometry": {"type": "Point", "coordinates": [-118.08601, 33.70369]}, "properties": {"id": "obstruction-harbour-293351", "name": null, "structure_type": "obstruction"}}, {"type": "Feature", "geometry": {"type": "Point", "coordinates": [-118.09957, 33.72735]}, "properties": {"id": "obstruction-harbour-293352", "name": null, "structure_type": "obstruction"}}, {"type": "Feature", "geometry": {"type": "Point", "coordinates": [-118.12261, 33.73757]}, "properties": {"id": "obstruction-harbour-293353", "name": null, "structure_type": "obstruction"}}, {"type": "Feature", "geometry": {"type": "Point", "coordinates": [-118.08816, 33.7067]}, "properties": {"id": "obstruction-harbour-293355", "name": null, "structure_type": "obstruction"}}, {"type": "Feature", "geometry": {"type": "Point", "coordinates": [-118.12422, 33.72119]}, "properties": {"id": "obstruction-harbour-293356", "name": null, "structure_type": "obstruction"}}, {"type": "Feature", "geometry": {"type": "Point", "coordinates": [-118.09883, 33.72778]}, "properties": {"id": "obstruction-harbour-293357", "name": null, "structure_type": "obstruction"}}, {"type": "Feature", "geometry": {"type": "Point", "coordinates": [-118.11758, 33.7209]}, "properties": {"id": "obstruction-harbour-293358", "name": null, "structure_type": "obstruction"}}, {"type": "Feature", "geometry": {"type": "Point", "coordinates": [-118.27954, 33.76835]}, "properties": {"id": "obstruction-harbour-293360", "name": null, "structure_type": "obstruction"}}, {"type": "Feature", "geometry": {"type": "Point", "coordinates": [-118.27907, 33.76859]}, "properties": {"id": "obstruction-harbour-293361", "name": null, "structure_type": "obstruction"}}, {"type": "Feature", "geometry": {"type": "Point", "coordinates": [-118.28516, 33.75548]}, "properties": {"id": "obstruction-harbour-293362", "name": null, "structure_type": "obstruction"}}, {"type": "Feature", "geometry": {"type": "Point", "coordinates": [-118.28459, 33.75555]}, "properties": {"id": "obstruction-harbour-293363", "name": null, "structure_type": "obstruction"}}, {"type": "Feature", "geometry": {"type": "Point", "coordinates": [-118.2476, 33.77325]}, "properties": {"id": "obstruction-harbour-293365", "name": null, "structure_type": "obstruction"}}, {"type": "Feature", "geometry": {"type": "Point", "coordinates": [-118.22706, 33.75574]}, "properties": {"id": "obstruction-harbour-293366", "name": null, "structure_type": "obstruction"}}, {"type": "Feature", "geometry": {"type": "Point", "coordinates": [-118.21666, 33.76885]}, "properties": {"id": "obstruction-harbour-293367", "name": null, "structure_type": "obstruction"}}, {"type": "Feature", "geometry": {"type": "Point", "coordinates": [-118.21615, 33.76905]}, "properties": {"id": "obstruction-harbour-293369", "name": null, "structure_type": "obstruction"}}, {"type": "Feature", "geometry": {"type": "Point", "coordinates": [-118.21546, 33.76937]}, "properties": {"id": "obstruction-harbour-293370", "name": null, "structure_type": "obstruction"}}, {"type": "Feature", "geometry": {"type": "Point", "coordinates": [-118.26302, 33.76601]}, "properties": {"id": "obstruction-harbour-293374", "name": null, "structure_type": "obstruction"}}, {"type": "Feature", "geometry": {"type": "Point", "coordinates": [-118.26313, 33.76561]}, "properties": {"id": "obstruction-harbour-293376", "name": null, "structure_type": "obstruction"}}, {"type": "Feature", "geometry": {"type": "Point", "coordinates": [-118.2205, 33.76891]}, "properties": {"id": "obstruction-harbour-293380", "name": null, "structure_type": "obstruction"}}, {"type": "Feature", "geometry": {"type": "Point", "coordinates": [-118.24808, 33.77223]}, "properties": {"id": "obstruction-harbour-293381", "name": null, "structure_type": "obstruction"}}, {"type": "Feature", "geometry": {"type": "Point", "coordinates": [-118.21943, 33.76776]}, "properties": {"id": "obstruction-harbour-293383", "name": null, "structure_type": "obstruction"}}, {"type": "Feature", "geometry": {"type": "Point", "coordinates": [-118.24709, 33.76475]}, "properties": {"id": "obstruction-harbour-293384", "name": null, "structure_type": "obstruction"}}, {"type": "Feature", "geometry": {"type": "Point", "coordinates": [-118.22041, 33.77159]}, "properties": {"id": "obstruction-harbour-293385", "name": null, "structure_type": "obstruction"}}, {"type": "Feature", "geometry": {"type": "Point", "coordinates": [-118.21149, 33.77172]}, "properties": {"id": "obstruction-harbour-293386", "name": null, "structure_type": "obstruction"}}, {"type": "Feature", "geometry": {"type": "Point", "coordinates": [-118.21168, 33.77092]}, "properties": {"id": "obstruction-harbour-293387", "name": null, "structure_type": "obstruction"}}, {"type": "Feature", "geometry": {"type": "Point", "coordinates": [-118.27428, 33.75745]}, "properties": {"id": "obstruction-harbour-293388", "name": null, "structure_type": "obstruction"}}, {"type": "Feature", "geometry": {"type": "Point", "coordinates": [-118.23786, 33.76543]}, "properties": {"id": "obstruction-harbour-293389", "name": null, "structure_type": "obstruction"}}, {"type": "Feature", "geometry": {"type": "Point", "coordinates": [-118.23717, 33.76573]}, "properties": {"id": "obstruction-harbour-293390", "name": null, "structure_type": "obstruction"}}, {"type": "Feature", "geometry": {"type": "Point", "coordinates": [-118.14423, 33.75451]}, "properties": {"id": "obstruction-harbour-293391", "name": null, "structure_type": "obstruction"}}, {"type": "Feature", "geometry": {"type": "Point", "coordinates": [-118.18695, 33.75411]}, "properties": {"id": "obstruction-harbour-293392", "name": null, "structure_type": "obstruction"}}, {"type": "Feature", "geometry": {"type": "Point", "coordinates": [-118.15714, 33.75304]}, "properties": {"id": "obstruction-harbour-293393", "name": null, "structure_type": "obstruction"}}, {"type": "Feature", "geometry": {"type": "Point", "coordinates": [-118.18204, 33.75812]}, "properties": {"id": "obstruction-harbour-293394", "name": null, "structure_type": "obstruction"}}, {"type": "Feature", "geometry": {"type": "Point", "coordinates": [-118.18978, 33.75504]}, "properties": {"id": "obstruction-harbour-293395", "name": null, "structure_type": "obstruction"}}, {"type": "Feature", "geometry": {"type": "Point", "coordinates": [-118.17143, 33.75333]}, "properties": {"id": "obstruction-harbour-293396", "name": null, "structure_type": "obstruction"}}, {"type": "Feature", "geometry": {"type": "Point", "coordinates": [-118.17771, 33.76006]}, "properties": {"id": "obstruction-harbour-293397", "name": null, "structure_type": "obstruction"}}, {"type": "Feature", "geometry": {"type": "Point", "coordinates": [-118.19143, 33.76178]}, "properties": {"id": "obstruction-harbour-293398", "name": null, "structure_type": "obstruction"}}, {"type": "Feature", "geometry": {"type": "Point", "coordinates": [-118.16821, 33.75719]}, "properties": {"id": "obstruction-harbour-293399", "name": null, "structure_type": "obstruction"}}, {"type": "Feature", "geometry": {"type": "Point", "coordinates": [-118.16687, 33.76104]}, "properties": {"id": "obstruction-harbour-293400", "name": null, "structure_type": "obstruction"}}, {"type": "Feature", "geometry": {"type": "Point", "coordinates": [-118.15642, 33.75769]}, "properties": {"id": "obstruction-harbour-293401", "name": null, "structure_type": "obstruction"}}, {"type": "Feature", "geometry": {"type": "Point", "coordinates": [-118.19234, 33.75954]}, "properties": {"id": "obstruction-harbour-293402", "name": null, "structure_type": "obstruction"}}, {"type": "Feature", "geometry": {"type": "Point", "coordinates": [-118.14766, 33.75587]}, "properties": {"id": "obstruction-harbour-293403", "name": null, "structure_type": "obstruction"}}, {"type": "Feature", "geometry": {"type": "Point", "coordinates": [-118.14818, 33.75584]}, "properties": {"id": "obstruction-harbour-293404", "name": null, "structure_type": "obstruction"}}, {"type": "Feature", "geometry": {"type": "Point", "coordinates": [-118.15026, 33.75575]}, "properties": {"id": "obstruction-harbour-293405", "name": null, "structure_type": "obstruction"}}, {"type": "Feature", "geometry": {"type": "Point", "coordinates": [-118.14927, 33.75592]}, "properties": {"id": "obstruction-harbour-293406", "name": null, "structure_type": "obstruction"}}, {"type": "Feature", "geometry": {"type": "Point", "coordinates": [-118.1841, 33.75511]}, "properties": {"id": "obstruction-harbour-293407", "name": null, "structure_type": "obstruction"}}, {"type": "Feature", "geometry": {"type": "Point", "coordinates": [-119.17564, 34.12271]}, "properties": {"id": "obstruction-harbour-301206", "name": null, "structure_type": "obstruction"}}, {"type": "Feature", "geometry": {"type": "Point", "coordinates": [-119.18846, 34.12354]}, "properties": {"id": "obstruction-harbour-301207", "name": null, "structure_type": "obstruction"}}, {"type": "Feature", "geometry": {"type": "Point", "coordinates": [-119.19605, 34.11907]}, "properties": {"id": "obstruction-harbour-301208", "name": null, "structure_type": "obstruction"}}, {"type": "Feature", "geometry": {"type": "Point", "coordinates": [-119.17425, 34.12391]}, "properties": {"id": "obstruction-harbour-301209", "name": null, "structure_type": "obstruction"}}, {"type": "Feature", "geometry": {"type": "Point", "coordinates": [-119.28351, 34.12603]}, "properties": {"id": "obstruction-harbour-301210", "name": null, "structure_type": "obstruction"}}, {"type": "Feature", "geometry": {"type": "Point", "coordinates": [-119.26075, 34.13254]}, "properties": {"id": "obstruction-harbour-301211", "name": null, "structure_type": "obstruction"}}, {"type": "Feature", "geometry": {"type": "Point", "coordinates": [-119.23979, 34.15752]}, "properties": {"id": "obstruction-harbour-301212", "name": null, "structure_type": "obstruction"}}, {"type": "Feature", "geometry": {"type": "Point", "coordinates": [-119.19632, 34.13278]}, "properties": {"id": "obstruction-harbour-301213", "name": null, "structure_type": "obstruction"}}, {"type": "Feature", "geometry": {"type": "Point", "coordinates": [-119.19998, 34.13401]}, "properties": {"id": "obstruction-harbour-301214", "name": null, "structure_type": "obstruction"}}, {"type": "Feature", "geometry": {"type": "Point", "coordinates": [-119.20339, 34.13568]}, "properties": {"id": "obstruction-harbour-301215", "name": null, "structure_type": "obstruction"}}, {"type": "Feature", "geometry": {"type": "Point", "coordinates": [-119.20923, 34.15352]}, "properties": {"id": "obstruction-harbour-301216", "name": null, "structure_type": "obstruction"}}, {"type": "Feature", "geometry": {"type": "Point", "coordinates": [-119.21237, 34.14336]}, "properties": {"id": "obstruction-harbour-301217", "name": null, "structure_type": "obstruction"}}, {"type": "Feature", "geometry": {"type": "Point", "coordinates": [-119.21584, 34.14187]}, "properties": {"id": "obstruction-harbour-301218", "name": null, "structure_type": "obstruction"}}, {"type": "Feature", "geometry": {"type": "Point", "coordinates": [-119.2229, 34.16497]}, "properties": {"id": "obstruction-harbour-301219", "name": null, "structure_type": "obstruction"}}, {"type": "Feature", "geometry": {"type": "Point", "coordinates": [-119.20834, 34.15329]}, "properties": {"id": "obstruction-harbour-301220", "name": null, "structure_type": "obstruction"}}, {"type": "Feature", "geometry": {"type": "Point", "coordinates": [-119.24296, 34.15257]}, "properties": {"id": "obstruction-harbour-301222", "name": null, "structure_type": "obstruction"}}, {"type": "Feature", "geometry": {"type": "Point", "coordinates": [-119.20476, 34.13147]}, "properties": {"id": "obstruction-harbour-301223", "name": null, "structure_type": "obstruction"}}, {"type": "Feature", "geometry": {"type": "Point", "coordinates": [-119.24045, 34.16749]}, "properties": {"id": "obstruction-harbour-301224", "name": null, "structure_type": "obstruction"}}, {"type": "Feature", "geometry": {"type": "Point", "coordinates": [-119.20519, 34.13494]}, "properties": {"id": "obstruction-harbour-301225", "name": null, "structure_type": "obstruction"}}, {"type": "Feature", "geometry": {"type": "Point", "coordinates": [-119.20197, 34.14854]}, "properties": {"id": "obstruction-harbour-301226", "name": null, "structure_type": "obstruction"}}, {"type": "Feature", "geometry": {"type": "Point", "coordinates": [-119.21071, 34.14444]}, "properties": {"id": "obstruction-harbour-301227", "name": null, "structure_type": "obstruction"}}, {"type": "Feature", "geometry": {"type": "Point", "coordinates": [-119.23763, 34.17541]}, "properties": {"id": "obstruction-harbour-301228", "name": null, "structure_type": "obstruction"}}, {"type": "Feature", "geometry": {"type": "Point", "coordinates": [-119.20675, 34.13407]}, "properties": {"id": "obstruction-harbour-301229", "name": null, "structure_type": "obstruction"}}, {"type": "Feature", "geometry": {"type": "Point", "coordinates": [-119.28177, 34.24291]}, "properties": {"id": "obstruction-harbour-301230", "name": null, "structure_type": "obstruction"}}, {"type": "Feature", "geometry": {"type": "Point", "coordinates": [-122.45091, 37.47294]}, "properties": {"id": "obstruction-harbour-303773", "name": null, "structure_type": "obstruction"}}, {"type": "Feature", "geometry": {"type": "Point", "coordinates": [-122.45407, 37.47359]}, "properties": {"id": "obstruction-harbour-303774", "name": null, "structure_type": "obstruction"}}, {"type": "Feature", "geometry": {"type": "Point", "coordinates": [-122.27059, 37.57121]}, "properties": {"id": "obstruction-harbour-303775", "name": null, "structure_type": "obstruction"}}, {"type": "Feature", "geometry": {"type": "Point", "coordinates": [-122.2701, 37.57134]}, "properties": {"id": "obstruction-harbour-303776", "name": null, "structure_type": "obstruction"}}, {"type": "Feature", "geometry": {"type": "Point", "coordinates": [-122.2685, 37.57194]}, "properties": {"id": "obstruction-harbour-303777", "name": null, "structure_type": "obstruction"}}, {"type": "Feature", "geometry": {"type": "Point", "coordinates": [-122.23455, 37.56543]}, "properties": {"id": "obstruction-harbour-303778", "name": null, "structure_type": "obstruction"}}, {"type": "Feature", "geometry": {"type": "Point", "coordinates": [-122.19713, 37.55287]}, "properties": {"id": "obstruction-harbour-303779", "name": null, "structure_type": "obstruction"}}, {"type": "Feature", "geometry": {"type": "Point", "coordinates": [-122.20478, 37.52097]}, "properties": {"id": "obstruction-harbour-303780", "name": null, "structure_type": "obstruction"}}, {"type": "Feature", "geometry": {"type": "Point", "coordinates": [-122.2119, 37.50914]}, "properties": {"id": "obstruction-harbour-303781", "name": null, "structure_type": "obstruction"}}, {"type": "Feature", "geometry": {"type": "Point", "coordinates": [-122.24457, 37.56059]}, "properties": {"id": "obstruction-harbour-303782", "name": null, "structure_type": "obstruction"}}, {"type": "Feature", "geometry": {"type": "Point", "coordinates": [-122.2479, 37.5149]}, "properties": {"id": "obstruction-harbour-303783", "name": null, "structure_type": "obstruction"}}, {"type": "Feature", "geometry": {"type": "Point", "coordinates": [-122.24794, 37.51563]}, "properties": {"id": "obstruction-harbour-303785", "name": null, "structure_type": "obstruction"}}, {"type": "Feature", "geometry": {"type": "Point", "coordinates": [-122.21328, 37.51097]}, "properties": {"id": "obstruction-harbour-303786", "name": null, "structure_type": "obstruction"}}, {"type": "Feature", "geometry": {"type": "Point", "coordinates": [-122.24772, 37.51412]}, "properties": {"id": "obstruction-harbour-303787", "name": null, "structure_type": "obstruction"}}, {"type": "Feature", "geometry": {"type": "Point", "coordinates": [-122.21177, 37.50959]}, "properties": {"id": "obstruction-harbour-303788", "name": null, "structure_type": "obstruction"}}, {"type": "Feature", "geometry": {"type": "Point", "coordinates": [-122.24778, 37.51454]}, "properties": {"id": "obstruction-harbour-303789", "name": null, "structure_type": "obstruction"}}, {"type": "Feature", "geometry": {"type": "Point", "coordinates": [-122.21903, 37.56157]}, "properties": {"id": "obstruction-harbour-303790", "name": null, "structure_type": "obstruction"}}, {"type": "Feature", "geometry": {"type": "Point", "coordinates": [-122.20642, 37.51763]}, "properties": {"id": "obstruction-harbour-303791", "name": null, "structure_type": "obstruction"}}, {"type": "Feature", "geometry": {"type": "Point", "coordinates": [-122.19734, 37.53986]}, "properties": {"id": "obstruction-harbour-303792", "name": null, "structure_type": "obstruction"}}, {"type": "Feature", "geometry": {"type": "Point", "coordinates": [-122.24431, 37.56399]}, "properties": {"id": "obstruction-harbour-303794", "name": null, "structure_type": "obstruction"}}, {"type": "Feature", "geometry": {"type": "Point", "coordinates": [-122.24429, 37.56347]}, "properties": {"id": "obstruction-harbour-303795", "name": null, "structure_type": "obstruction"}}, {"type": "Feature", "geometry": {"type": "Point", "coordinates": [-122.19318, 37.54932]}, "properties": {"id": "obstruction-harbour-303796", "name": null, "structure_type": "obstruction"}}, {"type": "Feature", "geometry": {"type": "Point", "coordinates": [-122.19067, 37.5415]}, "properties": {"id": "obstruction-harbour-303797", "name": null, "structure_type": "obstruction"}}, {"type": "Feature", "geometry": {"type": "Point", "coordinates": [-122.21194, 37.51386]}, "properties": {"id": "obstruction-harbour-303799", "name": null, "structure_type": "obstruction"}}, {"type": "Feature", "geometry": {"type": "Point", "coordinates": [-122.37984, 37.63081]}, "properties": {"id": "obstruction-harbour-303802", "name": null, "structure_type": "obstruction"}}, {"type": "Feature", "geometry": {"type": "Point", "coordinates": [-122.34289, 37.60499]}, "properties": {"id": "obstruction-harbour-303803", "name": null, "structure_type": "obstruction"}}, {"type": "Feature", "geometry": {"type": "Point", "coordinates": [-122.38131, 37.64459]}, "properties": {"id": "obstruction-harbour-303804", "name": null, "structure_type": "obstruction"}}, {"type": "Feature", "geometry": {"type": "Point", "coordinates": [-122.38131, 37.63909]}, "properties": {"id": "obstruction-harbour-303805", "name": null, "structure_type": "obstruction"}}, {"type": "Feature", "geometry": {"type": "Point", "coordinates": [-122.33601, 37.59654]}, "properties": {"id": "obstruction-harbour-303806", "name": null, "structure_type": "obstruction"}}, {"type": "Feature", "geometry": {"type": "Point", "coordinates": [-122.38278, 37.6348]}, "properties": {"id": "obstruction-harbour-303807", "name": null, "structure_type": "obstruction"}}, {"type": "Feature", "geometry": {"type": "Point", "coordinates": [-122.36831, 37.63058]}, "properties": {"id": "obstruction-harbour-303808", "name": null, "structure_type": "obstruction"}}, {"type": "Feature", "geometry": {"type": "Point", "coordinates": [-122.38276, 37.63965]}, "properties": {"id": "obstruction-harbour-303809", "name": null, "structure_type": "obstruction"}}, {"type": "Feature", "geometry": {"type": "Point", "coordinates": [-122.38534, 37.64271]}, "properties": {"id": "obstruction-harbour-303810", "name": null, "structure_type": "obstruction"}}, {"type": "Feature", "geometry": {"type": "Point", "coordinates": [-122.38022, 37.63109]}, "properties": {"id": "obstruction-harbour-303811", "name": null, "structure_type": "obstruction"}}, {"type": "Feature", "geometry": {"type": "Point", "coordinates": [-122.38584, 37.64276]}, "properties": {"id": "obstruction-harbour-303812", "name": null, "structure_type": "obstruction"}}, {"type": "Feature", "geometry": {"type": "Point", "coordinates": [-122.37998, 37.64581]}, "properties": {"id": "obstruction-harbour-303813", "name": null, "structure_type": "obstruction"}}, {"type": "Feature", "geometry": {"type": "Point", "coordinates": [-122.33612, 37.60007]}, "properties": {"id": "obstruction-harbour-303814", "name": null, "structure_type": "obstruction"}}, {"type": "Feature", "geometry": {"type": "Point", "coordinates": [-122.33702, 37.60141]}, "properties": {"id": "obstruction-harbour-303815", "name": null, "structure_type": "obstruction"}}, {"type": "Feature", "geometry": {"type": "Point", "coordinates": [-122.26773, 37.58697]}, "properties": {"id": "obstruction-harbour-303816", "name": null, "structure_type": "obstruction"}}, {"type": "Feature", "geometry": {"type": "Point", "coordinates": [-122.2508, 37.58349]}, "properties": {"id": "obstruction-harbour-303817", "name": null, "structure_type": "obstruction"}}, {"type": "Feature", "geometry": {"type": "Point", "coordinates": [-122.29281, 37.58209]}, "properties": {"id": "obstruction-harbour-303818", "name": null, "structure_type": "obstruction"}}, {"type": "Feature", "geometry": {"type": "Point", "coordinates": [-122.3046, 37.58893]}, "properties": {"id": "obstruction-harbour-303819", "name": null, "structure_type": "obstruction"}}, {"type": "Feature", "geometry": {"type": "Point", "coordinates": [-122.28452, 37.6354]}, "properties": {"id": "obstruction-harbour-303820", "name": null, "structure_type": "obstruction"}}, {"type": "Feature", "geometry": {"type": "Point", "coordinates": [-122.27419, 37.61199]}, "properties": {"id": "obstruction-harbour-303821", "name": null, "structure_type": "obstruction"}}, {"type": "Feature", "geometry": {"type": "Point", "coordinates": [-122.29899, 37.57927]}, "properties": {"id": "obstruction-harbour-303822", "name": null, "structure_type": "obstruction"}}, {"type": "Feature", "geometry": {"type": "Point", "coordinates": [-122.25018, 37.58336]}, "properties": {"id": "obstruction-harbour-303823", "name": null, "structure_type": "obstruction"}}, {"type": "Feature", "geometry": {"type": "Point", "coordinates": [-122.37239, 37.71672]}, "properties": {"id": "obstruction-harbour-303824", "name": null, "structure_type": "obstruction"}}, {"type": "Feature", "geometry": {"type": "Point", "coordinates": [-122.35815, 37.68025]}, "properties": {"id": "obstruction-harbour-303825", "name": null, "structure_type": "obstruction"}}, {"type": "Feature", "geometry": {"type": "Point", "coordinates": [-122.36871, 37.71625]}, "properties": {"id": "obstruction-harbour-303826", "name": null, "structure_type": "obstruction"}}, {"type": "Feature", "geometry": {"type": "Point", "coordinates": [-122.38293, 37.66847]}, "properties": {"id": "obstruction-harbour-303827", "name": null, "structure_type": "obstruction"}}, {"type": "Feature", "geometry": {"type": "Point", "coordinates": [-122.37808, 37.71984]}, "properties": {"id": "obstruction-harbour-303828", "name": null, "structure_type": "obstruction"}}, {"type": "Feature", "geometry": {"type": "Point", "coordinates": [-122.37809, 37.72039]}, "properties": {"id": "obstruction-harbour-303829", "name": null, "structure_type": "obstruction"}}, {"type": "Feature", "geometry": {"type": "Point", "coordinates": [-122.38085, 37.66575]}, "properties": {"id": "obstruction-harbour-303830", "name": null, "structure_type": "obstruction"}}, {"type": "Feature", "geometry": {"type": "Point", "coordinates": [-122.39187, 37.7057]}, "properties": {"id": "obstruction-harbour-303832", "name": null, "structure_type": "obstruction"}}, {"type": "Feature", "geometry": {"type": "Point", "coordinates": [-122.18818, 37.69357]}, "properties": {"id": "obstruction-harbour-303833", "name": null, "structure_type": "obstruction"}}, {"type": "Feature", "geometry": {"type": "Point", "coordinates": [-122.18758, 37.69188]}, "properties": {"id": "obstruction-harbour-303834", "name": null, "structure_type": "obstruction"}}, {"type": "Feature", "geometry": {"type": "Point", "coordinates": [-122.1877, 37.69517]}, "properties": {"id": "obstruction-harbour-303835", "name": null, "structure_type": "obstruction"}}, {"type": "Feature", "geometry": {"type": "Point", "coordinates": [-122.18794, 37.69326]}, "properties": {"id": "obstruction-harbour-303836", "name": null, "structure_type": "obstruction"}}, {"type": "Feature", "geometry": {"type": "Point", "coordinates": [-122.19281, 37.69369]}, "properties": {"id": "obstruction-harbour-303837", "name": null, "structure_type": "obstruction"}}, {"type": "Feature", "geometry": {"type": "Point", "coordinates": [-122.19316, 37.66981]}, "properties": {"id": "obstruction-harbour-303838", "name": null, "structure_type": "obstruction"}}, {"type": "Feature", "geometry": {"type": "Point", "coordinates": [-122.35806, 37.79306]}, "properties": {"id": "obstruction-harbour-303840", "name": null, "structure_type": "obstruction"}}, {"type": "Feature", "geometry": {"type": "Point", "coordinates": [-122.39179, 37.79481]}, "properties": {"id": "obstruction-harbour-303841", "name": null, "structure_type": "obstruction"}}, {"type": "Feature", "geometry": {"type": "Point", "coordinates": [-122.38791, 37.7901]}, "properties": {"id": "obstruction-harbour-303842", "name": null, "structure_type": "obstruction"}}, {"type": "Feature", "geometry": {"type": "Point", "coordinates": [-122.32922, 37.79686]}, "properties": {"id": "obstruction-harbour-303843", "name": null, "structure_type": "obstruction"}}, {"type": "Feature", "geometry": {"type": "Point", "coordinates": [-122.33186, 37.7974]}, "properties": {"id": "obstruction-harbour-303844", "name": null, "structure_type": "obstruction"}}, {"type": "Feature", "geometry": {"type": "Point", "coordinates": [-122.33392, 37.79474]}, "properties": {"id": "obstruction-harbour-303845", "name": null, "structure_type": "obstruction"}}, {"type": "Feature", "geometry": {"type": "Point", "coordinates": [-122.33133, 37.79718]}, "properties": {"id": "obstruction-harbour-303847", "name": null, "structure_type": "obstruction"}}, {"type": "Feature", "geometry": {"type": "Point", "coordinates": [-122.37801, 37.74723]}, "properties": {"id": "obstruction-harbour-303849", "name": null, "structure_type": "obstruction"}}, {"type": "Feature", "geometry": {"type": "Point", "coordinates": [-122.35836, 37.73]}, "properties": {"id": "obstruction-harbour-303850", "name": null, "structure_type": "obstruction"}}, {"type": "Feature", "geometry": {"type": "Point", "coordinates": [-122.37978, 37.76381]}, "properties": {"id": "obstruction-harbour-303851", "name": null, "structure_type": "obstruction"}}, {"type": "Feature", "geometry": {"type": "Point", "coordinates": [-122.37848, 37.74711]}, "properties": {"id": "obstruction-harbour-303852", "name": null, "structure_type": "obstruction"}}, {"type": "Feature", "geometry": {"type": "Point", "coordinates": [-122.3592, 37.73061]}, "properties": {"id": "obstruction-harbour-303853", "name": null, "structure_type": "obstruction"}}, {"type": "Feature", "geometry": {"type": "Point", "coordinates": [-122.3957, 37.79828]}, "properties": {"id": "obstruction-harbour-303854", "name": null, "structure_type": "obstruction"}}, {"type": "Feature", "geometry": {"type": "Point", "coordinates": [-122.38114, 37.75345]}, "properties": {"id": "obstruction-harbour-303855", "name": null, "structure_type": "obstruction"}}, {"type": "Feature", "geometry": {"type": "Point", "coordinates": [-122.38034, 37.75332]}, "properties": {"id": "obstruction-harbour-303856", "name": null, "structure_type": "obstruction"}}, {"type": "Feature", "geometry": {"type": "Point", "coordinates": [-122.37479, 37.73744]}, "properties": {"id": "obstruction-harbour-303857", "name": null, "structure_type": "obstruction"}}, {"type": "Feature", "geometry": {"type": "Point", "coordinates": [-122.37507, 37.7358]}, "properties": {"id": "obstruction-harbour-303859", "name": null, "structure_type": "obstruction"}}, {"type": "Feature", "geometry": {"type": "Point", "coordinates": [-122.36686, 37.73246]}, "properties": {"id": "obstruction-harbour-303860", "name": null, "structure_type": "obstruction"}}, {"type": "Feature", "geometry": {"type": "Point", "coordinates": [-122.3672, 37.73221]}, "properties": {"id": "obstruction-harbour-303861", "name": null, "structure_type": "obstruction"}}, {"type": "Feature", "geometry": {"type": "Point", "coordinates": [-122.37052, 37.73357]}, "properties": {"id": "obstruction-harbour-303862", "name": null, "structure_type": "obstruction"}}, {"type": "Feature", "geometry": {"type": "Point", "coordinates": [-122.38011, 37.75501]}, "properties": {"id": "obstruction-harbour-303863", "name": null, "structure_type": "obstruction"}}, {"type": "Feature", "geometry": {"type": "Point", "coordinates": [-122.38071, 37.75513]}, "properties": {"id": "obstruction-harbour-303864", "name": null, "structure_type": "obstruction"}}, {"type": "Feature", "geometry": {"type": "Point", "coordinates": [-122.38159, 37.75488]}, "properties": {"id": "obstruction-harbour-303865", "name": null, "structure_type": "obstruction"}}, {"type": "Feature", "geometry": {"type": "Point", "coordinates": [-122.37636, 37.74729]}, "properties": {"id": "obstruction-harbour-303866", "name": null, "structure_type": "obstruction"}}, {"type": "Feature", "geometry": {"type": "Point", "coordinates": [-122.37888, 37.74717]}, "properties": {"id": "obstruction-harbour-303867", "name": null, "structure_type": "obstruction"}}, {"type": "Feature", "geometry": {"type": "Point", "coordinates": [-122.38686, 37.74756]}, "properties": {"id": "obstruction-harbour-303868", "name": null, "structure_type": "obstruction"}}, {"type": "Feature", "geometry": {"type": "Point", "coordinates": [-122.3876, 37.74753]}, "properties": {"id": "obstruction-harbour-303869", "name": null, "structure_type": "obstruction"}}, {"type": "Feature", "geometry": {"type": "Point", "coordinates": [-122.38725, 37.77818]}, "properties": {"id": "obstruction-harbour-303871", "name": null, "structure_type": "obstruction"}}, {"type": "Feature", "geometry": {"type": "Point", "coordinates": [-122.38616, 37.76371]}, "properties": {"id": "obstruction-harbour-303872", "name": null, "structure_type": "obstruction"}}, {"type": "Feature", "geometry": {"type": "Point", "coordinates": [-122.38648, 37.76412]}, "properties": {"id": "obstruction-harbour-303873", "name": null, "structure_type": "obstruction"}}, {"type": "Feature", "geometry": {"type": "Point", "coordinates": [-122.38654, 37.76373]}, "properties": {"id": "obstruction-harbour-303874", "name": null, "structure_type": "obstruction"}}, {"type": "Feature", "geometry": {"type": "Point", "coordinates": [-122.3877, 37.77804]}, "properties": {"id": "obstruction-harbour-303877", "name": null, "structure_type": "obstruction"}}, {"type": "Feature", "geometry": {"type": "Point", "coordinates": [-122.39725, 37.77114]}, "properties": {"id": "obstruction-harbour-303878", "name": null, "structure_type": "obstruction"}}, {"type": "Feature", "geometry": {"type": "Point", "coordinates": [-122.39826, 37.7707]}, "properties": {"id": "obstruction-harbour-303879", "name": null, "structure_type": "obstruction"}}, {"type": "Feature", "geometry": {"type": "Point", "coordinates": [-122.39846, 37.77017]}, "properties": {"id": "obstruction-harbour-303880", "name": null, "structure_type": "obstruction"}}, {"type": "Feature", "geometry": {"type": "Point", "coordinates": [-122.38961, 37.79183]}, "properties": {"id": "obstruction-harbour-303881", "name": null, "structure_type": "obstruction"}}, {"type": "Feature", "geometry": {"type": "Point", "coordinates": [-122.38862, 37.79116]}, "properties": {"id": "obstruction-harbour-303883", "name": null, "structure_type": "obstruction"}}, {"type": "Feature", "geometry": {"type": "Point", "coordinates": [-122.39072, 37.79274]}, "properties": {"id": "obstruction-harbour-303885", "name": null, "structure_type": "obstruction"}}, {"type": "Feature", "geometry": {"type": "Point", "coordinates": [-122.39, 37.79215]}, "properties": {"id": "obstruction-harbour-303886", "name": null, "structure_type": "obstruction"}}, {"type": "Feature", "geometry": {"type": "Point", "coordinates": [-122.39303, 37.79635]}, "properties": {"id": "obstruction-harbour-303889", "name": null, "structure_type": "obstruction"}}, {"type": "Feature", "geometry": {"type": "Point", "coordinates": [-122.39516, 37.79847]}, "properties": {"id": "obstruction-harbour-303890", "name": null, "structure_type": "obstruction"}}, {"type": "Feature", "geometry": {"type": "Point", "coordinates": [-122.39552, 37.79875]}, "properties": {"id": "obstruction-harbour-303900", "name": null, "structure_type": "obstruction"}}, {"type": "Feature", "geometry": {"type": "Point", "coordinates": [-122.35205, 37.76364]}, "properties": {"id": "obstruction-harbour-303903", "name": null, "structure_type": "obstruction"}}, {"type": "Feature", "geometry": {"type": "Point", "coordinates": [-122.35628, 37.76315]}, "properties": {"id": "obstruction-harbour-303904", "name": null, "structure_type": "obstruction"}}, {"type": "Feature", "geometry": {"type": "Point", "coordinates": [-122.35512, 37.76388]}, "properties": {"id": "obstruction-harbour-303905", "name": null, "structure_type": "obstruction"}}, {"type": "Feature", "geometry": {"type": "Point", "coordinates": [-122.3529, 37.75864]}, "properties": {"id": "obstruction-harbour-303906", "name": null, "structure_type": "obstruction"}}, {"type": "Feature", "geometry": {"type": "Point", "coordinates": [-122.35361, 37.76104]}, "properties": {"id": "obstruction-harbour-303907", "name": null, "structure_type": "obstruction"}}, {"type": "Feature", "geometry": {"type": "Point", "coordinates": [-122.35485, 37.76242]}, "properties": {"id": "obstruction-harbour-303908", "name": null, "structure_type": "obstruction"}}, {"type": "Feature", "geometry": {"type": "Point", "coordinates": [-122.34332, 37.75838]}, "properties": {"id": "obstruction-harbour-303909", "name": null, "structure_type": "obstruction"}}, {"type": "Feature", "geometry": {"type": "Point", "coordinates": [-122.34974, 37.73942]}, "properties": {"id": "obstruction-harbour-303910", "name": null, "structure_type": "obstruction"}}, {"type": "Feature", "geometry": {"type": "Point", "coordinates": [-122.34769, 37.73858]}, "properties": {"id": "obstruction-harbour-303911", "name": null, "structure_type": "obstruction"}}, {"type": "Feature", "geometry": {"type": "Point", "coordinates": [-122.35439, 37.74391]}, "properties": {"id": "obstruction-harbour-303912", "name": null, "structure_type": "obstruction"}}, {"type": "Feature", "geometry": {"type": "Point", "coordinates": [-122.35108, 37.74194]}, "properties": {"id": "obstruction-harbour-303913", "name": null, "structure_type": "obstruction"}}, {"type": "Feature", "geometry": {"type": "Point", "coordinates": [-122.35355, 37.74175]}, "properties": {"id": "obstruction-harbour-303914", "name": null, "structure_type": "obstruction"}}, {"type": "Feature", "geometry": {"type": "Point", "coordinates": [-122.35218, 37.74134]}, "properties": {"id": "obstruction-harbour-303915", "name": null, "structure_type": "obstruction"}}, {"type": "Feature", "geometry": {"type": "Point", "coordinates": [-122.34568, 37.72763]}, "properties": {"id": "obstruction-harbour-303916", "name": null, "structure_type": "obstruction"}}, {"type": "Feature", "geometry": {"type": "Point", "coordinates": [-122.39313, 37.79741]}, "properties": {"id": "obstruction-harbour-303917", "name": null, "structure_type": "obstruction"}}, {"type": "Feature", "geometry": {"type": "Point", "coordinates": [-122.39354, 37.7973]}, "properties": {"id": "obstruction-harbour-303919", "name": null, "structure_type": "obstruction"}}, {"type": "Feature", "geometry": {"type": "Point", "coordinates": [-122.39307, 37.79704]}, "properties": {"id": "obstruction-harbour-303921", "name": null, "structure_type": "obstruction"}}, {"type": "Feature", "geometry": {"type": "Point", "coordinates": [-122.393, 37.79837]}, "properties": {"id": "obstruction-harbour-303922", "name": null, "structure_type": "obstruction"}}, {"type": "Feature", "geometry": {"type": "Point", "coordinates": [-122.34517, 37.732]}, "properties": {"id": "obstruction-harbour-303923", "name": null, "structure_type": "obstruction"}}, {"type": "Feature", "geometry": {"type": "Point", "coordinates": [-122.371, 37.73383]}, "properties": {"id": "obstruction-harbour-303924", "name": null, "structure_type": "obstruction"}}, {"type": "Feature", "geometry": {"type": "Point", "coordinates": [-122.33856, 37.74572]}, "properties": {"id": "obstruction-harbour-303925", "name": null, "structure_type": "obstruction"}}, {"type": "Feature", "geometry": {"type": "Point", "coordinates": [-122.3603, 37.78717]}, "properties": {"id": "obstruction-harbour-303926", "name": null, "structure_type": "obstruction"}}, {"type": "Feature", "geometry": {"type": "Point", "coordinates": [-122.3599, 37.73064]}, "properties": {"id": "obstruction-harbour-303927", "name": null, "structure_type": "obstruction"}}, {"type": "Feature", "geometry": {"type": "Point", "coordinates": [-122.33258, 37.79595]}, "properties": {"id": "obstruction-harbour-303928", "name": null, "structure_type": "obstruction"}}, {"type": "Feature", "geometry": {"type": "Point", "coordinates": [-122.33805, 37.78881]}, "properties": {"id": "obstruction-harbour-303930", "name": null, "structure_type": "obstruction"}}, {"type": "Feature", "geometry": {"type": "Point", "coordinates": [-122.33219, 37.79595]}, "properties": {"id": "obstruction-harbour-303931", "name": null, "structure_type": "obstruction"}}, {"type": "Feature", "geometry": {"type": "Point", "coordinates": [-122.33951, 37.78972]}, "properties": {"id": "obstruction-harbour-303932", "name": null, "structure_type": "obstruction"}}, {"type": "Feature", "geometry": {"type": "Point", "coordinates": [-122.34781, 37.77604]}, "properties": {"id": "obstruction-harbour-303933", "name": null, "structure_type": "obstruction"}}, {"type": "Feature", "geometry": {"type": "Point", "coordinates": [-122.38491, 37.78838]}, "properties": {"id": "obstruction-harbour-303934", "name": null, "structure_type": "obstruction"}}, {"type": "Feature", "geometry": {"type": "Point", "coordinates": [-122.3549, 37.77471]}, "properties": {"id": "obstruction-harbour-303935", "name": null, "structure_type": "obstruction"}}, {"type": "Feature", "geometry": {"type": "Point", "coordinates": [-122.37366, 37.74963]}, "properties": {"id": "obstruction-harbour-303936", "name": null, "structure_type": "obstruction"}}, {"type": "Feature", "geometry": {"type": "Point", "coordinates": [-122.35007, 37.7462]}, "properties": {"id": "obstruction-harbour-303937", "name": null, "structure_type": "obstruction"}}, {"type": "Feature", "geometry": {"type": "Point", "coordinates": [-122.36161, 37.73081]}, "properties": {"id": "obstruction-harbour-303938", "name": null, "structure_type": "obstruction"}}, {"type": "Feature", "geometry": {"type": "Point", "coordinates": [-122.38066, 37.75831]}, "properties": {"id": "obstruction-harbour-303939", "name": null, "structure_type": "obstruction"}}, {"type": "Feature", "geometry": {"type": "Point", "coordinates": [-122.38115, 37.75511]}, "properties": {"id": "obstruction-harbour-303940", "name": null, "structure_type": "obstruction"}}, {"type": "Feature", "geometry": {"type": "Point", "coordinates": [-122.36786, 37.73291]}, "properties": {"id": "obstruction-harbour-303941", "name": null, "structure_type": "obstruction"}}, {"type": "Feature", "geometry": {"type": "Point", "coordinates": [-122.37328, 37.73559]}, "properties": {"id": "obstruction-harbour-303942", "name": null, "structure_type": "obstruction"}}, {"type": "Feature", "geometry": {"type": "Point", "coordinates": [-122.3502, 37.74553]}, "properties": {"id": "obstruction-harbour-303943", "name": null, "structure_type": "obstruction"}}, {"type": "Feature", "geometry": {"type": "Point", "coordinates": [-122.26128, 37.787]}, "properties": {"id": "obstruction-harbour-303944", "name": null, "structure_type": "obstruction"}}, {"type": "Feature", "geometry": {"type": "Point", "coordinates": [-122.25746, 37.7362]}, "properties": {"id": "obstruction-harbour-303945", "name": null, "structure_type": "obstruction"}}, {"type": "Feature", "geometry": {"type": "Point", "coordinates": [-122.25709, 37.73624]}, "properties": {"id": "obstruction-harbour-303946", "name": null, "structure_type": "obstruction"}}, {"type": "Feature", "geometry": {"type": "Point", "coordinates": [-122.25343, 37.77954]}, "properties": {"id": "obstruction-harbour-303948", "name": null, "structure_type": "obstruction"}}, {"type": "Feature", "geometry": {"type": "Point", "coordinates": [-122.2768, 37.79365]}, "properties": {"id": "obstruction-harbour-303949", "name": null, "structure_type": "obstruction"}}, {"type": "Feature", "geometry": {"type": "Point", "coordinates": [-122.30213, 37.7761]}, "properties": {"id": "obstruction-harbour-303950", "name": null, "structure_type": "obstruction"}}, {"type": "Feature", "geometry": {"type": "Point", "coordinates": [-122.25831, 37.78571]}, "properties": {"id": "obstruction-harbour-303951", "name": null, "structure_type": "obstruction"}}, {"type": "Feature", "geometry": {"type": "Point", "coordinates": [-122.27992, 37.76661]}, "properties": {"id": "obstruction-harbour-303952", "name": null, "structure_type": "obstruction"}}, {"type": "Feature", "geometry": {"type": "Point", "coordinates": [-122.2927, 37.76747]}, "properties": {"id": "obstruction-harbour-303953", "name": null, "structure_type": "obstruction"}}, {"type": "Feature", "geometry": {"type": "Point", "coordinates": [-122.26791, 37.78918]}, "properties": {"id": "obstruction-harbour-303954", "name": null, "structure_type": "obstruction"}}, {"type": "Feature", "geometry": {"type": "Point", "coordinates": [-122.29971, 37.77588]}, "properties": {"id": "obstruction-harbour-303955", "name": null, "structure_type": "obstruction"}}, {"type": "Feature", "geometry": {"type": "Point", "coordinates": [-122.25288, 37.77948]}, "properties": {"id": "obstruction-harbour-303956", "name": null, "structure_type": "obstruction"}}, {"type": "Feature", "geometry": {"type": "Point", "coordinates": [-122.25673, 37.75361]}, "properties": {"id": "obstruction-harbour-303957", "name": null, "structure_type": "obstruction"}}, {"type": "Feature", "geometry": {"type": "Point", "coordinates": [-122.30378, 37.77609]}, "properties": {"id": "obstruction-harbour-303958", "name": null, "structure_type": "obstruction"}}, {"type": "Feature", "geometry": {"type": "Point", "coordinates": [-122.30293, 37.77609]}, "properties": {"id": "obstruction-harbour-303959", "name": null, "structure_type": "obstruction"}}, {"type": "Feature", "geometry": {"type": "Point", "coordinates": [-122.29358, 37.79369]}, "properties": {"id": "obstruction-harbour-303960", "name": null, "structure_type": "obstruction"}}, {"type": "Feature", "geometry": {"type": "Point", "coordinates": [-122.30251, 37.79082]}, "properties": {"id": "obstruction-harbour-303962", "name": null, "structure_type": "obstruction"}}, {"type": "Feature", "geometry": {"type": "Point", "coordinates": [-122.30601, 37.77246]}, "properties": {"id": "obstruction-harbour-303963", "name": null, "structure_type": "obstruction"}}, {"type": "Feature", "geometry": {"type": "Point", "coordinates": [-122.26432, 37.78726]}, "properties": {"id": "obstruction-harbour-303964", "name": null, "structure_type": "obstruction"}}, {"type": "Feature", "geometry": {"type": "Point", "coordinates": [-122.29138, 37.79419]}, "properties": {"id": "obstruction-harbour-303965", "name": null, "structure_type": "obstruction"}}, {"type": "Feature", "geometry": {"type": "Point", "coordinates": [-122.30472, 37.77618]}, "properties": {"id": "obstruction-harbour-303966", "name": null, "structure_type": "obstruction"}}, {"type": "Feature", "geometry": {"type": "Point", "coordinates": [-122.28281, 37.76879]}, "properties": {"id": "obstruction-harbour-303967", "name": null, "structure_type": "obstruction"}}, {"type": "Feature", "geometry": {"type": "Point", "coordinates": [-122.29099, 37.76865]}, "properties": {"id": "obstruction-harbour-303968", "name": null, "structure_type": "obstruction"}}, {"type": "Feature", "geometry": {"type": "Point", "coordinates": [-122.27918, 37.76727]}, "properties": {"id": "obstruction-harbour-303969", "name": null, "structure_type": "obstruction"}}, {"type": "Feature", "geometry": {"type": "Point", "coordinates": [-122.30692, 37.792]}, "properties": {"id": "obstruction-harbour-303970", "name": null, "structure_type": "obstruction"}}, {"type": "Feature", "geometry": {"type": "Point", "coordinates": [-122.28074, 37.76612]}, "properties": {"id": "obstruction-harbour-303971", "name": null, "structure_type": "obstruction"}}, {"type": "Feature", "geometry": {"type": "Point", "coordinates": [-122.25985, 37.78899]}, "properties": {"id": "obstruction-harbour-303972", "name": null, "structure_type": "obstruction"}}, {"type": "Feature", "geometry": {"type": "Point", "coordinates": [-122.25416, 37.7798]}, "properties": {"id": "obstruction-harbour-303973", "name": null, "structure_type": "obstruction"}}, {"type": "Feature", "geometry": {"type": "Point", "coordinates": [-122.29083, 37.79433]}, "properties": {"id": "obstruction-harbour-303974", "name": null, "structure_type": "obstruction"}}, {"type": "Feature", "geometry": {"type": "Point", "coordinates": [-122.27806, 37.79406]}, "properties": {"id": "obstruction-harbour-303975", "name": null, "structure_type": "obstruction"}}, {"type": "Feature", "geometry": {"type": "Point", "coordinates": [-122.29446, 37.7703]}, "properties": {"id": "obstruction-harbour-303976", "name": null, "structure_type": "obstruction"}}, {"type": "Feature", "geometry": {"type": "Point", "coordinates": [-122.3076, 37.76778]}, "properties": {"id": "obstruction-harbour-303978", "name": null, "structure_type": "obstruction"}}, {"type": "Feature", "geometry": {"type": "Point", "coordinates": [-122.25315, 37.7857]}, "properties": {"id": "obstruction-harbour-303980", "name": null, "structure_type": "obstruction"}}, {"type": "Feature", "geometry": {"type": "Point", "coordinates": [-122.25296, 37.77886]}, "properties": {"id": "obstruction-harbour-303981", "name": null, "structure_type": "obstruction"}}, {"type": "Feature", "geometry": {"type": "Point", "coordinates": [-122.25349, 37.77918]}, "properties": {"id": "obstruction-harbour-303982", "name": null, "structure_type": "obstruction"}}, {"type": "Feature", "geometry": {"type": "Point", "coordinates": [-122.26129, 37.78789]}, "properties": {"id": "obstruction-harbour-303983", "name": null, "structure_type": "obstruction"}}, {"type": "Feature", "geometry": {"type": "Point", "coordinates": [-122.25385, 37.77995]}, "properties": {"id": "obstruction-harbour-303984", "name": null, "structure_type": "obstruction"}}, {"type": "Feature", "geometry": {"type": "Point", "coordinates": [-122.30415, 37.77612]}, "properties": {"id": "obstruction-harbour-303987", "name": null, "structure_type": "obstruction"}}, {"type": "Feature", "geometry": {"type": "Point", "coordinates": [-122.27064, 37.7875]}, "properties": {"id": "obstruction-harbour-303988", "name": null, "structure_type": "obstruction"}}, {"type": "Feature", "geometry": {"type": "Point", "coordinates": [-122.27332, 37.75959]}, "properties": {"id": "obstruction-harbour-303989", "name": null, "structure_type": "obstruction"}}, {"type": "Feature", "geometry": {"type": "Point", "coordinates": [-122.2696, 37.78996]}, "properties": {"id": "obstruction-harbour-303990", "name": null, "structure_type": "obstruction"}}, {"type": "Feature", "geometry": {"type": "Point", "coordinates": [-122.27667, 37.75944]}, "properties": {"id": "obstruction-harbour-303991", "name": null, "structure_type": "obstruction"}}, {"type": "Feature", "geometry": {"type": "Point", "coordinates": [-122.26624, 37.75662]}, "properties": {"id": "obstruction-harbour-303992", "name": null, "structure_type": "obstruction"}}, {"type": "Feature", "geometry": {"type": "Point", "coordinates": [-122.26461, 37.78464]}, "properties": {"id": "obstruction-harbour-303994", "name": null, "structure_type": "obstruction"}}, {"type": "Feature", "geometry": {"type": "Point", "coordinates": [-122.27985, 37.76593]}, "properties": {"id": "obstruction-harbour-303995", "name": null, "structure_type": "obstruction"}}, {"type": "Feature", "geometry": {"type": "Point", "coordinates": [-122.29479, 37.79347]}, "properties": {"id": "obstruction-harbour-303996", "name": null, "structure_type": "obstruction"}}, {"type": "Feature", "geometry": {"type": "Point", "coordinates": [-122.27489, 37.74968]}, "properties": {"id": "obstruction-harbour-303997", "name": null, "structure_type": "obstruction"}}, {"type": "Feature", "geometry": {"type": "Point", "coordinates": [-122.23281, 37.77069]}, "properties": {"id": "obstruction-harbour-303998", "name": null, "structure_type": "obstruction"}}, {"type": "Feature", "geometry": {"type": "Point", "coordinates": [-122.24684, 37.7767]}, "properties": {"id": "obstruction-harbour-303999", "name": null, "structure_type": "obstruction"}}, {"type": "Feature", "geometry": {"type": "Point", "coordinates": [-122.21089, 37.7359]}, "properties": {"id": "obstruction-harbour-304000", "name": null, "structure_type": "obstruction"}}, {"type": "Feature", "geometry": {"type": "Point", "coordinates": [-122.24701, 37.78564]}, "properties": {"id": "obstruction-harbour-304002", "name": null, "structure_type": "obstruction"}}, {"type": "Feature", "geometry": {"type": "Point", "coordinates": [-122.21227, 37.73879]}, "properties": {"id": "obstruction-harbour-304003", "name": null, "structure_type": "obstruction"}}, {"type": "Feature", "geometry": {"type": "Point", "coordinates": [-122.22848, 37.7508]}, "properties": {"id": "obstruction-harbour-304004", "name": null, "structure_type": "obstruction"}}, {"type": "Feature", "geometry": {"type": "Point", "coordinates": [-122.21259, 37.74077]}, "properties": {"id": "obstruction-harbour-304005", "name": null, "structure_type": "obstruction"}}, {"type": "Feature", "geometry": {"type": "Point", "coordinates": [-122.21243, 37.74886]}, "properties": {"id": "obstruction-harbour-304006", "name": null, "structure_type": "obstruction"}}, {"type": "Feature", "geometry": {"type": "Point", "coordinates": [-122.2106, 37.73198]}, "properties": {"id": "obstruction-harbour-304007", "name": null, "structure_type": "obstruction"}}, {"type": "Feature", "geometry": {"type": "Point", "coordinates": [-122.20999, 37.73376]}, "properties": {"id": "obstruction-harbour-304008", "name": null, "structure_type": "obstruction"}}, {"type": "Feature", "geometry": {"type": "Point", "coordinates": [-122.22423, 37.76433]}, "properties": {"id": "obstruction-harbour-304009", "name": null, "structure_type": "obstruction"}}, {"type": "Feature", "geometry": {"type": "Point", "coordinates": [-122.21813, 37.75951]}, "properties": {"id": "obstruction-harbour-304010", "name": null, "structure_type": "obstruction"}}, {"type": "Feature", "geometry": {"type": "Point", "coordinates": [-122.21546, 37.74165]}, "properties": {"id": "obstruction-harbour-304011", "name": null, "structure_type": "obstruction"}}, {"type": "Feature", "geometry": {"type": "Point", "coordinates": [-122.21511, 37.74133]}, "properties": {"id": "obstruction-harbour-304013", "name": null, "structure_type": "obstruction"}}, {"type": "Feature", "geometry": {"type": "Point", "coordinates": [-122.24466, 37.77555]}, "properties": {"id": "obstruction-harbour-304014", "name": null, "structure_type": "obstruction"}}, {"type": "Feature", "geometry": {"type": "Point", "coordinates": [-122.2112, 37.73661]}, "properties": {"id": "obstruction-harbour-304015", "name": null, "structure_type": "obstruction"}}, {"type": "Feature", "geometry": {"type": "Point", "coordinates": [-122.24514, 37.78448]}, "properties": {"id": "obstruction-harbour-304017", "name": null, "structure_type": "obstruction"}}, {"type": "Feature", "geometry": {"type": "Point", "coordinates": [-122.21195, 37.74024]}, "properties": {"id": "obstruction-harbour-304019", "name": null, "structure_type": "obstruction"}}, {"type": "Feature", "geometry": {"type": "Point", "coordinates": [-122.22476, 37.75557]}, "properties": {"id": "obstruction-harbour-304020", "name": null, "structure_type": "obstruction"}}, {"type": "Feature", "geometry": {"type": "Point", "coordinates": [-122.24577, 37.78175]}, "properties": {"id": "obstruction-harbour-304021", "name": null, "structure_type": "obstruction"}}, {"type": "Feature", "geometry": {"type": "Point", "coordinates": [-122.23158, 37.7701]}, "properties": {"id": "obstruction-harbour-304023", "name": null, "structure_type": "obstruction"}}, {"type": "Feature", "geometry": {"type": "Point", "coordinates": [-122.24739, 37.78593]}, "properties": {"id": "obstruction-harbour-304024", "name": null, "structure_type": "obstruction"}}, {"type": "Feature", "geometry": {"type": "Point", "coordinates": [-122.22362, 37.74826]}, "properties": {"id": "obstruction-harbour-304025", "name": null, "structure_type": "obstruction"}}, {"type": "Feature", "geometry": {"type": "Point", "coordinates": [-122.22145, 37.75247]}, "properties": {"id": "obstruction-harbour-304026", "name": null, "structure_type": "obstruction"}}, {"type": "Feature", "geometry": {"type": "Point", "coordinates": [-122.21171, 37.73735]}, "properties": {"id": "obstruction-harbour-304027", "name": null, "structure_type": "obstruction"}}, {"type": "Feature", "geometry": {"type": "Point", "coordinates": [-122.23991, 37.77308]}, "properties": {"id": "obstruction-harbour-304029", "name": null, "structure_type": "obstruction"}}, {"type": "Feature", "geometry": {"type": "Point", "coordinates": [-122.21587, 37.74974]}, "properties": {"id": "obstruction-harbour-304030", "name": null, "structure_type": "obstruction"}}, {"type": "Feature", "geometry": {"type": "Point", "coordinates": [-122.20969, 37.73323]}, "properties": {"id": "obstruction-harbour-304033", "name": null, "structure_type": "obstruction"}}, {"type": "Feature", "geometry": {"type": "Point", "coordinates": [-122.2114, 37.73931]}, "properties": {"id": "obstruction-harbour-304034", "name": null, "structure_type": "obstruction"}}, {"type": "Feature", "geometry": {"type": "Point", "coordinates": [-122.22099, 37.75481]}, "properties": {"id": "obstruction-harbour-304035", "name": null, "structure_type": "obstruction"}}, {"type": "Feature", "geometry": {"type": "Point", "coordinates": [-122.23318, 37.77084]}, "properties": {"id": "obstruction-harbour-304036", "name": null, "structure_type": "obstruction"}}, {"type": "Feature", "geometry": {"type": "Point", "coordinates": [-122.20861, 37.7316]}, "properties": {"id": "obstruction-harbour-304037", "name": null, "structure_type": "obstruction"}}, {"type": "Feature", "geometry": {"type": "Point", "coordinates": [-122.23654, 37.74961]}, "properties": {"id": "obstruction-harbour-304038", "name": null, "structure_type": "obstruction"}}, {"type": "Feature", "geometry": {"type": "Point", "coordinates": [-122.21365, 37.7411]}, "properties": {"id": "obstruction-harbour-304039", "name": null, "structure_type": "obstruction"}}, {"type": "Feature", "geometry": {"type": "Point", "coordinates": [-122.23675, 37.74876]}, "properties": {"id": "obstruction-harbour-304042", "name": null, "structure_type": "obstruction"}}, {"type": "Feature", "geometry": {"type": "Point", "coordinates": [-122.22669, 37.75103]}, "properties": {"id": "obstruction-harbour-304048", "name": null, "structure_type": "obstruction"}}, {"type": "Feature", "geometry": {"type": "Point", "coordinates": [-122.22456, 37.76038]}, "properties": {"id": "obstruction-harbour-304050", "name": null, "structure_type": "obstruction"}}, {"type": "Feature", "geometry": {"type": "Point", "coordinates": [-122.22347, 37.75771]}, "properties": {"id": "obstruction-harbour-304055", "name": null, "structure_type": "obstruction"}}, {"type": "Feature", "geometry": {"type": "Point", "coordinates": [-122.24275, 37.77474]}, "properties": {"id": "obstruction-harbour-304056", "name": null, "structure_type": "obstruction"}}, {"type": "Feature", "geometry": {"type": "Point", "coordinates": [-122.23349, 37.77099]}, "properties": {"id": "obstruction-harbour-304057", "name": null, "structure_type": "obstruction"}}, {"type": "Feature", "geometry": {"type": "Point", "coordinates": [-122.21441, 37.74115]}, "properties": {"id": "obstruction-harbour-304059", "name": null, "structure_type": "obstruction"}}, {"type": "Feature", "geometry": {"type": "Point", "coordinates": [-122.2147, 37.74084]}, "properties": {"id": "obstruction-harbour-304060", "name": null, "structure_type": "obstruction"}}, {"type": "Feature", "geometry": {"type": "Point", "coordinates": [-122.21808, 37.74919]}, "properties": {"id": "obstruction-harbour-304061", "name": null, "structure_type": "obstruction"}}, {"type": "Feature", "geometry": {"type": "Point", "coordinates": [-122.24796, 37.7845]}, "properties": {"id": "obstruction-harbour-304063", "name": null, "structure_type": "obstruction"}}, {"type": "Feature", "geometry": {"type": "Point", "coordinates": [-122.24619, 37.78483]}, "properties": {"id": "obstruction-harbour-304064", "name": null, "structure_type": "obstruction"}}, {"type": "Feature", "geometry": {"type": "Point", "coordinates": [-122.21016, 37.73414]}, "properties": {"id": "obstruction-harbour-304065", "name": null, "structure_type": "obstruction"}}, {"type": "Feature", "geometry": {"type": "Point", "coordinates": [-122.22439, 37.75702]}, "properties": {"id": "obstruction-harbour-304068", "name": null, "structure_type": "obstruction"}}, {"type": "Feature", "geometry": {"type": "Point", "coordinates": [-122.21062, 37.7354]}, "properties": {"id": "obstruction-harbour-304070", "name": null, "structure_type": "obstruction"}}, {"type": "Feature", "geometry": {"type": "Point", "coordinates": [-122.22346, 37.75733]}, "properties": {"id": "obstruction-harbour-304071", "name": null, "structure_type": "obstruction"}}, {"type": "Feature", "geometry": {"type": "Point", "coordinates": [-122.22459, 37.75597]}, "properties": {"id": "obstruction-harbour-304072", "name": null, "structure_type": "obstruction"}}, {"type": "Feature", "geometry": {"type": "Point", "coordinates": [-122.21133, 37.73722]}, "properties": {"id": "obstruction-harbour-304074", "name": null, "structure_type": "obstruction"}}, {"type": "Feature", "geometry": {"type": "Point", "coordinates": [-122.23355, 37.74981]}, "properties": {"id": "obstruction-harbour-304075", "name": null, "structure_type": "obstruction"}}, {"type": "Feature", "geometry": {"type": "Point", "coordinates": [-122.24794, 37.78601]}, "properties": {"id": "obstruction-harbour-304076", "name": null, "structure_type": "obstruction"}}, {"type": "Feature", "geometry": {"type": "Point", "coordinates": [-122.21299, 37.74088]}, "properties": {"id": "obstruction-harbour-304077", "name": null, "structure_type": "obstruction"}}, {"type": "Feature", "geometry": {"type": "Point", "coordinates": [-122.22501, 37.75205]}, "properties": {"id": "obstruction-harbour-304078", "name": null, "structure_type": "obstruction"}}, {"type": "Feature", "geometry": {"type": "Point", "coordinates": [-122.23236, 37.77051]}, "properties": {"id": "obstruction-harbour-304079", "name": null, "structure_type": "obstruction"}}, {"type": "Feature", "geometry": {"type": "Point", "coordinates": [-122.21155, 37.73967]}, "properties": {"id": "obstruction-harbour-304080", "name": null, "structure_type": "obstruction"}}, {"type": "Feature", "geometry": {"type": "Point", "coordinates": [-122.48128, 37.86678]}, "properties": {"id": "obstruction-harbour-304082", "name": null, "structure_type": "obstruction"}}, {"type": "Feature", "geometry": {"type": "Point", "coordinates": [-122.47804, 37.84854]}, "properties": {"id": "obstruction-harbour-304083", "name": null, "structure_type": "obstruction"}}, {"type": "Feature", "geometry": {"type": "Point", "coordinates": [-122.47826, 37.84892]}, "properties": {"id": "obstruction-harbour-304084", "name": null, "structure_type": "obstruction"}}, {"type": "Feature", "geometry": {"type": "Point", "coordinates": [-122.49184, 37.86397]}, "properties": {"id": "obstruction-harbour-304085", "name": null, "structure_type": "obstruction"}}, {"type": "Feature", "geometry": {"type": "Point", "coordinates": [-122.49628, 37.86889]}, "properties": {"id": "obstruction-harbour-304086", "name": null, "structure_type": "obstruction"}}, {"type": "Feature", "geometry": {"type": "Point", "coordinates": [-122.4963, 37.86848]}, "properties": {"id": "obstruction-harbour-304087", "name": null, "structure_type": "obstruction"}}, {"type": "Feature", "geometry": {"type": "Point", "coordinates": [-122.49478, 37.87039]}, "properties": {"id": "obstruction-harbour-304088", "name": null, "structure_type": "obstruction"}}, {"type": "Feature", "geometry": {"type": "Point", "coordinates": [-122.49465, 37.87349]}, "properties": {"id": "obstruction-harbour-304089", "name": null, "structure_type": "obstruction"}}, {"type": "Feature", "geometry": {"type": "Point", "coordinates": [-122.49381, 37.87381]}, "properties": {"id": "obstruction-harbour-304090", "name": null, "structure_type": "obstruction"}}, {"type": "Feature", "geometry": {"type": "Point", "coordinates": [-122.47624, 37.8435]}, "properties": {"id": "obstruction-harbour-304091", "name": null, "structure_type": "obstruction"}}, {"type": "Feature", "geometry": {"type": "Point", "coordinates": [-122.47835, 37.8305]}, "properties": {"id": "obstruction-harbour-304092", "name": null, "structure_type": "obstruction"}}, {"type": "Feature", "geometry": {"type": "Point", "coordinates": [-122.47763, 37.85674]}, "properties": {"id": "obstruction-harbour-304096", "name": null, "structure_type": "obstruction"}}, {"type": "Feature", "geometry": {"type": "Point", "coordinates": [-122.47768, 37.85707]}, "properties": {"id": "obstruction-harbour-304097", "name": null, "structure_type": "obstruction"}}, {"type": "Feature", "geometry": {"type": "Point", "coordinates": [-122.47842, 37.85707]}, "properties": {"id": "obstruction-harbour-304098", "name": null, "structure_type": "obstruction"}}, {"type": "Feature", "geometry": {"type": "Point", "coordinates": [-122.478, 37.85686]}, "properties": {"id": "obstruction-harbour-304099", "name": null, "structure_type": "obstruction"}}, {"type": "Feature", "geometry": {"type": "Point", "coordinates": [-122.49923, 37.87337]}, "properties": {"id": "obstruction-harbour-304100", "name": null, "structure_type": "obstruction"}}, {"type": "Feature", "geometry": {"type": "Point", "coordinates": [-122.46218, 37.82053]}, "properties": {"id": "obstruction-harbour-304101", "name": null, "structure_type": "obstruction"}}, {"type": "Feature", "geometry": {"type": "Point", "coordinates": [-122.41333, 37.86152]}, "properties": {"id": "obstruction-harbour-304102", "name": null, "structure_type": "obstruction"}}, {"type": "Feature", "geometry": {"type": "Point", "coordinates": [-122.41606, 37.86756]}, "properties": {"id": "obstruction-harbour-304103", "name": null, "structure_type": "obstruction"}}, {"type": "Feature", "geometry": {"type": "Point", "coordinates": [-122.47088, 37.85815]}, "properties": {"id": "obstruction-harbour-304104", "name": null, "structure_type": "obstruction"}}, {"type": "Feature", "geometry": {"type": "Point", "coordinates": [-122.47426, 37.85165]}, "properties": {"id": "obstruction-harbour-304105", "name": null, "structure_type": "obstruction"}}, {"type": "Feature", "geometry": {"type": "Point", "coordinates": [-122.41864, 37.86228]}, "properties": {"id": "obstruction-harbour-304106", "name": null, "structure_type": "obstruction"}}, {"type": "Feature", "geometry": {"type": "Point", "coordinates": [-122.427, 37.87063]}, "properties": {"id": "obstruction-harbour-304107", "name": null, "structure_type": "obstruction"}}, {"type": "Feature", "geometry": {"type": "Point", "coordinates": [-122.44173, 37.86345]}, "properties": {"id": "obstruction-harbour-304109", "name": null, "structure_type": "obstruction"}}, {"type": "Feature", "geometry": {"type": "Point", "coordinates": [-122.40398, 37.80723]}, "properties": {"id": "obstruction-harbour-304110", "name": null, "structure_type": "obstruction"}}, {"type": "Feature", "geometry": {"type": "Point", "coordinates": [-122.41289, 37.81052]}, "properties": {"id": "obstruction-harbour-304111", "name": null, "structure_type": "obstruction"}}, {"type": "Feature", "geometry": {"type": "Point", "coordinates": [-122.42019, 37.80964]}, "properties": {"id": "obstruction-harbour-304112", "name": null, "structure_type": "obstruction"}}, {"type": "Feature", "geometry": {"type": "Point", "coordinates": [-122.41648, 37.80881]}, "properties": {"id": "obstruction-harbour-304113", "name": null, "structure_type": "obstruction"}}, {"type": "Feature", "geometry": {"type": "Point", "coordinates": [-122.41644, 37.80833]}, "properties": {"id": "obstruction-harbour-304117", "name": null, "structure_type": "obstruction"}}, {"type": "Feature", "geometry": {"type": "Point", "coordinates": [-122.41694, 37.80883]}, "properties": {"id": "obstruction-harbour-304122", "name": null, "structure_type": "obstruction"}}, {"type": "Feature", "geometry": {"type": "Point", "coordinates": [-122.41736, 37.80884]}, "properties": {"id": "obstruction-harbour-304123", "name": null, "structure_type": "obstruction"}}, {"type": "Feature", "geometry": {"type": "Point", "coordinates": [-122.41778, 37.80882]}, "properties": {"id": "obstruction-harbour-304125", "name": null, "structure_type": "obstruction"}}, {"type": "Feature", "geometry": {"type": "Point", "coordinates": [-122.417, 37.80826]}, "properties": {"id": "obstruction-harbour-304131", "name": null, "structure_type": "obstruction"}}, {"type": "Feature", "geometry": {"type": "Point", "coordinates": [-122.41905, 37.80879]}, "properties": {"id": "obstruction-harbour-304137", "name": null, "structure_type": "obstruction"}}, {"type": "Feature", "geometry": {"type": "Point", "coordinates": [-122.41816, 37.80878]}, "properties": {"id": "obstruction-harbour-304138", "name": null, "structure_type": "obstruction"}}, {"type": "Feature", "geometry": {"type": "Point", "coordinates": [-122.41847, 37.80877]}, "properties": {"id": "obstruction-harbour-304140", "name": null, "structure_type": "obstruction"}}, {"type": "Feature", "geometry": {"type": "Point", "coordinates": [-122.41945, 37.8088]}, "properties": {"id": "obstruction-harbour-304142", "name": null, "structure_type": "obstruction"}}, {"type": "Feature", "geometry": {"type": "Point", "coordinates": [-122.41979, 37.8088]}, "properties": {"id": "obstruction-harbour-304143", "name": null, "structure_type": "obstruction"}}, {"type": "Feature", "geometry": {"type": "Point", "coordinates": [-122.4257, 37.8075]}, "properties": {"id": "obstruction-harbour-304144", "name": null, "structure_type": "obstruction"}}, {"type": "Feature", "geometry": {"type": "Point", "coordinates": [-122.46601, 37.80682]}, "properties": {"id": "obstruction-harbour-304146", "name": null, "structure_type": "obstruction"}}, {"type": "Feature", "geometry": {"type": "Point", "coordinates": [-122.42616, 37.80863]}, "properties": {"id": "obstruction-harbour-304147", "name": null, "structure_type": "obstruction"}}, {"type": "Feature", "geometry": {"type": "Point", "coordinates": [-122.45304, 37.80835]}, "properties": {"id": "obstruction-harbour-304149", "name": null, "structure_type": "obstruction"}}, {"type": "Feature", "geometry": {"type": "Point", "coordinates": [-122.32987, 37.858]}, "properties": {"id": "obstruction-harbour-304150", "name": null, "structure_type": "obstruction"}}, {"type": "Feature", "geometry": {"type": "Point", "coordinates": [-122.36019, 37.81025]}, "properties": {"id": "obstruction-harbour-304151", "name": null, "structure_type": "obstruction"}}, {"type": "Feature", "geometry": {"type": "Point", "coordinates": [-122.32772, 37.82281]}, "properties": {"id": "obstruction-harbour-304152", "name": null, "structure_type": "obstruction"}}, {"type": "Feature", "geometry": {"type": "Point", "coordinates": [-122.36933, 37.81383]}, "properties": {"id": "obstruction-harbour-304153", "name": null, "structure_type": "obstruction"}}, {"type": "Feature", "geometry": {"type": "Point", "coordinates": [-122.37663, 37.82242]}, "properties": {"id": "obstruction-harbour-304154", "name": null, "structure_type": "obstruction"}}, {"type": "Feature", "geometry": {"type": "Point", "coordinates": [-122.37292, 37.81726]}, "properties": {"id": "obstruction-harbour-304155", "name": null, "structure_type": "obstruction"}}, {"type": "Feature", "geometry": {"type": "Point", "coordinates": [-122.36913, 37.83194]}, "properties": {"id": "obstruction-harbour-304156", "name": null, "structure_type": "obstruction"}}, {"type": "Feature", "geometry": {"type": "Point", "coordinates": [-122.36667, 37.8311]}, "properties": {"id": "obstruction-harbour-304157", "name": null, "structure_type": "obstruction"}}, {"type": "Feature", "geometry": {"type": "Point", "coordinates": [-122.33542, 37.81263]}, "properties": {"id": "obstruction-harbour-304158", "name": null, "structure_type": "obstruction"}}, {"type": "Feature", "geometry": {"type": "Point", "coordinates": [-122.35988, 37.8121]}, "properties": {"id": "obstruction-harbour-304159", "name": null, "structure_type": "obstruction"}}, {"type": "Feature", "geometry": {"type": "Point", "coordinates": [-122.32562, 37.82065]}, "properties": {"id": "obstruction-harbour-304160", "name": null, "structure_type": "obstruction"}}, {"type": "Feature", "geometry": {"type": "Point", "coordinates": [-122.34687, 37.81858]}, "properties": {"id": "obstruction-harbour-304162", "name": null, "structure_type": "obstruction"}}, {"type": "Feature", "geometry": {"type": "Point", "coordinates": [-122.3251, 37.82074]}, "properties": {"id": "obstruction-harbour-304163", "name": null, "structure_type": "obstruction"}}, {"type": "Feature", "geometry": {"type": "Point", "coordinates": [-122.36376, 37.81802]}, "properties": {"id": "obstruction-harbour-304165", "name": null, "structure_type": "obstruction"}}, {"type": "Feature", "geometry": {"type": "Point", "coordinates": [-122.32569, 37.84272]}, "properties": {"id": "obstruction-harbour-304166", "name": null, "structure_type": "obstruction"}}, {"type": "Feature", "geometry": {"type": "Point", "coordinates": [-122.3305, 37.82008]}, "properties": {"id": "obstruction-harbour-304167", "name": null, "structure_type": "obstruction"}}, {"type": "Feature", "geometry": {"type": "Point", "coordinates": [-122.32545, 37.81041]}, "properties": {"id": "obstruction-harbour-304168", "name": null, "structure_type": "obstruction"}}, {"type": "Feature", "geometry": {"type": "Point", "coordinates": [-122.32597, 37.81046]}, "properties": {"id": "obstruction-harbour-304169", "name": null, "structure_type": "obstruction"}}, {"type": "Feature", "geometry": {"type": "Point", "coordinates": [-122.36115, 37.82211]}, "properties": {"id": "obstruction-harbour-304170", "name": null, "structure_type": "obstruction"}}, {"type": "Feature", "geometry": {"type": "Point", "coordinates": [-122.32641, 37.8105]}, "properties": {"id": "obstruction-harbour-304171", "name": null, "structure_type": "obstruction"}}, {"type": "Feature", "geometry": {"type": "Point", "coordinates": [-122.32912, 37.8202]}, "properties": {"id": "obstruction-harbour-304172", "name": null, "structure_type": "obstruction"}}, {"type": "Feature", "geometry": {"type": "Point", "coordinates": [-122.35898, 37.8136]}, "properties": {"id": "obstruction-harbour-304174", "name": null, "structure_type": "obstruction"}}, {"type": "Feature", "geometry": {"type": "Point", "coordinates": [-122.37324, 37.81714]}, "properties": {"id": "obstruction-harbour-304175", "name": null, "structure_type": "obstruction"}}, {"type": "Feature", "geometry": {"type": "Point", "coordinates": [-122.37221, 37.83224]}, "properties": {"id": "obstruction-harbour-304176", "name": null, "structure_type": "obstruction"}}, {"type": "Feature", "geometry": {"type": "Point", "coordinates": [-122.3646, 37.81788]}, "properties": {"id": "obstruction-harbour-304177", "name": null, "structure_type": "obstruction"}}, {"type": "Feature", "geometry": {"type": "Point", "coordinates": [-122.32571, 37.8438]}, "properties": {"id": "obstruction-harbour-304180", "name": null, "structure_type": "obstruction"}}, {"type": "Feature", "geometry": {"type": "Point", "coordinates": [-122.32686, 37.8159]}, "properties": {"id": "obstruction-harbour-304181", "name": null, "structure_type": "obstruction"}}, {"type": "Feature", "geometry": {"type": "Point", "coordinates": [-122.32718, 37.82043]}, "properties": {"id": "obstruction-harbour-304182", "name": null, "structure_type": "obstruction"}}, {"type": "Feature", "geometry": {"type": "Point", "coordinates": [-122.35868, 37.81403]}, "properties": {"id": "obstruction-harbour-304183", "name": null, "structure_type": "obstruction"}}, {"type": "Feature", "geometry": {"type": "Point", "coordinates": [-122.32736, 37.82455]}, "properties": {"id": "obstruction-harbour-304184", "name": null, "structure_type": "obstruction"}}, {"type": "Feature", "geometry": {"type": "Point", "coordinates": [-122.30167, 37.85534]}, "properties": {"id": "obstruction-harbour-304185", "name": null, "structure_type": "obstruction"}}, {"type": "Feature", "geometry": {"type": "Point", "coordinates": [-122.29952, 37.84026]}, "properties": {"id": "obstruction-harbour-304186", "name": null, "structure_type": "obstruction"}}, {"type": "Feature", "geometry": {"type": "Point", "coordinates": [-122.29895, 37.84075]}, "properties": {"id": "obstruction-harbour-304187", "name": null, "structure_type": "obstruction"}}, {"type": "Feature", "geometry": {"type": "Point", "coordinates": [-122.31908, 37.81845]}, "properties": {"id": "obstruction-harbour-304188", "name": null, "structure_type": "obstruction"}}, {"type": "Feature", "geometry": {"type": "Point", "coordinates": [-122.30909, 37.8412]}, "properties": {"id": "obstruction-harbour-304189", "name": null, "structure_type": "obstruction"}}, {"type": "Feature", "geometry": {"type": "Point", "coordinates": [-122.3239, 37.84757]}, "properties": {"id": "obstruction-harbour-304191", "name": null, "structure_type": "obstruction"}}, {"type": "Feature", "geometry": {"type": "Point", "coordinates": [-122.30632, 37.83444]}, "properties": {"id": "obstruction-harbour-304192", "name": null, "structure_type": "obstruction"}}, {"type": "Feature", "geometry": {"type": "Point", "coordinates": [-122.32352, 37.81025]}, "properties": {"id": "obstruction-harbour-304193", "name": null, "structure_type": "obstruction"}}, {"type": "Feature", "geometry": {"type": "Point", "coordinates": [-122.31938, 37.827]}, "properties": {"id": "obstruction-harbour-304194", "name": null, "structure_type": "obstruction"}}, {"type": "Feature", "geometry": {"type": "Point", "coordinates": [-122.32351, 37.82319]}, "properties": {"id": "obstruction-harbour-304196", "name": null, "structure_type": "obstruction"}}, {"type": "Feature", "geometry": {"type": "Point", "coordinates": [-122.2989, 37.84027]}, "properties": {"id": "obstruction-harbour-304197", "name": null, "structure_type": "obstruction"}}, {"type": "Feature", "geometry": {"type": "Point", "coordinates": [-122.30846, 37.83396]}, "properties": {"id": "obstruction-harbour-304198", "name": null, "structure_type": "obstruction"}}, {"type": "Feature", "geometry": {"type": "Point", "coordinates": [-122.29996, 37.84025]}, "properties": {"id": "obstruction-harbour-304199", "name": null, "structure_type": "obstruction"}}, {"type": "Feature", "geometry": {"type": "Point", "coordinates": [-122.324, 37.81029]}, "properties": {"id": "obstruction-harbour-304202", "name": null, "structure_type": "obstruction"}}, {"type": "Feature", "geometry": {"type": "Point", "coordinates": [-122.3203, 37.8176]}, "properties": {"id": "obstruction-harbour-304203", "name": null, "structure_type": "obstruction"}}, {"type": "Feature", "geometry": {"type": "Point", "coordinates": [-122.32446, 37.81033]}, "properties": {"id": "obstruction-harbour-304204", "name": null, "structure_type": "obstruction"}}, {"type": "Feature", "geometry": {"type": "Point", "coordinates": [-122.30351, 37.83253]}, "properties": {"id": "obstruction-harbour-304205", "name": null, "structure_type": "obstruction"}}, {"type": "Feature", "geometry": {"type": "Point", "coordinates": [-122.3227, 37.82415]}, "properties": {"id": "obstruction-harbour-304206", "name": null, "structure_type": "obstruction"}}, {"type": "Feature", "geometry": {"type": "Point", "coordinates": [-122.29863, 37.84075]}, "properties": {"id": "obstruction-harbour-304209", "name": null, "structure_type": "obstruction"}}, {"type": "Feature", "geometry": {"type": "Point", "coordinates": [-122.31322, 37.82183]}, "properties": {"id": "obstruction-harbour-304210", "name": null, "structure_type": "obstruction"}}, {"type": "Feature", "geometry": {"type": "Point", "coordinates": [-122.30482, 37.83522]}, "properties": {"id": "obstruction-harbour-304216", "name": null, "structure_type": "obstruction"}}, {"type": "Feature", "geometry": {"type": "Point", "coordinates": [-122.30313, 37.84661]}, "properties": {"id": "obstruction-harbour-304218", "name": null, "structure_type": "obstruction"}}, {"type": "Feature", "geometry": {"type": "Point", "coordinates": [-122.31038, 37.84287]}, "properties": {"id": "obstruction-harbour-304219", "name": null, "structure_type": "obstruction"}}, {"type": "Feature", "geometry": {"type": "Point", "coordinates": [-122.31982, 37.81815]}, "properties": {"id": "obstruction-harbour-304220", "name": null, "structure_type": "obstruction"}}, {"type": "Feature", "geometry": {"type": "Point", "coordinates": [-122.32496, 37.81038]}, "properties": {"id": "obstruction-harbour-304221", "name": null, "structure_type": "obstruction"}}, {"type": "Feature", "geometry": {"type": "Point", "coordinates": [-122.30052, 37.84065]}, "properties": {"id": "obstruction-harbour-304222", "name": null, "structure_type": "obstruction"}}, {"type": "Feature", "geometry": {"type": "Point", "coordinates": [-122.31485, 37.82889]}, "properties": {"id": "obstruction-harbour-304223", "name": null, "structure_type": "obstruction"}}, {"type": "Feature", "geometry": {"type": "Point", "coordinates": [-122.31462, 37.8292]}, "properties": {"id": "obstruction-harbour-304225", "name": null, "structure_type": "obstruction"}}, {"type": "Feature", "geometry": {"type": "Point", "coordinates": [-122.31941, 37.81814]}, "properties": {"id": "obstruction-harbour-304227", "name": null, "structure_type": "obstruction"}}, {"type": "Feature", "geometry": {"type": "Point", "coordinates": [-122.30902, 37.87313]}, "properties": {"id": "obstruction-harbour-304228", "name": null, "structure_type": "obstruction"}}, {"type": "Feature", "geometry": {"type": "Point", "coordinates": [-122.30463, 37.83584]}, "properties": {"id": "obstruction-harbour-304229", "name": null, "structure_type": "obstruction"}}, {"type": "Feature", "geometry": {"type": "Point", "coordinates": [-122.30219, 37.83993]}, "properties": {"id": "obstruction-harbour-304230", "name": null, "structure_type": "obstruction"}}, {"type": "Feature", "geometry": {"type": "Point", "coordinates": [-122.3031, 37.84942]}, "properties": {"id": "obstruction-harbour-304231", "name": null, "structure_type": "obstruction"}}, {"type": "Feature", "geometry": {"type": "Point", "coordinates": [-122.31907, 37.82828]}, "properties": {"id": "obstruction-harbour-304233", "name": null, "structure_type": "obstruction"}}, {"type": "Feature", "geometry": {"type": "Point", "coordinates": [-122.32081, 37.82676]}, "properties": {"id": "obstruction-harbour-304235", "name": null, "structure_type": "obstruction"}}, {"type": "Feature", "geometry": {"type": "Point", "coordinates": [-122.31933, 37.86601]}, "properties": {"id": "obstruction-harbour-304238", "name": null, "structure_type": "obstruction"}}, {"type": "Feature", "geometry": {"type": "Point", "coordinates": [-122.30577, 37.85817]}, "properties": {"id": "obstruction-harbour-304239", "name": null, "structure_type": "obstruction"}}, {"type": "Feature", "geometry": {"type": "Point", "coordinates": [-122.50853, 37.94401]}, "properties": {"id": "obstruction-harbour-304240", "name": null, "structure_type": "obstruction"}}, {"type": "Feature", "geometry": {"type": "Point", "coordinates": [-122.47569, 37.94396]}, "properties": {"id": "obstruction-harbour-304241", "name": null, "structure_type": "obstruction"}}, {"type": "Feature", "geometry": {"type": "Point", "coordinates": [-122.47768, 37.94162]}, "properties": {"id": "obstruction-harbour-304242", "name": null, "structure_type": "obstruction"}}, {"type": "Feature", "geometry": {"type": "Point", "coordinates": [-122.48053, 37.88195]}, "properties": {"id": "obstruction-harbour-304243", "name": null, "structure_type": "obstruction"}}, {"type": "Feature", "geometry": {"type": "Point", "coordinates": [-122.50807, 37.94438]}, "properties": {"id": "obstruction-harbour-304244", "name": null, "structure_type": "obstruction"}}, {"type": "Feature", "geometry": {"type": "Point", "coordinates": [-122.50223, 37.87769]}, "properties": {"id": "obstruction-harbour-304245", "name": null, "structure_type": "obstruction"}}, {"type": "Feature", "geometry": {"type": "Point", "coordinates": [-122.50498, 37.87934]}, "properties": {"id": "obstruction-harbour-304246", "name": null, "structure_type": "obstruction"}}, {"type": "Feature", "geometry": {"type": "Point", "coordinates": [-122.51404, 37.8866]}, "properties": {"id": "obstruction-harbour-304247", "name": null, "structure_type": "obstruction"}}, {"type": "Feature", "geometry": {"type": "Point", "coordinates": [-122.47924, 37.94203]}, "properties": {"id": "obstruction-harbour-304249", "name": null, "structure_type": "obstruction"}}, {"type": "Feature", "geometry": {"type": "Point", "coordinates": [-122.5019, 37.87759]}, "properties": {"id": "obstruction-harbour-304250", "name": null, "structure_type": "obstruction"}}, {"type": "Feature", "geometry": {"type": "Point", "coordinates": [-122.47533, 37.94106]}, "properties": {"id": "obstruction-harbour-304252", "name": null, "structure_type": "obstruction"}}, {"type": "Feature", "geometry": {"type": "Point", "coordinates": [-122.50837, 37.94528]}, "properties": {"id": "obstruction-harbour-304253", "name": null, "structure_type": "obstruction"}}, {"type": "Feature", "geometry": {"type": "Point", "coordinates": [-122.50396, 37.87822]}, "properties": {"id": "obstruction-harbour-304254", "name": null, "structure_type": "obstruction"}}, {"type": "Feature", "geometry": {"type": "Point", "coordinates": [-122.48186, 37.92145]}, "properties": {"id": "obstruction-harbour-304255", "name": null, "structure_type": "obstruction"}}, {"type": "Feature", "geometry": {"type": "Point", "coordinates": [-122.5043, 37.87914]}, "properties": {"id": "obstruction-harbour-304256", "name": null, "structure_type": "obstruction"}}, {"type": "Feature", "geometry": {"type": "Point", "coordinates": [-122.49958, 37.88417]}, "properties": {"id": "obstruction-harbour-304257", "name": null, "structure_type": "obstruction"}}, {"type": "Feature", "geometry": {"type": "Point", "coordinates": [-122.49667, 37.87611]}, "properties": {"id": "obstruction-harbour-304258", "name": null, "structure_type": "obstruction"}}, {"type": "Feature", "geometry": {"type": "Point", "coordinates": [-122.44319, 37.91681]}, "properties": {"id": "obstruction-harbour-304259", "name": null, "structure_type": "obstruction"}}, {"type": "Feature", "geometry": {"type": "Point", "coordinates": [-122.40807, 37.93231]}, "properties": {"id": "obstruction-harbour-304260", "name": null, "structure_type": "obstruction"}}, {"type": "Feature", "geometry": {"type": "Point", "coordinates": [-122.4169, 37.94096]}, "properties": {"id": "obstruction-harbour-304261", "name": null, "structure_type": "obstruction"}}, {"type": "Feature", "geometry": {"type": "Point", "coordinates": [-122.42694, 37.94432]}, "properties": {"id": "obstruction-harbour-304262", "name": null, "structure_type": "obstruction"}}, {"type": "Feature", "geometry": {"type": "Point", "coordinates": [-122.44619, 37.89327]}, "properties": {"id": "obstruction-harbour-304263", "name": null, "structure_type": "obstruction"}}, {"type": "Feature", "geometry": {"type": "Point", "coordinates": [-122.45207, 37.90211]}, "properties": {"id": "obstruction-harbour-304264", "name": null, "structure_type": "obstruction"}}, {"type": "Feature", "geometry": {"type": "Point", "coordinates": [-122.40772, 37.93241]}, "properties": {"id": "obstruction-harbour-304265", "name": null, "structure_type": "obstruction"}}, {"type": "Feature", "geometry": {"type": "Point", "coordinates": [-122.41533, 37.92801]}, "properties": {"id": "obstruction-harbour-304266", "name": null, "structure_type": "obstruction"}}, {"type": "Feature", "geometry": {"type": "Point", "coordinates": [-122.41684, 37.93547]}, "properties": {"id": "obstruction-harbour-304267", "name": null, "structure_type": "obstruction"}}, {"type": "Feature", "geometry": {"type": "Point", "coordinates": [-122.42359, 37.88526]}, "properties": {"id": "obstruction-harbour-304268", "name": null, "structure_type": "obstruction"}}, {"type": "Feature", "geometry": {"type": "Point", "coordinates": [-122.44657, 37.89353]}, "properties": {"id": "obstruction-harbour-304269", "name": null, "structure_type": "obstruction"}}, {"type": "Feature", "geometry": {"type": "Point", "coordinates": [-122.47155, 37.94333]}, "properties": {"id": "obstruction-harbour-304270", "name": null, "structure_type": "obstruction"}}, {"type": "Feature", "geometry": {"type": "Point", "coordinates": [-122.4743, 37.91643]}, "properties": {"id": "obstruction-harbour-304271", "name": null, "structure_type": "obstruction"}}, {"type": "Feature", "geometry": {"type": "Point", "coordinates": [-122.47455, 37.91541]}, "properties": {"id": "obstruction-harbour-304272", "name": null, "structure_type": "obstruction"}}, {"type": "Feature", "geometry": {"type": "Point", "coordinates": [-122.47455, 37.91597]}, "properties": {"id": "obstruction-harbour-304273", "name": null, "structure_type": "obstruction"}}, {"type": "Feature", "geometry": {"type": "Point", "coordinates": [-122.41018, 37.93327]}, "properties": {"id": "obstruction-harbour-304275", "name": null, "structure_type": "obstruction"}}, {"type": "Feature", "geometry": {"type": "Point", "coordinates": [-122.41456, 37.94041]}, "properties": {"id": "obstruction-harbour-304276", "name": null, "structure_type": "obstruction"}}, {"type": "Feature", "geometry": {"type": "Point", "coordinates": [-122.42123, 37.94925]}, "properties": {"id": "obstruction-harbour-304277", "name": null, "structure_type": "obstruction"}}, {"type": "Feature", "geometry": {"type": "Point", "coordinates": [-122.42559, 37.94763]}, "properties": {"id": "obstruction-harbour-304278", "name": null, "structure_type": "obstruction"}}, {"type": "Feature", "geometry": {"type": "Point", "coordinates": [-122.46002, 37.89577]}, "properties": {"id": "obstruction-harbour-304279", "name": null, "structure_type": "obstruction"}}, {"type": "Feature", "geometry": {"type": "Point", "coordinates": [-122.40632, 37.93168]}, "properties": {"id": "obstruction-harbour-304280", "name": null, "structure_type": "obstruction"}}, {"type": "Feature", "geometry": {"type": "Point", "coordinates": [-122.40734, 37.93208]}, "properties": {"id": "obstruction-harbour-304281", "name": null, "structure_type": "obstruction"}}, {"type": "Feature", "geometry": {"type": "Point", "coordinates": [-122.41808, 37.93903]}, "properties": {"id": "obstruction-harbour-304282", "name": null, "structure_type": "obstruction"}}, {"type": "Feature", "geometry": {"type": "Point", "coordinates": [-122.45951, 37.89512]}, "properties": {"id": "obstruction-harbour-304283", "name": null, "structure_type": "obstruction"}}, {"type": "Feature", "geometry": {"type": "Point", "coordinates": [-122.40728, 37.93042]}, "properties": {"id": "obstruction-harbour-304284", "name": null, "structure_type": "obstruction"}}, {"type": "Feature", "geometry": {"type": "Point", "coordinates": [-122.41003, 37.93266]}, "properties": {"id": "obstruction-harbour-304286", "name": null, "structure_type": "obstruction"}}, {"type": "Feature", "geometry": {"type": "Point", "coordinates": [-122.41798, 37.94498]}, "properties": {"id": "obstruction-harbour-304287", "name": null, "structure_type": "obstruction"}}, {"type": "Feature", "geometry": {"type": "Point", "coordinates": [-122.44776, 37.92042]}, "properties": {"id": "obstruction-harbour-304288", "name": null, "structure_type": "obstruction"}}, {"type": "Feature", "geometry": {"type": "Point", "coordinates": [-122.40979, 37.93234]}, "properties": {"id": "obstruction-harbour-304289", "name": null, "structure_type": "obstruction"}}, {"type": "Feature", "geometry": {"type": "Point", "coordinates": [-122.41162, 37.93359]}, "properties": {"id": "obstruction-harbour-304291", "name": null, "structure_type": "obstruction"}}, {"type": "Feature", "geometry": {"type": "Point", "coordinates": [-122.41276, 37.94119]}, "properties": {"id": "obstruction-harbour-304292", "name": null, "structure_type": "obstruction"}}, {"type": "Feature", "geometry": {"type": "Point", "coordinates": [-122.41413, 37.94122]}, "properties": {"id": "obstruction-harbour-304293", "name": null, "structure_type": "obstruction"}}, {"type": "Feature", "geometry": {"type": "Point", "coordinates": [-122.41428, 37.93657]}, "properties": {"id": "obstruction-harbour-304294", "name": null, "structure_type": "obstruction"}}, {"type": "Feature", "geometry": {"type": "Point", "coordinates": [-122.41606, 37.94038]}, "properties": {"id": "obstruction-harbour-304295", "name": null, "structure_type": "obstruction"}}, {"type": "Feature", "geometry": {"type": "Point", "coordinates": [-122.42257, 37.94803]}, "properties": {"id": "obstruction-harbour-304296", "name": null, "structure_type": "obstruction"}}, {"type": "Feature", "geometry": {"type": "Point", "coordinates": [-122.42518, 37.94736]}, "properties": {"id": "obstruction-harbour-304297", "name": null, "structure_type": "obstruction"}}, {"type": "Feature", "geometry": {"type": "Point", "coordinates": [-122.41565, 37.94106]}, "properties": {"id": "obstruction-harbour-304298", "name": null, "structure_type": "obstruction"}}, {"type": "Feature", "geometry": {"type": "Point", "coordinates": [-122.42473, 37.9474]}, "properties": {"id": "obstruction-harbour-304299", "name": null, "structure_type": "obstruction"}}, {"type": "Feature", "geometry": {"type": "Point", "coordinates": [-122.42952, 37.94173]}, "properties": {"id": "obstruction-harbour-304300", "name": null, "structure_type": "obstruction"}}, {"type": "Feature", "geometry": {"type": "Point", "coordinates": [-122.38213, 37.90777]}, "properties": {"id": "obstruction-harbour-304301", "name": null, "structure_type": "obstruction"}}, {"type": "Feature", "geometry": {"type": "Point", "coordinates": [-122.35239, 37.90807]}, "properties": {"id": "obstruction-harbour-304302", "name": null, "structure_type": "obstruction"}}, {"type": "Feature", "geometry": {"type": "Point", "coordinates": [-122.35693, 37.90892]}, "properties": {"id": "obstruction-harbour-304304", "name": null, "structure_type": "obstruction"}}, {"type": "Feature", "geometry": {"type": "Point", "coordinates": [-122.35737, 37.90891]}, "properties": {"id": "obstruction-harbour-304305", "name": null, "structure_type": "obstruction"}}, {"type": "Feature", "geometry": {"type": "Point", "coordinates": [-122.36696, 37.91853]}, "properties": {"id": "obstruction-harbour-304306", "name": null, "structure_type": "obstruction"}}, {"type": "Feature", "geometry": {"type": "Point", "coordinates": [-122.37929, 37.90931]}, "properties": {"id": "obstruction-harbour-304307", "name": null, "structure_type": "obstruction"}}, {"type": "Feature", "geometry": {"type": "Point", "coordinates": [-122.38007, 37.90141]}, "properties": {"id": "obstruction-harbour-304308", "name": null, "structure_type": "obstruction"}}, {"type": "Feature", "geometry": {"type": "Point", "coordinates": [-122.39904, 37.92938]}, "properties": {"id": "obstruction-harbour-304309", "name": null, "structure_type": "obstruction"}}, {"type": "Feature", "geometry": {"type": "Point", "coordinates": [-122.35554, 37.90099]}, "properties": {"id": "obstruction-harbour-304310", "name": null, "structure_type": "obstruction"}}, {"type": "Feature", "geometry": {"type": "Point", "coordinates": [-122.36316, 37.91801]}, "properties": {"id": "obstruction-harbour-304311", "name": null, "structure_type": "obstruction"}}, {"type": "Feature", "geometry": {"type": "Point", "coordinates": [-122.36657, 37.91825]}, "properties": {"id": "obstruction-harbour-304312", "name": null, "structure_type": "obstruction"}}, {"type": "Feature", "geometry": {"type": "Point", "coordinates": [-122.36686, 37.90153]}, "properties": {"id": "obstruction-harbour-304313", "name": null, "structure_type": "obstruction"}}, {"type": "Feature", "geometry": {"type": "Point", "coordinates": [-122.34974, 37.91073]}, "properties": {"id": "obstruction-harbour-304314", "name": null, "structure_type": "obstruction"}}, {"type": "Feature", "geometry": {"type": "Point", "coordinates": [-122.35275, 37.90807]}, "properties": {"id": "obstruction-harbour-304315", "name": null, "structure_type": "obstruction"}}, {"type": "Feature", "geometry": {"type": "Point", "coordinates": [-122.35592, 37.90153]}, "properties": {"id": "obstruction-harbour-304317", "name": null, "structure_type": "obstruction"}}, {"type": "Feature", "geometry": {"type": "Point", "coordinates": [-122.35604, 37.89427]}, "properties": {"id": "obstruction-harbour-304318", "name": null, "structure_type": "obstruction"}}, {"type": "Feature", "geometry": {"type": "Point", "coordinates": [-122.36052, 37.90935]}, "properties": {"id": "obstruction-harbour-304319", "name": null, "structure_type": "obstruction"}}, {"type": "Feature", "geometry": {"type": "Point", "coordinates": [-122.36097, 37.91057]}, "properties": {"id": "obstruction-harbour-304320", "name": null, "structure_type": "obstruction"}}, {"type": "Feature", "geometry": {"type": "Point", "coordinates": [-122.36775, 37.92091]}, "properties": {"id": "obstruction-harbour-304321", "name": null, "structure_type": "obstruction"}}, {"type": "Feature", "geometry": {"type": "Point", "coordinates": [-122.38724, 37.92018]}, "properties": {"id": "obstruction-harbour-304322", "name": null, "structure_type": "obstruction"}}, {"type": "Feature", "geometry": {"type": "Point", "coordinates": [-122.39128, 37.90378]}, "properties": {"id": "obstruction-harbour-304323", "name": null, "structure_type": "obstruction"}}, {"type": "Feature", "geometry": {"type": "Point", "coordinates": [-122.33536, 37.89886]}, "properties": {"id": "obstruction-harbour-304324", "name": null, "structure_type": "obstruction"}}, {"type": "Feature", "geometry": {"type": "Point", "coordinates": [-122.34704, 37.91018]}, "properties": {"id": "obstruction-harbour-304325", "name": null, "structure_type": "obstruction"}}, {"type": "Feature", "geometry": {"type": "Point", "coordinates": [-122.36624, 37.91801]}, "properties": {"id": "obstruction-harbour-304326", "name": null, "structure_type": "obstruction"}}, {"type": "Feature", "geometry": {"type": "Point", "coordinates": [-122.36685, 37.92427]}, "properties": {"id": "obstruction-harbour-304327", "name": null, "structure_type": "obstruction"}}, {"type": "Feature", "geometry": {"type": "Point", "coordinates": [-122.36918, 37.92]}, "properties": {"id": "obstruction-harbour-304328", "name": null, "structure_type": "obstruction"}}, {"type": "Feature", "geometry": {"type": "Point", "coordinates": [-122.37877, 37.90832]}, "properties": {"id": "obstruction-harbour-304329", "name": null, "structure_type": "obstruction"}}, {"type": "Feature", "geometry": {"type": "Point", "coordinates": [-122.35321, 37.89912]}, "properties": {"id": "obstruction-harbour-304330", "name": null, "structure_type": "obstruction"}}, {"type": "Feature", "geometry": {"type": "Point", "coordinates": [-122.35602, 37.90104]}, "properties": {"id": "obstruction-harbour-304331", "name": null, "structure_type": "obstruction"}}, {"type": "Feature", "geometry": {"type": "Point", "coordinates": [-122.36265, 37.89721]}, "properties": {"id": "obstruction-harbour-304332", "name": null, "structure_type": "obstruction"}}, {"type": "Feature", "geometry": {"type": "Point", "coordinates": [-122.36567, 37.91768]}, "properties": {"id": "obstruction-harbour-304334", "name": null, "structure_type": "obstruction"}}, {"type": "Feature", "geometry": {"type": "Point", "coordinates": [-122.39889, 37.90167]}, "properties": {"id": "obstruction-harbour-304336", "name": null, "structure_type": "obstruction"}}, {"type": "Feature", "geometry": {"type": "Point", "coordinates": [-122.35331, 37.89943]}, "properties": {"id": "obstruction-harbour-304337", "name": null, "structure_type": "obstruction"}}, {"type": "Feature", "geometry": {"type": "Point", "coordinates": [-122.35396, 37.89984]}, "properties": {"id": "obstruction-harbour-304338", "name": null, "structure_type": "obstruction"}}, {"type": "Feature", "geometry": {"type": "Point", "coordinates": [-122.35453, 37.89282]}, "properties": {"id": "obstruction-harbour-304339", "name": null, "structure_type": "obstruction"}}, {"type": "Feature", "geometry": {"type": "Point", "coordinates": [-122.36012, 37.90927]}, "properties": {"id": "obstruction-harbour-304340", "name": null, "structure_type": "obstruction"}}, {"type": "Feature", "geometry": {"type": "Point", "coordinates": [-122.36511, 37.91465]}, "properties": {"id": "obstruction-harbour-304342", "name": null, "structure_type": "obstruction"}}, {"type": "Feature", "geometry": {"type": "Point", "coordinates": [-122.36692, 37.92102]}, "properties": {"id": "obstruction-harbour-304345", "name": null, "structure_type": "obstruction"}}, {"type": "Feature", "geometry": {"type": "Point", "coordinates": [-122.37383, 37.92247]}, "properties": {"id": "obstruction-harbour-304346", "name": null, "structure_type": "obstruction"}}, {"type": "Feature", "geometry": {"type": "Point", "coordinates": [-122.37854, 37.90927]}, "properties": {"id": "obstruction-harbour-304347", "name": null, "structure_type": "obstruction"}}, {"type": "Feature", "geometry": {"type": "Point", "coordinates": [-122.38095, 37.90927]}, "properties": {"id": "obstruction-harbour-304348", "name": null, "structure_type": "obstruction"}}, {"type": "Feature", "geometry": {"type": "Point", "coordinates": [-122.38558, 37.9067]}, "properties": {"id": "obstruction-harbour-304349", "name": null, "structure_type": "obstruction"}}, {"type": "Feature", "geometry": {"type": "Point", "coordinates": [-122.35116, 37.91103]}, "properties": {"id": "obstruction-harbour-304350", "name": null, "structure_type": "obstruction"}}, {"type": "Feature", "geometry": {"type": "Point", "coordinates": [-122.36504, 37.91429]}, "properties": {"id": "obstruction-harbour-304351", "name": null, "structure_type": "obstruction"}}, {"type": "Feature", "geometry": {"type": "Point", "coordinates": [-122.3653, 37.91853]}, "properties": {"id": "obstruction-harbour-304352", "name": null, "structure_type": "obstruction"}}, {"type": "Feature", "geometry": {"type": "Point", "coordinates": [-122.36978, 37.92029]}, "properties": {"id": "obstruction-harbour-304353", "name": null, "structure_type": "obstruction"}}, {"type": "Feature", "geometry": {"type": "Point", "coordinates": [-122.37451, 37.9226]}, "properties": {"id": "obstruction-harbour-304354", "name": null, "structure_type": "obstruction"}}, {"type": "Feature", "geometry": {"type": "Point", "coordinates": [-122.37838, 37.90818]}, "properties": {"id": "obstruction-harbour-304355", "name": null, "structure_type": "obstruction"}}, {"type": "Feature", "geometry": {"type": "Point", "coordinates": [-122.351, 37.90271]}, "properties": {"id": "obstruction-harbour-304356", "name": null, "structure_type": "obstruction"}}, {"type": "Feature", "geometry": {"type": "Point", "coordinates": [-122.367, 37.91964]}, "properties": {"id": "obstruction-harbour-304359", "name": null, "structure_type": "obstruction"}}, {"type": "Feature", "geometry": {"type": "Point", "coordinates": [-122.37904, 37.90898]}, "properties": {"id": "obstruction-harbour-304360", "name": null, "structure_type": "obstruction"}}, {"type": "Feature", "geometry": {"type": "Point", "coordinates": [-122.38173, 37.9082]}, "properties": {"id": "obstruction-harbour-304361", "name": null, "structure_type": "obstruction"}}, {"type": "Feature", "geometry": {"type": "Point", "coordinates": [-122.49771, 37.97264]}, "properties": {"id": "obstruction-harbour-304363", "name": null, "structure_type": "obstruction"}}, {"type": "Feature", "geometry": {"type": "Point", "coordinates": [-122.47818, 38.01242]}, "properties": {"id": "obstruction-harbour-304364", "name": null, "structure_type": "obstruction"}}, {"type": "Feature", "geometry": {"type": "Point", "coordinates": [-122.4788, 38.01299]}, "properties": {"id": "obstruction-harbour-304365", "name": null, "structure_type": "obstruction"}}, {"type": "Feature", "geometry": {"type": "Point", "coordinates": [-122.50409, 37.96817]}, "properties": {"id": "obstruction-harbour-304366", "name": null, "structure_type": "obstruction"}}, {"type": "Feature", "geometry": {"type": "Point", "coordinates": [-122.4826, 38.01504]}, "properties": {"id": "obstruction-harbour-304367", "name": null, "structure_type": "obstruction"}}, {"type": "Feature", "geometry": {"type": "Point", "coordinates": [-122.48174, 38.01376]}, "properties": {"id": "obstruction-harbour-304368", "name": null, "structure_type": "obstruction"}}, {"type": "Feature", "geometry": {"type": "Point", "coordinates": [-122.50811, 37.96643]}, "properties": {"id": "obstruction-harbour-304369", "name": null, "structure_type": "obstruction"}}, {"type": "Feature", "geometry": {"type": "Point", "coordinates": [-122.47711, 38.01187]}, "properties": {"id": "obstruction-harbour-304370", "name": null, "structure_type": "obstruction"}}, {"type": "Feature", "geometry": {"type": "Point", "coordinates": [-122.48077, 38.01358]}, "properties": {"id": "obstruction-harbour-304371", "name": null, "structure_type": "obstruction"}}, {"type": "Feature", "geometry": {"type": "Point", "coordinates": [-122.4877, 37.96736]}, "properties": {"id": "obstruction-harbour-304373", "name": null, "structure_type": "obstruction"}}, {"type": "Feature", "geometry": {"type": "Point", "coordinates": [-122.47594, 38.0114]}, "properties": {"id": "obstruction-harbour-304374", "name": null, "structure_type": "obstruction"}}, {"type": "Feature", "geometry": {"type": "Point", "coordinates": [-122.47637, 38.01125]}, "properties": {"id": "obstruction-harbour-304375", "name": null, "structure_type": "obstruction"}}, {"type": "Feature", "geometry": {"type": "Point", "coordinates": [-122.48076, 38.01321]}, "properties": {"id": "obstruction-harbour-304376", "name": null, "structure_type": "obstruction"}}, {"type": "Feature", "geometry": {"type": "Point", "coordinates": [-122.48265, 38.01463]}, "properties": {"id": "obstruction-harbour-304377", "name": null, "structure_type": "obstruction"}}, {"type": "Feature", "geometry": {"type": "Point", "coordinates": [-122.48351, 37.9716]}, "properties": {"id": "obstruction-harbour-304378", "name": null, "structure_type": "obstruction"}}, {"type": "Feature", "geometry": {"type": "Point", "coordinates": [-122.48362, 38.01508]}, "properties": {"id": "obstruction-harbour-304379", "name": null, "structure_type": "obstruction"}}, {"type": "Feature", "geometry": {"type": "Point", "coordinates": [-122.49941, 37.97255]}, "properties": {"id": "obstruction-harbour-304380", "name": null, "structure_type": "obstruction"}}, {"type": "Feature", "geometry": {"type": "Point", "coordinates": [-122.4844, 38.01563]}, "properties": {"id": "obstruction-harbour-304381", "name": null, "structure_type": "obstruction"}}, {"type": "Feature", "geometry": {"type": "Point", "coordinates": [-122.49937, 37.97052]}, "properties": {"id": "obstruction-harbour-304382", "name": null, "structure_type": "obstruction"}}, {"type": "Feature", "geometry": {"type": "Point", "coordinates": [-122.47971, 38.01319]}, "properties": {"id": "obstruction-harbour-304383", "name": null, "structure_type": "obstruction"}}, {"type": "Feature", "geometry": {"type": "Point", "coordinates": [-122.48128, 38.01349]}, "properties": {"id": "obstruction-harbour-304384", "name": null, "structure_type": "obstruction"}}, {"type": "Feature", "geometry": {"type": "Point", "coordinates": [-122.49679, 37.97397]}, "properties": {"id": "obstruction-harbour-304385", "name": null, "structure_type": "obstruction"}}, {"type": "Feature", "geometry": {"type": "Point", "coordinates": [-122.48371, 37.97127]}, "properties": {"id": "obstruction-harbour-304386", "name": null, "structure_type": "obstruction"}}, {"type": "Feature", "geometry": {"type": "Point", "coordinates": [-122.47154, 38.00942]}, "properties": {"id": "obstruction-harbour-304387", "name": null, "structure_type": "obstruction"}}, {"type": "Feature", "geometry": {"type": "Point", "coordinates": [-122.41489, 38.01198]}, "properties": {"id": "obstruction-harbour-304388", "name": null, "structure_type": "obstruction"}}, {"type": "Feature", "geometry": {"type": "Point", "coordinates": [-122.42012, 37.96358]}, "properties": {"id": "obstruction-harbour-304389", "name": null, "structure_type": "obstruction"}}, {"type": "Feature", "geometry": {"type": "Point", "coordinates": [-122.42504, 37.95076]}, "properties": {"id": "obstruction-harbour-304390", "name": null, "structure_type": "obstruction"}}, {"type": "Feature", "geometry": {"type": "Point", "coordinates": [-122.42577, 37.95855]}, "properties": {"id": "obstruction-harbour-304391", "name": null, "structure_type": "obstruction"}}, {"type": "Feature", "geometry": {"type": "Point", "coordinates": [-122.42701, 37.95611]}, "properties": {"id": "obstruction-harbour-304392", "name": null, "structure_type": "obstruction"}}, {"type": "Feature", "geometry": {"type": "Point", "coordinates": [-122.42898, 37.9655]}, "properties": {"id": "obstruction-harbour-304393", "name": null, "structure_type": "obstruction"}}, {"type": "Feature", "geometry": {"type": "Point", "coordinates": [-122.42607, 37.96843]}, "properties": {"id": "obstruction-harbour-304395", "name": null, "structure_type": "obstruction"}}, {"type": "Feature", "geometry": {"type": "Point", "coordinates": [-122.42931, 37.96188]}, "properties": {"id": "obstruction-harbour-304396", "name": null, "structure_type": "obstruction"}}, {"type": "Feature", "geometry": {"type": "Point", "coordinates": [-122.44017, 37.98325]}, "properties": {"id": "obstruction-harbour-304397", "name": null, "structure_type": "obstruction"}}, {"type": "Feature", "geometry": {"type": "Point", "coordinates": [-122.44721, 37.9863]}, "properties": {"id": "obstruction-harbour-304398", "name": null, "structure_type": "obstruction"}}, {"type": "Feature", "geometry": {"type": "Point", "coordinates": [-122.46725, 38.00758]}, "properties": {"id": "obstruction-harbour-304399", "name": null, "structure_type": "obstruction"}}, {"type": "Feature", "geometry": {"type": "Point", "coordinates": [-122.46821, 38.00793]}, "properties": {"id": "obstruction-harbour-304400", "name": null, "structure_type": "obstruction"}}, {"type": "Feature", "geometry": {"type": "Point", "coordinates": [-122.4034, 37.96607]}, "properties": {"id": "obstruction-harbour-304401", "name": null, "structure_type": "obstruction"}}, {"type": "Feature", "geometry": {"type": "Point", "coordinates": [-122.41875, 37.96449]}, "properties": {"id": "obstruction-harbour-304402", "name": null, "structure_type": "obstruction"}}, {"type": "Feature", "geometry": {"type": "Point", "coordinates": [-122.42073, 37.96628]}, "properties": {"id": "obstruction-harbour-304403", "name": null, "structure_type": "obstruction"}}, {"type": "Feature", "geometry": {"type": "Point", "coordinates": [-122.42348, 37.9652]}, "properties": {"id": "obstruction-harbour-304404", "name": null, "structure_type": "obstruction"}}, {"type": "Feature", "geometry": {"type": "Point", "coordinates": [-122.42806, 37.9613]}, "properties": {"id": "obstruction-harbour-304405", "name": null, "structure_type": "obstruction"}}, {"type": "Feature", "geometry": {"type": "Point", "coordinates": [-122.43983, 37.98578]}, "properties": {"id": "obstruction-harbour-304406", "name": null, "structure_type": "obstruction"}}, {"type": "Feature", "geometry": {"type": "Point", "coordinates": [-122.47047, 38.00891]}, "properties": {"id": "obstruction-harbour-304408", "name": null, "structure_type": "obstruction"}}, {"type": "Feature", "geometry": {"type": "Point", "coordinates": [-122.47273, 38.01001]}, "properties": {"id": "obstruction-harbour-304409", "name": null, "structure_type": "obstruction"}}, {"type": "Feature", "geometry": {"type": "Point", "coordinates": [-122.47477, 38.01089]}, "properties": {"id": "obstruction-harbour-304410", "name": null, "structure_type": "obstruction"}}, {"type": "Feature", "geometry": {"type": "Point", "coordinates": [-122.40602, 37.99104]}, "properties": {"id": "obstruction-harbour-304411", "name": null, "structure_type": "obstruction"}}, {"type": "Feature", "geometry": {"type": "Point", "coordinates": [-122.42854, 37.96158]}, "properties": {"id": "obstruction-harbour-304412", "name": null, "structure_type": "obstruction"}}, {"type": "Feature", "geometry": {"type": "Point", "coordinates": [-122.42885, 37.9616]}, "properties": {"id": "obstruction-harbour-304413", "name": null, "structure_type": "obstruction"}}, {"type": "Feature", "geometry": {"type": "Point", "coordinates": [-122.44737, 37.98678]}, "properties": {"id": "obstruction-harbour-304414", "name": null, "structure_type": "obstruction"}}, {"type": "Feature", "geometry": {"type": "Point", "coordinates": [-122.44811, 37.98962]}, "properties": {"id": "obstruction-harbour-304415", "name": null, "structure_type": "obstruction"}}, {"type": "Feature", "geometry": {"type": "Point", "coordinates": [-122.44825, 37.98925]}, "properties": {"id": "obstruction-harbour-304416", "name": null, "structure_type": "obstruction"}}, {"type": "Feature", "geometry": {"type": "Point", "coordinates": [-122.46596, 37.96508]}, "properties": {"id": "obstruction-harbour-304417", "name": null, "structure_type": "obstruction"}}, {"type": "Feature", "geometry": {"type": "Point", "coordinates": [-122.4739, 38.01053]}, "properties": {"id": "obstruction-harbour-304418", "name": null, "structure_type": "obstruction"}}, {"type": "Feature", "geometry": {"type": "Point", "coordinates": [-122.40652, 37.96571]}, "properties": {"id": "obstruction-harbour-304419", "name": null, "structure_type": "obstruction"}}, {"type": "Feature", "geometry": {"type": "Point", "coordinates": [-122.42365, 37.96489]}, "properties": {"id": "obstruction-harbour-304420", "name": null, "structure_type": "obstruction"}}, {"type": "Feature", "geometry": {"type": "Point", "coordinates": [-122.42445, 37.96524]}, "properties": {"id": "obstruction-harbour-304421", "name": null, "structure_type": "obstruction"}}, {"type": "Feature", "geometry": {"type": "Point", "coordinates": [-122.43261, 37.96318]}, "properties": {"id": "obstruction-harbour-304423", "name": null, "structure_type": "obstruction"}}, {"type": "Feature", "geometry": {"type": "Point", "coordinates": [-122.44964, 37.9904]}, "properties": {"id": "obstruction-harbour-304424", "name": null, "structure_type": "obstruction"}}, {"type": "Feature", "geometry": {"type": "Point", "coordinates": [-122.40651, 37.96523]}, "properties": {"id": "obstruction-harbour-304425", "name": null, "structure_type": "obstruction"}}, {"type": "Feature", "geometry": {"type": "Point", "coordinates": [-122.41779, 37.96516]}, "properties": {"id": "obstruction-harbour-304426", "name": null, "structure_type": "obstruction"}}, {"type": "Feature", "geometry": {"type": "Point", "coordinates": [-122.42058, 37.96379]}, "properties": {"id": "obstruction-harbour-304427", "name": null, "structure_type": "obstruction"}}, {"type": "Feature", "geometry": {"type": "Point", "coordinates": [-122.42667, 37.95738]}, "properties": {"id": "obstruction-harbour-304428", "name": null, "structure_type": "obstruction"}}, {"type": "Feature", "geometry": {"type": "Point", "coordinates": [-122.42818, 37.96168]}, "properties": {"id": "obstruction-harbour-304429", "name": null, "structure_type": "obstruction"}}, {"type": "Feature", "geometry": {"type": "Point", "coordinates": [-122.42869, 37.96084]}, "properties": {"id": "obstruction-harbour-304430", "name": null, "structure_type": "obstruction"}}, {"type": "Feature", "geometry": {"type": "Point", "coordinates": [-122.47392, 38.01021]}, "properties": {"id": "obstruction-harbour-304433", "name": null, "structure_type": "obstruction"}}, {"type": "Feature", "geometry": {"type": "Point", "coordinates": [-122.47412, 38.00903]}, "properties": {"id": "obstruction-harbour-304434", "name": null, "structure_type": "obstruction"}}, {"type": "Feature", "geometry": {"type": "Point", "coordinates": [-122.40617, 37.96596]}, "properties": {"id": "obstruction-harbour-304435", "name": null, "structure_type": "obstruction"}}, {"type": "Feature", "geometry": {"type": "Point", "coordinates": [-122.46592, 38.00686]}, "properties": {"id": "obstruction-harbour-304438", "name": null, "structure_type": "obstruction"}}, {"type": "Feature", "geometry": {"type": "Point", "coordinates": [-122.36875, 38.00649]}, "properties": {"id": "obstruction-harbour-304439", "name": null, "structure_type": "obstruction"}}, {"type": "Feature", "geometry": {"type": "Point", "coordinates": [-122.37699, 37.99287]}, "properties": {"id": "obstruction-harbour-304440", "name": null, "structure_type": "obstruction"}}, {"type": "Feature", "geometry": {"type": "Point", "coordinates": [-122.37345, 37.99793]}, "properties": {"id": "obstruction-harbour-304441", "name": null, "structure_type": "obstruction"}}, {"type": "Feature", "geometry": {"type": "Point", "coordinates": [-122.3774, 37.99389]}, "properties": {"id": "obstruction-harbour-304442", "name": null, "structure_type": "obstruction"}}, {"type": "Feature", "geometry": {"type": "Point", "coordinates": [-122.36168, 38.01131]}, "properties": {"id": "obstruction-harbour-304443", "name": null, "structure_type": "obstruction"}}, {"type": "Feature", "geometry": {"type": "Point", "coordinates": [-122.3836, 37.97645]}, "properties": {"id": "obstruction-harbour-304444", "name": null, "structure_type": "obstruction"}}, {"type": "Feature", "geometry": {"type": "Point", "coordinates": [-122.36991, 37.98337]}, "properties": {"id": "obstruction-harbour-304445", "name": null, "structure_type": "obstruction"}}, {"type": "Feature", "geometry": {"type": "Point", "coordinates": [-122.36917, 37.98187]}, "properties": {"id": "obstruction-harbour-304446", "name": null, "structure_type": "obstruction"}}, {"type": "Feature", "geometry": {"type": "Point", "coordinates": [-122.37897, 37.98896]}, "properties": {"id": "obstruction-harbour-304447", "name": null, "structure_type": "obstruction"}}, {"type": "Feature", "geometry": {"type": "Point", "coordinates": [-122.37028, 37.98372]}, "properties": {"id": "obstruction-harbour-304448", "name": null, "structure_type": "obstruction"}}, {"type": "Feature", "geometry": {"type": "Point", "coordinates": [-122.30561, 38.01178]}, "properties": {"id": "obstruction-harbour-304449", "name": null, "structure_type": "obstruction"}}, {"type": "Feature", "geometry": {"type": "Point", "coordinates": [-122.1436, 38.02435]}, "properties": {"id": "obstruction-harbour-304450", "name": null, "structure_type": "obstruction"}}, {"type": "Feature", "geometry": {"type": "Point", "coordinates": [-122.15024, 38.02229]}, "properties": {"id": "obstruction-harbour-304451", "name": null, "structure_type": "obstruction"}}, {"type": "Feature", "geometry": {"type": "Point", "coordinates": [-122.14416, 38.02246]}, "properties": {"id": "obstruction-harbour-304452", "name": null, "structure_type": "obstruction"}}, {"type": "Feature", "geometry": {"type": "Point", "coordinates": [-121.80673, 38.02394]}, "properties": {"id": "obstruction-harbour-304453", "name": null, "structure_type": "obstruction"}}, {"type": "Feature", "geometry": {"type": "Point", "coordinates": [-121.82602, 38.02474]}, "properties": {"id": "obstruction-harbour-304454", "name": null, "structure_type": "obstruction"}}, {"type": "Feature", "geometry": {"type": "Point", "coordinates": [-121.83345, 38.02497]}, "properties": {"id": "obstruction-harbour-304455", "name": null, "structure_type": "obstruction"}}, {"type": "Feature", "geometry": {"type": "Point", "coordinates": [-121.80732, 38.01689]}, "properties": {"id": "obstruction-harbour-304456", "name": null, "structure_type": "obstruction"}}, {"type": "Feature", "geometry": {"type": "Point", "coordinates": [-121.81317, 38.01798]}, "properties": {"id": "obstruction-harbour-304458", "name": null, "structure_type": "obstruction"}}, {"type": "Feature", "geometry": {"type": "Point", "coordinates": [-121.82623, 38.02299]}, "properties": {"id": "obstruction-harbour-304459", "name": null, "structure_type": "obstruction"}}, {"type": "Feature", "geometry": {"type": "Point", "coordinates": [-121.77366, 38.01656]}, "properties": {"id": "obstruction-harbour-304460", "name": null, "structure_type": "obstruction"}}, {"type": "Feature", "geometry": {"type": "Point", "coordinates": [-121.73953, 38.02394]}, "properties": {"id": "obstruction-harbour-304461", "name": null, "structure_type": "obstruction"}}, {"type": "Feature", "geometry": {"type": "Point", "coordinates": [-121.77407, 38.01664]}, "properties": {"id": "obstruction-harbour-304462", "name": null, "structure_type": "obstruction"}}, {"type": "Feature", "geometry": {"type": "Point", "coordinates": [-121.77132, 38.01757]}, "properties": {"id": "obstruction-harbour-304463", "name": null, "structure_type": "obstruction"}}, {"type": "Feature", "geometry": {"type": "Point", "coordinates": [-121.77088, 38.01767]}, "properties": {"id": "obstruction-harbour-304464", "name": null, "structure_type": "obstruction"}}, {"type": "Feature", "geometry": {"type": "Point", "coordinates": [-121.70437, 38.02385]}, "properties": {"id": "obstruction-harbour-304465", "name": null, "structure_type": "obstruction"}}, {"type": "Feature", "geometry": {"type": "Point", "coordinates": [-121.72219, 38.0138]}, "properties": {"id": "obstruction-harbour-304466", "name": null, "structure_type": "obstruction"}}, {"type": "Feature", "geometry": {"type": "Point", "coordinates": [-121.57876, 38.01057]}, "properties": {"id": "obstruction-harbour-304467", "name": null, "structure_type": "obstruction"}}, {"type": "Feature", "geometry": {"type": "Point", "coordinates": [-121.57954, 38.00335]}, "properties": {"id": "obstruction-harbour-304468", "name": null, "structure_type": "obstruction"}}, {"type": "Feature", "geometry": {"type": "Point", "coordinates": [-121.61625, 38.01275]}, "properties": {"id": "obstruction-harbour-304469", "name": null, "structure_type": "obstruction"}}, {"type": "Feature", "geometry": {"type": "Point", "coordinates": [-121.56853, 38.01164]}, "properties": {"id": "obstruction-harbour-304470", "name": null, "structure_type": "obstruction"}}, {"type": "Feature", "geometry": {"type": "Point", "coordinates": [-121.57042, 38.01894]}, "properties": {"id": "obstruction-harbour-304471", "name": null, "structure_type": "obstruction"}}, {"type": "Feature", "geometry": {"type": "Point", "coordinates": [-121.57093, 38.01646]}, "properties": {"id": "obstruction-harbour-304472", "name": null, "structure_type": "obstruction"}}, {"type": "Feature", "geometry": {"type": "Point", "coordinates": [-121.37723, 37.97297]}, "properties": {"id": "obstruction-harbour-304473", "name": null, "structure_type": "obstruction"}}, {"type": "Feature", "geometry": {"type": "Point", "coordinates": [-121.3958, 37.98866]}, "properties": {"id": "obstruction-harbour-304474", "name": null, "structure_type": "obstruction"}}, {"type": "Feature", "geometry": {"type": "Point", "coordinates": [-121.31377, 37.95337]}, "properties": {"id": "obstruction-harbour-304475", "name": null, "structure_type": "obstruction"}}, {"type": "Feature", "geometry": {"type": "Point", "coordinates": [-121.3133, 37.95334]}, "properties": {"id": "obstruction-harbour-304476", "name": null, "structure_type": "obstruction"}}, {"type": "Feature", "geometry": {"type": "Point", "coordinates": [-122.48348, 38.09445]}, "properties": {"id": "obstruction-harbour-304477", "name": null, "structure_type": "obstruction"}}, {"type": "Feature", "geometry": {"type": "Point", "coordinates": [-122.49912, 38.09125]}, "properties": {"id": "obstruction-harbour-304478", "name": null, "structure_type": "obstruction"}}, {"type": "Feature", "geometry": {"type": "Point", "coordinates": [-122.49976, 38.09086]}, "properties": {"id": "obstruction-harbour-304479", "name": null, "structure_type": "obstruction"}}, {"type": "Feature", "geometry": {"type": "Point", "coordinates": [-122.47043, 38.03567]}, "properties": {"id": "obstruction-harbour-304480", "name": null, "structure_type": "obstruction"}}, {"type": "Feature", "geometry": {"type": "Point", "coordinates": [-122.46916, 38.03601]}, "properties": {"id": "obstruction-harbour-304481", "name": null, "structure_type": "obstruction"}}, {"type": "Feature", "geometry": {"type": "Point", "coordinates": [-122.36536, 38.0451]}, "properties": {"id": "obstruction-harbour-304482", "name": null, "structure_type": "obstruction"}}, {"type": "Feature", "geometry": {"type": "Point", "coordinates": [-122.32892, 38.0454]}, "properties": {"id": "obstruction-harbour-304483", "name": null, "structure_type": "obstruction"}}, {"type": "Feature", "geometry": {"type": "Point", "coordinates": [-122.33695, 38.03994]}, "properties": {"id": "obstruction-harbour-304484", "name": null, "structure_type": "obstruction"}}, {"type": "Feature", "geometry": {"type": "Point", "coordinates": [-122.25574, 38.07205]}, "properties": {"id": "obstruction-harbour-304485", "name": null, "structure_type": "obstruction"}}, {"type": "Feature", "geometry": {"type": "Point", "coordinates": [-122.31856, 38.05629]}, "properties": {"id": "obstruction-harbour-304486", "name": null, "structure_type": "obstruction"}}, {"type": "Feature", "geometry": {"type": "Point", "coordinates": [-122.30748, 38.06063]}, "properties": {"id": "obstruction-harbour-304487", "name": null, "structure_type": "obstruction"}}, {"type": "Feature", "geometry": {"type": "Point", "coordinates": [-122.29146, 38.04478]}, "properties": {"id": "obstruction-harbour-304488", "name": null, "structure_type": "obstruction"}}, {"type": "Feature", "geometry": {"type": "Point", "coordinates": [-122.28708, 38.05014]}, "properties": {"id": "obstruction-harbour-304489", "name": null, "structure_type": "obstruction"}}, {"type": "Feature", "geometry": {"type": "Point", "coordinates": [-122.2732, 38.05603]}, "properties": {"id": "obstruction-harbour-304490", "name": null, "structure_type": "obstruction"}}, {"type": "Feature", "geometry": {"type": "Point", "coordinates": [-122.26023, 38.05354]}, "properties": {"id": "obstruction-harbour-304491", "name": null, "structure_type": "obstruction"}}, {"type": "Feature", "geometry": {"type": "Point", "coordinates": [-122.26049, 38.05479]}, "properties": {"id": "obstruction-harbour-304493", "name": null, "structure_type": "obstruction"}}, {"type": "Feature", "geometry": {"type": "Point", "coordinates": [-122.26226, 38.05486]}, "properties": {"id": "obstruction-harbour-304494", "name": null, "structure_type": "obstruction"}}, {"type": "Feature", "geometry": {"type": "Point", "coordinates": [-122.29669, 38.06764]}, "properties": {"id": "obstruction-harbour-304495", "name": null, "structure_type": "obstruction"}}, {"type": "Feature", "geometry": {"type": "Point", "coordinates": [-122.25021, 38.08075]}, "properties": {"id": "obstruction-harbour-304496", "name": null, "structure_type": "obstruction"}}, {"type": "Feature", "geometry": {"type": "Point", "coordinates": [-122.25037, 38.08134]}, "properties": {"id": "obstruction-harbour-304497", "name": null, "structure_type": "obstruction"}}, {"type": "Feature", "geometry": {"type": "Point", "coordinates": [-122.25359, 38.08488]}, "properties": {"id": "obstruction-harbour-304498", "name": null, "structure_type": "obstruction"}}, {"type": "Feature", "geometry": {"type": "Point", "coordinates": [-122.25367, 38.0852]}, "properties": {"id": "obstruction-harbour-304499", "name": null, "structure_type": "obstruction"}}, {"type": "Feature", "geometry": {"type": "Point", "coordinates": [-122.25625, 38.05197]}, "properties": {"id": "obstruction-harbour-304500", "name": null, "structure_type": "obstruction"}}, {"type": "Feature", "geometry": {"type": "Point", "coordinates": [-122.26499, 38.09642]}, "properties": {"id": "obstruction-harbour-304501", "name": null, "structure_type": "obstruction"}}, {"type": "Feature", "geometry": {"type": "Point", "coordinates": [-122.23281, 38.0576]}, "properties": {"id": "obstruction-harbour-304502", "name": null, "structure_type": "obstruction"}}, {"type": "Feature", "geometry": {"type": "Point", "coordinates": [-122.18032, 38.06258]}, "properties": {"id": "obstruction-harbour-304503", "name": null, "structure_type": "obstruction"}}, {"type": "Feature", "geometry": {"type": "Point", "coordinates": [-122.18229, 38.04699]}, "properties": {"id": "obstruction-harbour-304504", "name": null, "structure_type": "obstruction"}}, {"type": "Feature", "geometry": {"type": "Point", "coordinates": [-122.21315, 38.0566]}, "properties": {"id": "obstruction-harbour-304505", "name": null, "structure_type": "obstruction"}}, {"type": "Feature", "geometry": {"type": "Point", "coordinates": [-122.22906, 38.06548]}, "properties": {"id": "obstruction-harbour-304506", "name": null, "structure_type": "obstruction"}}, {"type": "Feature", "geometry": {"type": "Point", "coordinates": [-122.21135, 38.05615]}, "properties": {"id": "obstruction-harbour-304508", "name": null, "structure_type": "obstruction"}}, {"type": "Feature", "geometry": {"type": "Point", "coordinates": [-122.21276, 38.05641]}, "properties": {"id": "obstruction-harbour-304509", "name": null, "structure_type": "obstruction"}}, {"type": "Feature", "geometry": {"type": "Point", "coordinates": [-122.2136, 38.05702]}, "properties": {"id": "obstruction-harbour-304510", "name": null, "structure_type": "obstruction"}}, {"type": "Feature", "geometry": {"type": "Point", "coordinates": [-122.24876, 38.07863]}, "properties": {"id": "obstruction-harbour-304511", "name": null, "structure_type": "obstruction"}}, {"type": "Feature", "geometry": {"type": "Point", "coordinates": [-122.18337, 38.04821]}, "properties": {"id": "obstruction-harbour-304512", "name": null, "structure_type": "obstruction"}}, {"type": "Feature", "geometry": {"type": "Point", "coordinates": [-122.20988, 38.05571]}, "properties": {"id": "obstruction-harbour-304513", "name": null, "structure_type": "obstruction"}}, {"type": "Feature", "geometry": {"type": "Point", "coordinates": [-122.21226, 38.05628]}, "properties": {"id": "obstruction-harbour-304514", "name": null, "structure_type": "obstruction"}}, {"type": "Feature", "geometry": {"type": "Point", "coordinates": [-122.18295, 38.04749]}, "properties": {"id": "obstruction-harbour-304516", "name": null, "structure_type": "obstruction"}}, {"type": "Feature", "geometry": {"type": "Point", "coordinates": [-122.18477, 38.06692]}, "properties": {"id": "obstruction-harbour-304517", "name": null, "structure_type": "obstruction"}}, {"type": "Feature", "geometry": {"type": "Point", "coordinates": [-122.22976, 38.06549]}, "properties": {"id": "obstruction-harbour-304518", "name": null, "structure_type": "obstruction"}}, {"type": "Feature", "geometry": {"type": "Point", "coordinates": [-122.24987, 38.08077]}, "properties": {"id": "obstruction-harbour-304520", "name": null, "structure_type": "obstruction"}}, {"type": "Feature", "geometry": {"type": "Point", "coordinates": [-122.20387, 38.06386]}, "properties": {"id": "obstruction-harbour-304523", "name": null, "structure_type": "obstruction"}}, {"type": "Feature", "geometry": {"type": "Point", "coordinates": [-122.20388, 38.05478]}, "properties": {"id": "obstruction-harbour-304524", "name": null, "structure_type": "obstruction"}}, {"type": "Feature", "geometry": {"type": "Point", "coordinates": [-122.21191, 38.05618]}, "properties": {"id": "obstruction-harbour-304525", "name": null, "structure_type": "obstruction"}}, {"type": "Feature", "geometry": {"type": "Point", "coordinates": [-122.17984, 38.06227]}, "properties": {"id": "obstruction-harbour-304527", "name": null, "structure_type": "obstruction"}}, {"type": "Feature", "geometry": {"type": "Point", "coordinates": [-122.18112, 38.06314]}, "properties": {"id": "obstruction-harbour-304529", "name": null, "structure_type": "obstruction"}}, {"type": "Feature", "geometry": {"type": "Point", "coordinates": [-122.22941, 38.06559]}, "properties": {"id": "obstruction-harbour-304532", "name": null, "structure_type": "obstruction"}}, {"type": "Feature", "geometry": {"type": "Point", "coordinates": [-122.16513, 38.05299]}, "properties": {"id": "obstruction-harbour-304533", "name": null, "structure_type": "obstruction"}}, {"type": "Feature", "geometry": {"type": "Point", "coordinates": [-122.10255, 38.05924]}, "properties": {"id": "obstruction-harbour-304534", "name": null, "structure_type": "obstruction"}}, {"type": "Feature", "geometry": {"type": "Point", "coordinates": [-122.10764, 38.06718]}, "properties": {"id": "obstruction-harbour-304535", "name": null, "structure_type": "obstruction"}}, {"type": "Feature", "geometry": {"type": "Point", "coordinates": [-122.1183, 38.03678]}, "properties": {"id": "obstruction-harbour-304536", "name": null, "structure_type": "obstruction"}}, {"type": "Feature", "geometry": {"type": "Point", "coordinates": [-122.13583, 38.04161]}, "properties": {"id": "obstruction-harbour-304537", "name": null, "structure_type": "obstruction"}}, {"type": "Feature", "geometry": {"type": "Point", "coordinates": [-122.14075, 38.04239]}, "properties": {"id": "obstruction-harbour-304538", "name": null, "structure_type": "obstruction"}}, {"type": "Feature", "geometry": {"type": "Point", "coordinates": [-122.16331, 38.0435]}, "properties": {"id": "obstruction-harbour-304539", "name": null, "structure_type": "obstruction"}}, {"type": "Feature", "geometry": {"type": "Point", "coordinates": [-122.16394, 38.05341]}, "properties": {"id": "obstruction-harbour-304540", "name": null, "structure_type": "obstruction"}}, {"type": "Feature", "geometry": {"type": "Point", "coordinates": [-122.16495, 38.04453]}, "properties": {"id": "obstruction-harbour-304541", "name": null, "structure_type": "obstruction"}}, {"type": "Feature", "geometry": {"type": "Point", "coordinates": [-122.17314, 38.03412]}, "properties": {"id": "obstruction-harbour-304542", "name": null, "structure_type": "obstruction"}}, {"type": "Feature", "geometry": {"type": "Point", "coordinates": [-122.11548, 38.03862]}, "properties": {"id": "obstruction-harbour-304543", "name": null, "structure_type": "obstruction"}}, {"type": "Feature", "geometry": {"type": "Point", "coordinates": [-122.11722, 38.06014]}, "properties": {"id": "obstruction-harbour-304544", "name": null, "structure_type": "obstruction"}}, {"type": "Feature", "geometry": {"type": "Point", "coordinates": [-122.14678, 38.04199]}, "properties": {"id": "obstruction-harbour-304545", "name": null, "structure_type": "obstruction"}}, {"type": "Feature", "geometry": {"type": "Point", "coordinates": [-122.14759, 38.04155]}, "properties": {"id": "obstruction-harbour-304546", "name": null, "structure_type": "obstruction"}}, {"type": "Feature", "geometry": {"type": "Point", "coordinates": [-122.16706, 38.05337]}, "properties": {"id": "obstruction-harbour-304547", "name": null, "structure_type": "obstruction"}}, {"type": "Feature", "geometry": {"type": "Point", "coordinates": [-122.16768, 38.05371]}, "properties": {"id": "obstruction-harbour-304548", "name": null, "structure_type": "obstruction"}}, {"type": "Feature", "geometry": {"type": "Point", "coordinates": [-122.11078, 38.04582]}, "properties": {"id": "obstruction-harbour-304549", "name": null, "structure_type": "obstruction"}}, {"type": "Feature", "geometry": {"type": "Point", "coordinates": [-122.11781, 38.04805]}, "properties": {"id": "obstruction-harbour-304550", "name": null, "structure_type": "obstruction"}}, {"type": "Feature", "geometry": {"type": "Point", "coordinates": [-122.14336, 38.02586]}, "properties": {"id": "obstruction-harbour-304551", "name": null, "structure_type": "obstruction"}}, {"type": "Feature", "geometry": {"type": "Point", "coordinates": [-122.16136, 38.04335]}, "properties": {"id": "obstruction-harbour-304552", "name": null, "structure_type": "obstruction"}}, {"type": "Feature", "geometry": {"type": "Point", "coordinates": [-122.1729, 38.03329]}, "properties": {"id": "obstruction-harbour-304555", "name": null, "structure_type": "obstruction"}}, {"type": "Feature", "geometry": {"type": "Point", "coordinates": [-122.17474, 38.05956]}, "properties": {"id": "obstruction-harbour-304556", "name": null, "structure_type": "obstruction"}}, {"type": "Feature", "geometry": {"type": "Point", "coordinates": [-122.10257, 38.05829]}, "properties": {"id": "obstruction-harbour-304557", "name": null, "structure_type": "obstruction"}}, {"type": "Feature", "geometry": {"type": "Point", "coordinates": [-122.11664, 38.05624]}, "properties": {"id": "obstruction-harbour-304558", "name": null, "structure_type": "obstruction"}}, {"type": "Feature", "geometry": {"type": "Point", "coordinates": [-122.16217, 38.04601]}, "properties": {"id": "obstruction-harbour-304559", "name": null, "structure_type": "obstruction"}}, {"type": "Feature", "geometry": {"type": "Point", "coordinates": [-122.16312, 38.04397]}, "properties": {"id": "obstruction-harbour-304560", "name": null, "structure_type": "obstruction"}}, {"type": "Feature", "geometry": {"type": "Point", "coordinates": [-122.16428, 38.04339]}, "properties": {"id": "obstruction-harbour-304561", "name": null, "structure_type": "obstruction"}}, {"type": "Feature", "geometry": {"type": "Point", "coordinates": [-122.16484, 38.0518]}, "properties": {"id": "obstruction-harbour-304562", "name": null, "structure_type": "obstruction"}}, {"type": "Feature", "geometry": {"type": "Point", "coordinates": [-122.16497, 38.05378]}, "properties": {"id": "obstruction-harbour-304563", "name": null, "structure_type": "obstruction"}}, {"type": "Feature", "geometry": {"type": "Point", "coordinates": [-122.10372, 38.07096]}, "properties": {"id": "obstruction-harbour-304564", "name": null, "structure_type": "obstruction"}}, {"type": "Feature", "geometry": {"type": "Point", "coordinates": [-122.104, 38.06188]}, "properties": {"id": "obstruction-harbour-304565", "name": null, "structure_type": "obstruction"}}, {"type": "Feature", "geometry": {"type": "Point", "coordinates": [-122.14135, 38.02842]}, "properties": {"id": "obstruction-harbour-304566", "name": null, "structure_type": "obstruction"}}, {"type": "Feature", "geometry": {"type": "Point", "coordinates": [-122.15036, 38.04248]}, "properties": {"id": "obstruction-harbour-304567", "name": null, "structure_type": "obstruction"}}, {"type": "Feature", "geometry": {"type": "Point", "coordinates": [-122.16886, 38.05614]}, "properties": {"id": "obstruction-harbour-304568", "name": null, "structure_type": "obstruction"}}, {"type": "Feature", "geometry": {"type": "Point", "coordinates": [-122.16917, 38.05614]}, "properties": {"id": "obstruction-harbour-304569", "name": null, "structure_type": "obstruction"}}, {"type": "Feature", "geometry": {"type": "Point", "coordinates": [-122.16966, 38.05539]}, "properties": {"id": "obstruction-harbour-304570", "name": null, "structure_type": "obstruction"}}, {"type": "Feature", "geometry": {"type": "Point", "coordinates": [-122.10569, 38.0602]}, "properties": {"id": "obstruction-harbour-304571", "name": null, "structure_type": "obstruction"}}, {"type": "Feature", "geometry": {"type": "Point", "coordinates": [-122.10621, 38.06567]}, "properties": {"id": "obstruction-harbour-304572", "name": null, "structure_type": "obstruction"}}, {"type": "Feature", "geometry": {"type": "Point", "coordinates": [-122.11333, 38.05833]}, "properties": {"id": "obstruction-harbour-304573", "name": null, "structure_type": "obstruction"}}, {"type": "Feature", "geometry": {"type": "Point", "coordinates": [-122.14218, 38.02665]}, "properties": {"id": "obstruction-harbour-304574", "name": null, "structure_type": "obstruction"}}, {"type": "Feature", "geometry": {"type": "Point", "coordinates": [-122.1615, 38.05031]}, "properties": {"id": "obstruction-harbour-304575", "name": null, "structure_type": "obstruction"}}, {"type": "Feature", "geometry": {"type": "Point", "coordinates": [-122.1012, 38.07406]}, "properties": {"id": "obstruction-harbour-304576", "name": null, "structure_type": "obstruction"}}, {"type": "Feature", "geometry": {"type": "Point", "coordinates": [-122.1198, 38.05505]}, "properties": {"id": "obstruction-harbour-304577", "name": null, "structure_type": "obstruction"}}, {"type": "Feature", "geometry": {"type": "Point", "coordinates": [-122.12087, 38.04518]}, "properties": {"id": "obstruction-harbour-304578", "name": null, "structure_type": "obstruction"}}, {"type": "Feature", "geometry": {"type": "Point", "coordinates": [-122.14742, 38.04191]}, "properties": {"id": "obstruction-harbour-304579", "name": null, "structure_type": "obstruction"}}, {"type": "Feature", "geometry": {"type": "Point", "coordinates": [-122.15702, 38.04293]}, "properties": {"id": "obstruction-harbour-304580", "name": null, "structure_type": "obstruction"}}, {"type": "Feature", "geometry": {"type": "Point", "coordinates": [-122.16134, 38.04866]}, "properties": {"id": "obstruction-harbour-304581", "name": null, "structure_type": "obstruction"}}, {"type": "Feature", "geometry": {"type": "Point", "coordinates": [-122.16238, 38.04517]}, "properties": {"id": "obstruction-harbour-304582", "name": null, "structure_type": "obstruction"}}, {"type": "Feature", "geometry": {"type": "Point", "coordinates": [-122.16446, 38.05201]}, "properties": {"id": "obstruction-harbour-304583", "name": null, "structure_type": "obstruction"}}, {"type": "Feature", "geometry": {"type": "Point", "coordinates": [-122.17228, 38.03385]}, "properties": {"id": "obstruction-harbour-304584", "name": null, "structure_type": "obstruction"}}, {"type": "Feature", "geometry": {"type": "Point", "coordinates": [-122.10013, 38.07374]}, "properties": {"id": "obstruction-harbour-304585", "name": null, "structure_type": "obstruction"}}, {"type": "Feature", "geometry": {"type": "Point", "coordinates": [-122.11329, 38.03874]}, "properties": {"id": "obstruction-harbour-304586", "name": null, "structure_type": "obstruction"}}, {"type": "Feature", "geometry": {"type": "Point", "coordinates": [-122.1485, 38.04112]}, "properties": {"id": "obstruction-harbour-304587", "name": null, "structure_type": "obstruction"}}, {"type": "Feature", "geometry": {"type": "Point", "coordinates": [-122.15073, 38.0422]}, "properties": {"id": "obstruction-harbour-304588", "name": null, "structure_type": "obstruction"}}, {"type": "Feature", "geometry": {"type": "Point", "coordinates": [-122.16207, 38.04975]}, "properties": {"id": "obstruction-harbour-304589", "name": null, "structure_type": "obstruction"}}, {"type": "Feature", "geometry": {"type": "Point", "coordinates": [-122.09796, 38.06366]}, "properties": {"id": "obstruction-harbour-304590", "name": null, "structure_type": "obstruction"}}, {"type": "Feature", "geometry": {"type": "Point", "coordinates": [-122.02871, 38.05842]}, "properties": {"id": "obstruction-harbour-304591", "name": null, "structure_type": "obstruction"}}, {"type": "Feature", "geometry": {"type": "Point", "coordinates": [-122.04482, 38.07062]}, "properties": {"id": "obstruction-harbour-304592", "name": null, "structure_type": "obstruction"}}, {"type": "Feature", "geometry": {"type": "Point", "coordinates": [-122.08414, 38.07652]}, "properties": {"id": "obstruction-harbour-304593", "name": null, "structure_type": "obstruction"}}, {"type": "Feature", "geometry": {"type": "Point", "coordinates": [-122.08582, 38.07559]}, "properties": {"id": "obstruction-harbour-304594", "name": null, "structure_type": "obstruction"}}, {"type": "Feature", "geometry": {"type": "Point", "coordinates": [-122.097, 38.06229]}, "properties": {"id": "obstruction-harbour-304595", "name": null, "structure_type": "obstruction"}}, {"type": "Feature", "geometry": {"type": "Point", "coordinates": [-122.09767, 38.04397]}, "properties": {"id": "obstruction-harbour-304596", "name": null, "structure_type": "obstruction"}}, {"type": "Feature", "geometry": {"type": "Point", "coordinates": [-122.02568, 38.09153]}, "properties": {"id": "obstruction-harbour-304597", "name": null, "structure_type": "obstruction"}}, {"type": "Feature", "geometry": {"type": "Point", "coordinates": [-122.05048, 38.0473]}, "properties": {"id": "obstruction-harbour-304598", "name": null, "structure_type": "obstruction"}}, {"type": "Feature", "geometry": {"type": "Point", "coordinates": [-122.088, 38.07214]}, "properties": {"id": "obstruction-harbour-304599", "name": null, "structure_type": "obstruction"}}, {"type": "Feature", "geometry": {"type": "Point", "coordinates": [-122.09355, 38.07853]}, "properties": {"id": "obstruction-harbour-304600", "name": null, "structure_type": "obstruction"}}, {"type": "Feature", "geometry": {"type": "Point", "coordinates": [-122.09962, 38.06503]}, "properties": {"id": "obstruction-harbour-304601", "name": null, "structure_type": "obstruction"}}, {"type": "Feature", "geometry": {"type": "Point", "coordinates": [-122.02774, 38.06153]}, "properties": {"id": "obstruction-harbour-304602", "name": null, "structure_type": "obstruction"}}, {"type": "Feature", "geometry": {"type": "Point", "coordinates": [-122.05866, 38.04713]}, "properties": {"id": "obstruction-harbour-304604", "name": null, "structure_type": "obstruction"}}, {"type": "Feature", "geometry": {"type": "Point", "coordinates": [-122.08462, 38.05922]}, "properties": {"id": "obstruction-harbour-304605", "name": null, "structure_type": "obstruction"}}, {"type": "Feature", "geometry": {"type": "Point", "coordinates": [-122.09697, 38.04309]}, "properties": {"id": "obstruction-harbour-304606", "name": null, "structure_type": "obstruction"}}, {"type": "Feature", "geometry": {"type": "Point", "coordinates": [-122.09853, 38.04513]}, "properties": {"id": "obstruction-harbour-304607", "name": null, "structure_type": "obstruction"}}, {"type": "Feature", "geometry": {"type": "Point", "coordinates": [-122.04567, 38.09048]}, "properties": {"id": "obstruction-harbour-304608", "name": null, "structure_type": "obstruction"}}, {"type": "Feature", "geometry": {"type": "Point", "coordinates": [-122.0817, 38.08035]}, "properties": {"id": "obstruction-harbour-304609", "name": null, "structure_type": "obstruction"}}, {"type": "Feature", "geometry": {"type": "Point", "coordinates": [-122.08477, 38.07728]}, "properties": {"id": "obstruction-harbour-304610", "name": null, "structure_type": "obstruction"}}, {"type": "Feature", "geometry": {"type": "Point", "coordinates": [-122.08675, 38.08491]}, "properties": {"id": "obstruction-harbour-304611", "name": null, "structure_type": "obstruction"}}, {"type": "Feature", "geometry": {"type": "Point", "coordinates": [-122.09811, 38.07095]}, "properties": {"id": "obstruction-harbour-304612", "name": null, "structure_type": "obstruction"}}, {"type": "Feature", "geometry": {"type": "Point", "coordinates": [-122.0564, 38.05376]}, "properties": {"id": "obstruction-harbour-304613", "name": null, "structure_type": "obstruction"}}, {"type": "Feature", "geometry": {"type": "Point", "coordinates": [-122.06054, 38.06596]}, "properties": {"id": "obstruction-harbour-304614", "name": null, "structure_type": "obstruction"}}, {"type": "Feature", "geometry": {"type": "Point", "coordinates": [-122.09059, 38.08034]}, "properties": {"id": "obstruction-harbour-304615", "name": null, "structure_type": "obstruction"}}, {"type": "Feature", "geometry": {"type": "Point", "coordinates": [-122.04131, 38.05725]}, "properties": {"id": "obstruction-harbour-304617", "name": null, "structure_type": "obstruction"}}, {"type": "Feature", "geometry": {"type": "Point", "coordinates": [-122.05208, 38.06754]}, "properties": {"id": "obstruction-harbour-304619", "name": null, "structure_type": "obstruction"}}, {"type": "Feature", "geometry": {"type": "Point", "coordinates": [-122.05321, 38.06753]}, "properties": {"id": "obstruction-harbour-304620", "name": null, "structure_type": "obstruction"}}, {"type": "Feature", "geometry": {"type": "Point", "coordinates": [-122.02647, 38.06175]}, "properties": {"id": "obstruction-harbour-304621", "name": null, "structure_type": "obstruction"}}, {"type": "Feature", "geometry": {"type": "Point", "coordinates": [-122.05234, 38.06787]}, "properties": {"id": "obstruction-harbour-304623", "name": null, "structure_type": "obstruction"}}, {"type": "Feature", "geometry": {"type": "Point", "coordinates": [-122.08849, 38.07933]}, "properties": {"id": "obstruction-harbour-304624", "name": null, "structure_type": "obstruction"}}, {"type": "Feature", "geometry": {"type": "Point", "coordinates": [-122.09229, 38.06957]}, "properties": {"id": "obstruction-harbour-304625", "name": null, "structure_type": "obstruction"}}, {"type": "Feature", "geometry": {"type": "Point", "coordinates": [-122.09686, 38.0784]}, "properties": {"id": "obstruction-harbour-304626", "name": null, "structure_type": "obstruction"}}, {"type": "Feature", "geometry": {"type": "Point", "coordinates": [-122.09799, 38.07063]}, "properties": {"id": "obstruction-harbour-304627", "name": null, "structure_type": "obstruction"}}, {"type": "Feature", "geometry": {"type": "Point", "coordinates": [-122.0892, 38.07322]}, "properties": {"id": "obstruction-harbour-304628", "name": null, "structure_type": "obstruction"}}, {"type": "Feature", "geometry": {"type": "Point", "coordinates": [-122.05947, 38.06542]}, "properties": {"id": "obstruction-harbour-304629", "name": null, "structure_type": "obstruction"}}, {"type": "Feature", "geometry": {"type": "Point", "coordinates": [-122.0154, 38.07497]}, "properties": {"id": "obstruction-harbour-304630", "name": null, "structure_type": "obstruction"}}, {"type": "Feature", "geometry": {"type": "Point", "coordinates": [-121.96185, 38.04316]}, "properties": {"id": "obstruction-harbour-304631", "name": null, "structure_type": "obstruction"}}, {"type": "Feature", "geometry": {"type": "Point", "coordinates": [-121.98195, 38.06153]}, "properties": {"id": "obstruction-harbour-304632", "name": null, "structure_type": "obstruction"}}, {"type": "Feature", "geometry": {"type": "Point", "coordinates": [-122.01162, 38.06964]}, "properties": {"id": "obstruction-harbour-304633", "name": null, "structure_type": "obstruction"}}, {"type": "Feature", "geometry": {"type": "Point", "coordinates": [-121.96676, 38.06077]}, "properties": {"id": "obstruction-harbour-304634", "name": null, "structure_type": "obstruction"}}, {"type": "Feature", "geometry": {"type": "Point", "coordinates": [-121.97122, 38.07394]}, "properties": {"id": "obstruction-harbour-304635", "name": null, "structure_type": "obstruction"}}, {"type": "Feature", "geometry": {"type": "Point", "coordinates": [-122.01513, 38.07463]}, "properties": {"id": "obstruction-harbour-304636", "name": null, "structure_type": "obstruction"}}, {"type": "Feature", "geometry": {"type": "Point", "coordinates": [-121.95117, 38.07518]}, "properties": {"id": "obstruction-harbour-304637", "name": null, "structure_type": "obstruction"}}, {"type": "Feature", "geometry": {"type": "Point", "coordinates": [-121.96488, 38.08032]}, "properties": {"id": "obstruction-harbour-304638", "name": null, "structure_type": "obstruction"}}, {"type": "Feature", "geometry": {"type": "Point", "coordinates": [-122.02407, 38.08425]}, "properties": {"id": "obstruction-harbour-304641", "name": null, "structure_type": "obstruction"}}, {"type": "Feature", "geometry": {"type": "Point", "coordinates": [-121.96001, 38.04198]}, "properties": {"id": "obstruction-harbour-304642", "name": null, "structure_type": "obstruction"}}, {"type": "Feature", "geometry": {"type": "Point", "coordinates": [-121.96031, 38.04822]}, "properties": {"id": "obstruction-harbour-304643", "name": null, "structure_type": "obstruction"}}, {"type": "Feature", "geometry": {"type": "Point", "coordinates": [-121.96123, 38.04258]}, "properties": {"id": "obstruction-harbour-304644", "name": null, "structure_type": "obstruction"}}, {"type": "Feature", "geometry": {"type": "Point", "coordinates": [-121.97372, 38.07409]}, "properties": {"id": "obstruction-harbour-304645", "name": null, "structure_type": "obstruction"}}, {"type": "Feature", "geometry": {"type": "Point", "coordinates": [-121.97423, 38.07449]}, "properties": {"id": "obstruction-harbour-304646", "name": null, "structure_type": "obstruction"}}, {"type": "Feature", "geometry": {"type": "Point", "coordinates": [-121.97473, 38.0753]}, "properties": {"id": "obstruction-harbour-304647", "name": null, "structure_type": "obstruction"}}, {"type": "Feature", "geometry": {"type": "Point", "coordinates": [-122.02018, 38.06841]}, "properties": {"id": "obstruction-harbour-304648", "name": null, "structure_type": "obstruction"}}, {"type": "Feature", "geometry": {"type": "Point", "coordinates": [-122.02039, 38.06296]}, "properties": {"id": "obstruction-harbour-304649", "name": null, "structure_type": "obstruction"}}, {"type": "Feature", "geometry": {"type": "Point", "coordinates": [-122.02374, 38.06092]}, "properties": {"id": "obstruction-harbour-304650", "name": null, "structure_type": "obstruction"}}, {"type": "Feature", "geometry": {"type": "Point", "coordinates": [-121.9545, 38.04889]}, "properties": {"id": "obstruction-harbour-304651", "name": null, "structure_type": "obstruction"}}, {"type": "Feature", "geometry": {"type": "Point", "coordinates": [-121.95974, 38.04814]}, "properties": {"id": "obstruction-harbour-304652", "name": null, "structure_type": "obstruction"}}, {"type": "Feature", "geometry": {"type": "Point", "coordinates": [-122.00254, 38.05544]}, "properties": {"id": "obstruction-harbour-304654", "name": null, "structure_type": "obstruction"}}, {"type": "Feature", "geometry": {"type": "Point", "coordinates": [-122.00414, 38.06153]}, "properties": {"id": "obstruction-harbour-304655", "name": null, "structure_type": "obstruction"}}, {"type": "Feature", "geometry": {"type": "Point", "coordinates": [-121.95644, 38.04151]}, "properties": {"id": "obstruction-harbour-304656", "name": null, "structure_type": "obstruction"}}, {"type": "Feature", "geometry": {"type": "Point", "coordinates": [-121.97322, 38.05824]}, "properties": {"id": "obstruction-harbour-304657", "name": null, "structure_type": "obstruction"}}, {"type": "Feature", "geometry": {"type": "Point", "coordinates": [-121.98254, 38.06146]}, "properties": {"id": "obstruction-harbour-304658", "name": null, "structure_type": "obstruction"}}, {"type": "Feature", "geometry": {"type": "Point", "coordinates": [-122.00285, 38.05548]}, "properties": {"id": "obstruction-harbour-304659", "name": null, "structure_type": "obstruction"}}, {"type": "Feature", "geometry": {"type": "Point", "coordinates": [-122.0043, 38.06078]}, "properties": {"id": "obstruction-harbour-304660", "name": null, "structure_type": "obstruction"}}, {"type": "Feature", "geometry": {"type": "Point", "coordinates": [-122.01159, 38.07411]}, "properties": {"id": "obstruction-harbour-304661", "name": null, "structure_type": "obstruction"}}, {"type": "Feature", "geometry": {"type": "Point", "coordinates": [-121.95898, 38.04145]}, "properties": {"id": "obstruction-harbour-304662", "name": null, "structure_type": "obstruction"}}, {"type": "Feature", "geometry": {"type": "Point", "coordinates": [-121.95931, 38.0519]}, "properties": {"id": "obstruction-harbour-304663", "name": null, "structure_type": "obstruction"}}, {"type": "Feature", "geometry": {"type": "Point", "coordinates": [-121.96185, 38.04361]}, "properties": {"id": "obstruction-harbour-304664", "name": null, "structure_type": "obstruction"}}, {"type": "Feature", "geometry": {"type": "Point", "coordinates": [-121.98317, 38.08312]}, "properties": {"id": "obstruction-harbour-304665", "name": null, "structure_type": "obstruction"}}, {"type": "Feature", "geometry": {"type": "Point", "coordinates": [-121.98791, 38.05286]}, "properties": {"id": "obstruction-harbour-304666", "name": null, "structure_type": "obstruction"}}, {"type": "Feature", "geometry": {"type": "Point", "coordinates": [-122.00638, 38.09137]}, "properties": {"id": "obstruction-harbour-304667", "name": null, "structure_type": "obstruction"}}, {"type": "Feature", "geometry": {"type": "Point", "coordinates": [-122.01493, 38.09863]}, "properties": {"id": "obstruction-harbour-304668", "name": null, "structure_type": "obstruction"}}, {"type": "Feature", "geometry": {"type": "Point", "coordinates": [-122.01699, 38.08978]}, "properties": {"id": "obstruction-harbour-304669", "name": null, "structure_type": "obstruction"}}, {"type": "Feature", "geometry": {"type": "Point", "coordinates": [-122.01763, 38.07514]}, "properties": {"id": "obstruction-harbour-304670", "name": null, "structure_type": "obstruction"}}, {"type": "Feature", "geometry": {"type": "Point", "coordinates": [-122.01843, 38.06053]}, "properties": {"id": "obstruction-harbour-304671", "name": null, "structure_type": "obstruction"}}, {"type": "Feature", "geometry": {"type": "Point", "coordinates": [-122.0189, 38.07517]}, "properties": {"id": "obstruction-harbour-304672", "name": null, "structure_type": "obstruction"}}, {"type": "Feature", "geometry": {"type": "Point", "coordinates": [-121.95164, 38.08477]}, "properties": {"id": "obstruction-harbour-304673", "name": null, "structure_type": "obstruction"}}, {"type": "Feature", "geometry": {"type": "Point", "coordinates": [-121.96046, 38.0473]}, "properties": {"id": "obstruction-harbour-304674", "name": null, "structure_type": "obstruction"}}, {"type": "Feature", "geometry": {"type": "Point", "coordinates": [-121.97338, 38.04748]}, "properties": {"id": "obstruction-harbour-304676", "name": null, "structure_type": "obstruction"}}, {"type": "Feature", "geometry": {"type": "Point", "coordinates": [-121.98232, 38.06115]}, "properties": {"id": "obstruction-harbour-304677", "name": null, "structure_type": "obstruction"}}, {"type": "Feature", "geometry": {"type": "Point", "coordinates": [-121.99579, 38.06163]}, "properties": {"id": "obstruction-harbour-304678", "name": null, "structure_type": "obstruction"}}, {"type": "Feature", "geometry": {"type": "Point", "coordinates": [-122.0031, 38.05908]}, "properties": {"id": "obstruction-harbour-304680", "name": null, "structure_type": "obstruction"}}, {"type": "Feature", "geometry": {"type": "Point", "coordinates": [-122.01534, 38.08941]}, "properties": {"id": "obstruction-harbour-304681", "name": null, "structure_type": "obstruction"}}, {"type": "Feature", "geometry": {"type": "Point", "coordinates": [-121.94187, 38.07844]}, "properties": {"id": "obstruction-harbour-304682", "name": null, "structure_type": "obstruction"}}, {"type": "Feature", "geometry": {"type": "Point", "coordinates": [-121.8752, 38.05964]}, "properties": {"id": "obstruction-harbour-304683", "name": null, "structure_type": "obstruction"}}, {"type": "Feature", "geometry": {"type": "Point", "coordinates": [-121.87982, 38.03528]}, "properties": {"id": "obstruction-harbour-304684", "name": null, "structure_type": "obstruction"}}, {"type": "Feature", "geometry": {"type": "Point", "coordinates": [-121.88067, 38.03579]}, "properties": {"id": "obstruction-harbour-304685", "name": null, "structure_type": "obstruction"}}, {"type": "Feature", "geometry": {"type": "Point", "coordinates": [-121.8823, 38.08722]}, "properties": {"id": "obstruction-harbour-304686", "name": null, "structure_type": "obstruction"}}, {"type": "Feature", "geometry": {"type": "Point", "coordinates": [-121.88485, 38.05576]}, "properties": {"id": "obstruction-harbour-304687", "name": null, "structure_type": "obstruction"}}, {"type": "Feature", "geometry": {"type": "Point", "coordinates": [-121.88513, 38.05493]}, "properties": {"id": "obstruction-harbour-304688", "name": null, "structure_type": "obstruction"}}, {"type": "Feature", "geometry": {"type": "Point", "coordinates": [-121.88553, 38.04079]}, "properties": {"id": "obstruction-harbour-304689", "name": null, "structure_type": "obstruction"}}, {"type": "Feature", "geometry": {"type": "Point", "coordinates": [-121.89216, 38.05353]}, "properties": {"id": "obstruction-harbour-304690", "name": null, "structure_type": "obstruction"}}, {"type": "Feature", "geometry": {"type": "Point", "coordinates": [-121.90609, 38.03982]}, "properties": {"id": "obstruction-harbour-304691", "name": null, "structure_type": "obstruction"}}, {"type": "Feature", "geometry": {"type": "Point", "coordinates": [-121.94869, 38.07595]}, "properties": {"id": "obstruction-harbour-304692", "name": null, "structure_type": "obstruction"}}, {"type": "Feature", "geometry": {"type": "Point", "coordinates": [-121.87863, 38.03482]}, "properties": {"id": "obstruction-harbour-304693", "name": null, "structure_type": "obstruction"}}, {"type": "Feature", "geometry": {"type": "Point", "coordinates": [-121.89853, 38.05026]}, "properties": {"id": "obstruction-harbour-304695", "name": null, "structure_type": "obstruction"}}, {"type": "Feature", "geometry": {"type": "Point", "coordinates": [-121.87613, 38.03378]}, "properties": {"id": "obstruction-harbour-304696", "name": null, "structure_type": "obstruction"}}, {"type": "Feature", "geometry": {"type": "Point", "coordinates": [-121.91377, 38.04183]}, "properties": {"id": "obstruction-harbour-304699", "name": null, "structure_type": "obstruction"}}, {"type": "Feature", "geometry": {"type": "Point", "coordinates": [-121.87873, 38.04586]}, "properties": {"id": "obstruction-harbour-304701", "name": null, "structure_type": "obstruction"}}, {"type": "Feature", "geometry": {"type": "Point", "coordinates": [-121.91924, 38.06845]}, "properties": {"id": "obstruction-harbour-304703", "name": null, "structure_type": "obstruction"}}, {"type": "Feature", "geometry": {"type": "Point", "coordinates": [-121.92439, 38.05677]}, "properties": {"id": "obstruction-harbour-304704", "name": null, "structure_type": "obstruction"}}, {"type": "Feature", "geometry": {"type": "Point", "coordinates": [-121.94455, 38.05882]}, "properties": {"id": "obstruction-harbour-304705", "name": null, "structure_type": "obstruction"}}, {"type": "Feature", "geometry": {"type": "Point", "coordinates": [-121.87947, 38.03517]}, "properties": {"id": "obstruction-harbour-304706", "name": null, "structure_type": "obstruction"}}, {"type": "Feature", "geometry": {"type": "Point", "coordinates": [-121.88926, 38.04478]}, "properties": {"id": "obstruction-harbour-304709", "name": null, "structure_type": "obstruction"}}, {"type": "Feature", "geometry": {"type": "Point", "coordinates": [-121.88098, 38.05589]}, "properties": {"id": "obstruction-harbour-304712", "name": null, "structure_type": "obstruction"}}, {"type": "Feature", "geometry": {"type": "Point", "coordinates": [-121.88459, 38.03913]}, "properties": {"id": "obstruction-harbour-304713", "name": null, "structure_type": "obstruction"}}, {"type": "Feature", "geometry": {"type": "Point", "coordinates": [-121.92426, 38.05718]}, "properties": {"id": "obstruction-harbour-304714", "name": null, "structure_type": "obstruction"}}, {"type": "Feature", "geometry": {"type": "Point", "coordinates": [-121.92642, 38.08089]}, "properties": {"id": "obstruction-harbour-304715", "name": null, "structure_type": "obstruction"}}, {"type": "Feature", "geometry": {"type": "Point", "coordinates": [-121.90106, 38.04011]}, "properties": {"id": "obstruction-harbour-304720", "name": null, "structure_type": "obstruction"}}, {"type": "Feature", "geometry": {"type": "Point", "coordinates": [-121.90665, 38.04005]}, "properties": {"id": "obstruction-harbour-304721", "name": null, "structure_type": "obstruction"}}, {"type": "Feature", "geometry": {"type": "Point", "coordinates": [-121.94155, 38.05785]}, "properties": {"id": "obstruction-harbour-304723", "name": null, "structure_type": "obstruction"}}, {"type": "Feature", "geometry": {"type": "Point", "coordinates": [-121.87527, 38.04232]}, "properties": {"id": "obstruction-harbour-304724", "name": null, "structure_type": "obstruction"}}, {"type": "Feature", "geometry": {"type": "Point", "coordinates": [-121.88097, 38.03603]}, "properties": {"id": "obstruction-harbour-304726", "name": null, "structure_type": "obstruction"}}, {"type": "Feature", "geometry": {"type": "Point", "coordinates": [-121.88257, 38.05547]}, "properties": {"id": "obstruction-harbour-304727", "name": null, "structure_type": "obstruction"}}, {"type": "Feature", "geometry": {"type": "Point", "coordinates": [-121.89766, 38.04254]}, "properties": {"id": "obstruction-harbour-304730", "name": null, "structure_type": "obstruction"}}, {"type": "Feature", "geometry": {"type": "Point", "coordinates": [-121.90974, 38.07954]}, "properties": {"id": "obstruction-harbour-304731", "name": null, "structure_type": "obstruction"}}, {"type": "Feature", "geometry": {"type": "Point", "coordinates": [-121.91023, 38.07624]}, "properties": {"id": "obstruction-harbour-304732", "name": null, "structure_type": "obstruction"}}, {"type": "Feature", "geometry": {"type": "Point", "coordinates": [-121.92648, 38.05125]}, "properties": {"id": "obstruction-harbour-304733", "name": null, "structure_type": "obstruction"}}, {"type": "Feature", "geometry": {"type": "Point", "coordinates": [-121.85288, 38.03307]}, "properties": {"id": "obstruction-harbour-304734", "name": null, "structure_type": "obstruction"}}, {"type": "Feature", "geometry": {"type": "Point", "coordinates": [-121.82055, 38.05878]}, "properties": {"id": "obstruction-harbour-304735", "name": null, "structure_type": "obstruction"}}, {"type": "Feature", "geometry": {"type": "Point", "coordinates": [-121.84934, 38.07415]}, "properties": {"id": "obstruction-harbour-304736", "name": null, "structure_type": "obstruction"}}, {"type": "Feature", "geometry": {"type": "Point", "coordinates": [-121.86619, 38.06581]}, "properties": {"id": "obstruction-harbour-304737", "name": null, "structure_type": "obstruction"}}, {"type": "Feature", "geometry": {"type": "Point", "coordinates": [-121.80585, 38.05491]}, "properties": {"id": "obstruction-harbour-304738", "name": null, "structure_type": "obstruction"}}, {"type": "Feature", "geometry": {"type": "Point", "coordinates": [-121.83949, 38.03319]}, "properties": {"id": "obstruction-harbour-304740", "name": null, "structure_type": "obstruction"}}, {"type": "Feature", "geometry": {"type": "Point", "coordinates": [-121.85227, 38.07519]}, "properties": {"id": "obstruction-harbour-304741", "name": null, "structure_type": "obstruction"}}, {"type": "Feature", "geometry": {"type": "Point", "coordinates": [-121.8544, 38.05794]}, "properties": {"id": "obstruction-harbour-304742", "name": null, "structure_type": "obstruction"}}, {"type": "Feature", "geometry": {"type": "Point", "coordinates": [-121.86971, 38.07149]}, "properties": {"id": "obstruction-harbour-304743", "name": null, "structure_type": "obstruction"}}, {"type": "Feature", "geometry": {"type": "Point", "coordinates": [-121.80232, 38.05484]}, "properties": {"id": "obstruction-harbour-304744", "name": null, "structure_type": "obstruction"}}, {"type": "Feature", "geometry": {"type": "Point", "coordinates": [-121.85536, 38.05781]}, "properties": {"id": "obstruction-harbour-304745", "name": null, "structure_type": "obstruction"}}, {"type": "Feature", "geometry": {"type": "Point", "coordinates": [-121.8067, 38.03817]}, "properties": {"id": "obstruction-harbour-304746", "name": null, "structure_type": "obstruction"}}, {"type": "Feature", "geometry": {"type": "Point", "coordinates": [-121.82992, 38.02529]}, "properties": {"id": "obstruction-harbour-304747", "name": null, "structure_type": "obstruction"}}, {"type": "Feature", "geometry": {"type": "Point", "coordinates": [-121.83863, 38.05223]}, "properties": {"id": "obstruction-harbour-304748", "name": null, "structure_type": "obstruction"}}, {"type": "Feature", "geometry": {"type": "Point", "coordinates": [-121.84576, 38.02649]}, "properties": {"id": "obstruction-harbour-304749", "name": null, "structure_type": "obstruction"}}, {"type": "Feature", "geometry": {"type": "Point", "coordinates": [-121.81994, 38.05834]}, "properties": {"id": "obstruction-harbour-304750", "name": null, "structure_type": "obstruction"}}, {"type": "Feature", "geometry": {"type": "Point", "coordinates": [-121.82088, 38.05878]}, "properties": {"id": "obstruction-harbour-304751", "name": null, "structure_type": "obstruction"}}, {"type": "Feature", "geometry": {"type": "Point", "coordinates": [-121.82862, 38.02547]}, "properties": {"id": "obstruction-harbour-304752", "name": null, "structure_type": "obstruction"}}, {"type": "Feature", "geometry": {"type": "Point", "coordinates": [-121.83441, 38.05147]}, "properties": {"id": "obstruction-harbour-304753", "name": null, "structure_type": "obstruction"}}, {"type": "Feature", "geometry": {"type": "Point", "coordinates": [-121.84383, 38.03903]}, "properties": {"id": "obstruction-harbour-304754", "name": null, "structure_type": "obstruction"}}, {"type": "Feature", "geometry": {"type": "Point", "coordinates": [-121.85484, 38.05612]}, "properties": {"id": "obstruction-harbour-304755", "name": null, "structure_type": "obstruction"}}, {"type": "Feature", "geometry": {"type": "Point", "coordinates": [-121.85829, 38.05347]}, "properties": {"id": "obstruction-harbour-304756", "name": null, "structure_type": "obstruction"}}, {"type": "Feature", "geometry": {"type": "Point", "coordinates": [-121.86125, 38.0463]}, "properties": {"id": "obstruction-harbour-304757", "name": null, "structure_type": "obstruction"}}, {"type": "Feature", "geometry": {"type": "Point", "coordinates": [-121.80274, 38.04239]}, "properties": {"id": "obstruction-harbour-304758", "name": null, "structure_type": "obstruction"}}, {"type": "Feature", "geometry": {"type": "Point", "coordinates": [-121.83237, 38.0251]}, "properties": {"id": "obstruction-harbour-304759", "name": null, "structure_type": "obstruction"}}, {"type": "Feature", "geometry": {"type": "Point", "coordinates": [-121.85392, 38.05643]}, "properties": {"id": "obstruction-harbour-304760", "name": null, "structure_type": "obstruction"}}, {"type": "Feature", "geometry": {"type": "Point", "coordinates": [-121.8643, 38.04611]}, "properties": {"id": "obstruction-harbour-304761", "name": null, "structure_type": "obstruction"}}, {"type": "Feature", "geometry": {"type": "Point", "coordinates": [-121.84004, 38.07255]}, "properties": {"id": "obstruction-harbour-304762", "name": null, "structure_type": "obstruction"}}, {"type": "Feature", "geometry": {"type": "Point", "coordinates": [-121.83551, 38.0734]}, "properties": {"id": "obstruction-harbour-304763", "name": null, "structure_type": "obstruction"}}, {"type": "Feature", "geometry": {"type": "Point", "coordinates": [-121.83206, 38.02554]}, "properties": {"id": "obstruction-harbour-304764", "name": null, "structure_type": "obstruction"}}, {"type": "Feature", "geometry": {"type": "Point", "coordinates": [-121.82114, 38.03246]}, "properties": {"id": "obstruction-harbour-304765", "name": null, "structure_type": "obstruction"}}, {"type": "Feature", "geometry": {"type": "Point", "coordinates": [-121.80502, 38.02539]}, "properties": {"id": "obstruction-harbour-304766", "name": null, "structure_type": "obstruction"}}, {"type": "Feature", "geometry": {"type": "Point", "coordinates": [-121.80453, 38.05489]}, "properties": {"id": "obstruction-harbour-304767", "name": null, "structure_type": "obstruction"}}, {"type": "Feature", "geometry": {"type": "Point", "coordinates": [-121.85856, 38.05075]}, "properties": {"id": "obstruction-harbour-304769", "name": null, "structure_type": "obstruction"}}, {"type": "Feature", "geometry": {"type": "Point", "coordinates": [-121.79861, 38.03043]}, "properties": {"id": "obstruction-harbour-304770", "name": null, "structure_type": "obstruction"}}, {"type": "Feature", "geometry": {"type": "Point", "coordinates": [-121.75834, 38.08237]}, "properties": {"id": "obstruction-harbour-304771", "name": null, "structure_type": "obstruction"}}, {"type": "Feature", "geometry": {"type": "Point", "coordinates": [-121.76041, 38.02987]}, "properties": {"id": "obstruction-harbour-304772", "name": null, "structure_type": "obstruction"}}, {"type": "Feature", "geometry": {"type": "Point", "coordinates": [-121.7758, 38.02807]}, "properties": {"id": "obstruction-harbour-304773", "name": null, "structure_type": "obstruction"}}, {"type": "Feature", "geometry": {"type": "Point", "coordinates": [-121.75036, 38.02952]}, "properties": {"id": "obstruction-harbour-304774", "name": null, "structure_type": "obstruction"}}, {"type": "Feature", "geometry": {"type": "Point", "coordinates": [-121.75579, 38.02941]}, "properties": {"id": "obstruction-harbour-304775", "name": null, "structure_type": "obstruction"}}, {"type": "Feature", "geometry": {"type": "Point", "coordinates": [-121.73664, 38.03278]}, "properties": {"id": "obstruction-harbour-304776", "name": null, "structure_type": "obstruction"}}, {"type": "Feature", "geometry": {"type": "Point", "coordinates": [-121.73327, 38.03475]}, "properties": {"id": "obstruction-harbour-304777", "name": null, "structure_type": "obstruction"}}, {"type": "Feature", "geometry": {"type": "Point", "coordinates": [-121.78747, 38.04937]}, "properties": {"id": "obstruction-harbour-304778", "name": null, "structure_type": "obstruction"}}, {"type": "Feature", "geometry": {"type": "Point", "coordinates": [-121.78773, 38.04374]}, "properties": {"id": "obstruction-harbour-304779", "name": null, "structure_type": "obstruction"}}, {"type": "Feature", "geometry": {"type": "Point", "coordinates": [-121.79592, 38.04238]}, "properties": {"id": "obstruction-harbour-304780", "name": null, "structure_type": "obstruction"}}, {"type": "Feature", "geometry": {"type": "Point", "coordinates": [-121.77415, 38.02833]}, "properties": {"id": "obstruction-harbour-304781", "name": null, "structure_type": "obstruction"}}, {"type": "Feature", "geometry": {"type": "Point", "coordinates": [-121.69411, 38.04363]}, "properties": {"id": "obstruction-harbour-304782", "name": null, "structure_type": "obstruction"}}, {"type": "Feature", "geometry": {"type": "Point", "coordinates": [-121.65193, 38.05342]}, "properties": {"id": "obstruction-harbour-304783", "name": null, "structure_type": "obstruction"}}, {"type": "Feature", "geometry": {"type": "Point", "coordinates": [-121.685, 38.09333]}, "properties": {"id": "obstruction-harbour-304784", "name": null, "structure_type": "obstruction"}}, {"type": "Feature", "geometry": {"type": "Point", "coordinates": [-121.71333, 38.03833]}, "properties": {"id": "obstruction-harbour-304785", "name": null, "structure_type": "obstruction"}}, {"type": "Feature", "geometry": {"type": "Point", "coordinates": [-121.70957, 38.09335]}, "properties": {"id": "obstruction-harbour-304786", "name": null, "structure_type": "obstruction"}}, {"type": "Feature", "geometry": {"type": "Point", "coordinates": [-121.59257, 38.06244]}, "properties": {"id": "obstruction-harbour-304787", "name": null, "structure_type": "obstruction"}}, {"type": "Feature", "geometry": {"type": "Point", "coordinates": [-121.64409, 38.05089]}, "properties": {"id": "obstruction-harbour-304788", "name": null, "structure_type": "obstruction"}}, {"type": "Feature", "geometry": {"type": "Point", "coordinates": [-121.5851, 38.03927]}, "properties": {"id": "obstruction-harbour-304789", "name": null, "structure_type": "obstruction"}}, {"type": "Feature", "geometry": {"type": "Point", "coordinates": [-121.58466, 38.04518]}, "properties": {"id": "obstruction-harbour-304790", "name": null, "structure_type": "obstruction"}}, {"type": "Feature", "geometry": {"type": "Point", "coordinates": [-121.61787, 38.04559]}, "properties": {"id": "obstruction-harbour-304791", "name": null, "structure_type": "obstruction"}}, {"type": "Feature", "geometry": {"type": "Point", "coordinates": [-121.58563, 38.03942]}, "properties": {"id": "obstruction-harbour-304792", "name": null, "structure_type": "obstruction"}}, {"type": "Feature", "geometry": {"type": "Point", "coordinates": [-121.61233, 38.04306]}, "properties": {"id": "obstruction-harbour-304793", "name": null, "structure_type": "obstruction"}}, {"type": "Feature", "geometry": {"type": "Point", "coordinates": [-121.63784, 38.04857]}, "properties": {"id": "obstruction-harbour-304794", "name": null, "structure_type": "obstruction"}}, {"type": "Feature", "geometry": {"type": "Point", "coordinates": [-121.59318, 38.06237]}, "properties": {"id": "obstruction-harbour-304795", "name": null, "structure_type": "obstruction"}}, {"type": "Feature", "geometry": {"type": "Point", "coordinates": [-121.59192, 38.06241]}, "properties": {"id": "obstruction-harbour-304796", "name": null, "structure_type": "obstruction"}}, {"type": "Feature", "geometry": {"type": "Point", "coordinates": [-121.61288, 38.04265]}, "properties": {"id": "obstruction-harbour-304797", "name": null, "structure_type": "obstruction"}}, {"type": "Feature", "geometry": {"type": "Point", "coordinates": [-121.61881, 38.05797]}, "properties": {"id": "obstruction-harbour-304798", "name": null, "structure_type": "obstruction"}}, {"type": "Feature", "geometry": {"type": "Point", "coordinates": [-121.63256, 38.04722]}, "properties": {"id": "obstruction-harbour-304799", "name": null, "structure_type": "obstruction"}}, {"type": "Feature", "geometry": {"type": "Point", "coordinates": [-121.55346, 38.08583]}, "properties": {"id": "obstruction-harbour-304800", "name": null, "structure_type": "obstruction"}}, {"type": "Feature", "geometry": {"type": "Point", "coordinates": [-121.55326, 38.069]}, "properties": {"id": "obstruction-harbour-304801", "name": null, "structure_type": "obstruction"}}, {"type": "Feature", "geometry": {"type": "Point", "coordinates": [-121.5647, 38.02839]}, "properties": {"id": "obstruction-harbour-304802", "name": null, "structure_type": "obstruction"}}, {"type": "Feature", "geometry": {"type": "Point", "coordinates": [-121.51983, 38.05347]}, "properties": {"id": "obstruction-harbour-304803", "name": null, "structure_type": "obstruction"}}, {"type": "Feature", "geometry": {"type": "Point", "coordinates": [-121.56035, 38.06358]}, "properties": {"id": "obstruction-harbour-304804", "name": null, "structure_type": "obstruction"}}, {"type": "Feature", "geometry": {"type": "Point", "coordinates": [-121.53183, 38.09108]}, "properties": {"id": "obstruction-harbour-304805", "name": null, "structure_type": "obstruction"}}, {"type": "Feature", "geometry": {"type": "Point", "coordinates": [-121.53638, 38.08566]}, "properties": {"id": "obstruction-harbour-304806", "name": null, "structure_type": "obstruction"}}, {"type": "Feature", "geometry": {"type": "Point", "coordinates": [-121.55755, 38.05894]}, "properties": {"id": "obstruction-harbour-304807", "name": null, "structure_type": "obstruction"}}, {"type": "Feature", "geometry": {"type": "Point", "coordinates": [-121.529, 38.08923]}, "properties": {"id": "obstruction-harbour-304808", "name": null, "structure_type": "obstruction"}}, {"type": "Feature", "geometry": {"type": "Point", "coordinates": [-121.57421, 38.07712]}, "properties": {"id": "obstruction-harbour-304809", "name": null, "structure_type": "obstruction"}}, {"type": "Feature", "geometry": {"type": "Point", "coordinates": [-121.53019, 38.09022]}, "properties": {"id": "obstruction-harbour-304810", "name": null, "structure_type": "obstruction"}}, {"type": "Feature", "geometry": {"type": "Point", "coordinates": [-121.52586, 38.08829]}, "properties": {"id": "obstruction-harbour-304811", "name": null, "structure_type": "obstruction"}}, {"type": "Feature", "geometry": {"type": "Point", "coordinates": [-122.51989, 38.14166]}, "properties": {"id": "obstruction-harbour-304812", "name": null, "structure_type": "obstruction"}}, {"type": "Feature", "geometry": {"type": "Point", "coordinates": [-122.48305, 38.10789]}, "properties": {"id": "obstruction-harbour-304813", "name": null, "structure_type": "obstruction"}}, {"type": "Feature", "geometry": {"type": "Point", "coordinates": [-122.50146, 38.1119]}, "properties": {"id": "obstruction-harbour-304814", "name": null, "structure_type": "obstruction"}}, {"type": "Feature", "geometry": {"type": "Point", "coordinates": [-122.52049, 38.14224]}, "properties": {"id": "obstruction-harbour-304815", "name": null, "structure_type": "obstruction"}}, {"type": "Feature", "geometry": {"type": "Point", "coordinates": [-122.53726, 38.16546]}, "properties": {"id": "obstruction-harbour-304816", "name": null, "structure_type": "obstruction"}}, {"type": "Feature", "geometry": {"type": "Point", "coordinates": [-122.50852, 38.1209]}, "properties": {"id": "obstruction-harbour-304817", "name": null, "structure_type": "obstruction"}}, {"type": "Feature", "geometry": {"type": "Point", "coordinates": [-122.53402, 38.16649]}, "properties": {"id": "obstruction-harbour-304818", "name": null, "structure_type": "obstruction"}}, {"type": "Feature", "geometry": {"type": "Point", "coordinates": [-122.48368, 38.10825]}, "properties": {"id": "obstruction-harbour-304819", "name": null, "structure_type": "obstruction"}}, {"type": "Feature", "geometry": {"type": "Point", "coordinates": [-122.50176, 38.11177]}, "properties": {"id": "obstruction-harbour-304820", "name": null, "structure_type": "obstruction"}}, {"type": "Feature", "geometry": {"type": "Point", "coordinates": [-122.49524, 38.11037]}, "properties": {"id": "obstruction-harbour-304821", "name": null, "structure_type": "obstruction"}}, {"type": "Feature", "geometry": {"type": "Point", "coordinates": [-122.4972, 38.11048]}, "properties": {"id": "obstruction-harbour-304822", "name": null, "structure_type": "obstruction"}}, {"type": "Feature", "geometry": {"type": "Point", "coordinates": [-122.47086, 38.11522]}, "properties": {"id": "obstruction-harbour-304823", "name": null, "structure_type": "obstruction"}}, {"type": "Feature", "geometry": {"type": "Point", "coordinates": [-122.47393, 38.10204]}, "properties": {"id": "obstruction-harbour-304824", "name": null, "structure_type": "obstruction"}}, {"type": "Feature", "geometry": {"type": "Point", "coordinates": [-122.45292, 38.11481]}, "properties": {"id": "obstruction-harbour-304825", "name": null, "structure_type": "obstruction"}}, {"type": "Feature", "geometry": {"type": "Point", "coordinates": [-122.36962, 38.15807]}, "properties": {"id": "obstruction-harbour-304826", "name": null, "structure_type": "obstruction"}}, {"type": "Feature", "geometry": {"type": "Point", "coordinates": [-122.39008, 38.13641]}, "properties": {"id": "obstruction-harbour-304827", "name": null, "structure_type": "obstruction"}}, {"type": "Feature", "geometry": {"type": "Point", "coordinates": [-122.33209, 38.14345]}, "properties": {"id": "obstruction-harbour-304828", "name": null, "structure_type": "obstruction"}}, {"type": "Feature", "geometry": {"type": "Point", "coordinates": [-122.39198, 38.13896]}, "properties": {"id": "obstruction-harbour-304829", "name": null, "structure_type": "obstruction"}}, {"type": "Feature", "geometry": {"type": "Point", "coordinates": [-122.3901, 38.12408]}, "properties": {"id": "obstruction-harbour-304830", "name": null, "structure_type": "obstruction"}}, {"type": "Feature", "geometry": {"type": "Point", "coordinates": [-122.39371, 38.14002]}, "properties": {"id": "obstruction-harbour-304831", "name": null, "structure_type": "obstruction"}}, {"type": "Feature", "geometry": {"type": "Point", "coordinates": [-122.38753, 38.12834]}, "properties": {"id": "obstruction-harbour-304832", "name": null, "structure_type": "obstruction"}}, {"type": "Feature", "geometry": {"type": "Point", "coordinates": [-122.39342, 38.14268]}, "properties": {"id": "obstruction-harbour-304833", "name": null, "structure_type": "obstruction"}}, {"type": "Feature", "geometry": {"type": "Point", "coordinates": [-122.39177, 38.13787]}, "properties": {"id": "obstruction-harbour-304834", "name": null, "structure_type": "obstruction"}}, {"type": "Feature", "geometry": {"type": "Point", "coordinates": [-122.27484, 38.11432]}, "properties": {"id": "obstruction-harbour-304835", "name": null, "structure_type": "obstruction"}}, {"type": "Feature", "geometry": {"type": "Point", "coordinates": [-122.26864, 38.10558]}, "properties": {"id": "obstruction-harbour-304836", "name": null, "structure_type": "obstruction"}}, {"type": "Feature", "geometry": {"type": "Point", "coordinates": [-122.27392, 38.11292]}, "properties": {"id": "obstruction-harbour-304837", "name": null, "structure_type": "obstruction"}}, {"type": "Feature", "geometry": {"type": "Point", "coordinates": [-122.27431, 38.11349]}, "properties": {"id": "obstruction-harbour-304838", "name": null, "structure_type": "obstruction"}}, {"type": "Feature", "geometry": {"type": "Point", "coordinates": [-122.27514, 38.11531]}, "properties": {"id": "obstruction-harbour-304840", "name": null, "structure_type": "obstruction"}}, {"type": "Feature", "geometry": {"type": "Point", "coordinates": [-122.27636, 38.11042]}, "properties": {"id": "obstruction-harbour-304841", "name": null, "structure_type": "obstruction"}}, {"type": "Feature", "geometry": {"type": "Point", "coordinates": [-122.26733, 38.10434]}, "properties": {"id": "obstruction-harbour-304842", "name": null, "structure_type": "obstruction"}}, {"type": "Feature", "geometry": {"type": "Point", "coordinates": [-122.28257, 38.13792]}, "properties": {"id": "obstruction-harbour-304844", "name": null, "structure_type": "obstruction"}}, {"type": "Feature", "geometry": {"type": "Point", "coordinates": [-122.284, 38.12186]}, "properties": {"id": "obstruction-harbour-304845", "name": null, "structure_type": "obstruction"}}, {"type": "Feature", "geometry": {"type": "Point", "coordinates": [-122.27376, 38.11231]}, "properties": {"id": "obstruction-harbour-304848", "name": null, "structure_type": "obstruction"}}, {"type": "Feature", "geometry": {"type": "Point", "coordinates": [-122.26904, 38.106]}, "properties": {"id": "obstruction-harbour-304850", "name": null, "structure_type": "obstruction"}}, {"type": "Feature", "geometry": {"type": "Point", "coordinates": [-122.26964, 38.1066]}, "properties": {"id": "obstruction-harbour-304851", "name": null, "structure_type": "obstruction"}}, {"type": "Feature", "geometry": {"type": "Point", "coordinates": [-122.27448, 38.11516]}, "properties": {"id": "obstruction-harbour-304852", "name": null, "structure_type": "obstruction"}}, {"type": "Feature", "geometry": {"type": "Point", "coordinates": [-122.28096, 38.14438]}, "properties": {"id": "obstruction-harbour-304853", "name": null, "structure_type": "obstruction"}}, {"type": "Feature", "geometry": {"type": "Point", "coordinates": [-122.26813, 38.10009]}, "properties": {"id": "obstruction-harbour-304854", "name": null, "structure_type": "obstruction"}}, {"type": "Feature", "geometry": {"type": "Point", "coordinates": [-122.27003, 38.107]}, "properties": {"id": "obstruction-harbour-304855", "name": null, "structure_type": "obstruction"}}, {"type": "Feature", "geometry": {"type": "Point", "coordinates": [-122.27043, 38.10744]}, "properties": {"id": "obstruction-harbour-304856", "name": null, "structure_type": "obstruction"}}, {"type": "Feature", "geometry": {"type": "Point", "coordinates": [-122.27403, 38.11095]}, "properties": {"id": "obstruction-harbour-304857", "name": null, "structure_type": "obstruction"}}, {"type": "Feature", "geometry": {"type": "Point", "coordinates": [-122.27602, 38.11009]}, "properties": {"id": "obstruction-harbour-304859", "name": null, "structure_type": "obstruction"}}, {"type": "Feature", "geometry": {"type": "Point", "coordinates": [-122.27604, 38.11051]}, "properties": {"id": "obstruction-harbour-304860", "name": null, "structure_type": "obstruction"}}, {"type": "Feature", "geometry": {"type": "Point", "coordinates": [-122.2748, 38.11486]}, "properties": {"id": "obstruction-harbour-304863", "name": null, "structure_type": "obstruction"}}, {"type": "Feature", "geometry": {"type": "Point", "coordinates": [-122.27551, 38.11011]}, "properties": {"id": "obstruction-harbour-304864", "name": null, "structure_type": "obstruction"}}, {"type": "Feature", "geometry": {"type": "Point", "coordinates": [-122.27445, 38.11429]}, "properties": {"id": "obstruction-harbour-304868", "name": null, "structure_type": "obstruction"}}, {"type": "Feature", "geometry": {"type": "Point", "coordinates": [-121.61406, 38.10658]}, "properties": {"id": "obstruction-harbour-304871", "name": null, "structure_type": "obstruction"}}, {"type": "Feature", "geometry": {"type": "Point", "coordinates": [-121.61795, 38.11462]}, "properties": {"id": "obstruction-harbour-304872", "name": null, "structure_type": "obstruction"}}, {"type": "Feature", "geometry": {"type": "Point", "coordinates": [-124.28931, 42.04191]}, "properties": {"id": "obstruction-harbour-305277", "name": null, "structure_type": "obstruction"}}, {"type": "Feature", "geometry": {"type": "Point", "coordinates": [-124.28694, 42.04314]}, "properties": {"id": "obstruction-harbour-305278", "name": null, "structure_type": "obstruction"}}, {"type": "Feature", "geometry": {"type": "Point", "coordinates": [-121.66692, 38.17373]}, "properties": {"id": "obstruction-harbour-309145", "name": null, "structure_type": "obstruction"}}, {"type": "Feature", "geometry": {"type": "Point", "coordinates": [-121.69861, 38.12278]}, "properties": {"id": "obstruction-harbour-309146", "name": null, "structure_type": "obstruction"}}, {"type": "Feature", "geometry": {"type": "Point", "coordinates": [-121.6833, 38.11924]}, "properties": {"id": "obstruction-harbour-309147", "name": null, "structure_type": "obstruction"}}, {"type": "Feature", "geometry": {"type": "Point", "coordinates": [-121.69022, 38.12606]}, "properties": {"id": "obstruction-harbour-309148", "name": null, "structure_type": "obstruction"}}, {"type": "Feature", "geometry": {"type": "Point", "coordinates": [-121.66679, 38.17421]}, "properties": {"id": "obstruction-harbour-309149", "name": null, "structure_type": "obstruction"}}, {"type": "Feature", "geometry": {"type": "Point", "coordinates": [-121.6667, 38.17473]}, "properties": {"id": "obstruction-harbour-309150", "name": null, "structure_type": "obstruction"}}, {"type": "Feature", "geometry": {"type": "Point", "coordinates": [-121.67319, 38.16654]}, "properties": {"id": "obstruction-harbour-309151", "name": null, "structure_type": "obstruction"}}, {"type": "Feature", "geometry": {"type": "Point", "coordinates": [-121.67357, 38.16473]}, "properties": {"id": "obstruction-harbour-309152", "name": null, "structure_type": "obstruction"}}, {"type": "Feature", "geometry": {"type": "Point", "coordinates": [-121.6736, 38.16605]}, "properties": {"id": "obstruction-harbour-309153", "name": null, "structure_type": "obstruction"}}, {"type": "Feature", "geometry": {"type": "Point", "coordinates": [-121.67433, 38.1648]}, "properties": {"id": "obstruction-harbour-309154", "name": null, "structure_type": "obstruction"}}, {"type": "Feature", "geometry": {"type": "Point", "coordinates": [-121.69952, 38.24649]}, "properties": {"id": "obstruction-harbour-309155", "name": null, "structure_type": "obstruction"}}, {"type": "Feature", "geometry": {"type": "Point", "coordinates": [-121.66408, 38.1803]}, "properties": {"id": "obstruction-harbour-309156", "name": null, "structure_type": "obstruction"}}, {"type": "Feature", "geometry": {"type": "Point", "coordinates": [-121.66349, 38.18041]}, "properties": {"id": "obstruction-harbour-309157", "name": null, "structure_type": "obstruction"}}, {"type": "Feature", "geometry": {"type": "Point", "coordinates": [-121.66391, 38.18061]}, "properties": {"id": "obstruction-harbour-309158", "name": null, "structure_type": "obstruction"}}, {"type": "Feature", "geometry": {"type": "Point", "coordinates": [-121.66321, 38.18103]}, "properties": {"id": "obstruction-harbour-309159", "name": null, "structure_type": "obstruction"}}, {"type": "Feature", "geometry": {"type": "Point", "coordinates": [-121.66285, 38.1814]}, "properties": {"id": "obstruction-harbour-309161", "name": null, "structure_type": "obstruction"}}, {"type": "Feature", "geometry": {"type": "Point", "coordinates": [-121.68879, 38.24219]}, "properties": {"id": "obstruction-harbour-309162", "name": null, "structure_type": "obstruction"}}, {"type": "Feature", "geometry": {"type": "Point", "coordinates": [-121.65598, 38.20877]}, "properties": {"id": "obstruction-harbour-309163", "name": null, "structure_type": "obstruction"}}, {"type": "Feature", "geometry": {"type": "Point", "coordinates": [-121.68084, 38.234]}, "properties": {"id": "obstruction-harbour-309164", "name": null, "structure_type": "obstruction"}}, {"type": "Feature", "geometry": {"type": "Point", "coordinates": [-121.68042, 38.2357]}, "properties": {"id": "obstruction-harbour-309165", "name": null, "structure_type": "obstruction"}}, {"type": "Feature", "geometry": {"type": "Point", "coordinates": [-121.68834, 38.24153]}, "properties": {"id": "obstruction-harbour-309166", "name": null, "structure_type": "obstruction"}}, {"type": "Feature", "geometry": {"type": "Point", "coordinates": [-121.68859, 38.24186]}, "properties": {"id": "obstruction-harbour-309167", "name": null, "structure_type": "obstruction"}}, {"type": "Feature", "geometry": {"type": "Point", "coordinates": [-121.66295, 38.17514]}, "properties": {"id": "obstruction-harbour-309168", "name": null, "structure_type": "obstruction"}}, {"type": "Feature", "geometry": {"type": "Point", "coordinates": [-121.70665, 38.27483]}, "properties": {"id": "obstruction-harbour-309169", "name": null, "structure_type": "obstruction"}}, {"type": "Feature", "geometry": {"type": "Point", "coordinates": [-121.70676, 38.27527]}, "properties": {"id": "obstruction-harbour-309170", "name": null, "structure_type": "obstruction"}}, {"type": "Feature", "geometry": {"type": "Point", "coordinates": [-121.70688, 38.27557]}, "properties": {"id": "obstruction-harbour-309171", "name": null, "structure_type": "obstruction"}}, {"type": "Feature", "geometry": {"type": "Point", "coordinates": [-121.70689, 38.27596]}, "properties": {"id": "obstruction-harbour-309172", "name": null, "structure_type": "obstruction"}}, {"type": "Feature", "geometry": {"type": "Point", "coordinates": [-121.7065, 38.27579]}, "properties": {"id": "obstruction-harbour-309173", "name": null, "structure_type": "obstruction"}}, {"type": "Feature", "geometry": {"type": "Point", "coordinates": [-121.70603, 38.27517]}, "properties": {"id": "obstruction-harbour-309175", "name": null, "structure_type": "obstruction"}}, {"type": "Feature", "geometry": {"type": "Point", "coordinates": [-121.68887, 38.25704]}, "properties": {"id": "obstruction-harbour-309176", "name": null, "structure_type": "obstruction"}}, {"type": "Feature", "geometry": {"type": "Point", "coordinates": [-121.69612, 38.2608]}, "properties": {"id": "obstruction-harbour-309177", "name": null, "structure_type": "obstruction"}}, {"type": "Feature", "geometry": {"type": "Point", "coordinates": [-121.69584, 38.26044]}, "properties": {"id": "obstruction-harbour-309178", "name": null, "structure_type": "obstruction"}}, {"type": "Feature", "geometry": {"type": "Point", "coordinates": [-121.69561, 38.26005]}, "properties": {"id": "obstruction-harbour-309179", "name": null, "structure_type": "obstruction"}}, {"type": "Feature", "geometry": {"type": "Point", "coordinates": [-121.58521, 38.33102]}, "properties": {"id": "obstruction-harbour-309180", "name": null, "structure_type": "obstruction"}}, {"type": "Feature", "geometry": {"type": "Point", "coordinates": [-121.57885, 38.3296]}, "properties": {"id": "obstruction-harbour-309181", "name": null, "structure_type": "obstruction"}}, {"type": "Feature", "geometry": {"type": "Point", "coordinates": [-121.5845, 38.50483]}, "properties": {"id": "obstruction-harbour-309182", "name": null, "structure_type": "obstruction"}}, {"type": "Feature", "geometry": {"type": "Point", "coordinates": [-121.55342, 38.51105]}, "properties": {"id": "obstruction-harbour-309183", "name": null, "structure_type": "obstruction"}}, {"type": "Feature", "geometry": {"type": "Point", "coordinates": [-121.55322, 38.51146]}, "properties": {"id": "obstruction-harbour-309184", "name": null, "structure_type": "obstruction"}}, {"type": "Feature", "geometry": {"type": "Point", "coordinates": [-121.52773, 38.51756]}, "properties": {"id": "obstruction-harbour-309185", "name": null, "structure_type": "obstruction"}}, {"type": "Feature", "geometry": {"type": "Point", "coordinates": [-121.51416, 38.54031]}, "properties": {"id": "obstruction-harbour-309186", "name": null, "structure_type": "obstruction"}}, {"type": "Feature", "geometry": {"type": "Point", "coordinates": [-121.52831, 38.51741]}, "properties": {"id": "obstruction-harbour-309187", "name": null, "structure_type": "obstruction"}}, {"type": "Feature", "geometry": {"type": "Point", "coordinates": [-121.50957, 38.59777]}, "properties": {"id": "obstruction-harbour-309188", "name": null, "structure_type": "obstruction"}}, {"type": "Feature", "geometry": {"type": "Point", "coordinates": [-121.5063, 38.58408]}, "properties": {"id": "obstruction-harbour-309189", "name": null, "structure_type": "obstruction"}}, {"type": "Feature", "geometry": {"type": "Point", "coordinates": [-121.53762, 38.6018]}, "properties": {"id": "obstruction-harbour-309190", "name": null, "structure_type": "obstruction"}}, {"type": "Feature", "geometry": {"type": "Point", "coordinates": [-121.55463, 38.60496]}, "properties": {"id": "obstruction-harbour-309191", "name": null, "structure_type": "obstruction"}}, {"type": "Feature", "geometry": {"type": "Point", "coordinates": [-121.56132, 38.61946]}, "properties": {"id": "obstruction-harbour-309193", "name": null, "structure_type": "obstruction"}}, {"type": "Feature", "geometry": {"type": "Point", "coordinates": [-121.56257, 38.61839]}, "properties": {"id": "obstruction-harbour-309194", "name": null, "structure_type": "obstruction"}}, {"type": "Feature", "geometry": {"type": "Point", "coordinates": [-121.5623, 38.61605]}, "properties": {"id": "obstruction-harbour-309195", "name": null, "structure_type": "obstruction"}}, {"type": "Feature", "geometry": {"type": "Point", "coordinates": [-121.53568, 38.60426]}, "properties": {"id": "obstruction-harbour-309196", "name": null, "structure_type": "obstruction"}}, {"type": "Feature", "geometry": {"type": "Point", "coordinates": [-121.53492, 38.60453]}, "properties": {"id": "obstruction-harbour-309197", "name": null, "structure_type": "obstruction"}}, {"type": "Feature", "geometry": {"type": "Point", "coordinates": [-121.53407, 38.6047]}, "properties": {"id": "obstruction-harbour-309199", "name": null, "structure_type": "obstruction"}}, {"type": "Feature", "geometry": {"type": "Point", "coordinates": [-121.52949, 38.60377]}, "properties": {"id": "obstruction-harbour-309200", "name": null, "structure_type": "obstruction"}}, {"type": "Feature", "geometry": {"type": "Point", "coordinates": [-121.51777, 38.56865]}, "properties": {"id": "obstruction-harbour-309201", "name": null, "structure_type": "obstruction"}}, {"type": "Feature", "geometry": {"type": "Point", "coordinates": [-121.517, 38.56933]}, "properties": {"id": "obstruction-harbour-309202", "name": null, "structure_type": "obstruction"}}, {"type": "Feature", "geometry": {"type": "Point", "coordinates": [-121.51742, 38.56901]}, "properties": {"id": "obstruction-harbour-309203", "name": null, "structure_type": "obstruction"}}, {"type": "Feature", "geometry": {"type": "Point", "coordinates": [-121.51293, 38.57271]}, "properties": {"id": "obstruction-harbour-309205", "name": null, "structure_type": "obstruction"}}, {"type": "Feature", "geometry": {"type": "Point", "coordinates": [-121.51326, 38.57239]}, "properties": {"id": "obstruction-harbour-309206", "name": null, "structure_type": "obstruction"}}, {"type": "Feature", "geometry": {"type": "Point", "coordinates": [-121.51248, 38.57307]}, "properties": {"id": "obstruction-harbour-309207", "name": null, "structure_type": "obstruction"}}, {"type": "Feature", "geometry": {"type": "Point", "coordinates": [-121.51672, 38.55794]}, "properties": {"id": "obstruction-harbour-309208", "name": null, "structure_type": "obstruction"}}, {"type": "Feature", "geometry": {"type": "Point", "coordinates": [-121.5159, 38.55685]}, "properties": {"id": "obstruction-harbour-309209", "name": null, "structure_type": "obstruction"}}, {"type": "Feature", "geometry": {"type": "Point", "coordinates": [-121.50569, 38.58566]}, "properties": {"id": "obstruction-harbour-309210", "name": null, "structure_type": "obstruction"}}, {"type": "Feature", "geometry": {"type": "Point", "coordinates": [-121.50866, 38.58177]}, "properties": {"id": "obstruction-harbour-309212", "name": null, "structure_type": "obstruction"}}, {"type": "Feature", "geometry": {"type": "Point", "coordinates": [-121.51545, 38.5553]}, "properties": {"id": "obstruction-harbour-309213", "name": null, "structure_type": "obstruction"}}, {"type": "Feature", "geometry": {"type": "Point", "coordinates": [-121.5261, 38.60399]}, "properties": {"id": "obstruction-harbour-309214", "name": null, "structure_type": "obstruction"}}, {"type": "Feature", "geometry": {"type": "Point", "coordinates": [-121.53619, 38.60239]}, "properties": {"id": "obstruction-harbour-309215", "name": null, "structure_type": "obstruction"}}, {"type": "Feature", "geometry": {"type": "Point", "coordinates": [-121.53469, 38.6029]}, "properties": {"id": "obstruction-harbour-309216", "name": null, "structure_type": "obstruction"}}, {"type": "Feature", "geometry": {"type": "Point", "coordinates": [-121.5086, 38.594]}, "properties": {"id": "obstruction-harbour-309217", "name": null, "structure_type": "obstruction"}}, {"type": "Feature", "geometry": {"type": "Point", "coordinates": [-121.50865, 38.59456]}, "properties": {"id": "obstruction-harbour-309218", "name": null, "structure_type": "obstruction"}}, {"type": "Feature", "geometry": {"type": "Point", "coordinates": [-121.6259, 38.67234]}, "properties": {"id": "obstruction-harbour-309219", "name": null, "structure_type": "obstruction"}}, {"type": "Feature", "geometry": {"type": "Point", "coordinates": [-121.63144, 38.69789]}, "properties": {"id": "obstruction-harbour-309220", "name": null, "structure_type": "obstruction"}}, {"type": "Feature", "geometry": {"type": "Point", "coordinates": [-121.63185, 38.69754]}, "properties": {"id": "obstruction-harbour-309221", "name": null, "structure_type": "obstruction"}}, {"type": "Feature", "geometry": {"type": "Point", "coordinates": [-121.63394, 38.69392]}, "properties": {"id": "obstruction-harbour-309222", "name": null, "structure_type": "obstruction"}}, {"type": "Feature", "geometry": {"type": "Point", "coordinates": [-121.63414, 38.69338]}, "properties": {"id": "obstruction-harbour-309223", "name": null, "structure_type": "obstruction"}}, {"type": "Feature", "geometry": {"type": "Point", "coordinates": [-121.63474, 38.6923]}, "properties": {"id": "obstruction-harbour-309224", "name": null, "structure_type": "obstruction"}}, {"type": "Feature", "geometry": {"type": "Point", "coordinates": [-121.63476, 38.69189]}, "properties": {"id": "obstruction-harbour-309225", "name": null, "structure_type": "obstruction"}}, {"type": "Feature", "geometry": {"type": "Point", "coordinates": [-121.63505, 38.69125]}, "properties": {"id": "obstruction-harbour-309226", "name": null, "structure_type": "obstruction"}}, {"type": "Feature", "geometry": {"type": "Point", "coordinates": [-121.5628, 38.62501]}, "properties": {"id": "obstruction-harbour-309227", "name": null, "structure_type": "obstruction"}}, {"type": "Feature", "geometry": {"type": "Point", "coordinates": [-117.15385, 32.60879]}, "properties": {"id": "obstruction-harbour-309229", "name": null, "structure_type": "obstruction"}}, {"type": "Feature", "geometry": {"type": "Point", "coordinates": [-117.18497, 32.61843]}, "properties": {"id": "obstruction-harbour-309232", "name": null, "structure_type": "obstruction"}}, {"type": "Feature", "geometry": {"type": "Point", "coordinates": [-117.10663, 32.6154]}, "properties": {"id": "obstruction-harbour-309233", "name": null, "structure_type": "obstruction"}}, {"type": "Feature", "geometry": {"type": "Point", "coordinates": [-117.13695, 32.58746]}, "properties": {"id": "obstruction-harbour-309234", "name": null, "structure_type": "obstruction"}}, {"type": "Feature", "geometry": {"type": "Point", "coordinates": [-117.32583, 32.66722]}, "properties": {"id": "obstruction-harbour-309235", "name": "TH100-2", "structure_type": "obstruction"}}, {"type": "Feature", "geometry": {"type": "Point", "coordinates": [-117.28188, 32.66985]}, "properties": {"id": "obstruction-harbour-309236", "name": "TH60-1", "structure_type": "obstruction"}}, {"type": "Feature", "geometry": {"type": "Point", "coordinates": [-117.23703, 32.69575]}, "properties": {"id": "obstruction-harbour-309237", "name": null, "structure_type": "obstruction"}}, {"type": "Feature", "geometry": {"type": "Point", "coordinates": [-117.23769, 32.68889]}, "properties": {"id": "obstruction-harbour-309238", "name": null, "structure_type": "obstruction"}}, {"type": "Feature", "geometry": {"type": "Point", "coordinates": [-117.22731, 32.69626]}, "properties": {"id": "obstruction-harbour-309239", "name": null, "structure_type": "obstruction"}}, {"type": "Feature", "geometry": {"type": "Point", "coordinates": [-117.22756, 32.69757]}, "properties": {"id": "obstruction-harbour-309240", "name": null, "structure_type": "obstruction"}}, {"type": "Feature", "geometry": {"type": "Point", "coordinates": [-117.23771, 32.69348]}, "properties": {"id": "obstruction-harbour-309241", "name": null, "structure_type": "obstruction"}}, {"type": "Feature", "geometry": {"type": "Point", "coordinates": [-117.23802, 32.69299]}, "properties": {"id": "obstruction-harbour-309242", "name": null, "structure_type": "obstruction"}}, {"type": "Feature", "geometry": {"type": "Point", "coordinates": [-117.22728, 32.69573]}, "properties": {"id": "obstruction-harbour-309243", "name": null, "structure_type": "obstruction"}}, {"type": "Feature", "geometry": {"type": "Point", "coordinates": [-117.23286, 32.68661]}, "properties": {"id": "obstruction-harbour-309244", "name": null, "structure_type": "obstruction"}}, {"type": "Feature", "geometry": {"type": "Point", "coordinates": [-117.23772, 32.68842]}, "properties": {"id": "obstruction-harbour-309245", "name": null, "structure_type": "obstruction"}}, {"type": "Feature", "geometry": {"type": "Point", "coordinates": [-117.28168, 32.67085]}, "properties": {"id": "obstruction-harbour-309246", "name": "TH60-2", "structure_type": "obstruction"}}, {"type": "Feature", "geometry": {"type": "Point", "coordinates": [-117.23845, 32.69285]}, "properties": {"id": "obstruction-harbour-309248", "name": null, "structure_type": "obstruction"}}, {"type": "Feature", "geometry": {"type": "Point", "coordinates": [-117.23849, 32.69696]}, "properties": {"id": "obstruction-harbour-309249", "name": null, "structure_type": "obstruction"}}, {"type": "Feature", "geometry": {"type": "Point", "coordinates": [-117.2276, 32.68737]}, "properties": {"id": "obstruction-harbour-309250", "name": null, "structure_type": "obstruction"}}, {"type": "Feature", "geometry": {"type": "Point", "coordinates": [-117.23722, 32.68747]}, "properties": {"id": "obstruction-harbour-309251", "name": null, "structure_type": "obstruction"}}, {"type": "Feature", "geometry": {"type": "Point", "coordinates": [-117.23788, 32.69169]}, "properties": {"id": "obstruction-harbour-309253", "name": null, "structure_type": "obstruction"}}, {"type": "Feature", "geometry": {"type": "Point", "coordinates": [-117.1525, 32.64278]}, "properties": {"id": "obstruction-harbour-309254", "name": null, "structure_type": "obstruction"}}, {"type": "Feature", "geometry": {"type": "Point", "coordinates": [-117.16389, 32.67627]}, "properties": {"id": "obstruction-harbour-309255", "name": null, "structure_type": "obstruction"}}, {"type": "Feature", "geometry": {"type": "Point", "coordinates": [-117.22386, 32.67922]}, "properties": {"id": "obstruction-harbour-309256", "name": null, "structure_type": "obstruction"}}, {"type": "Feature", "geometry": {"type": "Point", "coordinates": [-117.19745, 32.63937]}, "properties": {"id": "obstruction-harbour-309257", "name": null, "structure_type": "obstruction"}}, {"type": "Feature", "geometry": {"type": "Point", "coordinates": [-117.14257, 32.68993]}, "properties": {"id": "obstruction-harbour-309258", "name": null, "structure_type": "obstruction"}}, {"type": "Feature", "geometry": {"type": "Point", "coordinates": [-117.12035, 32.65964]}, "properties": {"id": "obstruction-harbour-309259", "name": null, "structure_type": "obstruction"}}, {"type": "Feature", "geometry": {"type": "Point", "coordinates": [-117.12038, 32.66]}, "properties": {"id": "obstruction-harbour-309260", "name": null, "structure_type": "obstruction"}}, {"type": "Feature", "geometry": {"type": "Point", "coordinates": [-117.14718, 32.65266]}, "properties": {"id": "obstruction-harbour-309261", "name": null, "structure_type": "obstruction"}}, {"type": "Feature", "geometry": {"type": "Point", "coordinates": [-117.13887, 32.6892]}, "properties": {"id": "obstruction-harbour-309262", "name": null, "structure_type": "obstruction"}}, {"type": "Feature", "geometry": {"type": "Point", "coordinates": [-117.14891, 32.67943]}, "properties": {"id": "obstruction-harbour-309263", "name": null, "structure_type": "obstruction"}}, {"type": "Feature", "geometry": {"type": "Point", "coordinates": [-117.11977, 32.65833]}, "properties": {"id": "obstruction-harbour-309264", "name": null, "structure_type": "obstruction"}}, {"type": "Feature", "geometry": {"type": "Point", "coordinates": [-117.14761, 32.6927]}, "properties": {"id": "obstruction-harbour-309265", "name": null, "structure_type": "obstruction"}}, {"type": "Feature", "geometry": {"type": "Point", "coordinates": [-117.12006, 32.64603]}, "properties": {"id": "obstruction-harbour-309266", "name": null, "structure_type": "obstruction"}}, {"type": "Feature", "geometry": {"type": "Point", "coordinates": [-117.12929, 32.68394]}, "properties": {"id": "obstruction-harbour-309267", "name": null, "structure_type": "obstruction"}}, {"type": "Feature", "geometry": {"type": "Point", "coordinates": [-117.12756, 32.64675]}, "properties": {"id": "obstruction-harbour-309268", "name": null, "structure_type": "obstruction"}}, {"type": "Feature", "geometry": {"type": "Point", "coordinates": [-117.1272, 32.6538]}, "properties": {"id": "obstruction-harbour-309269", "name": null, "structure_type": "obstruction"}}, {"type": "Feature", "geometry": {"type": "Point", "coordinates": [-117.13387, 32.68755]}, "properties": {"id": "obstruction-harbour-309270", "name": null, "structure_type": "obstruction"}}, {"type": "Feature", "geometry": {"type": "Point", "coordinates": [-117.14429, 32.68971]}, "properties": {"id": "obstruction-harbour-309271", "name": null, "structure_type": "obstruction"}}, {"type": "Feature", "geometry": {"type": "Point", "coordinates": [-117.12878, 32.62642]}, "properties": {"id": "obstruction-harbour-309272", "name": null, "structure_type": "obstruction"}}, {"type": "Feature", "geometry": {"type": "Point", "coordinates": [-117.26097, 32.76387]}, "properties": {"id": "obstruction-harbour-309273", "name": null, "structure_type": "obstruction"}}, {"type": "Feature", "geometry": {"type": "Point", "coordinates": [-117.23514, 32.70802]}, "properties": {"id": "obstruction-harbour-309274", "name": null, "structure_type": "obstruction"}}, {"type": "Feature", "geometry": {"type": "Point", "coordinates": [-117.23376, 32.70484]}, "properties": {"id": "obstruction-harbour-309275", "name": null, "structure_type": "obstruction"}}, {"type": "Feature", "geometry": {"type": "Point", "coordinates": [-117.2315, 32.70714]}, "properties": {"id": "obstruction-harbour-309276", "name": null, "structure_type": "obstruction"}}, {"type": "Feature", "geometry": {"type": "Point", "coordinates": [-117.23147, 32.70672]}, "properties": {"id": "obstruction-harbour-309277", "name": null, "structure_type": "obstruction"}}, {"type": "Feature", "geometry": {"type": "Point", "coordinates": [-117.28721, 32.75716]}, "properties": {"id": "obstruction-harbour-309278", "name": null, "structure_type": "obstruction"}}, {"type": "Feature", "geometry": {"type": "Point", "coordinates": [-117.26842, 32.77272]}, "properties": {"id": "obstruction-harbour-309279", "name": null, "structure_type": "obstruction"}}, {"type": "Feature", "geometry": {"type": "Point", "coordinates": [-117.26914, 32.76382]}, "properties": {"id": "obstruction-harbour-309280", "name": null, "structure_type": "obstruction"}}, {"type": "Feature", "geometry": {"type": "Point", "coordinates": [-117.21862, 32.72159]}, "properties": {"id": "obstruction-harbour-309281", "name": null, "structure_type": "obstruction"}}, {"type": "Feature", "geometry": {"type": "Point", "coordinates": [-117.2183, 32.7216]}, "properties": {"id": "obstruction-harbour-309282", "name": null, "structure_type": "obstruction"}}, {"type": "Feature", "geometry": {"type": "Point", "coordinates": [-117.21706, 32.71103]}, "properties": {"id": "obstruction-harbour-309283", "name": null, "structure_type": "obstruction"}}, {"type": "Feature", "geometry": {"type": "Point", "coordinates": [-117.16914, 32.70643]}, "properties": {"id": "obstruction-harbour-309284", "name": null, "structure_type": "obstruction"}}, {"type": "Feature", "geometry": {"type": "Point", "coordinates": [-117.1625, 32.70355]}, "properties": {"id": "obstruction-harbour-309287", "name": null, "structure_type": "obstruction"}}, {"type": "Feature", "geometry": {"type": "Point", "coordinates": [-117.22252, 32.79455]}, "properties": {"id": "obstruction-harbour-309289", "name": null, "structure_type": "obstruction"}}, {"type": "Feature", "geometry": {"type": "Point", "coordinates": [-122.76607, 37.9361]}, "properties": {"id": "obstruction-approach-2259073", "name": null, "structure_type": "obstruction"}}, {"type": "Feature", "geometry": {"type": "Point", "coordinates": [-117.707, 32.66598]}, "properties": {"id": "obstruction-approach-2259115", "name": "Harp 14 Subsurface Instrument", "structure_type": "obstruction"}}, {"type": "Feature", "geometry": {"type": "Point", "coordinates": [-117.19944, 32.53611]}, "properties": {"id": "obstruction-approach-2259119", "name": null, "structure_type": "obstruction"}}, {"type": "Feature", "geometry": {"type": "Point", "coordinates": [-117.24635, 32.54156]}, "properties": {"id": "obstruction-approach-2259120", "name": null, "structure_type": "obstruction"}}, {"type": "Feature", "geometry": {"type": "Point", "coordinates": [-118.34949, 32.81917]}, "properties": {"id": "obstruction-approach-2259129", "name": null, "structure_type": "obstruction"}}, {"type": "Feature", "geometry": {"type": "Point", "coordinates": [-117.35439, 32.78707]}, "properties": {"id": "obstruction-approach-2259130", "name": null, "structure_type": "obstruction"}}, {"type": "Feature", "geometry": {"type": "Point", "coordinates": [-117.2725, 32.875]}, "properties": {"id": "obstruction-approach-2259132", "name": null, "structure_type": "obstruction"}}, {"type": "Feature", "geometry": {"type": "Point", "coordinates": [-117.27111, 32.87806]}, "properties": {"id": "obstruction-approach-2259133", "name": null, "structure_type": "obstruction"}}, {"type": "Feature", "geometry": {"type": "Point", "coordinates": [-117.28313, 32.85817]}, "properties": {"id": "obstruction-approach-2259136", "name": null, "structure_type": "obstruction"}}, {"type": "Feature", "geometry": {"type": "Point", "coordinates": [-118.58768, 33.03239]}, "properties": {"id": "obstruction-approach-2259143", "name": null, "structure_type": "obstruction"}}, {"type": "Feature", "geometry": {"type": "Point", "coordinates": [-119.66845, 33.57058]}, "properties": {"id": "obstruction-approach-2259147", "name": null, "structure_type": "obstruction"}}, {"type": "Feature", "geometry": {"type": "Point", "coordinates": [-117.98261, 33.61671]}, "properties": {"id": "obstruction-approach-2259182", "name": null, "structure_type": "obstruction"}}, {"type": "Feature", "geometry": {"type": "Point", "coordinates": [-118.1886, 33.71696]}, "properties": {"id": "obstruction-approach-2259187", "name": null, "structure_type": "obstruction"}}, {"type": "Feature", "geometry": {"type": "Point", "coordinates": [-118.02208, 33.66322]}, "properties": {"id": "obstruction-approach-2259199", "name": null, "structure_type": "obstruction"}}, {"type": "Feature", "geometry": {"type": "Point", "coordinates": [-118.04746, 33.66034]}, "properties": {"id": "obstruction-approach-2259200", "name": null, "structure_type": "obstruction"}}, {"type": "Feature", "geometry": {"type": "Point", "coordinates": [-118.01514, 33.6596]}, "properties": {"id": "obstruction-approach-2259201", "name": null, "structure_type": "obstruction"}}, {"type": "Feature", "geometry": {"type": "Point", "coordinates": [-117.98044, 33.61398]}, "properties": {"id": "obstruction-approach-2259207", "name": null, "structure_type": "obstruction"}}, {"type": "Feature", "geometry": {"type": "Point", "coordinates": [-119.1127, 33.97063]}, "properties": {"id": "obstruction-approach-2259217", "name": null, "structure_type": "obstruction"}}, {"type": "Feature", "geometry": {"type": "Point", "coordinates": [-120.35884, 34.43137]}, "properties": {"id": "obstruction-approach-2259242", "name": null, "structure_type": "obstruction"}}, {"type": "Feature", "geometry": {"type": "Point", "coordinates": [-120.37376, 34.43172]}, "properties": {"id": "obstruction-approach-2259243", "name": null, "structure_type": "obstruction"}}, {"type": "Feature", "geometry": {"type": "Point", "coordinates": [-120.37755, 34.43174]}, "properties": {"id": "obstruction-approach-2259244", "name": null, "structure_type": "obstruction"}}, {"type": "Feature", "geometry": {"type": "Point", "coordinates": [-120.37609, 34.43051]}, "properties": {"id": "obstruction-approach-2259245", "name": null, "structure_type": "obstruction"}}, {"type": "Feature", "geometry": {"type": "Point", "coordinates": [-120.3764, 34.42953]}, "properties": {"id": "obstruction-approach-2259246", "name": null, "structure_type": "obstruction"}}, {"type": "Feature", "geometry": {"type": "Point", "coordinates": [-120.37744, 34.4293]}, "properties": {"id": "obstruction-approach-2259247", "name": null, "structure_type": "obstruction"}}, {"type": "Feature", "geometry": {"type": "Point", "coordinates": [-120.37845, 34.42893]}, "properties": {"id": "obstruction-approach-2259248", "name": null, "structure_type": "obstruction"}}, {"type": "Feature", "geometry": {"type": "Point", "coordinates": [-120.38144, 34.42795]}, "properties": {"id": "obstruction-approach-2259249", "name": null, "structure_type": "obstruction"}}, {"type": "Feature", "geometry": {"type": "Point", "coordinates": [-120.38273, 34.42994]}, "properties": {"id": "obstruction-approach-2259250", "name": null, "structure_type": "obstruction"}}, {"type": "Feature", "geometry": {"type": "Point", "coordinates": [-120.38734, 34.43447]}, "properties": {"id": "obstruction-approach-2259251", "name": null, "structure_type": "obstruction"}}, {"type": "Feature", "geometry": {"type": "Point", "coordinates": [-120.38703, 34.4354]}, "properties": {"id": "obstruction-approach-2259252", "name": null, "structure_type": "obstruction"}}, {"type": "Feature", "geometry": {"type": "Point", "coordinates": [-120.38915, 34.43491]}, "properties": {"id": "obstruction-approach-2259253", "name": null, "structure_type": "obstruction"}}, {"type": "Feature", "geometry": {"type": "Point", "coordinates": [-120.38943, 34.43606]}, "properties": {"id": "obstruction-approach-2259254", "name": null, "structure_type": "obstruction"}}, {"type": "Feature", "geometry": {"type": "Point", "coordinates": [-120.38443, 34.43793]}, "properties": {"id": "obstruction-approach-2259255", "name": null, "structure_type": "obstruction"}}, {"type": "Feature", "geometry": {"type": "Point", "coordinates": [-120.38725, 34.42665]}, "properties": {"id": "obstruction-approach-2259256", "name": null, "structure_type": "obstruction"}}, {"type": "Feature", "geometry": {"type": "Point", "coordinates": [-120.38941, 34.42904]}, "properties": {"id": "obstruction-approach-2259257", "name": null, "structure_type": "obstruction"}}, {"type": "Feature", "geometry": {"type": "Point", "coordinates": [-120.38585, 34.43162]}, "properties": {"id": "obstruction-approach-2259258", "name": null, "structure_type": "obstruction"}}, {"type": "Feature", "geometry": {"type": "Point", "coordinates": [-120.46988, 34.444]}, "properties": {"id": "obstruction-approach-2259259", "name": null, "structure_type": "obstruction"}}, {"type": "Feature", "geometry": {"type": "Point", "coordinates": [-120.39096, 34.43234]}, "properties": {"id": "obstruction-approach-2259260", "name": null, "structure_type": "obstruction"}}, {"type": "Feature", "geometry": {"type": "Point", "coordinates": [-120.39086, 34.43416]}, "properties": {"id": "obstruction-approach-2259261", "name": null, "structure_type": "obstruction"}}, {"type": "Feature", "geometry": {"type": "Point", "coordinates": [-120.3879, 34.43286]}, "properties": {"id": "obstruction-approach-2259262", "name": null, "structure_type": "obstruction"}}, {"type": "Feature", "geometry": {"type": "Point", "coordinates": [-120.38936, 34.4322]}, "properties": {"id": "obstruction-approach-2259263", "name": null, "structure_type": "obstruction"}}, {"type": "Feature", "geometry": {"type": "Point", "coordinates": [-120.38957, 34.43782]}, "properties": {"id": "obstruction-approach-2259264", "name": null, "structure_type": "obstruction"}}, {"type": "Feature", "geometry": {"type": "Point", "coordinates": [-120.46922, 34.42549]}, "properties": {"id": "obstruction-approach-2259265", "name": null, "structure_type": "obstruction"}}, {"type": "Feature", "geometry": {"type": "Point", "coordinates": [-120.20055, 34.45931]}, "properties": {"id": "obstruction-approach-2259266", "name": null, "structure_type": "obstruction"}}, {"type": "Feature", "geometry": {"type": "Point", "coordinates": [-120.21671, 34.4388]}, "properties": {"id": "obstruction-approach-2259267", "name": null, "structure_type": "obstruction"}}, {"type": "Feature", "geometry": {"type": "Point", "coordinates": [-120.29673, 34.44388]}, "properties": {"id": "obstruction-approach-2259268", "name": null, "structure_type": "obstruction"}}, {"type": "Feature", "geometry": {"type": "Point", "coordinates": [-120.21671, 34.44309]}, "properties": {"id": "obstruction-approach-2259269", "name": null, "structure_type": "obstruction"}}, {"type": "Feature", "geometry": {"type": "Point", "coordinates": [-120.18031, 34.43426]}, "properties": {"id": "obstruction-approach-2259270", "name": null, "structure_type": "obstruction"}}, {"type": "Feature", "geometry": {"type": "Point", "coordinates": [-120.23329, 34.43648]}, "properties": {"id": "obstruction-approach-2259271", "name": null, "structure_type": "obstruction"}}, {"type": "Feature", "geometry": {"type": "Point", "coordinates": [-120.22875, 34.43994]}, "properties": {"id": "obstruction-approach-2259272", "name": null, "structure_type": "obstruction"}}, {"type": "Feature", "geometry": {"type": "Point", "coordinates": [-120.16264, 34.43167]}, "properties": {"id": "obstruction-approach-2259273", "name": null, "structure_type": "obstruction"}}, {"type": "Feature", "geometry": {"type": "Point", "coordinates": [-120.16061, 34.43448]}, "properties": {"id": "obstruction-approach-2259274", "name": null, "structure_type": "obstruction"}}, {"type": "Feature", "geometry": {"type": "Point", "coordinates": [-120.17108, 34.43448]}, "properties": {"id": "obstruction-approach-2259275", "name": null, "structure_type": "obstruction"}}, {"type": "Feature", "geometry": {"type": "Point", "coordinates": [-120.19148, 34.43637]}, "properties": {"id": "obstruction-approach-2259276", "name": null, "structure_type": "obstruction"}}, {"type": "Feature", "geometry": {"type": "Point", "coordinates": [-120.15409, 34.4351]}, "properties": {"id": "obstruction-approach-2259277", "name": null, "structure_type": "obstruction"}}, {"type": "Feature", "geometry": {"type": "Point", "coordinates": [-119.92623, 34.39455]}, "properties": {"id": "obstruction-approach-2259278", "name": null, "structure_type": "obstruction"}}, {"type": "Feature", "geometry": {"type": "Point", "coordinates": [-119.75592, 34.36523]}, "properties": {"id": "obstruction-approach-2259279", "name": null, "structure_type": "obstruction"}}, {"type": "Feature", "geometry": {"type": "Point", "coordinates": [-119.75258, 34.39008]}, "properties": {"id": "obstruction-approach-2259280", "name": null, "structure_type": "obstruction"}}, {"type": "Feature", "geometry": {"type": "Point", "coordinates": [-119.86374, 34.37865]}, "properties": {"id": "obstruction-approach-2259281", "name": null, "structure_type": "obstruction"}}, {"type": "Feature", "geometry": {"type": "Point", "coordinates": [-119.91832, 34.42423]}, "properties": {"id": "obstruction-approach-2259282", "name": null, "structure_type": "obstruction"}}, {"type": "Feature", "geometry": {"type": "Point", "coordinates": [-119.92615, 34.42809]}, "properties": {"id": "obstruction-approach-2259283", "name": null, "structure_type": "obstruction"}}, {"type": "Feature", "geometry": {"type": "Point", "coordinates": [-119.87272, 34.38048]}, "properties": {"id": "obstruction-approach-2259284", "name": null, "structure_type": "obstruction"}}, {"type": "Feature", "geometry": {"type": "Point", "coordinates": [-119.8679, 34.37959]}, "properties": {"id": "obstruction-approach-2259285", "name": null, "structure_type": "obstruction"}}, {"type": "Feature", "geometry": {"type": "Point", "coordinates": [-119.84138, 34.40275]}, "properties": {"id": "obstruction-approach-2259286", "name": null, "structure_type": "obstruction"}}, {"type": "Feature", "geometry": {"type": "Point", "coordinates": [-119.89813, 34.38773]}, "properties": {"id": "obstruction-approach-2259287", "name": null, "structure_type": "obstruction"}}, {"type": "Feature", "geometry": {"type": "Point", "coordinates": [-120.70583, 34.7975]}, "properties": {"id": "obstruction-approach-2259300", "name": null, "structure_type": "obstruction"}}, {"type": "Feature", "geometry": {"type": "Point", "coordinates": [-120.62803, 34.55496]}, "properties": {"id": "obstruction-approach-2259301", "name": null, "structure_type": "obstruction"}}, {"type": "Feature", "geometry": {"type": "Point", "coordinates": [-123.05295, 38.02066]}, "properties": {"id": "obstruction-approach-2259429", "name": null, "structure_type": "obstruction"}}, {"type": "Feature", "geometry": {"type": "Point", "coordinates": [-123.01654, 38.02067]}, "properties": {"id": "obstruction-approach-2259430", "name": null, "structure_type": "obstruction"}}, {"type": "Feature", "geometry": {"type": "Point", "coordinates": [-123.02583, 38.02067]}, "properties": {"id": "obstruction-approach-2259431", "name": null, "structure_type": "obstruction"}}, {"type": "Feature", "geometry": {"type": "Point", "coordinates": [-123.11675, 38.02066]}, "properties": {"id": "obstruction-approach-2259432", "name": null, "structure_type": "obstruction"}}, {"type": "Feature", "geometry": {"type": "Point", "coordinates": [-123.10764, 38.02066]}, "properties": {"id": "obstruction-approach-2259433", "name": null, "structure_type": "obstruction"}}, {"type": "Feature", "geometry": {"type": "Point", "coordinates": [-123.09296, 38.02066]}, "properties": {"id": "obstruction-approach-2259434", "name": null, "structure_type": "obstruction"}}, {"type": "Feature", "geometry": {"type": "Point", "coordinates": [-123.08941, 38.02066]}, "properties": {"id": "obstruction-approach-2259435", "name": null, "structure_type": "obstruction"}}, {"type": "Feature", "geometry": {"type": "Point", "coordinates": [-123.06207, 38.02066]}, "properties": {"id": "obstruction-approach-2259436", "name": null, "structure_type": "obstruction"}}, {"type": "Feature", "geometry": {"type": "Point", "coordinates": [-123.04402, 38.02066]}, "properties": {"id": "obstruction-approach-2259437", "name": null, "structure_type": "obstruction"}}, {"type": "Feature", "geometry": {"type": "Point", "coordinates": [-123.07118, 38.02066]}, "properties": {"id": "obstruction-approach-2259438", "name": null, "structure_type": "obstruction"}}, {"type": "Feature", "geometry": {"type": "Point", "coordinates": [-123.12587, 38.02066]}, "properties": {"id": "obstruction-approach-2259439", "name": null, "structure_type": "obstruction"}}, {"type": "Feature", "geometry": {"type": "Point", "coordinates": [-123.13498, 38.02066]}, "properties": {"id": "obstruction-approach-2259440", "name": null, "structure_type": "obstruction"}}, {"type": "Feature", "geometry": {"type": "Point", "coordinates": [-123.03472, 38.02066]}, "properties": {"id": "obstruction-approach-2259441", "name": null, "structure_type": "obstruction"}}, {"type": "Feature", "geometry": {"type": "Point", "coordinates": [-123.0803, 38.02066]}, "properties": {"id": "obstruction-approach-2259442", "name": null, "structure_type": "obstruction"}}, {"type": "Feature", "geometry": {"type": "Point", "coordinates": [-122.62725, 37.87986]}, "properties": {"id": "obstruction-approach-2259460", "name": null, "structure_type": "obstruction"}}, {"type": "Feature", "geometry": {"type": "Point", "coordinates": [-122.14804, 38.04128]}, "properties": {"id": "obstruction-approach-2259581", "name": null, "structure_type": "obstruction"}}, {"type": "Feature", "geometry": {"type": "Point", "coordinates": [-122.10821, 38.05806]}, "properties": {"id": "obstruction-approach-2259595", "name": null, "structure_type": "obstruction"}}, {"type": "Feature", "geometry": {"type": "Point", "coordinates": [-122.12128, 38.05156]}, "properties": {"id": "obstruction-approach-2259603", "name": null, "structure_type": "obstruction"}}, {"type": "Feature", "geometry": {"type": "Point", "coordinates": [-122.11095, 38.05525]}, "properties": {"id": "obstruction-approach-2259604", "name": null, "structure_type": "obstruction"}}, {"type": "Feature", "geometry": {"type": "Point", "coordinates": [-122.10178, 38.06469]}, "properties": {"id": "obstruction-approach-2259605", "name": null, "structure_type": "obstruction"}}, {"type": "Feature", "geometry": {"type": "Point", "coordinates": [-122.58459, 38.20962]}, "properties": {"id": "obstruction-approach-2259771", "name": null, "structure_type": "obstruction"}}, {"type": "Feature", "geometry": {"type": "Point", "coordinates": [-122.55256, 38.1699]}, "properties": {"id": "obstruction-approach-2259772", "name": null, "structure_type": "obstruction"}}, {"type": "Feature", "geometry": {"type": "Point", "coordinates": [-122.54307, 38.18174]}, "properties": {"id": "obstruction-approach-2259773", "name": null, "structure_type": "obstruction"}}, {"type": "Feature", "geometry": {"type": "Point", "coordinates": [-122.56045, 38.19674]}, "properties": {"id": "obstruction-approach-2259774", "name": null, "structure_type": "obstruction"}}, {"type": "Feature", "geometry": {"type": "Point", "coordinates": [-122.57071, 38.20464]}, "properties": {"id": "obstruction-approach-2259775", "name": null, "structure_type": "obstruction"}}, {"type": "Feature", "geometry": {"type": "Point", "coordinates": [-122.58906, 38.21443]}, "properties": {"id": "obstruction-approach-2259776", "name": null, "structure_type": "obstruction"}}, {"type": "Feature", "geometry": {"type": "Point", "coordinates": [-122.62351, 38.2297]}, "properties": {"id": "obstruction-approach-2259777", "name": null, "structure_type": "obstruction"}}, {"type": "Feature", "geometry": {"type": "Point", "coordinates": [-122.61319, 38.22827]}, "properties": {"id": "obstruction-approach-2259781", "name": null, "structure_type": "obstruction"}}, {"type": "Feature", "geometry": {"type": "Point", "coordinates": [-122.35094, 38.19263]}, "properties": {"id": "obstruction-approach-2259795", "name": null, "structure_type": "obstruction"}}, {"type": "Feature", "geometry": {"type": "Point", "coordinates": [-122.39501, 38.19052]}, "properties": {"id": "obstruction-approach-2259796", "name": null, "structure_type": "obstruction"}}, {"type": "Feature", "geometry": {"type": "Point", "coordinates": [-121.52746, 38.23827]}, "properties": {"id": "obstruction-approach-2259863", "name": null, "structure_type": "obstruction"}}, {"type": "Feature", "geometry": {"type": "Point", "coordinates": [-121.60288, 38.24107]}, "properties": {"id": "obstruction-approach-2259870", "name": null, "structure_type": "obstruction"}}, {"type": "Feature", "geometry": {"type": "Point", "coordinates": [-121.60352, 38.23477]}, "properties": {"id": "obstruction-approach-2259874", "name": null, "structure_type": "obstruction"}}, {"type": "Feature", "geometry": {"type": "Point", "coordinates": [-120.00361, 38.94197]}, "properties": {"id": "obstruction-approach-2259898", "name": null, "structure_type": "obstruction"}}, {"type": "Feature", "geometry": {"type": "Point", "coordinates": [-120.04853, 38.94435]}, "properties": {"id": "obstruction-approach-2259899", "name": null, "structure_type": "obstruction"}}, {"type": "Feature", "geometry": {"type": "Point", "coordinates": [-120.00209, 38.94295]}, "properties": {"id": "obstruction-approach-2259900", "name": null, "structure_type": "obstruction"}}, {"type": "Feature", "geometry": {"type": "Point", "coordinates": [-120.0901, 38.96445]}, "properties": {"id": "obstruction-approach-2259901", "name": null, "structure_type": "obstruction"}}, {"type": "Feature", "geometry": {"type": "Point", "coordinates": [-120.10457, 38.95536]}, "properties": {"id": "obstruction-approach-2259902", "name": null, "structure_type": "obstruction"}}, {"type": "Feature", "geometry": {"type": "Point", "coordinates": [-120.08708, 38.96862]}, "properties": {"id": "obstruction-approach-2259903", "name": null, "structure_type": "obstruction"}}, {"type": "Feature", "geometry": {"type": "Point", "coordinates": [-120.08622, 38.96843]}, "properties": {"id": "obstruction-approach-2259904", "name": null, "structure_type": "obstruction"}}, {"type": "Feature", "geometry": {"type": "Point", "coordinates": [-120.09282, 38.98434]}, "properties": {"id": "obstruction-approach-2259905", "name": null, "structure_type": "obstruction"}}, {"type": "Feature", "geometry": {"type": "Point", "coordinates": [-120.07806, 38.9637]}, "properties": {"id": "obstruction-approach-2259906", "name": null, "structure_type": "obstruction"}}, {"type": "Feature", "geometry": {"type": "Point", "coordinates": [-120.06581, 38.94419]}, "properties": {"id": "obstruction-approach-2259907", "name": null, "structure_type": "obstruction"}}, {"type": "Feature", "geometry": {"type": "Point", "coordinates": [-123.79629, 39.25022]}, "properties": {"id": "obstruction-approach-2259909", "name": null, "structure_type": "obstruction"}}, {"type": "Feature", "geometry": {"type": "Point", "coordinates": [-120.12583, 39.17738]}, "properties": {"id": "obstruction-approach-2259910", "name": null, "structure_type": "obstruction"}}, {"type": "Feature", "geometry": {"type": "Point", "coordinates": [-120.11105, 39.05053]}, "properties": {"id": "obstruction-approach-2259911", "name": null, "structure_type": "obstruction"}}, {"type": "Feature", "geometry": {"type": "Point", "coordinates": [-120.11142, 39.05052]}, "properties": {"id": "obstruction-approach-2259912", "name": null, "structure_type": "obstruction"}}, {"type": "Feature", "geometry": {"type": "Point", "coordinates": [-120.1116, 39.05083]}, "properties": {"id": "obstruction-approach-2259913", "name": null, "structure_type": "obstruction"}}, {"type": "Feature", "geometry": {"type": "Point", "coordinates": [-120.0153, 39.22576]}, "properties": {"id": "obstruction-approach-2259915", "name": null, "structure_type": "obstruction"}}, {"type": "Feature", "geometry": {"type": "Point", "coordinates": [-120.13399, 39.16958]}, "properties": {"id": "obstruction-approach-2259916", "name": null, "structure_type": "obstruction"}}, {"type": "Feature", "geometry": {"type": "Point", "coordinates": [-120.11344, 39.17538]}, "properties": {"id": "obstruction-approach-2259917", "name": null, "structure_type": "obstruction"}}, {"type": "Feature", "geometry": {"type": "Point", "coordinates": [-120.15755, 39.11354]}, "properties": {"id": "obstruction-approach-2259918", "name": null, "structure_type": "obstruction"}}, {"type": "Feature", "geometry": {"type": "Point", "coordinates": [-120.11209, 39.05634]}, "properties": {"id": "obstruction-approach-2259919", "name": null, "structure_type": "obstruction"}}, {"type": "Feature", "geometry": {"type": "Point", "coordinates": [-120.11475, 39.17337]}, "properties": {"id": "obstruction-approach-2259920", "name": null, "structure_type": "obstruction"}}, {"type": "Feature", "geometry": {"type": "Point", "coordinates": [-120.14024, 39.07351]}, "properties": {"id": "obstruction-approach-2259921", "name": null, "structure_type": "obstruction"}}, {"type": "Feature", "geometry": {"type": "Point", "coordinates": [-120.08548, 39.21955]}, "properties": {"id": "obstruction-approach-2259922", "name": null, "structure_type": "obstruction"}}, {"type": "Feature", "geometry": {"type": "Point", "coordinates": [-120.11863, 39.02822]}, "properties": {"id": "obstruction-approach-2259923", "name": null, "structure_type": "obstruction"}}, {"type": "Feature", "geometry": {"type": "Point", "coordinates": [-120.11844, 39.02777]}, "properties": {"id": "obstruction-approach-2259924", "name": null, "structure_type": "obstruction"}}, {"type": "Feature", "geometry": {"type": "Point", "coordinates": [-120.16339, 39.09807]}, "properties": {"id": "obstruction-approach-2259925", "name": null, "structure_type": "obstruction"}}, {"type": "Feature", "geometry": {"type": "Point", "coordinates": [-120.16291, 39.09808]}, "properties": {"id": "obstruction-approach-2259926", "name": null, "structure_type": "obstruction"}}, {"type": "Feature", "geometry": {"type": "Point", "coordinates": [-120.15751, 39.11464]}, "properties": {"id": "obstruction-approach-2259927", "name": null, "structure_type": "obstruction"}}, {"type": "Feature", "geometry": {"type": "Point", "coordinates": [-120.15788, 39.11478]}, "properties": {"id": "obstruction-approach-2259928", "name": null, "structure_type": "obstruction"}}, {"type": "Feature", "geometry": {"type": "Point", "coordinates": [-120.15797, 39.1151]}, "properties": {"id": "obstruction-approach-2259929", "name": null, "structure_type": "obstruction"}}, {"type": "Feature", "geometry": {"type": "Point", "coordinates": [-120.15728, 39.11524]}, "properties": {"id": "obstruction-approach-2259932", "name": null, "structure_type": "obstruction"}}, {"type": "Feature", "geometry": {"type": "Point", "coordinates": [-120.15764, 39.11536]}, "properties": {"id": "obstruction-approach-2259933", "name": null, "structure_type": "obstruction"}}, {"type": "Feature", "geometry": {"type": "Point", "coordinates": [-120.15804, 39.11551]}, "properties": {"id": "obstruction-approach-2259934", "name": null, "structure_type": "obstruction"}}, {"type": "Feature", "geometry": {"type": "Point", "coordinates": [-123.82104, 39.42686]}, "properties": {"id": "obstruction-approach-2259936", "name": null, "structure_type": "obstruction"}}, {"type": "Feature", "geometry": {"type": "Point", "coordinates": [-124.43139, 40.62268]}, "properties": {"id": "obstruction-approach-2259940", "name": null, "structure_type": "obstruction"}}, {"type": "Feature", "geometry": {"type": "Point", "coordinates": [-122.52861, 37.53978]}, "properties": {"id": "obstruction-coastal-751466", "name": null, "structure_type": "obstruction"}}, {"type": "Feature", "geometry": {"type": "Point", "coordinates": [-124.835, 40.81722]}, "properties": {"id": "obstruction-coastal-751468", "name": null, "structure_type": "obstruction"}}, {"type": "Feature", "geometry": {"type": "Point", "coordinates": [-120.99759, 33.03085]}, "properties": {"id": "obstruction-coastal-751469", "name": null, "structure_type": "obstruction"}}, {"type": "Feature", "geometry": {"type": "Point", "coordinates": [-120.46957, 34.42637]}, "properties": {"id": "obstruction-coastal-751470", "name": null, "structure_type": "obstruction"}}, {"type": "Feature", "geometry": {"type": "Point", "coordinates": [-120.4694, 34.44429]}, "properties": {"id": "obstruction-coastal-751472", "name": null, "structure_type": "obstruction"}}, {"type": "Feature", "geometry": {"type": "Point", "coordinates": [-119.28484, 34.22148]}, "properties": {"id": "obstruction-coastal-751474", "name": null, "structure_type": "obstruction"}}, {"type": "Feature", "geometry": {"type": "Point", "coordinates": [-119.24004, 34.158]}, "properties": {"id": "obstruction-coastal-751480", "name": null, "structure_type": "obstruction"}}, {"type": "Feature", "geometry": {"type": "Point", "coordinates": [-119.65659, 33.93925]}, "properties": {"id": "obstruction-coastal-751481", "name": null, "structure_type": "obstruction"}}, {"type": "Feature", "geometry": {"type": "Point", "coordinates": [-119.27651, 34.1167]}, "properties": {"id": "obstruction-coastal-751482", "name": null, "structure_type": "obstruction"}}, {"type": "Feature", "geometry": {"type": "Point", "coordinates": [-119.45787, 34.34919]}, "properties": {"id": "obstruction-coastal-751483", "name": null, "structure_type": "obstruction"}}, {"type": "Feature", "geometry": {"type": "Point", "coordinates": [-119.28237, 34.12593]}, "properties": {"id": "obstruction-coastal-751484", "name": null, "structure_type": "obstruction"}}, {"type": "Feature", "geometry": {"type": "Point", "coordinates": [-119.19665, 34.11878]}, "properties": {"id": "obstruction-coastal-751487", "name": null, "structure_type": "obstruction"}}, {"type": "Feature", "geometry": {"type": "Point", "coordinates": [-119.58627, 34.39816]}, "properties": {"id": "obstruction-coastal-751488", "name": null, "structure_type": "obstruction"}}, {"type": "Feature", "geometry": {"type": "Point", "coordinates": [-119.28166, 34.2439]}, "properties": {"id": "obstruction-coastal-751489", "name": null, "structure_type": "obstruction"}}, {"type": "Feature", "geometry": {"type": "Point", "coordinates": [-119.24099, 34.16779]}, "properties": {"id": "obstruction-coastal-751491", "name": null, "structure_type": "obstruction"}}, {"type": "Feature", "geometry": {"type": "Point", "coordinates": [-119.97326, 33.95554]}, "properties": {"id": "obstruction-coastal-751492", "name": null, "structure_type": "obstruction"}}, {"type": "Feature", "geometry": {"type": "Point", "coordinates": [-119.97775, 33.98175]}, "properties": {"id": "obstruction-coastal-751493", "name": null, "structure_type": "obstruction"}}, {"type": "Feature", "geometry": {"type": "Point", "coordinates": [-119.96945, 33.95136]}, "properties": {"id": "obstruction-coastal-751494", "name": null, "structure_type": "obstruction"}}, {"type": "Feature", "geometry": {"type": "Point", "coordinates": [-118.57227, 34.00944]}, "properties": {"id": "obstruction-coastal-751505", "name": null, "structure_type": "obstruction"}}, {"type": "Feature", "geometry": {"type": "Point", "coordinates": [-118.44952, 33.92177]}, "properties": {"id": "obstruction-coastal-751515", "name": null, "structure_type": "obstruction"}}, {"type": "Feature", "geometry": {"type": "Point", "coordinates": [-118.43222, 33.91412]}, "properties": {"id": "obstruction-coastal-751516", "name": null, "structure_type": "obstruction"}}, {"type": "Feature", "geometry": {"type": "Point", "coordinates": [-118.50524, 34.00548]}, "properties": {"id": "obstruction-coastal-751517", "name": null, "structure_type": "obstruction"}}, {"type": "Feature", "geometry": {"type": "Point", "coordinates": [-118.48715, 33.96298]}, "properties": {"id": "obstruction-coastal-751519", "name": null, "structure_type": "obstruction"}}, {"type": "Feature", "geometry": {"type": "Point", "coordinates": [-118.53064, 34.01011]}, "properties": {"id": "obstruction-coastal-751520", "name": null, "structure_type": "obstruction"}}, {"type": "Feature", "geometry": {"type": "Point", "coordinates": [-118.55559, 34.02467]}, "properties": {"id": "obstruction-coastal-751521", "name": null, "structure_type": "obstruction"}}, {"type": "Feature", "geometry": {"type": "Point", "coordinates": [-118.43669, 33.91704]}, "properties": {"id": "obstruction-coastal-751522", "name": null, "structure_type": "obstruction"}}, {"type": "Feature", "geometry": {"type": "Point", "coordinates": [-118.41681, 33.8832]}, "properties": {"id": "obstruction-coastal-751523", "name": null, "structure_type": "obstruction"}}, {"type": "Feature", "geometry": {"type": "Point", "coordinates": [-117.9805, 33.61512]}, "properties": {"id": "obstruction-coastal-751524", "name": null, "structure_type": "obstruction"}}, {"type": "Feature", "geometry": {"type": "Point", "coordinates": [-118.40623, 33.8134]}, "properties": {"id": "obstruction-coastal-751525", "name": null, "structure_type": "obstruction"}}, {"type": "Feature", "geometry": {"type": "Point", "coordinates": [-118.41638, 33.82288]}, "properties": {"id": "obstruction-coastal-751526", "name": null, "structure_type": "obstruction"}}, {"type": "Feature", "geometry": {"type": "Point", "coordinates": [-117.98414, 33.61808]}, "properties": {"id": "obstruction-coastal-751527", "name": null, "structure_type": "obstruction"}}, {"type": "Feature", "geometry": {"type": "Point", "coordinates": [-118.76845, 34.01649]}, "properties": {"id": "obstruction-coastal-751528", "name": null, "structure_type": "obstruction"}}, {"type": "Feature", "geometry": {"type": "Point", "coordinates": [-118.53261, 34.0276]}, "properties": {"id": "obstruction-coastal-751530", "name": null, "structure_type": "obstruction"}}, {"type": "Feature", "geometry": {"type": "Point", "coordinates": [-118.48763, 33.96812]}, "properties": {"id": "obstruction-coastal-751531", "name": null, "structure_type": "obstruction"}}, {"type": "Feature", "geometry": {"type": "Point", "coordinates": [-118.43373, 33.90788]}, "properties": {"id": "obstruction-coastal-751532", "name": null, "structure_type": "obstruction"}}, {"type": "Feature", "geometry": {"type": "Point", "coordinates": [-118.40717, 33.86036]}, "properties": {"id": "obstruction-coastal-751533", "name": null, "structure_type": "obstruction"}}, {"type": "Feature", "geometry": {"type": "Point", "coordinates": [-118.4111, 33.83744]}, "properties": {"id": "obstruction-coastal-751534", "name": null, "structure_type": "obstruction"}}, {"type": "Feature", "geometry": {"type": "Point", "coordinates": [-118.53651, 34.00421]}, "properties": {"id": "obstruction-coastal-751535", "name": null, "structure_type": "obstruction"}}, {"type": "Feature", "geometry": {"type": "Point", "coordinates": [-122.93333, 36.49983]}, "properties": {"id": "obstruction-coastal-751540", "name": null, "structure_type": "obstruction"}}, {"type": "Feature", "geometry": {"type": "Point", "coordinates": [-122.46049, 36.33239]}, "properties": {"id": "obstruction-coastal-751541", "name": null, "structure_type": "obstruction"}}, {"type": "Feature", "geometry": {"type": "Point", "coordinates": [-122.16992, 36.33677]}, "properties": {"id": "obstruction-coastal-751543", "name": null, "structure_type": "obstruction"}}, {"type": "Feature", "geometry": {"type": "Point", "coordinates": [-122.04093, 36.73839]}, "properties": {"id": "obstruction-coastal-751544", "name": null, "structure_type": "obstruction"}}, {"type": "Feature", "geometry": {"type": "Point", "coordinates": [-122.37533, 36.667]}, "properties": {"id": "obstruction-coastal-751545", "name": null, "structure_type": "obstruction"}}, {"type": "Feature", "geometry": {"type": "Point", "coordinates": [-122.37654, 36.82425]}, "properties": {"id": "obstruction-coastal-751546", "name": null, "structure_type": "obstruction"}}, {"type": "Feature", "geometry": {"type": "Point", "coordinates": [-122.38972, 36.29966]}, "properties": {"id": "obstruction-coastal-751547", "name": "HARP 13 sub-surface instrument mooring", "structure_type": "obstruction"}}, {"type": "Feature", "geometry": {"type": "Point", "coordinates": [-122.45462, 37.47412]}, "properties": {"id": "obstruction-coastal-751549", "name": null, "structure_type": "obstruction"}}, {"type": "Feature", "geometry": {"type": "Point", "coordinates": [-119.47069, 33.33602]}, "properties": {"id": "obstruction-coastal-751561", "name": null, "structure_type": "obstruction"}}, {"type": "Feature", "geometry": {"type": "Point", "coordinates": [-117.28159, 32.66886]}, "properties": {"id": "obstruction-coastal-751563", "name": "TH60-1", "structure_type": "obstruction"}}, {"type": "Feature", "geometry": {"type": "Point", "coordinates": [-117.32544, 32.66742]}, "properties": {"id": "obstruction-coastal-751565", "name": null, "structure_type": "obstruction"}}, {"type": "Feature", "geometry": {"type": "Point", "coordinates": [-117.15385, 32.60917]}, "properties": {"id": "obstruction-coastal-751567", "name": null, "structure_type": "obstruction"}}, {"type": "Feature", "geometry": {"type": "Point", "coordinates": [-117.18456, 32.61801]}, "properties": {"id": "obstruction-coastal-751568", "name": null, "structure_type": "obstruction"}}, {"type": "Feature", "geometry": {"type": "Point", "coordinates": [-118.52101, 32.99979]}, "properties": {"id": "obstruction-coastal-751571", "name": null, "structure_type": "obstruction"}}, {"type": "Feature", "geometry": {"type": "Point", "coordinates": [-117.24508, 32.54028]}, "properties": {"id": "obstruction-coastal-751572", "name": null, "structure_type": "obstruction"}}, {"type": "Feature", "geometry": {"type": "Point", "coordinates": [-117.26847, 32.77325]}, "properties": {"id": "obstruction-coastal-751575", "name": null, "structure_type": "obstruction"}}, {"type": "Feature", "geometry": {"type": "Point", "coordinates": [-117.35422, 32.7885]}, "properties": {"id": "obstruction-coastal-751577", "name": null, "structure_type": "obstruction"}}, {"type": "Feature", "geometry": {"type": "Point", "coordinates": [-117.56469, 33.36289]}, "properties": {"id": "obstruction-coastal-751579", "name": null, "structure_type": "obstruction"}}, {"type": "Feature", "geometry": {"type": "Point", "coordinates": [-118.36943, 32.84246]}, "properties": {"id": "obstruction-coastal-751580", "name": null, "structure_type": "obstruction"}}, {"type": "Feature", "geometry": {"type": "Point", "coordinates": [-118.51212, 33.46125]}, "properties": {"id": "obstruction-coastal-751581", "name": null, "structure_type": "obstruction"}}, {"type": "Feature", "geometry": {"type": "Point", "coordinates": [-117.28809, 32.75705]}, "properties": {"id": "obstruction-coastal-751583", "name": null, "structure_type": "obstruction"}}, {"type": "Feature", "geometry": {"type": "Point", "coordinates": [-118.51911, 32.99155]}, "properties": {"id": "obstruction-coastal-751584", "name": null, "structure_type": "obstruction"}}, {"type": "Feature", "geometry": {"type": "Point", "coordinates": [-118.83933, 32.99517]}, "properties": {"id": "obstruction-coastal-751585", "name": null, "structure_type": "obstruction"}}, {"type": "Feature", "geometry": {"type": "Point", "coordinates": [-117.26517, 32.88599]}, "properties": {"id": "obstruction-coastal-751586", "name": null, "structure_type": "obstruction"}}, {"type": "Feature", "geometry": {"type": "Point", "coordinates": [-117.28504, 32.85785]}, "properties": {"id": "obstruction-coastal-751587", "name": null, "structure_type": "obstruction"}}, {"type": "Feature", "geometry": {"type": "Point", "coordinates": [-117.29136, 32.43766]}, "properties": {"id": "obstruction-coastal-751588", "name": null, "structure_type": "obstruction"}}, {"type": "Feature", "geometry": {"type": "Point", "coordinates": [-124.57191, 42.44355]}, "properties": {"id": "obstruction-coastal-754227", "name": null, "structure_type": "obstruction"}}, {"type": "Feature", "geometry": {"type": "Point", "coordinates": [-124.57397, 42.44075]}, "properties": {"id": "obstruction-coastal-754228", "name": null, "structure_type": "obstruction"}}, {"type": "Feature", "geometry": {"type": "Point", "coordinates": [-119.54231, 34.33759]}, "properties": {"id": "platform-51000", "name": "Hogan", "structure_type": "platform"}}, {"type": "Feature", "geometry": {"type": "Point", "coordinates": [-119.55311, 34.33503]}, "properties": {"id": "platform-51001", "name": "Houchin", "structure_type": "platform"}}, {"type": "Feature", "geometry": {"type": "Point", "coordinates": [-119.61342, 34.33204]}, "properties": {"id": "platform-51002", "name": "A", "structure_type": "platform"}}, {"type": "Feature", "geometry": {"type": "Point", "coordinates": [-119.62251, 34.3324]}, "properties": {"id": "platform-51003", "name": "B", "structure_type": "platform"}}, {"type": "Feature", "geometry": {"type": "Point", "coordinates": [-119.6042, 34.33143]}, "properties": {"id": "platform-51004", "name": "Hillhouse", "structure_type": "platform"}}, {"type": "Feature", "geometry": {"type": "Point", "coordinates": [-120.12141, 34.39081]}, "properties": {"id": "platform-51005", "name": "Hondo", "structure_type": "platform"}}, {"type": "Feature", "geometry": {"type": "Point", "coordinates": [-119.63173, 34.33301]}, "properties": {"id": "platform-51006", "name": "C", "structure_type": "platform"}}, {"type": "Feature", "geometry": {"type": "Point", "coordinates": [-119.4687, 34.17963]}, "properties": {"id": "platform-51007", "name": "Grace", "structure_type": "platform"}}, {"type": "Feature", "geometry": {"type": "Point", "coordinates": [-119.56129, 34.3332]}, "properties": {"id": "platform-51008", "name": "Henry", "structure_type": "platform"}}, {"type": "Feature", "geometry": {"type": "Point", "coordinates": [-118.1291, 33.5824]}, "properties": {"id": "platform-51009", "name": "Ellen", "structure_type": "platform"}}, {"type": "Feature", "geometry": {"type": "Point", "coordinates": [-119.27711, 34.11762]}, "properties": {"id": "platform-51010", "name": "Gina", "structure_type": "platform"}}, {"type": "Feature", "geometry": {"type": "Point", "coordinates": [-119.41951, 34.18244]}, "properties": {"id": "platform-51011", "name": "Gilda", "structure_type": "platform"}}, {"type": "Feature", "geometry": {"type": "Point", "coordinates": [-119.589, 34.28663]}, "properties": {"id": "platform-51013", "name": "Habitat", "structure_type": "platform"}}, {"type": "Feature", "geometry": {"type": "Point", "coordinates": [-118.14161, 33.59583]}, "properties": {"id": "platform-51014", "name": "Edith", "structure_type": "platform"}}, {"type": "Feature", "geometry": {"type": "Point", "coordinates": [-118.11738, 33.56379]}, "properties": {"id": "platform-51015", "name": "Eureka", "structure_type": "platform"}}, {"type": "Feature", "geometry": {"type": "Point", "coordinates": [-119.4012, 34.125]}, "properties": {"id": "platform-51016", "name": "Gail", "structure_type": "platform"}}, {"type": "Feature", "geometry": {"type": "Point", "coordinates": [-120.16853, 34.37659]}, "properties": {"id": "platform-51017", "name": "Harmony", "structure_type": "platform"}}, {"type": "Feature", "geometry": {"type": "Point", "coordinates": [-120.2801, 34.35041]}, "properties": {"id": "platform-51018", "name": "Heritage", "structure_type": "platform"}}, {"type": "Feature", "geometry": {"type": "Point", "coordinates": [-120.73042, 34.61042]}, "properties": {"id": "platform-52000", "name": "Irene", "structure_type": "platform"}}, {"type": "Feature", "geometry": {"type": "Point", "coordinates": [-120.68171, 34.46924]}, "properties": {"id": "platform-52001", "name": "Harvest", "structure_type": "platform"}}, {"type": "Feature", "geometry": {"type": "Point", "coordinates": [-120.64741, 34.4552]}, "properties": {"id": "platform-52002", "name": "Hermosa", "structure_type": "platform"}}, {"type": "Feature", "geometry": {"type": "Point", "coordinates": [-120.70332, 34.495]}, "properties": {"id": "platform-52003", "name": "Hidalgo", "structure_type": "platform"}}, {"type": "Feature", "geometry": {"type": "Point", "coordinates": [-118.128, 33.58344]}, "properties": {"id": "platform-51020", "name": "Elly", "structure_type": "platform"}}, {"type": "Feature", "geometry": {"type": "Point", "coordinates": [-119.90608, 34.39048]}, "properties": {"id": "platform-enc-holly", "name": "Holly", "structure_type": "platform"}}, {"type": "Feature", "geometry": {"type": "Point", "coordinates": [-118.11406, 33.71894]}, "properties": {"id": "platform-enc-esther", "name": "Esther", "structure_type": "platform"}}, {"type": "Feature", "geometry": {"type": "Point", "coordinates": [-118.04464, 33.66128]}, "properties": {"id": "platform-enc-emmy", "name": "Emmy", "structure_type": "platform"}}, {"type": "Feature", "geometry": {"type": "Point", "coordinates": [-118.06163, 33.66184]}, "properties": {"id": "platform-enc-eva", "name": "Eva", "structure_type": "platform"}}]}