{"type": "FeatureCollection", "features": [{"type": "Feature", "geometry": {"type": "Polygon", "coordinates": [[[-123.11839, 42.00853], [-123.00112, 42.00434], [-122.61757, 42.00565], [-122.61106, 41.99973], [-122.60273, 41.97008], [-122.58693, 41.94635], [-122.58026, 41.92903], [-122.57038, 41.91374], [-122.55865, 41.88709], [-122.5585, 41.8789], [-122.56672, 41.86159], [-122.57125, 41.8566], [-122.56848, 41.84667], [-122.57549, 41.84152], [-122.57957, 41.83217], [-122.57878, 41.8221], [-122.57188, 41.80995], [-122.5809, 41.80421], [-122.58289, 41.7982], [-122.58883, 41.79241], [-122.58443, 41.78472], [-122.58254, 41.77315], [-122.58863, 41.76283], [-122.61976, 41.74702], [-122.62875, 41.73871], [-122.64135, 41.71183], [-122.64263, 41.70272], [-122.63494, 41.68534], [-122.60354, 41.66387], [-122.5936, 41.66103], [-122.56791, 41.65938], [-122.53443, 41.64561], [-122.51557, 41.61979], [-122.50303, 41.59285], [-122.50156, 41.58216], [-122.48572, 41.55256], [-122.49812, 41.54741], [-122.50467, 41.53751], [-122.51091, 41.53419], [-122.51779, 41.53415], [-122.52513, 41.53802], [-122.52024, 41.52093], [-122.52538, 41.51745], [-122.52587, 41.51112], [-122.54931, 41.50316], [-122.55175, 41.49401], [-122.56909, 41.48594], [-122.57396, 41.47802], [-122.58084, 41.4729], [-122.5892, 41.47127], [-122.59659, 41.46706], [-122.61991, 41.46305], [-122.62527, 41.45879], [-122.63744, 41.45608], [-122.63668, 41.45326], [-122.64079, 41.44921], [-122.64392, 41.45019], [-122.64033, 41.45378], [-122.64355, 41.45381], [-122.64727, 41.44832], [-122.64584, 41.44379], [-122.64329, 41.44324], [-122.63967, 41.43795], [-122.63706, 41.42589], [-122.63285, 41.41898], [-122.63231, 41.41129], [-122.64119, 41.40251], [-122.65319, 41.40259], [-122.66036, 41.39998], [-122.69321, 41.37829], [-122.71267, 41.37044], [-122.71999, 41.35803], [-122.72667, 41.35334], [-122.73441, 41.35107], [-122.73975, 41.35553], [-122.7434, 41.3512], [-122.74947, 41.34951], [-122.7516, 41.34198], [-122.74964, 41.338], [-122.75246, 41.32926], [-122.75002, 41.31938], [-122.75409, 41.31304], [-122.78516, 41.30571], [-122.80224, 41.30996], [-122.8007, 41.30401], [-122.8068, 41.29724], [-122.83164, 41.29532], [-122.84123, 41.29069], [-122.8606, 41.27641], [-122.8791, 41.27091], [-122.88447, 41.26604], [-122.88402, 41.2636], [-122.89296, 41.26047], [-122.89215, 41.25852], [-122.88678, 41.25865], [-122.89218, 41.25261], [-122.88922, 41.24044], [-122.88956, 41.22996], [-122.89322, 41.23797], [-122.89641, 41.23811], [-122.89801, 41.23436], [-122.8965, 41.22317], [-122.89841, 41.22093], [-122.91214, 41.2237], [-122.91669, 41.22266], [-122.93078, 41.22983], [-122.94008, 41.23075], [-122.95581, 41.22923], [-122.96772, 41.23184], [-122.97576, 41.23126], [-122.97685, 41.22932], [-123.00475, 41.22574], [-123.01015, 41.22059], [-123.01481, 41.2238], [-123.01629, 41.22751], [-123.01784, 41.22311], [-123.02964, 41.21252], [-123.05394, 41.20816], [-123.05936, 41.2091], [-123.06406, 41.20493], [-123.0714, 41.20278], [-123.07517, 41.18923], [-123.0809, 41.18434], [-123.08353, 41.17789], [-123.09534, 41.17175], [-123.09409, 41.16491], [-123.09778, 41.15946], [-123.11906, 41.15211], [-123.12617, 41.14085], [-123.15619, 41.14335], [-123.17272, 41.14146], [-123.20886, 41.14823], [-123.2095, 41.15651], [-123.20683, 41.15832], [-123.20829, 41.16299], [-123.2181, 41.16912], [-123.22101, 41.17619], [-123.21756, 41.18408], [-123.2129, 41.18731], [-123.21581, 41.18873], [-123.21508, 41.19639], [-123.22708, 41.20476], [-123.22803, 41.20854], [-123.23375, 41.21146], [-123.23812, 41.21917], [-123.25597, 41.22626], [-123.25258, 41.22969], [-123.25373, 41.23113], [-123.2613, 41.23393], [-123.2687, 41.23377], [-123.26894, 41.23736], [-123.27175, 41.23917], [-123.28203, 41.23888], [-123.28551, 41.24331], [-123.29318, 41.2416], [-123.3087, 41.25367], [-123.31552, 41.2514], [-123.32062, 41.25731], [-123.32417, 41.2576], [-123.3353, 41.26606], [-123.34203, 41.27471], [-123.35174, 41.28244], [-123.36445, 41.28658], [-123.36355, 41.29791], [-123.37327, 41.30483], [-123.38232, 41.31918], [-123.37618, 41.33315], [-123.37348, 41.33517], [-123.38376, 41.3408], [-123.3946, 41.33536], [-123.399, 41.33962], [-123.40562, 41.33568], [-123.40869, 41.33616], [-123.40337, 41.34547], [-123.40883, 41.35133], [-123.40914, 41.35634], [-123.41548, 41.36234], [-123.41451, 41.36771], [-123.41857, 41.37378], [-123.4224, 41.37555], [-123.43185, 41.37486], [-123.43953, 41.37882], [-123.45302, 41.37555], [-123.46714, 41.38065], [-123.47923, 41.37763], [-123.49304, 41.38244], [-123.5007, 41.40183], [-123.49967, 41.41812], [-123.50072, 41.4267], [-123.50431, 41.43292], [-123.50236, 41.4391], [-123.50676, 41.44428], [-123.50523, 41.44661], [-123.49496, 41.4494], [-123.49829, 41.45825], [-123.49599, 41.46187], [-123.49648, 41.46818], [-123.50962, 41.47317], [-123.50858, 41.47716], [-123.52, 41.49098], [-123.52396, 41.50241], [-123.5235, 41.50724], [-123.52748, 41.51074], [-123.5293, 41.51664], [-123.52482, 41.53602], [-123.52825, 41.54524], [-123.52377, 41.54933], [-123.52396, 41.56212], [-123.52578, 41.56558], [-123.53464, 41.57151], [-123.53515, 41.57469], [-123.54009, 41.57508], [-123.54097, 41.57726], [-123.53673, 41.58075], [-123.52521, 41.58107], [-123.51758, 41.58524], [-123.51618, 41.58886], [-123.51081, 41.59158], [-123.51424, 41.59803], [-123.51253, 41.60148], [-123.50552, 41.60296], [-123.49474, 41.61648], [-123.47048, 41.62079], [-123.46346, 41.63429], [-123.4653, 41.64097], [-123.46348, 41.65074], [-123.45156, 41.65983], [-123.44831, 41.66608], [-123.43385, 41.67421], [-123.44287, 41.69004], [-123.44706, 41.69337], [-123.44624, 41.69868], [-123.44952, 41.70952], [-123.44577, 41.71522], [-123.44669, 41.71925], [-123.43875, 41.72275], [-123.43525, 41.73042], [-123.42392, 41.73045], [-123.4012, 41.7454], [-123.40068, 41.75101], [-123.39463, 41.75493], [-123.39802, 41.75847], [-123.39851, 41.76247], [-123.40304, 41.76412], [-123.4049, 41.76769], [-123.39409, 41.78547], [-123.37832, 41.79126], [-123.37294, 41.80228], [-123.3586, 41.81141], [-123.34756, 41.80716], [-123.34206, 41.79464], [-123.33427, 41.78958], [-123.33631, 41.79676], [-123.33215, 41.80404], [-123.32484, 41.80596], [-123.31549, 41.80325], [-123.31434, 41.81437], [-123.30532, 41.81789], [-123.29699, 41.82878], [-123.29677, 41.83248], [-123.30113, 41.84072], [-123.31116, 41.85017], [-123.30937, 41.86552], [-123.29553, 41.86892], [-123.27242, 41.8689], [-123.26732, 41.86563], [-123.26873, 41.86133], [-123.26503, 41.86025], [-123.25688, 41.86557], [-123.25105, 41.86673], [-123.24589, 41.85878], [-123.23463, 41.85815], [-123.22429, 41.84605], [-123.21591, 41.84201], [-123.20743, 41.84474], [-123.19816, 41.84298], [-123.18311, 41.84831], [-123.17429, 41.85186], [-123.16532, 41.85884], [-123.1431, 41.8646], [-123.13229, 41.8739], [-123.13017, 41.87942], [-123.1352, 41.88735], [-123.13517, 41.89874], [-123.13938, 41.90003], [-123.14193, 41.90534], [-123.13927, 41.90339], [-123.13923, 41.90235], [-123.13834, 41.90184], [-123.14147, 41.90832], [-123.13049, 41.91466], [-123.13644, 41.91635], [-123.13945, 41.92009], [-123.13689, 41.92716], [-123.13125, 41.92854], [-123.13244, 41.92996], [-123.13053, 41.93165], [-123.13599, 41.93262], [-123.13706, 41.93813], [-123.14474, 41.94224], [-123.13312, 41.94452], [-123.13085, 41.9484], [-123.12549, 41.94477], [-123.12202, 41.94718], [-123.11963, 41.94515], [-123.11428, 41.94689], [-123.11426, 41.94901], [-123.1175, 41.95352], [-123.12202, 41.95544], [-123.12294, 41.96177], [-123.12758, 41.96689], [-123.12848, 41.97313], [-123.12648, 41.97045], [-123.12302, 41.97071], [-123.12478, 41.97197], [-123.12387, 41.97429], [-123.1283, 41.97694], [-123.12693, 41.98111], [-123.12986, 41.98854], [-123.13314, 41.9889], [-123.13299, 41.99382], [-123.13532, 41.99543], [-123.14216, 41.99382], [-123.14233, 41.99638], [-123.15071, 41.99902], [-123.14138, 41.99874], [-123.13859, 42.00173], [-123.14587, 42.00126], [-123.1527, 42.00722], [-123.15837, 42.00713], [-123.11839, 42.00853]]]}, "properties": {"id": "B6", "name": "B6", "kind": "deer_zone"}}, {"type": "Feature", "geometry": {"type": "Polygon", "coordinates": [[[-121.88927, 42.00337], [-121.90448, 41.97982], [-121.90889, 41.97758], [-121.91064, 41.96827], [-121.91557, 41.96715], [-121.92136, 41.96113], [-121.99695, 41.84679], [-122.00588, 41.82833], [-122.06638, 41.75586], [-122.05785, 41.72611], [-122.03926, 41.69602], [-122.04147, 41.69], [-122.05579, 41.68651], [-122.07579, 41.67348], [-122.11961, 41.65327], [-122.12952, 41.64412], [-122.17865, 41.64134], [-122.18902, 41.63825], [-122.20089, 41.61891], [-122.20145, 41.60504], [-122.19299, 41.58135], [-122.19681, 41.57105], [-122.23511, 41.53673], [-122.2492, 41.53383], [-122.27031, 41.5341], [-122.28436, 41.52441], [-122.30665, 41.51937], [-122.32371, 41.50421], [-122.34998, 41.47593], [-122.35719, 41.45763], [-122.3637, 41.44873], [-122.38715, 41.43965], [-122.38948, 41.42793], [-122.38416, 41.41954], [-122.39651, 41.42356], [-122.40332, 41.42976], [-122.42107, 41.42868], [-122.42736, 41.43051], [-122.43771, 41.44718], [-122.44301, 41.45203], [-122.4485, 41.46637], [-122.45892, 41.48201], [-122.46448, 41.49711], [-122.47137, 41.50566], [-122.47726, 41.53409], [-122.48396, 41.5504], [-122.49098, 41.55989], [-122.50009, 41.57887], [-122.50303, 41.59285], [-122.51557, 41.61979], [-122.53443, 41.64561], [-122.56791, 41.65938], [-122.5936, 41.66103], [-122.60354, 41.66387], [-122.63073, 41.6817], [-122.63747, 41.68932], [-122.64279, 41.70673], [-122.62978, 41.73729], [-122.61976, 41.74702], [-122.58863, 41.76283], [-122.58254, 41.77315], [-122.58443, 41.78472], [-122.58883, 41.79241], [-122.58289, 41.7982], [-122.5809, 41.80421], [-122.57188, 41.80995], [-122.57878, 41.8221], [-122.57957, 41.83217], [-122.57549, 41.84152], [-122.56848, 41.84667], [-122.57125, 41.8566], [-122.56059, 41.87245], [-122.55825, 41.88205], [-122.55865, 41.88709], [-122.57038, 41.91374], [-122.58026, 41.92903], [-122.58693, 41.94635], [-122.60273, 41.97008], [-122.61106, 41.99973], [-122.61757, 42.00565], [-122.51122, 42.00857], [-122.2963, 42.00984], [-121.88927, 42.00337]]]}, "properties": {"id": "C1", "name": "C1", "kind": "deer_zone"}}, {"type": "Feature", "geometry": {"type": "Polygon", "coordinates": [[[-121.51864, 41.99831], [-121.16767, 41.997], [-121.00117, 41.99308], [-120.32828, 41.9931], [-120.32823, 41.98503], [-120.32062, 41.97244], [-120.32311, 41.96622], [-120.33275, 41.95501], [-120.33398, 41.94676], [-120.35366, 41.93436], [-120.3644, 41.92156], [-120.36613, 41.90418], [-120.36465, 41.88911], [-120.3622, 41.88378], [-120.35693, 41.88045], [-120.35818, 41.87759], [-120.36427, 41.87544], [-120.36175, 41.86881], [-120.36899, 41.85858], [-120.3691, 41.83481], [-120.37547, 41.81786], [-120.38495, 41.80927], [-120.38604, 41.81476], [-120.39004, 41.81862], [-120.39179, 41.81743], [-120.39274, 41.81206], [-120.401, 41.80241], [-120.4006, 41.79976], [-120.41979, 41.78856], [-120.42471, 41.7833], [-120.42447, 41.77969], [-120.42951, 41.78077], [-120.42975, 41.78797], [-120.43369, 41.79172], [-120.4377, 41.78836], [-120.43791, 41.7831], [-120.44103, 41.77914], [-120.44222, 41.78486], [-120.4464, 41.78488], [-120.45056, 41.7718], [-120.45896, 41.76776], [-120.45327, 41.75354], [-120.44273, 41.74579], [-120.43656, 41.73346], [-120.37532, 41.73329], [-120.37513, 41.69044], [-120.41115, 41.62072], [-120.41816, 41.61155], [-120.4178, 41.60719], [-120.42271, 41.60044], [-120.42338, 41.59257], [-120.43218, 41.58725], [-120.43654, 41.56898], [-120.45428, 41.54483], [-120.4816, 41.51601], [-120.52973, 41.50021], [-120.54244, 41.4941], [-120.58316, 41.49431], [-120.59968, 41.49817], [-120.61568, 41.4935], [-120.62843, 41.48643], [-120.66036, 41.48671], [-120.69348, 41.49258], [-120.70692, 41.48891], [-120.71677, 41.48116], [-120.7366, 41.47496], [-120.74748, 41.46738], [-120.80265, 41.4531], [-120.84378, 41.45397], [-120.86879, 41.44404], [-120.87936, 41.43698], [-120.90469, 41.45936], [-120.92117, 41.46415], [-120.96079, 41.48217], [-120.96825, 41.48791], [-120.96858, 41.49537], [-120.9737, 41.49882], [-121.14888, 41.53409], [-121.15989, 41.54921], [-121.18854, 41.57936], [-121.28083, 41.70202], [-121.28208, 41.70963], [-121.2937, 41.72094], [-121.30237, 41.7509], [-121.30826, 41.84193], [-121.33114, 41.85879], [-121.43414, 41.92157], [-121.51864, 41.99831]]]}, "properties": {"id": "X2", "name": "X2", "kind": "deer_zone"}}, {"type": "Feature", "geometry": {"type": "Polygon", "coordinates": [[[-119.99965, 41.02211], [-120.0088, 41.02347], [-120.02239, 41.01989], [-120.02951, 41.02375], [-120.05432, 41.01907], [-120.06803, 41.02046], [-120.08177, 41.02929], [-120.10317, 41.0267], [-120.12875, 41.03528], [-120.16263, 41.03582], [-120.16335, 41.03823], [-120.17806, 41.03217], [-120.18512, 41.03142], [-120.19337, 41.03459], [-120.20596, 41.04342], [-120.21783, 41.04677], [-120.24491, 41.06872], [-120.26151, 41.06682], [-120.26496, 41.06364], [-120.26889, 41.06502], [-120.27608, 41.06324], [-120.29306, 41.05743], [-120.2975, 41.05254], [-120.30928, 41.04829], [-120.31393, 41.04927], [-120.31656, 41.05233], [-120.32167, 41.05087], [-120.32855, 41.05238], [-120.33242, 41.05542], [-120.34085, 41.05729], [-120.34327, 41.06036], [-120.36218, 41.06671], [-120.39764, 41.0558], [-120.40399, 41.05022], [-120.4097, 41.03998], [-120.43969, 41.03852], [-120.44875, 41.04232], [-120.45582, 41.05002], [-120.46471, 41.05258], [-120.47475, 41.05181], [-120.46901, 41.0797], [-120.47451, 41.10001], [-120.48581, 41.11624], [-120.49499, 41.1264], [-120.50262, 41.13144], [-120.50979, 41.14206], [-120.50408, 41.18427], [-120.50657, 41.19756], [-120.50336, 41.21555], [-120.50351, 41.28606], [-120.50607, 41.3135], [-120.51381, 41.34586], [-120.53617, 41.36651], [-120.53935, 41.3717], [-120.54277, 41.38454], [-120.54166, 41.3916], [-120.5498, 41.46028], [-120.54224, 41.47978], [-120.54244, 41.4941], [-120.52973, 41.50021], [-120.4816, 41.51601], [-120.45428, 41.54483], [-120.43654, 41.56898], [-120.43218, 41.58725], [-120.42338, 41.59257], [-120.42271, 41.60044], [-120.4178, 41.60719], [-120.41816, 41.61155], [-120.41115, 41.62072], [-120.37617, 41.68723], [-120.37532, 41.73329], [-120.43656, 41.73346], [-120.44273, 41.74579], [-120.45327, 41.75354], [-120.45896, 41.76776], [-120.45056, 41.7718], [-120.4464, 41.78488], [-120.44222, 41.78486], [-120.44103, 41.77914], [-120.43791, 41.7831], [-120.4377, 41.78836], [-120.43369, 41.79172], [-120.42975, 41.78797], [-120.42951, 41.78077], [-120.42447, 41.77969], [-120.42471, 41.7833], [-120.41979, 41.78856], [-120.4006, 41.79976], [-120.401, 41.80241], [-120.39274, 41.81206], [-120.39179, 41.81743], [-120.39004, 41.81862], [-120.38604, 41.81476], [-120.38495, 41.80927], [-120.37547, 41.81786], [-120.3691, 41.83481], [-120.36899, 41.85858], [-120.36175, 41.86881], [-120.36427, 41.87544], [-120.35818, 41.87759], [-120.35693, 41.88045], [-120.3622, 41.88378], [-120.36465, 41.88911], [-120.36613, 41.90418], [-120.3644, 41.92156], [-120.35366, 41.93436], [-120.33398, 41.94676], [-120.33275, 41.95501], [-120.32228, 41.96773], [-120.32062, 41.97244], [-120.32823, 41.98503], [-120.32828, 41.9931], [-119.99973, 41.99498], [-119.99965, 41.02211]]]}, "properties": {"id": "X3B", "name": "X3b", "kind": "deer_zone"}}, {"type": "Feature", "geometry": {"type": "Polygon", "coordinates": [[[-122.38416, 41.41954], [-122.37951, 41.40963], [-122.38237, 41.40066], [-122.37523, 41.39213], [-122.37362, 41.37252], [-122.34244, 41.34426], [-122.33188, 41.33181], [-122.30795, 41.28872], [-122.27901, 41.27001], [-122.27287, 41.25927], [-122.26054, 41.25141], [-122.25827, 41.24752], [-122.26189, 41.24027], [-122.27576, 41.22944], [-122.27433, 41.21317], [-122.27799, 41.20135], [-122.28399, 41.19488], [-122.29765, 41.17144], [-122.29468, 41.15423], [-122.31645, 41.1479], [-122.32252, 41.12839], [-122.32809, 41.11816], [-122.32595, 41.11112], [-122.34341, 41.09966], [-122.3465, 41.09312], [-122.35264, 41.08987], [-122.35167, 41.08385], [-122.35588, 41.08037], [-122.35609, 41.07438], [-122.36123, 41.0664], [-122.36858, 41.06292], [-122.38046, 41.04924], [-122.39349, 41.04351], [-122.39705, 41.03395], [-122.39747, 41.02322], [-122.40333, 41.01793], [-122.41218, 41.01608], [-122.4097, 41.0094], [-122.4103, 41.0029], [-122.42741, 40.98916], [-122.43335, 40.97783], [-122.43204, 40.97225], [-122.44082, 40.96357], [-122.43544, 40.9582], [-122.43643, 40.9435], [-122.42133, 40.93761], [-122.41325, 40.93679], [-122.41065, 40.92432], [-122.40259, 40.92174], [-122.38542, 40.91073], [-122.38319, 40.90284], [-122.38367, 40.88634], [-122.38105, 40.88007], [-122.37484, 40.8779], [-122.36369, 40.86598], [-122.34841, 40.85934], [-122.34299, 40.85474], [-122.33986, 40.84838], [-122.32862, 40.8432], [-122.32842, 40.83281], [-122.3231, 40.81272], [-122.32362, 40.80627], [-122.32823, 40.79986], [-122.32243, 40.78267], [-122.31952, 40.77739], [-122.31362, 40.77304], [-122.31405, 40.7702], [-122.31838, 40.767], [-122.3192, 40.7575], [-122.32188, 40.75403], [-122.31515, 40.74687], [-122.31377, 40.74158], [-122.34306, 40.69624], [-122.34872, 40.67844], [-122.36249, 40.64826], [-122.3686, 40.63023], [-122.36316, 40.61236], [-122.37556, 40.60953], [-122.39249, 40.59135], [-122.39222, 40.58781], [-122.43601, 40.58217], [-122.45967, 40.58961], [-122.4823, 40.59133], [-122.49778, 40.6031], [-122.51241, 40.60734], [-122.51954, 40.61515], [-122.53467, 40.62447], [-122.56583, 40.63637], [-122.58309, 40.65235], [-122.60003, 40.65235], [-122.60736, 40.64911], [-122.6213, 40.65069], [-122.62494, 40.65906], [-122.62963, 40.66268], [-122.6497, 40.67162], [-122.6598, 40.67132], [-122.66587, 40.67402], [-122.69961, 40.668], [-122.69937, 40.65755], [-122.70789, 40.65437], [-122.70696, 40.65036], [-122.71447, 40.64946], [-122.71723, 40.64612], [-122.72252, 40.64689], [-122.72233, 40.645], [-122.72885, 40.64314], [-122.73403, 40.63547], [-122.71691, 40.63438], [-122.7105, 40.63169], [-122.71107, 40.61388], [-122.7063, 40.61002], [-122.70724, 40.60539], [-122.70187, 40.59607], [-122.70017, 40.58596], [-122.69323, 40.58029], [-122.69301, 40.57488], [-122.69776, 40.56989], [-122.70713, 40.569], [-122.72361, 40.57489], [-122.73907, 40.5664], [-122.74406, 40.55445], [-122.76798, 40.5551], [-122.78541, 40.5404], [-122.78646, 40.53676], [-122.78285, 40.53474], [-122.78257, 40.53203], [-122.79348, 40.52359], [-122.79453, 40.51435], [-122.80367, 40.51038], [-122.82015, 40.51069], [-122.82982, 40.5066], [-122.84748, 40.50454], [-122.85094, 40.50055], [-122.84598, 40.49478], [-122.84831, 40.48904], [-122.85632, 40.48257], [-122.87548, 40.4806], [-122.8832, 40.47458], [-122.88376, 40.47206], [-122.88942, 40.46904], [-122.88878, 40.46607], [-122.89469, 40.45961], [-122.89402, 40.45435], [-122.9014, 40.44582], [-122.91593, 40.44914], [-122.92957, 40.44629], [-122.9307, 40.44124], [-122.93715, 40.43626], [-122.93625, 40.43134], [-122.93921, 40.42857], [-122.95469, 40.42203], [-122.97032, 40.41867], [-122.97107, 40.41588], [-122.96712, 40.41355], [-122.96984, 40.40846], [-122.96547, 40.40487], [-122.97768, 40.40203], [-122.97708, 40.3991], [-122.98587, 40.39175], [-122.98644, 40.38793], [-122.98006, 40.38205], [-122.97131, 40.36701], [-122.96385, 40.36335], [-122.96134, 40.35287], [-122.97222, 40.34727], [-122.98532, 40.34762], [-122.99354, 40.34215], [-122.99848, 40.33433], [-123.00954, 40.3353], [-123.01244, 40.3326], [-123.01875, 40.33351], [-123.02422, 40.33142], [-123.01589, 40.32907], [-123.01564, 40.32502], [-123.00651, 40.32074], [-123.01537, 40.3203], [-123.0146, 40.31616], [-123.01677, 40.31327], [-123.02382, 40.31575], [-123.02721, 40.31414], [-123.02756, 40.3109], [-123.03525, 40.31241], [-123.03629, 40.3104], [-123.04051, 40.31009], [-123.03259, 40.30491], [-123.03333, 40.30148], [-123.03863, 40.29892], [-123.04028, 40.29253], [-123.02639, 40.29456], [-123.02133, 40.29117], [-123.01744, 40.2916], [-123.0117, 40.28708], [-123.00798, 40.29128], [-122.99712, 40.28766], [-122.98758, 40.29001], [-122.97878, 40.28404], [-122.97757, 40.27927], [-122.98024, 40.27727], [-122.97549, 40.27533], [-122.97658, 40.27155], [-122.96822, 40.27383], [-122.96898, 40.2717], [-122.96561, 40.26941], [-122.96532, 40.26668], [-122.95841, 40.27077], [-122.95079, 40.26996], [-122.94537, 40.25826], [-122.94623, 40.25612], [-122.93856, 40.25329], [-122.93739, 40.24526], [-122.96018, 40.24336], [-122.96248, 40.23948], [-122.96624, 40.23831], [-122.96937, 40.23465], [-122.96718, 40.23266], [-122.97188, 40.23256], [-122.97526, 40.22951], [-122.97642, 40.2227], [-122.97907, 40.22016], [-122.97817, 40.20902], [-123.00187, 40.20966], [-123.00183, 40.21325], [-123.02579, 40.21335], [-123.02588, 40.20335], [-123.03275, 40.18648], [-123.02838, 40.18281], [-123.0269, 40.17302], [-123.02861, 40.17027], [-123.03915, 40.17577], [-123.04661, 40.1741], [-123.05293, 40.17604], [-123.05812, 40.17511], [-123.06373, 40.17771], [-123.06319, 40.18042], [-123.07062, 40.18543], [-123.08662, 40.18936], [-123.09292, 40.19476], [-123.0965, 40.19968], [-123.09543, 40.20256], [-123.10418, 40.20942], [-123.10525, 40.21414], [-123.10923, 40.21604], [-123.11156, 40.22277], [-123.11747, 40.22862], [-123.11781, 40.23885], [-123.13119, 40.24839], [-123.14017, 40.25051], [-123.14465, 40.25593], [-123.14955, 40.2546], [-123.15251, 40.25728], [-123.16168, 40.2579], [-123.16373, 40.26403], [-123.1695, 40.26246], [-123.16908, 40.26664], [-123.17706, 40.26948], [-123.17956, 40.27241], [-123.19256, 40.27491], [-123.19444, 40.27578], [-123.19397, 40.278], [-123.20102, 40.27955], [-123.20643, 40.28422], [-123.22699, 40.29101], [-123.23222, 40.29446], [-123.23249, 40.29861], [-123.23713, 40.30389], [-123.24248, 40.30485], [-123.24769, 40.31251], [-123.25518, 40.31549], [-123.25735, 40.32107], [-123.26486, 40.31941], [-123.26785, 40.32151], [-123.26826, 40.3265], [-123.27179, 40.32561], [-123.27619, 40.32866], [-123.2819, 40.32744], [-123.28396, 40.33401], [-123.29227, 40.33976], [-123.29352, 40.34584], [-123.30576, 40.35255], [-123.3062, 40.35509], [-123.30327, 40.35674], [-123.31225, 40.36912], [-123.31661, 40.37068], [-123.32248, 40.36827], [-123.32912, 40.37734], [-123.33657, 40.38075], [-123.34232, 40.38109], [-123.35494, 40.37704], [-123.36054, 40.37809], [-123.37826, 40.39067], [-123.38748, 40.3939], [-123.39223, 40.40665], [-123.40199, 40.40814], [-123.40833, 40.41489], [-123.40596, 40.41633], [-123.40905, 40.41876], [-123.40791, 40.42352], [-123.4121, 40.42397], [-123.41159, 40.42654], [-123.40889, 40.42729], [-123.41189, 40.4302], [-123.40946, 40.44013], [-123.41706, 40.44091], [-123.41607, 40.44743], [-123.42152, 40.45196], [-123.41826, 40.45311], [-123.41975, 40.45695], [-123.41808, 40.45974], [-123.42182, 40.46631], [-123.41897, 40.46871], [-123.42077, 40.4737], [-123.41837, 40.47537], [-123.42026, 40.48496], [-123.42289, 40.48583], [-123.421, 40.49395], [-123.42472, 40.49363], [-123.42967, 40.50102], [-123.43741, 40.50445], [-123.43478, 40.50866], [-123.4367, 40.51056], [-123.43986, 40.50958], [-123.44564, 40.5171], [-123.44627, 40.5201], [-123.44268, 40.52077], [-123.44606, 40.52356], [-123.447, 40.52996], [-123.44987, 40.53127], [-123.45213, 40.54305], [-123.45747, 40.54426], [-123.45924, 40.55156], [-123.45798, 40.55374], [-123.46137, 40.55671], [-123.45759, 40.56172], [-123.44949, 40.56294], [-123.45213, 40.56708], [-123.44457, 40.56932], [-123.4422, 40.57673], [-123.44361, 40.5798], [-123.4392, 40.58179], [-123.44397, 40.59534], [-123.44815, 40.59719], [-123.44806, 40.60534], [-123.45115, 40.60778], [-123.45076, 40.61305], [-123.45752, 40.61449], [-123.47118, 40.62332], [-123.47768, 40.63525], [-123.48429, 40.63646], [-123.49288, 40.64383], [-123.49683, 40.65261], [-123.4944, 40.66234], [-123.50419, 40.66916], [-123.50151, 40.67586], [-123.50412, 40.68215], [-123.50884, 40.68655], [-123.50673, 40.69497], [-123.5177, 40.70103], [-123.51781, 40.70458], [-123.52115, 40.70703], [-123.52013, 40.7109], [-123.52499, 40.71667], [-123.52295, 40.7193], [-123.52439, 40.72149], [-123.53569, 40.73097], [-123.54327, 40.73161], [-123.54478, 40.73788], [-123.54754, 40.73974], [-123.5467, 40.74264], [-123.55293, 40.74848], [-123.55121, 40.75003], [-123.55341, 40.75195], [-123.55157, 40.75541], [-123.55563, 40.75982], [-123.55076, 40.76376], [-123.55542, 40.76703], [-123.5503, 40.77469], [-123.5596, 40.78163], [-123.56069, 40.78488], [-123.55864, 40.7874], [-123.56039, 40.78948], [-123.56451, 40.78694], [-123.56668, 40.78863], [-123.56662, 40.79707], [-123.55527, 40.79584], [-123.55698, 40.80824], [-123.56421, 40.80858], [-123.56352, 40.81213], [-123.5699, 40.81959], [-123.56861, 40.82535], [-123.56036, 40.83018], [-123.56867, 40.83524], [-123.5637, 40.84043], [-123.57461, 40.844], [-123.57509, 40.85093], [-123.57796, 40.85338], [-123.57485, 40.85608], [-123.57642, 40.85796], [-123.58736, 40.85713], [-123.58974, 40.85873], [-123.58109, 40.86631], [-123.58224, 40.86846], [-123.58547, 40.86926], [-123.59032, 40.8667], [-123.59623, 40.87166], [-123.59746, 40.8766], [-123.61341, 40.87795], [-123.61266, 40.88021], [-123.60365, 40.88042], [-123.59789, 40.8842], [-123.6015, 40.88882], [-123.60543, 40.88907], [-123.60935, 40.89477], [-123.61128, 40.90584], [-123.61662, 40.91071], [-123.61683, 40.91621], [-123.62524, 40.92815], [-123.62527, 40.93563], [-123.63125, 40.93991], [-123.64329, 40.95496], [-123.63958, 40.97167], [-123.6417, 40.97778], [-123.63971, 40.98427], [-123.63582, 40.99247], [-123.62576, 40.99986], [-123.62995, 41.00149], [-123.64161, 40.99853], [-123.64554, 40.99924], [-123.64877, 41.00288], [-123.64934, 41.00506], [-123.64587, 41.00961], [-123.63723, 41.01059], [-123.63832, 41.02043], [-123.64122, 41.02178], [-123.64859, 41.01988], [-123.6676, 41.0334], [-123.67175, 41.0396], [-123.67541, 41.05174], [-123.68473, 41.05894], [-123.6878, 41.07642], [-123.70203, 41.09124], [-123.69444, 41.096], [-123.6871, 41.10756], [-123.68902, 41.11953], [-123.68409, 41.12441], [-123.68767, 41.13255], [-123.6816, 41.13992], [-123.6842, 41.14186], [-123.67888, 41.14649], [-123.69055, 41.16522], [-123.70237, 41.17114], [-123.70472, 41.18681], [-123.67879, 41.18879], [-123.67153, 41.19651], [-123.66438, 41.2004], [-123.66242, 41.20612], [-123.65673, 41.21037], [-123.65049, 41.22053], [-123.65949, 41.22975], [-123.65774, 41.23822], [-123.64899, 41.24891], [-123.63112, 41.25554], [-123.62236, 41.25634], [-123.61782, 41.2595], [-123.60799, 41.26027], [-123.60602, 41.2692], [-123.60768, 41.27592], [-123.60316, 41.27791], [-123.59146, 41.27796], [-123.57802, 41.28294], [-123.5745, 41.28523], [-123.56858, 41.2954], [-123.55444, 41.29679], [-123.55037, 41.29958], [-123.52958, 41.30437], [-123.52171, 41.31109], [-123.52234, 41.31546], [-123.51854, 41.32164], [-123.52011, 41.32678], [-123.50762, 41.33521], [-123.50354, 41.34171], [-123.50294, 41.35324], [-123.49995, 41.35907], [-123.49213, 41.36226], [-123.48856, 41.37022], [-123.48978, 41.38105], [-123.47923, 41.37763], [-123.46714, 41.38065], [-123.45302, 41.37555], [-123.43953, 41.37882], [-123.43185, 41.37486], [-123.4224, 41.37555], [-123.41857, 41.37378], [-123.41451, 41.36771], [-123.41548, 41.36234], [-123.40914, 41.35634], [-123.40883, 41.35133], [-123.40337, 41.34547], [-123.40869, 41.33616], [-123.40562, 41.33568], [-123.399, 41.33962], [-123.3946, 41.33536], [-123.38376, 41.3408], [-123.37348, 41.33517], [-123.37618, 41.33315], [-123.38232, 41.31918], [-123.37327, 41.30483], [-123.36355, 41.29791], [-123.36445, 41.28658], [-123.35174, 41.28244], [-123.34203, 41.27471], [-123.3353, 41.26606], [-123.32417, 41.2576], [-123.32062, 41.25731], [-123.31552, 41.2514], [-123.3087, 41.25367], [-123.29318, 41.2416], [-123.28551, 41.24331], [-123.28203, 41.23888], [-123.27175, 41.23917], [-123.26894, 41.23736], [-123.2687, 41.23377], [-123.2613, 41.23393], [-123.25373, 41.23113], [-123.25258, 41.22969], [-123.25597, 41.22626], [-123.23812, 41.21917], [-123.23375, 41.21146], [-123.22803, 41.20854], [-123.22708, 41.20476], [-123.21508, 41.19639], [-123.21581, 41.18873], [-123.2129, 41.18731], [-123.21756, 41.18408], [-123.22101, 41.17619], [-123.2181, 41.16912], [-123.20829, 41.16299], [-123.20683, 41.15832], [-123.2095, 41.15651], [-123.20886, 41.14823], [-123.1772, 41.14176], [-123.15619, 41.14335], [-123.12814, 41.14042], [-123.11906, 41.15211], [-123.09778, 41.15946], [-123.09409, 41.16491], [-123.09534, 41.17175], [-123.08353, 41.17789], [-123.0809, 41.18434], [-123.07517, 41.18923], [-123.0714, 41.20278], [-123.06406, 41.20493], [-123.05936, 41.2091], [-123.05394, 41.20816], [-123.02964, 41.21252], [-123.01784, 41.22311], [-123.01629, 41.22751], [-123.01481, 41.2238], [-123.01015, 41.22059], [-123.00475, 41.22574], [-122.97685, 41.22932], [-122.97576, 41.23126], [-122.96772, 41.23184], [-122.95581, 41.22923], [-122.93078, 41.22983], [-122.91669, 41.22266], [-122.91214, 41.2237], [-122.89841, 41.22093], [-122.8965, 41.22317], [-122.89801, 41.23436], [-122.89641, 41.23811], [-122.89322, 41.23797], [-122.88956, 41.22996], [-122.88922, 41.24044], [-122.89218, 41.25261], [-122.88678, 41.25865], [-122.89375, 41.25946], [-122.88402, 41.2636], [-122.88447, 41.26604], [-122.8791, 41.27091], [-122.8606, 41.27641], [-122.84123, 41.29069], [-122.82985, 41.29607], [-122.8068, 41.29724], [-122.8007, 41.30401], [-122.80224, 41.30996], [-122.78516, 41.30571], [-122.75409, 41.31304], [-122.75002, 41.31938], [-122.75246, 41.32926], [-122.74964, 41.338], [-122.7516, 41.34198], [-122.74947, 41.34951], [-122.7434, 41.3512], [-122.73975, 41.35553], [-122.73441, 41.35107], [-122.72667, 41.35334], [-122.71999, 41.35803], [-122.71267, 41.37044], [-122.69321, 41.37829], [-122.66036, 41.39998], [-122.65319, 41.40259], [-122.64119, 41.40251], [-122.63231, 41.41129], [-122.63285, 41.41898], [-122.63706, 41.42589], [-122.63967, 41.43795], [-122.64329, 41.44324], [-122.64584, 41.44379], [-122.64727, 41.44832], [-122.64355, 41.45381], [-122.64033, 41.45378], [-122.64392, 41.45019], [-122.64079, 41.44921], [-122.63668, 41.45326], [-122.63744, 41.45608], [-122.62527, 41.45879], [-122.61991, 41.46305], [-122.59659, 41.46706], [-122.5892, 41.47127], [-122.58084, 41.4729], [-122.57396, 41.47802], [-122.56909, 41.48594], [-122.55175, 41.49401], [-122.54931, 41.50316], [-122.52587, 41.51112], [-122.52538, 41.51745], [-122.52024, 41.52093], [-122.52513, 41.53802], [-122.51779, 41.53415], [-122.51091, 41.53419], [-122.50467, 41.53751], [-122.49541, 41.54924], [-122.48572, 41.55256], [-122.48396, 41.5504], [-122.47668, 41.53243], [-122.47137, 41.50566], [-122.46448, 41.49711], [-122.45892, 41.48201], [-122.4485, 41.46637], [-122.44301, 41.45203], [-122.43771, 41.44718], [-122.42989, 41.43275], [-122.42295, 41.42879], [-122.40332, 41.42976], [-122.39651, 41.42356], [-122.38416, 41.41954]]]}, "properties": {"id": "B2", "name": "B2", "kind": "deer_zone"}}, {"type": "Feature", "geometry": {"type": "Polygon", "coordinates": [[[-121.91312, 41.26761], [-121.85645, 41.26606], [-121.80828, 41.24598], [-121.79805, 41.23426], [-121.79228, 41.21861], [-121.77985, 41.20455], [-121.7509, 41.20027], [-121.74605, 41.19783], [-121.74089, 41.19146], [-121.7372, 41.19164], [-121.66459, 41.16233], [-121.64993, 41.15088], [-121.64009, 41.13779], [-121.6381, 41.12491], [-121.63976, 41.10988], [-121.63782, 41.10082], [-121.64655, 41.05996], [-121.63131, 41.04384], [-121.62917, 41.03352], [-121.62146, 41.01798], [-121.62377, 41.01619], [-121.62607, 41.0187], [-121.63572, 41.01963], [-121.63883, 41.02359], [-121.65697, 41.02883], [-121.65339, 41.02493], [-121.65418, 41.02349], [-121.66233, 41.02589], [-121.66792, 41.02044], [-121.67442, 41.02257], [-121.68112, 41.00805], [-121.6833, 41.00727], [-121.68378, 41.01114], [-121.68695, 41.01178], [-121.68967, 41.00844], [-121.68967, 41.00455], [-121.69505, 41.00681], [-121.70163, 41.00569], [-121.70453, 41.00937], [-121.70981, 41.00688], [-121.71368, 41.00814], [-121.72971, 40.99592], [-121.73892, 40.9937], [-121.75721, 40.99832], [-121.76373, 40.99411], [-121.76594, 40.98883], [-121.77742, 40.98382], [-121.78084, 40.9703], [-121.78564, 40.96934], [-121.79237, 40.96147], [-121.80061, 40.95685], [-121.80655, 40.96335], [-121.82243, 40.96598], [-121.83432, 40.96303], [-121.83794, 40.96732], [-121.8467, 40.96913], [-121.85017, 40.97318], [-121.84791, 40.97652], [-121.85157, 40.98718], [-121.8664, 40.99104], [-121.87363, 40.9968], [-121.87552, 40.99424], [-121.87826, 40.99488], [-121.87931, 41.00153], [-121.88556, 41.00055], [-121.88715, 41.01105], [-121.89926, 41.01449], [-121.90119, 41.02041], [-121.90557, 41.02172], [-121.9127, 41.02021], [-121.91485, 41.02392], [-121.92201, 41.02298], [-121.92814, 41.02751], [-121.93225, 41.02744], [-121.94276, 41.02255], [-121.94645, 41.01337], [-121.95862, 41.00422], [-121.96327, 41.00607], [-121.96713, 41.00472], [-121.96677, 40.99989], [-121.97093, 40.99368], [-121.97585, 40.99135], [-121.98279, 40.98034], [-121.98586, 40.96842], [-121.99388, 40.95622], [-121.98994, 40.94119], [-121.9947, 40.92618], [-121.98878, 40.91383], [-121.98434, 40.90989], [-121.98271, 40.90227], [-121.96778, 40.88889], [-121.95973, 40.88567], [-121.95381, 40.87411], [-121.95378, 40.86912], [-121.95938, 40.86415], [-121.95911, 40.85264], [-121.96206, 40.85157], [-121.96779, 40.85727], [-121.97083, 40.85308], [-121.98596, 40.85099], [-121.98888, 40.84794], [-121.99905, 40.84665], [-122.00295, 40.84362], [-122.01159, 40.84682], [-122.015, 40.84612], [-122.01548, 40.84195], [-122.02003, 40.83708], [-122.02438, 40.81761], [-122.03363, 40.81173], [-122.04095, 40.81766], [-122.04932, 40.81963], [-122.07287, 40.80888], [-122.07793, 40.80897], [-122.08509, 40.80533], [-122.0931, 40.80668], [-122.09675, 40.80276], [-122.0946, 40.79391], [-122.10011, 40.78294], [-122.10043, 40.77189], [-122.10735, 40.7715], [-122.10841, 40.76782], [-122.11141, 40.76665], [-122.12195, 40.76532], [-122.12011, 40.76097], [-122.12149, 40.75676], [-122.11624, 40.75658], [-122.11742, 40.75411], [-122.13221, 40.7582], [-122.13553, 40.75029], [-122.14587, 40.74843], [-122.14326, 40.74617], [-122.14398, 40.74207], [-122.14494, 40.74491], [-122.14976, 40.74766], [-122.15463, 40.7442], [-122.16324, 40.74487], [-122.15999, 40.73906], [-122.16405, 40.73794], [-122.16838, 40.74411], [-122.16982, 40.74249], [-122.17301, 40.74343], [-122.17271, 40.74142], [-122.17657, 40.73931], [-122.17563, 40.74146], [-122.17798, 40.74599], [-122.18658, 40.74199], [-122.18661, 40.74016], [-122.19846, 40.73176], [-122.20147, 40.73446], [-122.19506, 40.737], [-122.19242, 40.74041], [-122.19401, 40.74377], [-122.21125, 40.74517], [-122.21351, 40.74274], [-122.21257, 40.73979], [-122.21059, 40.73972], [-122.21158, 40.73819], [-122.21793, 40.73998], [-122.21829, 40.73673], [-122.22087, 40.73572], [-122.21898, 40.73201], [-122.22298, 40.73036], [-122.22362, 40.73239], [-122.22896, 40.72883], [-122.23329, 40.73201], [-122.22544, 40.73608], [-122.23438, 40.74356], [-122.23072, 40.74684], [-122.22319, 40.7453], [-122.22413, 40.74709], [-122.21625, 40.75018], [-122.2178, 40.75133], [-122.21417, 40.75386], [-122.22007, 40.75347], [-122.21947, 40.75668], [-122.21487, 40.75702], [-122.22904, 40.76317], [-122.23599, 40.761], [-122.23482, 40.75861], [-122.23099, 40.75829], [-122.2306, 40.75386], [-122.2334, 40.75514], [-122.23412, 40.7532], [-122.23147, 40.74837], [-122.2395, 40.7485], [-122.23571, 40.74981], [-122.24146, 40.75184], [-122.24165, 40.75676], [-122.25291, 40.75417], [-122.25108, 40.74678], [-122.25901, 40.74955], [-122.26832, 40.74132], [-122.26953, 40.74454], [-122.2679, 40.74715], [-122.27407, 40.75086], [-122.27476, 40.75596], [-122.28134, 40.76066], [-122.28715, 40.76148], [-122.29025, 40.7542], [-122.29717, 40.76286], [-122.30108, 40.76171], [-122.30695, 40.76366], [-122.3084, 40.75718], [-122.31123, 40.75926], [-122.31601, 40.75652], [-122.31896, 40.75895], [-122.31838, 40.767], [-122.31405, 40.7702], [-122.31362, 40.77304], [-122.31952, 40.77739], [-122.32243, 40.78267], [-122.32823, 40.79986], [-122.32362, 40.80627], [-122.3231, 40.81272], [-122.32842, 40.83281], [-122.32862, 40.8432], [-122.33986, 40.84838], [-122.34299, 40.85474], [-122.34841, 40.85934], [-122.36369, 40.86598], [-122.37484, 40.8779], [-122.38105, 40.88007], [-122.38367, 40.88634], [-122.38319, 40.90284], [-122.38542, 40.91073], [-122.40259, 40.92174], [-122.41065, 40.92432], [-122.41325, 40.93679], [-122.42133, 40.93761], [-122.43643, 40.9435], [-122.43544, 40.9582], [-122.44082, 40.96357], [-122.43204, 40.97225], [-122.43335, 40.97783], [-122.42741, 40.98916], [-122.4103, 41.0029], [-122.4097, 41.0094], [-122.41218, 41.01608], [-122.40333, 41.01793], [-122.39747, 41.02322], [-122.39705, 41.03395], [-122.39349, 41.04351], [-122.38046, 41.04924], [-122.36858, 41.06292], [-122.36123, 41.0664], [-122.35609, 41.07438], [-122.35588, 41.08037], [-122.35167, 41.08385], [-122.35264, 41.08987], [-122.3465, 41.09312], [-122.34341, 41.09966], [-122.32595, 41.11112], [-122.32809, 41.11816], [-122.32252, 41.12839], [-122.31645, 41.1479], [-122.30821, 41.15154], [-122.30098, 41.15181], [-122.29386, 41.15583], [-122.29718, 41.16302], [-122.29765, 41.17144], [-122.28399, 41.19488], [-122.27799, 41.20135], [-122.27433, 41.21317], [-122.27576, 41.22944], [-122.26189, 41.24027], [-122.25833, 41.24883], [-122.27287, 41.25927], [-122.27901, 41.27001], [-122.30268, 41.28512], [-122.29606, 41.28814], [-122.27686, 41.28868], [-122.25926, 41.2758], [-122.23271, 41.26527], [-122.20795, 41.27146], [-122.19666, 41.26829], [-122.18117, 41.26931], [-122.17234, 41.26517], [-122.14996, 41.26063], [-122.14156, 41.25253], [-122.13629, 41.25098], [-121.96402, 41.26051], [-121.91312, 41.26761]]]}, "properties": {"id": "C2", "name": "C2", "kind": "deer_zone"}}, {"type": "Feature", "geometry": {"type": "Polygon", "coordinates": [[[-120.24373, 41.06837], [-120.23723, 41.06115], [-120.21783, 41.04677], [-120.20596, 41.04342], [-120.19337, 41.03459], [-120.18512, 41.03142], [-120.17806, 41.03217], [-120.16335, 41.03823], [-120.16263, 41.03582], [-120.12875, 41.03528], [-120.10317, 41.0267], [-120.08177, 41.02929], [-120.06803, 41.02046], [-120.05432, 41.01907], [-120.02951, 41.02375], [-120.02239, 41.01989], [-120.0088, 41.02347], [-119.99965, 41.02211], [-119.99567, 40.55526], [-119.99657, 40.24558], [-120.0338, 40.26315], [-120.07451, 40.26875], [-120.09667, 40.28148], [-120.10359, 40.28169], [-120.12701, 40.28901], [-120.14054, 40.28941], [-120.15845, 40.29765], [-120.17742, 40.29989], [-120.19167, 40.31871], [-120.18491, 40.3331], [-120.18605, 40.33822], [-120.19582, 40.3513], [-120.23533, 40.35207], [-120.23848, 40.35534], [-120.23881, 40.36641], [-120.29538, 40.36635], [-120.31171, 40.37874], [-120.30898, 40.39016], [-120.29129, 40.39918], [-120.28817, 40.40519], [-120.27962, 40.44184], [-120.27876, 40.45826], [-120.24744, 40.5977], [-120.24552, 40.61543], [-120.248, 40.62361], [-120.25469, 40.64171], [-120.28153, 40.66513], [-120.30906, 40.72577], [-120.35733, 40.79308], [-120.392, 40.82029], [-120.41154, 40.83017], [-120.46883, 40.8711], [-120.51103, 40.93267], [-120.4863, 41.02563], [-120.47475, 41.05181], [-120.46471, 41.05258], [-120.45582, 41.05002], [-120.44875, 41.04232], [-120.43969, 41.03852], [-120.41828, 41.04085], [-120.41151, 41.03968], [-120.39764, 41.0558], [-120.36218, 41.06671], [-120.34327, 41.06036], [-120.34085, 41.05729], [-120.33242, 41.05542], [-120.32855, 41.05238], [-120.32167, 41.05087], [-120.31656, 41.05233], [-120.31393, 41.04927], [-120.30928, 41.04829], [-120.2975, 41.05254], [-120.29306, 41.05743], [-120.27608, 41.06324], [-120.26889, 41.06502], [-120.26496, 41.06364], [-120.26151, 41.06682], [-120.25492, 41.06819], [-120.24373, 41.06837]]]}, "properties": {"id": "X5B", "name": "X5b", "kind": "deer_zone"}}, {"type": "Feature", "geometry": {"type": "Polygon", "coordinates": [[[-121.36174, 41.04809], [-121.34853, 41.04953], [-121.34445, 41.04592], [-121.34152, 41.04713], [-121.33698, 41.04215], [-121.32849, 41.04512], [-121.30604, 41.04105], [-121.29871, 41.0286], [-121.291, 41.02657], [-121.28786, 41.02838], [-121.28351, 41.02588], [-121.28191, 41.01868], [-121.29031, 41.01682], [-121.29222, 41.01129], [-121.28751, 41.00843], [-121.28694, 41.00061], [-121.28156, 41.0009], [-121.2776, 40.99628], [-121.27197, 40.99471], [-121.26808, 40.9909], [-121.26532, 40.98527], [-121.26581, 40.9811], [-121.25292, 40.97234], [-121.25102, 40.96336], [-121.24006, 40.95484], [-121.23613, 40.94039], [-121.22712, 40.94064], [-121.21975, 40.93334], [-121.21655, 40.93272], [-121.21894, 40.9292], [-121.21345, 40.92917], [-121.20834, 40.92512], [-121.20599, 40.91984], [-121.1726, 40.89863], [-121.18021, 40.89576], [-121.17793, 40.89415], [-121.18021, 40.8892], [-121.17447, 40.88456], [-121.1737, 40.8794], [-121.17015, 40.87732], [-121.16588, 40.86674], [-121.15759, 40.8612], [-121.15795, 40.8482], [-121.15056, 40.84958], [-121.13528, 40.84001], [-121.12591, 40.84412], [-121.11775, 40.84438], [-121.1161, 40.84078], [-121.1175, 40.83859], [-121.11509, 40.84035], [-121.11459, 40.84765], [-121.10275, 40.84942], [-121.08567, 40.84272], [-121.06546, 40.8426], [-121.05019, 40.82909], [-121.03826, 40.83105], [-121.0298, 40.82839], [-121.02429, 40.83126], [-121.01348, 40.83248], [-121.00428, 40.84108], [-120.98552, 40.84776], [-120.97511, 40.84576], [-120.96732, 40.83751], [-120.95791, 40.8371], [-120.95653, 40.83084], [-120.95348, 40.82806], [-120.94889, 40.82812], [-120.9403, 40.81874], [-120.93281, 40.81873], [-120.92672, 40.81355], [-120.92132, 40.81773], [-120.92254, 40.82625], [-120.91976, 40.83251], [-120.91606, 40.83307], [-120.91133, 40.8431], [-120.90324, 40.84423], [-120.89916, 40.8315], [-120.89469, 40.82719], [-120.87372, 40.833], [-120.86949, 40.82019], [-120.85732, 40.80503], [-120.85367, 40.79184], [-120.85488, 40.78468], [-120.84757, 40.78211], [-120.84601, 40.77848], [-120.82141, 40.77218], [-120.8182, 40.7739], [-120.81792, 40.7767], [-120.81292, 40.7743], [-120.81106, 40.7702], [-120.80427, 40.76815], [-120.8022, 40.76382], [-120.79761, 40.76235], [-120.7799, 40.76936], [-120.76847, 40.7663], [-120.74745, 40.76776], [-120.73695, 40.76566], [-120.72613, 40.76795], [-120.71312, 40.74349], [-120.70608, 40.73474], [-120.67665, 40.71573], [-120.67043, 40.69554], [-120.66256, 40.68826], [-120.66163, 40.6809], [-120.65806, 40.67712], [-120.6562, 40.6684], [-120.65846, 40.65443], [-120.65708, 40.64055], [-120.64325, 40.62966], [-120.64232, 40.62495], [-120.64344, 40.60888], [-120.64134, 40.6047], [-120.6436, 40.59315], [-120.63941, 40.5824], [-120.64247, 40.56814], [-120.63768, 40.56558], [-120.63099, 40.56995], [-120.61379, 40.56999], [-120.59674, 40.56533], [-120.58823, 40.55619], [-120.58534, 40.54461], [-120.58186, 40.54021], [-120.57385, 40.53337], [-120.56765, 40.53238], [-120.5677, 40.52663], [-120.5568, 40.50845], [-120.55812, 40.50444], [-120.5522, 40.49847], [-120.5502, 40.4924], [-120.54618, 40.49338], [-120.53992, 40.48902], [-120.52257, 40.48769], [-120.51896, 40.48341], [-120.51367, 40.48424], [-120.50542, 40.47998], [-120.49202, 40.48448], [-120.48456, 40.49182], [-120.47924, 40.4928], [-120.47566, 40.48988], [-120.47644, 40.48622], [-120.47452, 40.48389], [-120.45726, 40.48179], [-120.45877, 40.47913], [-120.45356, 40.47698], [-120.44885, 40.47043], [-120.45181, 40.46895], [-120.45117, 40.46405], [-120.45828, 40.44468], [-120.44273, 40.44371], [-120.44006, 40.43759], [-120.44365, 40.43429], [-120.43866, 40.42869], [-120.44265, 40.42402], [-120.44137, 40.42103], [-120.44353, 40.41302], [-120.44166, 40.40826], [-120.45102, 40.40041], [-120.44374, 40.39768], [-120.45185, 40.40071], [-120.4789, 40.40075], [-120.48817, 40.39801], [-120.52131, 40.39567], [-120.57419, 40.39737], [-120.58078, 40.40016], [-120.58846, 40.39293], [-120.59205, 40.39222], [-120.62003, 40.4001], [-120.62374, 40.40454], [-120.63173, 40.40703], [-120.6395, 40.41305], [-120.66321, 40.41881], [-120.66961, 40.41792], [-120.67884, 40.42494], [-120.72512, 40.41478], [-120.7552, 40.41085], [-120.76356, 40.41546], [-120.78298, 40.41749], [-120.78967, 40.42486], [-120.8199, 40.42836], [-120.8347, 40.43875], [-120.85258, 40.43936], [-120.90967, 40.44988], [-120.93217, 40.46936], [-120.94841, 40.47669], [-120.96976, 40.49281], [-121.03571, 40.52807], [-121.06077, 40.56428], [-121.0745, 40.57309], [-121.11106, 40.61055], [-121.16522, 40.64607], [-121.18472, 40.65229], [-121.20371, 40.65479], [-121.2272, 40.64075], [-121.29371, 40.64687], [-121.34149, 40.65874], [-121.35597, 40.66497], [-121.36162, 40.67066], [-121.36588, 40.67145], [-121.384, 40.6946], [-121.39055, 40.69645], [-121.39699, 40.7032], [-121.40008, 40.6986], [-121.39966, 40.677], [-121.40359, 40.676], [-121.42469, 40.68022], [-121.41794, 40.69633], [-121.41818, 40.70482], [-121.4264, 40.7239], [-121.43203, 40.72957], [-121.48143, 40.74644], [-121.49756, 40.75884], [-121.50721, 40.79255], [-121.51369, 40.80254], [-121.51343, 40.83091], [-121.51514, 40.83527], [-121.52507, 40.84569], [-121.53437, 40.85108], [-121.54944, 40.86864], [-121.56342, 40.87958], [-121.59465, 40.91897], [-121.60662, 40.93817], [-121.6333, 41.00604], [-121.64569, 41.00844], [-121.64931, 41.01281], [-121.64572, 41.01553], [-121.63303, 41.01679], [-121.62459, 41.01387], [-121.6216, 41.01677], [-121.60904, 41.01305], [-121.59999, 41.0136], [-121.59358, 41.00829], [-121.58085, 41.0063], [-121.57728, 41.00006], [-121.58152, 40.99528], [-121.58009, 40.99061], [-121.57095, 40.99364], [-121.5695, 40.99091], [-121.55772, 40.98733], [-121.55543, 40.98172], [-121.54443, 40.98028], [-121.53861, 40.97661], [-121.5341, 40.97867], [-121.52598, 40.97707], [-121.51345, 40.97949], [-121.50872, 40.99013], [-121.5022, 40.98955], [-121.49973, 40.98601], [-121.49174, 40.99097], [-121.47526, 40.9908], [-121.47265, 40.98646], [-121.46388, 40.98415], [-121.46251, 40.97517], [-121.45721, 40.97223], [-121.45223, 40.98019], [-121.44356, 40.98644], [-121.43312, 40.98736], [-121.43356, 40.99033], [-121.43916, 40.99161], [-121.43566, 40.99548], [-121.43653, 41.00187], [-121.4335, 41.00408], [-121.43002, 41.01332], [-121.42761, 41.01412], [-121.42507, 41.0203], [-121.42147, 41.01938], [-121.41996, 41.02323], [-121.41344, 41.02657], [-121.4067, 41.03635], [-121.39969, 41.03985], [-121.39856, 41.04393], [-121.39343, 41.04893], [-121.37552, 41.05499], [-121.36174, 41.04809]]]}, "properties": {"id": "X4", "name": "X4", "kind": "deer_zone"}}, {"type": "Feature", "geometry": {"type": "Polygon", "coordinates": [[[-120.59955, 40.82465], [-120.55608, 40.81779], [-120.5313, 40.83455], [-120.4982, 40.84502], [-120.46, 40.865], [-120.41154, 40.83017], [-120.392, 40.82029], [-120.35733, 40.79308], [-120.30906, 40.72577], [-120.28153, 40.66513], [-120.25469, 40.64171], [-120.24567, 40.61683], [-120.24744, 40.5977], [-120.279, 40.45709], [-120.28167, 40.43196], [-120.29024, 40.4003], [-120.30898, 40.39016], [-120.31171, 40.37874], [-120.3633, 40.37683], [-120.3929, 40.38328], [-120.39622, 40.3871], [-120.39981, 40.38705], [-120.41808, 40.39671], [-120.44084, 40.3966], [-120.45102, 40.40041], [-120.44175, 40.40806], [-120.44353, 40.41302], [-120.44137, 40.42103], [-120.44265, 40.42402], [-120.43866, 40.42869], [-120.44344, 40.43336], [-120.44002, 40.43722], [-120.44246, 40.44355], [-120.45828, 40.44468], [-120.45117, 40.46405], [-120.45181, 40.46895], [-120.44885, 40.47043], [-120.45356, 40.47698], [-120.45877, 40.47913], [-120.45726, 40.48179], [-120.47452, 40.48389], [-120.47644, 40.48622], [-120.47566, 40.48988], [-120.47924, 40.4928], [-120.48456, 40.49182], [-120.49202, 40.48448], [-120.50542, 40.47998], [-120.51367, 40.48424], [-120.51896, 40.48341], [-120.52257, 40.48769], [-120.53992, 40.48902], [-120.54618, 40.49338], [-120.5502, 40.4924], [-120.5522, 40.49847], [-120.55812, 40.50444], [-120.5568, 40.50845], [-120.5677, 40.52663], [-120.56765, 40.53238], [-120.57385, 40.53337], [-120.58186, 40.54021], [-120.58534, 40.54461], [-120.58823, 40.55619], [-120.59674, 40.56533], [-120.61379, 40.56999], [-120.63099, 40.56995], [-120.63768, 40.56558], [-120.64247, 40.56814], [-120.63941, 40.5824], [-120.6436, 40.59315], [-120.64134, 40.6047], [-120.64344, 40.60888], [-120.64232, 40.62495], [-120.64325, 40.62966], [-120.65708, 40.64055], [-120.65846, 40.65443], [-120.6562, 40.6684], [-120.65806, 40.67712], [-120.66163, 40.6809], [-120.66256, 40.68826], [-120.67043, 40.69554], [-120.67665, 40.71573], [-120.69763, 40.73081], [-120.70526, 40.73398], [-120.71312, 40.74349], [-120.72613, 40.76795], [-120.72629, 40.80109], [-120.74157, 40.82675], [-120.75055, 40.83555], [-120.75184, 40.8438], [-120.75912, 40.85524], [-120.75968, 40.86494], [-120.74716, 40.90856], [-120.65661, 40.86529], [-120.62928, 40.84392], [-120.62218, 40.84271], [-120.6051, 40.8337], [-120.59955, 40.82465]]]}, "properties": {"id": "X5A", "name": "X5a", "kind": "deer_zone"}}, {"type": "Feature", "geometry": {"type": "Polygon", "coordinates": [[[-120.44374, 40.39768], [-120.41808, 40.39671], [-120.39981, 40.38705], [-120.39622, 40.3871], [-120.3929, 40.38328], [-120.3633, 40.37683], [-120.31171, 40.37874], [-120.29538, 40.36635], [-120.23881, 40.36641], [-120.23848, 40.35534], [-120.23665, 40.3525], [-120.19582, 40.3513], [-120.18605, 40.33822], [-120.18491, 40.3331], [-120.19167, 40.31871], [-120.17742, 40.29989], [-120.15845, 40.29765], [-120.14054, 40.28941], [-120.12701, 40.28901], [-120.10359, 40.28169], [-120.09667, 40.28148], [-120.07451, 40.26875], [-120.0338, 40.26315], [-119.99657, 40.24558], [-119.99729, 40.15341], [-120.05053, 40.14528], [-120.05736, 40.14265], [-120.12056, 40.14483], [-120.1716, 40.14377], [-120.20417, 40.1381], [-120.21582, 40.13265], [-120.24686, 40.12489], [-120.30593, 40.15276], [-120.36888, 40.16888], [-120.35207, 40.15602], [-120.35064, 40.14868], [-120.35311, 40.14488], [-120.34997, 40.13669], [-120.3396, 40.13134], [-120.34389, 40.13104], [-120.34571, 40.12716], [-120.34883, 40.12761], [-120.34865, 40.12072], [-120.35481, 40.11411], [-120.37755, 40.11583], [-120.37937, 40.11858], [-120.38595, 40.1162], [-120.39155, 40.11776], [-120.39876, 40.11266], [-120.41741, 40.11146], [-120.42766, 40.11537], [-120.43457, 40.11503], [-120.44768, 40.12381], [-120.45349, 40.12397], [-120.46609, 40.11976], [-120.47544, 40.12197], [-120.48399, 40.11267], [-120.49138, 40.11145], [-120.50699, 40.1232], [-120.50577, 40.12719], [-120.50844, 40.13155], [-120.5338, 40.12374], [-120.53574, 40.12575], [-120.53741, 40.13767], [-120.54601, 40.14883], [-120.54581, 40.1538], [-120.5492, 40.15453], [-120.54873, 40.15606], [-120.56005, 40.16544], [-120.57889, 40.16873], [-120.58349, 40.17164], [-120.59771, 40.17305], [-120.60129, 40.17783], [-120.60943, 40.18108], [-120.61327, 40.17106], [-120.6206, 40.16245], [-120.62394, 40.16188], [-120.62331, 40.15826], [-120.62554, 40.15506], [-120.62369, 40.15115], [-120.62637, 40.14868], [-120.6244, 40.14223], [-120.62653, 40.13655], [-120.62379, 40.13118], [-120.62782, 40.12656], [-120.62578, 40.12297], [-120.63244, 40.11711], [-120.63238, 40.11485], [-120.63921, 40.11273], [-120.64755, 40.10635], [-120.64646, 40.09226], [-120.64977, 40.08769], [-120.66115, 40.08199], [-120.66428, 40.07111], [-120.67506, 40.07097], [-120.68613, 40.0661], [-120.68554, 40.06454], [-120.65676, 40.04226], [-120.63828, 40.03633], [-120.63533, 40.03967], [-120.62181, 40.03887], [-120.61892, 40.0412], [-120.61442, 40.037], [-120.61543, 40.03322], [-120.6054, 40.03092], [-120.58698, 40.02118], [-120.58005, 40.02052], [-120.57541, 40.01118], [-120.57904, 40.00873], [-120.5752, 40.00183], [-120.57814, 39.99541], [-120.57599, 39.99344], [-120.57686, 39.99067], [-120.57492, 39.99035], [-120.57364, 39.985], [-120.56895, 39.98385], [-120.56782, 39.97836], [-120.55182, 39.96775], [-120.53705, 39.96603], [-120.53279, 39.96824], [-120.53168, 39.96207], [-120.54029, 39.95805], [-120.54094, 39.9522], [-120.52361, 39.94643], [-120.52014, 39.94378], [-120.52219, 39.94112], [-120.51871, 39.93794], [-120.51526, 39.93902], [-120.50174, 39.93323], [-120.47836, 39.89903], [-120.47797, 39.89186], [-120.46791, 39.88499], [-120.46407, 39.87942], [-120.45888, 39.87811], [-120.45191, 39.86804], [-120.44151, 39.86169], [-120.43632, 39.85985], [-120.43253, 39.86093], [-120.42175, 39.84794], [-120.42413, 39.84129], [-120.42237, 39.83465], [-120.42441, 39.83039], [-120.42202, 39.82442], [-120.44693, 39.82052], [-120.47924, 39.80565], [-120.49208, 39.80868], [-120.51445, 39.80307], [-120.56334, 39.77753], [-120.57319, 39.77745], [-120.58069, 39.77249], [-120.59006, 39.76972], [-120.60212, 39.77354], [-120.62441, 39.78734], [-120.63254, 39.78746], [-120.65285, 39.80669], [-120.65431, 39.81433], [-120.6636, 39.81977], [-120.66633, 39.8272], [-120.67833, 39.84038], [-120.67827, 39.84374], [-120.68457, 39.85419], [-120.69339, 39.86327], [-120.70251, 39.86847], [-120.72505, 39.87619], [-120.74829, 39.8739], [-120.75479, 39.87837], [-120.7683, 39.8791], [-120.77949, 39.88229], [-120.79077, 39.9033], [-120.80523, 39.91166], [-120.81414, 39.91164], [-120.8275, 39.91682], [-120.84663, 39.93163], [-120.86231, 39.9363], [-120.87607, 39.93268], [-120.88454, 39.93557], [-120.89283, 39.93367], [-120.93019, 39.93514], [-120.93685, 39.93784], [-120.94885, 39.93678], [-120.95965, 39.95153], [-120.95306, 39.95966], [-120.94234, 39.9663], [-120.93788, 39.97206], [-120.93762, 39.97582], [-120.94774, 39.99414], [-120.9559, 39.99797], [-120.95959, 40.0061], [-120.96625, 40.00817], [-120.96614, 40.0149], [-120.9596, 40.01978], [-120.96276, 40.02213], [-120.96497, 40.02876], [-120.96179, 40.03279], [-120.96862, 40.04015], [-120.97736, 40.03523], [-120.98451, 40.03991], [-120.98192, 40.04206], [-120.97639, 40.04115], [-120.9814, 40.05007], [-120.97399, 40.05115], [-120.97004, 40.05559], [-120.96363, 40.0545], [-120.96275, 40.06189], [-120.95001, 40.06755], [-120.94567, 40.07309], [-120.93055, 40.0784], [-120.91569, 40.08779], [-120.90918, 40.09948], [-120.90731, 40.11851], [-120.91118, 40.12551], [-120.91801, 40.13022], [-120.91769, 40.13383], [-120.95444, 40.14107], [-120.95609, 40.14637], [-120.95455, 40.15983], [-120.95676, 40.16445], [-120.97609, 40.17289], [-120.98677, 40.17522], [-121.02379, 40.1757], [-121.03501, 40.17196], [-121.04779, 40.17801], [-121.07073, 40.17214], [-121.08069, 40.17214], [-121.08137, 40.18063], [-121.0661, 40.21053], [-121.06837, 40.21565], [-121.07573, 40.22254], [-121.07619, 40.23908], [-121.07867, 40.24673], [-121.07737, 40.25153], [-121.08697, 40.2656], [-121.08652, 40.27057], [-121.07405, 40.29401], [-121.0609, 40.29414], [-121.052, 40.29853], [-121.04734, 40.298], [-121.04822, 40.31081], [-120.94485, 40.31796], [-120.93033, 40.32952], [-120.92412, 40.33849], [-120.8858, 40.35644], [-120.87677, 40.35216], [-120.8649, 40.36064], [-120.84941, 40.36384], [-120.84074, 40.36702], [-120.83849, 40.36988], [-120.83499, 40.36791], [-120.81357, 40.3754], [-120.77699, 40.39699], [-120.76384, 40.40892], [-120.72512, 40.41478], [-120.69625, 40.42234], [-120.68569, 40.42228], [-120.6806, 40.42507], [-120.66719, 40.41707], [-120.66321, 40.41881], [-120.6395, 40.41305], [-120.63173, 40.40703], [-120.62374, 40.40454], [-120.62003, 40.4001], [-120.59205, 40.39222], [-120.58846, 40.39293], [-120.58078, 40.40016], [-120.57419, 40.39737], [-120.52131, 40.39567], [-120.48817, 40.39801], [-120.4789, 40.40075], [-120.45185, 40.40071], [-120.44374, 40.39768]]]}, "properties": {"id": "X6A", "name": "X6a", "kind": "deer_zone"}}, {"type": "Feature", "geometry": {"type": "Polygon", "coordinates": [[[-120.60943, 40.18108], [-120.60129, 40.17783], [-120.59521, 40.17229], [-120.58349, 40.17164], [-120.56777, 40.16583], [-120.56578, 40.16752], [-120.56193, 40.16654], [-120.54873, 40.15606], [-120.5492, 40.15453], [-120.54581, 40.1538], [-120.54601, 40.14883], [-120.53741, 40.13767], [-120.53574, 40.12575], [-120.5338, 40.12374], [-120.50844, 40.13155], [-120.50577, 40.12719], [-120.50699, 40.1232], [-120.49138, 40.11145], [-120.48399, 40.11267], [-120.47544, 40.12197], [-120.46609, 40.11976], [-120.45349, 40.12397], [-120.44768, 40.12381], [-120.43457, 40.11503], [-120.42766, 40.11537], [-120.41741, 40.11146], [-120.39876, 40.11266], [-120.39155, 40.11776], [-120.38595, 40.1162], [-120.37937, 40.11858], [-120.37755, 40.11583], [-120.35481, 40.11411], [-120.34865, 40.12072], [-120.34883, 40.12761], [-120.34571, 40.12716], [-120.34389, 40.13104], [-120.3396, 40.13134], [-120.34997, 40.13669], [-120.35311, 40.14488], [-120.35064, 40.14868], [-120.35207, 40.15602], [-120.36888, 40.16888], [-120.30593, 40.15276], [-120.24686, 40.12489], [-120.21582, 40.13265], [-120.20417, 40.1381], [-120.1716, 40.14377], [-120.12056, 40.14483], [-120.05736, 40.14265], [-120.05053, 40.14528], [-119.99729, 40.15341], [-120.00136, 39.67289], [-120.01484, 39.68936], [-120.03255, 39.70122], [-120.03797, 39.71694], [-120.03863, 39.77488], [-120.04121, 39.77588], [-120.08981, 39.78901], [-120.11109, 39.79119], [-120.12606, 39.79638], [-120.16611, 39.80072], [-120.19085, 39.80919], [-120.30691, 39.80954], [-120.32947, 39.81705], [-120.37162, 39.81752], [-120.40433, 39.82323], [-120.42462, 39.82438], [-120.42202, 39.82442], [-120.42441, 39.83039], [-120.42237, 39.83465], [-120.42413, 39.84129], [-120.42175, 39.84794], [-120.42767, 39.85696], [-120.43253, 39.86093], [-120.43632, 39.85985], [-120.44151, 39.86169], [-120.45191, 39.86804], [-120.45888, 39.87811], [-120.46407, 39.87942], [-120.46791, 39.88499], [-120.47797, 39.89186], [-120.47836, 39.89903], [-120.50174, 39.93323], [-120.51526, 39.93902], [-120.51871, 39.93794], [-120.52219, 39.94112], [-120.52014, 39.94378], [-120.52361, 39.94643], [-120.54094, 39.9522], [-120.54029, 39.95805], [-120.53168, 39.96207], [-120.53279, 39.96824], [-120.53705, 39.96603], [-120.55182, 39.96775], [-120.56782, 39.97836], [-120.56895, 39.98385], [-120.57364, 39.985], [-120.57492, 39.99035], [-120.57686, 39.99067], [-120.57599, 39.99344], [-120.57814, 39.99541], [-120.5752, 40.00183], [-120.57904, 40.00873], [-120.57541, 40.01118], [-120.58005, 40.02052], [-120.58698, 40.02118], [-120.6054, 40.03092], [-120.61543, 40.03322], [-120.61442, 40.037], [-120.61892, 40.0412], [-120.62181, 40.03887], [-120.63533, 40.03967], [-120.63828, 40.03633], [-120.65676, 40.04226], [-120.68554, 40.06454], [-120.68613, 40.0661], [-120.67506, 40.07097], [-120.66428, 40.07111], [-120.66115, 40.08199], [-120.64837, 40.0891], [-120.64559, 40.09766], [-120.64755, 40.10635], [-120.63921, 40.11273], [-120.63238, 40.11485], [-120.63244, 40.11711], [-120.62578, 40.12297], [-120.62782, 40.12656], [-120.62379, 40.13118], [-120.62653, 40.13655], [-120.6244, 40.14223], [-120.62637, 40.14868], [-120.62369, 40.15115], [-120.62554, 40.15506], [-120.62331, 40.15826], [-120.62394, 40.16188], [-120.6206, 40.16245], [-120.61327, 40.17106], [-120.60943, 40.18108]]]}, "properties": {"id": "X6B", "name": "X6b", "kind": "deer_zone"}}, {"type": "Feature", "geometry": {"type": "Polygon", "coordinates": [[[-120.98447, 40.03852], [-120.98046, 40.03852], [-120.97736, 40.03523], [-120.96862, 40.04015], [-120.96179, 40.03279], [-120.96497, 40.02876], [-120.96276, 40.02213], [-120.9596, 40.01978], [-120.96614, 40.0149], [-120.96625, 40.00817], [-120.95959, 40.0061], [-120.9559, 39.99797], [-120.94774, 39.99414], [-120.93762, 39.97582], [-120.93788, 39.97206], [-120.94234, 39.9663], [-120.95306, 39.95966], [-120.95965, 39.95153], [-120.94885, 39.93678], [-120.93685, 39.93784], [-120.93019, 39.93514], [-120.89283, 39.93367], [-120.88454, 39.93557], [-120.87607, 39.93268], [-120.86231, 39.9363], [-120.84663, 39.93163], [-120.8275, 39.91682], [-120.81414, 39.91164], [-120.80523, 39.91166], [-120.79077, 39.9033], [-120.77949, 39.88229], [-120.7683, 39.8791], [-120.75479, 39.87837], [-120.74829, 39.8739], [-120.72505, 39.87619], [-120.70251, 39.86847], [-120.69339, 39.86327], [-120.68457, 39.85419], [-120.67827, 39.84374], [-120.67833, 39.84038], [-120.66633, 39.8272], [-120.6636, 39.81977], [-120.65354, 39.81348], [-120.6536, 39.80783], [-120.64974, 39.80333], [-120.63129, 39.78647], [-120.62441, 39.78734], [-120.62002, 39.78429], [-120.62172, 39.78123], [-120.61905, 39.76662], [-120.6053, 39.76033], [-120.59919, 39.75483], [-120.60593, 39.74851], [-120.61402, 39.74693], [-120.61618, 39.74457], [-120.61856, 39.74945], [-120.6352, 39.74203], [-120.64423, 39.74451], [-120.65776, 39.72591], [-120.65465, 39.72141], [-120.65506, 39.71848], [-120.66345, 39.71185], [-120.65945, 39.70571], [-120.65816, 39.69464], [-120.64318, 39.691], [-120.64126, 39.68009], [-120.63413, 39.67428], [-120.62608, 39.67137], [-120.62412, 39.66428], [-120.63133, 39.65383], [-120.62493, 39.64429], [-120.62276, 39.63514], [-120.61524, 39.62864], [-120.60982, 39.61995], [-120.60198, 39.61416], [-120.58478, 39.61886], [-120.5801, 39.62492], [-120.57069, 39.62905], [-120.5506, 39.63314], [-120.54516, 39.62965], [-120.54327, 39.62492], [-120.53553, 39.62061], [-120.52589, 39.62226], [-120.51327, 39.61639], [-120.50381, 39.61568], [-120.49759, 39.61925], [-120.48976, 39.61726], [-120.48959, 39.61364], [-120.48201, 39.61059], [-120.48053, 39.60751], [-120.48752, 39.60338], [-120.48733, 39.60108], [-120.48639, 39.59896], [-120.48316, 39.59932], [-120.48232, 39.59528], [-120.47661, 39.5912], [-120.47045, 39.59001], [-120.4715, 39.58584], [-120.46884, 39.58378], [-120.4684, 39.57571], [-120.47225, 39.5739], [-120.47173, 39.57003], [-120.47758, 39.57049], [-120.47964, 39.56863], [-120.48494, 39.56847], [-120.48987, 39.57316], [-120.49373, 39.57339], [-120.49202, 39.56733], [-120.49457, 39.5633], [-120.49046, 39.56261], [-120.48947, 39.55895], [-120.48588, 39.5569], [-120.49212, 39.55401], [-120.49118, 39.5514], [-120.4784, 39.54712], [-120.48654, 39.54281], [-120.46912, 39.53719], [-120.4633, 39.53744], [-120.45547, 39.53362], [-120.45771, 39.53014], [-120.45594, 39.52815], [-120.44483, 39.52322], [-120.43228, 39.52084], [-120.43453, 39.51762], [-120.44403, 39.5156], [-120.44306, 39.51018], [-120.43636, 39.51091], [-120.41171, 39.50459], [-120.41222, 39.4974], [-120.41782, 39.49994], [-120.42888, 39.49679], [-120.43396, 39.49869], [-120.42808, 39.48913], [-120.42868, 39.47966], [-120.43199, 39.47476], [-120.44259, 39.46739], [-120.43879, 39.45548], [-120.44578, 39.4468], [-120.44942, 39.44531], [-120.44811, 39.44326], [-120.44196, 39.44299], [-120.43897, 39.43925], [-120.44792, 39.42834], [-120.44895, 39.42241], [-120.4412, 39.42248], [-120.43545, 39.42528], [-120.43689, 39.41967], [-120.43459, 39.41186], [-120.43692, 39.40806], [-120.42921, 39.4075], [-120.42499, 39.41007], [-120.40984, 39.41172], [-120.40722, 39.41603], [-120.40225, 39.41778], [-120.39904, 39.41087], [-120.39399, 39.41075], [-120.39398, 39.40803], [-120.39109, 39.40978], [-120.39035, 39.40632], [-120.3781, 39.40227], [-120.37599, 39.39541], [-120.38004, 39.39512], [-120.37678, 39.39314], [-120.37785, 39.39216], [-120.37582, 39.3925], [-120.3769, 39.39026], [-120.37511, 39.39143], [-120.37342, 39.38938], [-120.37044, 39.37844], [-120.36707, 39.3761], [-120.36825, 39.37384], [-120.36689, 39.36725], [-120.3648, 39.36648], [-120.36476, 39.35834], [-120.36104, 39.35994], [-120.35537, 39.35791], [-120.35124, 39.3472], [-120.3438, 39.34448], [-120.34317, 39.34052], [-120.37279, 39.32671], [-120.38787, 39.32765], [-120.40639, 39.32237], [-120.41419, 39.32417], [-120.44776, 39.31384], [-120.4623, 39.31547], [-120.50105, 39.31176], [-120.51278, 39.31347], [-120.51734, 39.3121], [-120.52195, 39.30598], [-120.53093, 39.30427], [-120.53885, 39.30641], [-120.56407, 39.3195], [-120.57281, 39.32649], [-120.58933, 39.33006], [-120.60327, 39.32325], [-120.62459, 39.31954], [-120.67003, 39.3041], [-120.68158, 39.3067], [-120.70281, 39.29979], [-120.71067, 39.29261], [-120.72845, 39.28787], [-120.74722, 39.27493], [-120.75629, 39.26469], [-120.76436, 39.26311], [-120.76898, 39.25636], [-120.77399, 39.25561], [-120.80097, 39.23531], [-120.81924, 39.22844], [-120.82809, 39.22377], [-120.82794, 39.22114], [-120.8396, 39.21567], [-120.85153, 39.21215], [-120.85785, 39.20631], [-120.8579, 39.19743], [-120.86275, 39.191], [-120.86689, 39.18974], [-120.86545, 39.18855], [-120.86965, 39.18439], [-120.86897, 39.18084], [-120.89286, 39.17526], [-120.89744, 39.17645], [-120.90879, 39.17035], [-120.90624, 39.16629], [-120.90905, 39.16386], [-120.92463, 39.16109], [-120.92343, 39.1581], [-120.92738, 39.15533], [-120.9316, 39.15659], [-120.93143, 39.15353], [-120.93707, 39.15166], [-120.94089, 39.14537], [-120.94793, 39.14312], [-120.94948, 39.13689], [-120.96697, 39.12679], [-120.96788, 39.12234], [-120.97384, 39.11888], [-120.97698, 39.11227], [-120.98838, 39.11071], [-120.9865, 39.10201], [-120.98812, 39.10077], [-120.98877, 39.08538], [-120.99121, 39.08192], [-120.9962, 39.08007], [-120.99166, 39.076], [-120.99864, 39.07158], [-120.9965, 39.06865], [-121.00323, 39.06625], [-121.00241, 39.06339], [-121.00705, 39.06014], [-121.00864, 39.0517], [-121.01275, 39.05247], [-121.0134, 39.0482], [-121.02047, 39.04529], [-121.02173, 39.0396], [-121.02992, 39.0374], [-121.03069, 39.02726], [-121.03782, 39.02053], [-121.03779, 39.01621], [-121.05266, 39.01034], [-121.06079, 39.01011], [-121.06733, 39.00561], [-121.07985, 39.00689], [-121.08058, 39.00922], [-121.08953, 39.01439], [-121.09495, 39.0115], [-121.10507, 39.01223], [-121.10774, 39.01774], [-121.11922, 39.02103], [-121.12606, 39.02925], [-121.125, 39.03197], [-121.13747, 39.03797], [-121.14991, 39.03241], [-121.15329, 39.02653], [-121.17291, 39.01841], [-121.17863, 39.02011], [-121.18814, 39.0126], [-121.20004, 39.01702], [-121.20415, 39.01562], [-121.20603, 39.01169], [-121.2216, 39.01203], [-121.22909, 39.02237], [-121.23346, 39.02465], [-121.24064, 39.02131], [-121.2491, 39.0273], [-121.25969, 39.02714], [-121.26808, 39.03049], [-121.26925, 39.02753], [-121.27406, 39.03282], [-121.27767, 39.03379], [-121.28151, 39.03408], [-121.27863, 39.02945], [-121.27958, 39.02658], [-121.28392, 39.03077], [-121.28539, 39.02416], [-121.28718, 39.02356], [-121.29079, 39.02672], [-121.28967, 39.03294], [-121.29419, 39.031], [-121.29692, 39.03489], [-121.2965, 39.04008], [-121.2995, 39.04338], [-121.30674, 39.04814], [-121.30167, 39.0391], [-121.31534, 39.04949], [-121.31898, 39.04821], [-121.3218, 39.0431], [-121.33028, 39.04255], [-121.3428, 39.03608], [-121.34931, 39.02431], [-121.36568, 39.01717], [-121.36902, 39.01256], [-121.38283, 39.00712], [-121.39418, 39.00737], [-121.40675, 39.00022], [-121.42663, 39.01034], [-121.47363, 39.04181], [-121.4827, 39.04337], [-121.51677, 39.0663], [-121.55944, 39.11337], [-121.58791, 39.1315], [-121.59127, 39.14581], [-121.61745, 39.14069], [-121.77268, 39.14247], [-121.79548, 39.14979], [-121.82022, 39.14958], [-121.84421, 39.14277], [-121.91342, 39.14323], [-121.91477, 39.14545], [-121.94795, 39.14598], [-121.96539, 39.15009], [-121.97004, 39.15326], [-121.98856, 39.17488], [-122.00109, 39.19653], [-122.00458, 39.20367], [-122.0011, 39.21273], [-122.01468, 39.21591], [-122.01778, 39.20765], [-122.0293, 39.19935], [-122.04039, 39.1959], [-122.0938, 39.19572], [-122.14809, 39.16762], [-122.15018, 39.16752], [-122.16509, 39.1841], [-122.18076, 39.21133], [-122.18264, 39.27805], [-122.18664, 39.30317], [-122.19455, 39.31907], [-122.19349, 39.38803], [-122.19561, 39.40625], [-122.19373, 39.41874], [-122.19394, 39.45641], [-122.19634, 39.49292], [-122.20185, 39.5038], [-122.21363, 39.51786], [-122.21467, 39.52485], [-122.01435, 39.52119], [-122.02051, 39.49069], [-122.01711, 39.45718], [-121.99424, 39.45727], [-121.99245, 39.46331], [-121.98994, 39.46443], [-121.68838, 39.46525], [-121.68858, 39.49426], [-121.65864, 39.49471], [-121.64511, 39.49816], [-121.57678, 39.49813], [-121.5721, 39.51392], [-121.57357, 39.52492], [-121.6201, 39.57954], [-121.6187, 39.6021], [-121.58236, 39.63488], [-121.5573, 39.65125], [-121.53912, 39.65568], [-121.53417, 39.66339], [-121.52624, 39.6698], [-121.53965, 39.68362], [-121.53054, 39.69668], [-121.52987, 39.70921], [-121.5245, 39.71072], [-121.52011, 39.7174], [-121.51213, 39.72199], [-121.4945, 39.72828], [-121.49673, 39.73672], [-121.49558, 39.74048], [-121.48226, 39.74868], [-121.48287, 39.75382], [-121.47956, 39.76076], [-121.46569, 39.76318], [-121.46617, 39.76848], [-121.46283, 39.77476], [-121.45906, 39.77416], [-121.45222, 39.77934], [-121.44997, 39.78504], [-121.45363, 39.79309], [-121.44593, 39.80131], [-121.42965, 39.81024], [-121.4231, 39.82061], [-121.40986, 39.82476], [-121.40859, 39.82915], [-121.41432, 39.83441], [-121.41411, 39.83818], [-121.4083, 39.84207], [-121.39554, 39.84402], [-121.38729, 39.86263], [-121.37366, 39.86848], [-121.37015, 39.88182], [-121.35999, 39.89104], [-121.35907, 39.9004], [-121.32971, 39.91027], [-121.32677, 39.91455], [-121.31669, 39.92041], [-121.31572, 39.9371], [-121.30877, 39.94021], [-121.30751, 39.94495], [-121.29968, 39.9537], [-121.28469, 39.95832], [-121.27443, 39.964], [-121.27597, 39.96769], [-121.27462, 39.97165], [-121.27777, 39.97398], [-121.27806, 39.98007], [-121.28225, 39.98195], [-121.28442, 39.98618], [-121.28361, 39.99071], [-121.27536, 39.99489], [-121.27413, 39.99896], [-121.26542, 40.00559], [-121.25995, 40.00391], [-121.25033, 40.00707], [-121.24379, 40.0061], [-121.2395, 40.00848], [-121.2323, 40.00812], [-121.22598, 40.01421], [-121.22205, 40.01465], [-121.21832, 40.01124], [-121.21625, 40.01525], [-121.20902, 40.01653], [-121.20619, 40.01292], [-121.19485, 40.01304], [-121.19041, 40.00941], [-121.18426, 40.01378], [-121.17539, 40.01349], [-121.1668, 40.02336], [-121.14823, 40.02407], [-121.12684, 40.02933], [-121.12389, 40.02828], [-121.12189, 40.02423], [-121.11538, 40.02537], [-121.10767, 40.02281], [-121.10107, 40.01647], [-121.09619, 40.01748], [-121.09074, 40.01462], [-121.06467, 40.02366], [-121.05498, 40.01886], [-121.03194, 40.01934], [-121.02899, 40.02582], [-121.02164, 40.02757], [-121.02002, 40.03116], [-121.01309, 40.03177], [-121.01034, 40.03596], [-121.0016, 40.03556], [-120.99879, 40.03964], [-120.9957, 40.0401], [-120.98894, 40.03494], [-120.98447, 40.03852]]]}, "properties": {"id": "D3", "name": "D3", "kind": "deer_zone"}}, {"type": "Feature", "geometry": {"type": "Polygon", "coordinates": [[[-123.7138, 39.85103], [-123.6957, 39.8441], [-123.67536, 39.83098], [-123.6723, 39.82642], [-123.66173, 39.82908], [-123.65431, 39.82851], [-123.64778, 39.83284], [-123.63288, 39.83449], [-123.61997, 39.83218], [-123.60973, 39.82746], [-123.60053, 39.82906], [-123.5948, 39.8262], [-123.58821, 39.82791], [-123.56984, 39.82672], [-123.56474, 39.82179], [-123.56365, 39.81742], [-123.54419, 39.80393], [-123.54224, 39.79759], [-123.54472, 39.78567], [-123.54297, 39.78148], [-123.54634, 39.77281], [-123.54323, 39.76393], [-123.53441, 39.75062], [-123.51596, 39.74068], [-123.51251, 39.73351], [-123.50472, 39.72712], [-123.49957, 39.71672], [-123.48974, 39.70815], [-123.48272, 39.68724], [-123.47604, 39.6805], [-123.47776, 39.65857], [-123.47534, 39.64585], [-123.46265, 39.62938], [-123.465, 39.62057], [-123.45881, 39.61398], [-123.45875, 39.61037], [-123.45433, 39.60355], [-123.45382, 39.59332], [-123.45159, 39.58945], [-123.43945, 39.57656], [-123.43267, 39.55818], [-123.42548, 39.55143], [-123.42358, 39.54427], [-123.41305, 39.53455], [-123.40483, 39.53528], [-123.40374, 39.5297], [-123.39266, 39.5209], [-123.37906, 39.50338], [-123.36381, 39.49298], [-123.36054, 39.48527], [-123.36373, 39.47298], [-123.35116, 39.46502], [-123.34786, 39.45188], [-123.35804, 39.43446], [-123.35769, 39.42863], [-123.35347, 39.42385], [-123.35408, 39.41223], [-123.32656, 39.4134], [-123.32665, 39.42724], [-123.31236, 39.42754], [-123.31455, 39.44244], [-123.31201, 39.44798], [-123.30643, 39.44992], [-123.30434, 39.45473], [-123.29338, 39.46075], [-123.28116, 39.46159], [-123.27342, 39.46449], [-123.26093, 39.45767], [-123.24393, 39.45666], [-123.23823, 39.45435], [-123.2165, 39.45949], [-123.21269, 39.45805], [-123.21134, 39.45908], [-123.21285, 39.46954], [-123.21952, 39.47681], [-123.2168, 39.48226], [-123.21807, 39.48661], [-123.21289, 39.49265], [-123.20568, 39.49593], [-123.17454, 39.49222], [-123.17139, 39.49374], [-123.15889, 39.48884], [-123.1578, 39.48253], [-123.15089, 39.47648], [-123.1577, 39.47112], [-123.14807, 39.45522], [-123.14246, 39.43342], [-123.14448, 39.43032], [-123.14317, 39.42612], [-123.1384, 39.42517], [-123.1381, 39.42089], [-123.12796, 39.41785], [-123.12542, 39.41254], [-123.12587, 39.40703], [-123.11694, 39.40205], [-123.11484, 39.39212], [-123.11635, 39.38501], [-123.1148, 39.38388], [-123.08495, 39.38113], [-123.07932, 39.37549], [-123.07594, 39.37483], [-123.07645, 39.37087], [-123.07439, 39.37037], [-123.06691, 39.37453], [-123.05126, 39.37569], [-123.03998, 39.38865], [-123.0374, 39.3953], [-123.0293, 39.39852], [-123.02419, 39.40512], [-123.02392, 39.40972], [-123.01538, 39.41537], [-123.01124, 39.41646], [-123.0049, 39.41188], [-123.00008, 39.41106], [-122.99446, 39.40475], [-122.9911, 39.40772], [-122.98544, 39.40713], [-122.97973, 39.41023], [-122.96163, 39.40611], [-122.96147, 39.40756], [-122.9558, 39.40662], [-122.95137, 39.40371], [-122.95048, 39.39763], [-122.94449, 39.39635], [-122.94284, 39.39213], [-122.93659, 39.38952], [-122.93845, 39.38675], [-122.93739, 39.38472], [-122.93066, 39.38305], [-122.92338, 39.37746], [-122.91925, 39.3792], [-122.91603, 39.37641], [-122.91076, 39.37735], [-122.91141, 39.37058], [-122.90474, 39.36582], [-122.9036, 39.36271], [-122.90035, 39.36241], [-122.8992, 39.35861], [-122.88656, 39.35753], [-122.88588, 39.35487], [-122.88975, 39.35076], [-122.88987, 39.34691], [-122.88492, 39.34494], [-122.87944, 39.33688], [-122.8762, 39.33641], [-122.87545, 39.33176], [-122.8705, 39.32574], [-122.85983, 39.32439], [-122.86289, 39.32286], [-122.85577, 39.32173], [-122.84317, 39.313], [-122.82779, 39.30948], [-122.82095, 39.31009], [-122.81394, 39.30703], [-122.779, 39.30686], [-122.77651, 39.30746], [-122.77559, 39.3132], [-122.76915, 39.31303], [-122.76675, 39.3061], [-122.76203, 39.30473], [-122.7621, 39.30222], [-122.75363, 39.29477], [-122.74988, 39.29749], [-122.75069, 39.30124], [-122.75508, 39.30527], [-122.75375, 39.30747], [-122.75979, 39.31198], [-122.75713, 39.31634], [-122.73818, 39.32258], [-122.73631, 39.31959], [-122.72733, 39.31929], [-122.72509, 39.31666], [-122.7249, 39.32101], [-122.73025, 39.32487], [-122.72504, 39.33222], [-122.70371, 39.33387], [-122.70218, 39.33795], [-122.68123, 39.348], [-122.67483, 39.34788], [-122.67419, 39.34493], [-122.66798, 39.34188], [-122.66548, 39.344], [-122.665, 39.34845], [-122.65199, 39.35729], [-122.65023, 39.36285], [-122.65282, 39.36536], [-122.65108, 39.37337], [-122.64447, 39.37275], [-122.64223, 39.36926], [-122.62735, 39.36435], [-122.6143, 39.3684], [-122.57382, 39.3707], [-122.5573, 39.3776], [-122.54781, 39.37749], [-122.55184, 39.38484], [-122.19349, 39.38522], [-122.19455, 39.31907], [-122.18664, 39.30317], [-122.18264, 39.27805], [-122.18076, 39.21133], [-122.17076, 39.19265], [-122.15482, 39.17431], [-122.13735, 39.14547], [-122.13447, 39.13073], [-122.1288, 39.1249], [-122.11447, 39.10038], [-122.09864, 39.07965], [-122.08571, 39.05628], [-122.08022, 39.05122], [-122.0573, 39.0144], [-122.03869, 38.98941], [-122.01758, 38.95361], [-122.00462, 38.93775], [-122.00145, 38.92752], [-121.97891, 38.89301], [-121.97304, 38.88008], [-121.92962, 38.83837], [-121.91996, 38.83354], [-121.78222, 38.70143], [-121.75968, 38.69404], [-121.74292, 38.67511], [-121.54659, 38.67084], [-121.54081, 38.66804], [-121.52197, 38.63546], [-121.5041, 38.59786], [-121.50307, 38.58431], [-121.51091, 38.56839], [-121.47343, 38.55869], [-121.47343, 38.53594], [-121.45894, 38.50839], [-121.41732, 38.46956], [-121.38905, 38.41009], [-121.37657, 38.39174], [-121.34358, 38.35818], [-121.3059, 38.28072], [-121.30041, 38.26504], [-121.28808, 38.24576], [-121.28972, 38.24231], [-121.29326, 38.23862], [-121.30534, 38.23476], [-121.31777, 38.23522], [-121.33907, 38.22894], [-121.34544, 38.22815], [-121.35471, 38.23104], [-121.36324, 38.22831], [-121.36636, 38.23116], [-121.37094, 38.22974], [-121.38908, 38.23318], [-121.39846, 38.22744], [-121.40172, 38.2307], [-121.4052, 38.22997], [-121.41961, 38.23704], [-121.4253, 38.24389], [-121.42563, 38.25066], [-121.42971, 38.25466], [-121.44245, 38.25672], [-121.45091, 38.25452], [-121.45982, 38.25922], [-121.47171, 38.25961], [-121.4791, 38.25328], [-121.47717, 38.24776], [-121.48691, 38.23965], [-121.4864, 38.23596], [-121.48963, 38.23373], [-121.49089, 38.2287], [-121.49874, 38.22789], [-121.50637, 38.22385], [-121.50427, 38.21192], [-121.50809, 38.20922], [-121.50993, 38.20444], [-121.51278, 38.20235], [-121.51971, 38.20311], [-121.52882, 38.1953], [-121.52443, 38.18476], [-121.52806, 38.1814], [-121.52483, 38.17203], [-121.52915, 38.16917], [-121.53632, 38.15826], [-121.53555, 38.15253], [-121.54078, 38.15214], [-121.54317, 38.14849], [-121.55831, 38.14455], [-121.56009, 38.14206], [-121.55787, 38.13699], [-121.57479, 38.13054], [-121.58367, 38.12057], [-121.58461, 38.11646], [-121.58267, 38.11163], [-121.56541, 38.10456], [-121.56584, 38.09725], [-121.57019, 38.0966], [-121.60663, 38.10445], [-121.62608, 38.1006], [-121.62866, 38.09822], [-121.6287, 38.0917], [-121.63611, 38.08767], [-121.64597, 38.08874], [-121.66323, 38.09601], [-121.67306, 38.09388], [-121.67887, 38.08955], [-121.68092, 38.08491], [-121.67995, 38.06302], [-121.70104, 38.04341], [-121.73962, 38.02663], [-121.76311, 38.02364], [-121.78058, 38.01853], [-121.81773, 38.02158], [-121.83162, 38.03032], [-121.83935, 38.04121], [-121.84289, 38.05482], [-121.84889, 38.06206], [-121.86133, 38.06609], [-121.8698, 38.05439], [-121.87546, 38.05027], [-121.89105, 38.04621], [-121.90827, 38.04499], [-121.92652, 38.04656], [-121.96379, 38.05607], [-121.98242, 38.05575], [-122.04149, 38.06535], [-122.05119, 38.06496], [-122.11159, 38.04327], [-122.1247, 38.03595], [-122.15, 38.03207], [-122.16661, 38.03588], [-122.18224, 38.05306], [-122.21368, 38.06094], [-122.24434, 38.06394], [-122.26607, 38.05955], [-122.35347, 38.07067], [-122.43987, 37.97578], [-122.44103, 37.95186], [-122.43279, 37.92919], [-122.41986, 37.85219], [-122.47361, 37.83193], [-122.4745, 37.83364], [-122.47802, 37.83305], [-122.47811, 37.82535], [-122.49124, 37.82661], [-122.49585, 37.82214], [-122.49963, 37.82189], [-122.49911, 37.81985], [-122.5113, 37.82471], [-122.52368, 37.8248], [-122.52972, 37.81906], [-122.52859, 37.81653], [-122.53615, 37.82412], [-122.53494, 37.82753], [-122.54195, 37.83239], [-122.54926, 37.83395], [-122.55145, 37.8402], [-122.55968, 37.84544], [-122.55904, 37.84787], [-122.56222, 37.85185], [-122.5705, 37.85361], [-122.57769, 37.85938], [-122.58283, 37.85743], [-122.60227, 37.87545], [-122.61328, 37.87844], [-122.61819, 37.87702], [-122.62882, 37.88162], [-122.62873, 37.88535], [-122.64782, 37.90015], [-122.66443, 37.90551], [-122.68075, 37.90666], [-122.68081, 37.90924], [-122.66156, 37.90938], [-122.65376, 37.9072], [-122.66613, 37.91407], [-122.67537, 37.92389], [-122.68058, 37.92552], [-122.68251, 37.92934], [-122.68896, 37.93037], [-122.68974, 37.93218], [-122.69766, 37.93413], [-122.69818, 37.93246], [-122.69393, 37.92446], [-122.68809, 37.92179], [-122.68835, 37.91551], [-122.6824, 37.90998], [-122.68248, 37.90655], [-122.69826, 37.89848], [-122.70245, 37.89395], [-122.70993, 37.89606], [-122.71429, 37.90052], [-122.72666, 37.90328], [-122.73702, 37.92571], [-122.75462, 37.93553], [-122.76615, 37.93801], [-122.77074, 37.9439], [-122.77661, 37.94357], [-122.77794, 37.94807], [-122.78329, 37.94827], [-122.78404, 37.9545], [-122.79331, 37.97167], [-122.80132, 37.98039], [-122.80968, 37.98564], [-122.81263, 37.98529], [-122.8214, 37.99674], [-122.82828, 37.99818], [-122.83867, 38.00695], [-122.86704, 38.02059], [-122.89466, 38.02755], [-122.92012, 38.02872], [-122.90965, 38.03067], [-122.88852, 38.02986], [-122.89167, 38.03396], [-122.89778, 38.03158], [-122.90829, 38.03385], [-122.90444, 38.04179], [-122.90727, 38.04468], [-122.90556, 38.04742], [-122.90932, 38.05154], [-122.915, 38.03337], [-122.91824, 38.0371], [-122.92099, 38.03301], [-122.92713, 38.03592], [-122.93194, 38.03562], [-122.93193, 38.04189], [-122.93758, 38.04635], [-122.9335, 38.0548], [-122.92255, 38.05977], [-122.91986, 38.06354], [-122.92171, 38.06597], [-122.91682, 38.06837], [-122.92223, 38.0714], [-122.92295, 38.0741], [-122.92718, 38.06386], [-122.9293, 38.06256], [-122.93335, 38.06467], [-122.9335, 38.07295], [-122.93526, 38.07483], [-122.93199, 38.08151], [-122.93623, 38.08485], [-122.94027, 38.07751], [-122.94158, 38.06387], [-122.94433, 38.06085], [-122.95455, 38.06201], [-122.95322, 38.07144], [-122.95467, 38.07561], [-122.95719, 38.07609], [-122.95559, 38.06984], [-122.95765, 38.06815], [-122.95631, 38.06359], [-122.95837, 38.06165], [-122.95096, 38.05798], [-122.94841, 38.05427], [-122.94939, 38.04894], [-122.96315, 38.05583], [-122.95683, 38.04882], [-122.94925, 38.0461], [-122.94039, 38.03509], [-122.9361, 38.03518], [-122.93683, 38.03347], [-122.96149, 38.02715], [-122.97618, 38.01659], [-122.98378, 38.0039], [-122.98332, 37.99795], [-122.96738, 37.99381], [-122.96442, 37.99028], [-122.97299, 37.99033], [-122.97741, 37.99282], [-122.9865, 37.99207], [-122.99078, 37.99477], [-122.99523, 37.99291], [-123.00578, 37.99335], [-123.00798, 37.99556], [-123.02299, 37.9946], [-123.02418, 37.99541], [-123.02066, 37.99977], [-123.01724, 37.99878], [-123.013, 38.00139], [-123.0081, 38.00923], [-122.9818, 38.06395], [-122.95398, 38.13209], [-122.94874, 38.15478], [-122.94964, 38.16405], [-122.95222, 38.16661], [-122.95199, 38.16984], [-122.95492, 38.17064], [-122.95327, 38.17128], [-122.95364, 38.17567], [-122.96721, 38.18371], [-122.96537, 38.19081], [-122.96813, 38.20243], [-122.98064, 38.21431], [-122.98175, 38.2231], [-122.99226, 38.23294], [-122.99479, 38.24104], [-122.98265, 38.23418], [-122.95937, 38.20898], [-122.95008, 38.20509], [-122.95133, 38.20259], [-122.9462, 38.20161], [-122.94709, 38.19616], [-122.95145, 38.19568], [-122.95011, 38.19385], [-122.94292, 38.19411], [-122.93511, 38.18763], [-122.93195, 38.18779], [-122.9303, 38.1806], [-122.92302, 38.17517], [-122.92108, 38.16922], [-122.91543, 38.16494], [-122.91522, 38.16116], [-122.9069, 38.15656], [-122.91073, 38.15228], [-122.90366, 38.14921], [-122.90384, 38.14568], [-122.89668, 38.14087], [-122.89529, 38.1389], [-122.89662, 38.13641], [-122.89364, 38.13279], [-122.88932, 38.13226], [-122.88318, 38.12654], [-122.88252, 38.1234], [-122.86977, 38.11476], [-122.83456, 38.08279], [-122.83731, 38.089], [-122.83233, 38.08536], [-122.83282, 38.09019], [-122.82749, 38.08724], [-122.82555, 38.09127], [-122.84294, 38.10768], [-122.85154, 38.10685], [-122.85123, 38.11342], [-122.85442, 38.11621], [-122.85868, 38.11582], [-122.86479, 38.11928], [-122.86338, 38.12759], [-122.87112, 38.13313], [-122.87304, 38.14018], [-122.88091, 38.14336], [-122.88383, 38.14815], [-122.88812, 38.14943], [-122.89493, 38.15884], [-122.89449, 38.16195], [-122.9011, 38.1656], [-122.90411, 38.17476], [-122.9093, 38.17952], [-122.91353, 38.18844], [-122.91774, 38.1906], [-122.92592, 38.20649], [-122.92589, 38.21344], [-122.92281, 38.2213], [-122.93372, 38.21166], [-122.94068, 38.2189], [-122.94538, 38.22043], [-122.94892, 38.22004], [-122.94797, 38.21869], [-122.95284, 38.21446], [-122.9527, 38.23034], [-122.95453, 38.23288], [-122.95874, 38.2354], [-122.95929, 38.23306], [-122.96303, 38.23389], [-122.96329, 38.23128], [-122.972, 38.23176], [-122.96716, 38.25024], [-122.97117, 38.25928], [-122.9775, 38.26649], [-122.97783, 38.27074], [-122.98633, 38.27317], [-122.98852, 38.28001], [-122.99462, 38.2831], [-122.99712, 38.28946], [-123.00414, 38.29702], [-123.02435, 38.31058], [-123.03001, 38.31221], [-123.04686, 38.31267], [-123.05108, 38.3107], [-123.05288, 38.30605], [-123.05468, 38.30647], [-123.05116, 38.31388], [-123.04837, 38.31548], [-123.03719, 38.31605], [-123.03983, 38.3199], [-123.03782, 38.32251], [-123.05075, 38.33444], [-123.05782, 38.33625], [-123.05965, 38.33428], [-123.05494, 38.32606], [-123.05456, 38.32006], [-123.05642, 38.31463], [-123.06107, 38.31184], [-123.05695, 38.3047], [-123.05204, 38.30225], [-123.05352, 38.29939], [-123.05785, 38.29831], [-123.06499, 38.30278], [-123.0706, 38.31427], [-123.06906, 38.31651], [-123.07205, 38.31642], [-123.07819, 38.32311], [-123.07304, 38.32407], [-123.06866, 38.33439], [-123.06828, 38.35987], [-123.07354, 38.36978], [-123.08154, 38.3778], [-123.08591, 38.39088], [-123.09225, 38.39474], [-123.09661, 38.39394], [-123.09828, 38.40662], [-123.10186, 38.41316], [-123.10885, 38.42035], [-123.11423, 38.42161], [-123.11717, 38.42886], [-123.12201, 38.43016], [-123.12073, 38.4317], [-123.12379, 38.44019], [-123.12725, 38.4393], [-123.12632, 38.44287], [-123.1291, 38.451], [-123.1344, 38.45452], [-123.14412, 38.45588], [-123.14362, 38.45798], [-123.14659, 38.45801], [-123.1454, 38.45961], [-123.15265, 38.46444], [-123.1562, 38.46465], [-123.15841, 38.46799], [-123.16304, 38.46804], [-123.16644, 38.47495], [-123.16947, 38.47481], [-123.19256, 38.48967], [-123.21482, 38.49899], [-123.2203, 38.49862], [-123.23148, 38.50252], [-123.23128, 38.50506], [-123.23481, 38.50616], [-123.23557, 38.50927], [-123.24023, 38.50886], [-123.24606, 38.513], [-123.24955, 38.50982], [-123.25516, 38.51222], [-123.2549, 38.51602], [-123.25834, 38.51657], [-123.2646, 38.52376], [-123.26891, 38.52493], [-123.26768, 38.5293], [-123.27222, 38.53237], [-123.27852, 38.53123], [-123.27948, 38.5361], [-123.28286, 38.53597], [-123.28583, 38.53977], [-123.29865, 38.54417], [-123.29766, 38.54691], [-123.30413, 38.54774], [-123.30646, 38.55213], [-123.30358, 38.55492], [-123.30483, 38.55594], [-123.3241, 38.56076], [-123.32396, 38.56372], [-123.3302, 38.56726], [-123.33393, 38.56577], [-123.34014, 38.57218], [-123.33862, 38.57335], [-123.34043, 38.5782], [-123.33556, 38.58246], [-123.34321, 38.58674], [-123.3435, 38.59038], [-123.34963, 38.59681], [-123.35348, 38.59846], [-123.35966, 38.59726], [-123.36095, 38.60086], [-123.36632, 38.602], [-123.37186, 38.60635], [-123.36658, 38.60853], [-123.3665, 38.61267], [-123.37444, 38.61617], [-123.38133, 38.62491], [-123.38988, 38.62979], [-123.38821, 38.63283], [-123.39556, 38.63766], [-123.39375, 38.63984], [-123.40061, 38.64448], [-123.40165, 38.64675], [-123.39806, 38.64719], [-123.3999, 38.64975], [-123.40303, 38.64946], [-123.40857, 38.65481], [-123.40568, 38.65673], [-123.40947, 38.65957], [-123.4097, 38.66253], [-123.41957, 38.67459], [-123.43528, 38.68153], [-123.433, 38.6824], [-123.43329, 38.6891], [-123.43741, 38.69068], [-123.44118, 38.69918], [-123.45412, 38.70709], [-123.45315, 38.70847], [-123.45622, 38.71288], [-123.46464, 38.71923], [-123.47197, 38.72236], [-123.47495, 38.72156], [-123.4834, 38.72625], [-123.48922, 38.73043], [-123.49287, 38.73629], [-123.50712, 38.7411], [-123.51176, 38.74064], [-123.52164, 38.74941], [-123.52511, 38.74971], [-123.52736, 38.75271], [-123.52517, 38.75365], [-123.52683, 38.75726], [-123.53204, 38.75923], [-123.53113, 38.76287], [-123.53347, 38.76841], [-123.54095, 38.77219], [-123.54168, 38.77658], [-123.54995, 38.78007], [-123.54931, 38.78192], [-123.55893, 38.78579], [-123.5618, 38.78467], [-123.56083, 38.79021], [-123.57426, 38.80005], [-123.57987, 38.80284], [-123.58449, 38.80108], [-123.58994, 38.80231], [-123.59473, 38.8084], [-123.60237, 38.80753], [-123.60246, 38.8095], [-123.59828, 38.81014], [-123.60481, 38.82231], [-123.61552, 38.82878], [-123.61886, 38.82801], [-123.6333, 38.83986], [-123.63596, 38.8398], [-123.63865, 38.84387], [-123.64269, 38.84401], [-123.64322, 38.84612], [-123.6474, 38.84548], [-123.64638, 38.84806], [-123.651, 38.85225], [-123.65471, 38.86565], [-123.65986, 38.87253], [-123.68129, 38.88261], [-123.68812, 38.8936], [-123.703, 38.90205], [-123.70648, 38.90864], [-123.7115, 38.91038], [-123.71109, 38.91564], [-123.72785, 38.91895], [-123.72885, 38.9249], [-123.72744, 38.92536], [-123.72996, 38.92962], [-123.72741, 38.92953], [-123.72616, 38.93587], [-123.73146, 38.9395], [-123.74134, 38.95577], [-123.73581, 38.95539], [-123.73587, 38.95763], [-123.7336, 38.95376], [-123.72981, 38.95257], [-123.73068, 38.95582], [-123.72511, 38.95972], [-123.71117, 38.97732], [-123.69692, 39.00441], [-123.69043, 39.0229], [-123.69261, 39.02521], [-123.68967, 39.03407], [-123.69457, 39.04183], [-123.69085, 39.04425], [-123.69349, 39.04826], [-123.69126, 39.0508], [-123.69522, 39.05629], [-123.6932, 39.05806], [-123.6946, 39.06128], [-123.70268, 39.07289], [-123.70224, 39.07775], [-123.70594, 39.08007], [-123.70309, 39.0825], [-123.70879, 39.09387], [-123.70794, 39.10387], [-123.71464, 39.1085], [-123.71317, 39.11026], [-123.715, 39.11369], [-123.71315, 39.11461], [-123.72044, 39.12269], [-123.71788, 39.12479], [-123.71812, 39.12826], [-123.72076, 39.12972], [-123.72023, 39.1348], [-123.73023, 39.14173], [-123.73384, 39.13981], [-123.73432, 39.14191], [-123.73619, 39.13944], [-123.73826, 39.145], [-123.73426, 39.14743], [-123.73917, 39.154], [-123.73729, 39.15292], [-123.73468, 39.15826], [-123.74497, 39.16724], [-123.74654, 39.17182], [-123.75366, 39.17596], [-123.7523, 39.17855], [-123.75604, 39.18146], [-123.75906, 39.19], [-123.77179, 39.19504], [-123.77094, 39.19705], [-123.77302, 39.19863], [-123.77076, 39.19893], [-123.77023, 39.20176], [-123.77684, 39.21385], [-123.7699, 39.21424], [-123.76992, 39.21596], [-123.77783, 39.22445], [-123.76971, 39.2279], [-123.77892, 39.2309], [-123.78015, 39.2334], [-123.77656, 39.23676], [-123.77789, 39.23848], [-123.77409, 39.23971], [-123.77965, 39.24146], [-123.7835, 39.25266], [-123.78686, 39.25305], [-123.78373, 39.25513], [-123.7832, 39.2584], [-123.786, 39.2587], [-123.78877, 39.26335], [-123.79162, 39.27333], [-123.79957, 39.27152], [-123.79898, 39.27328], [-123.80387, 39.27877], [-123.80133, 39.28415], [-123.8031, 39.29175], [-123.79792, 39.29001], [-123.79488, 39.29187], [-123.79697, 39.29631], [-123.79376, 39.30155], [-123.80313, 39.30338], [-123.80489, 39.30296], [-123.80398, 39.30141], [-123.80669, 39.30187], [-123.80637, 39.30349], [-123.81099, 39.30475], [-123.81057, 39.30971], [-123.80816, 39.31228], [-123.80457, 39.31185], [-123.80492, 39.31363], [-123.8023, 39.31271], [-123.80062, 39.31901], [-123.80703, 39.32467], [-123.80453, 39.32508], [-123.80707, 39.32734], [-123.80504, 39.32881], [-123.81079, 39.32723], [-123.81409, 39.33068], [-123.81291, 39.33208], [-123.81804, 39.33427], [-123.81644, 39.33466], [-123.81677, 39.33938], [-123.82776, 39.34942], [-123.82514, 39.35304], [-123.82101, 39.3537], [-123.82535, 39.36082], [-123.81692, 39.36169], [-123.82632, 39.36872], [-123.82043, 39.37261], [-123.82193, 39.37574], [-123.81765, 39.37674], [-123.82234, 39.37999], [-123.82051, 39.381], [-123.82099, 39.38592], [-123.81771, 39.38745], [-123.82052, 39.39169], [-123.8165, 39.39228], [-123.82143, 39.39734], [-123.81928, 39.39949], [-123.82226, 39.40652], [-123.81639, 39.40885], [-123.8132, 39.41716], [-123.81832, 39.42355], [-123.81713, 39.42608], [-123.81066, 39.42645], [-123.80951, 39.42924], [-123.81621, 39.43062], [-123.81993, 39.43684], [-123.81925, 39.4397], [-123.81636, 39.43823], [-123.81276, 39.44201], [-123.81542, 39.44535], [-123.8132, 39.45052], [-123.81435, 39.45352], [-123.81137, 39.45471], [-123.80886, 39.46005], [-123.8104, 39.46172], [-123.80753, 39.46412], [-123.80845, 39.47007], [-123.80461, 39.47142], [-123.80399, 39.4825], [-123.80216, 39.48328], [-123.80468, 39.4898], [-123.79657, 39.49137], [-123.78865, 39.50203], [-123.77709, 39.52398], [-123.76797, 39.55123], [-123.76569, 39.55302], [-123.76723, 39.56123], [-123.76898, 39.56189], [-123.76719, 39.5654], [-123.77822, 39.5757], [-123.77635, 39.57908], [-123.77712, 39.58419], [-123.78599, 39.59195], [-123.78392, 39.59385], [-123.78874, 39.59971], [-123.78693, 39.60019], [-123.78891, 39.60476], [-123.78217, 39.6133], [-123.78234, 39.62149], [-123.7869, 39.62701], [-123.78464, 39.62847], [-123.78707, 39.63795], [-123.78508, 39.65135], [-123.78727, 39.65605], [-123.78655, 39.66033], [-123.79283, 39.66708], [-123.79268, 39.68413], [-123.79537, 39.69065], [-123.80363, 39.69932], [-123.80823, 39.71072], [-123.80092, 39.71402], [-123.8028, 39.7245], [-123.80645, 39.72334], [-123.80497, 39.72057], [-123.81077, 39.72696], [-123.81584, 39.72682], [-123.80917, 39.73318], [-123.81702, 39.73815], [-123.81695, 39.74813], [-123.8329, 39.77546], [-123.8326, 39.7796], [-123.82563, 39.78004], [-123.82025, 39.78421], [-123.81664, 39.79353], [-123.81933, 39.79795], [-123.81459, 39.79461], [-123.81034, 39.79683], [-123.80906, 39.80119], [-123.80726, 39.80078], [-123.80408, 39.80536], [-123.80653, 39.80998], [-123.79651, 39.8075], [-123.78142, 39.81786], [-123.7832, 39.8207], [-123.77261, 39.83675], [-123.77319, 39.84339], [-123.7674, 39.84691], [-123.7629, 39.85709], [-123.75972, 39.85645], [-123.75449, 39.86056], [-123.74837, 39.86081], [-123.74406, 39.85894], [-123.74427, 39.85361], [-123.74125, 39.85168], [-123.74187, 39.84942], [-123.73493, 39.84908], [-123.73601, 39.85121], [-123.73009, 39.85025], [-123.73022, 39.8568], [-123.7239, 39.86401], [-123.71378, 39.86823], [-123.7131, 39.86491], [-123.71697, 39.85422], [-123.7138, 39.85103]]]}, "properties": {"id": "A", "name": "A (North Unit 160)", "kind": "deer_zone"}}, {"type": "Feature", "geometry": {"type": "Polygon", "coordinates": [[[-122.93756, 39.8608], [-122.90424, 39.85666], [-122.89709, 39.85121], [-122.87612, 39.84511], [-122.85248, 39.83393], [-122.8318, 39.84105], [-122.82324, 39.83483], [-122.81404, 39.83437], [-122.80775, 39.82842], [-122.79665, 39.82947], [-122.77781, 39.81585], [-122.76409, 39.82717], [-122.74852, 39.82879], [-122.73169, 39.82303], [-122.71895, 39.81475], [-122.7169, 39.81132], [-122.69687, 39.80276], [-122.68996, 39.80894], [-122.68649, 39.80828], [-122.68242, 39.8164], [-122.67616, 39.82059], [-122.67809, 39.82409], [-122.6764, 39.82661], [-122.66743, 39.82553], [-122.66067, 39.82146], [-122.66159, 39.81691], [-122.65423, 39.81905], [-122.64794, 39.81568], [-122.64948, 39.81947], [-122.64627, 39.81999], [-122.64322, 39.81965], [-122.64179, 39.81635], [-122.63752, 39.81731], [-122.63556, 39.81477], [-122.63108, 39.81728], [-122.62788, 39.81302], [-122.62639, 39.81378], [-122.63095, 39.82676], [-122.63151, 39.8355], [-122.61941, 39.84797], [-122.60558, 39.8521], [-122.5983, 39.84709], [-122.58681, 39.84679], [-122.5817, 39.83973], [-122.57576, 39.82265], [-122.5703, 39.81892], [-122.56858, 39.8143], [-122.56098, 39.81442], [-122.55846, 39.79901], [-122.5398, 39.79381], [-122.48774, 39.7888], [-122.47057, 39.78484], [-122.42904, 39.79958], [-122.42464, 39.80796], [-122.39458, 39.81177], [-122.37093, 39.82792], [-122.35176, 39.8291], [-122.35202, 39.82043], [-122.34582, 39.82224], [-122.33671, 39.82146], [-122.33819, 39.81819], [-122.33281, 39.80743], [-122.30928, 39.78945], [-122.29525, 39.78141], [-122.25519, 39.76929], [-122.20559, 39.75047], [-122.20424, 39.63067], [-122.2143, 39.55645], [-122.21467, 39.52375], [-122.21363, 39.51786], [-122.20185, 39.5038], [-122.19634, 39.49292], [-122.19394, 39.45641], [-122.19373, 39.41874], [-122.19561, 39.40625], [-122.19349, 39.38522], [-122.55184, 39.38484], [-122.54781, 39.37749], [-122.5573, 39.3776], [-122.57382, 39.3707], [-122.6143, 39.3684], [-122.62735, 39.36435], [-122.64223, 39.36926], [-122.64447, 39.37275], [-122.65108, 39.37337], [-122.65282, 39.36536], [-122.65023, 39.36285], [-122.65199, 39.35729], [-122.665, 39.34845], [-122.66548, 39.344], [-122.66798, 39.34188], [-122.67419, 39.34493], [-122.67483, 39.34788], [-122.68123, 39.348], [-122.70218, 39.33795], [-122.70371, 39.33387], [-122.72504, 39.33222], [-122.73025, 39.32487], [-122.7249, 39.32101], [-122.72509, 39.31666], [-122.72733, 39.31929], [-122.73631, 39.31959], [-122.73818, 39.32258], [-122.75713, 39.31634], [-122.75979, 39.31198], [-122.75375, 39.30747], [-122.75508, 39.30527], [-122.75069, 39.30124], [-122.74988, 39.29749], [-122.75363, 39.29477], [-122.7621, 39.30222], [-122.76203, 39.30473], [-122.76675, 39.3061], [-122.76837, 39.31256], [-122.77479, 39.31267], [-122.77549, 39.315], [-122.77257, 39.32385], [-122.76858, 39.32601], [-122.7681, 39.33127], [-122.765, 39.33552], [-122.76528, 39.34271], [-122.75198, 39.34641], [-122.7416, 39.35887], [-122.74246, 39.36637], [-122.74535, 39.36909], [-122.75168, 39.37015], [-122.75544, 39.37559], [-122.76031, 39.37822], [-122.76759, 39.37441], [-122.77422, 39.3748], [-122.78463, 39.38292], [-122.73923, 39.38394], [-122.74162, 39.43542], [-122.73269, 39.45031], [-122.7319, 39.4858], [-122.72677, 39.49036], [-122.72166, 39.49036], [-122.72286, 39.50104], [-122.71716, 39.50882], [-122.71005, 39.53379], [-122.71434, 39.54754], [-122.73042, 39.54965], [-122.74254, 39.54703], [-122.76005, 39.55188], [-122.76366, 39.55539], [-122.76694, 39.55495], [-122.77758, 39.54983], [-122.79521, 39.54597], [-122.79595, 39.54265], [-122.80177, 39.54228], [-122.80286, 39.53869], [-122.81847, 39.53409], [-122.824, 39.53494], [-122.82432, 39.53118], [-122.82701, 39.52997], [-122.83836, 39.53063], [-122.84962, 39.52839], [-122.85885, 39.53861], [-122.85657, 39.54274], [-122.85932, 39.5442], [-122.8572, 39.55129], [-122.87367, 39.55614], [-122.88042, 39.55523], [-122.88718, 39.55882], [-122.88524, 39.61142], [-122.89051, 39.6256], [-122.8907, 39.64374], [-122.90011, 39.65593], [-122.9176, 39.66577], [-122.9176, 39.67657], [-122.91547, 39.6809], [-122.92044, 39.69687], [-122.92417, 39.69971], [-122.92393, 39.70452], [-122.93143, 39.71376], [-122.93077, 39.71873], [-122.93454, 39.71928], [-122.94488, 39.73237], [-122.94791, 39.7323], [-122.94856, 39.73528], [-122.953, 39.73702], [-122.95606, 39.75058], [-122.97234, 39.76065], [-122.98563, 39.76321], [-122.99679, 39.77144], [-123.01283, 39.77555], [-123.02202, 39.78266], [-123.02317, 39.78598], [-123.03245, 39.79013], [-123.03201, 39.79866], [-123.03601, 39.79848], [-123.04061, 39.80203], [-123.05381, 39.80645], [-123.06055, 39.80494], [-123.06699, 39.80727], [-123.0736, 39.81695], [-123.07853, 39.81775], [-123.08797, 39.82386], [-123.0844, 39.82688], [-123.07972, 39.82071], [-123.07019, 39.81787], [-123.0588, 39.8107], [-123.04743, 39.81114], [-123.03977, 39.80828], [-123.03259, 39.80995], [-123.03013, 39.80626], [-123.02123, 39.80589], [-123.00823, 39.81197], [-122.99961, 39.80927], [-122.99377, 39.81362], [-122.99347, 39.81758], [-122.98342, 39.82159], [-122.98223, 39.81884], [-122.97306, 39.81896], [-122.97392, 39.81631], [-122.96569, 39.81242], [-122.95827, 39.81395], [-122.95228, 39.80899], [-122.95329, 39.80661], [-122.9499, 39.80311], [-122.95041, 39.79755], [-122.93751, 39.79547], [-122.94406, 39.80118], [-122.94272, 39.80734], [-122.9473, 39.81787], [-122.94801, 39.83016], [-122.95223, 39.83915], [-122.94872, 39.84554], [-122.95021, 39.84954], [-122.94727, 39.85854], [-122.94395, 39.85792], [-122.93756, 39.8608]]]}, "properties": {"id": "B3", "name": "B3", "kind": "deer_zone"}}, {"type": "Feature", "geometry": {"type": "Polygon", "coordinates": [[[-120.42139, 39.82442], [-120.37162, 39.81752], [-120.32947, 39.81705], [-120.30691, 39.80954], [-120.19085, 39.80919], [-120.16611, 39.80072], [-120.12606, 39.79638], [-120.11109, 39.79119], [-120.08773, 39.78855], [-120.03863, 39.77488], [-120.03937, 39.73707], [-120.03597, 39.711], [-120.03199, 39.70029], [-120.01484, 39.68936], [-120.00136, 39.67289], [-120.00139, 39.66735], [-120.00689, 39.65732], [-120.00546, 39.63905], [-120.00869, 39.62491], [-120.01275, 39.62661], [-120.01957, 39.62266], [-120.03314, 39.62278], [-120.03764, 39.61978], [-120.04122, 39.61176], [-120.05808, 39.60467], [-120.06612, 39.60376], [-120.07898, 39.60709], [-120.07614, 39.59815], [-120.07141, 39.59577], [-120.07454, 39.59045], [-120.05441, 39.58576], [-120.05575, 39.58139], [-120.05193, 39.57908], [-120.05572, 39.57121], [-120.05265, 39.55521], [-120.05371, 39.55004], [-120.05058, 39.54832], [-120.04447, 39.54914], [-120.05806, 39.54082], [-120.08374, 39.51075], [-120.09337, 39.50608], [-120.10184, 39.50439], [-120.11646, 39.51122], [-120.13875, 39.50748], [-120.14302, 39.51172], [-120.15761, 39.51282], [-120.17707, 39.51159], [-120.18138, 39.50873], [-120.19767, 39.5056], [-120.20718, 39.5064], [-120.2189, 39.51211], [-120.23177, 39.50447], [-120.24048, 39.50444], [-120.24332, 39.50648], [-120.26144, 39.50451], [-120.26049, 39.49911], [-120.24797, 39.49455], [-120.23494, 39.48431], [-120.22966, 39.46574], [-120.20207, 39.42917], [-120.19813, 39.41343], [-120.19193, 39.40724], [-120.18777, 39.39837], [-120.18266, 39.38172], [-120.18274, 39.36834], [-120.17439, 39.36105], [-120.17315, 39.34259], [-120.17417, 39.33657], [-120.19442, 39.32463], [-120.20158, 39.32293], [-120.22455, 39.32406], [-120.23757, 39.32629], [-120.2467, 39.33074], [-120.25763, 39.33153], [-120.27516, 39.32733], [-120.28964, 39.33153], [-120.29828, 39.32769], [-120.30202, 39.32925], [-120.3066, 39.33655], [-120.3129, 39.34138], [-120.33417, 39.34274], [-120.34317, 39.34052], [-120.3438, 39.34448], [-120.35124, 39.3472], [-120.35537, 39.35791], [-120.36104, 39.35994], [-120.36476, 39.35834], [-120.3648, 39.36648], [-120.36689, 39.36725], [-120.36825, 39.37384], [-120.36707, 39.3761], [-120.37044, 39.37844], [-120.37342, 39.38938], [-120.37511, 39.39143], [-120.3769, 39.39026], [-120.37582, 39.3925], [-120.37785, 39.39216], [-120.37678, 39.39314], [-120.38004, 39.39512], [-120.37599, 39.39541], [-120.37812, 39.40228], [-120.39035, 39.40632], [-120.39109, 39.40978], [-120.39398, 39.40803], [-120.39399, 39.41075], [-120.39904, 39.41087], [-120.40225, 39.41778], [-120.40722, 39.41603], [-120.40984, 39.41172], [-120.42499, 39.41007], [-120.42921, 39.4075], [-120.43742, 39.40826], [-120.43459, 39.41186], [-120.43689, 39.41967], [-120.43545, 39.42528], [-120.4412, 39.42248], [-120.44895, 39.42241], [-120.44792, 39.42834], [-120.439, 39.43953], [-120.44196, 39.44299], [-120.44811, 39.44326], [-120.44942, 39.44542], [-120.44578, 39.4468], [-120.43879, 39.45548], [-120.44249, 39.46766], [-120.43199, 39.47476], [-120.42868, 39.47966], [-120.42808, 39.48913], [-120.4338, 39.49897], [-120.42888, 39.49679], [-120.41782, 39.49994], [-120.41222, 39.4974], [-120.41171, 39.50459], [-120.43636, 39.51091], [-120.44306, 39.51018], [-120.44403, 39.5156], [-120.43453, 39.51762], [-120.43228, 39.52084], [-120.44483, 39.52322], [-120.45594, 39.52815], [-120.45771, 39.53014], [-120.45547, 39.53362], [-120.4633, 39.53744], [-120.46912, 39.53719], [-120.48654, 39.54281], [-120.4784, 39.54712], [-120.49118, 39.5514], [-120.49212, 39.55401], [-120.48588, 39.5569], [-120.48947, 39.55895], [-120.49046, 39.56261], [-120.49457, 39.5633], [-120.49202, 39.56733], [-120.49373, 39.57339], [-120.48987, 39.57316], [-120.48494, 39.56847], [-120.47964, 39.56863], [-120.47758, 39.57049], [-120.47173, 39.57003], [-120.47225, 39.5739], [-120.4684, 39.57571], [-120.46884, 39.58378], [-120.4715, 39.58584], [-120.47045, 39.59001], [-120.47661, 39.5912], [-120.48232, 39.59528], [-120.48316, 39.59932], [-120.48639, 39.59896], [-120.48733, 39.60108], [-120.48752, 39.60338], [-120.48053, 39.60751], [-120.48181, 39.61035], [-120.48959, 39.61364], [-120.48976, 39.61726], [-120.49759, 39.61925], [-120.50381, 39.61568], [-120.51327, 39.61639], [-120.52589, 39.62226], [-120.53553, 39.62061], [-120.54327, 39.62492], [-120.54516, 39.62965], [-120.5506, 39.63314], [-120.57069, 39.62905], [-120.5801, 39.62492], [-120.58478, 39.61886], [-120.60198, 39.61416], [-120.60982, 39.61995], [-120.61524, 39.62864], [-120.62276, 39.63514], [-120.62493, 39.64429], [-120.63077, 39.65248], [-120.63071, 39.65586], [-120.62412, 39.66428], [-120.62608, 39.67137], [-120.63413, 39.67428], [-120.64126, 39.68009], [-120.64318, 39.691], [-120.65428, 39.69325], [-120.65895, 39.69645], [-120.65945, 39.70571], [-120.66306, 39.7132], [-120.65506, 39.71848], [-120.65465, 39.72141], [-120.65776, 39.72591], [-120.64551, 39.74341], [-120.64038, 39.7448], [-120.6352, 39.74203], [-120.61856, 39.74945], [-120.61618, 39.74457], [-120.61402, 39.74693], [-120.60593, 39.74851], [-120.59919, 39.75483], [-120.6053, 39.76033], [-120.61905, 39.76662], [-120.62172, 39.78123], [-120.62002, 39.78429], [-120.60212, 39.77354], [-120.59006, 39.76972], [-120.58069, 39.77249], [-120.57319, 39.77745], [-120.56334, 39.77753], [-120.51445, 39.80307], [-120.49208, 39.80868], [-120.47924, 39.80565], [-120.44693, 39.82052], [-120.4372, 39.82279], [-120.42139, 39.82442]]]}, "properties": {"id": "X7A", "name": "X7a", "kind": "deer_zone"}}, {"type": "Feature", "geometry": {"type": "Polygon", "coordinates": [[[-120.00139, 39.66738], [-120.00603, 39.22282], [-120.01285, 39.22513], [-120.01816, 39.23314], [-120.02746, 39.23647], [-120.0562, 39.23942], [-120.06954, 39.23541], [-120.06829, 39.22867], [-120.07377, 39.22558], [-120.08152, 39.22674], [-120.08516, 39.22419], [-120.08833, 39.20962], [-120.09429, 39.20578], [-120.09615, 39.19232], [-120.09257, 39.18515], [-120.12769, 39.18034], [-120.14452, 39.16697], [-120.14112, 39.16543], [-120.1437, 39.14903], [-120.15266, 39.14161], [-120.1533, 39.13133], [-120.15968, 39.12858], [-120.16159, 39.12553], [-120.16074, 39.11942], [-120.1581, 39.11704], [-120.15859, 39.10746], [-120.16337, 39.10684], [-120.16854, 39.11013], [-120.17318, 39.10859], [-120.17628, 39.11075], [-120.18702, 39.11097], [-120.18911, 39.10771], [-120.19539, 39.10647], [-120.20809, 39.09469], [-120.21158, 39.07778], [-120.21507, 39.08022], [-120.22634, 39.07817], [-120.22641, 39.07507], [-120.22067, 39.07518], [-120.23021, 39.07096], [-120.23315, 39.07618], [-120.24237, 39.07787], [-120.24807, 39.08382], [-120.24353, 39.08945], [-120.24668, 39.09089], [-120.24302, 39.09211], [-120.24164, 39.09817], [-120.23376, 39.10348], [-120.23847, 39.10255], [-120.23504, 39.10461], [-120.2371, 39.11014], [-120.2478, 39.12449], [-120.24413, 39.13387], [-120.24883, 39.15293], [-120.25459, 39.16603], [-120.25594, 39.16559], [-120.25344, 39.17173], [-120.25845, 39.17261], [-120.26274, 39.16781], [-120.268, 39.16671], [-120.27947, 39.17358], [-120.28421, 39.18078], [-120.28785, 39.18086], [-120.28964, 39.18314], [-120.28547, 39.18898], [-120.28615, 39.1923], [-120.28173, 39.19663], [-120.28171, 39.20238], [-120.27579, 39.2075], [-120.27777, 39.21909], [-120.27674, 39.23121], [-120.28032, 39.23332], [-120.27918, 39.23653], [-120.28603, 39.23925], [-120.27977, 39.24356], [-120.28965, 39.25317], [-120.3002, 39.25679], [-120.3011, 39.25859], [-120.2972, 39.26443], [-120.30323, 39.27048], [-120.30967, 39.2731], [-120.31365, 39.28166], [-120.31798, 39.28434], [-120.32002, 39.28278], [-120.32322, 39.28722], [-120.31894, 39.2978], [-120.32226, 39.30162], [-120.32247, 39.3082], [-120.32626, 39.31209], [-120.32538, 39.31439], [-120.32726, 39.31486], [-120.32059, 39.32126], [-120.32202, 39.32372], [-120.31974, 39.32796], [-120.32524, 39.33681], [-120.33278, 39.33796], [-120.33666, 39.34254], [-120.3129, 39.34138], [-120.3066, 39.33655], [-120.30202, 39.32925], [-120.29828, 39.32769], [-120.28964, 39.33153], [-120.27516, 39.32733], [-120.25103, 39.33128], [-120.23291, 39.32517], [-120.21297, 39.32304], [-120.19442, 39.32463], [-120.17417, 39.33657], [-120.17265, 39.3524], [-120.17439, 39.36105], [-120.18274, 39.36834], [-120.18159, 39.37355], [-120.18384, 39.38744], [-120.19193, 39.40724], [-120.19813, 39.41343], [-120.20207, 39.42917], [-120.2273, 39.46174], [-120.23158, 39.46981], [-120.23494, 39.48431], [-120.24797, 39.49455], [-120.26049, 39.49911], [-120.26144, 39.50451], [-120.24332, 39.50648], [-120.24048, 39.50444], [-120.23177, 39.50447], [-120.2189, 39.51211], [-120.20718, 39.5064], [-120.19767, 39.5056], [-120.18138, 39.50873], [-120.17707, 39.51159], [-120.15761, 39.51282], [-120.14302, 39.51172], [-120.13875, 39.50748], [-120.11646, 39.51122], [-120.10184, 39.50439], [-120.09219, 39.50647], [-120.08374, 39.51075], [-120.05806, 39.54082], [-120.04447, 39.54914], [-120.05058, 39.54832], [-120.05371, 39.55004], [-120.05265, 39.55521], [-120.05572, 39.57121], [-120.05193, 39.57908], [-120.05575, 39.58139], [-120.05441, 39.58576], [-120.07454, 39.59045], [-120.07141, 39.59577], [-120.07614, 39.59815], [-120.07898, 39.60709], [-120.06612, 39.60376], [-120.05808, 39.60467], [-120.04122, 39.61176], [-120.03764, 39.61978], [-120.03314, 39.62278], [-120.01957, 39.62266], [-120.01275, 39.62661], [-120.00869, 39.62491], [-120.00546, 39.63905], [-120.00689, 39.65732], [-120.00139, 39.66738]]]}, "properties": {"id": "X7B", "name": "X7b", "kind": "deer_zone"}}, {"type": "Feature", "geometry": {"type": "Polygon", "coordinates": [[[-120.33551, 39.34007], [-120.32524, 39.33681], [-120.31974, 39.32796], [-120.32202, 39.32372], [-120.32059, 39.32126], [-120.32726, 39.31486], [-120.32538, 39.31439], [-120.32626, 39.31209], [-120.32247, 39.3082], [-120.32226, 39.30162], [-120.31894, 39.2978], [-120.32322, 39.28722], [-120.32002, 39.28278], [-120.31798, 39.28434], [-120.31365, 39.28166], [-120.30967, 39.2731], [-120.30323, 39.27048], [-120.2972, 39.26443], [-120.3011, 39.25859], [-120.3002, 39.25679], [-120.28965, 39.25317], [-120.27977, 39.24356], [-120.28603, 39.23925], [-120.27918, 39.23653], [-120.28032, 39.23332], [-120.27674, 39.23121], [-120.27777, 39.21909], [-120.27579, 39.2075], [-120.28171, 39.20238], [-120.28173, 39.19663], [-120.28615, 39.1923], [-120.28547, 39.18898], [-120.28964, 39.18314], [-120.28785, 39.18086], [-120.28421, 39.18078], [-120.27947, 39.17358], [-120.268, 39.16671], [-120.26274, 39.16781], [-120.25845, 39.17261], [-120.25302, 39.1707], [-120.25594, 39.16559], [-120.25459, 39.16603], [-120.24883, 39.15293], [-120.24413, 39.13387], [-120.2478, 39.12449], [-120.2371, 39.11014], [-120.23504, 39.10461], [-120.23847, 39.10255], [-120.23376, 39.10348], [-120.24164, 39.09817], [-120.24302, 39.09211], [-120.24668, 39.09089], [-120.24353, 39.08945], [-120.24798, 39.08363], [-120.24237, 39.07787], [-120.23315, 39.07618], [-120.22906, 39.07082], [-120.22067, 39.07518], [-120.22641, 39.07507], [-120.22634, 39.07817], [-120.21507, 39.08022], [-120.21158, 39.07778], [-120.20809, 39.09469], [-120.19539, 39.10647], [-120.18911, 39.10771], [-120.18782, 39.11055], [-120.17628, 39.11075], [-120.17318, 39.10859], [-120.16854, 39.11013], [-120.16337, 39.10684], [-120.15933, 39.10757], [-120.16407, 39.09756], [-120.15916, 39.08512], [-120.15383, 39.07747], [-120.14087, 39.07267], [-120.15991, 39.05027], [-120.17389, 39.04333], [-120.17658, 39.03909], [-120.17841, 39.03868], [-120.18095, 39.04342], [-120.18439, 39.04369], [-120.18809, 39.04039], [-120.18756, 39.03829], [-120.19627, 39.03767], [-120.19835, 39.03431], [-120.2153, 39.0333], [-120.21936, 39.03492], [-120.23012, 39.03348], [-120.23267, 39.03086], [-120.2394, 39.03238], [-120.25264, 39.02614], [-120.25495, 39.02915], [-120.26097, 39.02779], [-120.28075, 39.04187], [-120.29313, 39.04877], [-120.30003, 39.05024], [-120.30066, 39.05266], [-120.29828, 39.05457], [-120.31041, 39.05908], [-120.32329, 39.0697], [-120.33943, 39.07048], [-120.34824, 39.07988], [-120.3625, 39.08603], [-120.37351, 39.08614], [-120.39167, 39.08156], [-120.40463, 39.07274], [-120.40966, 39.0617], [-120.40844, 39.05569], [-120.41061, 39.05285], [-120.41424, 39.05185], [-120.41929, 39.04526], [-120.43189, 39.03899], [-120.43603, 39.03141], [-120.43537, 39.0283], [-120.44225, 39.02283], [-120.4453, 39.01737], [-120.44562, 39.0098], [-120.45378, 38.99558], [-120.45188, 38.98764], [-120.45964, 38.98503], [-120.46219, 38.97748], [-120.46867, 38.9713], [-120.47072, 38.96613], [-120.47866, 38.9605], [-120.48604, 38.95906], [-120.48788, 38.95217], [-120.49286, 38.94881], [-120.49203, 38.94394], [-120.50256, 38.94123], [-120.50447, 38.93581], [-120.51103, 38.93371], [-120.51186, 38.93156], [-120.52799, 38.93136], [-120.53479, 38.92591], [-120.54516, 38.92695], [-120.54718, 38.92036], [-120.5531, 38.92009], [-120.55676, 38.91512], [-120.56469, 38.91361], [-120.57928, 38.91695], [-120.58062, 38.92042], [-120.5866, 38.92336], [-120.58516, 38.92745], [-120.58751, 38.93164], [-120.59372, 38.93253], [-120.59492, 38.93633], [-120.60593, 38.93456], [-120.61194, 38.94293], [-120.62108, 38.94295], [-120.62987, 38.94638], [-120.63729, 38.94366], [-120.65407, 38.94817], [-120.6558, 38.9535], [-120.6727, 38.95852], [-120.67396, 38.96213], [-120.68307, 38.96712], [-120.68339, 38.97485], [-120.68099, 38.9775], [-120.68486, 38.98272], [-120.68489, 38.98926], [-120.68873, 38.98977], [-120.69236, 38.98588], [-120.70458, 38.98123], [-120.71695, 38.98713], [-120.72256, 38.9937], [-120.72288, 38.99887], [-120.72925, 39.0036], [-120.73684, 39.00109], [-120.74303, 39.00191], [-120.74488, 39.00474], [-120.74863, 39.00337], [-120.7464, 39.01054], [-120.74953, 39.00994], [-120.75291, 39.00539], [-120.75773, 39.00764], [-120.76092, 39.00545], [-120.76354, 39.00632], [-120.76442, 39.00456], [-120.76063, 39.00354], [-120.76119, 39.00202], [-120.76637, 39.00342], [-120.76719, 39.00572], [-120.76353, 39.00883], [-120.76565, 39.00977], [-120.78046, 39.00415], [-120.78678, 38.99906], [-120.79098, 38.99954], [-120.79696, 38.99624], [-120.80086, 38.99988], [-120.8137, 38.99906], [-120.81575, 38.99441], [-120.8227, 38.99343], [-120.82824, 38.98988], [-120.82935, 38.98036], [-120.83232, 38.97828], [-120.83375, 38.97226], [-120.8387, 38.97169], [-120.8404, 38.9754], [-120.85025, 38.9764], [-120.8555, 38.967], [-120.85212, 38.95956], [-120.85772, 38.95636], [-120.86015, 38.95158], [-120.88813, 38.95969], [-120.90129, 38.95336], [-120.90809, 38.95426], [-120.91489, 38.95579], [-120.9242, 38.96165], [-120.93862, 38.96376], [-120.94067, 38.96183], [-120.93783, 38.94921], [-120.93944, 38.9355], [-120.95764, 38.93913], [-120.96607, 38.93268], [-120.97105, 38.93302], [-120.97761, 38.92934], [-120.99179, 38.9273], [-120.99149, 38.92329], [-120.99919, 38.91853], [-121.00528, 38.92029], [-121.01217, 38.91665], [-121.02134, 38.91792], [-121.03408, 38.91279], [-121.03768, 38.91561], [-121.04102, 38.91502], [-121.04389, 38.90703], [-121.05373, 38.89914], [-121.05394, 38.89706], [-121.04767, 38.89474], [-121.04434, 38.89069], [-121.06076, 38.88367], [-121.06117, 38.88122], [-121.05657, 38.87633], [-121.05367, 38.86894], [-121.05496, 38.86487], [-121.06134, 38.86066], [-121.05769, 38.85107], [-121.05865, 38.84674], [-121.07425, 38.84251], [-121.0822, 38.83524], [-121.08765, 38.83336], [-121.09057, 38.82757], [-121.08448, 38.82219], [-121.08553, 38.81658], [-121.09457, 38.81459], [-121.09884, 38.81873], [-121.10656, 38.81759], [-121.10826, 38.81541], [-121.10013, 38.80999], [-121.10193, 38.79802], [-121.10544, 38.79722], [-121.10675, 38.79217], [-121.10529, 38.78622], [-121.11043, 38.78102], [-121.11037, 38.77724], [-121.11393, 38.7731], [-121.12174, 38.76989], [-121.12447, 38.75207], [-121.13042, 38.74953], [-121.13595, 38.73837], [-121.14919, 38.73122], [-121.14613, 38.71909], [-121.14388, 38.717], [-121.14616, 38.71188], [-121.16486, 38.7036], [-121.16752, 38.68694], [-121.19152, 38.6758], [-121.1907, 38.66461], [-121.19619, 38.64635], [-121.20415, 38.64255], [-121.21485, 38.64167], [-121.22026, 38.63735], [-121.23601, 38.63295], [-121.25575, 38.63874], [-121.26155, 38.63817], [-121.27355, 38.63183], [-121.28464, 38.62169], [-121.29003, 38.62384], [-121.28863, 38.62998], [-121.29511, 38.63049], [-121.30613, 38.62184], [-121.30654, 38.61771], [-121.30363, 38.61474], [-121.30678, 38.60968], [-121.31728, 38.60378], [-121.32728, 38.60241], [-121.33165, 38.59765], [-121.33244, 38.58931], [-121.32792, 38.58627], [-121.32894, 38.58002], [-121.34369, 38.57938], [-121.34946, 38.57538], [-121.35474, 38.57563], [-121.35841, 38.57242], [-121.36284, 38.57198], [-121.36042, 38.57157], [-121.36161, 38.57056], [-121.3885, 38.56658], [-121.41488, 38.55957], [-121.42004, 38.56206], [-121.42272, 38.56755], [-121.42004, 38.57904], [-121.42199, 38.58296], [-121.43872, 38.58259], [-121.45199, 38.59124], [-121.46692, 38.58904], [-121.47839, 38.59913], [-121.48702, 38.60277], [-121.50567, 38.60173], [-121.5372, 38.66346], [-121.54081, 38.66804], [-121.54659, 38.67084], [-121.73767, 38.67398], [-121.74669, 38.67839], [-121.75968, 38.69404], [-121.78222, 38.70143], [-121.91996, 38.83354], [-121.92962, 38.83837], [-121.97304, 38.88008], [-121.97891, 38.89301], [-122.00145, 38.92752], [-122.00462, 38.93775], [-122.01758, 38.95361], [-122.03869, 38.98941], [-122.0573, 39.0144], [-122.08022, 39.05122], [-122.08571, 39.05628], [-122.09864, 39.07965], [-122.11447, 39.10038], [-122.1288, 39.1249], [-122.13447, 39.13073], [-122.13735, 39.14547], [-122.15018, 39.16752], [-122.13174, 39.17497], [-122.0938, 39.19572], [-122.04039, 39.1959], [-122.0293, 39.19935], [-122.01778, 39.20765], [-122.01468, 39.21591], [-122.0011, 39.21273], [-122.00458, 39.20367], [-122.00109, 39.19653], [-121.98856, 39.17488], [-121.97004, 39.15326], [-121.96539, 39.15009], [-121.94795, 39.14598], [-121.91477, 39.14545], [-121.91342, 39.14323], [-121.84421, 39.14277], [-121.82022, 39.14958], [-121.79548, 39.14979], [-121.77268, 39.14247], [-121.61745, 39.14069], [-121.59127, 39.14581], [-121.58791, 39.1315], [-121.55944, 39.11337], [-121.51677, 39.0663], [-121.4827, 39.04337], [-121.47363, 39.04181], [-121.42663, 39.01034], [-121.40675, 39.00022], [-121.39418, 39.00737], [-121.38283, 39.00712], [-121.36902, 39.01256], [-121.36568, 39.01717], [-121.34931, 39.02431], [-121.3428, 39.03608], [-121.33028, 39.04255], [-121.3218, 39.0431], [-121.31898, 39.04821], [-121.31534, 39.04949], [-121.30167, 39.0391], [-121.30674, 39.04814], [-121.2995, 39.04338], [-121.2965, 39.04008], [-121.29692, 39.03489], [-121.29419, 39.031], [-121.28967, 39.03294], [-121.29079, 39.02672], [-121.28718, 39.02356], [-121.28539, 39.02416], [-121.28392, 39.03077], [-121.27958, 39.02658], [-121.27863, 39.02945], [-121.28151, 39.03408], [-121.27767, 39.03379], [-121.27406, 39.03282], [-121.26925, 39.02753], [-121.26808, 39.03049], [-121.25969, 39.02714], [-121.2491, 39.0273], [-121.24064, 39.02131], [-121.23346, 39.02465], [-121.22909, 39.02237], [-121.2216, 39.01203], [-121.20603, 39.01169], [-121.20415, 39.01562], [-121.20004, 39.01702], [-121.18814, 39.0126], [-121.17863, 39.02011], [-121.17291, 39.01841], [-121.15329, 39.02653], [-121.14991, 39.03241], [-121.13747, 39.03797], [-121.125, 39.03197], [-121.12606, 39.02925], [-121.11922, 39.02103], [-121.10774, 39.01774], [-121.10507, 39.01223], [-121.09495, 39.0115], [-121.08953, 39.01439], [-121.08058, 39.00922], [-121.07985, 39.00689], [-121.06733, 39.00561], [-121.06079, 39.01011], [-121.05266, 39.01034], [-121.03779, 39.01621], [-121.03782, 39.02053], [-121.03069, 39.02726], [-121.02992, 39.0374], [-121.02173, 39.0396], [-121.02047, 39.04529], [-121.0134, 39.0482], [-121.01275, 39.05247], [-121.00864, 39.0517], [-121.00705, 39.06014], [-121.00241, 39.06339], [-121.00323, 39.06625], [-120.9965, 39.06865], [-120.99864, 39.07158], [-120.99166, 39.076], [-120.9962, 39.08007], [-120.99121, 39.08192], [-120.98877, 39.08538], [-120.98812, 39.10077], [-120.9865, 39.10201], [-120.98838, 39.11071], [-120.97698, 39.11227], [-120.97384, 39.11888], [-120.96788, 39.12234], [-120.96697, 39.12679], [-120.94948, 39.13689], [-120.94793, 39.14312], [-120.94089, 39.14537], [-120.93707, 39.15166], [-120.93143, 39.15353], [-120.9316, 39.15659], [-120.92738, 39.15533], [-120.92343, 39.1581], [-120.92463, 39.16109], [-120.90905, 39.16386], [-120.90624, 39.16629], [-120.90879, 39.17035], [-120.89744, 39.17645], [-120.89286, 39.17526], [-120.86897, 39.18084], [-120.86965, 39.18439], [-120.86545, 39.18855], [-120.86689, 39.18974], [-120.86275, 39.191], [-120.8579, 39.19743], [-120.85785, 39.20631], [-120.85153, 39.21215], [-120.8396, 39.21567], [-120.82794, 39.22114], [-120.82809, 39.22377], [-120.81924, 39.22844], [-120.80097, 39.23531], [-120.77399, 39.25561], [-120.76898, 39.25636], [-120.76436, 39.26311], [-120.75629, 39.26469], [-120.74722, 39.27493], [-120.72845, 39.28787], [-120.71067, 39.29261], [-120.70281, 39.29979], [-120.68158, 39.3067], [-120.67003, 39.3041], [-120.62459, 39.31954], [-120.60327, 39.32325], [-120.58933, 39.33006], [-120.57281, 39.32649], [-120.56407, 39.3195], [-120.53885, 39.30641], [-120.53093, 39.30427], [-120.52195, 39.30598], [-120.51734, 39.3121], [-120.51278, 39.31347], [-120.50105, 39.31176], [-120.4623, 39.31547], [-120.44776, 39.31384], [-120.41419, 39.32417], [-120.40639, 39.32237], [-120.38787, 39.32765], [-120.37279, 39.32671], [-120.34955, 39.33854], [-120.33666, 39.34252], [-120.33551, 39.34007]]]}, "properties": {"id": "D4", "name": "D4", "kind": "deer_zone"}}, {"type": "Feature", "geometry": {"type": "Polygon", "coordinates": [[[-119.58548, 38.7121], [-119.58175, 38.70509], [-119.58675, 38.70345], [-119.59425, 38.69068], [-119.5931, 38.67978], [-119.59608, 38.67783], [-119.5996, 38.66991], [-119.60768, 38.66571], [-119.61448, 38.66594], [-119.61241, 38.6567], [-119.61692, 38.64471], [-119.61516, 38.63429], [-119.61836, 38.63199], [-119.61627, 38.62992], [-119.6164, 38.62595], [-119.61973, 38.62368], [-119.61822, 38.61975], [-119.62102, 38.61284], [-119.61899, 38.60414], [-119.61463, 38.60235], [-119.60871, 38.59513], [-119.5994, 38.59343], [-119.59551, 38.59013], [-119.59591, 38.58207], [-119.58926, 38.57401], [-119.58938, 38.5676], [-119.58656, 38.56598], [-119.58718, 38.55929], [-119.58369, 38.5521], [-119.57451, 38.54058], [-119.57036, 38.54152], [-119.56635, 38.52588], [-119.56053, 38.52545], [-119.55923, 38.51945], [-119.55577, 38.51529], [-119.5589, 38.50516], [-119.55614, 38.50163], [-119.5428, 38.49966], [-119.54548, 38.49005], [-119.54225, 38.48134], [-119.54654, 38.47364], [-119.5562, 38.47003], [-119.55892, 38.46026], [-119.55635, 38.44732], [-119.56352, 38.4378], [-119.57016, 38.43477], [-119.56596, 38.42749], [-119.56587, 38.42231], [-119.56141, 38.42037], [-119.56242, 38.40948], [-119.56829, 38.40461], [-119.58166, 38.40018], [-119.58369, 38.39662], [-119.59176, 38.39865], [-119.60197, 38.40565], [-119.60426, 38.40208], [-119.61956, 38.39636], [-119.62204, 38.39379], [-119.61881, 38.38219], [-119.61459, 38.38002], [-119.61405, 38.37534], [-119.60674, 38.3671], [-119.62339, 38.36123], [-119.63418, 38.37245], [-119.64004, 38.3846], [-119.65364, 38.39394], [-119.66105, 38.40657], [-119.67337, 38.41851], [-119.67648, 38.42687], [-119.68221, 38.42988], [-119.67808, 38.43551], [-119.68087, 38.44061], [-119.68625, 38.44082], [-119.68875, 38.44336], [-119.69684, 38.44281], [-119.69806, 38.4472], [-119.70231, 38.44729], [-119.70077, 38.45244], [-119.70507, 38.45052], [-119.71043, 38.45159], [-119.71301, 38.44834], [-119.72075, 38.44704], [-119.72721, 38.45822], [-119.72108, 38.46252], [-119.72789, 38.46808], [-119.72912, 38.47519], [-119.73346, 38.47896], [-119.73637, 38.48614], [-119.74347, 38.48058], [-119.74938, 38.48218], [-119.75465, 38.48706], [-119.75899, 38.48681], [-119.76335, 38.49481], [-119.77016, 38.49816], [-119.77095, 38.50225], [-119.77641, 38.50682], [-119.77675, 38.51543], [-119.7812, 38.5192], [-119.77548, 38.5223], [-119.77503, 38.52517], [-119.77837, 38.52727], [-119.7766, 38.52938], [-119.77748, 38.53273], [-119.78107, 38.53286], [-119.78215, 38.53565], [-119.78289, 38.53322], [-119.78512, 38.53414], [-119.7926, 38.54519], [-119.79346, 38.54296], [-119.79693, 38.54256], [-119.80191, 38.54341], [-119.80469, 38.54665], [-119.80926, 38.54463], [-119.8113, 38.54597], [-119.81003, 38.54782], [-119.81883, 38.55382], [-119.83137, 38.55716], [-119.83054, 38.56359], [-119.82608, 38.5684], [-119.83249, 38.57418], [-119.8304, 38.58393], [-119.83352, 38.58384], [-119.82775, 38.58926], [-119.8239, 38.58869], [-119.82128, 38.59125], [-119.82183, 38.59594], [-119.81633, 38.6031], [-119.81755, 38.6084], [-119.82382, 38.60955], [-119.82838, 38.61551], [-119.8325, 38.6168], [-119.83425, 38.61459], [-119.84107, 38.61739], [-119.85843, 38.6067], [-119.86969, 38.60833], [-119.88157, 38.60439], [-119.88625, 38.60608], [-119.89076, 38.61101], [-119.89392, 38.61057], [-119.8941, 38.61249], [-119.91087, 38.62394], [-119.92196, 38.62666], [-119.92564, 38.63131], [-119.92498, 38.63509], [-119.92847, 38.63505], [-119.92901, 38.6382], [-119.94506, 38.64097], [-119.95198, 38.64499], [-119.9523, 38.64928], [-119.95731, 38.64904], [-119.95977, 38.66032], [-119.96616, 38.66088], [-119.97131, 38.65816], [-119.96916, 38.66133], [-119.97198, 38.66031], [-119.96874, 38.66293], [-119.97125, 38.66244], [-119.97681, 38.66653], [-119.97548, 38.66836], [-119.9776, 38.67359], [-119.97487, 38.67712], [-119.9772, 38.67717], [-119.97452, 38.68092], [-119.97854, 38.67964], [-119.98304, 38.68325], [-119.98628, 38.68282], [-119.98712, 38.68685], [-119.99247, 38.68737], [-119.99099, 38.69104], [-119.99242, 38.69224], [-119.98908, 38.69489], [-119.9998, 38.69695], [-120.00663, 38.71528], [-120.01238, 38.72295], [-120.02255, 38.73055], [-120.02223, 38.7338], [-120.03389, 38.74043], [-120.04556, 38.74189], [-120.052, 38.7526], [-120.04761, 38.76756], [-120.05199, 38.77768], [-120.04346, 38.78251], [-120.0434, 38.78808], [-120.03707, 38.79035], [-120.03644, 38.80113], [-120.02805, 38.80447], [-120.02933, 38.81302], [-120.02713, 38.81981], [-120.02865, 38.82562], [-120.03537, 38.83223], [-120.03458, 38.83541], [-120.04241, 38.84186], [-120.03247, 38.84417], [-120.01246, 38.85699], [-120.01222, 38.86264], [-120.0061, 38.87064], [-119.99829, 38.90086], [-120.00475, 38.91338], [-119.97958, 38.93054], [-119.97639, 38.94406], [-119.95748, 38.94859], [-119.94567, 38.95429], [-119.94216, 38.95929], [-119.58548, 38.7121]]]}, "properties": {"id": "X8", "name": "X8", "kind": "deer_zone"}}, {"type": "Feature", "geometry": {"type": "Polygon", "coordinates": [[[-119.58709, 38.71452], [-119.11732, 38.38723], [-118.79743, 38.16068], [-119.12597, 38.05432], [-119.16055, 38.04546], [-119.16511, 38.05294], [-119.16986, 38.06892], [-119.16606, 38.07629], [-119.15917, 38.08084], [-119.15877, 38.08356], [-119.16597, 38.08347], [-119.17127, 38.07695], [-119.17683, 38.07446], [-119.17883, 38.07663], [-119.17851, 38.08365], [-119.18213, 38.08768], [-119.18983, 38.08782], [-119.19284, 38.08519], [-119.19672, 38.08946], [-119.20558, 38.07628], [-119.2333, 38.06712], [-119.24398, 38.05682], [-119.25297, 38.05208], [-119.25812, 38.04959], [-119.27302, 38.05236], [-119.27426, 38.04951], [-119.28363, 38.04799], [-119.29556, 38.04093], [-119.30351, 38.0454], [-119.30441, 38.04973], [-119.31096, 38.05316], [-119.32191, 38.05246], [-119.32562, 38.06448], [-119.33618, 38.06625], [-119.33737, 38.07252], [-119.3428, 38.07666], [-119.34897, 38.08637], [-119.35818, 38.08201], [-119.36514, 38.09077], [-119.37012, 38.08812], [-119.37601, 38.09418], [-119.38174, 38.09284], [-119.38491, 38.09791], [-119.38924, 38.09857], [-119.39846, 38.10681], [-119.40051, 38.10542], [-119.42102, 38.10775], [-119.42535, 38.11003], [-119.42982, 38.11797], [-119.43284, 38.1106], [-119.44215, 38.10465], [-119.44128, 38.09553], [-119.44658, 38.09309], [-119.44802, 38.09819], [-119.45074, 38.09976], [-119.45442, 38.09659], [-119.46066, 38.09655], [-119.46607, 38.10196], [-119.45905, 38.10799], [-119.47316, 38.11798], [-119.46883, 38.12766], [-119.48816, 38.13248], [-119.48961, 38.14451], [-119.49722, 38.14951], [-119.49619, 38.15681], [-119.50065, 38.15882], [-119.5034, 38.15922], [-119.50497, 38.15448], [-119.50824, 38.1525], [-119.50592, 38.15091], [-119.50457, 38.14084], [-119.50781, 38.13693], [-119.51521, 38.1373], [-119.5326, 38.14472], [-119.54687, 38.1437], [-119.54706, 38.15425], [-119.56446, 38.1539], [-119.56642, 38.15678], [-119.5771, 38.15766], [-119.58219, 38.17125], [-119.58006, 38.1725], [-119.57986, 38.17662], [-119.58689, 38.18509], [-119.58926, 38.18637], [-119.59942, 38.18357], [-119.60547, 38.18799], [-119.62157, 38.19175], [-119.62925, 38.19614], [-119.63154, 38.20247], [-119.62519, 38.20648], [-119.62683, 38.21171], [-119.62433, 38.21637], [-119.62732, 38.22034], [-119.62526, 38.22101], [-119.62527, 38.22875], [-119.6151, 38.233], [-119.60736, 38.23333], [-119.60485, 38.23588], [-119.60582, 38.23887], [-119.61585, 38.24354], [-119.62178, 38.2525], [-119.61293, 38.25897], [-119.61333, 38.2617], [-119.62974, 38.26875], [-119.63744, 38.27836], [-119.64376, 38.27906], [-119.65131, 38.28642], [-119.64248, 38.29384], [-119.64422, 38.30004], [-119.64192, 38.30633], [-119.64222, 38.31473], [-119.64512, 38.31747], [-119.64502, 38.32077], [-119.63496, 38.32939], [-119.63175, 38.33506], [-119.63174, 38.34457], [-119.62787, 38.34819], [-119.63551, 38.35391], [-119.61725, 38.36472], [-119.6068, 38.3668], [-119.61405, 38.37534], [-119.61459, 38.38002], [-119.61854, 38.38163], [-119.62196, 38.39407], [-119.61611, 38.3989], [-119.60426, 38.40208], [-119.60197, 38.40565], [-119.59176, 38.39865], [-119.58369, 38.39662], [-119.58166, 38.40018], [-119.56829, 38.40461], [-119.56242, 38.40948], [-119.56141, 38.42037], [-119.56587, 38.42231], [-119.56596, 38.42749], [-119.57016, 38.43477], [-119.56352, 38.4378], [-119.55635, 38.44732], [-119.55892, 38.46026], [-119.5562, 38.47003], [-119.54654, 38.47364], [-119.54228, 38.48105], [-119.54548, 38.49005], [-119.5428, 38.49966], [-119.55614, 38.50163], [-119.5589, 38.50516], [-119.55577, 38.51529], [-119.55923, 38.51945], [-119.56053, 38.52545], [-119.56635, 38.52588], [-119.57036, 38.54152], [-119.57451, 38.54058], [-119.58369, 38.5521], [-119.58718, 38.55929], [-119.58656, 38.56598], [-119.58938, 38.5676], [-119.58926, 38.57401], [-119.59591, 38.58207], [-119.59551, 38.59013], [-119.5994, 38.59343], [-119.60871, 38.59513], [-119.61463, 38.60235], [-119.61899, 38.60414], [-119.62102, 38.61284], [-119.61822, 38.61975], [-119.61973, 38.62368], [-119.6164, 38.62595], [-119.61627, 38.62992], [-119.61836, 38.63199], [-119.61516, 38.63429], [-119.61692, 38.64471], [-119.61241, 38.6567], [-119.61448, 38.66594], [-119.60768, 38.66571], [-119.59884, 38.67065], [-119.59286, 38.68079], [-119.59425, 38.69068], [-119.58675, 38.70345], [-119.58175, 38.70509], [-119.58709, 38.71452]]]}, "properties": {"id": "X12", "name": "X12", "kind": "deer_zone"}}, {"type": "Feature", "geometry": {"type": "Polygon", "coordinates": [[[-118.08117, 36.63962], [-118.06718, 36.61759], [-118.0577, 36.59403], [-118.0577, 36.57676], [-118.05154, 36.56289], [-118.0438, 36.52536], [-118.03269, 36.50842], [-118.03684, 36.46388], [-118.03472, 36.44078], [-118.02811, 36.41153], [-118.04508, 36.41861], [-118.0522, 36.42575], [-118.05981, 36.42622], [-118.06353, 36.43143], [-118.06709, 36.43004], [-118.06661, 36.43272], [-118.07464, 36.43467], [-118.0806, 36.43966], [-118.08857, 36.44131], [-118.09043, 36.4443], [-118.09615, 36.44503], [-118.09488, 36.44843], [-118.09749, 36.45049], [-118.09558, 36.45371], [-118.10808, 36.45746], [-118.11464, 36.46317], [-118.12175, 36.45945], [-118.14271, 36.46423], [-118.16416, 36.4593], [-118.16063, 36.45078], [-118.16741, 36.44728], [-118.17347, 36.44696], [-118.18551, 36.452], [-118.20181, 36.4547], [-118.21556, 36.45346], [-118.21592, 36.45617], [-118.22185, 36.45982], [-118.22341, 36.46345], [-118.23293, 36.46605], [-118.23293, 36.46922], [-118.23621, 36.47128], [-118.23842, 36.47692], [-118.25002, 36.48243], [-118.24923, 36.48722], [-118.23542, 36.49398], [-118.24149, 36.49983], [-118.23828, 36.50676], [-118.23955, 36.51005], [-118.23743, 36.51137], [-118.23929, 36.51226], [-118.23955, 36.5225], [-118.248, 36.52223], [-118.25107, 36.52611], [-118.24845, 36.5327], [-118.25218, 36.54132], [-118.26059, 36.54394], [-118.26156, 36.54834], [-118.26605, 36.55159], [-118.27522, 36.5505], [-118.28084, 36.55533], [-118.29186, 36.55896], [-118.29263, 36.56884], [-118.29051, 36.57307], [-118.29467, 36.57626], [-118.28781, 36.58449], [-118.28977, 36.58852], [-118.28871, 36.59038], [-118.27942, 36.59171], [-118.27477, 36.59647], [-118.2816, 36.60427], [-118.2889, 36.60324], [-118.29666, 36.60752], [-118.30163, 36.61324], [-118.30284, 36.61972], [-118.3099, 36.62284], [-118.31139, 36.62591], [-118.32124, 36.62834], [-118.31902, 36.63996], [-118.32492, 36.64693], [-118.33846, 36.65608], [-118.33556, 36.66242], [-118.32915, 36.6664], [-118.33424, 36.67239], [-118.34782, 36.67272], [-118.35297, 36.6837], [-118.36292, 36.68702], [-118.36593, 36.69051], [-118.36338, 36.69476], [-118.34868, 36.69607], [-118.3345, 36.70616], [-118.33872, 36.72834], [-118.35121, 36.74155], [-118.36935, 36.7501], [-118.36995, 36.75653], [-118.37486, 36.76435], [-118.3724, 36.76737], [-118.37676, 36.77269], [-118.37642, 36.77911], [-118.38042, 36.78279], [-118.3724, 36.79529], [-118.37369, 36.80055], [-118.37817, 36.80484], [-118.37889, 36.80954], [-118.38335, 36.81124], [-118.38348, 36.81545], [-118.39015, 36.82147], [-118.39066, 36.82748], [-118.39327, 36.83039], [-118.38833, 36.83585], [-118.37183, 36.83633], [-118.36149, 36.84473], [-118.36221, 36.86154], [-118.36605, 36.86308], [-118.36597, 36.86892], [-118.3698, 36.87218], [-118.367, 36.88224], [-118.36122, 36.88711], [-118.36633, 36.89185], [-118.37003, 36.89996], [-118.36675, 36.90654], [-118.37039, 36.9085], [-118.38094, 36.92265], [-118.38323, 36.93536], [-118.38872, 36.94639], [-118.3972, 36.95796], [-118.40465, 36.9579], [-118.40357, 36.9714], [-118.40921, 36.97474], [-118.40773, 36.97994], [-118.40901, 36.98294], [-118.42026, 36.98903], [-118.41998, 36.99489], [-118.41289, 36.99893], [-118.41717, 37.0046], [-118.4272, 37.01158], [-118.42223, 37.01757], [-118.42253, 37.02605], [-118.42863, 37.03394], [-118.43927, 37.03988], [-118.44044, 37.0463], [-118.43449, 37.05026], [-118.43796, 37.05589], [-118.43645, 37.05997], [-118.44834, 37.06932], [-118.46587, 37.06735], [-118.47083, 37.07301], [-118.4858, 37.07741], [-118.49032, 37.08207], [-118.49188, 37.08708], [-118.50264, 37.09532], [-118.5125, 37.09359], [-118.52307, 37.09926], [-118.53174, 37.10846], [-118.53173, 37.11172], [-118.54696, 37.11508], [-118.56342, 37.1135], [-118.56747, 37.11506], [-118.56881, 37.12292], [-118.58506, 37.12415], [-118.59205, 37.13804], [-118.59915, 37.13676], [-118.61367, 37.14275], [-118.62506, 37.14006], [-118.6295, 37.13698], [-118.63568, 37.13879], [-118.64082, 37.13698], [-118.65389, 37.14106], [-118.65702, 37.14738], [-118.66089, 37.14822], [-118.66102, 37.15062], [-118.66714, 37.15422], [-118.66674, 37.16138], [-118.67279, 37.16792], [-118.6672, 37.17239], [-118.66443, 37.17791], [-118.66687, 37.18353], [-118.66612, 37.19002], [-118.67274, 37.19434], [-118.68062, 37.20445], [-118.67625, 37.21322], [-118.67855, 37.21425], [-118.679, 37.22034], [-118.68596, 37.22799], [-118.68244, 37.23344], [-118.6841, 37.23899], [-118.68102, 37.24017], [-118.67429, 37.23649], [-118.66579, 37.23644], [-118.65188, 37.23108], [-118.64907, 37.23367], [-118.64343, 37.22973], [-118.62967, 37.2267], [-118.61316, 37.23133], [-118.60846, 37.22748], [-118.60868, 37.22144], [-118.6049, 37.22192], [-118.59635, 37.23339], [-118.59684, 37.24243], [-118.58181, 37.25088], [-118.57944, 37.25751], [-118.57993, 37.26468], [-118.57409, 37.27512], [-118.55125, 37.29364], [-118.52974, 37.30289], [-118.53436, 37.30177], [-118.5185, 37.31493], [-118.51414, 37.32565], [-118.52379, 37.32795], [-118.52302, 37.33197], [-118.50687, 37.33948], [-118.4795, 37.3421], [-118.45409, 37.361], [-118.39554, 37.36135], [-118.395, 37.33238], [-118.3754, 37.29467], [-118.37155, 37.27785], [-118.35999, 37.25571], [-118.3458, 37.22968], [-118.29013, 37.17328], [-118.28936, 37.15639], [-118.25471, 37.11013], [-118.23989, 37.06494], [-118.23423, 37.05402], [-118.23101, 37.02538], [-118.23305, 36.99182], [-118.23928, 36.96141], [-118.24174, 36.89117], [-118.229, 36.83743], [-118.20752, 36.81506], [-118.19126, 36.79008], [-118.13117, 36.70878], [-118.09709, 36.67332], [-118.08117, 36.63962]]]}, "properties": {"id": "X9B", "name": "X9b", "kind": "deer_zone"}}, {"type": "Feature", "geometry": {"type": "Polygon", "coordinates": [[[-117.90351, 35.60152], [-117.97812, 35.43621], [-117.97884, 35.41956], [-117.98548, 35.39648], [-117.98453, 35.38448], [-117.98069, 35.37905], [-117.98183, 35.36352], [-117.97299, 35.35122], [-117.97084, 35.34392], [-117.98133, 35.3184], [-118.03264, 35.27052], [-118.05427, 35.21391], [-118.14411, 35.09847], [-118.17977, 35.11416], [-118.22191, 35.11826], [-118.25451, 35.10545], [-118.26973, 35.10493], [-118.3034, 35.09706], [-118.32133, 35.10984], [-118.35179, 35.11084], [-118.36754, 35.1151], [-118.37863, 35.11565], [-118.40767, 35.12338], [-118.41428, 35.13096], [-118.43319, 35.13943], [-118.46558, 35.14078], [-118.46918, 35.14366], [-118.46939, 35.15012], [-118.47338, 35.15611], [-118.47359, 35.16839], [-118.48233, 35.17781], [-118.50095, 35.18494], [-118.51943, 35.19898], [-118.55106, 35.21498], [-118.55934, 35.22192], [-118.56645, 35.22337], [-118.56885, 35.22974], [-118.5787, 35.23922], [-118.58735, 35.24085], [-118.59482, 35.24797], [-118.60321, 35.25079], [-118.62068, 35.26199], [-118.65815, 35.26436], [-118.67965, 35.26992], [-118.69897, 35.26902], [-118.71213, 35.27647], [-118.7224, 35.27891], [-118.76641, 35.29815], [-118.80554, 35.3294], [-118.89832, 35.35124], [-118.96757, 35.35327], [-119.03938, 35.35218], [-119.03943, 35.36186], [-119.04386, 35.3732], [-119.04441, 35.38317], [-119.03784, 35.38105], [-119.01872, 35.38089], [-118.99487, 35.38373], [-118.9857, 35.38644], [-118.97682, 35.39213], [-118.95988, 35.39622], [-118.87991, 35.39831], [-118.86968, 35.40447], [-118.82826, 35.41779], [-118.81373, 35.43054], [-118.79504, 35.4401], [-118.78227, 35.45042], [-118.7784, 35.4606], [-118.76239, 35.46155], [-118.75093, 35.46964], [-118.75263, 35.47544], [-118.74748, 35.48088], [-118.73189, 35.47865], [-118.72947, 35.47405], [-118.72074, 35.47552], [-118.71388, 35.47255], [-118.70958, 35.47801], [-118.71133, 35.49019], [-118.70803, 35.49255], [-118.69789, 35.49379], [-118.69108, 35.50418], [-118.68938, 35.51288], [-118.66402, 35.52684], [-118.6473, 35.53147], [-118.63274, 35.53186], [-118.6315, 35.53589], [-118.62344, 35.53836], [-118.61612, 35.54537], [-118.61545, 35.55592], [-118.61324, 35.55817], [-118.60315, 35.55963], [-118.59522, 35.55636], [-118.58866, 35.55711], [-118.58667, 35.55846], [-118.58636, 35.56585], [-118.58409, 35.56865], [-118.56983, 35.56882], [-118.56753, 35.57283], [-118.56164, 35.57565], [-118.5581, 35.5815], [-118.54709, 35.57932], [-118.52985, 35.58366], [-118.51497, 35.59826], [-118.50227, 35.60154], [-118.49089, 35.61006], [-118.47331, 35.63398], [-118.45829, 35.6469], [-118.45692, 35.65206], [-118.44829, 35.6566], [-118.43162, 35.65803], [-118.42844, 35.6493], [-118.41969, 35.651], [-118.41823, 35.64565], [-118.39752, 35.63565], [-118.38563, 35.63292], [-118.35343, 35.65214], [-118.33407, 35.65662], [-118.31872, 35.65716], [-118.30522, 35.66389], [-118.26711, 35.66693], [-118.24661, 35.68344], [-118.23259, 35.6903], [-118.21387, 35.69726], [-118.20755, 35.69483], [-118.19097, 35.69588], [-118.17385, 35.71322], [-118.16774, 35.72852], [-118.14839, 35.7258], [-118.13444, 35.73002], [-118.12792, 35.73361], [-118.11107, 35.74944], [-118.10103, 35.75066], [-118.09082, 35.74771], [-118.07846, 35.73857], [-118.07729, 35.72509], [-118.06952, 35.71462], [-118.06918, 35.70756], [-118.05723, 35.69604], [-118.05407, 35.68892], [-118.04596, 35.6811], [-118.04311, 35.6708], [-118.03919, 35.66573], [-118.03534, 35.66846], [-118.03189, 35.66525], [-118.01562, 35.65885], [-118.008, 35.65234], [-117.99395, 35.64812], [-117.92843, 35.60612], [-117.91963, 35.60271], [-117.90351, 35.60152]]]}, "properties": {"id": "D9", "name": "D9", "kind": "deer_zone"}}, {"type": "Feature", "geometry": {"type": "Polygon", "coordinates": [[[-118.14411, 35.09847], [-118.17781, 35.06582], [-118.16043, 35.00808], [-118.15915, 34.98114], [-118.16677, 34.88132], [-118.17177, 34.87108], [-118.17094, 34.77681], [-118.56293, 34.77453], [-118.60811, 34.77585], [-118.61814, 34.78303], [-118.65823, 34.78326], [-118.66792, 34.78164], [-118.67796, 34.77476], [-118.71755, 34.76496], [-118.7327, 34.76502], [-118.7392, 34.76851], [-118.77362, 34.77463], [-118.79584, 34.75846], [-118.8049, 34.7727], [-118.83508, 34.79227], [-118.86953, 34.79724], [-118.88413, 34.80959], [-118.8833, 34.81636], [-118.8645, 34.83443], [-118.86311, 34.83906], [-118.88011, 34.86257], [-118.89127, 34.87386], [-118.90412, 34.88661], [-118.91476, 34.89089], [-118.92196, 34.89828], [-118.92397, 34.90709], [-118.92246, 34.92795], [-118.9315, 34.94242], [-119.00489, 35.17478], [-119.01429, 35.23408], [-119.03954, 35.33059], [-119.03938, 35.35218], [-118.96757, 35.35327], [-118.89992, 35.35151], [-118.80554, 35.3294], [-118.76641, 35.29815], [-118.7224, 35.27891], [-118.71213, 35.27647], [-118.69897, 35.26902], [-118.67965, 35.26992], [-118.65815, 35.26436], [-118.62068, 35.26199], [-118.60321, 35.25079], [-118.59482, 35.24797], [-118.58735, 35.24085], [-118.5787, 35.23922], [-118.56885, 35.22974], [-118.56645, 35.22337], [-118.55934, 35.22192], [-118.55106, 35.21498], [-118.51943, 35.19898], [-118.50095, 35.18494], [-118.48233, 35.17781], [-118.47359, 35.16839], [-118.47366, 35.15712], [-118.46709, 35.14135], [-118.43319, 35.13943], [-118.41428, 35.13096], [-118.40996, 35.12499], [-118.40539, 35.1227], [-118.35179, 35.11084], [-118.32133, 35.10984], [-118.3034, 35.09706], [-118.26973, 35.10493], [-118.25451, 35.10545], [-118.22191, 35.11826], [-118.17977, 35.11416], [-118.14411, 35.09847]]]}, "properties": {"id": "D10", "name": "D10", "kind": "deer_zone"}}, {"type": "Feature", "geometry": {"type": "Polygon", "coordinates": [[[-114.52494, 34.7173], [-114.48804, 34.71734], [-114.48318, 34.71456], [-114.47225, 34.71325], [-114.46961, 34.70967], [-114.46528, 34.69083], [-114.4511, 34.6671], [-114.4517, 34.66421], [-114.4583, 34.65886], [-114.45775, 34.65669], [-114.4435, 34.64528], [-114.44082, 34.63954], [-114.4416, 34.63024], [-114.43822, 34.62074], [-114.42493, 34.60968], [-114.42474, 34.60132], [-114.4361, 34.59569], [-114.4354, 34.59303], [-114.42003, 34.57885], [-114.40628, 34.57109], [-114.37989, 34.52628], [-114.37816, 34.50646], [-114.38281, 34.49219], [-114.38186, 34.4774], [-114.3873, 34.46086], [-114.38556, 34.45634], [-114.37424, 34.44698], [-114.34192, 34.45148], [-114.33666, 34.45054], [-114.32625, 34.43742], [-114.31631, 34.43485], [-114.29667, 34.42288], [-114.29246, 34.41704], [-114.29205, 34.41067], [-114.28913, 34.40652], [-114.2836, 34.40379], [-114.2647, 34.40106], [-114.24466, 34.38289], [-114.23789, 34.38034], [-114.22771, 34.36492], [-114.2002, 34.36122], [-114.17596, 34.34847], [-114.16919, 34.33963], [-114.15735, 34.31677], [-114.13894, 34.30297], [-114.1399, 34.29484], [-114.13611, 34.28118], [-114.13708, 34.27299], [-114.13148, 34.26265], [-114.13211, 34.25967], [-114.13593, 34.25756], [-114.16485, 34.25964], [-114.16534, 34.25067], [-114.17514, 34.24726], [-114.17721, 34.24086], [-114.19496, 34.22747], [-114.21256, 34.21061], [-114.22588, 34.20326], [-114.22583, 34.19065], [-114.23069, 34.18617], [-114.24086, 34.18327], [-114.24644, 34.17815], [-114.26174, 34.17185], [-114.28675, 34.17074], [-114.2928, 34.16677], [-114.31259, 34.14474], [-114.32315, 34.13703], [-114.35252, 34.13295], [-114.36617, 34.11904], [-114.38191, 34.11508], [-114.39055, 34.10997], [-114.41122, 34.11043], [-114.41985, 34.10446], [-114.43437, 34.08789], [-114.43994, 34.05665], [-114.43525, 34.03817], [-114.43888, 34.02181], [-114.45025, 34.01272], [-114.46583, 34.01101], [-114.46712, 34.00405], [-114.46089, 34.00098], [-114.45991, 33.99507], [-114.46836, 33.99308], [-114.47304, 33.98627], [-114.48034, 33.98213], [-114.50018, 33.9621], [-114.50928, 33.95739], [-114.51504, 33.95799], [-114.52098, 33.95545], [-114.53363, 33.9394], [-114.53588, 33.93221], [-114.53465, 33.9251], [-114.5211, 33.91928], [-114.51335, 33.91298], [-114.50853, 33.90542], [-114.50901, 33.9005], [-114.51519, 33.89735], [-114.52306, 33.90126], [-114.52604, 33.90035], [-114.52263, 33.89206], [-114.50357, 33.87538], [-114.50312, 33.86861], [-114.50511, 33.8635], [-114.5148, 33.85851], [-114.5251, 33.85964], [-114.53013, 33.85719], [-114.52966, 33.84754], [-114.51973, 33.82594], [-114.52222, 33.81946], [-114.52823, 33.81483], [-114.51882, 33.79665], [-114.50473, 33.75983], [-114.50547, 33.74835], [-114.51252, 33.73402], [-114.5053, 33.72917], [-114.49626, 33.71867], [-114.49431, 33.71217], [-114.4972, 33.69643], [-114.52327, 33.68628], [-114.52993, 33.68044], [-114.53171, 33.67365], [-114.52946, 33.66548], [-114.52419, 33.66274], [-114.51617, 33.66255], [-114.51407, 33.65868], [-114.51818, 33.65587], [-114.53123, 33.65397], [-114.53311, 33.65132], [-114.53295, 33.64812], [-114.52646, 33.64207], [-114.52361, 33.63615], [-114.52566, 33.63068], [-114.53034, 33.62871], [-114.53097, 33.62469], [-114.52184, 33.61156], [-114.53041, 33.60547], [-114.54057, 33.59015], [-114.54011, 33.57902], [-114.5322, 33.56292], [-114.52454, 33.55293], [-114.55725, 33.53314], [-114.55963, 33.52972], [-114.56079, 33.51776], [-114.56726, 33.51064], [-114.58984, 33.50124], [-114.60077, 33.48278], [-114.62196, 33.45875], [-114.62233, 33.447], [-114.62831, 33.42968], [-114.63907, 33.41951], [-114.64835, 33.41395], [-114.6569, 33.41272], [-114.67516, 33.41838], [-114.68927, 33.41786], [-114.69546, 33.41531], [-114.70187, 33.40855], [-114.72199, 33.40811], [-114.7255, 33.40507], [-114.72361, 33.3993], [-114.70736, 33.38331], [-114.7069, 33.37582], [-114.69875, 33.36034], [-114.69839, 33.3524], [-114.69991, 33.33984], [-114.70712, 33.32457], [-114.72214, 33.31328], [-114.73156, 33.30306], [-114.72154, 33.2869], [-114.68476, 33.27675], [-114.67817, 33.27221], [-114.6719, 33.2596], [-114.67311, 33.25642], [-114.68931, 33.24619], [-114.67301, 33.2237], [-114.67864, 33.20367], [-114.6751, 33.18452], [-114.67938, 33.17175], [-114.67856, 33.15979], [-114.68694, 33.14189], [-114.69865, 33.12675], [-114.70767, 33.09702], [-114.70716, 33.08935], [-114.68842, 33.08371], [-114.68789, 33.07267], [-114.67418, 33.05732], [-114.6746, 33.04511], [-114.66986, 33.03811], [-114.66219, 33.03353], [-114.65795, 33.03429], [-114.64918, 33.04732], [-114.64486, 33.04915], [-114.63721, 33.04361], [-114.62679, 33.03006], [-114.61683, 33.02718], [-114.58797, 33.02686], [-114.57833, 33.03548], [-114.5724, 33.03713], [-114.52558, 33.03132], [-114.51287, 33.02517], [-114.50455, 33.01481], [-114.49943, 33.00372], [-114.49337, 32.97248], [-114.48896, 32.9702], [-114.47399, 32.97549], [-114.47002, 32.97399], [-114.46731, 32.96769], [-114.46953, 32.95195], [-114.48107, 32.93542], [-114.47745, 32.92466], [-114.46498, 32.91423], [-114.46289, 32.91019], [-114.46945, 32.84534], [-114.49321, 32.82397], [-114.51054, 32.81642], [-114.5305, 32.79406], [-114.53282, 32.78021], [-114.52691, 32.75742], [-114.53881, 32.75711], [-114.53885, 32.74983], [-114.5635, 32.7497], [-114.56431, 32.74246], [-114.58154, 32.74251], [-114.58161, 32.73576], [-114.61481, 32.73452], [-114.6171, 32.72813], [-114.68708, 32.73718], [-114.70187, 32.7454], [-114.71348, 32.73143], [-114.71919, 32.71874], [-115.4947, 32.66499], [-115.49472, 32.66762], [-115.49838, 32.66759], [-115.49927, 32.68686], [-115.50151, 32.84003], [-115.51004, 32.84815], [-115.51025, 32.85451], [-115.51004, 32.95282], [-115.50489, 32.9677], [-115.50093, 32.9724], [-115.50185, 32.99257], [-115.50728, 32.99834], [-115.5264, 33.00123], [-115.52706, 33.01578], [-115.52642, 33.07655], [-115.515, 33.09166], [-115.5144, 33.13289], [-115.51937, 33.14162], [-115.51995, 33.24422], [-115.56383, 33.26644], [-115.63956, 33.35801], [-115.6987, 33.37701], [-115.70826, 33.37439], [-115.73606, 33.35689], [-115.74501, 33.35624], [-115.75879, 33.36047], [-115.78555, 33.3794], [-115.79883, 33.39636], [-115.82449, 33.41774], [-115.84562, 33.44817], [-115.88485, 33.4728], [-115.91722, 33.51003], [-115.92983, 33.516], [-115.94387, 33.52912], [-115.95462, 33.5325], [-116.02113, 33.53724], [-116.06522, 33.55578], [-116.17906, 33.68551], [-116.20911, 33.71691], [-116.20443, 33.7242], [-116.20077, 33.72612], [-116.21632, 33.73824], [-116.25084, 33.73957], [-116.2678, 33.74898], [-116.32158, 33.76658], [-116.48718, 33.86631], [-116.52921, 33.89944], [-116.54369, 33.90461], [-116.56003, 33.90547], [-116.60322, 33.91441], [-116.59389, 33.95169], [-116.57511, 34.00865], [-116.57618, 34.01365], [-116.58382, 34.02059], [-116.58511, 34.02687], [-116.59017, 34.03044], [-116.59177, 34.03457], [-116.57346, 34.05357], [-116.53727, 34.07923], [-116.48086, 34.10905], [-116.44179, 34.12053], [-116.42246, 34.12081], [-116.39638, 34.12803], [-116.38354, 34.13461], [-115.91476, 34.13673], [-115.8946, 34.12212], [-115.774, 34.1226], [-115.68286, 34.10995], [-115.62983, 34.09846], [-115.59935, 34.09452], [-115.58377, 34.09016], [-115.57852, 34.08365], [-115.56545, 34.0752], [-115.55056, 34.07304], [-115.52916, 34.11345], [-115.52439, 34.1174], [-115.48024, 34.11157], [-115.40972, 34.09237], [-115.39152, 34.09121], [-115.35813, 34.08383], [-115.22005, 34.04696], [-115.192, 34.06376], [-115.1718, 34.06732], [-115.11503, 34.08704], [-114.93706, 34.10758], [-114.83316, 34.0796], [-114.79335, 34.0796], [-114.73142, 34.09004], [-114.68908, 34.10756], [-114.67643, 34.12247], [-114.5974, 34.18348], [-114.57489, 34.18917], [-114.60376, 34.19459], [-114.64142, 34.2347], [-114.65132, 34.28215], [-114.65524, 34.37155], [-114.65259, 34.40106], [-114.64904, 34.52043], [-114.64361, 34.57366], [-114.64264, 34.58144], [-114.63115, 34.59671], [-114.64131, 34.6172], [-114.63616, 34.62709], [-114.63633, 34.63208], [-114.62749, 34.64696], [-114.62913, 34.6696], [-114.62295, 34.67441], [-114.62131, 34.68], [-114.6166, 34.68361], [-114.61302, 34.69742], [-114.61429, 34.71133], [-114.60267, 34.73004], [-114.60222, 34.7456], [-114.5971, 34.75725], [-114.59616, 34.77091], [-114.60894, 34.79424], [-114.60583, 34.80427], [-114.60022, 34.8107], [-114.60144, 34.81695], [-114.59653, 34.8232], [-114.5768, 34.76573], [-114.5435, 34.72618], [-114.52494, 34.7173]]]}, "properties": {"id": "D12", "name": "D12", "kind": "deer_zone"}}, {"type": "Feature", "geometry": {"type": "Polygon", "coordinates": [[[-117.12072, 34.47216], [-117.0942, 34.4716], [-117.06839, 34.45424], [-117.05083, 34.45037], [-117.007, 34.45091], [-116.9816, 34.44374], [-116.85792, 34.44368], [-116.75801, 34.4196], [-116.72889, 34.41502], [-116.70642, 34.39972], [-116.68519, 34.39785], [-116.65351, 34.37061], [-116.53961, 34.36789], [-116.53547, 34.36484], [-116.5252, 34.34912], [-116.51145, 34.34538], [-116.48845, 34.33343], [-116.45169, 34.28057], [-116.44705, 34.26776], [-116.43938, 34.25853], [-116.43949, 34.20952], [-116.44591, 34.19987], [-116.43238, 34.18688], [-116.42516, 34.17378], [-116.41877, 34.14748], [-116.4123, 34.13876], [-116.4142, 34.12371], [-116.42378, 34.12065], [-116.44179, 34.12053], [-116.48086, 34.10905], [-116.53727, 34.07923], [-116.56977, 34.05657], [-116.58717, 34.04031], [-116.59147, 34.03276], [-116.58511, 34.02687], [-116.58382, 34.02059], [-116.57618, 34.01365], [-116.57511, 34.00865], [-116.59389, 33.95169], [-116.60322, 33.91441], [-116.64037, 33.92374], [-116.6579, 33.92205], [-116.69588, 33.92475], [-116.71299, 33.92115], [-116.73666, 33.92498], [-116.74751, 33.92167], [-116.77079, 33.91916], [-116.79967, 33.91909], [-116.81, 33.92306], [-116.81944, 33.93003], [-116.82989, 33.93159], [-116.86295, 33.92443], [-116.98115, 33.92769], [-116.9965, 33.93748], [-117.00696, 33.94916], [-117.0479, 33.97623], [-117.07039, 34.01092], [-117.09254, 34.01507], [-117.10736, 34.02335], [-117.14924, 34.03652], [-117.15389, 34.03947], [-117.16505, 34.05548], [-117.17647, 34.06107], [-117.19337, 34.06207], [-117.20232, 34.06621], [-117.25088, 34.06644], [-117.26747, 34.06369], [-117.28913, 34.06341], [-117.3534, 34.06889], [-117.50509, 34.06551], [-117.51808, 34.06763], [-117.54495, 34.06732], [-117.54485, 34.08539], [-117.54318, 34.09527], [-117.54062, 34.0988], [-117.46285, 34.16328], [-117.42162, 34.19307], [-117.41257, 34.2082], [-117.40946, 34.22539], [-117.4386, 34.2478], [-117.44811, 34.2528], [-117.44999, 34.25694], [-117.4494, 34.27321], [-117.45222, 34.2806], [-117.45215, 34.29101], [-117.46085, 34.30257], [-117.46776, 34.30586], [-117.47917, 34.31584], [-117.48241, 34.32408], [-117.48171, 34.33441], [-117.47591, 34.33969], [-117.45973, 34.3405], [-117.44203, 34.34724], [-117.43492, 34.36028], [-117.34611, 34.47036], [-117.12867, 34.47212], [-117.12588, 34.47418], [-117.12072, 34.47216]]]}, "properties": {"id": "D14", "name": "D14", "kind": "deer_zone"}}, {"type": "Feature", "geometry": {"type": "Polygon", "coordinates": [[[-124.29969, 40.62229], [-124.29162, 40.6206], [-124.28732, 40.62257], [-124.27237, 40.61831], [-124.247, 40.62769], [-124.23684, 40.61805], [-124.21018, 40.61589], [-124.2045, 40.61136], [-124.16809, 40.59836], [-124.16317, 40.59157], [-124.16317, 40.58369], [-124.15894, 40.58239], [-124.1542, 40.57111], [-124.16219, 40.55359], [-124.16234, 40.54459], [-124.15704, 40.54034], [-124.16262, 40.52837], [-124.16103, 40.51687], [-124.15552, 40.51183], [-124.14656, 40.50943], [-124.1378, 40.50817], [-124.10552, 40.51013], [-124.09086, 40.50437], [-124.08866, 40.49987], [-124.09057, 40.49696], [-124.10566, 40.48757], [-124.10952, 40.48249], [-124.11044, 40.47682], [-124.10657, 40.47064], [-124.0891, 40.45943], [-124.06993, 40.45424], [-124.05696, 40.46095], [-124.04408, 40.45957], [-124.03402, 40.44454], [-124.02551, 40.44925], [-124.02081, 40.44945], [-124.01686, 40.45339], [-124.00663, 40.45507], [-123.99172, 40.45403], [-123.98821, 40.45217], [-123.9797, 40.44076], [-123.98065, 40.43255], [-123.97792, 40.42296], [-123.96259, 40.42235], [-123.944, 40.42647], [-123.93636, 40.42494], [-123.93304, 40.41253], [-123.93361, 40.40039], [-123.92628, 40.38755], [-123.9191, 40.3799], [-123.92239, 40.37245], [-123.91623, 40.36261], [-123.92057, 40.35394], [-123.9291, 40.35412], [-123.93263, 40.34527], [-123.94001, 40.34277], [-123.93421, 40.33387], [-123.92751, 40.32909], [-123.92862, 40.32005], [-123.91762, 40.31389], [-123.91595, 40.31016], [-123.9112, 40.30716], [-123.89467, 40.30142], [-123.89527, 40.29769], [-123.89993, 40.29549], [-123.90182, 40.29103], [-123.89588, 40.28393], [-123.89023, 40.28288], [-123.88818, 40.27407], [-123.88062, 40.27272], [-123.87588, 40.26905], [-123.87949, 40.26239], [-123.87839, 40.26018], [-123.86838, 40.26297], [-123.86483, 40.26945], [-123.85781, 40.27286], [-123.86146, 40.27583], [-123.8594, 40.27952], [-123.86093, 40.28139], [-123.8563, 40.28151], [-123.85085, 40.27279], [-123.85079, 40.26838], [-123.84685, 40.26588], [-123.84362, 40.25971], [-123.83546, 40.25609], [-123.82513, 40.25607], [-123.82695, 40.24944], [-123.82528, 40.24517], [-123.83235, 40.23507], [-123.82629, 40.22869], [-123.82351, 40.22166], [-123.81402, 40.21732], [-123.80458, 40.22176], [-123.79103, 40.22139], [-123.78945, 40.21665], [-123.7916, 40.20972], [-123.78948, 40.20585], [-123.77829, 40.20253], [-123.77421, 40.1964], [-123.76911, 40.19386], [-123.77404, 40.18338], [-123.78171, 40.17983], [-123.78261, 40.16786], [-123.7957, 40.15762], [-123.79615, 40.15176], [-123.81324, 40.14121], [-123.82448, 40.12645], [-123.83279, 40.12679], [-123.83622, 40.12429], [-123.83607, 40.11902], [-123.83249, 40.11497], [-123.82093, 40.11303], [-123.79875, 40.11658], [-123.79536, 40.11465], [-123.79887, 40.11138], [-123.79777, 40.10269], [-123.80621, 40.09642], [-123.79747, 40.09488], [-123.7953, 40.09154], [-123.80612, 40.08829], [-123.81738, 40.07788], [-123.82658, 40.0766], [-123.82786, 40.07069], [-123.82384, 40.06111], [-123.81818, 40.06518], [-123.80749, 40.06056], [-123.80111, 40.06692], [-123.79128, 40.06822], [-123.77928, 40.06209], [-123.78307, 40.05818], [-123.79251, 40.05788], [-123.79546, 40.05269], [-123.79162, 40.04783], [-123.78358, 40.04417], [-123.77674, 40.03501], [-123.77751, 40.03028], [-123.78394, 40.03085], [-123.78751, 40.03465], [-123.79073, 40.03486], [-123.79287, 40.02957], [-123.79127, 40.02701], [-123.79252, 40.02344], [-123.78868, 40.02003], [-123.79115, 40.01468], [-123.78594, 40.0101], [-123.78729, 40.00653], [-123.78047, 40.00621], [-123.77921, 40.00814], [-123.77739, 40.00167], [-123.78638, 39.99926], [-123.78955, 39.99096], [-123.80086, 39.98387], [-123.80274, 39.97948], [-123.79565, 39.96584], [-123.78168, 39.95793], [-123.78077, 39.94658], [-123.77751, 39.94012], [-123.75809, 39.92741], [-123.75983, 39.92057], [-123.76735, 39.91776], [-123.75865, 39.91254], [-123.75991, 39.90462], [-123.75396, 39.90731], [-123.74928, 39.90575], [-123.74996, 39.90316], [-123.7546, 39.90107], [-123.75087, 39.89824], [-123.7536, 39.89223], [-123.74866, 39.89074], [-123.74708, 39.88715], [-123.7373, 39.88636], [-123.73177, 39.87847], [-123.71504, 39.87827], [-123.71076, 39.87475], [-123.71378, 39.86823], [-123.7239, 39.86401], [-123.72761, 39.8603], [-123.73022, 39.8568], [-123.73009, 39.85025], [-123.73601, 39.85121], [-123.73493, 39.84908], [-123.74187, 39.84942], [-123.74125, 39.85168], [-123.74427, 39.85361], [-123.74406, 39.85894], [-123.74837, 39.86081], [-123.75449, 39.86056], [-123.75972, 39.85645], [-123.7629, 39.85709], [-123.7674, 39.84691], [-123.77319, 39.84339], [-123.77261, 39.83675], [-123.7832, 39.8207], [-123.78142, 39.81786], [-123.79651, 39.8075], [-123.80653, 39.80998], [-123.80408, 39.80536], [-123.80726, 39.80078], [-123.8104, 39.79996], [-123.81034, 39.79683], [-123.81459, 39.79461], [-123.81933, 39.79795], [-123.81664, 39.79353], [-123.82025, 39.78421], [-123.82563, 39.78004], [-123.8326, 39.7796], [-123.83045, 39.76921], [-123.82479, 39.76339], [-123.81695, 39.74813], [-123.81702, 39.73815], [-123.80917, 39.73318], [-123.81584, 39.72682], [-123.81077, 39.72696], [-123.80497, 39.72057], [-123.80645, 39.72334], [-123.8028, 39.7245], [-123.80092, 39.71402], [-123.80396, 39.71164], [-123.80823, 39.71072], [-123.82476, 39.71814], [-123.83066, 39.72337], [-123.83164, 39.73015], [-123.82856, 39.7344], [-123.83318, 39.738], [-123.83133, 39.73968], [-123.83197, 39.74374], [-123.83921, 39.75663], [-123.83717, 39.77624], [-123.83972, 39.79496], [-123.84635, 39.80665], [-123.84626, 39.81679], [-123.85298, 39.83349], [-123.88148, 39.84543], [-123.88904, 39.85224], [-123.89899, 39.85589], [-123.90169, 39.86026], [-123.90745, 39.86281], [-123.91291, 39.87072], [-123.93006, 39.9097], [-123.95443, 39.92222], [-123.95876, 39.92747], [-123.96181, 39.93638], [-123.97511, 39.95283], [-123.98005, 39.96246], [-123.99588, 39.97305], [-124.00593, 39.98521], [-124.01491, 39.99074], [-124.01943, 39.99853], [-124.03699, 40.01419], [-124.05553, 40.02403], [-124.06184, 40.02534], [-124.06827, 40.02157], [-124.0733, 40.02266], [-124.08063, 40.03097], [-124.07863, 40.03623], [-124.08066, 40.04195], [-124.08073, 40.06612], [-124.08666, 40.07776], [-124.10976, 40.10304], [-124.12974, 40.11274], [-124.17079, 40.12421], [-124.18175, 40.13009], [-124.18727, 40.13027], [-124.21799, 40.16322], [-124.24004, 40.17712], [-124.25842, 40.18428], [-124.27316, 40.19646], [-124.29112, 40.20422], [-124.32093, 40.22662], [-124.32807, 40.23758], [-124.35271, 40.24995], [-124.36329, 40.26066], [-124.36366, 40.27622], [-124.35388, 40.30397], [-124.34892, 40.31132], [-124.34862, 40.31876], [-124.35347, 40.33212], [-124.36251, 40.34303], [-124.36493, 40.37343], [-124.3687, 40.38415], [-124.37892, 40.39858], [-124.39152, 40.40705], [-124.40232, 40.42188], [-124.40423, 40.43403], [-124.40961, 40.43808], [-124.40778, 40.44451], [-124.39489, 40.46544], [-124.38379, 40.49339], [-124.38323, 40.49986], [-124.38696, 40.50361], [-124.38674, 40.51138], [-124.36623, 40.54287], [-124.34061, 40.59575], [-124.31516, 40.63953], [-124.31265, 40.64133], [-124.31203, 40.6374], [-124.3069, 40.63352], [-124.30395, 40.62576], [-124.29969, 40.62229]]]}, "properties": {"id": "B4", "name": "B4", "kind": "deer_zone"}}, {"type": "Feature", "geometry": {"type": "Polygon", "coordinates": [[[-117.60426, 34.06834], [-117.51808, 34.06763], [-117.50509, 34.06551], [-117.3534, 34.06889], [-117.28913, 34.06341], [-117.26747, 34.06369], [-117.25088, 34.06644], [-117.20232, 34.06621], [-117.19337, 34.06207], [-117.17647, 34.06107], [-117.16505, 34.05548], [-117.15389, 34.03947], [-117.14924, 34.03652], [-117.10736, 34.02335], [-117.09438, 34.01569], [-117.07257, 34.01186], [-117.06814, 34.00911], [-117.0479, 33.97623], [-117.00696, 33.94916], [-116.99361, 33.93535], [-116.98274, 33.92846], [-116.97727, 33.92728], [-116.97732, 33.91729], [-116.98768, 33.89909], [-116.9924, 33.87503], [-117.00088, 33.86854], [-117.00798, 33.86724], [-117.00917, 33.85622], [-117.00542, 33.84894], [-116.97347, 33.82229], [-116.97152, 33.79439], [-116.97112, 33.67271], [-116.94964, 33.67137], [-116.94621, 33.66448], [-116.93827, 33.64098], [-116.93715, 33.62502], [-116.93441, 33.61669], [-116.93489, 33.60969], [-116.93971, 33.60097], [-116.9393, 33.5919], [-116.92633, 33.57269], [-116.92198, 33.57258], [-116.92003, 33.56579], [-116.91136, 33.55751], [-116.90636, 33.54457], [-116.90926, 33.53953], [-116.90749, 33.53595], [-116.90948, 33.53244], [-116.90675, 33.52926], [-116.89964, 33.52919], [-116.9015, 33.52087], [-116.89705, 33.50298], [-116.90317, 33.4955], [-116.90627, 33.49464], [-116.91174, 33.486], [-116.91413, 33.46503], [-116.92228, 33.46332], [-116.92545, 33.46344], [-116.92871, 33.4676], [-116.95145, 33.4702], [-116.96197, 33.46635], [-116.97493, 33.46499], [-117.00746, 33.46889], [-117.01743, 33.47132], [-117.05878, 33.49133], [-117.11934, 33.476], [-117.13063, 33.47581], [-117.14004, 33.48067], [-117.13525, 33.45185], [-117.13753, 33.44203], [-117.16906, 33.40174], [-117.17533, 33.38464], [-117.17418, 33.37844], [-117.16033, 33.35929], [-117.1601, 33.33099], [-117.17729, 33.31598], [-117.19674, 33.31487], [-117.21556, 33.30299], [-117.22542, 33.29121], [-117.22522, 33.28269], [-117.23533, 33.27582], [-117.23642, 33.25917], [-117.24095, 33.25509], [-117.24466, 33.25318], [-117.25639, 33.25462], [-117.29275, 33.24325], [-117.31411, 33.23017], [-117.31787, 33.23071], [-117.33091, 33.22616], [-117.35182, 33.209], [-117.36035, 33.20827], [-117.36406, 33.20438], [-117.38436, 33.1934], [-117.39464, 33.20504], [-117.39451, 33.20718], [-117.39197, 33.2048], [-117.38936, 33.20544], [-117.3941, 33.20828], [-117.39453, 33.21259], [-117.39775, 33.2106], [-117.39655, 33.20934], [-117.40369, 33.21147], [-117.40167, 33.21453], [-117.39696, 33.21562], [-117.40036, 33.21985], [-117.40418, 33.21557], [-117.46869, 33.29486], [-117.51276, 33.33901], [-117.54747, 33.36419], [-117.56402, 33.37168], [-117.57385, 33.3791], [-117.58947, 33.38261], [-117.59561, 33.38657], [-117.60212, 33.3988], [-117.62292, 33.42198], [-117.65693, 33.44863], [-117.68162, 33.46163], [-117.68886, 33.46211], [-117.68963, 33.45957], [-117.70575, 33.46298], [-117.70791, 33.46041], [-117.71455, 33.46002], [-117.71532, 33.46476], [-117.72574, 33.48267], [-117.73356, 33.48441], [-117.74188, 33.49827], [-117.74596, 33.50034], [-117.75602, 33.51282], [-117.76034, 33.51395], [-117.76629, 33.5232], [-117.77664, 33.53134], [-117.78416, 33.54075], [-117.80554, 33.54677], [-117.81058, 33.55185], [-117.8146, 33.55049], [-117.81597, 33.55343], [-117.81964, 33.5535], [-117.82076, 33.55856], [-117.83343, 33.56577], [-117.84093, 33.57363], [-117.86409, 33.58459], [-117.87231, 33.59224], [-117.928, 33.60582], [-117.93955, 33.61908], [-117.95639, 33.62837], [-117.95683, 33.63135], [-117.96097, 33.63048], [-118.00205, 33.65474], [-118.03313, 33.6796], [-118.06168, 33.7082], [-118.09033, 33.72982], [-118.08638, 33.73211], [-118.08932, 33.73566], [-118.0962, 33.73788], [-118.10022, 33.73517], [-118.11493, 33.74204], [-118.11603, 33.74717], [-118.11863, 33.74454], [-118.13628, 33.75396], [-118.15095, 33.75902], [-118.17994, 33.76396], [-118.19036, 33.75981], [-118.19206, 33.75972], [-118.19061, 33.76107], [-118.1922, 33.76198], [-118.19612, 33.75992], [-118.20447, 33.76443], [-118.20464, 33.77673], [-118.20647, 33.77671], [-118.20664, 33.76447], [-118.1981, 33.75559], [-118.18767, 33.75186], [-118.19006, 33.74911], [-118.18644, 33.73917], [-118.20388, 33.73862], [-118.2021, 33.74061], [-118.19549, 33.74064], [-118.19228, 33.74499], [-118.19719, 33.74515], [-118.1973, 33.75131], [-118.1988, 33.75131], [-118.19886, 33.74419], [-118.20665, 33.74474], [-118.2072, 33.75087], [-118.21293, 33.7478], [-118.20654, 33.74038], [-118.2154, 33.74629], [-118.21523, 33.75131], [-118.20769, 33.75495], [-118.20742, 33.76022], [-118.21314, 33.75646], [-118.214, 33.76274], [-118.21499, 33.75742], [-118.21671, 33.75742], [-118.22075, 33.7651], [-118.21975, 33.76732], [-118.20808, 33.77227], [-118.22107, 33.76997], [-118.20981, 33.77733], [-118.2246, 33.77093], [-118.24606, 33.76566], [-118.24892, 33.76513], [-118.25097, 33.76967], [-118.25952, 33.762], [-118.26007, 33.76582], [-118.26224, 33.7661], [-118.26109, 33.75893], [-118.26716, 33.75325], [-118.26855, 33.75959], [-118.26957, 33.75366], [-118.27437, 33.75731], [-118.27094, 33.76658], [-118.27617, 33.76617], [-118.27974, 33.76828], [-118.2762, 33.76178], [-118.2767, 33.75827], [-118.28844, 33.75301], [-118.27947, 33.75493], [-118.27346, 33.75273], [-118.27446, 33.74839], [-118.27816, 33.74833], [-118.27561, 33.74711], [-118.27865, 33.73811], [-118.27559, 33.73067], [-118.2777, 33.73094], [-118.27403, 33.72812], [-118.27115, 33.72033], [-118.27365, 33.71954], [-118.27384, 33.71392], [-118.27622, 33.71525], [-118.27723, 33.7232], [-118.2783, 33.72068], [-118.28003, 33.72467], [-118.28225, 33.72419], [-118.28009, 33.71834], [-118.28453, 33.71377], [-118.28104, 33.70891], [-118.29387, 33.7044], [-118.29848, 33.70957], [-118.3129, 33.71416], [-118.3175, 33.71356], [-118.32353, 33.71837], [-118.34291, 33.72583], [-118.35182, 33.72714], [-118.36035, 33.7368], [-118.37497, 33.73697], [-118.37541, 33.73915], [-118.38126, 33.74181], [-118.39777, 33.73586], [-118.40385, 33.74065], [-118.41186, 33.74127], [-118.41382, 33.75243], [-118.41889, 33.75997], [-118.4181, 33.76212], [-118.42268, 33.76359], [-118.42462, 33.76693], [-118.4224, 33.7681], [-118.42268, 33.77108], [-118.42871, 33.7736], [-118.42136, 33.78402], [-118.40775, 33.79098], [-118.40887, 33.79648], [-118.40514, 33.8], [-118.39348, 33.80555], [-118.39062, 33.82096], [-118.39149, 33.84173], [-118.39648, 33.84375], [-118.39478, 33.84517], [-118.39571, 33.84762], [-118.39956, 33.85102], [-118.41126, 33.88111], [-118.44183, 33.93962], [-118.45632, 33.96167], [-118.45481, 33.96586], [-118.4589, 33.96511], [-118.48726, 33.99996], [-118.4937, 34.00673], [-118.49838, 34.00837], [-118.47377, 34.0232], [-118.45677, 34.02746], [-118.43419, 34.032], [-118.39529, 34.02904], [-118.37944, 34.03684], [-118.35799, 34.03385], [-118.27243, 34.03784], [-118.24239, 34.0237], [-118.22414, 34.02974], [-118.21445, 34.04823], [-118.21412, 34.05517], [-118.20589, 34.0536], [-118.18481, 34.0555], [-118.17045, 34.06152], [-118.1645, 34.06111], [-118.1441, 34.07139], [-118.05265, 34.07229], [-118.04285, 34.06874], [-118.02359, 34.06798], [-118.00862, 34.06408], [-117.94144, 34.07235], [-117.88091, 34.07191], [-117.86809, 34.07141], [-117.85823, 34.06793], [-117.83954, 34.06863], [-117.82592, 34.06393], [-117.81618, 34.06363], [-117.80715, 34.06475], [-117.78812, 34.07268], [-117.75933, 34.07113], [-117.73324, 34.08132], [-117.70017, 34.08183], [-117.68355, 34.08725], [-117.65043, 34.08737], [-117.6373, 34.08561], [-117.60426, 34.06834]]]}, "properties": {"id": "D15", "name": "D15", "kind": "deer_zone"}}, {"type": "Feature", "geometry": {"type": "Polygon", "coordinates": [[[-116.8087, 33.92242], [-116.79967, 33.91909], [-116.78049, 33.91876], [-116.74924, 33.92139], [-116.73666, 33.92498], [-116.71299, 33.92115], [-116.69588, 33.92475], [-116.6579, 33.92205], [-116.64037, 33.92374], [-116.56003, 33.90547], [-116.54369, 33.90461], [-116.52921, 33.89944], [-116.48718, 33.86631], [-116.32158, 33.76658], [-116.2678, 33.74898], [-116.25084, 33.73957], [-116.21632, 33.73824], [-116.20077, 33.72612], [-116.20443, 33.7242], [-116.20911, 33.71691], [-116.17906, 33.68551], [-116.06836, 33.5581], [-116.02113, 33.53724], [-115.95462, 33.5325], [-115.94387, 33.52912], [-115.92983, 33.516], [-115.91722, 33.51003], [-115.88485, 33.4728], [-115.84562, 33.44817], [-115.82449, 33.41774], [-115.79883, 33.39636], [-115.78555, 33.3794], [-115.76304, 33.36275], [-115.74697, 33.35656], [-115.73802, 33.35641], [-115.70826, 33.37439], [-115.69521, 33.37687], [-115.63776, 33.35694], [-115.56383, 33.26644], [-115.52357, 33.24694], [-115.51935, 33.24256], [-115.51937, 33.14162], [-115.5144, 33.13289], [-115.515, 33.09166], [-115.52642, 33.07655], [-115.52686, 32.9902], [-115.53076, 32.9785], [-115.57492, 32.98029], [-115.61306, 33.03573], [-115.61618, 33.03735], [-115.71102, 33.03845], [-115.73093, 33.06421], [-115.75011, 33.08105], [-115.7602, 33.08355], [-115.76833, 33.08953], [-115.79991, 33.10355], [-115.83962, 33.10969], [-115.85491, 33.12507], [-116.05803, 33.12578], [-116.10464, 33.13964], [-116.12991, 33.14324], [-116.14905, 33.14887], [-116.22529, 33.15933], [-116.24621, 33.1566], [-116.26913, 33.14302], [-116.27493, 33.14337], [-116.29318, 33.13858], [-116.29939, 33.13512], [-116.30144, 33.13098], [-116.35334, 33.13553], [-116.36447, 33.13396], [-116.37463, 33.13693], [-116.39587, 33.13228], [-116.43405, 33.12872], [-116.4359, 33.12588], [-116.43459, 33.11969], [-116.44914, 33.11001], [-116.45099, 33.10575], [-116.45944, 33.10008], [-116.46702, 33.09993], [-116.48494, 33.09411], [-116.49527, 33.09404], [-116.49564, 33.10663], [-116.50328, 33.11035], [-116.5041, 33.1194], [-116.51222, 33.12661], [-116.51718, 33.1816], [-116.51265, 33.1812], [-116.51218, 33.17816], [-116.49499, 33.17782], [-116.49531, 33.18118], [-116.50824, 33.18084], [-116.50823, 33.18489], [-116.51248, 33.18502], [-116.51292, 33.19242], [-116.50869, 33.19217], [-116.50826, 33.19561], [-116.49988, 33.19574], [-116.49973, 33.20311], [-116.50405, 33.20308], [-116.50384, 33.21046], [-116.49535, 33.21053], [-116.49559, 33.22166], [-116.49112, 33.22165], [-116.49123, 33.22485], [-116.49545, 33.22487], [-116.49573, 33.22854], [-116.4915, 33.22866], [-116.49133, 33.2429], [-116.49978, 33.24295], [-116.50103, 33.25255], [-116.50143, 33.34123], [-116.55868, 33.34152], [-116.55826, 33.37659], [-116.57261, 33.37658], [-116.57344, 33.36304], [-116.61386, 33.36336], [-116.61428, 33.36734], [-116.61804, 33.36695], [-116.61802, 33.37056], [-116.6057, 33.37071], [-116.60549, 33.37425], [-116.61798, 33.37409], [-116.61765, 33.42728], [-116.83671, 33.42689], [-116.8428, 33.43421], [-116.84871, 33.43295], [-116.8495, 33.43719], [-116.85278, 33.43987], [-116.86947, 33.44424], [-116.8847, 33.4448], [-116.8956, 33.45022], [-116.90014, 33.45755], [-116.91771, 33.46497], [-116.91413, 33.46503], [-116.91236, 33.46885], [-116.91387, 33.47464], [-116.91138, 33.48672], [-116.90627, 33.49464], [-116.90317, 33.4955], [-116.89705, 33.50298], [-116.9015, 33.52087], [-116.89964, 33.52919], [-116.90675, 33.52926], [-116.90948, 33.53244], [-116.90749, 33.53595], [-116.90926, 33.53953], [-116.90636, 33.54457], [-116.91136, 33.55751], [-116.92003, 33.56579], [-116.92198, 33.57258], [-116.92633, 33.57269], [-116.9393, 33.5919], [-116.93971, 33.60097], [-116.93489, 33.60969], [-116.93441, 33.61669], [-116.93715, 33.62502], [-116.93827, 33.64098], [-116.94621, 33.66448], [-116.94964, 33.67137], [-116.97112, 33.67271], [-116.97251, 33.81743], [-116.97578, 33.82497], [-117.00707, 33.8507], [-117.00956, 33.85824], [-117.0085, 33.8658], [-116.99575, 33.87111], [-116.9924, 33.87503], [-116.98768, 33.89909], [-116.97732, 33.91729], [-116.97727, 33.92728], [-116.86295, 33.92443], [-116.82989, 33.93159], [-116.81944, 33.93003], [-116.8087, 33.92242]]]}, "properties": {"id": "D19", "name": "D19", "kind": "deer_zone"}}, {"type": "Feature", "geometry": {"type": "Polygon", "coordinates": [[[-117.05878, 33.49133], [-117.00746, 33.46889], [-116.97493, 33.46499], [-116.96197, 33.46635], [-116.95145, 33.4702], [-116.92871, 33.4676], [-116.92425, 33.46311], [-116.91567, 33.46433], [-116.90014, 33.45755], [-116.8956, 33.45022], [-116.8847, 33.4448], [-116.86947, 33.44424], [-116.85278, 33.43987], [-116.8495, 33.43719], [-116.84871, 33.43295], [-116.8428, 33.43421], [-116.83671, 33.42689], [-116.61765, 33.42728], [-116.61798, 33.37409], [-116.60549, 33.37425], [-116.6057, 33.37071], [-116.61802, 33.37056], [-116.61804, 33.36695], [-116.61428, 33.36734], [-116.61386, 33.36336], [-116.57344, 33.36304], [-116.57261, 33.37658], [-116.55826, 33.37659], [-116.55868, 33.34152], [-116.50143, 33.34123], [-116.50103, 33.25255], [-116.49978, 33.24295], [-116.49133, 33.2429], [-116.4915, 33.22866], [-116.49573, 33.22854], [-116.49545, 33.22487], [-116.49123, 33.22485], [-116.49112, 33.22165], [-116.49559, 33.22166], [-116.49535, 33.21053], [-116.50384, 33.21046], [-116.50405, 33.20308], [-116.49973, 33.20311], [-116.49988, 33.19574], [-116.50826, 33.19561], [-116.50869, 33.19217], [-116.51292, 33.19242], [-116.51248, 33.18502], [-116.50823, 33.18489], [-116.50824, 33.18084], [-116.49531, 33.18118], [-116.49499, 33.17782], [-116.51218, 33.17816], [-116.51265, 33.1812], [-116.51718, 33.1816], [-116.51222, 33.12661], [-116.5041, 33.1194], [-116.50328, 33.11035], [-116.49564, 33.10663], [-116.49527, 33.09404], [-116.48494, 33.09411], [-116.46702, 33.09993], [-116.45944, 33.10008], [-116.45099, 33.10575], [-116.44914, 33.11001], [-116.43459, 33.11969], [-116.4359, 33.12588], [-116.43405, 33.12872], [-116.39587, 33.13228], [-116.37463, 33.13693], [-116.36447, 33.13396], [-116.35334, 33.13553], [-116.30144, 33.13098], [-116.29939, 33.13512], [-116.29318, 33.13858], [-116.27493, 33.14337], [-116.26913, 33.14302], [-116.24621, 33.1566], [-116.22529, 33.15933], [-116.14905, 33.14887], [-116.12991, 33.14324], [-116.10464, 33.13964], [-116.05803, 33.12578], [-115.85491, 33.12507], [-115.83962, 33.10969], [-115.79991, 33.10355], [-115.76833, 33.08953], [-115.7602, 33.08355], [-115.75011, 33.08105], [-115.73093, 33.06421], [-115.71102, 33.03845], [-115.61436, 33.03671], [-115.57343, 32.97933], [-115.53076, 32.9785], [-115.52686, 32.9902], [-115.5264, 33.00123], [-115.50728, 32.99834], [-115.50185, 32.99257], [-115.50093, 32.9724], [-115.50489, 32.9677], [-115.51004, 32.95282], [-115.51004, 32.84815], [-115.50151, 32.84003], [-115.49927, 32.68686], [-115.49838, 32.66759], [-115.49472, 32.66762], [-115.4947, 32.66499], [-116.2092, 32.61076], [-117.12464, 32.53403], [-117.12618, 32.5457], [-117.13292, 32.56451], [-117.13297, 32.59322], [-117.1368, 32.61698], [-117.1507, 32.6482], [-117.16421, 32.66667], [-117.18613, 32.6831], [-117.19924, 32.68732], [-117.21293, 32.68684], [-117.22311, 32.68328], [-117.22642, 32.68734], [-117.2277, 32.6935], [-117.22523, 32.70239], [-117.21732, 32.70993], [-117.20301, 32.7144], [-117.19131, 32.71333], [-117.18981, 32.71248], [-117.19038, 32.70661], [-117.16659, 32.69763], [-117.16361, 32.68741], [-117.16589, 32.68031], [-117.16776, 32.67859], [-117.17369, 32.68223], [-117.17502, 32.68008], [-117.16711, 32.67469], [-117.15779, 32.6803], [-117.15405, 32.67742], [-117.16012, 32.67185], [-117.16061, 32.66827], [-117.15281, 32.65645], [-117.14778, 32.65471], [-117.15038, 32.65313], [-117.14975, 32.65139], [-117.14457, 32.65012], [-117.13836, 32.63798], [-117.1411, 32.637], [-117.13772, 32.63124], [-117.13151, 32.63161], [-117.13641, 32.6301], [-117.1316, 32.625], [-117.13079, 32.62184], [-117.13296, 32.61921], [-117.13044, 32.62078], [-117.12824, 32.61923], [-117.13253, 32.61458], [-117.13272, 32.61064], [-117.12206, 32.60232], [-117.11667, 32.60253], [-117.1157, 32.59957], [-117.1044, 32.60681], [-117.10117, 32.61234], [-117.0974, 32.61305], [-117.09787, 32.61979], [-117.10231, 32.61876], [-117.09995, 32.62199], [-117.10155, 32.62605], [-117.10559, 32.62515], [-117.10846, 32.62983], [-117.10437, 32.63122], [-117.11504, 32.64029], [-117.11605, 32.64636], [-117.1095, 32.649], [-117.11881, 32.64781], [-117.12172, 32.65633], [-117.11803, 32.65683], [-117.11885, 32.66368], [-117.12354, 32.66378], [-117.11954, 32.66537], [-117.12253, 32.66562], [-117.11945, 32.66648], [-117.12164, 32.6694], [-117.1188, 32.67223], [-117.1285, 32.68401], [-117.13386, 32.68788], [-117.15199, 32.6944], [-117.15087, 32.69584], [-117.16065, 32.70045], [-117.16033, 32.70347], [-117.167, 32.70822], [-117.17155, 32.70792], [-117.17659, 32.71539], [-117.17361, 32.71621], [-117.17656, 32.71658], [-117.17352, 32.71798], [-117.17363, 32.72421], [-117.17583, 32.72673], [-117.18073, 32.72554], [-117.18599, 32.72824], [-117.1954, 32.72701], [-117.19196, 32.72459], [-117.20683, 32.72446], [-117.20996, 32.72474], [-117.19922, 32.7259], [-117.19857, 32.72772], [-117.21305, 32.72803], [-117.21338, 32.72966], [-117.21708, 32.72221], [-117.22638, 32.72457], [-117.22768, 32.72111], [-117.22563, 32.71991], [-117.23524, 32.71623], [-117.23635, 32.70349], [-117.23981, 32.69505], [-117.23926, 32.68917], [-117.23496, 32.68519], [-117.2382, 32.68112], [-117.23622, 32.67189], [-117.23928, 32.66559], [-117.24367, 32.66529], [-117.24527, 32.66751], [-117.25021, 32.68861], [-117.25558, 32.69879], [-117.25595, 32.7165], [-117.25816, 32.7248], [-117.25594, 32.72734], [-117.2573, 32.73311], [-117.25561, 32.74493], [-117.25262, 32.75367], [-117.25026, 32.75493], [-117.21227, 32.75925], [-117.21362, 32.76053], [-117.24303, 32.7576], [-117.24156, 32.76174], [-117.24045, 32.75982], [-117.23407, 32.76028], [-117.23825, 32.76451], [-117.24207, 32.76414], [-117.24034, 32.76708], [-117.23519, 32.76628], [-117.234, 32.76951], [-117.23134, 32.76646], [-117.22789, 32.76763], [-117.21577, 32.76505], [-117.20972, 32.76745], [-117.20799, 32.76997], [-117.21214, 32.78145], [-117.20951, 32.79538], [-117.21553, 32.7965], [-117.21529, 32.79458], [-117.21127, 32.79431], [-117.21686, 32.79226], [-117.2199, 32.79599], [-117.2298, 32.7954], [-117.23259, 32.78238], [-117.23636, 32.7795], [-117.23907, 32.78142], [-117.24206, 32.79006], [-117.24988, 32.7909], [-117.25211, 32.78719], [-117.25086, 32.78334], [-117.248, 32.78449], [-117.25108, 32.77722], [-117.24894, 32.77248], [-117.2466, 32.77312], [-117.24623, 32.77585], [-117.24501, 32.77484], [-117.24539, 32.77118], [-117.24254, 32.76973], [-117.24543, 32.76408], [-117.24576, 32.76817], [-117.24864, 32.76985], [-117.24964, 32.76373], [-117.24519, 32.76038], [-117.25389, 32.75869], [-117.25369, 32.78057], [-117.25698, 32.7959], [-117.26086, 32.80367], [-117.2681, 32.80816], [-117.27436, 32.81827], [-117.28001, 32.82111], [-117.2819, 32.83229], [-117.28174, 32.84052], [-117.27859, 32.8475], [-117.27332, 32.85112], [-117.26379, 32.84908], [-117.25621, 32.85877], [-117.2511, 32.87504], [-117.25507, 32.90518], [-117.25862, 32.91389], [-117.26132, 32.93446], [-117.27958, 33.00954], [-117.2901, 33.03097], [-117.29616, 33.03708], [-117.31085, 33.07718], [-117.31278, 33.08783], [-117.32967, 33.12348], [-117.36111, 33.16729], [-117.38436, 33.1934], [-117.36406, 33.20438], [-117.36035, 33.20827], [-117.35182, 33.209], [-117.33091, 33.22616], [-117.31787, 33.23071], [-117.31411, 33.23017], [-117.29275, 33.24325], [-117.25639, 33.25462], [-117.24466, 33.25318], [-117.24095, 33.25509], [-117.23642, 33.25917], [-117.23533, 33.27582], [-117.22522, 33.28269], [-117.22542, 33.29121], [-117.21556, 33.30299], [-117.19674, 33.31487], [-117.17729, 33.31598], [-117.1601, 33.33099], [-117.16033, 33.35929], [-117.17418, 33.37844], [-117.17533, 33.38464], [-117.16906, 33.40174], [-117.13753, 33.44203], [-117.13525, 33.45185], [-117.14004, 33.48067], [-117.13063, 33.47581], [-117.11934, 33.476], [-117.05878, 33.49133]]]}, "properties": {"id": "D16", "name": "D16", "kind": "deer_zone"}}, {"type": "Feature", "geometry": {"type": "Polygon", "coordinates": [[[-118.60589, 33.47842], [-118.58622, 33.4738], [-118.56982, 33.47558], [-118.56589, 33.47364], [-118.5564, 33.47477], [-118.55124, 33.47312], [-118.54033, 33.47532], [-118.53864, 33.47751], [-118.53312, 33.47332], [-118.5303, 33.4678], [-118.52235, 33.46556], [-118.52162, 33.46125], [-118.51219, 33.45573], [-118.50197, 33.45282], [-118.50332, 33.45054], [-118.49971, 33.44898], [-118.49976, 33.44365], [-118.49769, 33.44155], [-118.48465, 33.44386], [-118.48484, 33.44665], [-118.47766, 33.4484], [-118.47274, 33.4421], [-118.46312, 33.44061], [-118.46055, 33.43709], [-118.44963, 33.4326], [-118.44582, 33.42891], [-118.43853, 33.429], [-118.43465, 33.42644], [-118.422, 33.42678], [-118.41535, 33.42323], [-118.40562, 33.42206], [-118.39578, 33.41608], [-118.3886, 33.41715], [-118.38273, 33.41016], [-118.37034, 33.40929], [-118.36769, 33.40702], [-118.36724, 33.39967], [-118.36978, 33.39433], [-118.36792, 33.38943], [-118.36475, 33.38824], [-118.3494, 33.37082], [-118.33157, 33.35836], [-118.32574, 33.34873], [-118.3257, 33.34441], [-118.31749, 33.34377], [-118.31028, 33.33667], [-118.30343, 33.3207], [-118.30461, 33.30898], [-118.3168, 33.30114], [-118.32749, 33.29922], [-118.34326, 33.30524], [-118.35513, 33.31403], [-118.37478, 33.32007], [-118.40652, 33.32111], [-118.42153, 33.31708], [-118.45632, 33.32183], [-118.46538, 33.32606], [-118.48157, 33.34371], [-118.48878, 33.35666], [-118.4821, 33.36818], [-118.48494, 33.37251], [-118.47973, 33.37585], [-118.4809, 33.38046], [-118.47359, 33.38271], [-118.47441, 33.38596], [-118.47848, 33.38632], [-118.48123, 33.3958], [-118.48553, 33.40162], [-118.48359, 33.40627], [-118.48654, 33.4079], [-118.48496, 33.41214], [-118.48827, 33.41907], [-118.49248, 33.42153], [-118.49895, 33.42173], [-118.5062, 33.42645], [-118.50221, 33.43451], [-118.50961, 33.43131], [-118.51273, 33.42189], [-118.52324, 33.43074], [-118.53392, 33.42935], [-118.53739, 33.43461], [-118.56345, 33.43439], [-118.56441, 33.437], [-118.57337, 33.43926], [-118.57425, 33.44272], [-118.57154, 33.44421], [-118.57307, 33.44756], [-118.57736, 33.44744], [-118.58715, 33.4599], [-118.59114, 33.46107], [-118.59365, 33.46688], [-118.6015, 33.4702], [-118.60216, 33.47455], [-118.60589, 33.47842]]]}, "properties": {"id": "D15", "name": "D15", "kind": "deer_zone"}}, {"type": "Feature", "geometry": {"type": "Polygon", "coordinates": [[[-121.45265, 38.25501], [-121.44245, 38.25672], [-121.42971, 38.25466], [-121.42563, 38.25066], [-121.4253, 38.24389], [-121.41961, 38.23704], [-121.4052, 38.22997], [-121.40172, 38.2307], [-121.3975, 38.22735], [-121.38908, 38.23318], [-121.37094, 38.22974], [-121.36636, 38.23116], [-121.36324, 38.22831], [-121.35471, 38.23104], [-121.34544, 38.22815], [-121.33827, 38.22907], [-121.31777, 38.23522], [-121.30534, 38.23476], [-121.29553, 38.23763], [-121.28797, 38.2457], [-121.26301, 38.20664], [-121.26123, 38.14592], [-121.25762, 38.13713], [-121.25724, 38.11946], [-121.25997, 38.10143], [-121.25752, 38.00465], [-121.25037, 37.98679], [-121.24972, 37.97946], [-121.23565, 37.94542], [-121.23384, 37.93131], [-121.22068, 37.89912], [-121.21643, 37.82183], [-121.19359, 37.80267], [-121.1874, 37.78155], [-121.18406, 37.77798], [-121.12311, 37.74063], [-121.09154, 37.71497], [-121.08207, 37.70956], [-121.06279, 37.69067], [-121.0274, 37.66316], [-121.02468, 37.65279], [-120.99888, 37.63282], [-120.99408, 37.61969], [-120.98222, 37.61613], [-120.91176, 37.55228], [-120.8931, 37.53876], [-120.87147, 37.49502], [-120.86088, 37.47907], [-120.80445, 37.45609], [-120.75092, 37.40921], [-120.73268, 37.38989], [-120.72364, 37.38947], [-120.71681, 37.38547], [-120.62688, 37.35364], [-120.61928, 37.34694], [-120.60283, 37.34067], [-120.58971, 37.34009], [-120.51515, 37.31263], [-120.50774, 37.30599], [-120.47946, 37.29544], [-120.46654, 37.29433], [-120.45468, 37.28697], [-120.27991, 37.14401], [-120.25435, 37.12847], [-120.21762, 37.10005], [-120.21146, 37.08612], [-120.08587, 36.98391], [-120.05773, 36.95447], [-120.0434, 36.94529], [-119.94543, 36.85021], [-119.92865, 36.84101], [-119.88879, 36.80935], [-119.85562, 36.78821], [-119.83864, 36.7724], [-119.81895, 36.74317], [-119.80247, 36.73403], [-119.76407, 36.69649], [-119.72539, 36.66408], [-119.6106, 36.55907], [-119.54997, 36.50795], [-119.51895, 36.49069], [-119.50771, 36.48169], [-119.49355, 36.46034], [-119.49065, 36.45241], [-119.48287, 36.44417], [-119.43041, 36.36459], [-119.42609, 36.34915], [-119.40645, 36.32544], [-119.39541, 36.31576], [-119.39332, 36.30977], [-119.36061, 36.25994], [-119.32979, 36.21598], [-119.32862, 36.18033], [-119.33255, 36.1538], [-119.32565, 36.13009], [-119.32206, 36.09056], [-119.31104, 36.05132], [-119.31076, 36.0405], [-119.29583, 35.97619], [-119.29147, 35.96561], [-119.28677, 35.93583], [-119.28222, 35.92587], [-119.27783, 35.89803], [-119.27083, 35.87683], [-119.27061, 35.86559], [-119.26469, 35.84052], [-119.25959, 35.82804], [-119.25534, 35.79924], [-119.25023, 35.78592], [-119.2527, 35.77583], [-119.2417, 35.73994], [-119.21232, 35.61423], [-119.21037, 35.59787], [-119.20444, 35.58977], [-119.19181, 35.5343], [-119.18449, 35.51946], [-119.17309, 35.50664], [-119.09191, 35.44517], [-119.08464, 35.44176], [-119.06353, 35.42478], [-119.05889, 35.4159], [-119.04657, 35.40497], [-119.0447, 35.39898], [-119.04386, 35.3732], [-119.03943, 35.36186], [-119.03954, 35.33059], [-119.01429, 35.23408], [-119.00489, 35.17478], [-118.96702, 35.05493], [-118.98276, 35.0567], [-119.39982, 35.05561], [-119.42006, 35.04137], [-119.41883, 35.02604], [-119.41524, 35.01361], [-119.40956, 35.00341], [-119.40966, 34.99805], [-119.41375, 34.99786], [-119.41776, 35.00223], [-119.42068, 35.0015], [-119.42039, 34.99355], [-119.43091, 34.98927], [-119.43839, 34.96552], [-119.44531, 34.96179], [-119.45106, 34.95004], [-119.46569, 34.93758], [-119.47128, 34.93535], [-119.51282, 34.9337], [-119.51231, 34.91026], [-119.49074, 34.86181], [-119.44276, 34.7851], [-119.42461, 34.77112], [-119.41389, 34.75071], [-119.38362, 34.71641], [-119.37405, 34.69702], [-119.35518, 34.68317], [-119.35551, 34.67871], [-119.35828, 34.67603], [-119.37128, 34.67488], [-119.37313, 34.66806], [-119.36227, 34.66508], [-119.3715, 34.66367], [-119.37222, 34.65831], [-119.37313, 34.6611], [-119.37577, 34.66124], [-119.37599, 34.65693], [-119.38136, 34.65536], [-119.38288, 34.65377], [-119.38036, 34.65098], [-119.3854, 34.64755], [-119.38413, 34.64583], [-119.37349, 34.64521], [-119.37712, 34.6429], [-119.37161, 34.62818], [-119.37211, 34.61271], [-119.36485, 34.60536], [-119.354, 34.60362], [-119.34727, 34.59766], [-119.33957, 34.60023], [-119.32715, 34.59299], [-119.3218, 34.59367], [-119.31364, 34.5912], [-119.30262, 34.59222], [-119.29186, 34.5875], [-119.2872, 34.58841], [-119.27536, 34.58394], [-119.27284, 34.58103], [-119.26285, 34.58196], [-119.25735, 34.57477], [-119.26447, 34.55856], [-119.26827, 34.5563], [-119.26393, 34.55435], [-119.2449, 34.5563], [-119.23739, 34.55046], [-119.22428, 34.55562], [-119.21619, 34.55007], [-119.21312, 34.55497], [-119.20295, 34.55274], [-119.19879, 34.55668], [-119.19271, 34.55738], [-119.18943, 34.55457], [-119.18739, 34.5554], [-119.18809, 34.5572], [-119.18593, 34.55641], [-119.18407, 34.55309], [-119.17797, 34.55904], [-119.17243, 34.55775], [-119.16595, 34.56003], [-119.15978, 34.55652], [-119.14934, 34.55464], [-119.1447, 34.55626], [-119.13657, 34.55382], [-119.1319, 34.56056], [-119.12425, 34.55616], [-119.11376, 34.55533], [-119.11135, 34.55735], [-119.10388, 34.55573], [-119.0979, 34.55949], [-119.09299, 34.55719], [-119.08854, 34.55999], [-119.08024, 34.55724], [-119.08015, 34.55326], [-119.0682, 34.55346], [-119.06722, 34.55821], [-119.06369, 34.55727], [-119.06056, 34.56322], [-119.05735, 34.5639], [-119.05458, 34.56094], [-119.0522, 34.56477], [-119.04508, 34.56257], [-119.04788, 34.57061], [-119.03998, 34.5702], [-119.03321, 34.56649], [-119.03017, 34.56874], [-119.02542, 34.56713], [-119.0148, 34.56874], [-119.01282, 34.5702], [-119.01357, 34.57284], [-119.01012, 34.57286], [-119.00608, 34.56897], [-118.99916, 34.5669], [-118.99708, 34.56829], [-118.99716, 34.57166], [-118.993, 34.5739], [-118.99079, 34.57462], [-118.98822, 34.57101], [-118.98192, 34.57552], [-118.9739, 34.56885], [-118.97149, 34.56996], [-118.9711, 34.57299], [-118.96802, 34.56882], [-118.96481, 34.56993], [-118.96394, 34.56587], [-118.95373, 34.56177], [-118.95437, 34.55896], [-118.94346, 34.5537], [-118.94694, 34.54891], [-118.94517, 34.54206], [-118.94881, 34.53522], [-118.94333, 34.53014], [-118.9498, 34.52473], [-118.95464, 34.51297], [-118.96159, 34.5122], [-118.96408, 34.506], [-118.96314, 34.50118], [-118.95616, 34.50144], [-118.94786, 34.49784], [-118.94618, 34.49029], [-118.93928, 34.48349], [-118.94053, 34.47263], [-118.94417, 34.46698], [-118.94304, 34.45897], [-118.93279, 34.455], [-118.93085, 34.45223], [-118.92759, 34.45561], [-118.92459, 34.4537], [-118.92774, 34.44112], [-118.92493, 34.43339], [-118.92568, 34.41594], [-118.94074, 34.39097], [-118.90308, 34.39646], [-118.88383, 34.39312], [-118.86921, 34.39303], [-118.8459, 34.39534], [-118.83689, 34.3983], [-118.80537, 34.39842], [-118.78296, 34.40825], [-118.77323, 34.4052], [-118.74263, 34.40289], [-118.7276, 34.40776], [-118.71721, 34.4017], [-118.70615, 34.39994], [-118.70129, 34.40285], [-118.68049, 34.40465], [-118.66779, 34.40889], [-118.65326, 34.4198], [-118.62864, 34.42573], [-118.60553, 34.44082], [-118.59702, 34.43625], [-118.58652, 34.4269], [-118.57387, 34.40061], [-118.5674, 34.37928], [-118.55355, 34.3553], [-118.54718, 34.34964], [-118.52816, 34.33962], [-118.50992, 34.3325], [-118.50345, 34.32134], [-118.49067, 34.31463], [-118.46778, 34.28862], [-118.47205, 34.26957], [-118.47431, 34.18739], [-118.47381, 34.18229], [-118.46799, 34.17324], [-118.46967, 34.16138], [-118.46847, 34.15106], [-118.47376, 34.1296], [-118.48141, 34.11884], [-118.48212, 34.10854], [-118.47733, 34.10135], [-118.47809, 34.09609], [-118.47398, 34.07887], [-118.45135, 34.05226], [-118.43688, 34.03117], [-118.47377, 34.0232], [-118.49838, 34.00837], [-118.49495, 34.00752], [-118.49843, 34.00572], [-118.50242, 34.01187], [-118.5292, 34.03011], [-118.54293, 34.03556], [-118.55737, 34.03531], [-118.57011, 34.03877], [-118.58372, 34.03485], [-118.59508, 34.03668], [-118.60941, 34.03379], [-118.6718, 34.03597], [-118.68314, 34.02814], [-118.6942, 34.02984], [-118.70693, 34.02695], [-118.74239, 34.02982], [-118.75156, 34.02707], [-118.7558, 34.02325], [-118.78567, 34.01809], [-118.79387, 34.0081], [-118.79442, 34.00451], [-118.80258, 34.00256], [-118.80506, 33.99803], [-118.80731, 33.99775], [-118.82612, 34.01484], [-118.85204, 34.03082], [-118.87462, 34.03504], [-118.91554, 34.03879], [-118.92513, 34.04273], [-118.93196, 34.04275], [-118.93762, 34.04019], [-118.95589, 34.04589], [-118.97666, 34.05683], [-118.99805, 34.06328], [-119.00793, 34.06342], [-119.03591, 34.07978], [-119.06125, 34.08246], [-119.08849, 34.09568], [-119.08913, 34.10116], [-119.09214, 34.10242], [-119.08963, 34.10542], [-119.09401, 34.10661], [-119.09748, 34.10391], [-119.09863, 34.0994], [-119.10334, 34.10022], [-119.10364, 34.09804], [-119.09266, 34.09667], [-119.09819, 34.09649], [-119.10501, 34.09283], [-119.11037, 34.09184], [-119.12804, 34.09635], [-119.18672, 34.13508], [-119.20258, 34.14193], [-119.21023, 34.14158], [-119.20866, 34.14522], [-119.20645, 34.14525], [-119.2085, 34.15081], [-119.21088, 34.15034], [-119.21034, 34.14591], [-119.21321, 34.14282], [-119.21646, 34.14298], [-119.22596, 34.15436], [-119.22258, 34.15651], [-119.22195, 34.17796], [-119.22661, 34.17732], [-119.23069, 34.18226], [-119.233, 34.17919], [-119.23052, 34.17949], [-119.22955, 34.17548], [-119.22801, 34.17654], [-119.22847, 34.16507], [-119.22437, 34.15749], [-119.22714, 34.15492], [-119.22979, 34.15705], [-119.26442, 34.22895], [-119.25689, 34.23226], [-119.26433, 34.23471], [-119.26544, 34.23281], [-119.26846, 34.2455], [-119.2664, 34.24603], [-119.26452, 34.23817], [-119.26169, 34.23769], [-119.26155, 34.24055], [-119.25755, 34.2416], [-119.25807, 34.24355], [-119.26369, 34.24344], [-119.26262, 34.2466], [-119.26691, 34.24783], [-119.26719, 34.25021], [-119.26884, 34.25053], [-119.26978, 34.2476], [-119.27292, 34.25635], [-119.28163, 34.26683], [-119.29277, 34.27285], [-119.30443, 34.27066], [-119.31061, 34.2724], [-119.32123, 34.28073], [-119.33643, 34.28686], [-119.34987, 34.30213], [-119.36994, 34.31652], [-119.37598, 34.31819], [-119.3905, 34.31543], [-119.40035, 34.32748], [-119.41701, 34.33838], [-119.42905, 34.35028], [-119.43614, 34.35284], [-119.44293, 34.35261], [-119.45881, 34.37005], [-119.47084, 34.37324], [-119.47844, 34.37046], [-119.48517, 34.37784], [-119.4934, 34.38131], [-119.51033, 34.38349], [-119.52963, 34.39265], [-119.53744, 34.3935], [-119.5618, 34.41226], [-119.57669, 34.40992], [-119.59522, 34.41607], [-119.61321, 34.41838], [-119.62083, 34.41595], [-119.6296, 34.41652], [-119.63783, 34.41314], [-119.64957, 34.41475], [-119.67366, 34.41324], [-119.68758, 34.40976], [-119.69376, 34.40239], [-119.69197, 34.4004], [-119.71, 34.39262], [-119.72891, 34.39318], [-119.74151, 34.39915], [-119.79568, 34.41542], [-119.83594, 34.41315], [-119.84014, 34.4107], [-119.84458, 34.40173], [-119.86178, 34.40641], [-119.87782, 34.40421], [-119.89005, 34.41598], [-119.90162, 34.41857], [-119.9241, 34.431], [-119.9571, 34.4331], [-119.98457, 34.44768], [-119.98957, 34.44687], [-120.00809, 34.45781], [-120.01826, 34.45882], [-120.02359, 34.45502], [-120.03884, 34.46079], [-120.0886, 34.45757], [-120.11842, 34.46729], [-120.14117, 34.47077], [-120.16876, 34.46702], [-120.22383, 34.46812], [-120.23801, 34.46546], [-120.27308, 34.46592], [-120.27822, 34.46404], [-120.29505, 34.46798], [-120.30351, 34.46382], [-120.33162, 34.46018], [-120.34137, 34.45615], [-120.40809, 34.45201], [-120.41829, 34.45015], [-120.42327, 34.44695], [-120.44197, 34.44887], [-120.45142, 34.44446], [-120.45336, 34.4394], [-120.463, 34.44583], [-120.47176, 34.44537], [-120.47093, 34.44887], [-120.47799, 34.47519], [-120.49638, 34.49224], [-120.50252, 34.50898], [-120.51142, 34.52031], [-120.54098, 34.53651], [-120.5532, 34.53843], [-120.58129, 34.55432], [-120.60835, 34.55402], [-120.612, 34.55093], [-120.6234, 34.55108], [-120.63232, 34.55877], [-120.63987, 34.56074], [-120.63722, 34.56216], [-120.63929, 34.56498], [-120.63813, 34.56747], [-120.6438, 34.57375], [-120.65058, 34.57416], [-120.64496, 34.57743], [-120.64598, 34.58485], [-120.64252, 34.5862], [-120.6398, 34.59387], [-120.64331, 34.6009], [-120.63788, 34.60499], [-120.61917, 34.64554], [-120.60487, 34.6849], [-120.60047, 34.70271], [-120.60166, 34.70708], [-120.60705, 34.71143], [-120.60902, 34.71892], [-120.61196, 34.7205], [-120.61637, 34.73086], [-120.62613, 34.73543], [-120.6302, 34.74166], [-120.62931, 34.74587], [-120.63128, 34.75039], [-120.63741, 34.75326], [-120.6231, 34.78917], [-120.61679, 34.81143], [-120.60989, 34.84011], [-120.61026, 34.85554], [-120.61632, 34.8641], [-120.63927, 34.87777], [-120.63957, 34.88709], [-120.64699, 34.89836], [-120.66563, 34.8983], [-120.67205, 34.90049], [-120.66905, 34.90379], [-120.66435, 34.91768], [-120.66384, 34.92576], [-120.66671, 34.92682], [-120.66123, 34.93618], [-120.63998, 34.99943], [-120.63124, 35.04629], [-120.63064, 35.09644], [-120.63625, 35.12233], [-120.64748, 35.14158], [-120.66247, 35.15072], [-120.66838, 35.14882], [-120.67506, 35.15042], [-120.68053, 35.1559], [-120.68657, 35.15699], [-120.6989, 35.16855], [-120.71417, 35.17336], [-120.71646, 35.17292], [-120.71604, 35.17121], [-120.72507, 35.17166], [-120.72811, 35.17432], [-120.73707, 35.17631], [-120.7379, 35.17832], [-120.73835, 35.17592], [-120.74886, 35.17516], [-120.75526, 35.17172], [-120.75641, 35.15837], [-120.76093, 35.15719], [-120.77876, 35.16546], [-120.78606, 35.17503], [-120.79409, 35.17586], [-120.7954, 35.17847], [-120.80667, 35.18192], [-120.80608, 35.18321], [-120.81263, 35.18513], [-120.81258, 35.18664], [-120.81799, 35.18682], [-120.8222, 35.19143], [-120.83879, 35.19541], [-120.84108, 35.19911], [-120.84624, 35.19957], [-120.84507, 35.2014], [-120.85726, 35.20495], [-120.85868, 35.20607], [-120.85634, 35.20664], [-120.8567, 35.20852], [-120.86192, 35.21088], [-120.85949, 35.2123], [-120.87375, 35.21955], [-120.87267, 35.22168], [-120.87468, 35.22509], [-120.88623, 35.23267], [-120.89764, 35.24469], [-120.89549, 35.24732], [-120.89686, 35.25135], [-120.89965, 35.25245], [-120.89473, 35.2568], [-120.89367, 35.26076], [-120.89523, 35.27036], [-120.8887, 35.27118], [-120.88936, 35.27692], [-120.88106, 35.28825], [-120.86886, 35.31875], [-120.86267, 35.34414], [-120.86108, 35.36012], [-120.86302, 35.36504], [-120.86005, 35.36593], [-120.85681, 35.36303], [-120.85547, 35.35735], [-120.85862, 35.35529], [-120.85758, 35.33308], [-120.85964, 35.33139], [-120.86011, 35.32257], [-120.86466, 35.31252], [-120.85383, 35.31557], [-120.85039, 35.31898], [-120.84132, 35.31974], [-120.84014, 35.3229], [-120.84456, 35.32597], [-120.84358, 35.32874], [-120.83333, 35.32869], [-120.82844, 35.3357], [-120.84205, 35.33842], [-120.84594, 35.35184], [-120.85119, 35.35531], [-120.85483, 35.3663], [-120.86042, 35.36941], [-120.86916, 35.36426], [-120.86897, 35.36911], [-120.86517, 35.36877], [-120.86425, 35.37184], [-120.86608, 35.39041], [-120.87378, 35.40963], [-120.88924, 35.4329], [-120.90792, 35.44643], [-120.94549, 35.44392], [-120.95072, 35.44538], [-120.9517, 35.44948], [-120.9681, 35.45729], [-120.97898, 35.45662], [-120.99247, 35.46112], [-120.99779, 35.45789], [-121.00454, 35.4586], [-121.02305, 35.47786], [-121.02302, 35.48134], [-121.02815, 35.48237], [-121.0329, 35.48764], [-121.03833, 35.48826], [-121.03797, 35.49082], [-121.04284, 35.49295], [-121.04239, 35.49552], [-121.04656, 35.49785], [-121.04855, 35.50213], [-121.05989, 35.50703], [-121.0751, 35.52322], [-121.09143, 35.53636], [-121.09812, 35.54519], [-121.10157, 35.54618], [-121.10505, 35.55236], [-121.1037, 35.55508], [-121.10729, 35.55788], [-121.1152, 35.57351], [-121.12185, 35.57907], [-121.1284, 35.59331], [-121.14334, 35.60261], [-121.14888, 35.61207], [-121.15443, 35.61513], [-121.16669, 35.63276], [-121.18887, 35.6405], [-121.19526, 35.6381], [-121.19288, 35.63235], [-121.19453, 35.63162], [-121.20183, 35.63874], [-121.20833, 35.6389], [-121.21215, 35.6446], [-121.22099, 35.64906], [-121.24214, 35.6491], [-121.26001, 35.6608], [-121.26778, 35.66078], [-121.27148, 35.66412], [-121.28169, 35.66417], [-121.28424, 35.66103], [-121.28657, 35.66193], [-121.28472, 35.67022], [-121.28755, 35.67319], [-121.28976, 35.68679], [-121.29574, 35.69359], [-121.30455, 35.69916], [-121.30997, 35.70758], [-121.31654, 35.71058], [-121.31292, 35.71464], [-121.31398, 35.72061], [-121.31811, 35.7235], [-121.31833, 35.72592], [-121.31533, 35.72837], [-121.31704, 35.73236], [-121.31581, 35.73625], [-121.31884, 35.74257], [-121.31665, 35.74282], [-121.31575, 35.74988], [-121.31834, 35.75387], [-121.32424, 35.75426], [-121.32752, 35.75703], [-121.32477, 35.75897], [-121.32489, 35.76671], [-121.33214, 35.77685], [-121.33183, 35.7799], [-121.3567, 35.80155], [-121.37307, 35.80912], [-121.37346, 35.81217], [-121.39049, 35.82305], [-121.40679, 35.84199], [-121.41311, 35.85268], [-121.42549, 35.85662], [-121.43955, 35.86431], [-121.4465, 35.86928], [-121.45272, 35.87742], [-121.45947, 35.88035], [-121.46234, 35.88319], [-121.46167, 35.88493], [-121.46487, 35.88582], [-121.46167, 35.88857], [-121.46105, 35.89354], [-121.46527, 35.89747], [-121.46313, 35.90114], [-121.47279, 35.91197], [-121.47183, 35.91503], [-121.47471, 35.91735], [-121.46877, 35.91975], [-121.46866, 35.92408], [-121.47663, 35.92827], [-121.47494, 35.92948], [-121.47702, 35.93236], [-121.47536, 35.9339], [-121.48001, 35.94045], [-121.4797, 35.94553], [-121.48317, 35.94672], [-121.48616, 35.96771], [-121.50307, 35.9975], [-121.51155, 36.00396], [-121.51964, 36.00468], [-121.53184, 36.01173], [-121.54097, 36.01254], [-121.55368, 36.01716], [-121.56752, 36.01712], [-121.57346, 36.02101], [-121.58206, 36.03811], [-121.5914, 36.04663], [-121.58914, 36.05114], [-121.59256, 36.05396], [-121.59281, 36.06243], [-121.6068, 36.06943], [-121.60841, 36.07364], [-121.61902, 36.08385], [-121.62197, 36.09706], [-121.62647, 36.10269], [-121.62587, 36.10486], [-121.63247, 36.11153], [-121.6336, 36.11819], [-121.64497, 36.12521], [-121.64985, 36.13389], [-121.67468, 36.15705], [-121.67796, 36.16234], [-121.68312, 36.16339], [-121.69925, 36.17307], [-121.70142, 36.17843], [-121.70798, 36.18242], [-121.70888, 36.18576], [-121.71529, 36.18908], [-121.71713, 36.19251], [-121.73841, 36.20143], [-121.74595, 36.20741], [-121.7537, 36.20837], [-121.7798, 36.22477], [-121.78664, 36.22571], [-121.79701, 36.23157], [-121.81368, 36.2316], [-121.81487, 36.23526], [-121.81951, 36.23849], [-121.82606, 36.23909], [-121.82968, 36.24422], [-121.83774, 36.2465], [-121.83574, 36.24811], [-121.83709, 36.25375], [-121.85192, 36.2752], [-121.85684, 36.27822], [-121.86334, 36.27838], [-121.88056, 36.29138], [-121.88647, 36.29948], [-121.89645, 36.30258], [-121.89976, 36.30027], [-121.90267, 36.30347], [-121.89953, 36.30437], [-121.89509, 36.31322], [-121.89486, 36.32284], [-121.89667, 36.32465], [-121.89292, 36.33878], [-121.90721, 36.35492], [-121.90262, 36.36127], [-121.90315, 36.36869], [-121.90723, 36.36942], [-121.90796, 36.37162], [-121.90581, 36.37164], [-121.90176, 36.37895], [-121.90292, 36.38282], [-121.9015, 36.3833], [-121.90445, 36.38573], [-121.90314, 36.39097], [-121.90586, 36.39292], [-121.90606, 36.39598], [-121.91215, 36.3977], [-121.91458, 36.40134], [-121.91248, 36.40395], [-121.91713, 36.40851], [-121.91478, 36.4094], [-121.91761, 36.41423], [-121.91469, 36.42325], [-121.91896, 36.4279], [-121.92718, 36.44565], [-121.92944, 36.4446], [-121.9301, 36.4506], [-121.92528, 36.45151], [-121.92576, 36.45719], [-121.92992, 36.46381], [-121.93704, 36.46935], [-121.9416, 36.48645], [-121.94344, 36.48723], [-121.94432, 36.48506], [-121.94458, 36.48794], [-121.94619, 36.48778], [-121.93695, 36.49541], [-121.94027, 36.49896], [-121.93823, 36.5023], [-121.94223, 36.50402], [-121.94194, 36.50835], [-121.94992, 36.51428], [-121.95128, 36.51318], [-121.95119, 36.51703], [-121.95511, 36.51954], [-121.94963, 36.51833], [-121.94819, 36.52101], [-121.9445, 36.51799], [-121.93996, 36.51813], [-121.93905, 36.51609], [-121.93667, 36.51696], [-121.93741, 36.52039], [-121.92836, 36.52021], [-121.92527, 36.52328], [-121.92853, 36.53434], [-121.93255, 36.53665], [-121.9338, 36.54063], [-121.9294, 36.544], [-121.93048, 36.55192], [-121.9323, 36.55691], [-121.93701, 36.56005], [-121.94058, 36.55945], [-121.93914, 36.56103], [-121.94246, 36.56357], [-121.9449, 36.56227], [-121.94853, 36.56465], [-121.95077, 36.56383], [-121.95134, 36.55858], [-121.95358, 36.55824], [-121.964, 36.56582], [-121.97073, 36.56696], [-121.97232, 36.57243], [-121.97817, 36.57863], [-121.97488, 36.57758], [-121.97425, 36.58063], [-121.96781, 36.58008], [-121.96531, 36.5829], [-121.95865, 36.60678], [-121.94925, 36.60717], [-121.94291, 36.61335], [-121.94022, 36.62419], [-121.93752, 36.6271], [-121.93868, 36.63156], [-121.93633, 36.63431], [-121.92536, 36.63312], [-121.92158, 36.62962], [-121.9213, 36.62639], [-121.91516, 36.62426], [-121.91357, 36.62086], [-121.90366, 36.61898], [-121.89688, 36.6114], [-121.89759, 36.6095], [-121.89373, 36.60697], [-121.89336, 36.60212], [-121.8891, 36.59885], [-121.87539, 36.60008], [-121.86667, 36.60404], [-121.85719, 36.60947], [-121.84759, 36.62069], [-121.82414, 36.65599], [-121.81112, 36.69171], [-121.80734, 36.71101], [-121.80535, 36.74777], [-121.78798, 36.80129], [-121.79153, 36.8127], [-121.8075, 36.84342], [-121.86197, 36.92896], [-121.88805, 36.95437], [-121.90562, 36.96622], [-121.92816, 36.97469], [-121.9382, 36.97584], [-121.9483, 36.9695], [-121.95267, 36.96927], [-121.97235, 36.95184], [-121.97634, 36.95145], [-121.98339, 36.95744], [-121.9926, 36.95598], [-121.99771, 36.95872], [-122.01171, 36.96098], [-122.01246, 36.96313], [-122.01315, 36.96099], [-122.0232, 36.9597], [-122.0265, 36.9477], [-122.0407, 36.95021], [-122.0465, 36.94652], [-122.05913, 36.94745], [-122.06581, 36.94546], [-122.07577, 36.94773], [-122.07726, 36.95037], [-122.0822, 36.9492], [-122.08633, 36.9498], [-122.08712, 36.95213], [-122.10575, 36.95348], [-122.11492, 36.96004], [-122.11964, 36.95973], [-122.12191, 36.96311], [-122.12659, 36.96167], [-122.12965, 36.96419], [-122.13455, 36.96432], [-122.14061, 36.97268], [-122.14639, 36.97496], [-122.15297, 36.97356], [-122.15469, 36.97858], [-122.16223, 36.98539], [-122.16892, 36.98587], [-122.17062, 36.99072], [-122.1827, 36.99533], [-122.1817, 36.99788], [-122.18589, 36.99872], [-122.18526, 37.00104], [-122.18957, 37.00193], [-122.19945, 37.00981], [-122.2061, 37.01136], [-122.20859, 37.01599], [-122.21644, 37.02203], [-122.22295, 37.02251], [-122.2313, 37.03856], [-122.24705, 37.0538], [-122.25364, 37.05748], [-122.2562, 37.06456], [-122.26705, 37.07635], [-122.26991, 37.08237], [-122.27496, 37.08565], [-122.2761, 37.09092], [-122.29665, 37.10825], [-122.3116, 37.11521], [-122.32932, 37.10956], [-122.33281, 37.1148], [-122.33676, 37.11462], [-122.33839, 37.11787], [-122.33765, 37.1332], [-122.34266, 37.13745], [-122.34397, 37.14144], [-122.35173, 37.14265], [-122.35158, 37.14425], [-122.35945, 37.14833], [-122.36166, 37.16057], [-122.36707, 37.17025], [-122.37777, 37.1779], [-122.38532, 37.18042], [-122.39474, 37.17875], [-122.39794, 37.18949], [-122.40546, 37.19444], [-122.40465, 37.20264], [-122.40926, 37.21166], [-122.40711, 37.21683], [-122.41904, 37.23884], [-122.40688, 37.28887], [-122.40098, 37.33677], [-122.40218, 37.34556], [-122.39985, 37.35403], [-122.40129, 37.35806], [-122.4082, 37.36145], [-122.40923, 37.37351], [-122.41092, 37.37644], [-122.41467, 37.37731], [-122.41548, 37.38287], [-122.42285, 37.38963], [-122.4229, 37.39702], [-122.42712, 37.40213], [-122.42741, 37.40705], [-122.43177, 37.40868], [-122.43628, 37.42088], [-122.44308, 37.43027], [-122.44564, 37.45896], [-122.44955, 37.47377], [-122.4584, 37.48826], [-122.47156, 37.49789], [-122.47964, 37.50048], [-122.49021, 37.50006], [-122.4955, 37.49752], [-122.49512, 37.49308], [-122.49891, 37.49262], [-122.50078, 37.49534], [-122.49866, 37.49845], [-122.51189, 37.51059], [-122.51798, 37.5215], [-122.51702, 37.52661], [-122.51973, 37.53369], [-122.51346, 37.55334], [-122.51569, 37.55562], [-122.51419, 37.56282], [-122.51792, 37.5649], [-122.51615, 37.56656], [-122.51818, 37.56834], [-122.51736, 37.57028], [-122.52039, 37.57133], [-122.51791, 37.57391], [-122.51707, 37.58645], [-122.52075, 37.59167], [-122.51473, 37.59306], [-122.51365, 37.59557], [-122.50709, 37.59335], [-122.50165, 37.5968], [-122.49954, 37.60049], [-122.50177, 37.60466], [-122.49888, 37.60518], [-122.49687, 37.60871], [-122.49728, 37.61594], [-122.49933, 37.61761], [-122.49648, 37.61885], [-122.49504, 37.62622], [-122.494, 37.64905], [-122.49622, 37.6792], [-122.50307, 37.70635], [-122.28163, 37.70599], [-122.34676, 37.80881], [-122.37492, 37.88192], [-122.43165, 37.92613], [-122.44103, 37.95186], [-122.43987, 37.97578], [-122.35347, 38.07067], [-122.26607, 38.05955], [-122.24434, 38.06394], [-122.21368, 38.06094], [-122.18224, 38.05306], [-122.16661, 38.03588], [-122.15, 38.03207], [-122.1247, 38.03595], [-122.11159, 38.04327], [-122.05119, 38.06496], [-122.04149, 38.06535], [-121.98242, 38.05575], [-121.96379, 38.05607], [-121.92652, 38.04656], [-121.90827, 38.04499], [-121.89105, 38.04621], [-121.87546, 38.05027], [-121.8698, 38.05439], [-121.86133, 38.06609], [-121.84889, 38.06206], [-121.84289, 38.05482], [-121.83935, 38.04121], [-121.83162, 38.03032], [-121.81773, 38.02158], [-121.78058, 38.01853], [-121.76311, 38.02364], [-121.74853, 38.02441], [-121.7074, 38.03982], [-121.68236, 38.05934], [-121.67995, 38.06302], [-121.67938, 38.07123], [-121.68092, 38.08491], [-121.67887, 38.08955], [-121.67306, 38.09388], [-121.66323, 38.09601], [-121.64597, 38.08874], [-121.63611, 38.08767], [-121.6287, 38.0917], [-121.62866, 38.09822], [-121.62608, 38.1006], [-121.60663, 38.10445], [-121.57019, 38.0966], [-121.56584, 38.09725], [-121.56541, 38.10456], [-121.58267, 38.11163], [-121.58461, 38.11646], [-121.58367, 38.12057], [-121.57479, 38.13054], [-121.55787, 38.13699], [-121.56009, 38.14206], [-121.55831, 38.14455], [-121.54317, 38.14849], [-121.54078, 38.15214], [-121.53555, 38.15253], [-121.53632, 38.15826], [-121.52915, 38.16917], [-121.52483, 38.17203], [-121.52806, 38.1814], [-121.52443, 38.18476], [-121.52882, 38.1953], [-121.51971, 38.20311], [-121.51278, 38.20235], [-121.50993, 38.20444], [-121.50809, 38.20922], [-121.50427, 38.21192], [-121.50637, 38.22385], [-121.49874, 38.22789], [-121.49089, 38.2287], [-121.48963, 38.23373], [-121.4864, 38.23596], [-121.48691, 38.23965], [-121.47717, 38.24776], [-121.4791, 38.25328], [-121.47524, 38.25782], [-121.47171, 38.25961], [-121.45982, 38.25922], [-121.45265, 38.25501]]]}, "properties": {"id": "A", "name": "A (South Unit 110)", "kind": "deer_zone"}}, {"type": "Feature", "geometry": {"type": "Polygon", "coordinates": [[[-122.66587, 40.67402], [-122.6598, 40.67132], [-122.6497, 40.67162], [-122.62963, 40.66268], [-122.62494, 40.65906], [-122.6213, 40.65069], [-122.60736, 40.64911], [-122.60003, 40.65235], [-122.58309, 40.65235], [-122.56583, 40.63637], [-122.53467, 40.62447], [-122.51954, 40.61515], [-122.51241, 40.60734], [-122.49778, 40.6031], [-122.48116, 40.59092], [-122.45967, 40.58961], [-122.43406, 40.58191], [-122.4213, 40.58498], [-122.39705, 40.58659], [-122.39222, 40.58781], [-122.39249, 40.59135], [-122.37556, 40.60953], [-122.36316, 40.61236], [-122.36058, 40.60296], [-122.36017, 40.56779], [-122.34253, 40.51252], [-122.32611, 40.4872], [-122.29172, 40.45185], [-122.28921, 40.44686], [-122.28114, 40.41267], [-122.28121, 40.40436], [-122.28536, 40.39017], [-122.27863, 40.28807], [-122.2671, 40.26524], [-122.25621, 40.23516], [-122.25394, 40.22342], [-122.24717, 40.2091], [-122.2217, 40.17448], [-122.22396, 40.15349], [-122.21922, 40.12771], [-122.2157, 40.05984], [-122.2004, 39.96308], [-122.19984, 39.8042], [-122.20465, 39.78375], [-122.20559, 39.75047], [-122.25519, 39.76929], [-122.29525, 39.78141], [-122.30928, 39.78945], [-122.33281, 39.80743], [-122.33819, 39.81819], [-122.33671, 39.82146], [-122.34582, 39.82224], [-122.35202, 39.82043], [-122.35176, 39.8291], [-122.37093, 39.82792], [-122.39458, 39.81177], [-122.42464, 39.80796], [-122.42904, 39.79958], [-122.47057, 39.78484], [-122.48774, 39.7888], [-122.5398, 39.79381], [-122.55846, 39.79901], [-122.56098, 39.81442], [-122.56858, 39.8143], [-122.5703, 39.81892], [-122.57576, 39.82265], [-122.5817, 39.83973], [-122.58681, 39.84679], [-122.5983, 39.84709], [-122.60558, 39.8521], [-122.61941, 39.84797], [-122.63151, 39.8355], [-122.63095, 39.82676], [-122.62639, 39.81378], [-122.62788, 39.81302], [-122.63108, 39.81728], [-122.63556, 39.81477], [-122.63752, 39.81731], [-122.64179, 39.81635], [-122.64322, 39.81965], [-122.64627, 39.81999], [-122.64948, 39.81947], [-122.64794, 39.81568], [-122.65423, 39.81905], [-122.66159, 39.81691], [-122.66067, 39.82146], [-122.66743, 39.82553], [-122.6764, 39.82661], [-122.67809, 39.82409], [-122.67616, 39.82059], [-122.68242, 39.8164], [-122.68649, 39.80828], [-122.68996, 39.80894], [-122.69687, 39.80276], [-122.7169, 39.81132], [-122.71895, 39.81475], [-122.73169, 39.82303], [-122.74852, 39.82879], [-122.76409, 39.82717], [-122.77781, 39.81585], [-122.79665, 39.82947], [-122.80775, 39.82842], [-122.81404, 39.83437], [-122.82324, 39.83483], [-122.8318, 39.84105], [-122.85248, 39.83393], [-122.87612, 39.84511], [-122.89709, 39.85121], [-122.90424, 39.85666], [-122.92577, 39.86048], [-122.93625, 39.86012], [-122.93884, 39.86298], [-122.94793, 39.86421], [-122.95211, 39.86623], [-122.95348, 39.87295], [-122.94835, 39.89334], [-122.94832, 39.90241], [-122.9515, 39.90593], [-122.92122, 39.91598], [-122.92022, 39.92806], [-122.91283, 39.93259], [-122.91925, 39.93687], [-122.92436, 39.94582], [-122.92757, 39.95594], [-122.92525, 39.96065], [-122.92715, 39.96708], [-122.92993, 39.97334], [-122.93224, 39.9728], [-122.93482, 39.97803], [-122.93756, 39.97803], [-122.93432, 39.97821], [-122.93725, 39.98162], [-122.93518, 39.98621], [-122.94434, 39.99539], [-122.95212, 39.99848], [-122.94967, 40.01132], [-122.94599, 40.01534], [-122.95285, 40.01935], [-122.9494, 40.02311], [-122.94844, 40.03448], [-122.95488, 40.03387], [-122.96073, 40.02945], [-122.96279, 40.03335], [-122.98014, 40.03996], [-122.99906, 40.03973], [-123.00625, 40.04193], [-123.01965, 40.03934], [-123.02112, 40.03707], [-123.02987, 40.03655], [-123.03706, 40.03202], [-123.03933, 40.02667], [-123.05333, 40.02439], [-123.05837, 40.02079], [-123.07784, 40.02942], [-123.08505, 40.0279], [-123.0916, 40.03073], [-123.10539, 40.02868], [-123.10931, 40.03364], [-123.12063, 40.04082], [-123.12667, 40.05143], [-123.12665, 40.05486], [-123.13318, 40.0591], [-123.13214, 40.06528], [-123.13431, 40.06784], [-123.13259, 40.07089], [-123.13651, 40.07281], [-123.13716, 40.07494], [-123.13465, 40.07718], [-123.13621, 40.08112], [-123.14276, 40.08228], [-123.14241, 40.0843], [-123.15258, 40.08739], [-123.15527, 40.09093], [-123.15546, 40.09345], [-123.14805, 40.09955], [-123.14866, 40.10357], [-123.14293, 40.11206], [-123.14312, 40.12076], [-123.14055, 40.12541], [-123.13051, 40.1308], [-123.12343, 40.14078], [-123.11607, 40.13936], [-123.11202, 40.14137], [-123.10723, 40.13846], [-123.09883, 40.13787], [-123.07932, 40.14897], [-123.07135, 40.14711], [-123.07179, 40.13851], [-123.05967, 40.13219], [-123.04387, 40.13377], [-123.04197, 40.13654], [-123.02515, 40.14154], [-123.03399, 40.15666], [-123.02691, 40.17285], [-123.02838, 40.18281], [-123.03275, 40.18648], [-123.02588, 40.20335], [-123.02579, 40.21335], [-123.00183, 40.21325], [-123.00187, 40.20966], [-122.97817, 40.20902], [-122.97907, 40.22016], [-122.97642, 40.2227], [-122.97526, 40.22951], [-122.97188, 40.23256], [-122.96718, 40.23266], [-122.96937, 40.23465], [-122.96624, 40.23831], [-122.96248, 40.23948], [-122.96018, 40.24336], [-122.93742, 40.24517], [-122.93856, 40.25329], [-122.94623, 40.25612], [-122.94537, 40.25826], [-122.95079, 40.26996], [-122.95841, 40.27077], [-122.96532, 40.26668], [-122.96561, 40.26941], [-122.96898, 40.2717], [-122.96822, 40.27383], [-122.97658, 40.27155], [-122.97549, 40.27533], [-122.98024, 40.27727], [-122.97757, 40.27927], [-122.97878, 40.28404], [-122.98758, 40.29001], [-122.99712, 40.28766], [-123.00798, 40.29128], [-123.0117, 40.28708], [-123.01744, 40.2916], [-123.02133, 40.29117], [-123.02639, 40.29456], [-123.04028, 40.29253], [-123.03863, 40.29892], [-123.03333, 40.30148], [-123.03259, 40.30491], [-123.04051, 40.31009], [-123.03629, 40.3104], [-123.03525, 40.31241], [-123.02756, 40.3109], [-123.02721, 40.31414], [-123.02382, 40.31575], [-123.01677, 40.31327], [-123.0146, 40.31616], [-123.01537, 40.3203], [-123.00651, 40.32074], [-123.01564, 40.32502], [-123.01589, 40.32907], [-123.02422, 40.33142], [-123.01875, 40.33351], [-123.01244, 40.3326], [-123.00954, 40.3353], [-122.99848, 40.33433], [-122.99354, 40.34215], [-122.98532, 40.34762], [-122.97222, 40.34727], [-122.96134, 40.35287], [-122.96385, 40.36335], [-122.97131, 40.36701], [-122.98006, 40.38205], [-122.98644, 40.38793], [-122.98587, 40.39175], [-122.97708, 40.3991], [-122.97768, 40.40203], [-122.96547, 40.40487], [-122.96984, 40.40846], [-122.96712, 40.41355], [-122.97107, 40.41588], [-122.97032, 40.41867], [-122.95469, 40.42203], [-122.93921, 40.42857], [-122.93625, 40.43134], [-122.93715, 40.43626], [-122.9307, 40.44124], [-122.92957, 40.44629], [-122.91593, 40.44914], [-122.9014, 40.44582], [-122.89402, 40.45435], [-122.89469, 40.45961], [-122.88878, 40.46607], [-122.88942, 40.46904], [-122.88376, 40.47206], [-122.8832, 40.47458], [-122.87548, 40.4806], [-122.85632, 40.48257], [-122.84831, 40.48904], [-122.84598, 40.49478], [-122.85094, 40.50055], [-122.84748, 40.50454], [-122.82982, 40.5066], [-122.82015, 40.51069], [-122.80367, 40.51038], [-122.79453, 40.51435], [-122.79348, 40.52359], [-122.78257, 40.53203], [-122.78285, 40.53474], [-122.78646, 40.53676], [-122.78541, 40.5404], [-122.76798, 40.5551], [-122.74406, 40.55445], [-122.73907, 40.5664], [-122.72361, 40.57489], [-122.70713, 40.569], [-122.69776, 40.56989], [-122.69301, 40.57488], [-122.69323, 40.58029], [-122.70017, 40.58596], [-122.70187, 40.59607], [-122.70724, 40.60539], [-122.7063, 40.61002], [-122.71107, 40.61388], [-122.7105, 40.63169], [-122.71691, 40.63438], [-122.73403, 40.63547], [-122.72885, 40.64314], [-122.72233, 40.645], [-122.72252, 40.64689], [-122.71723, 40.64612], [-122.71447, 40.64946], [-122.70696, 40.65036], [-122.70789, 40.65437], [-122.69937, 40.65755], [-122.69961, 40.668], [-122.66587, 40.67402]]]}, "properties": {"id": "B5", "name": "B5", "kind": "deer_zone"}}, {"type": "Feature", "geometry": {"type": "MultiPolygon", "coordinates": [[[[-119.19885, 37.68222], [-119.19932, 37.68198], [-119.19948, 37.68207], [-119.19885, 37.68222]]], [[[-119.25287, 37.72935], [-119.23933, 37.72724], [-119.23058, 37.72068], [-119.23012, 37.7173], [-119.2161, 37.71372], [-119.20764, 37.70153], [-119.19783, 37.70004], [-119.19562, 37.69772], [-119.1949, 37.69562], [-119.19963, 37.69012], [-119.20112, 37.68325], [-119.1995, 37.68172], [-119.19576, 37.68183], [-119.1928, 37.67356], [-119.1866, 37.6718], [-119.17856, 37.66118], [-119.17439, 37.66033], [-119.16956, 37.65166], [-119.17073, 37.64954], [-119.16687, 37.64533], [-119.17129, 37.64111], [-119.1661, 37.63092], [-119.17042, 37.62842], [-119.16948, 37.62197], [-119.15983, 37.61618], [-119.15321, 37.62013], [-119.15191, 37.62373], [-119.13766, 37.62243], [-119.13315, 37.6188], [-119.13366, 37.61513], [-119.12581, 37.6141], [-119.12405, 37.6108], [-119.11613, 37.61288], [-119.09776, 37.6105], [-119.09678, 37.60509], [-119.09167, 37.60149], [-119.09234, 37.5986], [-119.09013, 37.59577], [-119.09166, 37.59655], [-119.09467, 37.59044], [-119.09266, 37.57258], [-119.09476, 37.56712], [-119.09253, 37.55755], [-119.0957, 37.54982], [-119.1012, 37.54764], [-119.11221, 37.55027], [-119.11394, 37.54805], [-119.12114, 37.5477], [-119.12752, 37.54378], [-119.10425, 37.53759], [-119.09322, 37.53061], [-119.08302, 37.5299], [-119.07541, 37.53459], [-119.04499, 37.53583], [-119.04007, 37.54406], [-119.04371, 37.55048], [-119.04163, 37.55992], [-119.03384, 37.56386], [-119.02099, 37.56617], [-119.01602, 37.55828], [-119.00596, 37.55492], [-119.00277, 37.55594], [-118.99907, 37.5622], [-118.97381, 37.55529], [-118.95013, 37.56197], [-118.94177, 37.56137], [-118.93858, 37.55408], [-118.93006, 37.54892], [-118.91602, 37.5499], [-118.90924, 37.5389], [-118.90278, 37.53284], [-118.9019, 37.52537], [-118.8917, 37.52502], [-118.88323, 37.5188], [-118.88103, 37.50957], [-118.8678, 37.50732], [-118.86076, 37.50169], [-118.85863, 37.49389], [-118.8597, 37.48987], [-118.85555, 37.47839], [-118.84922, 37.47626], [-118.84122, 37.48116], [-118.8363, 37.48241], [-118.83242, 37.48047], [-118.81464, 37.48783], [-118.81031, 37.48655], [-118.80287, 37.48933], [-118.79448, 37.48791], [-118.78561, 37.47822], [-118.78444, 37.47389], [-118.77771, 37.47015], [-118.77151, 37.45858], [-118.76324, 37.45706], [-118.75853, 37.44223], [-118.76036, 37.43345], [-118.76498, 37.43035], [-118.76795, 37.42314], [-118.77473, 37.42516], [-118.77992, 37.42198], [-118.78337, 37.41412], [-118.7822, 37.40798], [-118.78982, 37.3933], [-118.7792, 37.38157], [-118.77796, 37.3762], [-118.77324, 37.37533], [-118.76728, 37.3676], [-118.7695, 37.36634], [-118.76857, 37.35936], [-118.78072, 37.35755], [-118.78604, 37.34388], [-118.77966, 37.33514], [-118.77358, 37.335], [-118.75709, 37.32907], [-118.74122, 37.31613], [-118.73276, 37.31885], [-118.72835, 37.32379], [-118.7157, 37.32829], [-118.70958, 37.32236], [-118.70338, 37.31101], [-118.69781, 37.30551], [-118.69456, 37.30621], [-118.69472, 37.30201], [-118.68531, 37.29074], [-118.68194, 37.2811], [-118.6652, 37.26237], [-118.67491, 37.24895], [-118.67781, 37.24906], [-118.68351, 37.24434], [-118.68439, 37.24047], [-118.68224, 37.23481], [-118.68596, 37.22799], [-118.679, 37.22034], [-118.67855, 37.21425], [-118.67625, 37.21322], [-118.68062, 37.20445], [-118.67274, 37.19434], [-118.66612, 37.19002], [-118.66687, 37.18353], [-118.66443, 37.17791], [-118.6672, 37.17239], [-118.67279, 37.16792], [-118.66674, 37.16138], [-118.66714, 37.15422], [-118.66102, 37.15062], [-118.66089, 37.14822], [-118.65702, 37.14738], [-118.65389, 37.14106], [-118.65127, 37.14014], [-118.64082, 37.13698], [-118.63568, 37.13879], [-118.6295, 37.13698], [-118.62506, 37.14006], [-118.61367, 37.14275], [-118.59915, 37.13676], [-118.59342, 37.13841], [-118.59007, 37.13578], [-118.58506, 37.12415], [-118.56881, 37.12292], [-118.56747, 37.11506], [-118.56342, 37.1135], [-118.54696, 37.11508], [-118.55182, 37.10497], [-118.55871, 37.10242], [-118.55725, 37.09338], [-118.57346, 37.09904], [-118.5776, 37.09743], [-118.57705, 37.09427], [-118.58074, 37.09556], [-118.59317, 37.09386], [-118.59561, 37.08981], [-118.59684, 37.07225], [-118.59104, 37.06286], [-118.58862, 37.06249], [-118.58955, 37.06124], [-118.58722, 37.06097], [-118.57957, 37.05192], [-118.58105, 37.03939], [-118.57816, 37.02171], [-118.58492, 37.01644], [-118.58495, 37.00626], [-118.59026, 37.00093], [-118.58919, 36.99628], [-118.59503, 36.99122], [-118.59746, 36.98946], [-118.60783, 36.99111], [-118.62352, 36.9831], [-118.6288, 36.97695], [-118.63328, 36.97582], [-118.63381, 36.97268], [-118.63912, 36.96877], [-118.6391, 36.96578], [-118.65735, 36.95201], [-118.67508, 36.94669], [-118.68669, 36.94662], [-118.70797, 36.94049], [-118.72128, 36.93983], [-118.73364, 36.9334], [-118.7442, 36.93145], [-118.74667, 36.92776], [-118.75298, 36.92543], [-118.75618, 36.9208], [-118.76501, 36.9159], [-118.78391, 36.9098], [-118.78811, 36.90315], [-118.78789, 36.89644], [-118.79587, 36.89258], [-118.79641, 36.88395], [-118.80212, 36.88267], [-118.80279, 36.87815], [-118.80588, 36.87484], [-118.81474, 36.8717], [-118.81875, 36.86639], [-118.82549, 36.86679], [-118.83244, 36.86153], [-118.83679, 36.85079], [-118.85375, 36.84994], [-118.86779, 36.84455], [-118.87512, 36.8381], [-118.8983, 36.8458], [-118.90979, 36.84537], [-118.91651, 36.8483], [-118.92656, 36.84817], [-118.9407, 36.85806], [-118.9517, 36.86069], [-118.9626, 36.85884], [-118.96699, 36.86273], [-118.97465, 36.86146], [-118.98495, 36.86346], [-119.00118, 36.8573], [-119.00759, 36.86197], [-119.01383, 36.85881], [-119.02259, 36.86329], [-119.04691, 36.86001], [-119.05152, 36.86323], [-119.05662, 36.86146], [-119.05837, 36.85851], [-119.06574, 36.85659], [-119.07745, 36.86034], [-119.08144, 36.85853], [-119.08689, 36.86041], [-119.09115, 36.85605], [-119.10234, 36.86099], [-119.10975, 36.85606], [-119.12555, 36.8636], [-119.13079, 36.87103], [-119.13815, 36.86748], [-119.13836, 36.87178], [-119.15186, 36.87864], [-119.15517, 36.8859], [-119.16608, 36.88795], [-119.18303, 36.87676], [-119.21528, 36.86987], [-119.22578, 36.87149], [-119.23182, 36.86862], [-119.23549, 36.87057], [-119.2376, 36.87798], [-119.23469, 36.88209], [-119.23548, 36.88477], [-119.25036, 36.88447], [-119.25236, 36.88967], [-119.26692, 36.89177], [-119.28325, 36.89972], [-119.28827, 36.89936], [-119.28961, 36.89497], [-119.28621, 36.88058], [-119.26637, 36.8714], [-119.26475, 36.86767], [-119.26655, 36.8648], [-119.27641, 36.86195], [-119.28003, 36.85833], [-119.28414, 36.85776], [-119.29461, 36.86128], [-119.31171, 36.85794], [-119.31873, 36.84657], [-119.31603, 36.83753], [-119.3182, 36.83489], [-119.3447, 36.8282], [-119.35426, 36.81831], [-119.37234, 36.81613], [-119.38302, 36.82008], [-119.38671, 36.81866], [-119.38781, 36.81636], [-119.38562, 36.81445], [-119.38454, 36.80769], [-119.38791, 36.803], [-119.40209, 36.79748], [-119.41369, 36.78936], [-119.41951, 36.77859], [-119.42875, 36.7753], [-119.43391, 36.76758], [-119.44275, 36.76306], [-119.44247, 36.7586], [-119.44597, 36.75463], [-119.46109, 36.74524], [-119.46282, 36.74052], [-119.47215, 36.73049], [-119.4718, 36.72823], [-119.48033, 36.72272], [-119.4815, 36.71877], [-119.48771, 36.71637], [-119.49539, 36.7065], [-119.50341, 36.70461], [-119.50659, 36.70118], [-119.50939, 36.70172], [-119.51659, 36.69469], [-119.51791, 36.68765], [-119.528, 36.67341], [-119.52734, 36.66156], [-119.51745, 36.65881], [-119.51208, 36.65338], [-119.49489, 36.65371], [-119.49024, 36.65085], [-119.48509, 36.65428], [-119.48037, 36.65216], [-119.47777, 36.64797], [-119.47141, 36.64907], [-119.46694, 36.64748], [-119.46978, 36.63699], [-119.46636, 36.62906], [-119.47381, 36.62161], [-119.46672, 36.61528], [-119.46366, 36.6089], [-119.47046, 36.59357], [-119.45839, 36.58654], [-119.46418, 36.57672], [-119.48267, 36.56704], [-119.4859, 36.55636], [-119.48414, 36.55209], [-119.48548, 36.54885], [-119.48967, 36.54151], [-119.50652, 36.52451], [-119.50299, 36.50928], [-119.52203, 36.50615], [-119.53079, 36.4967], [-119.54997, 36.50795], [-119.6106, 36.55907], [-119.72539, 36.66408], [-119.76407, 36.69649], [-119.80247, 36.73403], [-119.81895, 36.74317], [-119.83864, 36.7724], [-119.85562, 36.78821], [-119.88879, 36.80935], [-119.92865, 36.84101], [-119.94543, 36.85021], [-120.0434, 36.94529], [-120.05773, 36.95447], [-120.08587, 36.98391], [-120.21146, 37.08612], [-120.21762, 37.10005], [-120.25435, 37.12847], [-120.28965, 37.15193], [-120.24313, 37.15773], [-120.2334, 37.15974], [-120.22618, 37.16401], [-120.19443, 37.1633], [-120.18816, 37.16073], [-120.17641, 37.16247], [-120.17495, 37.16544], [-120.16468, 37.16306], [-120.15463, 37.16618], [-120.14664, 37.16406], [-120.13287, 37.16716], [-120.10741, 37.16625], [-120.09963, 37.17121], [-120.06446, 37.17814], [-120.05224, 37.18317], [-119.76215, 37.41823], [-119.6519, 37.41739], [-119.65092, 37.4609], [-119.64389, 37.4609], [-119.64487, 37.46882], [-119.63815, 37.47376], [-119.63807, 37.47891], [-119.63196, 37.48557], [-119.63201, 37.49711], [-119.61933, 37.49746], [-119.61934, 37.49431], [-119.57787, 37.49321], [-119.57829, 37.53214], [-119.55152, 37.5372], [-119.53499, 37.53409], [-119.52651, 37.53417], [-119.52393, 37.53616], [-119.44342, 37.53501], [-119.43794, 37.5443], [-119.42049, 37.55404], [-119.41144, 37.55144], [-119.40715, 37.54393], [-119.38705, 37.55379], [-119.39006, 37.56111], [-119.38297, 37.5714], [-119.38286, 37.57453], [-119.38607, 37.58131], [-119.3842, 37.58628], [-119.38658, 37.58796], [-119.38462, 37.59419], [-119.37755, 37.60203], [-119.37579, 37.61414], [-119.36774, 37.62942], [-119.36992, 37.63212], [-119.36654, 37.63233], [-119.35518, 37.62645], [-119.34746, 37.63021], [-119.32703, 37.63343], [-119.32469, 37.64095], [-119.32656, 37.64538], [-119.3255, 37.64893], [-119.31316, 37.66276], [-119.29502, 37.66734], [-119.29088, 37.67734], [-119.29407, 37.6815], [-119.29023, 37.68549], [-119.29041, 37.68962], [-119.28049, 37.69139], [-119.27889, 37.69497], [-119.28012, 37.69876], [-119.26239, 37.70161], [-119.25813, 37.71471], [-119.26055, 37.71881], [-119.2598, 37.72153], [-119.25287, 37.72935]]]]}, "properties": {"id": "D7", "name": "D7", "kind": "deer_zone"}}, {"type": "Feature", "geometry": {"type": "Polygon", "coordinates": [[[-118.54696, 37.11508], [-118.53173, 37.11172], [-118.52927, 37.10527], [-118.51365, 37.09385], [-118.50264, 37.09532], [-118.49188, 37.08708], [-118.49032, 37.08207], [-118.4858, 37.07741], [-118.47083, 37.07301], [-118.46722, 37.06782], [-118.45245, 37.0676], [-118.44834, 37.06932], [-118.43645, 37.05997], [-118.43796, 37.05589], [-118.43449, 37.05026], [-118.44044, 37.0463], [-118.43927, 37.03988], [-118.42863, 37.03394], [-118.42253, 37.02605], [-118.42223, 37.01757], [-118.4272, 37.01158], [-118.41717, 37.0046], [-118.41289, 36.99893], [-118.41998, 36.99489], [-118.42026, 36.98903], [-118.40901, 36.98294], [-118.40773, 36.97994], [-118.40921, 36.97474], [-118.40357, 36.9714], [-118.40465, 36.9579], [-118.3972, 36.95796], [-118.38872, 36.94639], [-118.38323, 36.93536], [-118.38094, 36.92265], [-118.37039, 36.9085], [-118.36675, 36.90654], [-118.37003, 36.89996], [-118.36633, 36.89185], [-118.36122, 36.88711], [-118.367, 36.88224], [-118.3698, 36.87218], [-118.36597, 36.86892], [-118.36605, 36.86308], [-118.36221, 36.86154], [-118.36149, 36.84473], [-118.37183, 36.83633], [-118.38833, 36.83585], [-118.39327, 36.83039], [-118.39066, 36.82748], [-118.39015, 36.82147], [-118.38348, 36.81545], [-118.38335, 36.81124], [-118.37889, 36.80954], [-118.37817, 36.80484], [-118.37369, 36.80055], [-118.3724, 36.79529], [-118.38042, 36.78279], [-118.37642, 36.77911], [-118.37676, 36.77269], [-118.3724, 36.76737], [-118.37486, 36.76435], [-118.36995, 36.75653], [-118.36935, 36.7501], [-118.35121, 36.74155], [-118.33872, 36.72834], [-118.3345, 36.70616], [-118.34868, 36.69607], [-118.36338, 36.69476], [-118.36593, 36.69051], [-118.36292, 36.68702], [-118.35297, 36.6837], [-118.34782, 36.67272], [-118.33424, 36.67239], [-118.32915, 36.6664], [-118.33556, 36.66242], [-118.33846, 36.65608], [-118.32492, 36.64693], [-118.31902, 36.63996], [-118.32124, 36.62834], [-118.31139, 36.62591], [-118.3099, 36.62284], [-118.30284, 36.61972], [-118.30163, 36.61324], [-118.29666, 36.60752], [-118.2889, 36.60324], [-118.2816, 36.60427], [-118.27477, 36.59647], [-118.27942, 36.59171], [-118.28871, 36.59038], [-118.28977, 36.58852], [-118.28781, 36.58449], [-118.29467, 36.57626], [-118.29051, 36.57307], [-118.29263, 36.56884], [-118.29186, 36.55896], [-118.28084, 36.55533], [-118.27522, 36.5505], [-118.26605, 36.55159], [-118.26156, 36.54834], [-118.26059, 36.54394], [-118.25218, 36.54132], [-118.24845, 36.5327], [-118.25107, 36.52611], [-118.248, 36.52223], [-118.23955, 36.5225], [-118.23929, 36.51226], [-118.23743, 36.51137], [-118.23955, 36.51005], [-118.23828, 36.50676], [-118.24149, 36.49983], [-118.23542, 36.49398], [-118.24923, 36.48722], [-118.25002, 36.48243], [-118.25595, 36.47464], [-118.2626, 36.47278], [-118.26782, 36.46839], [-118.27499, 36.46843], [-118.28295, 36.46363], [-118.28486, 36.46545], [-118.29768, 36.45878], [-118.30105, 36.45396], [-118.31492, 36.45177], [-118.3273, 36.45259], [-118.33368, 36.44429], [-118.34806, 36.44374], [-118.35493, 36.44099], [-118.35859, 36.43453], [-118.36296, 36.43529], [-118.366, 36.42259], [-118.37004, 36.41753], [-118.36929, 36.40796], [-118.3751, 36.40179], [-118.37342, 36.38627], [-118.37917, 36.3824], [-118.38021, 36.37062], [-118.38449, 36.36499], [-118.39512, 36.35669], [-118.39987, 36.35593], [-118.40646, 36.34882], [-118.40503, 36.34285], [-118.40706, 36.33892], [-118.40371, 36.33226], [-118.40659, 36.32325], [-118.40231, 36.31726], [-118.40092, 36.30898], [-118.40537, 36.30111], [-118.40697, 36.27869], [-118.40541, 36.26563], [-118.39975, 36.25727], [-118.40282, 36.25098], [-118.39888, 36.24426], [-118.3875, 36.24118], [-118.3792, 36.24148], [-118.37694, 36.23705], [-118.37082, 36.2365], [-118.36004, 36.22906], [-118.3541, 36.22151], [-118.3442, 36.22135], [-118.32749, 36.21454], [-118.31502, 36.21296], [-118.30922, 36.20853], [-118.31135, 36.201], [-118.30993, 36.19388], [-118.29511, 36.1872], [-118.2922, 36.19153], [-118.28888, 36.19197], [-118.28598, 36.18486], [-118.27814, 36.17849], [-118.2682, 36.17827], [-118.27066, 36.1719], [-118.26628, 36.16412], [-118.26936, 36.15619], [-118.26588, 36.15362], [-118.27458, 36.15386], [-118.27465, 36.15184], [-118.2705, 36.1466], [-118.26627, 36.13472], [-118.25931, 36.133], [-118.25939, 36.12908], [-118.26207, 36.12756], [-118.25774, 36.12453], [-118.25602, 36.11951], [-118.26389, 36.12141], [-118.26521, 36.10913], [-118.2671, 36.10799], [-118.2638, 36.10163], [-118.26584, 36.09604], [-118.26143, 36.09096], [-118.25338, 36.08705], [-118.24034, 36.06422], [-118.22831, 36.05602], [-118.21992, 36.05631], [-118.2209, 36.06113], [-118.21825, 36.06383], [-118.21511, 36.06329], [-118.20957, 36.0594], [-118.20573, 36.05311], [-118.20021, 36.05086], [-118.19947, 36.04868], [-118.20423, 36.04218], [-118.20055, 36.04034], [-118.19766, 36.03527], [-118.17666, 36.02969], [-118.15944, 36.03263], [-118.1573, 36.02753], [-118.14934, 36.03042], [-118.14002, 36.02441], [-118.13953, 36.02139], [-118.13413, 36.02136], [-118.13493, 36.01717], [-118.13187, 36.01466], [-118.13626, 36.01403], [-118.13816, 36.00731], [-118.146, 36.00264], [-118.14444, 35.99601], [-118.1473, 35.99724], [-118.15095, 35.99494], [-118.1469, 35.98715], [-118.15552, 35.98372], [-118.15347, 35.98161], [-118.15941, 35.9719], [-118.15809, 35.96686], [-118.16257, 35.9589], [-118.16074, 35.95555], [-118.16888, 35.94972], [-118.16587, 35.94447], [-118.16888, 35.94358], [-118.16235, 35.93998], [-118.16233, 35.93337], [-118.16731, 35.93002], [-118.16833, 35.92162], [-118.16537, 35.91686], [-118.16962, 35.91111], [-118.17765, 35.91006], [-118.17936, 35.90667], [-118.18499, 35.90599], [-118.19129, 35.89889], [-118.18707, 35.89525], [-118.19366, 35.8848], [-118.19374, 35.8797], [-118.20168, 35.86994], [-118.20106, 35.85756], [-118.20806, 35.84581], [-118.21281, 35.84613], [-118.21753, 35.84173], [-118.21669, 35.83495], [-118.19723, 35.83697], [-118.18966, 35.8304], [-118.18977, 35.82806], [-118.19616, 35.82401], [-118.1927, 35.82223], [-118.19222, 35.81916], [-118.20099, 35.81625], [-118.20313, 35.81364], [-118.20211, 35.80668], [-118.19719, 35.80281], [-118.19539, 35.7907], [-118.19329, 35.78886], [-118.19713, 35.7757], [-118.20528, 35.77348], [-118.20593, 35.77002], [-118.19643, 35.76626], [-118.19539, 35.759], [-118.18797, 35.7536], [-118.18276, 35.74571], [-118.17789, 35.74314], [-118.17787, 35.73863], [-118.17174, 35.73264], [-118.17408, 35.73263], [-118.17448, 35.72542], [-118.17868, 35.72532], [-118.17889, 35.72078], [-118.19241, 35.70773], [-118.2151, 35.70254], [-118.2219, 35.69662], [-118.2352, 35.69074], [-118.23378, 35.68968], [-118.23657, 35.68756], [-118.24661, 35.68354], [-118.26711, 35.66702], [-118.30522, 35.66398], [-118.31872, 35.65726], [-118.33407, 35.65662], [-118.35149, 35.65271], [-118.38563, 35.63292], [-118.39752, 35.63565], [-118.41823, 35.64565], [-118.41969, 35.651], [-118.42844, 35.6493], [-118.43162, 35.65803], [-118.44829, 35.6566], [-118.45692, 35.65206], [-118.45829, 35.6469], [-118.47331, 35.63398], [-118.49089, 35.61006], [-118.50227, 35.60154], [-118.51497, 35.59826], [-118.52985, 35.58366], [-118.54709, 35.57932], [-118.5581, 35.5815], [-118.56164, 35.57565], [-118.56753, 35.57283], [-118.56983, 35.56882], [-118.58409, 35.56865], [-118.58636, 35.56585], [-118.58667, 35.55846], [-118.58866, 35.55711], [-118.59522, 35.55636], [-118.60315, 35.55963], [-118.61324, 35.55817], [-118.61545, 35.55592], [-118.61612, 35.54537], [-118.62344, 35.53836], [-118.6315, 35.53589], [-118.63274, 35.53186], [-118.6473, 35.53147], [-118.66402, 35.52684], [-118.68938, 35.51288], [-118.69108, 35.50418], [-118.69789, 35.49379], [-118.70803, 35.49255], [-118.71133, 35.49019], [-118.70958, 35.47801], [-118.71388, 35.47255], [-118.72074, 35.47552], [-118.72947, 35.47405], [-118.73189, 35.47865], [-118.74748, 35.48088], [-118.75263, 35.47544], [-118.75093, 35.46964], [-118.76239, 35.46155], [-118.7784, 35.4606], [-118.78227, 35.45042], [-118.79504, 35.4401], [-118.81147, 35.43214], [-118.83077, 35.41665], [-118.86968, 35.40447], [-118.87991, 35.39831], [-118.95988, 35.39622], [-118.97682, 35.39213], [-118.9857, 35.38644], [-118.99487, 35.38373], [-119.01123, 35.38125], [-119.03784, 35.38105], [-119.04441, 35.38317], [-119.04657, 35.40497], [-119.05889, 35.4159], [-119.06353, 35.42478], [-119.17309, 35.50664], [-119.18449, 35.51946], [-119.19181, 35.5343], [-119.20444, 35.58977], [-119.21037, 35.59787], [-119.21232, 35.61423], [-119.2417, 35.73994], [-119.2527, 35.77583], [-119.25023, 35.78592], [-119.25534, 35.79924], [-119.25959, 35.82804], [-119.26469, 35.84052], [-119.27061, 35.86559], [-119.27083, 35.87683], [-119.27783, 35.89803], [-119.28222, 35.92587], [-119.28677, 35.93583], [-119.29147, 35.96561], [-119.29583, 35.97619], [-119.31076, 36.0405], [-119.31104, 36.05132], [-119.32206, 36.09056], [-119.32565, 36.13009], [-119.33255, 36.1538], [-119.32862, 36.18033], [-119.32979, 36.21598], [-119.36061, 36.25994], [-119.39332, 36.30977], [-119.39541, 36.31576], [-119.40645, 36.32544], [-119.42609, 36.34915], [-119.43041, 36.36459], [-119.48287, 36.44417], [-119.49065, 36.45241], [-119.49355, 36.46034], [-119.50771, 36.48169], [-119.51895, 36.49069], [-119.53079, 36.4967], [-119.52203, 36.50615], [-119.50299, 36.50928], [-119.50652, 36.52451], [-119.48967, 36.54151], [-119.48548, 36.54885], [-119.48414, 36.55209], [-119.4859, 36.55636], [-119.48267, 36.56704], [-119.46418, 36.57672], [-119.45839, 36.58654], [-119.47046, 36.59357], [-119.46366, 36.60889], [-119.46672, 36.61528], [-119.47381, 36.62161], [-119.46636, 36.62906], [-119.46978, 36.63699], [-119.46642, 36.64689], [-119.46972, 36.64898], [-119.47777, 36.64797], [-119.48037, 36.65216], [-119.48509, 36.65428], [-119.49024, 36.65085], [-119.49488, 36.65371], [-119.51321, 36.65385], [-119.51745, 36.65881], [-119.52701, 36.66103], [-119.528, 36.67341], [-119.51791, 36.68765], [-119.51655, 36.69474], [-119.50948, 36.70166], [-119.50659, 36.70118], [-119.50341, 36.70461], [-119.4954, 36.7065], [-119.48771, 36.71637], [-119.4815, 36.71877], [-119.48033, 36.72272], [-119.4718, 36.72823], [-119.47215, 36.73049], [-119.46282, 36.74052], [-119.46109, 36.74524], [-119.44597, 36.75463], [-119.44247, 36.7586], [-119.44275, 36.76306], [-119.43391, 36.76758], [-119.42875, 36.7753], [-119.41951, 36.77859], [-119.41369, 36.78936], [-119.40595, 36.79537], [-119.39309, 36.79989], [-119.38602, 36.80483], [-119.38454, 36.80852], [-119.38781, 36.81636], [-119.38678, 36.81861], [-119.38302, 36.82008], [-119.37234, 36.81613], [-119.35426, 36.81831], [-119.3447, 36.8282], [-119.3182, 36.83489], [-119.31603, 36.83753], [-119.31873, 36.84657], [-119.31171, 36.85794], [-119.29461, 36.86128], [-119.28414, 36.85776], [-119.28003, 36.85833], [-119.27641, 36.86195], [-119.26655, 36.8648], [-119.26475, 36.86767], [-119.26637, 36.8714], [-119.28621, 36.88058], [-119.28961, 36.89497], [-119.28956, 36.89767], [-119.2866, 36.89984], [-119.26692, 36.89177], [-119.25236, 36.88967], [-119.25036, 36.88447], [-119.23548, 36.88477], [-119.23469, 36.88209], [-119.2376, 36.87798], [-119.23549, 36.87057], [-119.23182, 36.86862], [-119.22578, 36.87149], [-119.21528, 36.86987], [-119.18303, 36.87676], [-119.16608, 36.88795], [-119.15517, 36.8859], [-119.15186, 36.87864], [-119.13836, 36.87178], [-119.13815, 36.86748], [-119.13079, 36.87103], [-119.12555, 36.8636], [-119.10974, 36.85606], [-119.10234, 36.86099], [-119.09115, 36.85605], [-119.08689, 36.86041], [-119.08144, 36.85853], [-119.07745, 36.86034], [-119.06574, 36.85659], [-119.05837, 36.85851], [-119.05662, 36.86146], [-119.05152, 36.86323], [-119.04691, 36.86001], [-119.02259, 36.86329], [-119.01383, 36.85881], [-119.00759, 36.86197], [-119.00118, 36.8573], [-118.98495, 36.86346], [-118.97465, 36.86146], [-118.96699, 36.86273], [-118.9626, 36.85884], [-118.9517, 36.86069], [-118.9407, 36.85806], [-118.92656, 36.84817], [-118.91651, 36.8483], [-118.90979, 36.84537], [-118.8983, 36.8458], [-118.87512, 36.8381], [-118.86779, 36.84455], [-118.85375, 36.84994], [-118.83684, 36.85077], [-118.83244, 36.86153], [-118.82549, 36.86679], [-118.81866, 36.86644], [-118.81474, 36.8717], [-118.80528, 36.87531], [-118.80194, 36.88284], [-118.79648, 36.88385], [-118.79681, 36.89145], [-118.78789, 36.89644], [-118.78811, 36.90315], [-118.78391, 36.9098], [-118.76501, 36.9159], [-118.75618, 36.9208], [-118.75298, 36.92543], [-118.74667, 36.92776], [-118.7442, 36.93145], [-118.73364, 36.9334], [-118.72128, 36.93983], [-118.70797, 36.94049], [-118.68669, 36.94662], [-118.67508, 36.94669], [-118.65735, 36.95201], [-118.6391, 36.96578], [-118.63912, 36.96877], [-118.63381, 36.97268], [-118.63328, 36.97582], [-118.6288, 36.97695], [-118.62352, 36.9831], [-118.60782, 36.99111], [-118.597, 36.98959], [-118.58919, 36.99628], [-118.59057, 37.00002], [-118.58495, 37.00626], [-118.58505, 37.01621], [-118.57816, 37.02153], [-118.58129, 37.04453], [-118.57946, 37.05135], [-118.58722, 37.06097], [-118.58955, 37.06124], [-118.58862, 37.06249], [-118.59104, 37.06286], [-118.59684, 37.07225], [-118.59561, 37.08981], [-118.59317, 37.09386], [-118.58074, 37.09556], [-118.57705, 37.09427], [-118.5776, 37.09743], [-118.57346, 37.09904], [-118.55725, 37.09338], [-118.55871, 37.10242], [-118.55182, 37.10497], [-118.54696, 37.11508]]]}, "properties": {"id": "D8", "name": "D8", "kind": "deer_zone"}}, {"type": "Feature", "geometry": {"type": "Polygon", "coordinates": [[[-121.51864, 41.99831], [-121.43414, 41.92157], [-121.33114, 41.85879], [-121.30826, 41.84193], [-121.30237, 41.7509], [-121.2937, 41.72094], [-121.28208, 41.70963], [-121.28083, 41.70202], [-121.18854, 41.57936], [-121.15989, 41.54921], [-121.15022, 41.53534], [-121.15071, 41.53081], [-121.15988, 41.51468], [-121.15757, 41.48824], [-121.16921, 41.42658], [-121.19377, 41.38598], [-121.19474, 41.3805], [-121.19221, 41.37242], [-121.18611, 41.36483], [-121.15166, 41.3425], [-121.13295, 41.32531], [-121.13475, 41.31735], [-121.1345, 41.28506], [-121.14319, 41.26793], [-121.13421, 41.23023], [-121.14795, 41.21823], [-121.14837, 41.21242], [-121.13845, 41.20436], [-121.13861, 41.18232], [-121.13375, 41.16836], [-121.13378, 41.13396], [-121.13172, 41.13187], [-121.14511, 41.12088], [-121.13726, 41.11052], [-121.13163, 41.10858], [-121.12934, 41.1013], [-121.12423, 41.09998], [-121.12181, 41.09122], [-121.1229, 41.08854], [-121.11591, 41.08765], [-121.11534, 41.07221], [-121.11598, 41.06994], [-121.11879, 41.0696], [-121.1193, 41.06404], [-121.12495, 41.05883], [-121.12912, 41.05794], [-121.13314, 41.04933], [-121.1378, 41.05004], [-121.13668, 41.04611], [-121.15454, 41.0332], [-121.15769, 41.01808], [-121.1531, 41.01255], [-121.15699, 41.00475], [-121.15241, 41.00212], [-121.15455, 40.99086], [-121.16282, 40.97567], [-121.1703, 40.97397], [-121.1687, 40.9699], [-121.17024, 40.9678], [-121.1849, 40.96589], [-121.18309, 40.96059], [-121.18586, 40.95915], [-121.18293, 40.95439], [-121.18709, 40.9475], [-121.19786, 40.94091], [-121.19885, 40.93688], [-121.20921, 40.93806], [-121.21282, 40.93426], [-121.21849, 40.93288], [-121.22743, 40.94082], [-121.23613, 40.94039], [-121.24006, 40.95484], [-121.25102, 40.96336], [-121.25292, 40.97234], [-121.26581, 40.9811], [-121.26532, 40.98527], [-121.26808, 40.9909], [-121.27197, 40.99471], [-121.2776, 40.99628], [-121.28156, 41.0009], [-121.28694, 41.00061], [-121.28751, 41.00843], [-121.29222, 41.01129], [-121.29031, 41.01682], [-121.28191, 41.01868], [-121.28164, 41.02307], [-121.28529, 41.02751], [-121.291, 41.02657], [-121.29871, 41.0286], [-121.30604, 41.04105], [-121.32849, 41.04512], [-121.33698, 41.04215], [-121.34152, 41.04713], [-121.34445, 41.04592], [-121.34853, 41.04953], [-121.36294, 41.04827], [-121.37322, 41.05485], [-121.39343, 41.04893], [-121.39856, 41.04393], [-121.39969, 41.03985], [-121.40836, 41.03464], [-121.41425, 41.02579], [-121.41996, 41.02323], [-121.42147, 41.01938], [-121.42507, 41.0203], [-121.4335, 41.00408], [-121.43652, 41.00189], [-121.43552, 40.99595], [-121.43916, 40.99161], [-121.43356, 40.99033], [-121.43294, 40.98762], [-121.44356, 40.98644], [-121.45223, 40.98019], [-121.45674, 40.97236], [-121.46251, 40.97517], [-121.46388, 40.98415], [-121.47265, 40.98646], [-121.47527, 40.9908], [-121.49174, 40.99097], [-121.49973, 40.98601], [-121.5022, 40.98955], [-121.50872, 40.99013], [-121.51345, 40.97949], [-121.52598, 40.97707], [-121.5341, 40.97867], [-121.5384, 40.9766], [-121.54443, 40.98028], [-121.55518, 40.98159], [-121.55772, 40.98733], [-121.5695, 40.99091], [-121.57095, 40.99364], [-121.58009, 40.99061], [-121.58152, 40.99528], [-121.57732, 41.00059], [-121.58184, 41.00736], [-121.58802, 41.00641], [-121.60098, 41.01378], [-121.60904, 41.01305], [-121.6216, 41.01677], [-121.62459, 41.01387], [-121.62642, 41.01469], [-121.62119, 41.01986], [-121.62917, 41.03352], [-121.63131, 41.04384], [-121.64655, 41.05996], [-121.63782, 41.10082], [-121.63976, 41.10988], [-121.6381, 41.12491], [-121.64009, 41.13779], [-121.64993, 41.15088], [-121.66459, 41.16233], [-121.7372, 41.19164], [-121.74089, 41.19146], [-121.74605, 41.19783], [-121.7509, 41.20027], [-121.77985, 41.20455], [-121.79228, 41.21861], [-121.79805, 41.23426], [-121.80828, 41.24598], [-121.85936, 41.26629], [-121.91312, 41.26761], [-121.96402, 41.26051], [-122.13338, 41.25095], [-122.14156, 41.25253], [-122.14996, 41.26063], [-122.17234, 41.26517], [-122.18117, 41.26931], [-122.19666, 41.26829], [-122.20795, 41.27146], [-122.23271, 41.26527], [-122.25926, 41.2758], [-122.27686, 41.28868], [-122.29606, 41.28814], [-122.30268, 41.28512], [-122.30695, 41.28776], [-122.33188, 41.33181], [-122.34244, 41.34426], [-122.37362, 41.37252], [-122.37523, 41.39213], [-122.38237, 41.40066], [-122.37951, 41.40963], [-122.38948, 41.42793], [-122.38715, 41.43965], [-122.3637, 41.44873], [-122.35719, 41.45763], [-122.34998, 41.47593], [-122.32371, 41.50421], [-122.30509, 41.52033], [-122.28436, 41.52441], [-122.27186, 41.53359], [-122.2492, 41.53383], [-122.23511, 41.53673], [-122.19681, 41.57105], [-122.19299, 41.58135], [-122.20145, 41.60504], [-122.20089, 41.61891], [-122.19015, 41.63735], [-122.17865, 41.64134], [-122.12952, 41.64412], [-122.11961, 41.65327], [-122.07579, 41.67348], [-122.05579, 41.68651], [-122.04147, 41.69], [-122.03926, 41.69602], [-122.05785, 41.72611], [-122.06638, 41.75586], [-122.00588, 41.82833], [-121.99695, 41.84679], [-121.92136, 41.96113], [-121.91557, 41.96715], [-121.91064, 41.96827], [-121.90889, 41.97758], [-121.90448, 41.97982], [-121.88927, 42.00337], [-121.51864, 41.99831]]]}, "properties": {"id": "X1", "name": "X1", "kind": "deer_zone"}}, {"type": "Feature", "geometry": {"type": "Polygon", "coordinates": [[[-121.37225, 40.68114], [-121.36588, 40.67145], [-121.36162, 40.67066], [-121.34882, 40.66151], [-121.29371, 40.64687], [-121.2272, 40.64075], [-121.20371, 40.65479], [-121.18472, 40.65229], [-121.16522, 40.64607], [-121.11106, 40.61055], [-121.0745, 40.57309], [-121.06077, 40.56428], [-121.03571, 40.52807], [-120.96976, 40.49281], [-120.94697, 40.47585], [-120.93439, 40.47082], [-120.91186, 40.45097], [-120.85258, 40.43936], [-120.8347, 40.43875], [-120.8199, 40.42836], [-120.78967, 40.42486], [-120.78298, 40.41749], [-120.76356, 40.41546], [-120.7552, 40.41085], [-120.76638, 40.40773], [-120.77699, 40.39699], [-120.81357, 40.3754], [-120.83499, 40.36791], [-120.83849, 40.36988], [-120.84074, 40.36702], [-120.84941, 40.36384], [-120.8649, 40.36064], [-120.87677, 40.35216], [-120.8858, 40.35644], [-120.92412, 40.33849], [-120.93033, 40.32952], [-120.94485, 40.31796], [-121.04822, 40.31081], [-121.04734, 40.298], [-121.052, 40.29853], [-121.0609, 40.29414], [-121.07405, 40.29401], [-121.07552, 40.28914], [-121.07919, 40.2861], [-121.08697, 40.2656], [-121.07737, 40.25153], [-121.07867, 40.24673], [-121.07619, 40.23908], [-121.07573, 40.22254], [-121.06837, 40.21565], [-121.0661, 40.21053], [-121.08137, 40.18063], [-121.08069, 40.17214], [-121.07073, 40.17214], [-121.04779, 40.17801], [-121.03501, 40.17196], [-121.02379, 40.1757], [-120.98677, 40.17522], [-120.95948, 40.16687], [-120.95455, 40.15983], [-120.95545, 40.14192], [-120.94982, 40.13917], [-120.91769, 40.13383], [-120.91801, 40.13022], [-120.90945, 40.12279], [-120.90671, 40.11242], [-120.90918, 40.09948], [-120.91569, 40.08779], [-120.93055, 40.0784], [-120.94567, 40.07309], [-120.95001, 40.06755], [-120.96275, 40.06189], [-120.96363, 40.0545], [-120.97004, 40.05559], [-120.97399, 40.05115], [-120.9814, 40.05007], [-120.98077, 40.04687], [-120.97797, 40.04657], [-120.9774, 40.04049], [-120.98323, 40.04151], [-120.98492, 40.03717], [-120.98894, 40.03494], [-120.9957, 40.0401], [-120.99879, 40.03964], [-121.0016, 40.03556], [-121.01034, 40.03596], [-121.01309, 40.03177], [-121.02002, 40.03116], [-121.02164, 40.02757], [-121.02899, 40.02582], [-121.03194, 40.01934], [-121.05498, 40.01886], [-121.06467, 40.02366], [-121.08345, 40.01823], [-121.08911, 40.01446], [-121.09619, 40.01748], [-121.10107, 40.01647], [-121.10767, 40.02281], [-121.11538, 40.02537], [-121.12189, 40.02423], [-121.12526, 40.02915], [-121.13413, 40.02871], [-121.14823, 40.02407], [-121.1668, 40.02336], [-121.17539, 40.01349], [-121.18426, 40.01378], [-121.19041, 40.00941], [-121.19485, 40.01304], [-121.20619, 40.01292], [-121.21048, 40.01658], [-121.21625, 40.01525], [-121.21832, 40.01124], [-121.22205, 40.01465], [-121.22598, 40.01421], [-121.2323, 40.00812], [-121.2395, 40.00848], [-121.24379, 40.0061], [-121.25033, 40.00707], [-121.25995, 40.00391], [-121.26542, 40.00559], [-121.27413, 39.99896], [-121.27536, 39.99489], [-121.28361, 39.99071], [-121.28442, 39.98618], [-121.28225, 39.98195], [-121.27806, 39.98007], [-121.27777, 39.97398], [-121.27462, 39.97165], [-121.27597, 39.96769], [-121.27443, 39.964], [-121.28469, 39.95832], [-121.29968, 39.9537], [-121.30751, 39.94495], [-121.30877, 39.94021], [-121.31572, 39.9371], [-121.31669, 39.92041], [-121.32677, 39.91455], [-121.32971, 39.91027], [-121.35907, 39.9004], [-121.35999, 39.89104], [-121.37015, 39.88182], [-121.37366, 39.86848], [-121.38729, 39.86263], [-121.39554, 39.84402], [-121.4083, 39.84207], [-121.41411, 39.83818], [-121.41432, 39.83441], [-121.40859, 39.82915], [-121.40986, 39.82476], [-121.4231, 39.82061], [-121.42965, 39.81024], [-121.44593, 39.80131], [-121.45363, 39.79309], [-121.44997, 39.78504], [-121.45222, 39.77934], [-121.45906, 39.77416], [-121.46283, 39.77476], [-121.46617, 39.76848], [-121.46569, 39.76318], [-121.47956, 39.76076], [-121.48287, 39.75382], [-121.48226, 39.74868], [-121.49558, 39.74048], [-121.49673, 39.73672], [-121.4945, 39.72828], [-121.51213, 39.72199], [-121.52011, 39.7174], [-121.5245, 39.71072], [-121.52987, 39.70921], [-121.53054, 39.69668], [-121.53965, 39.68362], [-121.52624, 39.6698], [-121.53417, 39.66339], [-121.53912, 39.65568], [-121.5573, 39.65125], [-121.58236, 39.63488], [-121.6187, 39.6021], [-121.6201, 39.57954], [-121.57357, 39.52492], [-121.5721, 39.51392], [-121.57678, 39.49813], [-121.64511, 39.49816], [-121.65864, 39.49471], [-121.68858, 39.49426], [-121.68838, 39.46525], [-121.98994, 39.46443], [-121.99245, 39.46331], [-121.99424, 39.45727], [-122.01711, 39.45718], [-122.02051, 39.49069], [-122.01435, 39.52119], [-122.21467, 39.52485], [-122.2143, 39.55645], [-122.20424, 39.63067], [-122.20575, 39.74089], [-122.20465, 39.78375], [-122.19984, 39.8042], [-122.20058, 39.96695], [-122.2157, 40.05984], [-122.21922, 40.12771], [-122.22396, 40.15349], [-122.2217, 40.17448], [-122.24717, 40.2091], [-122.25394, 40.22342], [-122.25621, 40.23516], [-122.2671, 40.26524], [-122.27863, 40.28807], [-122.28476, 40.37735], [-122.27829, 40.37501], [-122.26769, 40.37925], [-122.26259, 40.37518], [-122.25401, 40.38284], [-122.2425, 40.38709], [-122.23533, 40.38593], [-122.22914, 40.38903], [-122.22613, 40.38317], [-122.21734, 40.38637], [-122.21075, 40.38144], [-122.19933, 40.37902], [-122.1798, 40.35942], [-122.17468, 40.35697], [-122.16843, 40.36935], [-122.16816, 40.374], [-122.17803, 40.38358], [-122.18812, 40.38577], [-122.18411, 40.39189], [-122.16316, 40.39319], [-122.15935, 40.39701], [-122.1493, 40.39817], [-122.13364, 40.39755], [-122.12897, 40.39935], [-122.12897, 40.40381], [-122.12312, 40.40329], [-122.11852, 40.40638], [-122.11205, 40.40506], [-122.09984, 40.41442], [-122.0976, 40.40982], [-122.09191, 40.41428], [-122.09041, 40.41387], [-122.09197, 40.41088], [-122.08015, 40.41234], [-122.07224, 40.41525], [-122.05724, 40.41655], [-122.05212, 40.4204], [-122.04425, 40.41834], [-122.03539, 40.41964], [-122.03198, 40.41726], [-122.03024, 40.42104], [-122.0217, 40.42419], [-122.01464, 40.42114], [-122.0141, 40.42446], [-122.00937, 40.42668], [-121.99966, 40.42308], [-121.99395, 40.42574], [-121.97697, 40.42113], [-121.96463, 40.42166], [-121.94143, 40.41548], [-121.92712, 40.41839], [-121.91685, 40.42502], [-121.91269, 40.43115], [-121.89762, 40.43872], [-121.88007, 40.44091], [-121.86947, 40.44471], [-121.85824, 40.45586], [-121.85807, 40.46213], [-121.85397, 40.46726], [-121.84477, 40.47332], [-121.84295, 40.47716], [-121.83779, 40.47735], [-121.82662, 40.48639], [-121.8164, 40.48888], [-121.8149, 40.49337], [-121.80846, 40.49712], [-121.80774, 40.50108], [-121.79514, 40.50488], [-121.79023, 40.51296], [-121.7819, 40.50973], [-121.7511, 40.5176], [-121.70112, 40.51685], [-121.68179, 40.51864], [-121.68056, 40.52297], [-121.6677, 40.52941], [-121.6418, 40.52939], [-121.63568, 40.53257], [-121.62204, 40.53216], [-121.60317, 40.54176], [-121.59202, 40.53851], [-121.58128, 40.54221], [-121.57585, 40.5418], [-121.57986, 40.55375], [-121.56958, 40.57495], [-121.53815, 40.5917], [-121.52922, 40.60297], [-121.51386, 40.61121], [-121.48074, 40.62322], [-121.4705, 40.6432], [-121.46395, 40.64716], [-121.4443, 40.66749], [-121.44046, 40.67532], [-121.43196, 40.67487], [-121.42469, 40.68022], [-121.40068, 40.67632], [-121.39872, 40.67867], [-121.39993, 40.69986], [-121.39699, 40.7032], [-121.39055, 40.69645], [-121.384, 40.6946], [-121.38075, 40.6884], [-121.37225, 40.68114]]]}, "properties": {"id": "C4", "name": "C4", "kind": "deer_zone"}}, {"type": "Feature", "geometry": {"type": "Polygon", "coordinates": [[[-121.91969, 41.02274], [-121.91485, 41.02392], [-121.9127, 41.02021], [-121.90557, 41.02172], [-121.90119, 41.02041], [-121.89926, 41.01449], [-121.88715, 41.01105], [-121.88556, 41.00055], [-121.87931, 41.00153], [-121.87826, 40.99488], [-121.87552, 40.99424], [-121.87363, 40.9968], [-121.8664, 40.99104], [-121.85157, 40.98718], [-121.84791, 40.97652], [-121.85017, 40.97318], [-121.8467, 40.96913], [-121.83794, 40.96732], [-121.83432, 40.96303], [-121.82243, 40.96598], [-121.80655, 40.96335], [-121.80061, 40.95685], [-121.79237, 40.96147], [-121.78564, 40.96934], [-121.78084, 40.9703], [-121.77742, 40.98382], [-121.76594, 40.98883], [-121.76373, 40.99411], [-121.75721, 40.99832], [-121.73892, 40.9937], [-121.72971, 40.99592], [-121.71368, 41.00814], [-121.70981, 41.00688], [-121.70453, 41.00937], [-121.70163, 41.00569], [-121.69505, 41.00681], [-121.68967, 41.00455], [-121.68967, 41.00844], [-121.68695, 41.01178], [-121.68378, 41.01114], [-121.6833, 41.00727], [-121.68112, 41.00805], [-121.67442, 41.02257], [-121.66792, 41.02044], [-121.66233, 41.02589], [-121.65418, 41.02349], [-121.65339, 41.02493], [-121.65697, 41.02883], [-121.63883, 41.02359], [-121.63572, 41.01963], [-121.62607, 41.0187], [-121.62377, 41.01619], [-121.62642, 41.01469], [-121.63167, 41.01679], [-121.64572, 41.01553], [-121.64877, 41.01411], [-121.64931, 41.01119], [-121.64569, 41.00844], [-121.6333, 41.00604], [-121.60662, 40.93817], [-121.59465, 40.91897], [-121.56342, 40.87958], [-121.54944, 40.86864], [-121.53437, 40.85108], [-121.52507, 40.84569], [-121.51514, 40.83527], [-121.51343, 40.83091], [-121.51369, 40.80254], [-121.50721, 40.79255], [-121.49756, 40.75884], [-121.48143, 40.74644], [-121.43203, 40.72957], [-121.4264, 40.7239], [-121.41818, 40.70482], [-121.41794, 40.69633], [-121.42469, 40.68022], [-121.43196, 40.67487], [-121.44181, 40.67413], [-121.4443, 40.66749], [-121.46395, 40.64716], [-121.4705, 40.6432], [-121.48074, 40.62322], [-121.51386, 40.61121], [-121.52922, 40.60297], [-121.53815, 40.5917], [-121.56958, 40.57495], [-121.57986, 40.55375], [-121.57585, 40.5418], [-121.58128, 40.54221], [-121.59202, 40.53851], [-121.60317, 40.54176], [-121.62204, 40.53216], [-121.63568, 40.53257], [-121.6418, 40.52939], [-121.6677, 40.52941], [-121.68056, 40.52297], [-121.68179, 40.51864], [-121.70112, 40.51685], [-121.7511, 40.5176], [-121.7819, 40.50973], [-121.79023, 40.51296], [-121.79514, 40.50488], [-121.80774, 40.50108], [-121.80846, 40.49712], [-121.8149, 40.49337], [-121.8164, 40.48888], [-121.82662, 40.48639], [-121.83779, 40.47735], [-121.84295, 40.47716], [-121.84477, 40.47332], [-121.85397, 40.46726], [-121.85807, 40.46213], [-121.85824, 40.45586], [-121.86947, 40.44471], [-121.88007, 40.44091], [-121.89762, 40.43872], [-121.91269, 40.43115], [-121.91685, 40.42502], [-121.92712, 40.41839], [-121.94143, 40.41548], [-121.96463, 40.42166], [-121.97697, 40.42113], [-121.99395, 40.42574], [-121.99966, 40.42308], [-122.00937, 40.42668], [-122.0141, 40.42446], [-122.01464, 40.42114], [-122.0217, 40.42419], [-122.03024, 40.42104], [-122.03198, 40.41726], [-122.03539, 40.41964], [-122.04425, 40.41834], [-122.05212, 40.4204], [-122.05724, 40.41655], [-122.07224, 40.41525], [-122.08015, 40.41234], [-122.09197, 40.41088], [-122.09041, 40.41387], [-122.09191, 40.41428], [-122.0976, 40.40982], [-122.09984, 40.41442], [-122.11205, 40.40506], [-122.11852, 40.40638], [-122.12312, 40.40329], [-122.12897, 40.40381], [-122.12897, 40.39935], [-122.13364, 40.39755], [-122.1493, 40.39817], [-122.15935, 40.39701], [-122.16316, 40.39319], [-122.18273, 40.39244], [-122.18812, 40.38577], [-122.17803, 40.38358], [-122.16816, 40.374], [-122.16843, 40.36935], [-122.17468, 40.35697], [-122.1798, 40.35942], [-122.19933, 40.37902], [-122.21075, 40.38144], [-122.21734, 40.38637], [-122.22613, 40.38317], [-122.22914, 40.38903], [-122.23533, 40.38593], [-122.2425, 40.38709], [-122.25401, 40.38284], [-122.26259, 40.37518], [-122.26769, 40.37925], [-122.27829, 40.37501], [-122.28476, 40.37735], [-122.28524, 40.39143], [-122.28121, 40.40436], [-122.28114, 40.41267], [-122.28966, 40.44823], [-122.32611, 40.4872], [-122.34253, 40.51252], [-122.36017, 40.56779], [-122.36058, 40.60296], [-122.3686, 40.63023], [-122.34872, 40.67844], [-122.34427, 40.69389], [-122.31377, 40.74158], [-122.31515, 40.74687], [-122.32125, 40.75236], [-122.3214, 40.75552], [-122.31896, 40.75895], [-122.31601, 40.75652], [-122.31123, 40.75926], [-122.3084, 40.75718], [-122.30695, 40.76366], [-122.30108, 40.76171], [-122.29717, 40.76286], [-122.29025, 40.7542], [-122.28601, 40.76194], [-122.27476, 40.75596], [-122.27407, 40.75086], [-122.2679, 40.74715], [-122.26953, 40.74454], [-122.26832, 40.74132], [-122.25901, 40.74955], [-122.25108, 40.74678], [-122.25291, 40.75417], [-122.24165, 40.75676], [-122.24146, 40.75184], [-122.23571, 40.74981], [-122.2395, 40.7485], [-122.23147, 40.74837], [-122.23412, 40.7532], [-122.2334, 40.75514], [-122.2306, 40.75386], [-122.23099, 40.75829], [-122.23482, 40.75861], [-122.23599, 40.761], [-122.22904, 40.76317], [-122.21487, 40.75702], [-122.21947, 40.75668], [-122.22007, 40.75347], [-122.21417, 40.75386], [-122.2178, 40.75133], [-122.21625, 40.75018], [-122.22413, 40.74709], [-122.22319, 40.7453], [-122.23072, 40.74684], [-122.23438, 40.74356], [-122.22544, 40.73608], [-122.23329, 40.73201], [-122.22896, 40.72883], [-122.22362, 40.73239], [-122.22298, 40.73036], [-122.21898, 40.73201], [-122.22087, 40.73572], [-122.21829, 40.73673], [-122.21793, 40.73998], [-122.21158, 40.73819], [-122.21059, 40.73972], [-122.21257, 40.73979], [-122.21351, 40.74274], [-122.21125, 40.74517], [-122.19401, 40.74377], [-122.19242, 40.74041], [-122.19506, 40.737], [-122.20147, 40.73446], [-122.19846, 40.73176], [-122.18661, 40.74016], [-122.18658, 40.74199], [-122.17798, 40.74599], [-122.17563, 40.74146], [-122.17657, 40.73931], [-122.17271, 40.74142], [-122.17301, 40.74343], [-122.16982, 40.74249], [-122.16838, 40.74411], [-122.16405, 40.73794], [-122.15999, 40.73906], [-122.16324, 40.74487], [-122.15463, 40.7442], [-122.14976, 40.74766], [-122.14494, 40.74491], [-122.14398, 40.74207], [-122.14326, 40.74617], [-122.14587, 40.74843], [-122.13553, 40.75029], [-122.13221, 40.7582], [-122.11742, 40.75411], [-122.11624, 40.75658], [-122.12149, 40.75676], [-122.12011, 40.76097], [-122.12195, 40.76532], [-122.11141, 40.76665], [-122.10841, 40.76782], [-122.10735, 40.7715], [-122.10043, 40.77189], [-122.10011, 40.78294], [-122.0946, 40.79391], [-122.09675, 40.80276], [-122.0931, 40.80668], [-122.08509, 40.80533], [-122.07793, 40.80897], [-122.07287, 40.80888], [-122.04932, 40.81963], [-122.04095, 40.81766], [-122.03363, 40.81173], [-122.02438, 40.81761], [-122.02003, 40.83708], [-122.01548, 40.84195], [-122.015, 40.84612], [-122.01159, 40.84682], [-122.00295, 40.84362], [-121.99905, 40.84665], [-121.98888, 40.84794], [-121.98596, 40.85099], [-121.97083, 40.85308], [-121.96779, 40.85727], [-121.96206, 40.85157], [-121.95911, 40.85264], [-121.95938, 40.86415], [-121.95378, 40.86912], [-121.95381, 40.87411], [-121.95973, 40.88567], [-121.96778, 40.88889], [-121.98271, 40.90227], [-121.98434, 40.90989], [-121.98878, 40.91383], [-121.9947, 40.92618], [-121.98994, 40.94119], [-121.99388, 40.95622], [-121.98586, 40.96842], [-121.98279, 40.98034], [-121.97585, 40.99135], [-121.97093, 40.99368], [-121.96677, 40.99989], [-121.96713, 41.00472], [-121.96327, 41.00607], [-121.95862, 41.00422], [-121.94645, 41.01337], [-121.94276, 41.02255], [-121.93225, 41.02744], [-121.92953, 41.02806], [-121.91969, 41.02274]]]}, "properties": {"id": "C3", "name": "C3", "kind": "deer_zone"}}, {"type": "Feature", "geometry": {"type": "Polygon", "coordinates": [[[-120.54244, 41.4941], [-120.54224, 41.47978], [-120.54987, 41.45836], [-120.54211, 41.39632], [-120.54277, 41.38454], [-120.53705, 41.3675], [-120.51926, 41.35264], [-120.51311, 41.34435], [-120.50491, 41.30198], [-120.50336, 41.21555], [-120.50661, 41.19598], [-120.50408, 41.18427], [-120.51031, 41.1437], [-120.50458, 41.13373], [-120.49499, 41.1264], [-120.47505, 41.10126], [-120.46901, 41.0808], [-120.47317, 41.0561], [-120.4863, 41.02563], [-120.51103, 40.93267], [-120.46883, 40.8711], [-120.46, 40.865], [-120.4982, 40.84502], [-120.5313, 40.83455], [-120.55608, 40.81779], [-120.59639, 40.82298], [-120.59955, 40.82465], [-120.6051, 40.8337], [-120.62218, 40.84271], [-120.62928, 40.84392], [-120.65661, 40.86529], [-120.74716, 40.90856], [-120.75968, 40.86494], [-120.75942, 40.85666], [-120.75184, 40.8438], [-120.75055, 40.83555], [-120.74157, 40.82675], [-120.72629, 40.80109], [-120.72613, 40.76795], [-120.73695, 40.76566], [-120.74745, 40.76776], [-120.76847, 40.7663], [-120.7799, 40.76936], [-120.79761, 40.76235], [-120.8022, 40.76382], [-120.80427, 40.76815], [-120.81106, 40.7702], [-120.81292, 40.7743], [-120.81792, 40.7767], [-120.82009, 40.77234], [-120.82884, 40.77282], [-120.84128, 40.77837], [-120.84601, 40.77848], [-120.84758, 40.78212], [-120.85416, 40.7835], [-120.85367, 40.79184], [-120.85732, 40.80503], [-120.86949, 40.82019], [-120.87372, 40.833], [-120.89469, 40.82719], [-120.89916, 40.8315], [-120.90324, 40.84423], [-120.91133, 40.8431], [-120.91606, 40.83307], [-120.91976, 40.83251], [-120.92254, 40.82625], [-120.92132, 40.81773], [-120.92672, 40.81355], [-120.93281, 40.81873], [-120.9403, 40.81874], [-120.94889, 40.82812], [-120.95348, 40.82806], [-120.95653, 40.83084], [-120.95791, 40.8371], [-120.96732, 40.83751], [-120.97511, 40.84576], [-120.98552, 40.84776], [-121.00428, 40.84108], [-121.01348, 40.83248], [-121.02429, 40.83126], [-121.0298, 40.82839], [-121.03826, 40.83105], [-121.05019, 40.82909], [-121.06546, 40.8426], [-121.08567, 40.84272], [-121.10275, 40.84942], [-121.11459, 40.84765], [-121.11509, 40.84035], [-121.1175, 40.83859], [-121.1161, 40.84078], [-121.11775, 40.84438], [-121.12591, 40.84412], [-121.13528, 40.84001], [-121.15056, 40.84958], [-121.15795, 40.8482], [-121.15759, 40.8612], [-121.16588, 40.86674], [-121.17015, 40.87732], [-121.1737, 40.8794], [-121.17447, 40.88456], [-121.18021, 40.8892], [-121.17793, 40.89415], [-121.18021, 40.89576], [-121.1726, 40.89863], [-121.20599, 40.91984], [-121.20834, 40.92512], [-121.21345, 40.92917], [-121.21918, 40.92953], [-121.21046, 40.93777], [-121.1983, 40.93716], [-121.19786, 40.94091], [-121.18709, 40.9475], [-121.18293, 40.95439], [-121.18586, 40.95915], [-121.18309, 40.96059], [-121.1849, 40.96589], [-121.17024, 40.9678], [-121.1687, 40.9699], [-121.1703, 40.97397], [-121.16267, 40.97585], [-121.15201, 40.99802], [-121.15241, 41.00212], [-121.15699, 41.0042], [-121.1531, 41.01255], [-121.15769, 41.01754], [-121.15454, 41.0332], [-121.13668, 41.04611], [-121.1378, 41.05004], [-121.13314, 41.04933], [-121.12912, 41.05794], [-121.12495, 41.05883], [-121.1193, 41.06404], [-121.11879, 41.0696], [-121.11598, 41.06994], [-121.11534, 41.07221], [-121.11591, 41.08765], [-121.1229, 41.08854], [-121.12181, 41.09122], [-121.12423, 41.09998], [-121.12934, 41.1013], [-121.13163, 41.10858], [-121.13726, 41.11052], [-121.14511, 41.12088], [-121.13172, 41.13187], [-121.13378, 41.13396], [-121.13375, 41.16836], [-121.13861, 41.18232], [-121.13845, 41.20436], [-121.14837, 41.21242], [-121.14795, 41.21823], [-121.13421, 41.23023], [-121.14319, 41.26793], [-121.1345, 41.28506], [-121.13475, 41.31735], [-121.13295, 41.32531], [-121.15166, 41.3425], [-121.18611, 41.36483], [-121.19221, 41.37242], [-121.19474, 41.3805], [-121.19377, 41.38598], [-121.16921, 41.42658], [-121.15757, 41.48824], [-121.15988, 41.51468], [-121.15071, 41.53081], [-121.15022, 41.53534], [-121.14465, 41.53209], [-120.9737, 41.49882], [-120.96858, 41.49537], [-120.96825, 41.48791], [-120.96079, 41.48217], [-120.92117, 41.46415], [-120.90469, 41.45936], [-120.87936, 41.43698], [-120.86879, 41.44404], [-120.84378, 41.45397], [-120.80265, 41.4531], [-120.74748, 41.46738], [-120.7366, 41.47496], [-120.71677, 41.48116], [-120.70692, 41.48891], [-120.69348, 41.49258], [-120.66036, 41.48671], [-120.62843, 41.48643], [-120.61568, 41.4935], [-120.59968, 41.49817], [-120.58316, 41.49431], [-120.54244, 41.4941]]]}, "properties": {"id": "X3A", "name": "X3a", "kind": "deer_zone"}}, {"type": "Feature", "geometry": {"type": "Polygon", "coordinates": [[[-118.23842, 36.47692], [-118.22979, 36.46412], [-118.22341, 36.46345], [-118.22185, 36.45982], [-118.21592, 36.45617], [-118.21556, 36.45346], [-118.20181, 36.4547], [-118.18551, 36.452], [-118.17123, 36.44687], [-118.16063, 36.45078], [-118.16416, 36.4593], [-118.14271, 36.46423], [-118.12175, 36.45945], [-118.11464, 36.46317], [-118.10808, 36.45746], [-118.09558, 36.45371], [-118.09749, 36.45049], [-118.09488, 36.44843], [-118.09615, 36.44503], [-118.09043, 36.4443], [-118.08857, 36.44131], [-118.0806, 36.43966], [-118.07464, 36.43467], [-118.06661, 36.43272], [-118.06709, 36.43004], [-118.06353, 36.43143], [-118.05981, 36.42622], [-118.0522, 36.42575], [-118.04508, 36.41861], [-118.02813, 36.41153], [-118.02412, 36.39072], [-118.02349, 36.35298], [-118.02064, 36.33842], [-118.02718, 36.32122], [-118.02707, 36.31403], [-118.01792, 36.29326], [-118.0067, 36.28286], [-117.98073, 36.22844], [-117.97748, 36.1624], [-117.97161, 36.11165], [-117.95673, 36.07593], [-117.93149, 35.99572], [-117.91868, 35.96639], [-117.90913, 35.95297], [-117.90525, 35.93607], [-117.90807, 35.92799], [-117.90731, 35.92221], [-117.89958, 35.89867], [-117.87836, 35.86389], [-117.87598, 35.85617], [-117.86711, 35.68094], [-117.88082, 35.64448], [-117.90351, 35.60152], [-117.91963, 35.60271], [-117.92843, 35.60612], [-117.99395, 35.64812], [-118.008, 35.65234], [-118.01562, 35.65885], [-118.03189, 35.66525], [-118.03534, 35.66846], [-118.03919, 35.66573], [-118.04311, 35.6708], [-118.04596, 35.6811], [-118.05407, 35.68892], [-118.05723, 35.69604], [-118.06918, 35.70756], [-118.06952, 35.71462], [-118.07729, 35.72509], [-118.07846, 35.73857], [-118.08573, 35.7454], [-118.10103, 35.75066], [-118.11259, 35.7487], [-118.12792, 35.73361], [-118.13811, 35.72873], [-118.14839, 35.7258], [-118.16774, 35.72852], [-118.17385, 35.71322], [-118.19097, 35.69588], [-118.20755, 35.69483], [-118.21387, 35.69726], [-118.23259, 35.6903], [-118.23657, 35.68746], [-118.24055, 35.68576], [-118.24521, 35.68425], [-118.26596, 35.66752], [-118.26711, 35.66693], [-118.30522, 35.66389], [-118.31684, 35.65767], [-118.31872, 35.65716], [-118.32244, 35.65697], [-118.31684, 35.65776], [-118.30522, 35.66398], [-118.26711, 35.66702], [-118.24661, 35.68354], [-118.24521, 35.68434], [-118.24366, 35.68496], [-118.23657, 35.68756], [-118.23378, 35.68968], [-118.2352, 35.69074], [-118.2219, 35.69662], [-118.2151, 35.70254], [-118.19241, 35.70773], [-118.17889, 35.72078], [-118.17868, 35.72532], [-118.17448, 35.72542], [-118.17408, 35.73263], [-118.17174, 35.73264], [-118.17787, 35.73863], [-118.17789, 35.74314], [-118.18276, 35.74571], [-118.18797, 35.7536], [-118.19539, 35.759], [-118.19643, 35.76626], [-118.20593, 35.77002], [-118.20528, 35.77348], [-118.19713, 35.7757], [-118.19329, 35.78886], [-118.19539, 35.7907], [-118.19719, 35.80281], [-118.20211, 35.80668], [-118.20313, 35.81364], [-118.20099, 35.81625], [-118.19222, 35.81916], [-118.1927, 35.82223], [-118.19616, 35.82401], [-118.18918, 35.82916], [-118.19723, 35.83697], [-118.21669, 35.83495], [-118.21753, 35.84173], [-118.21281, 35.84613], [-118.20806, 35.84581], [-118.20106, 35.85756], [-118.20168, 35.86994], [-118.19374, 35.8797], [-118.19366, 35.8848], [-118.18707, 35.89525], [-118.19129, 35.89889], [-118.18499, 35.90599], [-118.17936, 35.90667], [-118.17765, 35.91006], [-118.16962, 35.91111], [-118.16537, 35.91686], [-118.16833, 35.92162], [-118.16731, 35.93002], [-118.16233, 35.93337], [-118.16235, 35.93998], [-118.16888, 35.94358], [-118.16587, 35.94447], [-118.16888, 35.94972], [-118.16074, 35.95555], [-118.16257, 35.9589], [-118.15809, 35.96686], [-118.15941, 35.9719], [-118.15347, 35.98161], [-118.15552, 35.98372], [-118.1469, 35.98715], [-118.15095, 35.99494], [-118.1473, 35.99724], [-118.14444, 35.99601], [-118.146, 36.00264], [-118.13816, 36.00731], [-118.13626, 36.01403], [-118.13181, 36.01503], [-118.1348, 36.01681], [-118.13458, 36.02205], [-118.13953, 36.02139], [-118.14002, 36.02441], [-118.14934, 36.03042], [-118.1573, 36.02753], [-118.15944, 36.03263], [-118.17666, 36.02969], [-118.19766, 36.03527], [-118.20055, 36.04034], [-118.20423, 36.04218], [-118.19945, 36.04962], [-118.20651, 36.05385], [-118.20957, 36.0594], [-118.21732, 36.06406], [-118.2209, 36.06113], [-118.21992, 36.05631], [-118.22831, 36.05602], [-118.24418, 36.06844], [-118.24669, 36.07718], [-118.25338, 36.08705], [-118.26143, 36.09096], [-118.26584, 36.09604], [-118.2638, 36.10163], [-118.2671, 36.10799], [-118.26521, 36.10913], [-118.26389, 36.12141], [-118.25602, 36.11951], [-118.25774, 36.12453], [-118.26207, 36.12756], [-118.25939, 36.12908], [-118.25931, 36.133], [-118.26627, 36.13472], [-118.2705, 36.1466], [-118.27465, 36.15184], [-118.27458, 36.15386], [-118.26588, 36.15362], [-118.26936, 36.15619], [-118.26628, 36.16412], [-118.27066, 36.1719], [-118.2682, 36.17827], [-118.27814, 36.17849], [-118.28598, 36.18486], [-118.28888, 36.19197], [-118.2922, 36.19153], [-118.29511, 36.1872], [-118.30993, 36.19388], [-118.31135, 36.201], [-118.30922, 36.20853], [-118.31502, 36.21296], [-118.32749, 36.21454], [-118.3442, 36.22135], [-118.3541, 36.22151], [-118.36004, 36.22906], [-118.37082, 36.2365], [-118.37694, 36.23705], [-118.3792, 36.24148], [-118.3875, 36.24118], [-118.40094, 36.24577], [-118.40282, 36.25098], [-118.39975, 36.25727], [-118.40541, 36.26563], [-118.40697, 36.27869], [-118.40537, 36.30111], [-118.40092, 36.30898], [-118.40231, 36.31726], [-118.40659, 36.32325], [-118.40371, 36.33226], [-118.40706, 36.33892], [-118.40503, 36.34285], [-118.40646, 36.34882], [-118.39987, 36.35593], [-118.39512, 36.35669], [-118.38157, 36.36814], [-118.37917, 36.3824], [-118.37342, 36.38627], [-118.3751, 36.40179], [-118.36929, 36.40796], [-118.36935, 36.42001], [-118.366, 36.42259], [-118.36296, 36.43529], [-118.35859, 36.43453], [-118.35493, 36.44099], [-118.34806, 36.44374], [-118.33368, 36.44429], [-118.3273, 36.45259], [-118.32337, 36.45359], [-118.31492, 36.45177], [-118.30105, 36.45396], [-118.29768, 36.45878], [-118.28486, 36.46545], [-118.28295, 36.46363], [-118.27499, 36.46843], [-118.26782, 36.46839], [-118.2626, 36.47278], [-118.25595, 36.47464], [-118.25002, 36.48243], [-118.23842, 36.47692]]]}, "properties": {"id": "X10", "name": "X10", "kind": "deer_zone"}}, {"type": "Feature", "geometry": {"type": "Polygon", "coordinates": [[[-119.76464, 38.49533], [-119.75899, 38.48681], [-119.75465, 38.48706], [-119.74938, 38.48218], [-119.74347, 38.48058], [-119.7378, 38.48589], [-119.73564, 38.48535], [-119.73346, 38.47896], [-119.72912, 38.47519], [-119.72789, 38.46808], [-119.72108, 38.46252], [-119.72721, 38.45822], [-119.72075, 38.44704], [-119.71301, 38.44834], [-119.71043, 38.45159], [-119.70507, 38.45052], [-119.70077, 38.45244], [-119.70231, 38.44729], [-119.69806, 38.4472], [-119.69684, 38.44281], [-119.68875, 38.44336], [-119.68625, 38.44082], [-119.68087, 38.44061], [-119.67808, 38.43551], [-119.68221, 38.42988], [-119.67648, 38.42687], [-119.67337, 38.41851], [-119.66105, 38.40657], [-119.65364, 38.39394], [-119.64004, 38.3846], [-119.63418, 38.37245], [-119.6234, 38.36124], [-119.63551, 38.35391], [-119.62787, 38.34819], [-119.63174, 38.34457], [-119.63175, 38.33506], [-119.63496, 38.32939], [-119.64502, 38.32077], [-119.64512, 38.31747], [-119.64222, 38.31473], [-119.64192, 38.30633], [-119.64422, 38.30004], [-119.64248, 38.29384], [-119.65131, 38.28642], [-119.64376, 38.27906], [-119.63744, 38.27836], [-119.62974, 38.26875], [-119.61333, 38.2617], [-119.61293, 38.25897], [-119.62178, 38.2525], [-119.61585, 38.24354], [-119.60582, 38.23887], [-119.60485, 38.23588], [-119.60736, 38.23333], [-119.6151, 38.233], [-119.62527, 38.22875], [-119.62526, 38.22101], [-119.62732, 38.22034], [-119.62433, 38.21637], [-119.62683, 38.21171], [-119.62519, 38.20648], [-119.63154, 38.20247], [-119.62925, 38.19614], [-119.62157, 38.19175], [-119.60547, 38.18799], [-119.59942, 38.18357], [-119.58926, 38.18637], [-119.58689, 38.18509], [-119.57986, 38.17662], [-119.58006, 38.1725], [-119.58219, 38.17125], [-119.5771, 38.15766], [-119.56642, 38.15678], [-119.56446, 38.1539], [-119.54647, 38.15405], [-119.54815, 38.14608], [-119.54649, 38.14357], [-119.5326, 38.14472], [-119.51521, 38.1373], [-119.50759, 38.13695], [-119.50457, 38.14084], [-119.50592, 38.15091], [-119.50824, 38.1525], [-119.50497, 38.15448], [-119.5034, 38.15922], [-119.49629, 38.15696], [-119.49722, 38.14951], [-119.48961, 38.14451], [-119.48816, 38.13248], [-119.46883, 38.12766], [-119.47316, 38.11798], [-119.45905, 38.10799], [-119.46609, 38.10183], [-119.46027, 38.09636], [-119.45417, 38.09668], [-119.45074, 38.09976], [-119.44802, 38.09819], [-119.44658, 38.09309], [-119.44128, 38.09553], [-119.44215, 38.10465], [-119.43284, 38.1106], [-119.42982, 38.11797], [-119.42535, 38.11003], [-119.42102, 38.10775], [-119.40051, 38.10542], [-119.39846, 38.10681], [-119.38924, 38.09857], [-119.38491, 38.09791], [-119.38174, 38.09284], [-119.37601, 38.09418], [-119.37012, 38.08812], [-119.36514, 38.09077], [-119.35818, 38.08201], [-119.34897, 38.08637], [-119.3428, 38.07666], [-119.33737, 38.07252], [-119.33618, 38.06625], [-119.32562, 38.06448], [-119.32223, 38.05776], [-119.32138, 38.0494], [-119.31041, 38.04419], [-119.3143, 38.03531], [-119.30945, 38.03359], [-119.30565, 38.02471], [-119.30939, 38.01799], [-119.30809, 38.01235], [-119.30954, 38.00463], [-119.31148, 38.00399], [-119.31131, 37.99963], [-119.31789, 37.98805], [-119.31525, 37.97992], [-119.32365, 37.97046], [-119.32122, 37.96684], [-119.31528, 37.96599], [-119.31383, 37.96337], [-119.31609, 37.96086], [-119.30923, 37.94627], [-119.29953, 37.94575], [-119.29358, 37.94079], [-119.29367, 37.93703], [-119.29002, 37.93384], [-119.28259, 37.9344], [-119.27186, 37.92867], [-119.26746, 37.92868], [-119.26351, 37.92213], [-119.26578, 37.91947], [-119.26442, 37.91274], [-119.25801, 37.9113], [-119.25449, 37.90766], [-119.25112, 37.91037], [-119.23738, 37.91146], [-119.22664, 37.90664], [-119.22025, 37.89874], [-119.21148, 37.89999], [-119.20876, 37.89064], [-119.20041, 37.88669], [-119.20133, 37.88341], [-119.20592, 37.88356], [-119.20992, 37.88088], [-119.21403, 37.87284], [-119.21436, 37.86051], [-119.21212, 37.85718], [-119.21646, 37.85298], [-119.21719, 37.84806], [-119.21174, 37.84624], [-119.20129, 37.84797], [-119.19602, 37.84407], [-119.20342, 37.84346], [-119.20811, 37.83929], [-119.20442, 37.83006], [-119.21374, 37.82525], [-119.21771, 37.81919], [-119.20486, 37.8121], [-119.20109, 37.8037], [-119.20335, 37.79523], [-119.20582, 37.79279], [-119.21491, 37.79085], [-119.22039, 37.77945], [-119.22888, 37.77882], [-119.23065, 37.77526], [-119.23828, 37.77373], [-119.24441, 37.7679], [-119.25098, 37.75652], [-119.25426, 37.75541], [-119.25472, 37.7471], [-119.25682, 37.74448], [-119.26917, 37.73853], [-119.2622, 37.73345], [-119.25896, 37.7236], [-119.25767, 37.72493], [-119.25529, 37.72547], [-119.25453, 37.72768], [-119.25309, 37.72953], [-119.25102, 37.73029], [-119.23918, 37.72757], [-119.23023, 37.72082], [-119.22985, 37.71752], [-119.22335, 37.71644], [-119.21581, 37.71392], [-119.21441, 37.71263], [-119.21396, 37.71034], [-119.21229, 37.70922], [-119.20738, 37.70174], [-119.19764, 37.70029], [-119.19528, 37.69787], [-119.19452, 37.69554], [-119.19554, 37.69426], [-119.19755, 37.69341], [-119.20075, 37.68334], [-119.19545, 37.682], [-119.1927, 37.67642], [-119.19247, 37.67371], [-119.18626, 37.67197], [-119.18582, 37.66958], [-119.18216, 37.66769], [-119.1783, 37.66142], [-119.17407, 37.66054], [-119.17465, 37.65936], [-119.17072, 37.65563], [-119.16916, 37.65173], [-119.17036, 37.64961], [-119.16651, 37.64543], [-119.16667, 37.64386], [-119.17096, 37.64057], [-119.16571, 37.63094], [-119.16737, 37.62939], [-119.17023, 37.62784], [-119.16892, 37.62189], [-119.17061, 37.62791], [-119.1661, 37.63092], [-119.17135, 37.64058], [-119.1668, 37.64502], [-119.17074, 37.64955], [-119.17098, 37.65537], [-119.17494, 37.65914], [-119.17439, 37.66033], [-119.17856, 37.66118], [-119.18248, 37.66753], [-119.18617, 37.66945], [-119.1866, 37.6718], [-119.1928, 37.67356], [-119.19576, 37.68183], [-119.20112, 37.68325], [-119.19963, 37.69012], [-119.19788, 37.69356], [-119.1949, 37.69562], [-119.19562, 37.69772], [-119.19783, 37.70004], [-119.20764, 37.70153], [-119.2143, 37.71021], [-119.2161, 37.71372], [-119.23012, 37.7173], [-119.23058, 37.72068], [-119.23933, 37.72724], [-119.25287, 37.72935], [-119.25506, 37.72528], [-119.2598, 37.72153], [-119.26055, 37.71881], [-119.25813, 37.71471], [-119.26239, 37.70161], [-119.28012, 37.69876], [-119.27889, 37.69497], [-119.28049, 37.69139], [-119.29041, 37.68962], [-119.29023, 37.68549], [-119.29407, 37.6815], [-119.29088, 37.67734], [-119.295, 37.66736], [-119.31316, 37.66276], [-119.3255, 37.64893], [-119.32656, 37.64538], [-119.32469, 37.64095], [-119.32703, 37.63343], [-119.34746, 37.63021], [-119.35518, 37.62645], [-119.36654, 37.63233], [-119.36992, 37.63212], [-119.36774, 37.62942], [-119.37579, 37.61414], [-119.37755, 37.60203], [-119.38462, 37.59419], [-119.38658, 37.58796], [-119.3842, 37.58628], [-119.38607, 37.58131], [-119.38286, 37.57453], [-119.38297, 37.5714], [-119.39006, 37.56111], [-119.387, 37.55385], [-119.39193, 37.5527], [-119.39583, 37.54836], [-119.40721, 37.54394], [-119.41144, 37.55144], [-119.42049, 37.55404], [-119.43794, 37.5443], [-119.44342, 37.53501], [-119.52393, 37.53616], [-119.52651, 37.53417], [-119.53499, 37.53409], [-119.55152, 37.5372], [-119.57829, 37.53214], [-119.57787, 37.49321], [-119.61934, 37.49431], [-119.61933, 37.49746], [-119.63201, 37.49711], [-119.63196, 37.48557], [-119.63807, 37.47891], [-119.63815, 37.47376], [-119.64487, 37.46882], [-119.64389, 37.4609], [-119.65092, 37.4609], [-119.6519, 37.41739], [-119.76215, 37.41823], [-120.05543, 37.18159], [-120.09963, 37.17121], [-120.10741, 37.16625], [-120.13287, 37.16716], [-120.14664, 37.16406], [-120.15463, 37.16618], [-120.16468, 37.16306], [-120.17495, 37.16544], [-120.17641, 37.16247], [-120.18816, 37.16073], [-120.19443, 37.1633], [-120.22618, 37.16401], [-120.2334, 37.15974], [-120.24313, 37.15773], [-120.28953, 37.15195], [-120.45468, 37.28697], [-120.46654, 37.29433], [-120.47946, 37.29544], [-120.49009, 37.29925], [-120.50774, 37.30599], [-120.51515, 37.31263], [-120.58971, 37.34009], [-120.60283, 37.34067], [-120.61928, 37.34694], [-120.62688, 37.35364], [-120.71681, 37.38547], [-120.72364, 37.38947], [-120.73268, 37.38989], [-120.75092, 37.40921], [-120.80445, 37.45609], [-120.86088, 37.47907], [-120.87147, 37.49502], [-120.8931, 37.53876], [-120.91176, 37.55228], [-120.98222, 37.61613], [-120.99408, 37.61969], [-120.99888, 37.63282], [-121.02468, 37.65279], [-121.0274, 37.66316], [-121.06279, 37.69067], [-121.08207, 37.70956], [-121.11027, 37.73051], [-121.11033, 37.74212], [-121.10716, 37.74008], [-121.10163, 37.74068], [-121.10088, 37.73729], [-121.09457, 37.73471], [-121.09091, 37.73588], [-121.0871, 37.74123], [-121.08396, 37.74167], [-121.07817, 37.73769], [-121.07174, 37.7381], [-121.0671, 37.74016], [-121.06638, 37.74469], [-121.06416, 37.74384], [-121.06062, 37.74926], [-121.05685, 37.75025], [-121.05266, 37.74855], [-121.05131, 37.74196], [-121.04687, 37.74279], [-121.04414, 37.73874], [-121.04379, 37.74139], [-121.03927, 37.73958], [-121.03581, 37.74297], [-121.02831, 37.741], [-121.01681, 37.75573], [-121.0115, 37.75554], [-121.01487, 37.75284], [-121.01186, 37.75239], [-121.01201, 37.74913], [-121.00825, 37.74915], [-120.99889, 37.75406], [-120.99834, 37.75769], [-120.99414, 37.76086], [-120.98171, 37.75699], [-120.97222, 37.7483], [-120.95357, 37.73876], [-120.94181, 37.74244], [-120.92297, 37.73775], [-120.92072, 37.73889], [-120.92184, 37.74862], [-120.91798, 37.75025], [-120.91709, 37.7559], [-120.92305, 37.7575], [-120.92279, 37.7594], [-120.90059, 37.76963], [-120.89615, 37.76857], [-120.88753, 37.77243], [-120.87191, 37.77086], [-120.86734, 37.77338], [-120.86481, 37.77113], [-120.86165, 37.77544], [-120.83902, 37.78039], [-120.83034, 37.78634], [-120.81782, 37.7911], [-120.81142, 37.79108], [-120.80476, 37.7848], [-120.7943, 37.78856], [-120.78553, 37.78592], [-120.78022, 37.79066], [-120.77454, 37.79208], [-120.76486, 37.79001], [-120.75975, 37.78509], [-120.73826, 37.78736], [-120.73215, 37.78894], [-120.72388, 37.80471], [-120.71685, 37.80757], [-120.71122, 37.81503], [-120.70182, 37.8138], [-120.69138, 37.80831], [-120.67381, 37.80982], [-120.67179, 37.81231], [-120.67425, 37.81437], [-120.6737, 37.81785], [-120.6595, 37.81988], [-120.65564, 37.82354], [-120.65151, 37.83533], [-120.64311, 37.84125], [-120.6438, 37.8445], [-120.63756, 37.84861], [-120.63802, 37.85273], [-120.63461, 37.86026], [-120.61789, 37.869], [-120.60508, 37.87271], [-120.6048, 37.87626], [-120.59859, 37.8758], [-120.59369, 37.88338], [-120.59663, 37.88667], [-120.58699, 37.89009], [-120.58673, 37.89443], [-120.57314, 37.89567], [-120.56762, 37.89917], [-120.56444, 37.90372], [-120.56332, 37.91445], [-120.55546, 37.91676], [-120.55101, 37.92223], [-120.54275, 37.92102], [-120.53775, 37.92763], [-120.54075, 37.93587], [-120.53512, 37.94483], [-120.51497, 37.95338], [-120.51936, 37.96338], [-120.52956, 37.96938], [-120.52484, 37.97535], [-120.52975, 37.98006], [-120.52267, 37.98181], [-120.53316, 37.99075], [-120.51876, 37.99416], [-120.51824, 38.00113], [-120.51411, 38.0039], [-120.51135, 37.9999], [-120.51503, 37.99585], [-120.51015, 37.9915], [-120.50355, 37.99065], [-120.49827, 37.99824], [-120.49976, 38.00665], [-120.49494, 38.00711], [-120.49274, 38.01046], [-120.48852, 38.00866], [-120.48205, 38.01202], [-120.47481, 38.01207], [-120.46689, 38.00888], [-120.46345, 38.01005], [-120.4629, 38.01309], [-120.46849, 38.01494], [-120.46885, 38.01965], [-120.46213, 38.02238], [-120.45393, 38.04135], [-120.44557, 38.04862], [-120.44254, 38.05874], [-120.43909, 38.06084], [-120.43183, 38.05986], [-120.43125, 38.07285], [-120.42465, 38.07292], [-120.42152, 38.07875], [-120.41629, 38.08084], [-120.41191, 38.08603], [-120.40959, 38.103], [-120.38723, 38.11603], [-120.38337, 38.12687], [-120.3788, 38.12977], [-120.37867, 38.13483], [-120.37142, 38.13788], [-120.37177, 38.14083], [-120.37553, 38.14172], [-120.37568, 38.14345], [-120.37085, 38.15062], [-120.36757, 38.15282], [-120.35755, 38.15387], [-120.36034, 38.16035], [-120.35359, 38.16378], [-120.34994, 38.17019], [-120.34055, 38.17195], [-120.34023, 38.17799], [-120.33728, 38.17806], [-120.33951, 38.18392], [-120.33627, 38.1844], [-120.33566, 38.18794], [-120.33186, 38.18891], [-120.33033, 38.19517], [-120.32685, 38.19581], [-120.32192, 38.20135], [-120.30736, 38.22473], [-120.2908, 38.23484], [-120.28923, 38.24657], [-120.27232, 38.26032], [-120.274, 38.26437], [-120.27019, 38.27111], [-120.26206, 38.2764], [-120.25605, 38.28614], [-120.25187, 38.28703], [-120.23989, 38.29578], [-120.22855, 38.31467], [-120.20518, 38.32964], [-120.19374, 38.34899], [-120.19092, 38.35014], [-120.18952, 38.35677], [-120.18444, 38.35963], [-120.18226, 38.36614], [-120.17592, 38.37399], [-120.16122, 38.38091], [-120.15797, 38.38578], [-120.14099, 38.39403], [-120.13678, 38.3935], [-120.13494, 38.39654], [-120.12823, 38.39583], [-120.11559, 38.40122], [-120.10516, 38.40088], [-120.09551, 38.40333], [-120.07676, 38.39843], [-120.06949, 38.39109], [-120.05551, 38.38634], [-120.04639, 38.38807], [-120.03721, 38.38684], [-120.02363, 38.39015], [-120.00223, 38.38943], [-119.99985, 38.39206], [-119.9646, 38.40179], [-119.93356, 38.41435], [-119.89901, 38.43699], [-119.89526, 38.43681], [-119.88851, 38.43187], [-119.88089, 38.43113], [-119.87708, 38.43346], [-119.87711, 38.43803], [-119.86259, 38.44312], [-119.85695, 38.44719], [-119.8487, 38.45936], [-119.84771, 38.4649], [-119.83651, 38.47314], [-119.83067, 38.48171], [-119.81917, 38.48002], [-119.81385, 38.48176], [-119.80267, 38.49466], [-119.76464, 38.49533]]]}, "properties": {"id": "D6", "name": "D6", "kind": "deer_zone"}}, {"type": "Feature", "geometry": {"type": "Polygon", "coordinates": [[[-120.34159, 39.07148], [-120.32329, 39.0697], [-120.31041, 39.05908], [-120.29828, 39.05457], [-120.30066, 39.05266], [-120.30003, 39.05024], [-120.29313, 39.04877], [-120.28075, 39.04187], [-120.26097, 39.02779], [-120.25495, 39.02915], [-120.25264, 39.02614], [-120.2394, 39.03238], [-120.23267, 39.03086], [-120.23012, 39.03348], [-120.21936, 39.03492], [-120.2153, 39.0333], [-120.19835, 39.03431], [-120.19627, 39.03767], [-120.18756, 39.03829], [-120.18809, 39.04039], [-120.18439, 39.04369], [-120.18095, 39.04342], [-120.17841, 39.03868], [-120.17658, 39.03909], [-120.17389, 39.04333], [-120.16644, 39.04565], [-120.1553, 39.0541], [-120.14144, 39.07369], [-120.13433, 39.06925], [-120.12972, 39.06962], [-120.11922, 39.06509], [-120.11379, 39.06088], [-120.11088, 39.0482], [-120.1205, 39.0423], [-120.11996, 39.03983], [-120.12238, 39.03844], [-120.11495, 39.03288], [-120.11989, 39.02572], [-120.11915, 39.01982], [-120.11192, 39.00807], [-120.10027, 38.99881], [-120.09533, 38.99826], [-120.0936, 38.99278], [-120.09418, 38.97373], [-120.08401, 38.96709], [-120.10533, 38.95533], [-120.10641, 38.95263], [-120.1038, 38.94927], [-120.09303, 38.95133], [-120.07961, 38.96556], [-120.07703, 38.94967], [-120.07404, 38.94617], [-120.05791, 38.94056], [-120.0534, 38.94157], [-120.01833, 38.93706], [-119.97045, 38.94713], [-119.95782, 38.95193], [-119.94861, 38.96368], [-119.94216, 38.95929], [-119.94567, 38.95429], [-119.95748, 38.94859], [-119.97639, 38.94406], [-119.97958, 38.93054], [-120.00475, 38.91338], [-119.99829, 38.90086], [-120.0061, 38.87064], [-120.01222, 38.86264], [-120.01246, 38.85699], [-120.03247, 38.84417], [-120.04241, 38.84186], [-120.03458, 38.83541], [-120.03537, 38.83223], [-120.02865, 38.82562], [-120.02713, 38.81981], [-120.02933, 38.81302], [-120.02805, 38.80447], [-120.03644, 38.80113], [-120.03707, 38.79035], [-120.0434, 38.78808], [-120.04276, 38.78379], [-120.04562, 38.78073], [-120.05111, 38.77961], [-120.05182, 38.77659], [-120.04761, 38.76756], [-120.052, 38.7526], [-120.04556, 38.74189], [-120.03389, 38.74043], [-120.02223, 38.7338], [-120.02255, 38.73055], [-120.01238, 38.72295], [-120.00663, 38.71528], [-119.9998, 38.69695], [-119.98908, 38.69489], [-119.99242, 38.69224], [-119.99099, 38.69104], [-119.99247, 38.68737], [-119.98712, 38.68685], [-119.98628, 38.68282], [-119.98304, 38.68325], [-119.98112, 38.68061], [-119.97406, 38.68039], [-119.9772, 38.67717], [-119.97487, 38.67712], [-119.97678, 38.67602], [-119.97736, 38.67077], [-119.97548, 38.66836], [-119.97668, 38.66624], [-119.97125, 38.66244], [-119.96869, 38.66285], [-119.97198, 38.66031], [-119.96916, 38.66133], [-119.97141, 38.65826], [-119.96616, 38.66088], [-119.95977, 38.66032], [-119.95763, 38.64941], [-119.9523, 38.64928], [-119.95175, 38.64479], [-119.9356, 38.63808], [-119.92901, 38.6382], [-119.92847, 38.63505], [-119.92498, 38.63509], [-119.92564, 38.63131], [-119.9221, 38.62675], [-119.91061, 38.62379], [-119.88397, 38.60492], [-119.86868, 38.60841], [-119.85918, 38.60648], [-119.84107, 38.61739], [-119.83425, 38.61459], [-119.8325, 38.6168], [-119.82838, 38.61551], [-119.82382, 38.60955], [-119.81755, 38.6084], [-119.81633, 38.6031], [-119.82183, 38.59594], [-119.82128, 38.59125], [-119.8239, 38.58869], [-119.82775, 38.58926], [-119.83352, 38.58384], [-119.8304, 38.58393], [-119.83249, 38.57418], [-119.82608, 38.5684], [-119.83054, 38.56359], [-119.83137, 38.55716], [-119.81883, 38.55382], [-119.81003, 38.54782], [-119.8113, 38.54597], [-119.80926, 38.54463], [-119.80469, 38.54665], [-119.80191, 38.54341], [-119.79693, 38.54256], [-119.79346, 38.54296], [-119.7926, 38.54519], [-119.78512, 38.53414], [-119.78289, 38.53322], [-119.78215, 38.53565], [-119.78107, 38.53286], [-119.77748, 38.53273], [-119.7766, 38.52938], [-119.77837, 38.52727], [-119.77503, 38.52517], [-119.77548, 38.5223], [-119.78115, 38.51905], [-119.77615, 38.51411], [-119.7763, 38.5066], [-119.77095, 38.50225], [-119.77016, 38.49816], [-119.76464, 38.49533], [-119.80267, 38.49466], [-119.81385, 38.48176], [-119.81917, 38.48002], [-119.83067, 38.48171], [-119.83651, 38.47314], [-119.84771, 38.4649], [-119.8487, 38.45936], [-119.85695, 38.44719], [-119.86259, 38.44312], [-119.87711, 38.43803], [-119.87708, 38.43346], [-119.88089, 38.43113], [-119.88851, 38.43187], [-119.89526, 38.43681], [-119.89901, 38.43699], [-119.93356, 38.41435], [-119.9646, 38.40179], [-119.99985, 38.39206], [-120.00223, 38.38943], [-120.02363, 38.39015], [-120.03721, 38.38684], [-120.04639, 38.38807], [-120.05551, 38.38634], [-120.06949, 38.39109], [-120.07676, 38.39843], [-120.09551, 38.40333], [-120.10516, 38.40088], [-120.11559, 38.40122], [-120.12823, 38.39583], [-120.13494, 38.39654], [-120.13678, 38.3935], [-120.14099, 38.39403], [-120.15797, 38.38578], [-120.16122, 38.38091], [-120.17592, 38.37399], [-120.18226, 38.36614], [-120.18444, 38.35963], [-120.18952, 38.35677], [-120.19092, 38.35014], [-120.19374, 38.34899], [-120.20518, 38.32964], [-120.22855, 38.31467], [-120.23989, 38.29578], [-120.25187, 38.28703], [-120.25605, 38.28614], [-120.26206, 38.2764], [-120.27019, 38.27111], [-120.274, 38.26437], [-120.27232, 38.26032], [-120.28923, 38.24657], [-120.2908, 38.23484], [-120.30736, 38.22473], [-120.32192, 38.20135], [-120.32685, 38.19581], [-120.33033, 38.19517], [-120.33186, 38.18891], [-120.33566, 38.18794], [-120.33627, 38.1844], [-120.33951, 38.18392], [-120.33728, 38.17806], [-120.34023, 38.17799], [-120.34055, 38.17195], [-120.34994, 38.17019], [-120.35359, 38.16378], [-120.36034, 38.16035], [-120.35755, 38.15387], [-120.36757, 38.15282], [-120.37085, 38.15062], [-120.37568, 38.14345], [-120.37553, 38.14172], [-120.37177, 38.14083], [-120.37142, 38.13788], [-120.37867, 38.13483], [-120.3788, 38.12977], [-120.38337, 38.12687], [-120.38723, 38.11603], [-120.40959, 38.103], [-120.41191, 38.08603], [-120.41629, 38.08084], [-120.42152, 38.07875], [-120.42465, 38.07292], [-120.43125, 38.07285], [-120.43183, 38.05986], [-120.43909, 38.06084], [-120.44254, 38.05874], [-120.44557, 38.04862], [-120.45393, 38.04135], [-120.46213, 38.02238], [-120.46885, 38.01965], [-120.46849, 38.01494], [-120.4629, 38.01309], [-120.46345, 38.01005], [-120.46689, 38.00888], [-120.47481, 38.01207], [-120.48205, 38.01202], [-120.48852, 38.00866], [-120.49274, 38.01046], [-120.49494, 38.00711], [-120.49976, 38.00665], [-120.49827, 37.99824], [-120.50355, 37.99065], [-120.51015, 37.9915], [-120.51503, 37.99585], [-120.51135, 37.9999], [-120.51411, 38.0039], [-120.51824, 38.00113], [-120.51876, 37.99416], [-120.53316, 37.99075], [-120.52267, 37.98181], [-120.52975, 37.98006], [-120.52484, 37.97535], [-120.52956, 37.96938], [-120.51936, 37.96338], [-120.51497, 37.95338], [-120.53512, 37.94483], [-120.54075, 37.93587], [-120.53775, 37.92763], [-120.54275, 37.92102], [-120.55101, 37.92223], [-120.55546, 37.91676], [-120.56332, 37.91445], [-120.56444, 37.90372], [-120.56762, 37.89917], [-120.57314, 37.89567], [-120.58673, 37.89443], [-120.58699, 37.89009], [-120.59663, 37.88667], [-120.59369, 37.88338], [-120.59859, 37.8758], [-120.6048, 37.87626], [-120.60508, 37.87271], [-120.61789, 37.869], [-120.63461, 37.86026], [-120.63802, 37.85273], [-120.63756, 37.84861], [-120.6438, 37.8445], [-120.64311, 37.84125], [-120.65151, 37.83533], [-120.65564, 37.82354], [-120.6595, 37.81988], [-120.6737, 37.81785], [-120.67425, 37.81437], [-120.67179, 37.81231], [-120.67381, 37.80982], [-120.69138, 37.80831], [-120.70182, 37.8138], [-120.71122, 37.81503], [-120.71685, 37.80757], [-120.72388, 37.80471], [-120.73215, 37.78894], [-120.73826, 37.78736], [-120.75975, 37.78509], [-120.76486, 37.79001], [-120.77454, 37.79208], [-120.78022, 37.79066], [-120.78553, 37.78592], [-120.7943, 37.78856], [-120.80476, 37.7848], [-120.81142, 37.79108], [-120.81782, 37.7911], [-120.83034, 37.78634], [-120.83902, 37.78039], [-120.86165, 37.77544], [-120.86481, 37.77113], [-120.86734, 37.77338], [-120.87191, 37.77086], [-120.88753, 37.77243], [-120.89615, 37.76857], [-120.90059, 37.76963], [-120.92279, 37.7594], [-120.92305, 37.7575], [-120.91709, 37.7559], [-120.91798, 37.75025], [-120.92184, 37.74862], [-120.92072, 37.73889], [-120.92297, 37.73775], [-120.94181, 37.74244], [-120.95357, 37.73876], [-120.97222, 37.7483], [-120.98171, 37.75699], [-120.99414, 37.76086], [-120.99834, 37.75769], [-120.99889, 37.75406], [-121.00825, 37.74915], [-121.01201, 37.74913], [-121.01186, 37.75239], [-121.01487, 37.75284], [-121.0115, 37.75554], [-121.01681, 37.75573], [-121.02831, 37.741], [-121.03581, 37.74297], [-121.03927, 37.73958], [-121.04379, 37.74139], [-121.04414, 37.73874], [-121.04687, 37.74279], [-121.05131, 37.74196], [-121.05266, 37.74855], [-121.05685, 37.75025], [-121.06062, 37.74926], [-121.06416, 37.74384], [-121.06638, 37.74469], [-121.0671, 37.74016], [-121.07174, 37.7381], [-121.07817, 37.73769], [-121.08396, 37.74167], [-121.0871, 37.74123], [-121.09091, 37.73588], [-121.09457, 37.73471], [-121.10088, 37.73729], [-121.10163, 37.74068], [-121.10716, 37.74008], [-121.11033, 37.74212], [-121.11027, 37.73051], [-121.12311, 37.74063], [-121.18406, 37.77798], [-121.1874, 37.78155], [-121.19359, 37.80267], [-121.21643, 37.82183], [-121.22068, 37.89912], [-121.23384, 37.93131], [-121.23565, 37.94542], [-121.24972, 37.97946], [-121.25037, 37.98679], [-121.25752, 38.00465], [-121.25997, 38.10143], [-121.25724, 38.11946], [-121.25762, 38.13713], [-121.26123, 38.14592], [-121.26301, 38.20664], [-121.28797, 38.2457], [-121.28896, 38.24378], [-121.28808, 38.24576], [-121.30041, 38.26504], [-121.3059, 38.28072], [-121.34358, 38.35818], [-121.37657, 38.39174], [-121.38905, 38.41009], [-121.41732, 38.46956], [-121.45894, 38.50839], [-121.47343, 38.53594], [-121.47343, 38.55869], [-121.51091, 38.56839], [-121.50307, 38.58431], [-121.50567, 38.60173], [-121.48702, 38.60277], [-121.47839, 38.59913], [-121.46692, 38.58904], [-121.45199, 38.59124], [-121.43872, 38.58259], [-121.42199, 38.58296], [-121.42004, 38.57904], [-121.42272, 38.56755], [-121.42004, 38.56206], [-121.41345, 38.55972], [-121.3885, 38.56658], [-121.36161, 38.57056], [-121.36042, 38.57157], [-121.36284, 38.57198], [-121.35841, 38.57242], [-121.35474, 38.57563], [-121.34946, 38.57538], [-121.34369, 38.57938], [-121.32894, 38.58002], [-121.32792, 38.58627], [-121.33244, 38.58931], [-121.33165, 38.59765], [-121.32728, 38.60241], [-121.31728, 38.60378], [-121.30678, 38.60968], [-121.30363, 38.61474], [-121.30654, 38.61771], [-121.30613, 38.62184], [-121.29511, 38.63049], [-121.28863, 38.62998], [-121.29003, 38.62384], [-121.28464, 38.62169], [-121.27355, 38.63183], [-121.26155, 38.63817], [-121.25575, 38.63874], [-121.23601, 38.63295], [-121.22026, 38.63735], [-121.21485, 38.64167], [-121.20415, 38.64255], [-121.19619, 38.64635], [-121.1907, 38.66461], [-121.19152, 38.6758], [-121.16752, 38.68694], [-121.16486, 38.7036], [-121.14616, 38.71188], [-121.14388, 38.717], [-121.14613, 38.71909], [-121.14919, 38.73122], [-121.13595, 38.73837], [-121.13042, 38.74953], [-121.12447, 38.75207], [-121.12174, 38.76989], [-121.11393, 38.7731], [-121.11037, 38.77724], [-121.11043, 38.78102], [-121.10529, 38.78622], [-121.10675, 38.79217], [-121.10544, 38.79722], [-121.10193, 38.79802], [-121.10013, 38.80999], [-121.10826, 38.81541], [-121.10656, 38.81759], [-121.09884, 38.81873], [-121.09457, 38.81459], [-121.08553, 38.81658], [-121.08448, 38.82219], [-121.09057, 38.82757], [-121.08765, 38.83336], [-121.0822, 38.83524], [-121.07425, 38.84251], [-121.05865, 38.84674], [-121.05769, 38.85107], [-121.06134, 38.86066], [-121.05496, 38.86487], [-121.05367, 38.86894], [-121.05657, 38.87633], [-121.06117, 38.88122], [-121.06076, 38.88367], [-121.04434, 38.89069], [-121.04767, 38.89474], [-121.05394, 38.89706], [-121.05373, 38.89914], [-121.04389, 38.90703], [-121.04102, 38.91502], [-121.03768, 38.91561], [-121.03408, 38.91279], [-121.02134, 38.91792], [-121.01217, 38.91665], [-121.00528, 38.92029], [-120.99919, 38.91853], [-120.99149, 38.92329], [-120.99179, 38.9273], [-120.97761, 38.92934], [-120.97105, 38.93302], [-120.96607, 38.93268], [-120.95764, 38.93913], [-120.93944, 38.9355], [-120.93783, 38.94921], [-120.94067, 38.96183], [-120.93862, 38.96376], [-120.9242, 38.96165], [-120.91489, 38.95579], [-120.90809, 38.95426], [-120.90129, 38.95336], [-120.88813, 38.95969], [-120.86015, 38.95158], [-120.85772, 38.95636], [-120.85212, 38.95956], [-120.8555, 38.967], [-120.85025, 38.9764], [-120.8404, 38.9754], [-120.8387, 38.97169], [-120.83375, 38.97226], [-120.83232, 38.97828], [-120.82935, 38.98036], [-120.82824, 38.98988], [-120.8227, 38.99343], [-120.81575, 38.99441], [-120.8137, 38.99906], [-120.80086, 38.99988], [-120.79696, 38.99624], [-120.79098, 38.99954], [-120.78678, 38.99906], [-120.78046, 39.00415], [-120.76565, 39.00977], [-120.76353, 39.00883], [-120.76719, 39.00572], [-120.76637, 39.00342], [-120.76119, 39.00202], [-120.76063, 39.00354], [-120.76442, 39.00456], [-120.76354, 39.00632], [-120.76092, 39.00545], [-120.75773, 39.00764], [-120.75291, 39.00539], [-120.74953, 39.00994], [-120.7464, 39.01054], [-120.74863, 39.00337], [-120.74488, 39.00474], [-120.74303, 39.00191], [-120.73684, 39.00109], [-120.72925, 39.0036], [-120.72288, 38.99887], [-120.72256, 38.9937], [-120.71695, 38.98713], [-120.70458, 38.98123], [-120.69236, 38.98588], [-120.68873, 38.98977], [-120.68489, 38.98926], [-120.68486, 38.98272], [-120.68099, 38.9775], [-120.68339, 38.97485], [-120.68307, 38.96712], [-120.67396, 38.96213], [-120.6727, 38.95852], [-120.6558, 38.9535], [-120.65407, 38.94817], [-120.63729, 38.94366], [-120.62987, 38.94638], [-120.62108, 38.94295], [-120.61194, 38.94293], [-120.60593, 38.93456], [-120.59492, 38.93633], [-120.59372, 38.93253], [-120.58751, 38.93164], [-120.58516, 38.92745], [-120.5866, 38.92336], [-120.58062, 38.92042], [-120.57928, 38.91695], [-120.56323, 38.91386], [-120.55676, 38.91512], [-120.5531, 38.92009], [-120.54718, 38.92036], [-120.54516, 38.92695], [-120.53479, 38.92591], [-120.52799, 38.93136], [-120.51186, 38.93156], [-120.51103, 38.93371], [-120.50447, 38.93581], [-120.50256, 38.94123], [-120.49203, 38.94394], [-120.49286, 38.94881], [-120.48788, 38.95217], [-120.48604, 38.95906], [-120.47866, 38.9605], [-120.47072, 38.96613], [-120.46867, 38.9713], [-120.46219, 38.97748], [-120.45964, 38.98503], [-120.45188, 38.98764], [-120.45378, 38.99558], [-120.44562, 39.0098], [-120.44441, 39.01921], [-120.43537, 39.0283], [-120.43603, 39.03141], [-120.43189, 39.03899], [-120.41929, 39.04526], [-120.40844, 39.05569], [-120.40966, 39.0617], [-120.40463, 39.07274], [-120.39167, 39.08156], [-120.36878, 39.08665], [-120.3625, 39.08603], [-120.34824, 39.07988], [-120.34159, 39.07148]]]}, "properties": {"id": "D5", "name": "D5", "kind": "deer_zone"}}, {"type": "Feature", "geometry": {"type": "Polygon", "coordinates": [[[-118.43559, 37.90218], [-117.88068, 37.50038], [-117.5298, 37.24252], [-117.00389, 36.84992], [-116.42214, 36.4083], [-116.42279, 36.32807], [-116.414, 36.30071], [-116.43437, 36.26624], [-116.42275, 36.23625], [-116.39583, 36.21094], [-116.38184, 36.20894], [-116.36621, 36.19322], [-116.33951, 36.18727], [-116.33366, 36.18244], [-116.31993, 36.16195], [-116.31524, 36.14411], [-116.30203, 36.13009], [-116.30226, 36.12092], [-116.29501, 36.08646], [-116.29473, 36.07837], [-116.29868, 36.06818], [-116.29229, 36.03402], [-116.29395, 36.01856], [-116.2857, 36.00596], [-116.27761, 36.00161], [-116.2708, 35.9849], [-116.27027, 35.96837], [-116.26698, 35.95717], [-116.2697, 35.94508], [-116.26594, 35.91199], [-116.25798, 35.89818], [-116.25839, 35.88336], [-116.26886, 35.87647], [-116.3013, 35.86699], [-116.30668, 35.86136], [-116.31728, 35.84631], [-116.3211, 35.8257], [-116.33204, 35.81276], [-116.34053, 35.79394], [-117.49317, 35.79513], [-117.87347, 35.79833], [-117.87712, 35.86064], [-117.89958, 35.89867], [-117.90731, 35.92221], [-117.90807, 35.92799], [-117.90525, 35.93607], [-117.90913, 35.95297], [-117.91868, 35.96639], [-117.93149, 35.99572], [-117.95673, 36.07593], [-117.97161, 36.11165], [-117.97748, 36.1624], [-117.98073, 36.22844], [-118.0067, 36.28286], [-118.01792, 36.29326], [-118.02707, 36.31403], [-118.02718, 36.32122], [-118.02064, 36.33842], [-118.02349, 36.35298], [-118.02412, 36.39072], [-118.03472, 36.44078], [-118.03684, 36.46388], [-118.03195, 36.50429], [-118.03515, 36.51281], [-118.0438, 36.52536], [-118.05154, 36.56289], [-118.0577, 36.57676], [-118.0577, 36.59403], [-118.06718, 36.61759], [-118.08074, 36.63878], [-118.09709, 36.67332], [-118.13117, 36.70878], [-118.19126, 36.79008], [-118.20752, 36.81506], [-118.229, 36.83743], [-118.24174, 36.89117], [-118.23928, 36.96141], [-118.23305, 36.99182], [-118.23101, 37.02538], [-118.23423, 37.05402], [-118.23989, 37.06494], [-118.25471, 37.11013], [-118.28936, 37.15639], [-118.29013, 37.17328], [-118.34675, 37.23092], [-118.37155, 37.27785], [-118.3754, 37.29467], [-118.395, 37.33238], [-118.39554, 37.39221], [-118.38862, 37.39763], [-118.36048, 37.39784], [-118.3507, 37.4016], [-118.34984, 37.46356], [-118.39294, 37.61134], [-118.40304, 37.66955], [-118.45645, 37.75697], [-118.47684, 37.81847], [-118.47867, 37.83936], [-118.46864, 37.87407], [-118.43559, 37.90218]]]}, "properties": {"id": "X9C", "name": "X9c", "kind": "deer_zone"}}, {"type": "Feature", "geometry": {"type": "Polygon", "coordinates": [[[-116.42214, 36.4083], [-115.59105, 35.76526], [-114.99548, 35.29319], [-114.63298, 35.00187], [-114.62898, 34.98891], [-114.62961, 34.98126], [-114.6352, 34.96595], [-114.62962, 34.94012], [-114.63337, 34.92276], [-114.63079, 34.90663], [-114.63686, 34.8887], [-114.63459, 34.87306], [-114.62325, 34.85913], [-114.59946, 34.84651], [-114.58728, 34.83618], [-114.5769, 34.816], [-114.57122, 34.79408], [-114.55501, 34.7691], [-114.5293, 34.75037], [-114.51464, 34.73536], [-114.49204, 34.72566], [-114.48804, 34.71734], [-114.52655, 34.71751], [-114.5435, 34.72618], [-114.5789, 34.76898], [-114.59653, 34.8232], [-114.59883, 34.82093], [-114.60144, 34.81695], [-114.60022, 34.8107], [-114.60583, 34.80427], [-114.60894, 34.79424], [-114.59616, 34.77091], [-114.5971, 34.75725], [-114.60222, 34.7456], [-114.60267, 34.73004], [-114.61429, 34.71133], [-114.61302, 34.69742], [-114.6166, 34.68361], [-114.62131, 34.68], [-114.62295, 34.67441], [-114.62913, 34.6696], [-114.62749, 34.64696], [-114.63633, 34.63208], [-114.63616, 34.62709], [-114.64131, 34.6172], [-114.63115, 34.59671], [-114.64264, 34.58144], [-114.64904, 34.52043], [-114.65479, 34.35947], [-114.65132, 34.28215], [-114.64142, 34.2347], [-114.60376, 34.19459], [-114.57489, 34.18917], [-114.5974, 34.18348], [-114.67643, 34.12247], [-114.68908, 34.10756], [-114.73294, 34.0896], [-114.79335, 34.0796], [-114.83316, 34.0796], [-114.93706, 34.10758], [-115.11503, 34.08704], [-115.1718, 34.06732], [-115.192, 34.06376], [-115.22005, 34.04696], [-115.35813, 34.08383], [-115.39152, 34.09121], [-115.40972, 34.09237], [-115.48024, 34.11157], [-115.52439, 34.1174], [-115.52916, 34.11345], [-115.55056, 34.07304], [-115.56545, 34.0752], [-115.57852, 34.08365], [-115.58377, 34.09016], [-115.59935, 34.09452], [-115.62983, 34.09846], [-115.68286, 34.10995], [-115.774, 34.1226], [-115.8946, 34.12212], [-115.91476, 34.13673], [-116.37762, 34.13477], [-116.38553, 34.13406], [-116.39638, 34.12803], [-116.4142, 34.12371], [-116.4123, 34.13876], [-116.41877, 34.14748], [-116.42516, 34.17378], [-116.43238, 34.18688], [-116.44591, 34.19987], [-116.43949, 34.20952], [-116.43938, 34.25853], [-116.44705, 34.26776], [-116.45169, 34.28057], [-116.48845, 34.33343], [-116.51145, 34.34538], [-116.5252, 34.34912], [-116.53547, 34.36484], [-116.54135, 34.36841], [-116.65351, 34.37061], [-116.68519, 34.39785], [-116.70642, 34.39972], [-116.72889, 34.41502], [-116.75801, 34.4196], [-116.85792, 34.44368], [-116.9816, 34.44374], [-117.007, 34.45091], [-117.05083, 34.45037], [-117.06839, 34.45424], [-117.0942, 34.4716], [-117.12072, 34.47216], [-117.12588, 34.47418], [-117.12867, 34.47212], [-117.34655, 34.47036], [-117.33903, 34.47923], [-117.32269, 34.50798], [-117.61625, 34.50636], [-117.63545, 34.4991], [-117.73742, 34.4977], [-117.80659, 34.49881], [-117.81775, 34.50585], [-117.92419, 34.50659], [-117.93709, 34.52046], [-118.00092, 34.52111], [-118.00853, 34.52274], [-118.01624, 34.53251], [-118.04456, 34.55307], [-118.04525, 34.5784], [-118.04736, 34.57994], [-118.11838, 34.57941], [-118.13406, 34.58129], [-118.13506, 34.59485], [-118.15317, 34.6109], [-118.15381, 34.66822], [-118.16865, 34.68666], [-118.17003, 34.69098], [-118.17055, 34.83102], [-118.17232, 34.85864], [-118.17132, 34.87295], [-118.16677, 34.88132], [-118.15915, 34.98114], [-118.16043, 35.00808], [-118.17781, 35.06582], [-118.14746, 35.09418], [-118.05427, 35.21391], [-118.03264, 35.27052], [-118.02085, 35.28316], [-117.98312, 35.31589], [-117.97095, 35.34287], [-117.97299, 35.35122], [-117.98183, 35.36352], [-117.98069, 35.37905], [-117.98453, 35.38448], [-117.98548, 35.39648], [-117.97884, 35.41956], [-117.97812, 35.43621], [-117.90351, 35.60152], [-117.88082, 35.64448], [-117.86711, 35.68094], [-117.87347, 35.79833], [-117.49317, 35.79513], [-116.34053, 35.79394], [-116.33204, 35.81276], [-116.3211, 35.8257], [-116.31728, 35.84631], [-116.30668, 35.86136], [-116.3013, 35.86699], [-116.26886, 35.87647], [-116.25839, 35.88336], [-116.25798, 35.89818], [-116.26594, 35.91199], [-116.2697, 35.94508], [-116.26698, 35.95717], [-116.27027, 35.96837], [-116.2708, 35.9849], [-116.27761, 36.00161], [-116.2857, 36.00596], [-116.29395, 36.01856], [-116.29229, 36.03402], [-116.29868, 36.06818], [-116.29473, 36.07837], [-116.29501, 36.08646], [-116.30226, 36.12092], [-116.30203, 36.13009], [-116.31524, 36.14411], [-116.31993, 36.16195], [-116.33366, 36.18244], [-116.33951, 36.18727], [-116.36621, 36.19322], [-116.38184, 36.20894], [-116.39583, 36.21094], [-116.42275, 36.23625], [-116.43437, 36.26624], [-116.414, 36.30071], [-116.42279, 36.32807], [-116.42214, 36.4083]]]}, "properties": {"id": "D17", "name": "D17", "kind": "deer_zone"}}, {"type": "Feature", "geometry": {"type": "Polygon", "coordinates": [[[-118.98276, 35.0567], [-118.96702, 35.05493], [-118.9315, 34.94242], [-118.92246, 34.92795], [-118.92397, 34.90709], [-118.92196, 34.89828], [-118.91476, 34.89089], [-118.90412, 34.88661], [-118.89127, 34.87386], [-118.88011, 34.86257], [-118.86311, 34.83906], [-118.8645, 34.83443], [-118.8833, 34.81636], [-118.88413, 34.80959], [-118.86953, 34.79724], [-118.83508, 34.79227], [-118.8049, 34.7727], [-118.79841, 34.76452], [-118.79587, 34.75175], [-118.79925, 34.72541], [-118.79845, 34.71135], [-118.78755, 34.68707], [-118.77769, 34.67426], [-118.76695, 34.66942], [-118.75671, 34.65883], [-118.74832, 34.63764], [-118.74097, 34.63339], [-118.72961, 34.63088], [-118.71891, 34.62145], [-118.71257, 34.6096], [-118.71178, 34.58675], [-118.70928, 34.58226], [-118.69931, 34.57348], [-118.68864, 34.56831], [-118.68449, 34.56178], [-118.67203, 34.55185], [-118.65389, 34.54189], [-118.64567, 34.53326], [-118.64221, 34.52264], [-118.61473, 34.48115], [-118.6165, 34.4534], [-118.60984, 34.44381], [-118.61181, 34.43668], [-118.62596, 34.42697], [-118.65326, 34.4198], [-118.66779, 34.40889], [-118.67875, 34.40502], [-118.70129, 34.40285], [-118.70615, 34.39994], [-118.71721, 34.4017], [-118.7276, 34.40776], [-118.74263, 34.40289], [-118.77323, 34.4052], [-118.78296, 34.40825], [-118.80537, 34.39842], [-118.83689, 34.3983], [-118.8459, 34.39534], [-118.86921, 34.39303], [-118.88383, 34.39312], [-118.90308, 34.39646], [-118.94074, 34.39097], [-118.92568, 34.41594], [-118.92493, 34.43339], [-118.92774, 34.44112], [-118.92459, 34.4537], [-118.92759, 34.45561], [-118.93085, 34.45223], [-118.93279, 34.455], [-118.94304, 34.45897], [-118.94417, 34.46698], [-118.94053, 34.47263], [-118.93928, 34.48349], [-118.94618, 34.49029], [-118.94786, 34.49784], [-118.95616, 34.50144], [-118.96314, 34.50118], [-118.96408, 34.506], [-118.96159, 34.5122], [-118.95464, 34.51297], [-118.9498, 34.52473], [-118.94333, 34.53014], [-118.94881, 34.53522], [-118.94517, 34.54206], [-118.94694, 34.54891], [-118.94346, 34.5537], [-118.95437, 34.55896], [-118.95373, 34.56177], [-118.96394, 34.56587], [-118.96481, 34.56993], [-118.96802, 34.56882], [-118.9711, 34.57299], [-118.97149, 34.56996], [-118.9739, 34.56885], [-118.98192, 34.57552], [-118.98822, 34.57101], [-118.99079, 34.57462], [-118.993, 34.5739], [-118.99716, 34.57166], [-118.99708, 34.56829], [-118.99916, 34.5669], [-119.00608, 34.56897], [-119.01012, 34.57286], [-119.01357, 34.57284], [-119.01282, 34.5702], [-119.0148, 34.56874], [-119.02542, 34.56713], [-119.03017, 34.56874], [-119.03321, 34.56649], [-119.03998, 34.5702], [-119.04788, 34.57061], [-119.04508, 34.56257], [-119.0522, 34.56477], [-119.05458, 34.56094], [-119.05735, 34.5639], [-119.06056, 34.56322], [-119.06369, 34.55727], [-119.06722, 34.55821], [-119.0682, 34.55346], [-119.08015, 34.55326], [-119.08024, 34.55724], [-119.08854, 34.55999], [-119.09299, 34.55719], [-119.0979, 34.55949], [-119.10388, 34.55573], [-119.11135, 34.55735], [-119.11376, 34.55533], [-119.12425, 34.55616], [-119.1319, 34.56056], [-119.13657, 34.55382], [-119.1447, 34.55626], [-119.14934, 34.55464], [-119.15978, 34.55652], [-119.16595, 34.56003], [-119.17243, 34.55775], [-119.17797, 34.55904], [-119.18407, 34.55309], [-119.18593, 34.55641], [-119.18809, 34.5572], [-119.18739, 34.5554], [-119.18943, 34.55457], [-119.19271, 34.55738], [-119.19879, 34.55668], [-119.20295, 34.55274], [-119.21312, 34.55497], [-119.21619, 34.55007], [-119.22428, 34.55562], [-119.23739, 34.55046], [-119.2449, 34.5563], [-119.26393, 34.55435], [-119.26827, 34.5563], [-119.26447, 34.55856], [-119.25735, 34.57477], [-119.26285, 34.58196], [-119.27284, 34.58103], [-119.27536, 34.58394], [-119.2872, 34.58841], [-119.29186, 34.5875], [-119.30262, 34.59222], [-119.31364, 34.5912], [-119.3218, 34.59367], [-119.32715, 34.59299], [-119.33957, 34.60023], [-119.34727, 34.59766], [-119.354, 34.60362], [-119.36485, 34.60536], [-119.37211, 34.61271], [-119.37161, 34.62818], [-119.37712, 34.6429], [-119.37349, 34.64521], [-119.38413, 34.64583], [-119.3854, 34.64755], [-119.38036, 34.65098], [-119.38288, 34.65377], [-119.38136, 34.65536], [-119.37599, 34.65693], [-119.37577, 34.66124], [-119.37313, 34.6611], [-119.37222, 34.65831], [-119.3715, 34.66367], [-119.36227, 34.66508], [-119.37313, 34.66806], [-119.37128, 34.67488], [-119.35828, 34.67603], [-119.35551, 34.67871], [-119.35518, 34.68317], [-119.37405, 34.69702], [-119.38362, 34.71641], [-119.41389, 34.75071], [-119.42461, 34.77112], [-119.44276, 34.7851], [-119.49074, 34.86181], [-119.51267, 34.91193], [-119.51282, 34.9337], [-119.47128, 34.93535], [-119.46569, 34.93758], [-119.45106, 34.95004], [-119.44531, 34.96179], [-119.43839, 34.96552], [-119.43091, 34.98927], [-119.42039, 34.99355], [-119.42068, 35.0015], [-119.41776, 35.00223], [-119.41375, 34.99786], [-119.40966, 34.99805], [-119.40956, 35.00341], [-119.41524, 35.01361], [-119.41883, 35.02604], [-119.42006, 35.04137], [-119.39982, 35.05561], [-118.98276, 35.0567]]]}, "properties": {"id": "D13", "name": "D13", "kind": "deer_zone"}}, {"type": "Feature", "geometry": {"type": "Polygon", "coordinates": [[[-118.66459, 34.78276], [-118.61526, 34.7822], [-118.60811, 34.77585], [-118.56293, 34.77453], [-118.17094, 34.77681], [-118.17003, 34.69098], [-118.16865, 34.68666], [-118.15381, 34.66822], [-118.15215, 34.6092], [-118.13605, 34.59629], [-118.13406, 34.58129], [-118.13104, 34.58003], [-118.04636, 34.57939], [-118.04456, 34.55307], [-118.01624, 34.53251], [-118.0067, 34.52171], [-117.93978, 34.5209], [-117.93604, 34.51969], [-117.92419, 34.50659], [-117.81775, 34.50585], [-117.80659, 34.49881], [-117.63545, 34.4991], [-117.61625, 34.50636], [-117.32269, 34.50798], [-117.33903, 34.47923], [-117.43492, 34.36028], [-117.44088, 34.34846], [-117.4578, 34.34094], [-117.47591, 34.33969], [-117.48171, 34.33441], [-117.48241, 34.32408], [-117.47917, 34.31584], [-117.46776, 34.30586], [-117.46085, 34.30257], [-117.45215, 34.29101], [-117.45222, 34.2806], [-117.4494, 34.27321], [-117.44999, 34.25694], [-117.44811, 34.2528], [-117.4386, 34.2478], [-117.40946, 34.22539], [-117.41525, 34.20141], [-117.42162, 34.19307], [-117.46285, 34.16328], [-117.54062, 34.0988], [-117.54318, 34.09527], [-117.54485, 34.08539], [-117.54495, 34.06732], [-117.60426, 34.06834], [-117.6373, 34.08561], [-117.65043, 34.08737], [-117.68355, 34.08725], [-117.70017, 34.08183], [-117.73324, 34.08132], [-117.75933, 34.07113], [-117.78812, 34.07268], [-117.80715, 34.06475], [-117.81618, 34.06363], [-117.82592, 34.06393], [-117.83954, 34.06863], [-117.85823, 34.06793], [-117.86809, 34.07141], [-117.88091, 34.07191], [-117.94144, 34.07235], [-118.00862, 34.06408], [-118.02359, 34.06798], [-118.04285, 34.06874], [-118.05265, 34.07229], [-118.1441, 34.07139], [-118.1645, 34.06111], [-118.17045, 34.06152], [-118.18481, 34.0555], [-118.20589, 34.0536], [-118.21412, 34.05517], [-118.21445, 34.04823], [-118.22414, 34.02974], [-118.24239, 34.0237], [-118.27394, 34.03793], [-118.35799, 34.03385], [-118.37944, 34.03684], [-118.39529, 34.02904], [-118.41427, 34.03168], [-118.43688, 34.03117], [-118.45135, 34.05226], [-118.47398, 34.07887], [-118.47809, 34.09609], [-118.47733, 34.10135], [-118.48212, 34.10854], [-118.48141, 34.11884], [-118.47376, 34.1296], [-118.46847, 34.15106], [-118.46967, 34.16138], [-118.46799, 34.17324], [-118.47381, 34.18229], [-118.47431, 34.18739], [-118.47205, 34.26957], [-118.46778, 34.28862], [-118.49067, 34.31463], [-118.50345, 34.32134], [-118.50992, 34.3325], [-118.52816, 34.33962], [-118.54718, 34.34964], [-118.55355, 34.3553], [-118.5674, 34.37928], [-118.57387, 34.40061], [-118.58652, 34.4269], [-118.60553, 34.44082], [-118.61181, 34.43668], [-118.60984, 34.44381], [-118.6165, 34.4534], [-118.61473, 34.48115], [-118.64221, 34.52264], [-118.64567, 34.53326], [-118.65389, 34.54189], [-118.67203, 34.55185], [-118.68449, 34.56178], [-118.68864, 34.56831], [-118.69931, 34.57348], [-118.70928, 34.58226], [-118.71178, 34.58675], [-118.71257, 34.6096], [-118.71891, 34.62145], [-118.72961, 34.63088], [-118.74097, 34.63339], [-118.74832, 34.63764], [-118.75671, 34.65883], [-118.76695, 34.66942], [-118.77769, 34.67426], [-118.78755, 34.68707], [-118.79845, 34.71135], [-118.79925, 34.72541], [-118.79587, 34.74491], [-118.79783, 34.76315], [-118.79584, 34.75846], [-118.77729, 34.77353], [-118.76943, 34.77458], [-118.75598, 34.77042], [-118.7392, 34.76851], [-118.7327, 34.76502], [-118.71755, 34.76496], [-118.67652, 34.77522], [-118.66459, 34.78276]]]}, "properties": {"id": "D11", "name": "D11", "kind": "deer_zone"}}, {"type": "Feature", "geometry": {"type": "Polygon", "coordinates": [[[-123.8117, 41.99571], [-123.7272, 41.99775], [-123.65729, 41.99587], [-123.62326, 42.00152], [-123.34911, 41.9993], [-123.15328, 42.00726], [-123.14627, 42.00138], [-123.13862, 42.00177], [-123.14138, 41.99874], [-123.15071, 41.99902], [-123.14233, 41.99638], [-123.14216, 41.99382], [-123.13532, 41.99543], [-123.13299, 41.99382], [-123.13314, 41.9889], [-123.12986, 41.98854], [-123.12693, 41.98111], [-123.1283, 41.97694], [-123.12379, 41.97418], [-123.12317, 41.96937], [-123.12903, 41.97245], [-123.12767, 41.96713], [-123.12294, 41.96177], [-123.12202, 41.95544], [-123.1154, 41.95164], [-123.11422, 41.94694], [-123.11963, 41.94515], [-123.12202, 41.94718], [-123.12549, 41.94477], [-123.13085, 41.9484], [-123.13312, 41.94452], [-123.14485, 41.94153], [-123.13706, 41.93813], [-123.13599, 41.93262], [-123.13053, 41.93165], [-123.13244, 41.92996], [-123.13125, 41.92854], [-123.13689, 41.92716], [-123.13945, 41.92009], [-123.13644, 41.91635], [-123.13049, 41.91466], [-123.14147, 41.90832], [-123.13834, 41.90184], [-123.14193, 41.90534], [-123.13938, 41.90003], [-123.13517, 41.89874], [-123.1352, 41.88735], [-123.13017, 41.87942], [-123.13229, 41.8739], [-123.1431, 41.8646], [-123.16532, 41.85884], [-123.17429, 41.85186], [-123.18311, 41.84831], [-123.19816, 41.84298], [-123.20743, 41.84474], [-123.21591, 41.84201], [-123.22429, 41.84605], [-123.23463, 41.85815], [-123.24589, 41.85878], [-123.25105, 41.86673], [-123.25688, 41.86557], [-123.26503, 41.86025], [-123.26873, 41.86133], [-123.26732, 41.86563], [-123.27242, 41.8689], [-123.29553, 41.86892], [-123.30937, 41.86552], [-123.31116, 41.85017], [-123.30113, 41.84072], [-123.29677, 41.83248], [-123.29699, 41.82878], [-123.30532, 41.81789], [-123.31434, 41.81437], [-123.31549, 41.80325], [-123.32484, 41.80596], [-123.33215, 41.80404], [-123.33631, 41.79676], [-123.33427, 41.78958], [-123.34206, 41.79464], [-123.34756, 41.80716], [-123.3586, 41.81141], [-123.37294, 41.80228], [-123.37832, 41.79126], [-123.39409, 41.78547], [-123.4049, 41.76769], [-123.40304, 41.76412], [-123.39851, 41.76247], [-123.39802, 41.75847], [-123.39463, 41.75493], [-123.40068, 41.75101], [-123.4012, 41.7454], [-123.42392, 41.73045], [-123.43525, 41.73042], [-123.43875, 41.72275], [-123.44669, 41.71925], [-123.44577, 41.71522], [-123.44952, 41.70952], [-123.44624, 41.69868], [-123.44706, 41.69337], [-123.44287, 41.69004], [-123.43385, 41.67421], [-123.44831, 41.66608], [-123.45156, 41.65983], [-123.46348, 41.65074], [-123.4653, 41.64097], [-123.46346, 41.63429], [-123.47048, 41.62079], [-123.49474, 41.61648], [-123.50552, 41.60296], [-123.51253, 41.60148], [-123.51424, 41.59803], [-123.51081, 41.59158], [-123.51618, 41.58886], [-123.51758, 41.58524], [-123.52521, 41.58107], [-123.53673, 41.58075], [-123.54033, 41.57824], [-123.54009, 41.57508], [-123.53515, 41.57469], [-123.53464, 41.57151], [-123.52578, 41.56558], [-123.52396, 41.56212], [-123.52377, 41.54933], [-123.52825, 41.54524], [-123.52482, 41.53602], [-123.5293, 41.51664], [-123.52748, 41.51074], [-123.5235, 41.50724], [-123.52396, 41.50241], [-123.52, 41.49098], [-123.50858, 41.47716], [-123.50962, 41.47317], [-123.49648, 41.46818], [-123.49599, 41.46187], [-123.49829, 41.45825], [-123.49496, 41.4494], [-123.50523, 41.44661], [-123.50676, 41.44428], [-123.50236, 41.4391], [-123.50431, 41.43292], [-123.50072, 41.4267], [-123.49967, 41.41812], [-123.5007, 41.40183], [-123.4936, 41.38717], [-123.49387, 41.38383], [-123.48885, 41.37972], [-123.48898, 41.36857], [-123.49213, 41.36226], [-123.49995, 41.35907], [-123.50294, 41.35324], [-123.50354, 41.34171], [-123.50762, 41.33521], [-123.52011, 41.32678], [-123.51854, 41.32164], [-123.52234, 41.31546], [-123.52171, 41.31109], [-123.52958, 41.30437], [-123.55037, 41.29958], [-123.55444, 41.29679], [-123.56858, 41.2954], [-123.5745, 41.28523], [-123.57802, 41.28294], [-123.59146, 41.27796], [-123.60316, 41.27791], [-123.60768, 41.27592], [-123.60602, 41.2692], [-123.60799, 41.26027], [-123.61782, 41.2595], [-123.62236, 41.25634], [-123.63112, 41.25554], [-123.63934, 41.2511], [-123.64762, 41.24986], [-123.65774, 41.23822], [-123.65925, 41.23335], [-123.65855, 41.22763], [-123.65349, 41.22545], [-123.65049, 41.22053], [-123.65673, 41.21037], [-123.66242, 41.20612], [-123.66438, 41.2004], [-123.67153, 41.19651], [-123.67879, 41.18879], [-123.70472, 41.18681], [-123.70237, 41.17114], [-123.69055, 41.16522], [-123.67888, 41.14649], [-123.6842, 41.14186], [-123.6816, 41.13992], [-123.68767, 41.13255], [-123.68409, 41.12441], [-123.68902, 41.11953], [-123.6871, 41.10756], [-123.69444, 41.096], [-123.70203, 41.09124], [-123.6878, 41.07642], [-123.68473, 41.05894], [-123.67541, 41.05174], [-123.67175, 41.0396], [-123.6676, 41.0334], [-123.64859, 41.01988], [-123.64122, 41.02178], [-123.63832, 41.02043], [-123.63723, 41.01059], [-123.64587, 41.00961], [-123.64934, 41.00506], [-123.64877, 41.00288], [-123.64554, 40.99924], [-123.64161, 40.99853], [-123.62995, 41.00149], [-123.62576, 40.99986], [-123.63582, 40.99247], [-123.63971, 40.98427], [-123.6417, 40.97778], [-123.63958, 40.97167], [-123.64329, 40.95496], [-123.63125, 40.93991], [-123.62527, 40.93563], [-123.62524, 40.92815], [-123.61683, 40.91621], [-123.61662, 40.91071], [-123.61128, 40.90584], [-123.60935, 40.89477], [-123.60543, 40.88907], [-123.6015, 40.88882], [-123.59789, 40.8842], [-123.60365, 40.88042], [-123.61266, 40.88021], [-123.61341, 40.87795], [-123.59746, 40.8766], [-123.59623, 40.87166], [-123.59032, 40.8667], [-123.58547, 40.86926], [-123.58224, 40.86846], [-123.58109, 40.86631], [-123.58974, 40.85873], [-123.58736, 40.85713], [-123.57642, 40.85796], [-123.57485, 40.85608], [-123.57796, 40.85338], [-123.57509, 40.85093], [-123.57461, 40.844], [-123.5637, 40.84043], [-123.56867, 40.83524], [-123.56036, 40.83018], [-123.56861, 40.82535], [-123.5699, 40.81959], [-123.56352, 40.81213], [-123.56421, 40.80858], [-123.55698, 40.80824], [-123.55527, 40.79584], [-123.56662, 40.79707], [-123.56668, 40.78863], [-123.56451, 40.78694], [-123.56039, 40.78948], [-123.55864, 40.7874], [-123.56069, 40.78488], [-123.5596, 40.78163], [-123.5503, 40.77469], [-123.55542, 40.76703], [-123.55076, 40.76376], [-123.55563, 40.75982], [-123.55157, 40.75541], [-123.55341, 40.75195], [-123.55121, 40.75003], [-123.55293, 40.74848], [-123.5467, 40.74264], [-123.54754, 40.73974], [-123.54478, 40.73788], [-123.54327, 40.73161], [-123.53569, 40.73097], [-123.52439, 40.72149], [-123.52295, 40.7193], [-123.52499, 40.71667], [-123.52013, 40.7109], [-123.52115, 40.70703], [-123.51781, 40.70458], [-123.5177, 40.70103], [-123.50673, 40.69497], [-123.50884, 40.68655], [-123.50412, 40.68215], [-123.50151, 40.67586], [-123.50419, 40.66916], [-123.4944, 40.66234], [-123.49683, 40.65261], [-123.49288, 40.64383], [-123.48429, 40.63646], [-123.47768, 40.63525], [-123.47118, 40.62332], [-123.45752, 40.61449], [-123.45076, 40.61305], [-123.45115, 40.60778], [-123.44806, 40.60534], [-123.44815, 40.59719], [-123.44397, 40.59534], [-123.4392, 40.58179], [-123.44361, 40.5798], [-123.4422, 40.57673], [-123.44457, 40.56932], [-123.45213, 40.56708], [-123.44949, 40.56294], [-123.45759, 40.56172], [-123.46137, 40.55671], [-123.45798, 40.55374], [-123.45924, 40.55156], [-123.45747, 40.54426], [-123.45213, 40.54305], [-123.44987, 40.53127], [-123.447, 40.52996], [-123.44606, 40.52356], [-123.44268, 40.52077], [-123.44627, 40.5201], [-123.44564, 40.5171], [-123.43986, 40.50958], [-123.4367, 40.51056], [-123.43478, 40.50866], [-123.43741, 40.50445], [-123.42967, 40.50102], [-123.42472, 40.49363], [-123.421, 40.49395], [-123.42289, 40.48583], [-123.42026, 40.48496], [-123.41837, 40.47537], [-123.42077, 40.4737], [-123.41897, 40.46871], [-123.42182, 40.46631], [-123.41808, 40.45974], [-123.41975, 40.45695], [-123.41826, 40.45311], [-123.42152, 40.45196], [-123.41607, 40.44743], [-123.41706, 40.44091], [-123.40946, 40.44013], [-123.41189, 40.4302], [-123.40889, 40.42729], [-123.41228, 40.42492], [-123.40791, 40.42352], [-123.40905, 40.41876], [-123.40596, 40.41633], [-123.40833, 40.41489], [-123.40199, 40.40814], [-123.39133, 40.40582], [-123.38748, 40.3939], [-123.37826, 40.39067], [-123.36054, 40.37809], [-123.35494, 40.37704], [-123.34232, 40.38109], [-123.33657, 40.38075], [-123.32912, 40.37734], [-123.32248, 40.36827], [-123.31661, 40.37068], [-123.31225, 40.36912], [-123.30327, 40.35674], [-123.3062, 40.35509], [-123.30576, 40.35255], [-123.29352, 40.34584], [-123.29227, 40.33976], [-123.28396, 40.33401], [-123.2819, 40.32744], [-123.27619, 40.32866], [-123.27179, 40.32561], [-123.26826, 40.3265], [-123.26785, 40.32151], [-123.26486, 40.31941], [-123.25735, 40.32107], [-123.25518, 40.31549], [-123.24769, 40.31251], [-123.24248, 40.30485], [-123.23713, 40.30389], [-123.23249, 40.29861], [-123.23222, 40.29446], [-123.22699, 40.29101], [-123.20643, 40.28422], [-123.20102, 40.27955], [-123.19397, 40.278], [-123.19444, 40.27578], [-123.19256, 40.27491], [-123.17956, 40.27241], [-123.17706, 40.26948], [-123.16908, 40.26664], [-123.1695, 40.26246], [-123.16373, 40.26403], [-123.16168, 40.2579], [-123.15251, 40.25728], [-123.14955, 40.2546], [-123.14465, 40.25593], [-123.14017, 40.25051], [-123.12644, 40.24564], [-123.1251, 40.24241], [-123.11679, 40.23718], [-123.11747, 40.22862], [-123.11156, 40.22277], [-123.10923, 40.21604], [-123.10525, 40.21414], [-123.10418, 40.20942], [-123.09749, 40.20517], [-123.09543, 40.20256], [-123.0965, 40.19968], [-123.08566, 40.1887], [-123.07062, 40.18543], [-123.06319, 40.18042], [-123.06373, 40.17771], [-123.05812, 40.17511], [-123.05293, 40.17604], [-123.04661, 40.1741], [-123.03915, 40.17577], [-123.0305, 40.17274], [-123.02861, 40.17027], [-123.03399, 40.15666], [-123.02588, 40.14121], [-123.04197, 40.13654], [-123.04387, 40.13377], [-123.06162, 40.13224], [-123.07179, 40.13851], [-123.07135, 40.14711], [-123.07952, 40.14897], [-123.09883, 40.13787], [-123.10723, 40.13846], [-123.11202, 40.14137], [-123.11607, 40.13936], [-123.12343, 40.14078], [-123.13051, 40.1308], [-123.14055, 40.12541], [-123.14312, 40.12076], [-123.14293, 40.11206], [-123.14866, 40.10357], [-123.14805, 40.09955], [-123.15559, 40.09172], [-123.15258, 40.08739], [-123.13594, 40.08076], [-123.13465, 40.07718], [-123.13716, 40.07494], [-123.13651, 40.07281], [-123.13259, 40.07089], [-123.13431, 40.06784], [-123.13214, 40.06528], [-123.13372, 40.06015], [-123.12922, 40.05734], [-123.12872, 40.05462], [-123.12665, 40.05486], [-123.12373, 40.04534], [-123.11678, 40.03748], [-123.11035, 40.03446], [-123.10539, 40.02868], [-123.0916, 40.03073], [-123.08505, 40.0279], [-123.07784, 40.02942], [-123.05862, 40.02079], [-123.05333, 40.02439], [-123.03933, 40.02667], [-123.03706, 40.03202], [-123.02987, 40.03655], [-123.02112, 40.03707], [-123.01965, 40.03934], [-123.00625, 40.04193], [-122.99906, 40.03973], [-122.98014, 40.03996], [-122.96279, 40.03335], [-122.96073, 40.02945], [-122.95488, 40.03387], [-122.94844, 40.03448], [-122.9494, 40.02311], [-122.95285, 40.01935], [-122.94599, 40.01534], [-122.94967, 40.01132], [-122.95212, 39.99848], [-122.94434, 39.99539], [-122.93518, 39.98621], [-122.93725, 39.98162], [-122.93432, 39.97821], [-122.93756, 39.97803], [-122.93482, 39.97803], [-122.93224, 39.9728], [-122.92993, 39.97334], [-122.92715, 39.96708], [-122.92525, 39.96065], [-122.92757, 39.95594], [-122.92436, 39.94582], [-122.91925, 39.93687], [-122.91283, 39.93259], [-122.92022, 39.92806], [-122.92122, 39.91598], [-122.9515, 39.90593], [-122.94811, 39.9005], [-122.95066, 39.87922], [-122.95348, 39.87295], [-122.95211, 39.86623], [-122.93723, 39.86217], [-122.94395, 39.85792], [-122.94727, 39.85854], [-122.95021, 39.84954], [-122.94872, 39.84554], [-122.95223, 39.83915], [-122.94801, 39.83016], [-122.9473, 39.81787], [-122.94272, 39.80734], [-122.94406, 39.80118], [-122.93751, 39.79547], [-122.95041, 39.79755], [-122.9499, 39.80311], [-122.95329, 39.80661], [-122.95228, 39.80899], [-122.95827, 39.81395], [-122.96569, 39.81242], [-122.97392, 39.81631], [-122.97306, 39.81896], [-122.98223, 39.81884], [-122.98342, 39.82159], [-122.99347, 39.81758], [-122.99377, 39.81362], [-122.99961, 39.80927], [-123.00823, 39.81197], [-123.02123, 39.80589], [-123.03013, 39.80626], [-123.03259, 39.80995], [-123.03977, 39.80828], [-123.04743, 39.81114], [-123.0588, 39.8107], [-123.07019, 39.81787], [-123.07972, 39.82071], [-123.0844, 39.82688], [-123.08797, 39.82386], [-123.07853, 39.81775], [-123.0736, 39.81695], [-123.06699, 39.80727], [-123.06055, 39.80494], [-123.05381, 39.80645], [-123.04061, 39.80203], [-123.03601, 39.79848], [-123.03201, 39.79866], [-123.03245, 39.79013], [-123.02317, 39.78598], [-123.02202, 39.78266], [-123.01283, 39.77555], [-122.99679, 39.77144], [-122.98563, 39.76321], [-122.97234, 39.76065], [-122.95606, 39.75058], [-122.953, 39.73702], [-122.94856, 39.73528], [-122.94791, 39.7323], [-122.94488, 39.73237], [-122.93454, 39.71928], [-122.93077, 39.71873], [-122.93143, 39.71376], [-122.92393, 39.70452], [-122.92417, 39.69971], [-122.92044, 39.69687], [-122.91547, 39.6809], [-122.9176, 39.67657], [-122.9176, 39.66577], [-122.90011, 39.65593], [-122.8907, 39.64374], [-122.89051, 39.6256], [-122.88524, 39.61142], [-122.88718, 39.55882], [-122.88042, 39.55523], [-122.87367, 39.55614], [-122.8572, 39.55129], [-122.85932, 39.5442], [-122.85657, 39.54274], [-122.85885, 39.53861], [-122.84962, 39.52839], [-122.83836, 39.53063], [-122.82701, 39.52997], [-122.82432, 39.53118], [-122.824, 39.53494], [-122.81847, 39.53409], [-122.80286, 39.53869], [-122.80177, 39.54228], [-122.79595, 39.54265], [-122.79521, 39.54597], [-122.77758, 39.54983], [-122.76694, 39.55495], [-122.76366, 39.55539], [-122.76005, 39.55188], [-122.74254, 39.54703], [-122.73042, 39.54965], [-122.71434, 39.54754], [-122.71005, 39.53379], [-122.71716, 39.50882], [-122.72286, 39.50104], [-122.72166, 39.49036], [-122.72677, 39.49036], [-122.7319, 39.4858], [-122.73269, 39.45031], [-122.74162, 39.43542], [-122.73923, 39.38394], [-122.78463, 39.38292], [-122.77422, 39.3748], [-122.76759, 39.37441], [-122.7651, 39.3772], [-122.75921, 39.37771], [-122.75168, 39.37015], [-122.74318, 39.36754], [-122.74127, 39.36005], [-122.75198, 39.34641], [-122.76528, 39.34271], [-122.7647, 39.33644], [-122.7681, 39.33127], [-122.76858, 39.32601], [-122.77257, 39.32385], [-122.77661, 39.30739], [-122.79102, 39.30565], [-122.82779, 39.30948], [-122.84317, 39.313], [-122.85577, 39.32173], [-122.86289, 39.32286], [-122.85983, 39.32439], [-122.8705, 39.32574], [-122.87545, 39.33176], [-122.8762, 39.33641], [-122.87944, 39.33688], [-122.88492, 39.34494], [-122.88987, 39.34691], [-122.88975, 39.35076], [-122.88588, 39.35487], [-122.88656, 39.35753], [-122.8992, 39.35861], [-122.90035, 39.36241], [-122.9036, 39.36271], [-122.90474, 39.36582], [-122.91141, 39.37058], [-122.91076, 39.37735], [-122.91603, 39.37641], [-122.91925, 39.3792], [-122.92338, 39.37746], [-122.93066, 39.38305], [-122.93739, 39.38472], [-122.93845, 39.38675], [-122.93659, 39.38952], [-122.94284, 39.39213], [-122.94449, 39.39635], [-122.95048, 39.39763], [-122.95137, 39.40371], [-122.9558, 39.40662], [-122.96147, 39.40756], [-122.96163, 39.40611], [-122.97973, 39.41023], [-122.98544, 39.40713], [-122.9911, 39.40772], [-122.99446, 39.40475], [-123.00008, 39.41106], [-123.0049, 39.41188], [-123.01124, 39.41646], [-123.01538, 39.41537], [-123.02392, 39.40972], [-123.02419, 39.40512], [-123.0293, 39.39852], [-123.0374, 39.3953], [-123.03998, 39.38865], [-123.05126, 39.37569], [-123.06691, 39.37453], [-123.07439, 39.37037], [-123.07645, 39.37087], [-123.07594, 39.37483], [-123.07932, 39.37549], [-123.08495, 39.38113], [-123.1148, 39.38388], [-123.11635, 39.38501], [-123.11484, 39.39212], [-123.11694, 39.40205], [-123.12587, 39.40703], [-123.12542, 39.41254], [-123.12796, 39.41785], [-123.1381, 39.42089], [-123.1384, 39.42517], [-123.14317, 39.42612], [-123.14448, 39.43032], [-123.14246, 39.43342], [-123.14807, 39.45522], [-123.1577, 39.47112], [-123.15089, 39.47648], [-123.1578, 39.48253], [-123.15889, 39.48884], [-123.17139, 39.49374], [-123.17454, 39.49222], [-123.20568, 39.49593], [-123.21289, 39.49265], [-123.21807, 39.48661], [-123.2168, 39.48226], [-123.21952, 39.47681], [-123.21285, 39.46954], [-123.21134, 39.45908], [-123.21269, 39.45805], [-123.2165, 39.45949], [-123.23823, 39.45435], [-123.24393, 39.45666], [-123.26093, 39.45767], [-123.27342, 39.46449], [-123.28116, 39.46159], [-123.29338, 39.46075], [-123.30434, 39.45473], [-123.30643, 39.44992], [-123.31201, 39.44798], [-123.31455, 39.44244], [-123.31236, 39.42754], [-123.32665, 39.42724], [-123.32656, 39.4134], [-123.35408, 39.41223], [-123.35347, 39.42385], [-123.35769, 39.42863], [-123.35804, 39.43446], [-123.34786, 39.45188], [-123.35116, 39.46502], [-123.36373, 39.47298], [-123.36054, 39.48527], [-123.36381, 39.49298], [-123.37906, 39.50338], [-123.39266, 39.5209], [-123.40374, 39.5297], [-123.40483, 39.53528], [-123.41305, 39.53455], [-123.42358, 39.54427], [-123.42548, 39.55143], [-123.43267, 39.55818], [-123.43945, 39.57656], [-123.45159, 39.58945], [-123.45382, 39.59332], [-123.45433, 39.60355], [-123.45875, 39.61037], [-123.45881, 39.61398], [-123.465, 39.62057], [-123.46265, 39.62938], [-123.47534, 39.64585], [-123.47776, 39.65857], [-123.47604, 39.6805], [-123.48272, 39.68724], [-123.48974, 39.70815], [-123.49957, 39.71672], [-123.50472, 39.72712], [-123.51251, 39.73351], [-123.51596, 39.74068], [-123.53441, 39.75062], [-123.54323, 39.76393], [-123.54634, 39.77281], [-123.54297, 39.78148], [-123.54472, 39.78567], [-123.54224, 39.79759], [-123.54419, 39.80393], [-123.54983, 39.80883], [-123.55481, 39.81014], [-123.56365, 39.81742], [-123.56616, 39.82335], [-123.57358, 39.82759], [-123.5948, 39.8262], [-123.60053, 39.82906], [-123.60973, 39.82746], [-123.61997, 39.83218], [-123.63288, 39.83449], [-123.64778, 39.83284], [-123.65431, 39.82851], [-123.66173, 39.82908], [-123.6723, 39.82642], [-123.67536, 39.83098], [-123.6957, 39.8441], [-123.71617, 39.85194], [-123.71378, 39.86823], [-123.71094, 39.87336], [-123.71276, 39.87695], [-123.73177, 39.87847], [-123.7373, 39.88636], [-123.74708, 39.88715], [-123.74866, 39.89074], [-123.7536, 39.89223], [-123.75087, 39.89824], [-123.7546, 39.90107], [-123.74996, 39.90316], [-123.74928, 39.90575], [-123.75396, 39.90731], [-123.75991, 39.90462], [-123.75865, 39.91254], [-123.76735, 39.91776], [-123.75983, 39.92057], [-123.75809, 39.92741], [-123.77751, 39.94012], [-123.78077, 39.94658], [-123.78168, 39.95793], [-123.79565, 39.96584], [-123.80274, 39.97948], [-123.80086, 39.98387], [-123.78955, 39.99096], [-123.78638, 39.99926], [-123.77739, 40.00167], [-123.77921, 40.00814], [-123.78047, 40.00621], [-123.78729, 40.00653], [-123.78594, 40.0101], [-123.79115, 40.01468], [-123.78868, 40.02003], [-123.79252, 40.02344], [-123.79127, 40.02701], [-123.79287, 40.02957], [-123.79073, 40.03486], [-123.78751, 40.03465], [-123.78394, 40.03085], [-123.77751, 40.03028], [-123.77674, 40.03501], [-123.78358, 40.04417], [-123.79162, 40.04783], [-123.79546, 40.05269], [-123.79251, 40.05788], [-123.78307, 40.05818], [-123.77928, 40.06209], [-123.79128, 40.06822], [-123.80111, 40.06692], [-123.80749, 40.06056], [-123.81818, 40.06518], [-123.82384, 40.06111], [-123.82786, 40.07069], [-123.82658, 40.0766], [-123.81738, 40.07788], [-123.80612, 40.08829], [-123.7953, 40.09154], [-123.79747, 40.09488], [-123.80621, 40.09642], [-123.79777, 40.10269], [-123.79887, 40.11138], [-123.79536, 40.11465], [-123.80051, 40.11653], [-123.80766, 40.11385], [-123.8257, 40.1136], [-123.83249, 40.11497], [-123.83646, 40.1204], [-123.83553, 40.1253], [-123.82448, 40.12645], [-123.81324, 40.14121], [-123.79615, 40.15176], [-123.7957, 40.15762], [-123.78261, 40.16786], [-123.78171, 40.17983], [-123.77404, 40.18338], [-123.76911, 40.19386], [-123.77421, 40.1964], [-123.77829, 40.20253], [-123.78948, 40.20585], [-123.7916, 40.20972], [-123.78945, 40.21665], [-123.79103, 40.22139], [-123.80458, 40.22176], [-123.81402, 40.21732], [-123.82351, 40.22166], [-123.82629, 40.22869], [-123.83235, 40.23507], [-123.82528, 40.24517], [-123.82695, 40.24944], [-123.82513, 40.25607], [-123.83546, 40.25609], [-123.84362, 40.25971], [-123.84685, 40.26588], [-123.85079, 40.26838], [-123.85085, 40.27279], [-123.8563, 40.28151], [-123.86093, 40.28139], [-123.8594, 40.27952], [-123.86146, 40.27583], [-123.85781, 40.27286], [-123.86483, 40.26945], [-123.86838, 40.26297], [-123.87839, 40.26018], [-123.87949, 40.26239], [-123.87588, 40.26905], [-123.88062, 40.27272], [-123.88818, 40.27407], [-123.89023, 40.28288], [-123.89588, 40.28393], [-123.90182, 40.29103], [-123.89993, 40.29549], [-123.89527, 40.29769], [-123.89467, 40.30142], [-123.9112, 40.30716], [-123.91595, 40.31016], [-123.91762, 40.31389], [-123.92862, 40.32005], [-123.92751, 40.32909], [-123.93421, 40.33387], [-123.94001, 40.34277], [-123.93263, 40.34527], [-123.9291, 40.35412], [-123.92057, 40.35394], [-123.91623, 40.36261], [-123.92239, 40.37245], [-123.9191, 40.3799], [-123.92628, 40.38755], [-123.93361, 40.40039], [-123.93304, 40.41253], [-123.93636, 40.42494], [-123.944, 40.42647], [-123.96259, 40.42235], [-123.97792, 40.42296], [-123.98065, 40.43255], [-123.9797, 40.44076], [-123.98821, 40.45217], [-123.99172, 40.45403], [-124.00663, 40.45507], [-124.01686, 40.45339], [-124.02081, 40.44945], [-124.02551, 40.44925], [-124.03402, 40.44454], [-124.04408, 40.45957], [-124.05696, 40.46095], [-124.06993, 40.45424], [-124.0891, 40.45943], [-124.09602, 40.46326], [-124.10819, 40.4725], [-124.11018, 40.47963], [-124.10566, 40.48757], [-124.09057, 40.49696], [-124.08866, 40.49987], [-124.09086, 40.50437], [-124.10552, 40.51013], [-124.1378, 40.50817], [-124.14656, 40.50943], [-124.15552, 40.51183], [-124.16103, 40.51687], [-124.16262, 40.52837], [-124.15704, 40.54034], [-124.16234, 40.54459], [-124.16219, 40.55359], [-124.1542, 40.57111], [-124.15894, 40.58239], [-124.16317, 40.58369], [-124.16317, 40.59157], [-124.16809, 40.59836], [-124.2045, 40.61136], [-124.21018, 40.61589], [-124.23684, 40.61805], [-124.247, 40.62769], [-124.27237, 40.61831], [-124.28732, 40.62257], [-124.29162, 40.6206], [-124.29965, 40.62229], [-124.30391, 40.62576], [-124.30685, 40.63352], [-124.31199, 40.63741], [-124.31116, 40.64457], [-124.2891, 40.67964], [-124.25097, 40.73083], [-124.23501, 40.75619], [-124.22678, 40.74844], [-124.22763, 40.74554], [-124.23501, 40.74387], [-124.24312, 40.73248], [-124.24964, 40.72815], [-124.261, 40.71301], [-124.2626, 40.7094], [-124.2611, 40.70651], [-124.26639, 40.70173], [-124.26071, 40.69743], [-124.23376, 40.69107], [-124.2294, 40.68661], [-124.22282, 40.68448], [-124.21936, 40.68682], [-124.2224, 40.69017], [-124.22081, 40.69556], [-124.22304, 40.69956], [-124.21321, 40.70242], [-124.21608, 40.70358], [-124.21117, 40.70677], [-124.22311, 40.72319], [-124.21848, 40.7294], [-124.21846, 40.73255], [-124.21689, 40.73345], [-124.2165, 40.73095], [-124.21482, 40.7364], [-124.21545, 40.73853], [-124.21991, 40.73653], [-124.22201, 40.74033], [-124.20544, 40.7437], [-124.19798, 40.75229], [-124.19728, 40.75648], [-124.20183, 40.76579], [-124.20159, 40.77154], [-124.1965, 40.77101], [-124.19395, 40.77991], [-124.18727, 40.78709], [-124.18811, 40.79343], [-124.18281, 40.80038], [-124.17522, 40.80455], [-124.16062, 40.80624], [-124.14559, 40.81102], [-124.13262, 40.80593], [-124.1233, 40.80625], [-124.11457, 40.81382], [-124.10852, 40.81399], [-124.08806, 40.82408], [-124.08531, 40.83113], [-124.08305, 40.83179], [-124.08504, 40.84239], [-124.08303, 40.84593], [-124.08477, 40.84948], [-124.09092, 40.84877], [-124.09155, 40.85401], [-124.09897, 40.85566], [-124.0984, 40.85895], [-124.10427, 40.85945], [-124.11731, 40.85251], [-124.12615, 40.85857], [-124.13026, 40.8586], [-124.13459, 40.86432], [-124.15204, 40.86437], [-124.14978, 40.85925], [-124.15806, 40.85778], [-124.15816, 40.85138], [-124.17019, 40.83598], [-124.17067, 40.82566], [-124.18791, 40.80967], [-124.19494, 40.78961], [-124.19967, 40.78236], [-124.2151, 40.77038], [-124.22151, 40.75995], [-124.22683, 40.76057], [-124.23352, 40.76512], [-124.22822, 40.7694], [-124.19203, 40.81931], [-124.1583, 40.87607], [-124.13704, 40.92574], [-124.11924, 40.98698], [-124.11764, 40.98735], [-124.11172, 41.02742], [-124.11877, 41.03545], [-124.12134, 41.0395], [-124.12065, 41.04224], [-124.12521, 41.04805], [-124.13519, 41.0549], [-124.14607, 41.05697], [-124.14719, 41.05289], [-124.15034, 41.0509], [-124.1536, 41.05413], [-124.14906, 41.06147], [-124.15115, 41.06683], [-124.15625, 41.06683], [-124.15925, 41.06914], [-124.15955, 41.07385], [-124.15552, 41.07724], [-124.15752, 41.08099], [-124.15655, 41.08449], [-124.15856, 41.08511], [-124.15464, 41.08696], [-124.16038, 41.09854], [-124.16419, 41.10067], [-124.16062, 41.10449], [-124.16204, 41.10883], [-124.15965, 41.11197], [-124.1608, 41.11947], [-124.15904, 41.12196], [-124.16539, 41.12983], [-124.16094, 41.13301], [-124.16391, 41.1388], [-124.16185, 41.14129], [-124.15852, 41.14303], [-124.14714, 41.14152], [-124.14048, 41.14986], [-124.10863, 41.22456], [-124.10684, 41.23103], [-124.10909, 41.23636], [-124.10074, 41.25698], [-124.09971, 41.26574], [-124.09247, 41.28658], [-124.086, 41.32202], [-124.07347, 41.36876], [-124.06305, 41.43959], [-124.06616, 41.45139], [-124.06603, 41.47026], [-124.07261, 41.4912], [-124.07529, 41.49408], [-124.07742, 41.50568], [-124.08107, 41.50988], [-124.08171, 41.52261], [-124.0843, 41.52414], [-124.08206, 41.53268], [-124.08196, 41.54772], [-124.09214, 41.55312], [-124.09613, 41.56286], [-124.09875, 41.56382], [-124.10193, 41.57945], [-124.09736, 41.58526], [-124.10474, 41.59441], [-124.10082, 41.60219], [-124.11091, 41.61387], [-124.11548, 41.61587], [-124.11366, 41.61778], [-124.11984, 41.63958], [-124.12736, 41.65063], [-124.13529, 41.65695], [-124.13823, 41.67072], [-124.14095, 41.67212], [-124.13835, 41.67889], [-124.14341, 41.68774], [-124.14179, 41.69341], [-124.14365, 41.69609], [-124.14182, 41.69909], [-124.14739, 41.71796], [-124.16469, 41.74013], [-124.17765, 41.74573], [-124.18534, 41.73936], [-124.18097, 41.74421], [-124.18565, 41.7488], [-124.19349, 41.74998], [-124.19935, 41.74409], [-124.20908, 41.74953], [-124.21641, 41.75098], [-124.21558, 41.75377], [-124.22087, 41.75562], [-124.22408, 41.76047], [-124.23896, 41.77024], [-124.24321, 41.77201], [-124.2478, 41.77071], [-124.25588, 41.78227], [-124.245, 41.79231], [-124.23066, 41.81869], [-124.21957, 41.84644], [-124.20842, 41.8882], [-124.20436, 41.93372], [-124.20267, 41.93642], [-124.20448, 41.94621], [-124.20804, 41.94639], [-124.21009, 41.9503], [-124.20614, 41.96201], [-124.20493, 41.98345], [-124.21155, 41.99834], [-123.8117, 41.99571]]]}, "properties": {"id": "B1", "name": "B1", "kind": "deer_zone"}}, {"type": "Feature", "geometry": {"type": "Polygon", "coordinates": [[[-118.43559, 37.90218], [-118.46864, 37.87407], [-118.47867, 37.83936], [-118.47684, 37.81847], [-118.45645, 37.75697], [-118.40304, 37.66955], [-118.39294, 37.61134], [-118.34984, 37.46356], [-118.3501, 37.4035], [-118.35253, 37.39969], [-118.36048, 37.39784], [-118.38862, 37.39763], [-118.39353, 37.39537], [-118.39577, 37.39038], [-118.39554, 37.36135], [-118.45409, 37.361], [-118.4795, 37.3421], [-118.50687, 37.33948], [-118.52424, 37.33112], [-118.52292, 37.32748], [-118.51759, 37.32783], [-118.51414, 37.32565], [-118.5194, 37.31373], [-118.53436, 37.30177], [-118.52974, 37.30289], [-118.55125, 37.29364], [-118.57409, 37.27512], [-118.57993, 37.26468], [-118.57944, 37.25751], [-118.58181, 37.25088], [-118.59684, 37.24243], [-118.59635, 37.23339], [-118.60339, 37.22279], [-118.60868, 37.22144], [-118.60846, 37.22748], [-118.61316, 37.23133], [-118.62967, 37.2267], [-118.64343, 37.22973], [-118.64907, 37.23367], [-118.65188, 37.23108], [-118.66579, 37.23644], [-118.67429, 37.23649], [-118.68102, 37.24017], [-118.6841, 37.23899], [-118.68351, 37.24434], [-118.67781, 37.24906], [-118.67491, 37.24895], [-118.6652, 37.26237], [-118.68194, 37.2811], [-118.68531, 37.29074], [-118.69472, 37.30201], [-118.69456, 37.30621], [-118.69781, 37.30551], [-118.70338, 37.31101], [-118.70958, 37.32236], [-118.71776, 37.32825], [-118.72835, 37.32379], [-118.73415, 37.31812], [-118.74122, 37.31613], [-118.75709, 37.32907], [-118.77358, 37.335], [-118.77966, 37.33514], [-118.7852, 37.34206], [-118.78401, 37.35234], [-118.78072, 37.35755], [-118.76857, 37.35936], [-118.7695, 37.36634], [-118.76728, 37.3676], [-118.77324, 37.37533], [-118.77796, 37.3762], [-118.7792, 37.38157], [-118.78982, 37.3933], [-118.7822, 37.40798], [-118.78337, 37.41412], [-118.77992, 37.42198], [-118.77473, 37.42516], [-118.76795, 37.42314], [-118.76498, 37.43035], [-118.76036, 37.43345], [-118.75853, 37.44223], [-118.76324, 37.45706], [-118.77151, 37.45858], [-118.77771, 37.47015], [-118.78444, 37.47389], [-118.78561, 37.47822], [-118.79571, 37.48872], [-118.8047, 37.48915], [-118.81031, 37.48655], [-118.81464, 37.48783], [-118.83242, 37.48047], [-118.8363, 37.48241], [-118.84122, 37.48116], [-118.84922, 37.47626], [-118.85555, 37.47839], [-118.8597, 37.48987], [-118.85863, 37.49389], [-118.86076, 37.50169], [-118.8678, 37.50732], [-118.88103, 37.50957], [-118.88323, 37.5188], [-118.8917, 37.52502], [-118.9019, 37.52537], [-118.90278, 37.53284], [-118.90924, 37.5389], [-118.91602, 37.5499], [-118.93006, 37.54892], [-118.93858, 37.55408], [-118.94177, 37.56137], [-118.95013, 37.56197], [-118.97381, 37.55529], [-118.99907, 37.5622], [-119.00277, 37.55594], [-119.00596, 37.55492], [-119.01602, 37.55828], [-119.02099, 37.56617], [-119.03384, 37.56386], [-119.04163, 37.55992], [-119.04371, 37.55048], [-119.04007, 37.54406], [-119.04499, 37.53583], [-119.07541, 37.53459], [-119.08302, 37.5299], [-119.09322, 37.53061], [-119.10425, 37.53759], [-119.12752, 37.54378], [-119.12114, 37.5477], [-119.11394, 37.54805], [-119.11221, 37.55027], [-119.10115, 37.54764], [-119.09569, 37.54985], [-119.09253, 37.55757], [-119.09476, 37.56712], [-119.09266, 37.57258], [-119.09466, 37.59077], [-119.09166, 37.59655], [-119.09013, 37.59582], [-119.09234, 37.5986], [-119.09167, 37.60149], [-119.09678, 37.60509], [-119.09753, 37.61033], [-119.11613, 37.61288], [-119.12405, 37.6108], [-119.12581, 37.6141], [-119.13366, 37.61513], [-119.13315, 37.6188], [-119.13746, 37.62234], [-119.14915, 37.62435], [-119.15255, 37.62338], [-119.15321, 37.62013], [-119.15831, 37.61625], [-119.16944, 37.62197], [-119.17006, 37.62829], [-119.16571, 37.63094], [-119.17091, 37.64107], [-119.16651, 37.64543], [-119.17036, 37.64961], [-119.16916, 37.65173], [-119.17407, 37.66054], [-119.1783, 37.66142], [-119.18626, 37.67197], [-119.19247, 37.67371], [-119.19545, 37.682], [-119.20075, 37.68334], [-119.19755, 37.69341], [-119.19452, 37.69554], [-119.19528, 37.69787], [-119.19764, 37.70029], [-119.20738, 37.70174], [-119.21581, 37.71392], [-119.22985, 37.71752], [-119.23023, 37.72082], [-119.23918, 37.72757], [-119.25102, 37.73029], [-119.25896, 37.7236], [-119.2622, 37.73345], [-119.26917, 37.73853], [-119.25682, 37.74448], [-119.25472, 37.7471], [-119.25426, 37.75541], [-119.25098, 37.75652], [-119.24441, 37.7679], [-119.23828, 37.77373], [-119.23065, 37.77526], [-119.22888, 37.77882], [-119.22039, 37.77945], [-119.21491, 37.79085], [-119.20582, 37.79279], [-119.20335, 37.79523], [-119.20109, 37.8037], [-119.20486, 37.8121], [-119.21771, 37.81919], [-119.21374, 37.82525], [-119.20442, 37.83006], [-119.20811, 37.83929], [-119.20342, 37.84346], [-119.19602, 37.84407], [-119.20129, 37.84797], [-119.21174, 37.84624], [-119.21719, 37.84806], [-119.21646, 37.85298], [-119.21212, 37.85718], [-119.21436, 37.86051], [-119.21403, 37.87284], [-119.20992, 37.88088], [-119.20592, 37.88356], [-119.20133, 37.88341], [-119.20041, 37.88669], [-119.20876, 37.89064], [-119.21148, 37.89999], [-119.22025, 37.89874], [-119.22664, 37.90664], [-119.23738, 37.91146], [-119.25112, 37.91037], [-119.25449, 37.90766], [-119.25801, 37.9113], [-119.26442, 37.91274], [-119.26578, 37.91947], [-119.26351, 37.92213], [-119.26746, 37.92868], [-119.27186, 37.92867], [-119.28259, 37.9344], [-119.29002, 37.93384], [-119.29367, 37.93703], [-119.29358, 37.94079], [-119.29953, 37.94575], [-119.30923, 37.94627], [-119.31609, 37.96086], [-119.31383, 37.96337], [-119.31528, 37.96599], [-119.32122, 37.96684], [-119.32365, 37.97046], [-119.31525, 37.97992], [-119.31789, 37.98805], [-119.31131, 37.99963], [-119.31148, 38.00399], [-119.30954, 38.00463], [-119.30809, 38.01235], [-119.30939, 38.01799], [-119.30565, 38.02471], [-119.30945, 38.03359], [-119.3143, 38.03531], [-119.31041, 38.04419], [-119.31913, 38.0474], [-119.32214, 38.0517], [-119.31192, 38.05357], [-119.30442, 38.04974], [-119.30351, 38.0454], [-119.29556, 38.04093], [-119.28363, 38.04799], [-119.27426, 38.04951], [-119.27302, 38.05236], [-119.25812, 38.04959], [-119.24398, 38.05682], [-119.2333, 38.06712], [-119.20558, 38.07628], [-119.19672, 38.08946], [-119.19284, 38.08519], [-119.18983, 38.08782], [-119.18213, 38.08768], [-119.17851, 38.08365], [-119.17883, 38.07663], [-119.17683, 38.07446], [-119.17127, 38.07695], [-119.16597, 38.08347], [-119.15877, 38.08356], [-119.15917, 38.08084], [-119.16606, 38.07629], [-119.16986, 38.06892], [-119.16511, 38.05294], [-119.16055, 38.04546], [-119.12597, 38.05432], [-118.79739, 38.16067], [-118.43559, 37.90218]]]}, "properties": {"id": "X9A", "name": "X9a", "kind": "deer_zone"}}]}