{"type":"FeatureCollection","source":{"name":"Additional hunt boundaries (Title 14 \u00a7 360)","url":"https://services2.arcgis.com/Uq9r85Potqm3MfRV/arcgis/rest/services/biosds3241_fpu/FeatureServer/0/query","fetched_at":"2026-09-05T05:27:12.351263+00:00","verified_at":"2026-09-04","source_features":44,"rights":"California Department of Fish and Wildlife, Wildlife Branch, 2025.","licence":"CC-BY 4.0","source_revision":"2025-10-31"},"publisher_caveat":{"text":"NOTE: Hunt boundary shown is an approximation. Hunters are responsible for knowing the exact boundary locations as described within Section 360, Title 14, Calif. Code of Regs","source":"CDFW layer description, https://services2.arcgis.com/Uq9r85Potqm3MfRV/arcgis/rest/services/biosds3241_fpu/FeatureServer/0","verified_at":"2026-09-04"},"designation":{"label":"Additional hunt boundaries (Title 14 \u00a7 360)","what_it_is":"CDFW's mapped approximation of the additional hunts described in Title 14, Section 360 \u2014 the G, J, M and MA hunts. The regulation's own words are the boundary; this is CDFW's drawing of them.","hunting_line":"Being inside one of these areas is not a season and not a tag. Hunting here is governed by California regulations \u2014 the hunt's own season, tag quota, tag class and legal take are quoted and cited elsewhere in this app, and an area boundary answers none of them."},"boundary_caveats":["A hunt area is not a permission. It says where a hunt's boundary runs, not whether it is open, whether tags remain, or whether you hold one.","These polygons cut nothing out. State parks, ecological reserves, military land and private property inside a hunt area are drawn as part of it, because the boundary in the regulation runs around them and not between them \u2014 Cuyamaca Rancho State Park, for one, sits inside the drawn A-22 and D-16 areas. Those places are governed by their own rules, this app does not carry them, and a solid fill here says nothing whatever about them. Check the land manager before you go.","The lines are simplified to roughly 50 metres for display, on top of CDFW's own approximation. Near an edge, treat this as a guide and not as your position relative to the boundary the regulation describes."],"geometry_validation":{"geometry_source":"containment re-nest of f=json","clearance_deg":0.0005,"inside_probes":44,"hole_probes":3,"hole_probes_scoped_to_feature":true,"anchors":[]},"features":[{"type":"Feature","geometry":{"type":"Polygon","coordinates":[[[-121.37225,40.68114],[-121.36588,40.67145],[-121.36162,40.67066],[-121.35597,40.66497],[-121.35426,40.66417],[-121.35143,40.6641],[-121.34882,40.66151],[-121.34149,40.65874],[-121.32686,40.65613],[-121.29371,40.64687],[-121.2403,40.64273],[-121.2272,40.64075],[-121.22312,40.64169],[-121.21754,40.64527],[-121.21181,40.65106],[-121.20371,40.65479],[-121.18472,40.65229],[-121.16522,40.64607],[-121.14216,40.62983],[-121.13306,40.62489],[-121.13153,40.62318],[-121.12726,40.62059],[-121.12339,40.61894],[-121.11106,40.61055],[-121.10877,40.60712],[-121.09006,40.58774],[-121.0745,40.57309],[-121.06379,40.56737],[-121.06077,40.56428],[-121.03571,40.52807],[-120.96976,40.49281],[-120.96011,40.48513],[-120.95402,40.48195],[-120.94697,40.47585],[-120.93439,40.47082],[-120.93217,40.46936],[-120.9227,40.45966],[-120.9144,40.4539],[-120.91186,40.45097],[-120.90802,40.44944],[-120.89455,40.44828],[-120.85258,40.43936],[-120.8347,40.43875],[-120.82797,40.43294],[-120.8199,40.42836],[-120.81089,40.42598],[-120.80101,40.42588],[-120.79715,40.42652],[-120.78967,40.42486],[-120.78808,40.42388],[-120.78298,40.41749],[-120.77128,40.41675],[-120.76356,40.41546],[-120.7552,40.41085],[-120.76384,40.40892],[-120.76638,40.40773],[-120.76941,40.40472],[-120.77184,40.40083],[-120.77699,40.39699],[-120.78894,40.39087],[-120.80193,40.38118],[-120.81357,40.3754],[-120.8291,40.37088],[-120.83499,40.36791],[-120.83849,40.36988],[-120.84005,40.36906],[-120.84074,40.36702],[-120.8466,40.36565],[-120.84941,40.36384],[-120.85419,40.36371],[-120.85722,40.36227],[-120.8649,40.36064],[-120.86894,40.35694],[-120.87381,40.35484],[-120.87677,40.35216],[-120.87976,40.35266],[-120.88198,40.35568],[-120.8858,40.35644],[-120.88996,40.35451],[-120.89597,40.35026],[-120.92412,40.33849],[-120.92732,40.3354],[-120.92893,40.3311],[-120.93033,40.32952],[-120.93709,40.3252],[-120.94485,40.31796],[-120.94832,40.31716],[-121.01469,40.31396],[-121.04822,40.31081],[-121.04849,40.30923],[-121.04646,40.30273],[-121.04734,40.298],[-121.052,40.29853],[-121.05777,40.29631],[-121.0609,40.29414],[-121.07405,40.29401],[-121.0751,40.29289],[-121.07552,40.28914],[-121.07854,40.28729],[-121.07919,40.2861],[-121.08081,40.27905],[-121.08652,40.27057],[-121.08697,40.2656],[-121.08566,40.26348],[-121.08083,40.25881],[-121.0808,40.25592],[-121.07853,40.25441],[-121.07737,40.25153],[-121.07875,40.24869],[-121.07867,40.24673],[-121.07786,40.2427],[-121.07619,40.23908],[-121.07563,40.23068],[-121.07668,40.22764],[-121.07537,40.226],[-121.07573,40.22254],[-121.06837,40.21565],[-121.0661,40.21053],[-121.06892,40.20353],[-121.0748,40.19344],[-121.07513,40.19006],[-121.08137,40.18063],[-121.08069,40.17214],[-121.07073,40.17214],[-121.06098,40.17534],[-121.05707,40.17516],[-121.05295,40.17712],[-121.04779,40.17801],[-121.04595,40.17773],[-121.04461,40.17608],[-121.04079,40.17434],[-121.03912,40.17276],[-121.03501,40.17196],[-121.03265,40.17232],[-121.02731,40.17543],[-121.02379,40.1757],[-121.01851,40.1751],[-121.01115,40.17555],[-121.00578,40.1747],[-121.00235,40.17549],[-120.99679,40.17546],[-120.99387,40.17425],[-120.9894,40.17536],[-120.98677,40.17522],[-120.98072,40.17326],[-120.97609,40.17289],[-120.96881,40.16975],[-120.95948,40.16687],[-120.95676,40.16445],[-120.95455,40.15983],[-120.95609,40.14637],[-120.95545,40.14192],[-120.94982,40.13917],[-120.94419,40.13904],[-120.92809,40.13534],[-120.91769,40.13383],[-120.91688,40.13274],[-120.91801,40.13022],[-120.91214,40.12652],[-120.90945,40.12279],[-120.9068,40.11673],[-120.90671,40.11242],[-120.90954,40.10316],[-120.90918,40.09948],[-120.91569,40.08779],[-120.92751,40.08099],[-120.93055,40.0784],[-120.93466,40.07836],[-120.93716,40.07639],[-120.94567,40.07309],[-120.94865,40.07027],[-120.95001,40.06755],[-120.95483,40.06542],[-120.95864,40.06267],[-120.96275,40.06189],[-120.96343,40.06063],[-120.96363,40.0545],[-120.9653,40.05431],[-120.96667,40.05534],[-120.97004,40.05559],[-120.97149,40.05504],[-120.97399,40.05115],[-120.98033,40.0508],[-120.9814,40.05007],[-120.98157,40.04785],[-120.98077,40.04687],[-120.97797,40.04657],[-120.97803,40.04376],[-120.97639,40.04115],[-120.9774,40.04049],[-120.98192,40.04206],[-120.98323,40.04151],[-120.98451,40.03991],[-120.98492,40.03717],[-120.98706,40.03533],[-120.98894,40.03494],[-120.99105,40.03615],[-120.99409,40.0396],[-120.9957,40.0401],[-120.99879,40.03964],[-120.99992,40.03822],[-121.00039,40.03593],[-121.0016,40.03556],[-121.00862,40.03641],[-121.01034,40.03596],[-121.01309,40.03177],[-121.02002,40.03116],[-121.02164,40.02757],[-121.02899,40.02582],[-121.03069,40.02016],[-121.03194,40.01934],[-121.04438,40.02032],[-121.05498,40.01886],[-121.05926,40.02161],[-121.06467,40.02366],[-121.07143,40.02065],[-121.08345,40.01823],[-121.08911,40.01446],[-121.09074,40.01462],[-121.09619,40.01748],[-121.0989,40.0164],[-121.10107,40.01647],[-121.10767,40.02281],[-121.11538,40.02537],[-121.11731,40.02551],[-121.11922,40.02437],[-121.12189,40.02423],[-121.12294,40.02528],[-121.12389,40.02828],[-121.12526,40.02915],[-121.1285,40.02915],[-121.13169,40.02757],[-121.13413,40.02871],[-121.14823,40.02407],[-121.15374,40.02471],[-121.16177,40.02262],[-121.1668,40.02336],[-121.1679,40.02249],[-121.16864,40.01949],[-121.17539,40.01349],[-121.17652,40.01282],[-121.17956,40.01276],[-121.18426,40.01378],[-121.1856,40.01332],[-121.18917,40.00966],[-121.19041,40.00941],[-121.19301,40.01231],[-121.19485,40.01304],[-121.20039,40.01371],[-121.20482,40.01258],[-121.20619,40.01292],[-121.20777,40.01583],[-121.21048,40.01658],[-121.21625,40.01525],[-121.21732,40.0141],[-121.21657,40.01262],[-121.21696,40.01157],[-121.21832,40.01124],[-121.22205,40.01465],[-121.22598,40.01421],[-121.22865,40.01261],[-121.23007,40.00915],[-121.2323,40.00812],[-121.2395,40.00848],[-121.2412,40.00813],[-121.24221,40.0063],[-121.24379,40.0061],[-121.25033,40.00707],[-121.25995,40.00391],[-121.26542,40.00559],[-121.26849,40.00365],[-121.2695,40.00136],[-121.27413,39.99896],[-121.2745,39.99608],[-121.27536,39.99489],[-121.27857,39.99437],[-121.2812,39.99146],[-121.28361,39.99071],[-121.28495,39.98925],[-121.28442,39.98618],[-121.28269,39.98524],[-121.28225,39.98195],[-121.27806,39.98007],[-121.27732,39.97794],[-121.27777,39.97398],[-121.27528,39.97284],[-121.27462,39.97165],[-121.27597,39.96769],[-121.27419,39.96515],[-121.27443,39.964],[-121.27943,39.96238],[-121.28469,39.95832],[-121.29118,39.9575],[-121.29968,39.9537],[-121.30257,39.94902],[-121.30751,39.94495],[-121.30811,39.94374],[-121.30772,39.94236],[-121.30877,39.94021],[-121.31079,39.93859],[-121.31477,39.93807],[-121.31572,39.9371],[-121.31618,39.93033],[-121.31532,39.92541],[-121.31669,39.92041],[-121.32186,39.91796],[-121.32677,39.91455],[-121.32971,39.91027],[-121.34341,39.90634],[-121.35233,39.90207],[-121.35907,39.9004],[-121.35999,39.89104],[-121.36154,39.88861],[-121.3668,39.88562],[-121.37015,39.88182],[-121.37247,39.87727],[-121.37366,39.86848],[-121.38729,39.86263],[-121.39554,39.84402],[-121.40043,39.84235],[-121.4083,39.84207],[-121.41411,39.83818],[-121.41489,39.83562],[-121.41432,39.83441],[-121.41022,39.83235],[-121.40859,39.82915],[-121.40889,39.82601],[-121.40986,39.82476],[-121.41556,39.82228],[-121.4231,39.82061],[-121.42579,39.81667],[-121.4273,39.81234],[-121.42965,39.81024],[-121.43534,39.80784],[-121.44139,39.80296],[-121.44593,39.80131],[-121.44936,39.79627],[-121.45304,39.7943],[-121.45363,39.79309],[-121.45288,39.78922],[-121.45119,39.78806],[-121.44997,39.78504],[-121.45222,39.77934],[-121.45906,39.77416],[-121.46283,39.77476],[-121.46342,39.77345],[-121.46295,39.77219],[-121.46372,39.77105],[-121.46546,39.77075],[-121.46617,39.76848],[-121.46626,39.76711],[-121.46489,39.76585],[-121.46569,39.76318],[-121.46931,39.76152],[-121.47343,39.76241],[-121.47956,39.76076],[-121.48287,39.75382],[-121.48213,39.75229],[-121.48226,39.74868],[-121.48789,39.7463],[-121.49019,39.74396],[-121.49425,39.74212],[-121.49558,39.74048],[-121.49674,39.73885],[-121.49673,39.73672],[-121.49628,39.73446],[-121.49408,39.73059],[-121.4945,39.72828],[-121.51213,39.72199],[-121.52011,39.7174],[-121.5245,39.71072],[-121.52818,39.71024],[-121.52987,39.70921],[-121.53094,39.70651],[-121.52964,39.7021],[-121.53053,39.69972],[-121.53054,39.69668],[-121.53576,39.68888],[-121.53932,39.68556],[-121.53965,39.68362],[-121.53906,39.68222],[-121.53119,39.67446],[-121.52708,39.67226],[-121.52619,39.67125],[-121.52624,39.6698],[-121.53417,39.66339],[-121.53684,39.65758],[-121.53912,39.65568],[-121.54315,39.65444],[-121.54872,39.65415],[-121.5573,39.65125],[-121.58236,39.63488],[-121.6187,39.6021],[-121.61944,39.60004],[-121.61909,39.58661],[-121.62081,39.58226],[-121.6201,39.57954],[-121.59208,39.5458],[-121.57357,39.52492],[-121.5721,39.51392],[-121.57541,39.49887],[-121.57678,39.49813],[-121.64511,39.49816],[-121.65864,39.49471],[-121.67766,39.49372],[-121.68858,39.49426],[-121.68838,39.46525],[-121.79727,39.46505],[-121.80315,39.46409],[-121.98994,39.46443],[-121.99186,39.46427],[-121.99245,39.46331],[-121.9927,39.45784],[-121.99424,39.45727],[-122.01711,39.45718],[-122.01886,39.4653],[-122.01849,39.47668],[-122.02051,39.49069],[-122.01935,39.50066],[-122.0156,39.51808],[-122.01435,39.52119],[-122.03282,39.52184],[-122.11234,39.52177],[-122.12191,39.52405],[-122.20891,39.52414],[-122.21467,39.52485],[-122.2143,39.55645],[-122.20424,39.63067],[-122.2048,39.68162],[-122.20593,39.71221],[-122.20575,39.74089],[-122.20465,39.78375],[-122.20019,39.80049],[-122.19984,39.8042],[-122.20058,39.96695],[-122.2157,40.05984],[-122.21922,40.12771],[-122.22396,40.15349],[-122.2217,40.17448],[-122.22247,40.17706],[-122.24211,40.20043],[-122.24717,40.2091],[-122.25394,40.22342],[-122.25621,40.23516],[-122.2671,40.26524],[-122.27383,40.28143],[-122.27863,40.28807],[-122.28476,40.37735],[-122.27829,40.37501],[-122.27113,40.3789],[-122.26769,40.37925],[-122.26259,40.37518],[-122.26107,40.37556],[-122.25708,40.3805],[-122.25401,40.38284],[-122.24738,40.3839],[-122.2425,40.38709],[-122.23533,40.38593],[-122.23158,40.38846],[-122.22914,40.38903],[-122.22751,40.38824],[-122.22763,40.38472],[-122.22613,40.38317],[-122.22184,40.3833],[-122.21826,40.38636],[-122.21734,40.38637],[-122.21594,40.38581],[-122.21402,40.38303],[-122.21075,40.38144],[-122.20514,40.38102],[-122.19933,40.37902],[-122.19784,40.37591],[-122.18575,40.36688],[-122.1798,40.35942],[-122.1772,40.35743],[-122.17468,40.35697],[-122.17136,40.36354],[-122.17079,40.36631],[-122.16843,40.36935],[-122.16816,40.374],[-122.16995,40.37648],[-122.17758,40.38246],[-122.17803,40.38358],[-122.18138,40.38461],[-122.18252,40.38383],[-122.18704,40.38484],[-122.18812,40.38577],[-122.18859,40.38722],[-122.18455,40.38919],[-122.18411,40.39189],[-122.18273,40.39244],[-122.17791,40.39193],[-122.17378,40.39243],[-122.17297,40.39342],[-122.16316,40.39319],[-122.16031,40.39518],[-122.16037,40.39639],[-122.15935,40.39701],[-122.15564,40.3968],[-122.1493,40.39817],[-122.13364,40.39755],[-122.12897,40.39935],[-122.12978,40.4018],[-122.12897,40.40381],[-122.12726,40.40404],[-122.12483,40.40294],[-122.12312,40.40329],[-122.12043,40.40405],[-122.11852,40.40638],[-122.11205,40.40506],[-122.11076,40.40609],[-122.11097,40.40755],[-122.1037,40.41076],[-122.09984,40.41442],[-122.09847,40.41451],[-122.09864,40.41035],[-122.0976,40.40982],[-122.09496,40.41048],[-122.09308,40.41374],[-122.09191,40.41428],[-122.09041,40.41387],[-122.09197,40.41088],[-122.08703,40.41262],[-122.08015,40.41234],[-122.07224,40.41525],[-122.06485,40.41525],[-122.05931,40.41683],[-122.05724,40.41655],[-122.0553,40.41859],[-122.05212,40.4204],[-122.04659,40.41951],[-122.04425,40.41834],[-122.04087,40.41829],[-122.03539,40.41964],[-122.03198,40.41726],[-122.0303,40.41806],[-122.03102,40.4201],[-122.03024,40.42104],[-122.02476,40.42254],[-122.0217,40.42419],[-122.01952,40.42371],[-122.01742,40.42153],[-122.01464,40.42114],[-122.0141,40.42446],[-122.00937,40.42668],[-122.00781,40.42578],[-122.00484,40.42618],[-122.00302,40.42449],[-122.00068,40.42414],[-121.99966,40.42308],[-121.99754,40.42286],[-121.99517,40.42535],[-121.99395,40.42574],[-121.99218,40.42522],[-121.99248,40.42407],[-121.98898,40.42343],[-121.98769,40.42444],[-121.98628,40.42437],[-121.98412,40.42282],[-121.97874,40.42211],[-121.97697,40.42113],[-121.97356,40.42243],[-121.96463,40.42166],[-121.96167,40.42088],[-121.95969,40.41923],[-121.95137,40.41834],[-121.95026,40.41886],[-121.94143,40.41548],[-121.93781,40.41603],[-121.93511,40.41784],[-121.92712,40.41839],[-121.92158,40.42307],[-121.91685,40.42502],[-121.91661,40.42623],[-121.91481,40.42767],[-121.91418,40.43008],[-121.91269,40.43115],[-121.90996,40.43275],[-121.90607,40.43337],[-121.90235,40.43511],[-121.89762,40.43872],[-121.89355,40.44014],[-121.88007,40.44091],[-121.87612,40.44274],[-121.87264,40.44256],[-121.86947,40.44471],[-121.86788,40.44604],[-121.86746,40.44775],[-121.86609,40.44917],[-121.86198,40.45165],[-121.85824,40.45586],[-121.85759,40.457],[-121.85849,40.46064],[-121.85807,40.46213],[-121.85465,40.46494],[-121.85397,40.46726],[-121.84825,40.47211],[-121.84477,40.47332],[-121.84316,40.47499],[-121.84295,40.47716],[-121.84157,40.47803],[-121.83779,40.47735],[-121.83318,40.48028],[-121.82662,40.48639],[-121.82449,40.4871],[-121.81997,40.48691],[-121.8164,40.48888],[-121.8167,40.49131],[-121.8149,40.49337],[-121.80846,40.49712],[-121.80798,40.4982],[-121.80876,40.49989],[-121.80774,40.50108],[-121.80512,40.50259],[-121.80095,40.50277],[-121.7983,40.5046],[-121.79514,40.50488],[-121.79296,40.50737],[-121.79198,40.51081],[-121.79023,40.51296],[-121.78829,40.51314],[-121.78421,40.50992],[-121.7819,40.50973],[-121.77437,40.5123],[-121.7703,40.51154],[-121.76943,40.5123],[-121.76669,40.51254],[-121.76322,40.5145],[-121.75641,40.51521],[-121.7511,40.5176],[-121.70862,40.51746],[-121.70112,40.51685],[-121.68179,40.51864],[-121.68056,40.52297],[-121.6677,40.52941],[-121.66452,40.52995],[-121.64539,40.53003],[-121.6418,40.52939],[-121.63736,40.53225],[-121.63568,40.53257],[-121.63208,40.53186],[-121.62611,40.53296],[-121.62204,40.53216],[-121.61547,40.53609],[-121.61022,40.53774],[-121.60977,40.53932],[-121.60566,40.54032],[-121.60317,40.54176],[-121.59909,40.54064],[-121.5957,40.5387],[-121.59202,40.53851],[-121.58632,40.54112],[-121.58128,40.54221],[-121.57585,40.5418],[-121.57986,40.55152],[-121.57986,40.55375],[-121.57713,40.55814],[-121.57253,40.57101],[-121.56958,40.57495],[-121.56199,40.58037],[-121.55721,40.58231],[-121.54652,40.58834],[-121.53815,40.5917],[-121.53703,40.59252],[-121.53358,40.59838],[-121.52922,40.60297],[-121.51386,40.61121],[-121.50807,40.61236],[-121.50281,40.61532],[-121.48824,40.61935],[-121.48074,40.62322],[-121.47891,40.62551],[-121.4705,40.6432],[-121.46599,40.64533],[-121.46395,40.64716],[-121.4578,40.65321],[-121.44934,40.66399],[-121.4443,40.66749],[-121.4428,40.6698],[-121.44181,40.67413],[-121.44046,40.67532],[-121.43196,40.67487],[-121.42835,40.67674],[-121.42469,40.68022],[-121.40359,40.676],[-121.40068,40.67632],[-121.39872,40.67867],[-121.39954,40.68057],[-121.39885,40.69],[-121.39993,40.69986],[-121.39855,40.70258],[-121.39699,40.7032],[-121.39566,40.70272],[-121.39055,40.69645],[-121.384,40.6946],[-121.38075,40.6884],[-121.3761,40.68581],[-121.37225,40.68114]]]},"properties":{"id":"1","code":"G1","name":"Late Season Buck Hunt for Zone C4","kind":"additional_hunt","group":"General","hunt_type":"BUCK","acreage":2472880}},{"type":"Feature","geometry":{"type":"Polygon","coordinates":[[[-118.32623,37.00889],[-118.31589,37.00795],[-118.31005,37.00597],[-118.30666,37.00394],[-118.30122,37.00417],[-118.29558,37.00309],[-118.2932,37.0038],[-118.2843,37.0025],[-118.2763,37.0034],[-118.26636,36.99932],[-118.26253,36.99895],[-118.26034,36.99795],[-118.25795,36.99844],[-118.2535,36.99791],[-118.2502,36.9967],[-118.23305,36.99796],[-118.23393,36.98863],[-118.23983,36.95998],[-118.24175,36.89121],[-118.22855,36.83615],[-118.22193,36.82804],[-118.20725,36.81445],[-118.19535,36.79578],[-118.13049,36.7078],[-118.12219,36.70121],[-118.0967,36.67354],[-118.09436,36.66575],[-118.08811,36.6535],[-118.08133,36.64053],[-118.07255,36.62693],[-118.06735,36.61718],[-118.06483,36.6086],[-118.06297,36.6049],[-118.0736,36.60417],[-118.07812,36.60197],[-118.08601,36.60114],[-118.08827,36.59906],[-118.09148,36.59883],[-118.09552,36.5966],[-118.10667,36.59298],[-118.10998,36.59531],[-118.11257,36.59567],[-118.11545,36.59768],[-118.1219,36.59551],[-118.12703,36.59465],[-118.13366,36.59635],[-118.13724,36.59473],[-118.14263,36.59431],[-118.154,36.59605],[-118.16029,36.59914],[-118.17027,36.59777],[-118.17216,36.598],[-118.17402,36.59925],[-118.18013,36.59799],[-118.183,36.59874],[-118.1896,36.59686],[-118.19451,36.59882],[-118.1967,36.59813],[-118.19866,36.59596],[-118.20702,36.59518],[-118.21075,36.59418],[-118.21299,36.59273],[-118.2278,36.58961],[-118.23227,36.58792],[-118.23745,36.58742],[-118.24091,36.58602],[-118.24712,36.58124],[-118.24887,36.57881],[-118.25141,36.57738],[-118.25228,36.57537],[-118.25885,36.57202],[-118.25849,36.57],[-118.25989,36.56832],[-118.27813,36.56362],[-118.28023,36.56364],[-118.28221,36.56502],[-118.29245,36.56466],[-118.29247,36.56854],[-118.29166,36.5712],[-118.29029,36.57184],[-118.29012,36.57306],[-118.29098,36.57332],[-118.29079,36.5743],[-118.29249,36.57454],[-118.2918,36.5754],[-118.29427,36.57625],[-118.29236,36.57821],[-118.29371,36.5791],[-118.28799,36.58437],[-118.28938,36.58776],[-118.28911,36.59036],[-118.28592,36.59033],[-118.27803,36.59217],[-118.27503,36.59649],[-118.27503,36.59758],[-118.28188,36.60468],[-118.28877,36.60345],[-118.29117,36.60419],[-118.29761,36.60864],[-118.2987,36.61123],[-118.30074,36.61236],[-118.3031,36.61641],[-118.30253,36.61997],[-118.30865,36.62211],[-118.31066,36.62396],[-118.3107,36.62596],[-118.31599,36.62646],[-118.3216,36.62829],[-118.3207,36.63618],[-118.31948,36.63899],[-118.31799,36.64001],[-118.32307,36.64235],[-118.32384,36.6456],[-118.32559,36.64768],[-118.32854,36.64871],[-118.33375,36.65272],[-118.33686,36.65366],[-118.3375,36.65596],[-118.33571,36.65871],[-118.33648,36.66056],[-118.33615,36.66192],[-118.33104,36.66465],[-118.32893,36.66773],[-118.33087,36.66832],[-118.33337,36.6728],[-118.33519,36.67258],[-118.33761,36.6734],[-118.34695,36.67245],[-118.34756,36.67598],[-118.35221,36.68274],[-118.35466,36.68308],[-118.35783,36.68526],[-118.36358,36.6876],[-118.36662,36.69184],[-118.36381,36.6949],[-118.35912,36.69565],[-118.35743,36.69537],[-118.35677,36.69451],[-118.35318,36.69465],[-118.34841,36.69607],[-118.34639,36.69858],[-118.34334,36.70019],[-118.34118,36.70282],[-118.33853,36.7028],[-118.33393,36.70633],[-118.33497,36.70716],[-118.33469,36.70814],[-118.33544,36.70916],[-118.33589,36.71175],[-118.3353,36.7143],[-118.33735,36.72216],[-118.33868,36.7243],[-118.33872,36.72856],[-118.34214,36.72974],[-118.34415,36.73295],[-118.34768,36.73609],[-118.35096,36.74169],[-118.35632,36.74273],[-118.35869,36.74465],[-118.35964,36.74451],[-118.36184,36.74802],[-118.36775,36.74852],[-118.36943,36.75001],[-118.37009,36.75601],[-118.37254,36.75826],[-118.3723,36.76115],[-118.37457,36.76337],[-118.37252,36.76728],[-118.37478,36.76895],[-118.37626,36.77117],[-118.3766,36.77846],[-118.37862,36.7804],[-118.38032,36.78353],[-118.37678,36.78593],[-118.37718,36.78675],[-118.37566,36.79212],[-118.37478,36.79369],[-118.37271,36.7947],[-118.37391,36.79731],[-118.37398,36.80041],[-118.37594,36.80322],[-118.37811,36.80458],[-118.37775,36.80683],[-118.37853,36.80895],[-118.38346,36.81052],[-118.38336,36.81515],[-118.38752,36.81932],[-118.38978,36.82066],[-118.39155,36.82417],[-118.39032,36.8264],[-118.3932,36.83085],[-118.39251,36.83294],[-118.38957,36.83532],[-118.38606,36.83577],[-118.37537,36.8353],[-118.371,36.83657],[-118.36164,36.84458],[-118.36136,36.84577],[-118.36318,36.85105],[-118.36218,36.86148],[-118.3653,36.86212],[-118.36673,36.86493],[-118.36619,36.86899],[-118.36997,36.87017],[-118.37042,36.87143],[-118.36836,36.8751],[-118.36725,36.88087],[-118.36171,36.88458],[-118.36129,36.88799],[-118.3636,36.88881],[-118.36546,36.89049],[-118.36678,36.89538],[-118.36888,36.89733],[-118.36976,36.9008],[-118.36772,36.90213],[-118.36645,36.90478],[-118.3668,36.90685],[-118.37018,36.90776],[-118.37067,36.90969],[-118.37336,36.91289],[-118.37594,36.91852],[-118.37758,36.91821],[-118.37923,36.91989],[-118.37947,36.92255],[-118.38098,36.92412],[-118.3815,36.9276],[-118.38355,36.93184],[-118.38296,36.93567],[-118.38553,36.93952],[-118.38553,36.94134],[-118.38718,36.94318],[-118.38808,36.94572],[-118.391,36.94873],[-118.39254,36.95281],[-118.3949,36.9548],[-118.397,36.95818],[-118.40206,36.95726],[-118.40384,36.95723],[-118.40438,36.95786],[-118.40372,36.9649],[-118.40475,36.96616],[-118.40478,36.96856],[-118.40367,36.97167],[-118.40891,36.97457],[-118.40921,36.97553],[-118.40765,36.97875],[-118.40813,36.98102],[-118.41011,36.98354],[-118.41291,36.98447],[-118.41198,36.98612],[-118.41284,36.98733],[-118.4091,36.98916],[-118.40408,36.98825],[-118.39022,36.99124],[-118.38638,36.98996],[-118.37815,36.98883],[-118.3737,36.99083],[-118.37251,36.99283],[-118.36956,36.99299],[-118.36467,36.99494],[-118.36331,36.99715],[-118.35792,36.99944],[-118.35645,37.00091],[-118.33971,37.00514],[-118.33275,37.01075],[-118.33011,37.01127],[-118.32623,37.00889]]]},"properties":{"id":"2","code":"G3","name":"Goodale Buck Hunt","kind":"additional_hunt","group":"General","hunt_type":"BUCK","acreage":185158}},{"type":"Feature","geometry":{"type":"Polygon","coordinates":[[[-121.39477,39.17494],[-121.3947,39.15214],[-121.3766,39.1524],[-121.37662,39.14528],[-121.35803,39.1455],[-121.34042,39.14439],[-121.34012,39.13072],[-121.32155,39.13107],[-121.32215,39.09705],[-121.32109,39.09704],[-121.3211,39.09622],[-121.32216,39.09622],[-121.32231,39.08734],[-121.33808,39.08703],[-121.33437,39.08176],[-121.34983,39.08124],[-121.36486,39.07585],[-121.36778,39.08084],[-121.38542,39.07441],[-121.38603,39.07541],[-121.41408,39.07523],[-121.4141,39.0716],[-121.43353,39.07125],[-121.43334,39.09001],[-121.43425,39.09001],[-121.43451,39.10009],[-121.43838,39.10014],[-121.43844,39.12672],[-121.44344,39.12925],[-121.47751,39.12876],[-121.47734,39.14399],[-121.46798,39.14415],[-121.46846,39.15802],[-121.4579,39.16225],[-121.45224,39.16614],[-121.43699,39.17103],[-121.43359,39.17106],[-121.4333,39.17194],[-121.4196,39.17244],[-121.41119,39.17488],[-121.39477,39.17494]]]},"properties":{"id":"3","code":"G7","name":"Beale Either-Sex Deer Hunt","kind":"additional_hunt","group":"General","hunt_type":"EITHER-SEX","acreage":23871}},{"type":"Feature","geometry":{"type":"Polygon","coordinates":[[[-121.40256,36.10816],[-121.38807,36.1082],[-121.38788,36.10488],[-121.37459,36.10429],[-121.37457,36.10322],[-121.29976,36.09592],[-121.28189,36.09231],[-121.28196,36.09312],[-121.2768,36.0931],[-121.27689,36.09597],[-121.2544,36.09601],[-121.25453,36.09961],[-121.25039,36.09974],[-121.25051,36.10333],[-121.25458,36.10314],[-121.25462,36.11028],[-121.25049,36.11052],[-121.25069,36.11411],[-121.23824,36.11472],[-121.23797,36.10747],[-121.23379,36.10754],[-121.23357,36.1002],[-121.22929,36.10024],[-121.22909,36.08555],[-121.23335,36.08554],[-121.23331,36.08191],[-121.22904,36.08191],[-121.22801,36.07093],[-121.22379,36.07097],[-121.22313,36.06375],[-121.21428,36.06363],[-121.21386,36.0602],[-121.20518,36.05999],[-121.20461,36.0549],[-121.17896,36.04803],[-121.16742,36.00973],[-121.15326,36.00988],[-121.15325,36.00529],[-121.15473,36.0045],[-121.15544,36.00246],[-121.15325,36.0025],[-121.15328,35.98808],[-121.14886,35.9881],[-121.149,35.9808],[-121.14442,35.98079],[-121.14445,35.96628],[-121.13996,35.96628],[-121.14,35.95162],[-121.14735,35.95165],[-121.13555,35.94412],[-121.13107,35.94209],[-121.12372,35.93713],[-121.12416,35.93663],[-121.12266,35.9358],[-121.12232,35.93628],[-121.10888,35.92807],[-121.10886,35.92999],[-121.08222,35.92966],[-121.0822,35.92354],[-121.08388,35.92071],[-121.08401,35.91865],[-121.0778,35.91872],[-121.07777,35.91663],[-121.07327,35.9165],[-121.07328,35.915],[-121.0645,35.91507],[-121.06466,35.90792],[-121.04661,35.90818],[-121.04666,35.90513],[-121.03341,35.8995],[-121.03364,35.89026],[-121.0316,35.88965],[-121.03189,35.87789],[-121.03393,35.8785],[-121.03414,35.87013],[-121.0472,35.86881],[-121.06263,35.86875],[-121.06309,35.8716],[-121.06606,35.87788],[-121.06529,35.88288],[-121.06572,35.88507],[-121.06752,35.88654],[-121.07768,35.89049],[-121.07775,35.88982],[-121.07952,35.88984],[-121.08218,35.8906],[-121.08661,35.89066],[-121.08669,35.88323],[-121.09544,35.88327],[-121.09535,35.88682],[-121.10413,35.88661],[-121.10403,35.89377],[-121.11765,35.89364],[-121.11796,35.89932],[-121.12351,35.90094],[-121.12989,35.89352],[-121.12728,35.89354],[-121.12714,35.88996],[-121.12224,35.89006],[-121.12206,35.87946],[-121.12673,35.87941],[-121.12665,35.87589],[-121.12198,35.87594],[-121.12196,35.869],[-121.11736,35.86909],[-121.11735,35.86562],[-121.11302,35.86557],[-121.11351,35.85854],[-121.11796,35.85849],[-121.11857,35.85138],[-121.12293,35.85134],[-121.12307,35.84776],[-121.12743,35.84773],[-121.12757,35.84415],[-121.13634,35.84396],[-121.13658,35.84045],[-121.14109,35.84012],[-121.14111,35.83668],[-121.15845,35.83656],[-121.15859,35.83322],[-121.14971,35.83294],[-121.14973,35.82567],[-121.14554,35.82568],[-121.1455,35.81522],[-121.13691,35.81506],[-121.13662,35.80804],[-121.13226,35.80803],[-121.13241,35.80445],[-121.12806,35.80444],[-121.1282,35.80087],[-121.11914,35.80071],[-121.11909,35.79713],[-121.11514,35.79723],[-121.11516,35.79351],[-121.1851,35.7941],[-121.18709,35.79509],[-121.18939,35.79934],[-121.19143,35.8002],[-121.19238,35.80198],[-121.19378,35.8022],[-121.19389,35.80332],[-121.19948,35.80857],[-121.19947,35.81279],[-121.20857,35.81282],[-121.20875,35.80927],[-121.21272,35.80941],[-121.21389,35.81221],[-121.2174,35.81413],[-121.21697,35.82001],[-121.22131,35.82001],[-121.22188,35.8171],[-121.22421,35.81855],[-121.22405,35.81968],[-121.23557,35.82526],[-121.23551,35.82649],[-121.23896,35.82969],[-121.24031,35.8301],[-121.23951,35.83099],[-121.23931,35.8333],[-121.24332,35.83541],[-121.24521,35.83544],[-121.2478,35.8384],[-121.25152,35.84018],[-121.25182,35.84151],[-121.25563,35.84178],[-121.25671,35.84247],[-121.26095,35.84245],[-121.26428,35.8473],[-121.26666,35.8477],[-121.27407,35.84617],[-121.27576,35.84741],[-121.2804,35.84813],[-121.28106,35.84902],[-121.28723,35.84899],[-121.29388,35.84482],[-121.29765,35.84402],[-121.30129,35.84446],[-121.30752,35.84976],[-121.31463,35.85058],[-121.31705,35.85267],[-121.31882,35.85246],[-121.31976,35.85354],[-121.32122,35.85342],[-121.32546,35.85702],[-121.3279,35.85717],[-121.32883,35.85861],[-121.33383,35.86164],[-121.33696,35.86168],[-121.33941,35.8626],[-121.33903,35.86551],[-121.33961,35.86624],[-121.34139,35.8663],[-121.34373,35.86765],[-121.35155,35.86758],[-121.35661,35.86966],[-121.35809,35.87148],[-121.36034,35.87186],[-121.36317,35.87531],[-121.36499,35.8757],[-121.36686,35.87871],[-121.3691,35.87979],[-121.36975,35.88175],[-121.36931,35.88361],[-121.37181,35.89051],[-121.37131,35.89204],[-121.36936,35.89384],[-121.36939,35.89488],[-121.36735,35.89573],[-121.36756,35.89695],[-121.3657,35.89841],[-121.36553,35.90192],[-121.36408,35.90662],[-121.36518,35.90858],[-121.36399,35.9101],[-121.36337,35.91261],[-121.36743,35.91633],[-121.36752,35.91825],[-121.36895,35.91905],[-121.36939,35.92056],[-121.37379,35.92165],[-121.37818,35.92527],[-121.37987,35.92556],[-121.37987,35.92654],[-121.38216,35.92919],[-121.38455,35.92928],[-121.38528,35.92993],[-121.3863,35.93147],[-121.38604,35.93431],[-121.38758,35.93654],[-121.38671,35.93903],[-121.38737,35.93901],[-121.38772,35.93998],[-121.39091,35.94062],[-121.39134,35.94156],[-121.39279,35.9421],[-121.39268,35.94361],[-121.39338,35.94406],[-121.39288,35.94533],[-121.39548,35.94607],[-121.39704,35.94767],[-121.39899,35.94775],[-121.40567,35.94548],[-121.40733,35.94624],[-121.40845,35.94836],[-121.41379,35.94951],[-121.41718,35.94918],[-121.42015,35.95057],[-121.42092,35.94984],[-121.42293,35.95378],[-121.42238,35.95506],[-121.42518,35.95588],[-121.4265,35.95881],[-121.42582,35.96232],[-121.42449,35.96144],[-121.42114,35.96174],[-121.41824,35.96093],[-121.41501,35.96099],[-121.4114,35.96521],[-121.40775,35.96503],[-121.40756,35.96588],[-121.40468,35.96655],[-121.40466,35.9676],[-121.37355,35.96775],[-121.3735,35.97139],[-121.36907,35.9714],[-121.36904,35.97584],[-121.36791,35.97655],[-121.36313,35.97818],[-121.36107,35.97755],[-121.35819,35.97779],[-121.35509,35.97608],[-121.35235,35.97594],[-121.35174,35.97747],[-121.3522,35.97906],[-121.35125,35.9792],[-121.35123,35.98215],[-121.34616,35.98214],[-121.35178,35.98834],[-121.36365,35.99238],[-121.36501,35.99537],[-121.36625,35.99636],[-121.38057,35.99911],[-121.38124,36.00066],[-121.38545,36.00421],[-121.39106,36.00595],[-121.39262,36.00739],[-121.39548,36.00683],[-121.3993,36.00949],[-121.40368,36.0104],[-121.40876,36.01352],[-121.41065,36.01589],[-121.4134,36.01563],[-121.41847,36.01792],[-121.42014,36.01727],[-121.421,36.01555],[-121.42229,36.01604],[-121.42217,36.0183],[-121.4243,36.01832],[-121.42416,36.02546],[-121.42197,36.02545],[-121.42176,36.04004],[-121.41856,36.04004],[-121.41844,36.04183],[-121.4169,36.04334],[-121.41701,36.04599],[-121.41375,36.04821],[-121.41264,36.05012],[-121.40684,36.04874],[-121.40563,36.05089],[-121.40397,36.0516],[-121.40397,36.05441],[-121.39948,36.05441],[-121.39961,36.058],[-121.38615,36.05798],[-121.38663,36.07463],[-121.38718,36.07566],[-121.39121,36.07771],[-121.39233,36.07694],[-121.39678,36.07778],[-121.39798,36.08085],[-121.39654,36.08846],[-121.39699,36.08988],[-121.39946,36.09208],[-121.40341,36.09343],[-121.40457,36.0946],[-121.40858,36.09535],[-121.4144,36.09762],[-121.4137,36.09901],[-121.41468,36.10137],[-121.41415,36.10232],[-121.41219,36.10308],[-121.41214,36.10442],[-121.40969,36.10619],[-121.41029,36.10813],[-121.40256,36.10816]]]},"properties":{"id":"4","code":"G8","name":"Fort Hunter Liggett Antlerless Deer Hunt","kind":"additional_hunt","group":"General","hunt_type":"ANTLERLESS","acreage":161955}},{"type":"Feature","geometry":{"type":"Polygon","coordinates":[[[-120.8369,35.79185],[-120.73085,35.79106],[-120.72414,35.78215],[-120.71151,35.77524],[-120.71152,35.77289],[-120.72925,35.773],[-120.73002,35.71837],[-120.75678,35.71848],[-120.76574,35.71131],[-120.76569,35.70417],[-120.75672,35.70405],[-120.75721,35.69232],[-120.76541,35.6885],[-120.78247,35.68823],[-120.78851,35.69014],[-120.79154,35.68963],[-120.79522,35.69085],[-120.79757,35.6897],[-120.80077,35.69079],[-120.80185,35.69425],[-120.8102,35.70051],[-120.81042,35.71195],[-120.81463,35.71204],[-120.81461,35.71936],[-120.83727,35.71966],[-120.83698,35.74061],[-120.83821,35.73938],[-120.84026,35.73879],[-120.84372,35.74275],[-120.84649,35.74407],[-120.85254,35.74356],[-120.85583,35.74168],[-120.85951,35.74296],[-120.85892,35.7737],[-120.85013,35.77322],[-120.85024,35.77724],[-120.83689,35.77725],[-120.8369,35.79185]]]},"properties":{"id":"5","code":"G9","name":"Camp Roberts Antlerless Deer Hunt","kind":"additional_hunt","group":"General","hunt_type":"ANTLERLESS","acreage":25076}},{"type":"Feature","geometry":{"type":"Polygon","coordinates":[[[-120.63447,34.90264],[-120.62569,34.90171],[-120.6212,34.90265],[-120.61583,34.89909],[-120.60815,34.89829],[-120.60677,34.89619],[-120.6001,34.89433],[-120.59551,34.89212],[-120.56114,34.84801],[-120.55007,34.82896],[-120.55429,34.82407],[-120.54537,34.82894],[-120.54253,34.83124],[-120.53765,34.83284],[-120.53465,34.83482],[-120.53285,34.83559],[-120.53181,34.83459],[-120.52985,34.83532],[-120.52955,34.83636],[-120.52452,34.83748],[-120.52464,34.83121],[-120.47224,34.83068],[-120.47245,34.81159],[-120.44846,34.8114],[-120.44412,34.80267],[-120.43977,34.77446],[-120.45528,34.77209],[-120.45557,34.74468],[-120.47675,34.75619],[-120.47703,34.74369],[-120.48036,34.7383],[-120.47935,34.73638],[-120.48019,34.73463],[-120.48086,34.73478],[-120.48187,34.72966],[-120.48364,34.72688],[-120.47822,34.72469],[-120.48946,34.70586],[-120.49183,34.70682],[-120.50204,34.69054],[-120.50376,34.68904],[-120.50374,34.69178],[-120.51886,34.69193],[-120.51893,34.67953],[-120.51972,34.68017],[-120.52772,34.67979],[-120.52839,34.68025],[-120.53233,34.67925],[-120.54458,34.6801],[-120.55011,34.67694],[-120.55414,34.67676],[-120.55434,34.66587],[-120.54875,34.66211],[-120.55023,34.6606],[-120.54917,34.65982],[-120.54571,34.65382],[-120.54104,34.65169],[-120.55133,34.64128],[-120.53015,34.634],[-120.53261,34.63091],[-120.53232,34.62936],[-120.53127,34.6278],[-120.52819,34.62588],[-120.52684,34.62595],[-120.52556,34.62737],[-120.52288,34.6273],[-120.52139,34.6284],[-120.52072,34.60938],[-120.52402,34.60858],[-120.52334,34.60337],[-120.52113,34.6007],[-120.53081,34.5932],[-120.54504,34.58785],[-120.5531,34.58034],[-120.55151,34.5782],[-120.54919,34.5798],[-120.54196,34.57629],[-120.53982,34.57373],[-120.53625,34.57387],[-120.53306,34.57095],[-120.53162,34.5723],[-120.51606,34.57196],[-120.50505,34.56891],[-120.50257,34.56604],[-120.49921,34.5672],[-120.49833,34.56664],[-120.49974,34.56492],[-120.49754,34.56321],[-120.49573,34.56311],[-120.49307,34.56471],[-120.48804,34.56446],[-120.4916,34.51558],[-120.49005,34.51535],[-120.48993,34.51474],[-120.49171,34.51423],[-120.49227,34.51079],[-120.49507,34.51086],[-120.49504,34.51209],[-120.49818,34.51303],[-120.49938,34.51217],[-120.50339,34.51207],[-120.51183,34.52362],[-120.51963,34.5278],[-120.52399,34.53137],[-120.53016,34.5337],[-120.5416,34.53968],[-120.54674,34.54082],[-120.55323,34.54118],[-120.55958,34.54479],[-120.56732,34.55071],[-120.57175,34.55221],[-120.58117,34.55717],[-120.58512,34.55716],[-120.58631,34.55652],[-120.59364,34.55751],[-120.5994,34.55681],[-120.60479,34.5572],[-120.60944,34.55626],[-120.60988,34.55486],[-120.60859,34.55415],[-120.61089,34.55456],[-120.61221,34.5536],[-120.61382,34.55441],[-120.61796,34.55337],[-120.6234,34.55397],[-120.62471,34.55592],[-120.62734,34.55779],[-120.62819,34.55771],[-120.62973,34.55958],[-120.63102,34.55969],[-120.63062,34.56006],[-120.63264,34.56162],[-120.6351,34.56164],[-120.63633,34.56045],[-120.63597,34.56251],[-120.63741,34.56329],[-120.63817,34.56279],[-120.6384,34.56352],[-120.63903,34.56283],[-120.6401,34.56386],[-120.63878,34.56376],[-120.63736,34.56471],[-120.63747,34.56595],[-120.63923,34.5675],[-120.63802,34.57005],[-120.63942,34.57093],[-120.63833,34.57115],[-120.63805,34.57194],[-120.64162,34.57265],[-120.64146,34.57334],[-120.6424,34.57306],[-120.64157,34.5735],[-120.64328,34.57499],[-120.64219,34.57539],[-120.64041,34.57935],[-120.64572,34.58119],[-120.64478,34.58559],[-120.64529,34.58614],[-120.64455,34.58616],[-120.64584,34.5877],[-120.6426,34.58889],[-120.64004,34.59543],[-120.64003,34.59904],[-120.64227,34.60079],[-120.64113,34.60147],[-120.64266,34.60416],[-120.64023,34.60454],[-120.63876,34.60724],[-120.63735,34.60802],[-120.6361,34.61229],[-120.63656,34.61298],[-120.63367,34.61721],[-120.63159,34.62409],[-120.62853,34.62789],[-120.62598,34.63324],[-120.6233,34.64087],[-120.61549,34.65771],[-120.60572,34.68541],[-120.6039,34.69286],[-120.60303,34.69381],[-120.60131,34.70472],[-120.60203,34.71035],[-120.60727,34.71421],[-120.60751,34.71707],[-120.60889,34.719],[-120.60862,34.72041],[-120.60976,34.72221],[-120.612,34.72299],[-120.61259,34.72694],[-120.61533,34.73056],[-120.61489,34.7311],[-120.61586,34.73262],[-120.62128,34.73653],[-120.62588,34.73797],[-120.62723,34.74141],[-120.62952,34.74431],[-120.63035,34.74441],[-120.6291,34.74589],[-120.6297,34.74829],[-120.6288,34.74867],[-120.63087,34.75075],[-120.63147,34.75324],[-120.63731,34.75596],[-120.63379,34.76815],[-120.62914,34.77743],[-120.62178,34.79651],[-120.61097,34.83872],[-120.61012,34.84814],[-120.61078,34.85827],[-120.61195,34.86157],[-120.61614,34.86523],[-120.61646,34.86698],[-120.62102,34.86918],[-120.62578,34.87364],[-120.62894,34.87384],[-120.63238,34.87636],[-120.63359,34.87635],[-120.63459,34.8777],[-120.63728,34.87902],[-120.6374,34.87984],[-120.63933,34.88034],[-120.63918,34.88743],[-120.6401,34.89205],[-120.63925,34.89369],[-120.64215,34.89777],[-120.64204,34.90059],[-120.64528,34.90008],[-120.64527,34.90698],[-120.63951,34.90521],[-120.63447,34.90264]]]},"properties":{"id":"6","code":"G11","name":"Vandenberg Either-Sex Deer Hunt","kind":"additional_hunt","group":"General","hunt_type":"EITHER-SEX","acreage":99414}},{"type":"Feature","geometry":{"type":"Polygon","coordinates":[[[-121.83612,39.3475],[-121.78144,39.34786],[-121.7812,39.33319],[-121.76244,39.33328],[-121.76229,39.29679],[-121.77633,39.29669],[-121.77631,39.2985],[-121.78108,39.29843],[-121.7811,39.29663],[-121.78564,39.29661],[-121.78561,39.30019],[-121.79038,39.30017],[-121.79049,39.30403],[-121.79803,39.304],[-121.79833,39.30739],[-121.80771,39.30734],[-121.80774,39.31467],[-121.81697,39.3146],[-121.81689,39.30722],[-121.82155,39.30719],[-121.82158,39.30393],[-121.82623,39.30392],[-121.82624,39.3054],[-121.85453,39.30537],[-121.85454,39.31071],[-121.84945,39.3107],[-121.84949,39.31435],[-121.86401,39.31437],[-121.86396,39.3183],[-121.87319,39.31848],[-121.87317,39.33247],[-121.85439,39.33269],[-121.85436,39.34029],[-121.836,39.34033],[-121.83612,39.3475]]]},"properties":{"id":"7","code":"G12","name":"Gray Lodge Shotgun Either-Sex Deer Hunt","kind":"additional_hunt","group":"General","hunt_type":"EITHER-SEX","acreage":9224}},{"type":"Feature","geometry":{"type":"Polygon","coordinates":[[[-121.83604,39.34927],[-121.83608,39.34759],[-121.84429,39.34752],[-121.83604,39.34927]]]},"properties":{"id":"7","code":"G12","name":"Gray Lodge Shotgun Either-Sex Deer Hunt","kind":"additional_hunt","group":"General","hunt_type":"EITHER-SEX","acreage":9224}},{"type":"Feature","geometry":{"type":"Polygon","coordinates":[[[-117.2424,32.66512],[-117.24473,32.66657],[-117.24476,32.66884],[-117.24551,32.66953],[-117.24528,32.6742],[-117.24662,32.67501],[-117.24677,32.67722],[-117.24809,32.67902],[-117.24833,32.68241],[-117.24993,32.68359],[-117.25014,32.6889],[-117.25305,32.69217],[-117.25277,32.69379],[-117.25399,32.69509],[-117.25394,32.6972],[-117.25554,32.69925],[-117.25507,32.69986],[-117.25537,32.70898],[-117.25643,32.71467],[-117.25557,32.71605],[-117.2573,32.71959],[-117.25697,32.72292],[-117.25796,32.725],[-117.25574,32.7276],[-117.25626,32.72978],[-117.25726,32.73054],[-117.25667,32.73043],[-117.25698,32.73137],[-117.2563,32.73251],[-117.25729,32.73312],[-117.25586,32.73476],[-117.25612,32.73572],[-117.25512,32.73761],[-117.25535,32.74343],[-117.25487,32.74393],[-117.25544,32.74384],[-117.25551,32.74526],[-117.25322,32.74795],[-117.25262,32.75367],[-117.25026,32.75493],[-117.21227,32.75925],[-117.21246,32.76049],[-117.21362,32.76053],[-117.24303,32.7576],[-117.24156,32.76174],[-117.24045,32.75982],[-117.23407,32.76028],[-117.23429,32.76176],[-117.23825,32.76451],[-117.24207,32.76414],[-117.24194,32.76529],[-117.24034,32.76708],[-117.23738,32.76786],[-117.23519,32.76628],[-117.23443,32.76754],[-117.2353,32.76845],[-117.234,32.76951],[-117.2328,32.76921],[-117.23134,32.76646],[-117.22881,32.7666],[-117.22789,32.76763],[-117.21577,32.76505],[-117.21151,32.76594],[-117.20972,32.76745],[-117.20937,32.76926],[-117.20799,32.76997],[-117.2091,32.77077],[-117.21187,32.77868],[-117.21214,32.78145],[-117.21024,32.78668],[-117.21065,32.7902],[-117.20935,32.79288],[-117.20951,32.79538],[-117.21119,32.79699],[-117.21553,32.7965],[-117.21619,32.79522],[-117.21529,32.79458],[-117.21231,32.79483],[-117.21127,32.79431],[-117.21301,32.793],[-117.21686,32.79226],[-117.21928,32.79361],[-117.2199,32.79599],[-117.2266,32.79446],[-117.2298,32.7954],[-117.2298,32.79416],[-117.23119,32.79219],[-117.23037,32.79059],[-117.23259,32.78238],[-117.23395,32.7803],[-117.23636,32.7795],[-117.23766,32.77979],[-117.23907,32.78142],[-117.24053,32.78726],[-117.24206,32.79006],[-117.24421,32.79122],[-117.24988,32.7909],[-117.25186,32.78898],[-117.25211,32.78719],[-117.25086,32.78334],[-117.24992,32.7849],[-117.24854,32.78536],[-117.248,32.78449],[-117.25099,32.77925],[-117.249,32.7789],[-117.25108,32.77722],[-117.24894,32.77248],[-117.24745,32.77239],[-117.2466,32.77312],[-117.2471,32.77516],[-117.24623,32.77585],[-117.24501,32.77484],[-117.2446,32.77319],[-117.24539,32.77118],[-117.24422,32.77046],[-117.24311,32.77079],[-117.24254,32.76973],[-117.24511,32.76584],[-117.24543,32.76408],[-117.24652,32.76444],[-117.24576,32.76817],[-117.24728,32.76966],[-117.24864,32.76985],[-117.24964,32.76373],[-117.24783,32.76074],[-117.24611,32.76196],[-117.24519,32.76038],[-117.25352,32.75874],[-117.25298,32.76744],[-117.25364,32.78021],[-117.25576,32.79175],[-117.25799,32.79851],[-117.25969,32.80197],[-117.26372,32.80702],[-117.2652,32.80797],[-117.26703,32.80767],[-117.26815,32.80825],[-117.27004,32.81151],[-117.27344,32.8149],[-117.27296,32.81677],[-117.27387,32.81819],[-117.27468,32.81875],[-117.2756,32.81823],[-117.28001,32.82112],[-117.2806,32.82214],[-117.27979,32.82684],[-117.2819,32.83229],[-117.2813,32.83465],[-117.28174,32.84052],[-117.2809,32.84283],[-117.27905,32.84416],[-117.27859,32.8475],[-117.27716,32.84765],[-117.27332,32.85112],[-117.27266,32.85024],[-117.2699,32.84994],[-117.26727,32.84849],[-117.2648,32.84858],[-117.26012,32.85277],[-117.25784,32.85584],[-117.25525,32.86106],[-117.25292,32.87071],[-117.25139,32.87325],[-117.25104,32.87643],[-117.2532,32.88567],[-117.2534,32.89596],[-117.25507,32.90541],[-117.2577,32.91292],[-117.25866,32.91396],[-117.2594,32.92598],[-117.26076,32.93391],[-117.26278,32.9424],[-117.26708,32.95364],[-117.2684,32.95915],[-117.27019,32.97473],[-117.27329,32.98224],[-117.27401,32.98904],[-117.2763,32.9979],[-117.27816,32.9999],[-117.27845,33.00578],[-117.27963,33.01111],[-117.29116,33.03314],[-117.29572,33.03697],[-117.29798,33.04685],[-117.3103,33.07648],[-117.31304,33.08609],[-117.31278,33.08783],[-117.31381,33.0883],[-117.32612,33.11691],[-117.32967,33.12348],[-117.33588,33.12993],[-117.34176,33.14196],[-117.36075,33.16702],[-117.38406,33.19357],[-117.36406,33.20438],[-117.36035,33.20827],[-117.35722,33.20901],[-117.35427,33.20848],[-117.35182,33.209],[-117.34994,33.21224],[-117.33287,33.22414],[-117.33091,33.22616],[-117.31787,33.23071],[-117.31411,33.23017],[-117.29982,33.23798],[-117.29275,33.24325],[-117.2864,33.24389],[-117.27816,33.24749],[-117.27571,33.24762],[-117.25639,33.25462],[-117.25238,33.25492],[-117.24466,33.25318],[-117.24095,33.25509],[-117.23642,33.25917],[-117.23613,33.26195],[-117.23691,33.26336],[-117.23533,33.27582],[-117.22857,33.2795],[-117.22522,33.28269],[-117.22468,33.28688],[-117.22542,33.29121],[-117.22024,33.29607],[-117.21927,33.29847],[-117.21556,33.30299],[-117.2106,33.30657],[-117.19816,33.3132],[-117.19674,33.31487],[-117.19513,33.3154],[-117.18779,33.31465],[-117.17729,33.31598],[-117.17472,33.31777],[-117.17121,33.32221],[-117.16698,33.32339],[-117.1601,33.33099],[-117.15973,33.35713],[-117.16033,33.35929],[-117.16364,33.3646],[-117.17418,33.37844],[-117.17533,33.38464],[-117.16906,33.40174],[-117.16147,33.4101],[-117.14872,33.42726],[-117.1439,33.43255],[-117.10438,33.43032],[-117.03088,33.43004],[-117.03092,33.42694],[-116.61765,33.42728],[-116.61798,33.37409],[-116.60549,33.37425],[-116.6057,33.37071],[-116.61802,33.37056],[-116.61804,33.36695],[-116.61428,33.36734],[-116.61386,33.36336],[-116.57344,33.36304],[-116.57261,33.37658],[-116.56686,33.37658],[-116.56638,33.37767],[-116.56511,33.37658],[-116.55826,33.37659],[-116.55915,33.34956],[-116.55868,33.34152],[-116.50143,33.34123],[-116.50103,33.25255],[-116.49978,33.24295],[-116.49133,33.2429],[-116.4915,33.22866],[-116.49573,33.22854],[-116.49545,33.22487],[-116.49123,33.22485],[-116.49112,33.22165],[-116.49559,33.22166],[-116.49535,33.21053],[-116.50384,33.21046],[-116.50405,33.20308],[-116.49973,33.20311],[-116.49988,33.19574],[-116.50826,33.19561],[-116.50869,33.19217],[-116.51292,33.19242],[-116.51248,33.18502],[-116.50823,33.18489],[-116.50824,33.18084],[-116.49531,33.18118],[-116.49499,33.17782],[-116.51218,33.17816],[-116.51265,33.1812],[-116.51718,33.1816],[-116.51655,33.17081],[-116.51427,33.15354],[-116.51395,33.13811],[-116.51222,33.12661],[-116.5041,33.1194],[-116.50328,33.11035],[-116.49564,33.10663],[-116.49527,33.09404],[-116.48494,33.09411],[-116.46702,33.09993],[-116.45944,33.10008],[-116.45099,33.10575],[-116.44914,33.11001],[-116.43459,33.11969],[-116.43453,33.12086],[-116.43573,33.12223],[-116.4359,33.12588],[-116.43405,33.12872],[-116.42686,33.12838],[-116.41085,33.13122],[-116.40508,33.13113],[-116.40246,33.13203],[-116.39587,33.13228],[-116.38879,33.13487],[-116.38277,33.13476],[-116.37463,33.13693],[-116.36447,33.13396],[-116.35334,33.13553],[-116.33215,33.13278],[-116.31377,33.1333],[-116.31091,33.13201],[-116.30144,33.13098],[-116.30024,33.13173],[-116.29939,33.13512],[-116.29318,33.13858],[-116.27493,33.14337],[-116.27191,33.14268],[-116.26913,33.14302],[-116.2591,33.14971],[-116.24964,33.15497],[-116.24621,33.1566],[-116.23831,33.15863],[-116.22358,33.1593],[-116.20094,33.15652],[-116.17798,33.152],[-116.14905,33.14887],[-116.12991,33.14324],[-116.11937,33.14223],[-116.10464,33.13964],[-116.08108,33.13207],[-116.0811,33.0747],[-116.10328,33.07464],[-116.10301,32.97607],[-116.10374,32.88898],[-116.10244,32.85794],[-116.10355,32.82897],[-116.10303,32.7264],[-116.10556,32.72636],[-116.10629,32.61841],[-116.55783,32.58214],[-117.12392,32.53429],[-117.12506,32.54506],[-117.12731,32.5529],[-117.13076,32.55839],[-117.13297,32.56664],[-117.13264,32.59363],[-117.13411,32.6071],[-117.13604,32.61579],[-117.14233,32.63332],[-117.14901,32.64587],[-117.15607,32.65715],[-117.16121,32.66413],[-117.16803,32.67084],[-117.17799,32.67847],[-117.17982,32.67858],[-117.18005,32.67958],[-117.1872,32.68389],[-117.19808,32.68723],[-117.20975,32.68736],[-117.21696,32.68637],[-117.22323,32.68353],[-117.22642,32.68734],[-117.2277,32.6935],[-117.2271,32.69769],[-117.22523,32.70239],[-117.21732,32.70993],[-117.21402,32.71181],[-117.20301,32.7144],[-117.19496,32.71452],[-117.19131,32.71333],[-117.18981,32.71248],[-117.19038,32.70661],[-117.18095,32.70361],[-117.18053,32.70267],[-117.17849,32.70164],[-117.16659,32.69763],[-117.16418,32.69344],[-117.1644,32.68835],[-117.16361,32.68741],[-117.16388,32.68462],[-117.16534,32.68289],[-117.16589,32.68031],[-117.16776,32.67859],[-117.17018,32.67963],[-117.17218,32.68203],[-117.17369,32.68223],[-117.17502,32.68008],[-117.16711,32.67469],[-117.16391,32.6752],[-117.15779,32.6803],[-117.15405,32.67742],[-117.16012,32.67185],[-117.16061,32.66827],[-117.15281,32.65645],[-117.15192,32.65574],[-117.14973,32.65665],[-117.14778,32.65471],[-117.15038,32.65313],[-117.14975,32.65139],[-117.14661,32.65141],[-117.14457,32.65012],[-117.13836,32.63798],[-117.1411,32.637],[-117.14069,32.63569],[-117.13947,32.63521],[-117.13772,32.63124],[-117.13316,32.63282],[-117.13151,32.63161],[-117.13641,32.6301],[-117.13539,32.62783],[-117.13301,32.62784],[-117.13409,32.62643],[-117.1336,32.62521],[-117.1316,32.625],[-117.13079,32.62184],[-117.13258,32.62121],[-117.13296,32.61921],[-117.13044,32.62078],[-117.12892,32.62037],[-117.12824,32.61923],[-117.13253,32.61458],[-117.13272,32.61064],[-117.13042,32.60793],[-117.12262,32.60398],[-117.12206,32.60232],[-117.11667,32.60253],[-117.1157,32.59957],[-117.10915,32.60317],[-117.1044,32.60681],[-117.10117,32.61234],[-117.0974,32.61305],[-117.09843,32.61477],[-117.09765,32.61674],[-117.09787,32.61979],[-117.10231,32.61876],[-117.10261,32.6204],[-117.10015,32.62069],[-117.09995,32.62199],[-117.10155,32.62605],[-117.10559,32.62515],[-117.10846,32.62983],[-117.10437,32.63122],[-117.10878,32.63615],[-117.11391,32.63803],[-117.11504,32.64029],[-117.11404,32.64247],[-117.11521,32.64274],[-117.11605,32.64636],[-117.11061,32.64779],[-117.1095,32.649],[-117.11881,32.64781],[-117.12172,32.65633],[-117.11803,32.65683],[-117.11885,32.66368],[-117.12354,32.66378],[-117.11954,32.66537],[-117.12253,32.66562],[-117.11945,32.66648],[-117.11961,32.66799],[-117.12164,32.6694],[-117.1188,32.67223],[-117.1247,32.67904],[-117.12594,32.67907],[-117.12652,32.68121],[-117.1285,32.68401],[-117.1305,32.68387],[-117.13386,32.68788],[-117.13624,32.68745],[-117.13744,32.68935],[-117.1397,32.69029],[-117.14223,32.68995],[-117.14351,32.69034],[-117.14336,32.69143],[-117.14589,32.6911],[-117.14513,32.6924],[-117.14627,32.69311],[-117.14724,32.69263],[-117.14903,32.69454],[-117.15199,32.6944],[-117.15087,32.69584],[-117.15218,32.69687],[-117.1548,32.69628],[-117.16065,32.70045],[-117.16,32.70212],[-117.16106,32.70262],[-117.16033,32.70347],[-117.167,32.70822],[-117.17155,32.70792],[-117.17347,32.71218],[-117.1757,32.71221],[-117.17431,32.71333],[-117.17594,32.71379],[-117.17659,32.71539],[-117.17361,32.71621],[-117.17656,32.71658],[-117.17669,32.71766],[-117.17352,32.71798],[-117.17363,32.72421],[-117.17583,32.72673],[-117.17878,32.72705],[-117.18073,32.72554],[-117.18475,32.72682],[-117.18459,32.72781],[-117.18599,32.72824],[-117.18757,32.72712],[-117.1954,32.72701],[-117.19482,32.72588],[-117.19196,32.72459],[-117.20683,32.72446],[-117.20996,32.72474],[-117.20676,32.7257],[-117.19922,32.7259],[-117.19857,32.72772],[-117.19993,32.72847],[-117.21305,32.72803],[-117.21338,32.72966],[-117.21576,32.72668],[-117.21708,32.72221],[-117.21847,32.72171],[-117.22356,32.72437],[-117.22638,32.72457],[-117.22741,32.72386],[-117.22768,32.72111],[-117.22563,32.71991],[-117.22879,32.71837],[-117.2312,32.71868],[-117.23432,32.71738],[-117.23597,32.71476],[-117.23445,32.71454],[-117.23697,32.71073],[-117.23635,32.70349],[-117.23924,32.69897],[-117.23981,32.69505],[-117.23926,32.68917],[-117.23731,32.68671],[-117.23496,32.68519],[-117.23841,32.68113],[-117.23628,32.67176],[-117.23808,32.66683],[-117.2424,32.66512]]]},"properties":{"id":"8","code":"G13","name":"San Diego Antlerless Deer Hunt","kind":"additional_hunt","group":"General","hunt_type":"ANTLERLESS","acreage":2168095}},{"type":"Feature","geometry":{"type":"Polygon","coordinates":[[[-121.84027,39.14263],[-121.83859,39.1423],[-121.831,39.13628],[-121.82954,39.13621],[-121.81735,39.12856],[-121.78742,39.11347],[-121.78734,39.11207],[-121.78445,39.11176],[-121.78065,39.11008],[-121.78,39.10882],[-121.7775,39.10813],[-121.77972,39.10792],[-121.77374,39.10287],[-121.76824,39.09526],[-121.74131,39.02921],[-121.74117,39.02821],[-121.7421,39.02728],[-121.74585,39.02707],[-121.74583,39.02563],[-121.74219,39.02447],[-121.73994,39.02165],[-121.7383,39.01812],[-121.73395,39.00262],[-121.73042,38.99489],[-121.72933,38.996],[-121.72701,38.9918],[-121.72267,38.98868],[-121.72442,38.98738],[-121.72057,38.98467],[-121.72285,38.98725],[-121.722,38.98811],[-121.71833,38.98435],[-121.67858,38.95951],[-121.6758,38.9568],[-121.67684,38.95366],[-121.68282,38.95877],[-121.71991,38.98212],[-121.7263,38.98732],[-121.73342,38.99673],[-121.73894,39.01635],[-121.74051,39.02021],[-121.74415,39.02436],[-121.74704,39.02521],[-121.81206,39.02546],[-121.82088,39.02322],[-121.82173,39.02707],[-121.81656,39.02829],[-121.74481,39.02826],[-121.74316,39.02879],[-121.74276,39.0302],[-121.7699,39.09392],[-121.76941,39.09414],[-121.77297,39.10008],[-121.77672,39.10403],[-121.78201,39.10765],[-121.83575,39.13787],[-121.83695,39.13959],[-121.84239,39.14284],[-121.84027,39.14263]]]},"properties":{"id":"9","code":"G19","name":"Sutter-Yuba Wildlife Areas Either-Sex Deer Hunt","kind":"additional_hunt","group":"General","hunt_type":"EITHER-SEX","acreage":6887}},{"type":"Feature","geometry":{"type":"Polygon","coordinates":[[[-121.78711,39.12489],[-121.76963,39.11489],[-121.76371,39.12076],[-121.76161,39.12059],[-121.76835,39.1134],[-121.76728,39.1134],[-121.76006,39.10601],[-121.75383,39.09536],[-121.72607,39.02933],[-121.72588,39.02611],[-121.72501,39.02599],[-121.72485,39.02518],[-121.72621,39.02517],[-121.72001,39.00317],[-121.7182,38.99988],[-121.71393,38.99443],[-121.70869,38.99042],[-121.67094,38.96659],[-121.62511,38.92347],[-121.6177,38.8982],[-121.61778,38.89667],[-121.62098,38.89577],[-121.62006,38.89709],[-121.61878,38.89728],[-121.6191,38.89838],[-121.6205,38.8981],[-121.6261,38.92016],[-121.6285,38.92384],[-121.67384,38.9653],[-121.67338,38.96598],[-121.71029,38.98973],[-121.71899,38.99661],[-121.7203,38.99916],[-121.71985,39.00023],[-121.72113,39.00288],[-121.72989,39.03485],[-121.75363,39.09146],[-121.75415,39.09146],[-121.75729,39.09967],[-121.76028,39.10425],[-121.76378,39.10838],[-121.77092,39.1144],[-121.796,39.12779],[-121.79608,39.12854],[-121.79907,39.1285],[-121.80281,39.13104],[-121.80251,39.13145],[-121.82,39.141],[-121.8195,39.14146],[-121.82954,39.14716],[-121.82787,39.1476],[-121.78711,39.12489]]]},"properties":{"id":"9","code":"G19","name":"Sutter-Yuba Wildlife Areas Either-Sex Deer Hunt","kind":"additional_hunt","group":"General","hunt_type":"EITHER-SEX","acreage":6887}},{"type":"Feature","geometry":{"type":"Polygon","coordinates":[[[-121.58093,38.98783],[-121.58047,38.98601],[-121.58353,38.98602],[-121.58343,38.9823],[-121.58055,38.98227],[-121.57864,38.97094],[-121.57521,38.95671],[-121.57271,38.94942],[-121.57242,38.94374],[-121.56931,38.94627],[-121.56914,38.94408],[-121.5675,38.94464],[-121.57174,38.94271],[-121.57225,38.93957],[-121.58136,38.93977],[-121.579,38.94289],[-121.57845,38.94518],[-121.57914,38.94842],[-121.58176,38.95252],[-121.58176,38.95321],[-121.57865,38.9533],[-121.57942,38.95329],[-121.57938,38.9628],[-121.57991,38.96504],[-121.58569,38.97002],[-121.58725,38.97275],[-121.58666,38.98108],[-121.58933,38.98942],[-121.58827,38.99359],[-121.58327,38.99948],[-121.57989,39.00438],[-121.57906,39.00677],[-121.57825,39.00684],[-121.58059,38.99902],[-121.57997,38.99483],[-121.58119,38.98959],[-121.58093,38.98783]]]},"properties":{"id":"9","code":"G19","name":"Sutter-Yuba Wildlife Areas Either-Sex Deer Hunt","kind":"additional_hunt","group":"General","hunt_type":"EITHER-SEX","acreage":6887}},{"type":"Feature","geometry":{"type":"Polygon","coordinates":[[[-121.67521,38.95532],[-121.64868,38.93021],[-121.64248,38.92308],[-121.63965,38.91758],[-121.63755,38.90999],[-121.63825,38.90941],[-121.63755,38.90983],[-121.63749,38.90546],[-121.63577,38.89957],[-121.63488,38.89198],[-121.63569,38.89425],[-121.63444,38.88714],[-121.6345,38.88368],[-121.63567,38.87941],[-121.64699,38.8638],[-121.66187,38.82571],[-121.66185,38.81901],[-121.65541,38.8028],[-121.65285,38.79377],[-121.65264,38.78914],[-121.65355,38.78461],[-121.65694,38.77752],[-121.66446,38.76858],[-121.66537,38.76913],[-121.65772,38.77891],[-121.65437,38.78795],[-121.65431,38.79315],[-121.65691,38.80253],[-121.66342,38.81876],[-121.66388,38.82263],[-121.66344,38.82595],[-121.64891,38.86319],[-121.64601,38.86827],[-121.63761,38.87876],[-121.63621,38.88272],[-121.63597,38.88705],[-121.64044,38.91376],[-121.64331,38.92104],[-121.64807,38.9271],[-121.67626,38.95336],[-121.67521,38.95532]]]},"properties":{"id":"9","code":"G19","name":"Sutter-Yuba Wildlife Areas Either-Sex Deer Hunt","kind":"additional_hunt","group":"General","hunt_type":"EITHER-SEX","acreage":6887}},{"type":"Feature","geometry":{"type":"Polygon","coordinates":[[[-121.57904,38.91476],[-121.57963,38.91144],[-121.5847,38.90539],[-121.5886,38.90762],[-121.58437,38.91073],[-121.58386,38.91427],[-121.58894,38.90756],[-121.58478,38.90512],[-121.58761,38.9024],[-121.59161,38.90575],[-121.58786,38.90215],[-121.59261,38.89799],[-121.60158,38.89434],[-121.60639,38.89715],[-121.60965,38.89722],[-121.61229,38.89591],[-121.60405,38.89279],[-121.60902,38.88921],[-121.61324,38.88699],[-121.6136,38.88774],[-121.61419,38.88519],[-121.61335,38.8824],[-121.61397,38.8824],[-121.61447,38.88591],[-121.61648,38.89014],[-121.61719,38.89645],[-121.61631,38.89712],[-121.61659,38.89854],[-121.60918,38.90354],[-121.60351,38.90342],[-121.59894,38.902],[-121.58933,38.90773],[-121.58432,38.9139],[-121.58373,38.9224],[-121.58063,38.92148],[-121.57891,38.91804],[-121.57904,38.91476]],[[-121.61574,38.89756],[-121.61525,38.89533],[-121.61547,38.89771],[-121.61574,38.89756]]]},"properties":{"id":"9","code":"G19","name":"Sutter-Yuba Wildlife Areas Either-Sex Deer Hunt","kind":"additional_hunt","group":"General","hunt_type":"EITHER-SEX","acreage":6887}},{"type":"Feature","geometry":{"type":"Polygon","coordinates":[[[-121.58712,38.99687],[-121.58905,38.99402],[-121.59467,38.99403],[-121.59623,38.99688],[-121.59679,38.99992],[-121.5962,39.00134],[-121.59682,39.0098],[-121.60312,39.0108],[-121.59802,39.01084],[-121.59068,39.00921],[-121.58252,39.00887],[-121.57963,39.00737],[-121.5798,39.0055],[-121.58418,38.99955],[-121.58712,38.99687]]]},"properties":{"id":"9","code":"G19","name":"Sutter-Yuba Wildlife Areas Either-Sex Deer Hunt","kind":"additional_hunt","group":"General","hunt_type":"EITHER-SEX","acreage":6887}},{"type":"Feature","geometry":{"type":"Polygon","coordinates":[[[-121.59974,39.02676],[-121.59627,39.02368],[-121.60382,39.02302],[-121.60305,39.02044],[-121.60787,39.0201],[-121.60801,39.01913],[-121.60623,39.01823],[-121.60606,39.0171],[-121.607,39.01603],[-121.60926,39.01696],[-121.61185,39.02074],[-121.61351,39.02809],[-121.6112,39.03327],[-121.61198,39.03878],[-121.61146,39.04517],[-121.6098,39.04522],[-121.60864,39.03685],[-121.6068,39.03302],[-121.59974,39.02676]]]},"properties":{"id":"9","code":"G19","name":"Sutter-Yuba Wildlife Areas Either-Sex Deer Hunt","kind":"additional_hunt","group":"General","hunt_type":"EITHER-SEX","acreage":6887}},{"type":"Feature","geometry":{"type":"Polygon","coordinates":[[[-121.59302,39.09199],[-121.60089,39.09151],[-121.59979,39.09467],[-121.59835,39.09642],[-121.59815,39.0979],[-121.59949,39.09834],[-121.59547,39.0996],[-121.59265,39.09605],[-121.59302,39.09199]]]},"properties":{"id":"9","code":"G19","name":"Sutter-Yuba Wildlife Areas Either-Sex Deer Hunt","kind":"additional_hunt","group":"General","hunt_type":"EITHER-SEX","acreage":6887}},{"type":"Feature","geometry":{"type":"Polygon","coordinates":[[[-121.59359,39.01301],[-121.59312,39.01118],[-121.59692,39.01109],[-121.60006,39.01255],[-121.59523,39.01862],[-121.59417,39.01869],[-121.59359,39.01301]]]},"properties":{"id":"9","code":"G19","name":"Sutter-Yuba Wildlife Areas Either-Sex Deer Hunt","kind":"additional_hunt","group":"General","hunt_type":"EITHER-SEX","acreage":6887}},{"type":"Feature","geometry":{"type":"Polygon","coordinates":[[[-121.62495,39.2086],[-121.62255,39.20681],[-121.61987,39.20656],[-121.61876,39.20577],[-121.62068,39.20546],[-121.62734,39.20678],[-121.62884,39.20584],[-121.62932,39.20439],[-121.62849,39.21091],[-121.62552,39.21003],[-121.62495,39.2086]]]},"properties":{"id":"9","code":"G19","name":"Sutter-Yuba Wildlife Areas Either-Sex Deer Hunt","kind":"additional_hunt","group":"General","hunt_type":"EITHER-SEX","acreage":6887}},{"type":"Feature","geometry":{"type":"Polygon","coordinates":[[[-121.84668,39.1451],[-121.85291,39.14638],[-121.84662,39.14626],[-121.84668,39.1451]]]},"properties":{"id":"9","code":"G19","name":"Sutter-Yuba Wildlife Areas Either-Sex Deer Hunt","kind":"additional_hunt","group":"General","hunt_type":"EITHER-SEX","acreage":6887}},{"type":"Feature","geometry":{"type":"Polygon","coordinates":[[[-121.58711,39.16739],[-121.58742,39.16502],[-121.58833,39.1678],[-121.58711,39.16739]]]},"properties":{"id":"9","code":"G19","name":"Sutter-Yuba Wildlife Areas Either-Sex Deer Hunt","kind":"additional_hunt","group":"General","hunt_type":"EITHER-SEX","acreage":6887}},{"type":"Feature","geometry":{"type":"Polygon","coordinates":[[[-121.8435,39.14599],[-121.84465,39.14592],[-121.8445,39.14649],[-121.8435,39.14599]]]},"properties":{"id":"9","code":"G19","name":"Sutter-Yuba Wildlife Areas Either-Sex Deer Hunt","kind":"additional_hunt","group":"General","hunt_type":"EITHER-SEX","acreage":6887}},{"type":"Feature","geometry":{"type":"Polygon","coordinates":[[[-121.54295,36.06793],[-121.53424,36.06808],[-121.5341,36.07532],[-121.54283,36.07525],[-121.54295,36.06793],[-121.56045,36.06741],[-121.56054,36.07509],[-121.57837,36.07509],[-121.57837,36.09706],[-121.59579,36.09711],[-121.59581,36.11124],[-121.61358,36.11125],[-121.61357,36.1255],[-121.6313,36.12557],[-121.63129,36.14132],[-121.64645,36.14133],[-121.64643,36.1486],[-121.64206,36.1486],[-121.64205,36.15224],[-121.65081,36.15224],[-121.65081,36.16694],[-121.64875,36.17163],[-121.64534,36.17394],[-121.6414,36.1811],[-121.64261,36.18342],[-121.64944,36.18724],[-121.65087,36.19002],[-121.65656,36.19206],[-121.65764,36.19073],[-121.65889,36.19116],[-121.65997,36.19319],[-121.66069,36.1932],[-121.66082,36.19518],[-121.66379,36.19788],[-121.66182,36.19788],[-121.66182,36.19971],[-121.66072,36.19971],[-121.66072,36.20155],[-121.66403,36.20154],[-121.66402,36.20337],[-121.66843,36.20336],[-121.66843,36.20286],[-121.67075,36.20415],[-121.67196,36.20741],[-121.67526,36.21007],[-121.6774,36.20951],[-121.67876,36.21278],[-121.68073,36.21314],[-121.6859,36.20976],[-121.68677,36.21053],[-121.68938,36.21044],[-121.6904,36.21131],[-121.69275,36.21097],[-121.69888,36.21236],[-121.6995,36.21372],[-121.70077,36.21343],[-121.70264,36.215],[-121.70358,36.21482],[-121.70357,36.21641],[-121.70595,36.21597],[-121.7067,36.21676],[-121.71186,36.21557],[-121.71144,36.21685],[-121.7122,36.21743],[-121.71165,36.21828],[-121.71212,36.2189],[-121.71485,36.2189],[-121.71503,36.2178],[-121.71397,36.21736],[-121.71453,36.21695],[-121.71682,36.21803],[-121.718,36.21768],[-121.71792,36.21939],[-121.71852,36.2199],[-121.72429,36.22053],[-121.72591,36.22232],[-121.72592,36.22925],[-121.73039,36.2293],[-121.73037,36.23299],[-121.73242,36.23301],[-121.73331,36.23389],[-121.73455,36.23303],[-121.73743,36.23306],[-121.73808,36.23531],[-121.74163,36.23539],[-121.74269,36.23726],[-121.74398,36.23789],[-121.74572,36.2372],[-121.74713,36.23757],[-121.7462,36.24036],[-121.74664,36.24416],[-121.75693,36.24422],[-121.75692,36.24827],[-121.75862,36.24987],[-121.7612,36.25576],[-121.76493,36.25872],[-121.76476,36.26097],[-121.76307,36.26284],[-121.7649,36.26427],[-121.7663,36.26796],[-121.76797,36.26988],[-121.76874,36.27377],[-121.77119,36.27557],[-121.77086,36.27929],[-121.7721,36.28189],[-121.7744,36.28346],[-121.77711,36.28368],[-121.78362,36.28812],[-121.79026,36.28841],[-121.79199,36.28974],[-121.79211,36.28894],[-121.8014,36.28947],[-121.79647,36.29723],[-121.81017,36.30192],[-121.80816,36.30254],[-121.80493,36.30498],[-121.80095,36.30918],[-121.80022,36.31356],[-121.80063,36.31483],[-121.78963,36.31468],[-121.78851,36.32668],[-121.78409,36.3266],[-121.78377,36.33],[-121.78305,36.33062],[-121.78289,36.33354],[-121.78512,36.33892],[-121.78461,36.34065],[-121.78591,36.34552],[-121.78566,36.34815],[-121.78987,36.35539],[-121.79429,36.35804],[-121.79396,36.35949],[-121.79496,36.36082],[-121.79351,36.3636],[-121.7952,36.36684],[-121.79705,36.3672],[-121.7978,36.36807],[-121.80665,36.37007],[-121.80901,36.3719],[-121.81221,36.37219],[-121.81736,36.37425],[-121.81859,36.37394],[-121.82053,36.38814],[-121.82101,36.39965],[-121.82266,36.39998],[-121.82326,36.40153],[-121.82408,36.40164],[-121.82583,36.40376],[-121.80465,36.40407],[-121.77427,36.40332],[-121.77427,36.39781],[-121.76559,36.3976],[-121.76559,36.40311],[-121.73513,36.40246],[-121.73513,36.39874],[-121.73067,36.39878],[-121.73067,36.39516],[-121.72398,36.39522],[-121.72398,36.40253],[-121.69953,36.40235],[-121.70135,36.38146],[-121.70084,36.37384],[-121.69641,36.3737],[-121.69616,36.36993],[-121.68734,36.36971],[-121.68755,36.37342],[-121.66514,36.37297],[-121.66543,36.35838],[-121.65651,36.3582],[-121.64734,36.35809],[-121.64725,36.37258],[-121.62461,36.37245],[-121.62468,36.36878],[-121.61135,36.36869],[-121.61104,36.35383],[-121.62026,36.35394],[-121.62023,36.35017],[-121.61101,36.35006],[-121.61094,36.3425],[-121.58441,36.34224],[-121.58299,36.34136],[-121.57986,36.33318],[-121.58099,36.32805],[-121.58085,36.32378],[-121.57662,36.318],[-121.5753,36.31504],[-121.5728,36.31288],[-121.57211,36.30584],[-121.57061,36.30401],[-121.56905,36.30396],[-121.56872,36.30202],[-121.56924,36.30137],[-121.56862,36.29979],[-121.5692,36.29884],[-121.56785,36.29666],[-121.56891,36.29653],[-121.56923,36.29575],[-121.56857,36.29513],[-121.56742,36.2954],[-121.56775,36.29388],[-121.56592,36.29095],[-121.56624,36.28898],[-121.5641,36.28705],[-121.56383,36.28449],[-121.56292,36.28378],[-121.5626,36.28229],[-121.56343,36.28163],[-121.56212,36.28195],[-121.5622,36.28309],[-121.56101,36.28217],[-121.56093,36.27971],[-121.55824,36.27936],[-121.55658,36.27768],[-121.55637,36.2761],[-121.55431,36.27556],[-121.55282,36.27344],[-121.55386,36.27232],[-121.55366,36.27086],[-121.55204,36.27114],[-121.5517,36.26891],[-121.54743,36.26891],[-121.54793,36.26824],[-121.54741,36.26756],[-121.54927,36.26524],[-121.54888,36.26426],[-121.54786,36.26413],[-121.54777,36.26274],[-121.55043,36.26199],[-121.55173,36.25813],[-121.55578,36.25812],[-121.55567,36.25453],[-121.55453,36.25454],[-121.55219,36.25303],[-121.55272,36.25186],[-121.55087,36.24738],[-121.55122,36.24646],[-121.553,36.24569],[-121.55267,36.24379],[-121.55532,36.24378],[-121.5552,36.24014],[-121.55076,36.24016],[-121.55022,36.23652],[-121.55048,36.23442],[-121.55321,36.2327],[-121.55158,36.23096],[-121.55345,36.23067],[-121.55415,36.22923],[-121.54597,36.22924],[-121.54645,36.24383],[-121.54202,36.24386],[-121.54213,36.24743],[-121.54656,36.2474],[-121.54668,36.25098],[-121.54225,36.25101],[-121.54236,36.25458],[-121.5388,36.25459],[-121.54046,36.25858],[-121.5407,36.26132],[-121.53947,36.26574],[-121.54149,36.26748],[-121.54238,36.27116],[-121.54315,36.2719],[-121.54529,36.27247],[-121.54596,36.27178],[-121.54874,36.27313],[-121.55072,36.27325],[-121.55505,36.27868],[-121.56073,36.28365],[-121.56453,36.28983],[-121.56427,36.29121],[-121.56588,36.29381],[-121.56547,36.29541],[-121.56721,36.29908],[-121.56685,36.30276],[-121.56522,36.30532],[-121.56727,36.30885],[-121.56743,36.3122],[-121.56809,36.31293],[-121.5696,36.31133],[-121.5719,36.31273],[-121.57116,36.31385],[-121.57248,36.31468],[-121.57304,36.31659],[-121.5748,36.31756],[-121.57478,36.31912],[-121.57595,36.32073],[-121.574,36.323],[-121.57469,36.32455],[-121.57409,36.32605],[-121.57544,36.32855],[-121.57501,36.33004],[-121.57635,36.33091],[-121.57565,36.3346],[-121.5792,36.33891],[-121.57725,36.34069],[-121.57777,36.34165],[-121.57643,36.34222],[-121.56481,36.34225],[-121.56749,36.34011],[-121.5681,36.33861],[-121.5661,36.33334],[-121.5642,36.33106],[-121.55715,36.32702],[-121.55345,36.32788],[-121.55344,36.32873],[-121.55118,36.32977],[-121.54721,36.33071],[-121.54458,36.33021],[-121.54297,36.33209],[-121.54193,36.33225],[-121.54177,36.33309],[-121.5409,36.33312],[-121.54121,36.3341],[-121.54045,36.3341],[-121.54067,36.32813],[-121.53173,36.32814],[-121.53131,36.31999],[-121.52237,36.31994],[-121.52196,36.31173],[-121.51275,36.31165],[-121.51273,36.30826],[-121.50823,36.30823],[-121.50818,36.30467],[-121.50369,36.30464],[-121.50355,36.29748],[-121.49458,36.29741],[-121.49439,36.29019],[-121.48419,36.29015],[-121.48526,36.28553],[-121.48452,36.2836],[-121.4857,36.28244],[-121.48544,36.28088],[-121.4836,36.27884],[-121.48317,36.27668],[-121.48019,36.27465],[-121.47627,36.27424],[-121.47575,36.27314],[-121.47052,36.2696],[-121.46632,36.26877],[-121.46317,36.27041],[-121.46309,36.26866],[-121.45901,36.2686],[-121.45764,36.23991],[-121.46204,36.24011],[-121.462,36.23652],[-121.4771,36.23701],[-121.47786,36.23812],[-121.48022,36.23832],[-121.4849,36.23652],[-121.48946,36.23684],[-121.49316,36.23626],[-121.49395,36.2351],[-121.49358,36.23287],[-121.49632,36.23225],[-121.49717,36.23078],[-121.49652,36.22919],[-121.49394,36.2279],[-121.49361,36.2271],[-121.49909,36.22625],[-121.49998,36.2243],[-121.49914,36.22241],[-121.50038,36.22173],[-121.50205,36.21871],[-121.50164,36.21696],[-121.49809,36.21417],[-121.49766,36.21293],[-121.49461,36.2124],[-121.49287,36.21104],[-121.49341,36.20907],[-121.49077,36.20812],[-121.49041,36.20737],[-121.49018,36.206],[-121.4915,36.20383],[-121.489,36.20354],[-121.48875,36.20213],[-121.49005,36.20027],[-121.49037,36.19756],[-121.4921,36.19539],[-121.49157,36.19406],[-121.49337,36.19336],[-121.49443,36.19104],[-121.49223,36.18971],[-121.49375,36.18891],[-121.49236,36.18688],[-121.494,36.18542],[-121.49315,36.18421],[-121.49352,36.18297],[-121.49211,36.18302],[-121.49222,36.18047],[-121.49013,36.1806],[-121.49012,36.17991],[-121.48879,36.17911],[-121.49087,36.17818],[-121.49034,36.17665],[-121.49201,36.17573],[-121.49216,36.17443],[-121.4937,36.17254],[-121.49534,36.17167],[-121.49479,36.17066],[-121.49539,36.16372],[-121.49474,36.15822],[-121.49246,36.15531],[-121.49077,36.15434],[-121.49094,36.15322],[-121.48963,36.15071],[-121.48681,36.14938],[-121.48867,36.14852],[-121.49176,36.14892],[-121.49208,36.14843],[-121.49098,36.14677],[-121.48977,36.14652],[-121.49068,36.14635],[-121.49399,36.14676],[-121.49612,36.1481],[-121.49727,36.14788],[-121.49584,36.1461],[-121.49093,36.1443],[-121.48857,36.14103],[-121.48982,36.14221],[-121.49492,36.1438],[-121.49609,36.14096],[-121.49564,36.14003],[-121.49219,36.14032],[-121.49148,36.13949],[-121.48627,36.13811],[-121.48454,36.13675],[-121.48043,36.13636],[-121.47781,36.13473],[-121.47836,36.13294],[-121.47497,36.12965],[-121.47239,36.12832],[-121.47113,36.12578],[-121.47114,36.12379],[-121.46838,36.11946],[-121.47094,36.11707],[-121.46828,36.11604],[-121.46419,36.10857],[-121.45847,36.10876],[-121.45077,36.10316],[-121.4481,36.10219],[-121.44505,36.09948],[-121.44187,36.09822],[-121.44145,36.09591],[-121.43963,36.09556],[-121.43436,36.09229],[-121.43129,36.09156],[-121.43089,36.08993],[-121.42709,36.08848],[-121.42676,36.08706],[-121.42492,36.08533],[-121.41937,36.08546],[-121.41284,36.08453],[-121.4119,36.08329],[-121.40542,36.08147],[-121.40549,36.08375],[-121.40418,36.08638],[-121.40064,36.08358],[-121.39808,36.08305],[-121.3982,36.081],[-121.39697,36.07759],[-121.39502,36.077],[-121.39127,36.07764],[-121.38896,36.07596],[-121.3871,36.0756],[-121.38718,36.06624],[-121.38897,36.06657],[-121.39061,36.06802],[-121.39113,36.06665],[-121.39455,36.06678],[-121.39445,36.06291],[-121.39119,36.06289],[-121.3921,36.06045],[-121.39513,36.05887],[-121.39796,36.05874],[-121.39876,36.05735],[-121.40068,36.05735],[-121.40073,36.05367],[-121.40187,36.05367],[-121.40277,36.05223],[-121.40543,36.05113],[-121.40704,36.04879],[-121.41278,36.05009],[-121.41396,36.04823],[-121.41717,36.04599],[-121.41706,36.04386],[-121.41858,36.04193],[-121.41868,36.0392],[-121.42312,36.03918],[-121.42317,36.02464],[-121.42539,36.02464],[-121.42542,36.01742],[-121.4232,36.01742],[-121.42321,36.01472],[-121.42891,36.01636],[-121.43667,36.01606],[-121.43836,36.01536],[-121.4415,36.01582],[-121.44265,36.01381],[-121.44478,36.01393],[-121.44656,36.012],[-121.45039,36.01014],[-121.45423,36.01207],[-121.4597,36.01227],[-121.46043,36.01407],[-121.46291,36.01472],[-121.46127,36.01628],[-121.46197,36.01742],[-121.46397,36.01773],[-121.46637,36.01662],[-121.46788,36.01675],[-121.46871,36.01762],[-121.46484,36.02129],[-121.47118,36.03071],[-121.47139,36.03182],[-121.46914,36.03222],[-121.46819,36.03315],[-121.46846,36.03445],[-121.46965,36.03471],[-121.47195,36.03702],[-121.47205,36.03859],[-121.47742,36.04096],[-121.47874,36.04306],[-121.48023,36.04376],[-121.4818,36.04352],[-121.48277,36.0445],[-121.48227,36.04765],[-121.48504,36.04996],[-121.48743,36.05025],[-121.48776,36.05175],[-121.48921,36.05249],[-121.48931,36.05427],[-121.49255,36.05426],[-121.49375,36.05205],[-121.49545,36.05293],[-121.49697,36.05261],[-121.49725,36.05181],[-121.49659,36.05096],[-121.48746,36.04636],[-121.48694,36.04471],[-121.48765,36.04321],[-121.48611,36.04166],[-121.48419,36.04092],[-121.4815,36.04121],[-121.47826,36.03977],[-121.47674,36.03821],[-121.47351,36.03419],[-121.474,36.03269],[-121.47154,36.02633],[-121.46747,36.02234],[-121.46779,36.02066],[-121.46905,36.02056],[-121.46968,36.01912],[-121.47169,36.01835],[-121.47131,36.01685],[-121.4695,36.01481],[-121.46622,36.0149],[-121.46476,36.0156],[-121.4651,36.01433],[-121.4645,36.01314],[-121.46208,36.01268],[-121.46142,36.01052],[-121.45911,36.01043],[-121.4602,36.00733],[-121.45942,36.00641],[-121.45917,36.00076],[-121.45821,35.99863],[-121.45881,35.99767],[-121.46258,35.99853],[-121.46284,35.99941],[-121.46566,35.99973],[-121.47063,35.99877],[-121.47024,36.00004],[-121.47127,36.00056],[-121.47079,36.0017],[-121.47192,36.00223],[-121.47723,36.00074],[-121.47809,35.99984],[-121.4789,35.99666],[-121.48096,35.99473],[-121.48361,35.9943],[-121.48613,35.99268],[-121.48625,35.99412],[-121.48427,35.995],[-121.48472,35.99605],[-121.4903,35.99604],[-121.49104,35.99468],[-121.49823,36.0031],[-121.50163,36.00501],[-121.50672,36.0093],[-121.50854,36.01028],[-121.51436,36.0103],[-121.51425,36.02115],[-121.52534,36.02119],[-121.52539,36.02479],[-121.52115,36.02478],[-121.52111,36.0392],[-121.52543,36.0392],[-121.5254,36.05367],[-121.53435,36.05364],[-121.5343,36.06081],[-121.54316,36.06071],[-121.54295,36.06793]]]},"properties":{"id":"10","code":"G21","name":"Ventana Wilderness Buck Hunt","kind":"additional_hunt","group":"General","hunt_type":"BUCK","acreage":237725}},{"type":"Feature","geometry":{"type":"Polygon","coordinates":[[[-121.43353,36.22896],[-121.34422,36.22895],[-121.34421,36.2171],[-121.33976,36.2171],[-121.33976,36.22892],[-121.33085,36.22887],[-121.33083,36.18406],[-121.32196,36.18402],[-121.32196,36.18029],[-121.29987,36.18022],[-121.29986,36.17647],[-121.29545,36.17646],[-121.29538,36.1546],[-121.28525,36.15458],[-121.28324,36.15365],[-121.28237,36.15235],[-121.28271,36.15075],[-121.28143,36.14859],[-121.28138,36.14386],[-121.2784,36.14222],[-121.2784,36.14022],[-121.28017,36.14023],[-121.27983,36.13282],[-121.27663,36.11017],[-121.29378,36.11022],[-121.29441,36.11403],[-121.3043,36.11426],[-121.3039,36.11049],[-121.33254,36.11111],[-121.3325,36.0987],[-121.37304,36.10268],[-121.37304,36.10426],[-121.38628,36.1043],[-121.38628,36.10792],[-121.40261,36.10808],[-121.40152,36.11045],[-121.40239,36.11305],[-121.4022,36.11686],[-121.40759,36.12598],[-121.42499,36.12592],[-121.42887,36.1246],[-121.42918,36.12301],[-121.43267,36.12012],[-121.4341,36.11329],[-121.43591,36.11241],[-121.43822,36.11328],[-121.44065,36.11241],[-121.44183,36.11355],[-121.44416,36.10992],[-121.44343,36.10631],[-121.44193,36.10429],[-121.44201,36.1022],[-121.43976,36.0995],[-121.44421,36.09999],[-121.45881,36.1098],[-121.46045,36.10995],[-121.46304,36.11503],[-121.46253,36.11689],[-121.46704,36.11904],[-121.46789,36.12125],[-121.46913,36.12169],[-121.47042,36.12422],[-121.46964,36.12494],[-121.4706,36.12782],[-121.47159,36.12931],[-121.47398,36.13045],[-121.47703,36.1333],[-121.47672,36.13554],[-121.48035,36.13754],[-121.48375,36.13773],[-121.4877,36.13958],[-121.48695,36.14044],[-121.48735,36.14203],[-121.49032,36.14529],[-121.48782,36.14558],[-121.48748,36.1466],[-121.48826,36.14747],[-121.48498,36.14908],[-121.48424,36.1503],[-121.48514,36.15111],[-121.48689,36.15058],[-121.48856,36.15141],[-121.48959,36.15492],[-121.49133,36.15593],[-121.49358,36.15882],[-121.49403,36.16372],[-121.49358,36.17131],[-121.49111,36.17367],[-121.49086,36.17505],[-121.48913,36.17611],[-121.48924,36.17794],[-121.48765,36.17842],[-121.48735,36.17921],[-121.48911,36.18136],[-121.49062,36.18168],[-121.49088,36.18352],[-121.4918,36.1841],[-121.49232,36.18538],[-121.49101,36.18691],[-121.49205,36.18852],[-121.49083,36.18999],[-121.49297,36.19121],[-121.49223,36.19269],[-121.49028,36.19366],[-121.4907,36.19525],[-121.48905,36.19721],[-121.48738,36.20222],[-121.48781,36.20413],[-121.48931,36.20475],[-121.48881,36.20604],[-121.48941,36.20847],[-121.49219,36.20967],[-121.49138,36.21108],[-121.49373,36.21324],[-121.48861,36.21368],[-121.48721,36.21492],[-121.48827,36.21574],[-121.49382,36.21574],[-121.49258,36.21693],[-121.49266,36.21794],[-121.49419,36.21951],[-121.49672,36.22007],[-121.49525,36.22113],[-121.48934,36.22049],[-121.48516,36.22142],[-121.48438,36.22055],[-121.483,36.22044],[-121.48046,36.22154],[-121.47881,36.22043],[-121.4769,36.22058],[-121.47625,36.21906],[-121.47142,36.21987],[-121.47147,36.22201],[-121.46956,36.22162],[-121.47028,36.21572],[-121.46875,36.21192],[-121.46596,36.21002],[-121.4653,36.20814],[-121.46174,36.20839],[-121.46068,36.20998],[-121.45946,36.21611],[-121.46094,36.21811],[-121.4612,36.22052],[-121.46496,36.22574],[-121.46329,36.22794],[-121.46048,36.22826],[-121.46047,36.22643],[-121.45604,36.2264],[-121.45604,36.22822],[-121.45154,36.22821],[-121.45153,36.22456],[-121.44703,36.22454],[-121.44703,36.22636],[-121.44252,36.22633],[-121.44252,36.22917],[-121.43353,36.22896]]]},"properties":{"id":"10","code":"G21","name":"Ventana Wilderness Buck Hunt","kind":"additional_hunt","group":"General","hunt_type":"BUCK","acreage":237725}},{"type":"Feature","geometry":{"type":"Polygon","coordinates":[[[-121.4285,36.0152],[-121.42411,36.01454],[-121.42024,36.01264],[-121.41825,36.01549],[-121.41677,36.01443],[-121.41522,36.0145],[-121.4146,36.01327],[-121.41329,36.01281],[-121.4114,36.01399],[-121.4105,36.01216],[-121.40649,36.01026],[-121.40475,36.00864],[-121.4033,36.00852],[-121.40301,36.00753],[-121.40027,36.00796],[-121.39921,36.00651],[-121.39778,36.00617],[-121.39662,36.0028],[-121.39504,36.00299],[-121.39499,36.00422],[-121.39351,36.00546],[-121.39221,36.00358],[-121.39052,36.00401],[-121.38687,36.0025],[-121.38394,35.99987],[-121.3848,35.99927],[-121.38751,35.99997],[-121.38714,35.99588],[-121.38247,35.99569],[-121.38248,35.99647],[-121.38055,35.99716],[-121.36745,35.99463],[-121.36657,35.99235],[-121.36933,35.99064],[-121.37052,35.98776],[-121.37439,35.98577],[-121.37569,35.9838],[-121.37236,35.98381],[-121.37321,35.98185],[-121.37081,35.98193],[-121.36955,35.98083],[-121.37029,35.98039],[-121.36975,35.98],[-121.37078,35.97832],[-121.37316,35.97675],[-121.37304,35.97546],[-121.3738,35.97467],[-121.37548,35.97511],[-121.37263,35.97211],[-121.37289,35.9704],[-121.37401,35.9703],[-121.37401,35.9689],[-121.37489,35.96866],[-121.37551,35.96933],[-121.37802,35.96791],[-121.38005,35.96865],[-121.38275,35.96775],[-121.38599,35.96853],[-121.39301,35.96753],[-121.39675,35.96794],[-121.39796,35.96876],[-121.40011,35.96784],[-121.40242,35.96795],[-121.4058,35.96608],[-121.41166,35.96479],[-121.4151,35.96125],[-121.41735,35.96077],[-121.42803,35.9623],[-121.42965,35.96502],[-121.43174,35.96536],[-121.43216,35.96667],[-121.43712,35.9688],[-121.43833,35.97013],[-121.4408,35.9702],[-121.44109,35.97429],[-121.44005,35.97531],[-121.43954,35.97741],[-121.43596,35.97855],[-121.435,35.98039],[-121.43105,35.98182],[-121.43094,35.98281],[-121.43292,35.98514],[-121.43111,35.98979],[-121.4335,35.99186],[-121.43177,35.99279],[-121.43104,35.99472],[-121.43208,35.99777],[-121.43445,35.99925],[-121.43451,36.00047],[-121.43698,36.00199],[-121.43802,36.0019],[-121.43905,36.00322],[-121.43996,36.00314],[-121.43948,36.00384],[-121.44047,36.00491],[-121.44029,36.00633],[-121.44343,36.0056],[-121.44308,36.00966],[-121.44257,36.01098],[-121.44055,36.01212],[-121.44042,36.01322],[-121.43777,36.01355],[-121.43664,36.0124],[-121.43705,36.01095],[-121.4349,36.00969],[-121.43503,36.01117],[-121.43351,36.01155],[-121.43304,36.01263],[-121.4312,36.01273],[-121.43158,36.01471],[-121.4285,36.0152]]]},"properties":{"id":"10","code":"G21","name":"Ventana Wilderness Buck Hunt","kind":"additional_hunt","group":"General","hunt_type":"BUCK","acreage":237725}},{"type":"Feature","geometry":{"type":"Polygon","coordinates":[[[-118.18348,35.74567],[-118.17847,35.74377],[-118.17738,35.74145],[-118.1781,35.73946],[-118.17727,35.73799],[-118.17331,35.73701],[-118.17343,35.73558],[-118.17558,35.73435],[-118.17384,35.73224],[-118.1735,35.73002],[-118.17867,35.72555],[-118.17861,35.72109],[-118.18099,35.71917],[-118.18104,35.71802],[-118.18412,35.7169],[-118.18894,35.71284],[-118.19294,35.70717],[-118.20201,35.70431],[-118.2151,35.70254],[-118.21698,35.70013],[-118.2219,35.69662],[-118.22911,35.69467],[-118.23126,35.69228],[-118.23768,35.68948],[-118.24385,35.68557],[-118.24746,35.68603],[-118.25084,35.68798],[-118.25541,35.68571],[-118.25793,35.68208],[-118.26101,35.68105],[-118.26343,35.68169],[-118.26635,35.68123],[-118.26985,35.67851],[-118.27362,35.67722],[-118.27564,35.67728],[-118.27538,35.67574],[-118.27706,35.67488],[-118.27689,35.67415],[-118.27837,35.673],[-118.2869,35.67178],[-118.28861,35.6727],[-118.29292,35.67269],[-118.29536,35.67402],[-118.29705,35.6738],[-118.30014,35.67513],[-118.30514,35.67413],[-118.30781,35.67237],[-118.30964,35.67211],[-118.31489,35.67437],[-118.32112,35.67516],[-118.32719,35.67238],[-118.33083,35.67321],[-118.33594,35.67086],[-118.34207,35.6732],[-118.34876,35.67234],[-118.35327,35.67279],[-118.35537,35.67369],[-118.35692,35.67656],[-118.35828,35.67758],[-118.37903,35.68175],[-118.38499,35.6838],[-118.38784,35.68236],[-118.39212,35.68206],[-118.40037,35.67474],[-118.40273,35.67622],[-118.40553,35.67687],[-118.4061,35.67996],[-118.40748,35.68072],[-118.41191,35.68044],[-118.41467,35.67709],[-118.41688,35.67778],[-118.42058,35.68221],[-118.42378,35.68354],[-118.42457,35.68487],[-118.42618,35.68525],[-118.4273,35.68656],[-118.42534,35.69058],[-118.42678,35.69428],[-118.42654,35.69619],[-118.42282,35.70178],[-118.42305,35.70624],[-118.41866,35.71307],[-118.41676,35.72085],[-118.41652,35.72863],[-118.41708,35.73217],[-118.41473,35.73569],[-118.41367,35.74785],[-118.4138,35.75006],[-118.41758,35.75576],[-118.42405,35.75529],[-118.4253,35.7545],[-118.42539,35.75332],[-118.42245,35.74941],[-118.42194,35.74707],[-118.42635,35.73998],[-118.42768,35.73346],[-118.43237,35.72379],[-118.43754,35.71898],[-118.44312,35.71001],[-118.44581,35.70849],[-118.45492,35.70822],[-118.4565,35.70678],[-118.45874,35.70674],[-118.4715,35.71197],[-118.47709,35.71193],[-118.47902,35.71352],[-118.48161,35.71325],[-118.48436,35.71511],[-118.4874,35.71452],[-118.49066,35.71562],[-118.49773,35.72098],[-118.50029,35.72098],[-118.50085,35.7202],[-118.50236,35.72],[-118.50635,35.72178],[-118.51236,35.72236],[-118.51517,35.72202],[-118.51779,35.7203],[-118.52034,35.72126],[-118.52238,35.72464],[-118.5279,35.72482],[-118.52991,35.72347],[-118.53406,35.72718],[-118.53569,35.72616],[-118.53505,35.7283],[-118.53584,35.7292],[-118.53634,35.7321],[-118.53766,35.73325],[-118.54024,35.73062],[-118.5465,35.73216],[-118.54748,35.73179],[-118.54914,35.73223],[-118.55198,35.73524],[-118.55449,35.73547],[-118.55513,35.73752],[-118.5564,35.73701],[-118.55612,35.74121],[-118.55491,35.74356],[-118.55362,35.74416],[-118.55354,35.74612],[-118.55446,35.74833],[-118.55615,35.74917],[-118.5563,35.75158],[-118.5548,35.75326],[-118.55478,35.75434],[-118.55547,35.75754],[-118.5571,35.75798],[-118.55847,35.7572],[-118.55894,35.75783],[-118.55911,35.75976],[-118.55792,35.7629],[-118.56064,35.76353],[-118.56011,35.76924],[-118.55801,35.77202],[-118.55762,35.7746],[-118.55918,35.77614],[-118.56146,35.77614],[-118.56436,35.77254],[-118.56554,35.77228],[-118.56834,35.77484],[-118.56847,35.7769],[-118.57016,35.77771],[-118.56919,35.77967],[-118.5706,35.78064],[-118.56977,35.78121],[-118.57062,35.78234],[-118.56975,35.78463],[-118.57429,35.7858],[-118.57702,35.78832],[-118.57681,35.78923],[-118.57464,35.78927],[-118.57158,35.79096],[-118.57385,35.7904],[-118.57479,35.79083],[-118.57528,35.79251],[-118.57445,35.79348],[-118.57672,35.79352],[-118.57831,35.7976],[-118.58041,35.79812],[-118.58117,35.80042],[-118.58067,35.80154],[-118.58123,35.80195],[-118.57522,35.80508],[-118.5731,35.80524],[-118.57241,35.80924],[-118.57397,35.81191],[-118.5753,35.81234],[-118.57333,35.81455],[-118.57409,35.81807],[-118.57328,35.82071],[-118.57345,35.8228],[-118.57424,35.82377],[-118.57297,35.82459],[-118.57139,35.82842],[-118.56763,35.83046],[-118.56616,35.8282],[-118.56419,35.82742],[-118.56295,35.82492],[-118.55955,35.8281],[-118.5568,35.82861],[-118.55454,35.82765],[-118.55736,35.83089],[-118.55606,35.83162],[-118.5558,35.8331],[-118.5539,35.83328],[-118.55325,35.83759],[-118.55186,35.83856],[-118.55079,35.84089],[-118.55002,35.84908],[-118.54793,35.85562],[-118.54686,35.85672],[-118.54592,35.86327],[-118.54487,35.86582],[-118.54557,35.8687],[-118.54322,35.8703],[-118.54175,35.87539],[-118.54283,35.87671],[-118.54248,35.87797],[-118.54379,35.8785],[-118.54484,35.88026],[-118.54444,35.88666],[-118.54697,35.88628],[-118.54756,35.88731],[-118.5437,35.88867],[-118.54456,35.89064],[-118.5447,35.89392],[-118.54634,35.89708],[-118.54847,35.89796],[-118.5499,35.90021],[-118.55154,35.90121],[-118.5514,35.9022],[-118.55241,35.90368],[-118.54975,35.90626],[-118.55117,35.90844],[-118.54842,35.90963],[-118.54227,35.91046],[-118.54151,35.9114],[-118.5431,35.91162],[-118.54477,35.91317],[-118.54342,35.91578],[-118.54518,35.91626],[-118.5474,35.9182],[-118.54826,35.91818],[-118.55082,35.91511],[-118.55348,35.91548],[-118.55195,35.918],[-118.55575,35.92209],[-118.55695,35.92233],[-118.55793,35.9246],[-118.55778,35.92925],[-118.5585,35.92978],[-118.55504,35.93551],[-118.5582,35.93372],[-118.55991,35.93186],[-118.56094,35.93198],[-118.56131,35.93338],[-118.56546,35.93396],[-118.56656,35.93339],[-118.56702,35.93165],[-118.56922,35.9312],[-118.57051,35.92995],[-118.57272,35.92941],[-118.57331,35.92991],[-118.57366,35.93101],[-118.57186,35.9314],[-118.57189,35.93369],[-118.57048,35.93437],[-118.57248,35.93469],[-118.57321,35.93597],[-118.56872,35.93712],[-118.56893,35.93846],[-118.56723,35.93903],[-118.56714,35.94068],[-118.56539,35.94184],[-118.56725,35.94253],[-118.56849,35.94138],[-118.57019,35.94172],[-118.57005,35.9431],[-118.57076,35.94377],[-118.56923,35.94489],[-118.56923,35.94608],[-118.56747,35.94582],[-118.5664,35.94642],[-118.56849,35.94757],[-118.57039,35.95024],[-118.57398,35.95151],[-118.57378,35.95274],[-118.57501,35.9542],[-118.57364,35.95495],[-118.57282,35.95718],[-118.57368,35.95753],[-118.57605,35.95513],[-118.57612,35.95754],[-118.57356,35.95974],[-118.57167,35.95935],[-118.57054,35.96087],[-118.56866,35.96162],[-118.56859,35.96276],[-118.56717,35.96286],[-118.56624,35.96392],[-118.57152,35.96407],[-118.57255,35.96286],[-118.5777,35.96165],[-118.58248,35.95925],[-118.58591,35.96023],[-118.59029,35.9581],[-118.59547,35.95311],[-118.6005,35.95492],[-118.60282,35.95362],[-118.60558,35.95373],[-118.60654,35.95232],[-118.6085,35.95161],[-118.61109,35.95231],[-118.61159,35.95087],[-118.61252,35.95054],[-118.61374,35.95148],[-118.6131,35.95258],[-118.61506,35.9565],[-118.61445,35.95764],[-118.61187,35.95934],[-118.60986,35.96234],[-118.60564,35.96571],[-118.60452,35.96949],[-118.60169,35.97011],[-118.59898,35.97186],[-118.59884,35.97291],[-118.60055,35.97671],[-118.59058,35.97787],[-118.58587,35.9804],[-118.58506,35.98201],[-118.58515,35.98585],[-118.58388,35.98741],[-118.58111,35.9889],[-118.58036,35.99163],[-118.58099,35.9925],[-118.58436,35.99305],[-118.58511,35.99672],[-118.57838,35.9997],[-118.57421,36.00503],[-118.5734,36.0102],[-118.57095,36.01363],[-118.56791,36.01426],[-118.56268,36.01674],[-118.56251,36.01784],[-118.5639,36.01943],[-118.56414,36.0211],[-118.56284,36.02456],[-118.55981,36.0279],[-118.55855,36.03083],[-118.55476,36.03277],[-118.54993,36.03722],[-118.54677,36.03694],[-118.54359,36.04028],[-118.54475,36.04488],[-118.54763,36.04947],[-118.54693,36.05284],[-118.54542,36.05439],[-118.54668,36.05812],[-118.54531,36.05906],[-118.54139,36.05961],[-118.53926,36.06256],[-118.53904,36.06416],[-118.54008,36.06532],[-118.54149,36.06967],[-118.53738,36.07103],[-118.53589,36.07549],[-118.53648,36.07935],[-118.53483,36.08227],[-118.53423,36.08814],[-118.53566,36.09125],[-118.53494,36.09404],[-118.53581,36.09931],[-118.53498,36.10456],[-118.5373,36.10913],[-118.54041,36.11233],[-118.5417,36.11662],[-118.54366,36.12018],[-118.543,36.12261],[-118.54477,36.12331],[-118.54065,36.12822],[-118.54298,36.13176],[-118.54256,36.13377],[-118.5416,36.13477],[-118.54353,36.13489],[-118.54325,36.13612],[-118.54432,36.13712],[-118.54417,36.13805],[-118.5429,36.13768],[-118.5428,36.13911],[-118.54555,36.14086],[-118.5472,36.13973],[-118.5466,36.14247],[-118.54711,36.14355],[-118.54918,36.1438],[-118.55053,36.14503],[-118.55001,36.14584],[-118.54623,36.14723],[-118.54446,36.14648],[-118.54327,36.1512],[-118.54048,36.15161],[-118.53738,36.15477],[-118.53737,36.15638],[-118.54187,36.15853],[-118.5422,36.16161],[-118.54532,36.16291],[-118.5453,36.1636],[-118.54442,36.16269],[-118.54268,36.16346],[-118.54616,36.16493],[-118.5464,36.16659],[-118.5419,36.16776],[-118.5384,36.16985],[-118.53852,36.17232],[-118.53607,36.17235],[-118.53581,36.17331],[-118.53476,36.173],[-118.53435,36.17533],[-118.53243,36.1753],[-118.53118,36.17642],[-118.53285,36.17865],[-118.53514,36.17862],[-118.53535,36.18026],[-118.53866,36.1818],[-118.54001,36.18385],[-118.54269,36.1843],[-118.5439,36.18607],[-118.53877,36.18808],[-118.53844,36.18898],[-118.53705,36.18926],[-118.53532,36.19092],[-118.52923,36.19228],[-118.52378,36.18849],[-118.52091,36.18791],[-118.51772,36.1857],[-118.51041,36.1843],[-118.50748,36.18266],[-118.502,36.18425],[-118.50076,36.18369],[-118.49888,36.18404],[-118.4978,36.18505],[-118.49258,36.18514],[-118.49046,36.18282],[-118.48408,36.18371],[-118.48239,36.18304],[-118.48012,36.18338],[-118.47916,36.18216],[-118.47483,36.18093],[-118.46573,36.18237],[-118.46205,36.18079],[-118.46034,36.17951],[-118.45881,36.17677],[-118.45876,36.17537],[-118.45702,36.17375],[-118.45756,36.17109],[-118.45063,36.16514],[-118.45034,36.16224],[-118.45128,36.16095],[-118.44662,36.15788],[-118.44627,36.15554],[-118.44839,36.15157],[-118.44791,36.14538],[-118.44745,36.14494],[-118.44605,36.14632],[-118.44459,36.14653],[-118.44429,36.1447],[-118.4452,36.14299],[-118.44693,36.14199],[-118.44578,36.14038],[-118.44589,36.13811],[-118.44429,36.13374],[-118.44184,36.1322],[-118.43985,36.12722],[-118.43502,36.12528],[-118.43173,36.12518],[-118.42787,36.12728],[-118.42025,36.12901],[-118.41473,36.13411],[-118.40897,36.13396],[-118.4044,36.1357],[-118.39842,36.13587],[-118.3979,36.13401],[-118.39514,36.13297],[-118.39444,36.13091],[-118.39159,36.12968],[-118.3911,36.12847],[-118.38998,36.12814],[-118.3898,36.1262],[-118.38842,36.12454],[-118.38835,36.12336],[-118.38618,36.12162],[-118.38571,36.11983],[-118.38682,36.11729],[-118.38557,36.11527],[-118.38557,36.11301],[-118.38425,36.11033],[-118.37953,36.10887],[-118.37846,36.10725],[-118.37618,36.10596],[-118.37413,36.10601],[-118.37293,36.1068],[-118.37154,36.10578],[-118.36978,36.10634],[-118.36594,36.10383],[-118.36421,36.10241],[-118.36223,36.09922],[-118.36313,36.09821],[-118.36249,36.09769],[-118.36303,36.09616],[-118.36232,36.09501],[-118.36021,36.09508],[-118.35895,36.09386],[-118.35453,36.09618],[-118.35071,36.09388],[-118.34789,36.09503],[-118.34132,36.09424],[-118.33722,36.09093],[-118.33588,36.09065],[-118.33427,36.08846],[-118.32854,36.08716],[-118.3281,36.08436],[-118.32079,36.08076],[-118.32027,36.07906],[-118.31728,36.0774],[-118.31728,36.07602],[-118.31802,36.07548],[-118.31704,36.0732],[-118.3175,36.07195],[-118.31502,36.07008],[-118.31493,36.06897],[-118.31245,36.06873],[-118.31162,36.06643],[-118.30997,36.06621],[-118.31025,36.06332],[-118.30781,36.06326],[-118.30399,36.06066],[-118.30356,36.05583],[-118.3046,36.05419],[-118.30489,36.05012],[-118.30341,36.04832],[-118.30328,36.04702],[-118.30432,36.04544],[-118.30448,36.04191],[-118.30227,36.03709],[-118.29841,36.03319],[-118.29735,36.03115],[-118.29213,36.02949],[-118.28618,36.02285],[-118.28364,36.02121],[-118.2777,36.02188],[-118.27618,36.02294],[-118.27516,36.02536],[-118.2706,36.02794],[-118.27167,36.02631],[-118.27452,36.02505],[-118.27558,36.02278],[-118.27745,36.02094],[-118.27677,36.02022],[-118.28076,36.01529],[-118.28396,36.01279],[-118.28815,36.01103],[-118.29765,36.00968],[-118.30571,36.00609],[-118.31426,35.99995],[-118.3236,35.99096],[-118.3178,35.98483],[-118.31385,35.98196],[-118.30781,35.97531],[-118.30598,35.97689],[-118.30338,35.97608],[-118.30043,35.97651],[-118.29757,35.97558],[-118.29215,35.97545],[-118.28619,35.97677],[-118.28719,35.95895],[-118.28172,35.95889],[-118.28207,35.93416],[-118.29102,35.93418],[-118.2911,35.93059],[-118.29558,35.9306],[-118.29567,35.927],[-118.30015,35.92701],[-118.30034,35.91982],[-118.31767,35.91986],[-118.31926,35.91741],[-118.3208,35.9176],[-118.32264,35.91592],[-118.32307,35.91371],[-118.3222,35.91145],[-118.32353,35.90822],[-118.32184,35.90575],[-118.32032,35.90538],[-118.31952,35.90316],[-118.31985,35.90183],[-118.31895,35.90154],[-118.31821,35.89974],[-118.32224,35.89581],[-118.32123,35.89358],[-118.32197,35.8906],[-118.32084,35.88832],[-118.32118,35.88608],[-118.32342,35.88465],[-118.32206,35.88199],[-118.3234,35.88135],[-118.32408,35.87994],[-118.323,35.8789],[-118.3232,35.87737],[-118.3213,35.87705],[-118.32286,35.87463],[-118.32128,35.87148],[-118.32039,35.86532],[-118.32181,35.85549],[-118.323,35.85398],[-118.31889,35.85556],[-118.31741,35.85713],[-118.31235,35.85805],[-118.31065,35.85914],[-118.30918,35.85816],[-118.30608,35.85847],[-118.30323,35.85783],[-118.30291,35.8569],[-118.29885,35.85657],[-118.29326,35.85752],[-118.29084,35.85689],[-118.28786,35.85747],[-118.28659,35.85684],[-118.28285,35.85855],[-118.27998,35.85807],[-118.27859,35.85682],[-118.27566,35.85588],[-118.27572,35.85511],[-118.27027,35.85084],[-118.26791,35.85032],[-118.26531,35.85105],[-118.26267,35.8498],[-118.26063,35.84819],[-118.26086,35.84458],[-118.25638,35.8446],[-118.2564,35.83373],[-118.25186,35.83373],[-118.25191,35.81923],[-118.23854,35.81923],[-118.2387,35.79026],[-118.23657,35.79026],[-118.23683,35.76848],[-118.24573,35.76848],[-118.246,35.74673],[-118.25477,35.74673],[-118.25476,35.73946],[-118.26366,35.73947],[-118.26364,35.72497],[-118.28109,35.72508],[-118.28149,35.7033],[-118.21916,35.70319],[-118.21928,35.7177],[-118.1836,35.718],[-118.18348,35.74567]]]},"properties":{"id":"11","code":"G6","name":"Kern River Deer Herd Buck Hunt","kind":"additional_hunt","group":"General","hunt_type":"BUCK","acreage":299974}},{"type":"Feature","geometry":{"type":"Polygon","coordinates":[[[-119.87325,37.80669],[-119.87356,37.79799],[-119.87079,37.79798],[-119.87103,37.78326],[-119.86172,37.78327],[-119.86178,37.76848],[-119.8588,37.7641],[-119.85663,37.76296],[-119.85344,37.7585],[-119.85186,37.75771],[-119.84955,37.75814],[-119.85009,37.74133],[-119.83517,37.74057],[-119.77646,37.74008],[-119.77659,37.71041],[-119.75812,37.71009],[-119.75798,37.704],[-119.73776,37.7036],[-119.73773,37.69718],[-119.76473,37.69769],[-119.7646,37.70168],[-119.76952,37.70179],[-119.76965,37.69814],[-119.76708,37.69808],[-119.76713,37.69648],[-119.76578,37.69645],[-119.76602,37.68971],[-119.76268,37.689],[-119.76274,37.68716],[-119.7599,37.6871],[-119.76018,37.67917],[-119.76272,37.67938],[-119.76985,37.67737],[-119.76999,37.67978],[-119.7793,37.68004],[-119.77916,37.67836],[-119.78344,37.67853],[-119.78336,37.67677],[-119.80664,37.67734],[-119.8065,37.68059],[-119.81129,37.68072],[-119.81144,37.67234],[-119.81633,37.67244],[-119.81635,37.67078],[-119.81796,37.6708],[-119.81804,37.66907],[-119.82342,37.66942],[-119.82806,37.67059],[-119.8334,37.67388],[-119.83624,37.66968],[-119.8412,37.66614],[-119.84222,37.66304],[-119.84407,37.66178],[-119.84991,37.66141],[-119.85533,37.65959],[-119.85896,37.65934],[-119.8621,37.65998],[-119.86553,37.66299],[-119.86904,37.66392],[-119.87138,37.66255],[-119.8745,37.66238],[-119.87543,37.66005],[-119.87855,37.6589],[-119.88073,37.65678],[-119.88656,37.65515],[-119.88887,37.65366],[-119.89252,37.65433],[-119.89337,37.65679],[-119.89745,37.65498],[-119.9006,37.65604],[-119.90092,37.66841],[-119.90174,37.6693],[-119.90731,37.66927],[-119.90916,37.6713],[-119.91041,37.6716],[-119.91866,37.66813],[-119.9238,37.66753],[-119.92476,37.66554],[-119.91784,37.66076],[-119.91503,37.65398],[-119.91576,37.6511],[-119.92,37.64734],[-119.92189,37.64422],[-119.9255,37.64223],[-119.92675,37.63977],[-119.93163,37.63815],[-119.93676,37.63198],[-119.94005,37.63096],[-119.944,37.63156],[-119.94594,37.63058],[-119.94901,37.62659],[-119.95445,37.62266],[-119.95712,37.61779],[-119.95764,37.61232],[-119.96024,37.61093],[-119.9658,37.60566],[-119.96607,37.60464],[-119.96726,37.60438],[-119.96822,37.60456],[-119.96742,37.60581],[-119.9709,37.60518],[-119.9686,37.60634],[-119.97263,37.60548],[-119.97004,37.60671],[-119.97446,37.60587],[-119.96999,37.60879],[-119.97027,37.61029],[-119.96881,37.61024],[-119.96782,37.61121],[-119.96658,37.61072],[-119.96771,37.61152],[-119.96925,37.61074],[-119.97256,37.61149],[-119.97197,37.61025],[-119.97246,37.60945],[-119.97964,37.6098],[-119.97951,37.61184],[-119.97696,37.61304],[-119.97648,37.61464],[-119.9746,37.61562],[-119.97695,37.61735],[-119.97739,37.61848],[-119.97615,37.62038],[-119.97697,37.62147],[-119.97723,37.62392],[-119.979,37.62497],[-119.98062,37.62379],[-119.98477,37.62535],[-119.98953,37.62963],[-119.99086,37.63279],[-119.98731,37.63961],[-119.98563,37.64081],[-119.98388,37.64082],[-119.97945,37.6431],[-119.97678,37.64364],[-119.9737,37.64742],[-119.96908,37.64916],[-119.9671,37.65044],[-119.96665,37.65174],[-119.96228,37.65231],[-119.9588,37.65588],[-119.95697,37.65954],[-119.95352,37.66232],[-119.95448,37.66331],[-119.95437,37.66448],[-119.95133,37.66703],[-119.95082,37.66978],[-119.95272,37.67199],[-119.95285,37.6736],[-119.95475,37.6744],[-119.95417,37.67542],[-119.95724,37.67889],[-119.95775,37.68044],[-119.96093,37.68374],[-119.9624,37.68416],[-119.96343,37.6886],[-119.96806,37.69139],[-119.97369,37.6914],[-119.98088,37.69331],[-119.98219,37.69846],[-119.98199,37.70279],[-119.9839,37.70561],[-119.98142,37.70732],[-119.98388,37.70984],[-119.98612,37.71086],[-119.98753,37.71389],[-119.99008,37.71654],[-119.99059,37.71576],[-119.99127,37.71595],[-119.99208,37.71776],[-120.00637,37.73206],[-120.01302,37.73607],[-120.01467,37.73556],[-120.01493,37.73638],[-120.01675,37.73644],[-120.0192,37.73907],[-120.02277,37.73982],[-120.02628,37.74229],[-120.02903,37.74227],[-120.03246,37.74368],[-120.03302,37.74458],[-120.03804,37.74725],[-120.04005,37.74968],[-120.05126,37.75226],[-120.05553,37.75395],[-120.06128,37.75323],[-120.06508,37.75433],[-120.06765,37.75412],[-120.06979,37.75545],[-120.07095,37.75484],[-120.0768,37.75543],[-120.08055,37.75705],[-120.09315,37.75476],[-120.09387,37.75322],[-120.09573,37.75182],[-120.10578,37.75388],[-120.10402,37.75368],[-120.10355,37.75484],[-120.09937,37.75452],[-120.09951,37.75605],[-120.10556,37.7573],[-120.1057,37.75869],[-120.10749,37.76013],[-120.10694,37.76181],[-120.10902,37.7643],[-120.10636,37.76707],[-120.10614,37.76859],[-120.10352,37.77009],[-120.10336,37.77432],[-120.10655,37.77801],[-120.11227,37.78179],[-120.11124,37.7848],[-120.11613,37.78777],[-120.1227,37.79377],[-120.12393,37.7967],[-120.12084,37.79998],[-120.12208,37.8031],[-120.12122,37.80807],[-120.12275,37.81107],[-120.12221,37.813],[-120.11787,37.81373],[-120.11083,37.81621],[-120.09874,37.82404],[-120.09259,37.82556],[-120.09034,37.82475],[-120.08905,37.82171],[-120.08721,37.82051],[-120.07597,37.81944],[-120.07109,37.81478],[-120.06646,37.81382],[-120.05051,37.81974],[-120.0459,37.81968],[-120.03838,37.82188],[-120.03256,37.82088],[-120.02951,37.82114],[-120.02631,37.82254],[-120.02294,37.82287],[-120.02039,37.82508],[-120.01889,37.8248],[-120.01632,37.82256],[-120.01,37.8248],[-120.00585,37.82431],[-120.00365,37.82249],[-120.0002,37.82307],[-119.99587,37.8211],[-119.99312,37.82349],[-119.98793,37.82406],[-119.98437,37.82887],[-119.98297,37.8294],[-119.97925,37.82777],[-119.97464,37.82703],[-119.96662,37.82271],[-119.95901,37.82157],[-119.95556,37.81847],[-119.95194,37.81884],[-119.94877,37.81575],[-119.93861,37.81635],[-119.93338,37.81515],[-119.9314,37.81644],[-119.92861,37.81635],[-119.92197,37.81843],[-119.92024,37.82037],[-119.91602,37.82232],[-119.91446,37.82159],[-119.91372,37.81939],[-119.91093,37.81759],[-119.90953,37.81508],[-119.90602,37.81413],[-119.90423,37.81188],[-119.902,37.81089],[-119.90023,37.81129],[-119.89968,37.81333],[-119.89842,37.81412],[-119.89366,37.81323],[-119.88181,37.81352],[-119.87659,37.81597],[-119.8752,37.81516],[-119.87455,37.81196],[-119.87232,37.81021],[-119.87313,37.81019],[-119.87325,37.80669]]]},"properties":{"id":"12","code":"G37","name":"Anderson Flat Buck Hunt","kind":"additional_hunt","group":"General","hunt_type":"BUCK","acreage":88582}},{"type":"Feature","geometry":{"type":"Polygon","coordinates":[[[-117.26588,33.32925],[-117.26984,33.30018],[-117.38958,33.20795],[-117.39261,33.20714],[-117.39416,33.20859],[-117.3938,33.21076],[-117.39449,33.21093],[-117.39383,33.21286],[-117.39565,33.21413],[-117.39848,33.21083],[-117.39769,33.2099],[-117.39816,33.20955],[-117.39999,33.21158],[-117.40371,33.21173],[-117.40383,33.21334],[-117.40616,33.21801],[-117.41411,33.22835],[-117.41364,33.23007],[-117.41527,33.22988],[-117.41861,33.23359],[-117.44576,33.26726],[-117.4711,33.29704],[-117.49483,33.32249],[-117.50843,33.33516],[-117.52201,33.34614],[-117.54543,33.36304],[-117.56521,33.37259],[-117.5692,33.37538],[-117.57337,33.37962],[-117.57528,33.38049],[-117.58047,33.38083],[-117.58204,33.38166],[-117.58837,33.38263],[-117.59083,33.38446],[-117.596,33.38664],[-117.57853,33.45374],[-117.55961,33.45105],[-117.53888,33.45519],[-117.50915,33.47037],[-117.50945,33.48418],[-117.48783,33.50378],[-117.47255,33.48801],[-117.47596,33.47096],[-117.46982,33.47098],[-117.46764,33.47323],[-117.46585,33.47401],[-117.46586,33.47748],[-117.40855,33.4607],[-117.40066,33.45592],[-117.39496,33.43808],[-117.38846,33.42953],[-117.33514,33.43102],[-117.33515,33.42726],[-117.33963,33.42721],[-117.3395,33.42033],[-117.33088,33.42044],[-117.33078,33.42388],[-117.32645,33.42388],[-117.3267,33.41696],[-117.32456,33.41693],[-117.32483,33.41342],[-117.32261,33.41337],[-117.32241,33.41691],[-117.31807,33.4169],[-117.31812,33.41329],[-117.31365,33.4132],[-117.31356,33.40805],[-117.2955,33.41799],[-117.27437,33.40751],[-117.25533,33.40662],[-117.25719,33.39498],[-117.26977,33.39503],[-117.27059,33.39434],[-117.27427,33.39489],[-117.27882,33.39008],[-117.28021,33.39085],[-117.27921,33.3941],[-117.27965,33.39571],[-117.28137,33.39843],[-117.28267,33.3982],[-117.28623,33.39478],[-117.29269,33.39397],[-117.29439,33.39132],[-117.29696,33.38906],[-117.29578,33.38706],[-117.29597,33.38567],[-117.29722,33.38496],[-117.30254,33.38475],[-117.30346,33.38382],[-117.3033,33.38158],[-117.30446,33.38037],[-117.30938,33.37846],[-117.31016,33.373],[-117.31367,33.37161],[-117.31386,33.33045],[-117.31321,33.32936],[-117.26588,33.32925]]]},"properties":{"id":"13","code":"G10","name":"Camp Pendleton Either-Sex Deer Hunt","kind":"additional_hunt","group":"General","hunt_type":"EITHER-SEX","acreage":125744}},{"type":"Feature","geometry":{"type":"Polygon","coordinates":[[[-118.23348,35.68953],[-118.23502,35.69085],[-118.23126,35.69228],[-118.22911,35.69467],[-118.2219,35.69662],[-118.21698,35.70013],[-118.2151,35.70254],[-118.20201,35.70431],[-118.19321,35.70698],[-118.18894,35.71284],[-118.18412,35.7169],[-118.18104,35.71802],[-118.18099,35.71917],[-118.17861,35.72109],[-118.17867,35.72555],[-118.1735,35.73002],[-118.17384,35.73224],[-118.17558,35.73435],[-118.17343,35.73558],[-118.17331,35.73701],[-118.17737,35.73809],[-118.1781,35.73946],[-118.17734,35.74121],[-118.17847,35.74377],[-118.18489,35.74621],[-118.18532,35.74867],[-118.18714,35.75096],[-118.18775,35.75378],[-118.1921,35.756],[-118.19541,35.75918],[-118.19718,35.76244],[-118.19592,35.76427],[-118.1962,35.76585],[-118.19983,35.76817],[-118.20299,35.76836],[-118.206,35.7704],[-118.20506,35.77361],[-118.20372,35.77467],[-118.20022,35.77451],[-118.19712,35.77572],[-118.19599,35.77988],[-118.19404,35.78181],[-118.19429,35.7831],[-118.19346,35.78491],[-118.19395,35.78718],[-118.19316,35.78969],[-118.19563,35.79101],[-118.19576,35.79616],[-118.19758,35.803],[-118.20198,35.80639],[-118.20138,35.81078],[-118.20289,35.81279],[-118.20296,35.81437],[-118.20068,35.81656],[-118.1972,35.81718],[-118.19581,35.8186],[-118.1921,35.81937],[-118.19237,35.82238],[-118.19618,35.82452],[-118.18969,35.82828],[-118.19005,35.83191],[-118.19415,35.83423],[-118.19595,35.83657],[-118.19733,35.83715],[-118.20812,35.83674],[-118.21196,35.83495],[-118.21624,35.83448],[-118.21735,35.8391],[-118.21655,35.84054],[-118.21764,35.84178],[-118.2171,35.84357],[-118.21328,35.84599],[-118.20858,35.84562],[-118.20778,35.84616],[-118.20608,35.84881],[-118.20529,35.85203],[-118.2024,35.85454],[-118.20044,35.85946],[-118.20103,35.86092],[-118.20019,35.8626],[-118.20195,35.86374],[-118.20136,35.86551],[-118.20219,35.86789],[-118.20191,35.86952],[-118.19677,35.87554],[-118.19634,35.87812],[-118.19356,35.88017],[-118.19356,35.8851],[-118.19025,35.88818],[-118.18896,35.89039],[-118.189,35.89282],[-118.18693,35.89363],[-118.18691,35.89517],[-118.18782,35.89621],[-118.19168,35.89691],[-118.19121,35.89948],[-118.18624,35.90368],[-118.18513,35.90591],[-118.17939,35.90637],[-118.1779,35.91005],[-118.17222,35.90973],[-118.16954,35.91069],[-118.16924,35.91192],[-118.16679,35.91326],[-118.16646,35.91558],[-118.16471,35.91741],[-118.16833,35.92087],[-118.16718,35.92534],[-118.16758,35.93162],[-118.16351,35.93264],[-118.1643,35.93393],[-118.16269,35.93501],[-118.16314,35.93838],[-118.1619,35.9401],[-118.16333,35.9411],[-118.16702,35.94155],[-118.16815,35.94264],[-118.16904,35.94415],[-118.16585,35.94448],[-118.16561,35.94554],[-118.16878,35.94982],[-118.16768,35.95199],[-118.16186,35.95456],[-118.16038,35.95589],[-118.16311,35.95971],[-118.16075,35.96116],[-118.16092,35.96216],[-118.15927,35.96347],[-118.15962,35.96496],[-118.15765,35.96685],[-118.16,35.97004],[-118.15817,35.97353],[-118.15556,35.97614],[-118.15499,35.97942],[-118.1534,35.9817],[-118.1552,35.98281],[-118.15515,35.98368],[-118.15302,35.98445],[-118.15211,35.98658],[-118.15043,35.98675],[-118.14983,35.98565],[-118.14755,35.98539],[-118.14653,35.98707],[-118.14776,35.98958],[-118.15011,35.99078],[-118.15067,35.9949],[-118.1498,35.99607],[-118.14679,35.99692],[-118.1458,35.99864],[-118.14399,35.99897],[-118.14427,36.00099],[-118.14591,36.00276],[-118.14423,36.00356],[-118.14356,36.00492],[-118.14031,36.00577],[-118.13821,36.00732],[-118.13777,36.01188],[-118.13633,36.01396],[-118.13501,36.01454],[-118.13261,36.01396],[-118.13201,36.01569],[-118.13485,36.01689],[-118.13419,36.01898],[-118.13459,36.02204],[-118.13594,36.02261],[-118.13796,36.02129],[-118.13944,36.02138],[-118.14025,36.02228],[-118.13997,36.02433],[-118.14366,36.02774],[-118.1471,36.02878],[-118.14951,36.03049],[-118.1533,36.02967],[-118.15488,36.02801],[-118.15705,36.02754],[-118.15805,36.0279],[-118.15874,36.03194],[-118.1596,36.03268],[-118.16794,36.03093],[-118.17261,36.03104],[-118.17445,36.02998],[-118.17703,36.02966],[-118.18184,36.03223],[-118.18771,36.03189],[-118.18953,36.0336],[-118.19276,36.03384],[-118.19958,36.03616],[-118.20044,36.04018],[-118.20436,36.04258],[-118.20326,36.04519],[-118.19959,36.04846],[-118.1996,36.04998],[-118.20621,36.05336],[-118.20718,36.05503],[-118.20881,36.05597],[-118.20957,36.05937],[-118.2161,36.06376],[-118.21838,36.06365],[-118.21972,36.06154],[-118.22121,36.06074],[-118.22011,36.05729],[-118.22064,36.05616],[-118.2226,36.05595],[-118.22585,36.05712],[-118.22836,36.05589],[-118.2303,36.05662],[-118.24061,36.06455],[-118.24183,36.06705],[-118.2444,36.06853],[-118.24523,36.07387],[-118.24786,36.07873],[-118.25265,36.08336],[-118.25332,36.08681],[-118.26407,36.09269],[-118.26587,36.09594],[-118.26376,36.10175],[-118.26715,36.10776],[-118.26518,36.10917],[-118.26555,36.11209],[-118.26417,36.11463],[-118.26383,36.12174],[-118.26246,36.12222],[-118.25807,36.11902],[-118.25582,36.11961],[-118.25751,36.12442],[-118.26201,36.1274],[-118.25934,36.12898],[-118.25916,36.13294],[-118.26629,36.13476],[-118.26624,36.13676],[-118.26753,36.13898],[-118.2691,36.13943],[-118.26992,36.14164],[-118.27032,36.14647],[-118.2734,36.149],[-118.27458,36.15203],[-118.27415,36.154],[-118.26723,36.15268],[-118.26584,36.15346],[-118.26599,36.15455],[-118.26839,36.15517],[-118.26935,36.15638],[-118.26675,36.15923],[-118.26737,36.16218],[-118.26617,36.16409],[-118.26673,36.16736],[-118.26999,36.17019],[-118.27056,36.17222],[-118.26782,36.17845],[-118.27204,36.17942],[-118.27444,36.17838],[-118.27686,36.17851],[-118.28209,36.18171],[-118.28627,36.18534],[-118.28874,36.19233],[-118.29191,36.19203],[-118.29483,36.18801],[-118.29696,36.18781],[-118.30231,36.18956],[-118.30651,36.19329],[-118.30967,36.19428],[-118.31085,36.20055],[-118.31069,36.20416],[-118.30819,36.20863],[-118.31057,36.20939],[-118.31424,36.21322],[-118.3167,36.21377],[-118.32129,36.21342],[-118.32381,36.21447],[-118.32742,36.21483],[-118.33143,36.21733],[-118.33514,36.21829],[-118.33843,36.21823],[-118.34309,36.22142],[-118.35356,36.22139],[-118.3579,36.22448],[-118.35815,36.22667],[-118.35952,36.22905],[-118.36464,36.2312],[-118.36641,36.23309],[-118.36852,36.23351],[-118.37151,36.23698],[-118.37463,36.23633],[-118.37764,36.23724],[-118.37942,36.24161],[-118.38709,36.24086],[-118.39786,36.24348],[-118.40018,36.24473],[-118.40161,36.24651],[-118.40166,36.24948],[-118.40338,36.25143],[-118.40017,36.2576],[-118.40186,36.25899],[-118.40165,36.26203],[-118.40632,36.26669],[-118.405,36.27181],[-118.40722,36.27576],[-118.40682,36.27746],[-118.40758,36.27902],[-118.40655,36.2844],[-118.40766,36.28901],[-118.4056,36.29745],[-118.40592,36.30155],[-118.40506,36.3042],[-118.40137,36.30809],[-118.40156,36.31313],[-118.40341,36.31488],[-118.40269,36.31694],[-118.40544,36.31869],[-118.4067,36.32288],[-118.40602,36.32349],[-118.40637,36.32429],[-118.40407,36.33275],[-118.40506,36.33625],[-118.4069,36.3376],[-118.40754,36.33928],[-118.4052,36.34193],[-118.40522,36.34414],[-118.40664,36.34555],[-118.40609,36.34935],[-118.40341,36.35152],[-118.40065,36.35563],[-118.39497,36.35821],[-118.39038,36.36209],[-118.38638,36.36432],[-118.38279,36.36868],[-118.38009,36.37608],[-118.37932,36.38349],[-118.37505,36.38556],[-118.37357,36.38753],[-118.37462,36.39515],[-118.37372,36.40242],[-118.36974,36.40952],[-118.36919,36.41775],[-118.36534,36.42363],[-118.3649,36.42973],[-118.36242,36.435],[-118.35686,36.43711],[-118.35347,36.44179],[-118.34792,36.44434],[-118.33312,36.44524],[-118.32836,36.4509],[-118.32513,36.45345],[-118.32281,36.45362],[-118.31908,36.45232],[-118.31424,36.4531],[-118.30975,36.45275],[-118.30114,36.45486],[-118.29954,36.45584],[-118.29778,36.45879],[-118.29348,36.46014],[-118.28802,36.46376],[-118.28512,36.46463],[-118.2799,36.4649],[-118.27587,36.4682],[-118.26772,36.46872],[-118.26279,36.47279],[-118.25514,36.47595],[-118.25204,36.47991],[-118.25013,36.48128],[-118.24964,36.48259],[-118.24812,36.48073],[-118.24112,36.47746],[-118.23682,36.47677],[-118.23769,36.47473],[-118.23704,36.47303],[-118.23316,36.46892],[-118.23198,36.46535],[-118.22961,36.46403],[-118.22311,36.46344],[-118.22103,36.45851],[-118.21586,36.4564],[-118.21534,36.45367],[-118.21494,36.45471],[-118.2125,36.456],[-118.21341,36.45417],[-118.21216,36.45431],[-118.21237,36.45299],[-118.2114,36.4522],[-118.2065,36.4542],[-118.206,36.45304],[-118.20418,36.45525],[-118.20157,36.45458],[-118.20087,36.45373],[-118.19845,36.45395],[-118.19386,36.45216],[-118.19104,36.45202],[-118.18683,36.45302],[-118.17898,36.44815],[-118.17212,36.448],[-118.16699,36.44873],[-118.16063,36.45118],[-118.16113,36.45337],[-118.16424,36.45815],[-118.16435,36.45966],[-118.16249,36.45916],[-118.15729,36.46019],[-118.15563,36.45985],[-118.15319,36.46157],[-118.15082,36.46178],[-118.14986,36.46294],[-118.14219,36.46407],[-118.13817,36.46385],[-118.1322,36.46176],[-118.12603,36.46132],[-118.12454,36.45996],[-118.12175,36.45945],[-118.11978,36.46038],[-118.11927,36.46192],[-118.117,36.46317],[-118.11496,36.46329],[-118.10944,36.45982],[-118.1082,36.45749],[-118.10414,36.45738],[-118.10244,36.45604],[-118.09571,36.45398],[-118.09759,36.45077],[-118.09481,36.44821],[-118.09481,36.44688],[-118.09629,36.44605],[-118.09584,36.44495],[-118.09152,36.44477],[-118.09023,36.44418],[-118.08991,36.44197],[-118.08857,36.44131],[-118.08009,36.43942],[-118.07524,36.43507],[-118.07235,36.43361],[-118.06693,36.43291],[-118.06642,36.43255],[-118.06671,36.42987],[-118.06353,36.43143],[-118.0614,36.42946],[-118.06089,36.42724],[-118.05981,36.42622],[-118.05783,36.42553],[-118.05587,36.42616],[-118.05158,36.42559],[-118.05016,36.42229],[-118.04806,36.41992],[-118.04371,36.41807],[-118.04143,36.41789],[-118.033,36.41292],[-118.0281,36.41155],[-118.0242,36.39059],[-118.02343,36.35285],[-118.02054,36.33785],[-118.02111,36.33482],[-118.02671,36.32234],[-118.02695,36.31449],[-118.01771,36.29361],[-118.00595,36.28188],[-117.98045,36.22877],[-117.97738,36.1647],[-117.97568,36.15644],[-117.97034,36.11061],[-117.96049,36.08755],[-117.93207,35.99839],[-117.91873,35.96756],[-117.91088,35.95646],[-117.90583,35.93753],[-117.90802,35.92987],[-117.90763,35.92309],[-117.89841,35.89691],[-117.89611,35.89227],[-117.87828,35.8642],[-117.87594,35.85845],[-117.86785,35.70648],[-117.86795,35.69597],[-117.86732,35.69452],[-117.86669,35.68226],[-117.86767,35.67788],[-117.88157,35.64337],[-117.9031,35.60162],[-117.92069,35.60302],[-117.92933,35.60657],[-117.94827,35.61802],[-117.95374,35.62323],[-117.9956,35.64875],[-118.00832,35.65263],[-118.01629,35.65924],[-118.02562,35.66236],[-118.03465,35.6668],[-118.03554,35.66927],[-118.03767,35.66599],[-118.03938,35.66615],[-118.04298,35.67053],[-118.04419,35.67706],[-118.04607,35.68144],[-118.05364,35.68883],[-118.0569,35.69608],[-118.0632,35.70097],[-118.06885,35.70754],[-118.06879,35.71338],[-118.06947,35.71523],[-118.07219,35.71976],[-118.07417,35.72128],[-118.07716,35.72551],[-118.07703,35.7281],[-118.07832,35.73251],[-118.07715,35.73607],[-118.07813,35.73864],[-118.08166,35.74128],[-118.08183,35.74298],[-118.08535,35.74539],[-118.09768,35.75004],[-118.10547,35.75068],[-118.11163,35.74919],[-118.12214,35.7398],[-118.12852,35.73275],[-118.13484,35.72968],[-118.14577,35.72587],[-118.15391,35.7264],[-118.15819,35.72809],[-118.16306,35.72891],[-118.16787,35.7285],[-118.16878,35.72759],[-118.17371,35.71298],[-118.18363,35.70133],[-118.19082,35.69576],[-118.1951,35.69631],[-118.20837,35.69498],[-118.21336,35.69742],[-118.21662,35.69555],[-118.23348,35.68953]]]},"properties":{"id":"14","code":"G38","name":"X10 Late Season Buck Hunt","kind":"additional_hunt","group":"General","hunt_type":"BUCK","acreage":605898}},{"type":"Feature","geometry":{"type":"Polygon","coordinates":[[[-118.68419,37.23911],[-118.68433,37.24139],[-118.68278,37.24461],[-118.67945,37.2468],[-118.6753,37.24774],[-118.67351,37.24974],[-118.67433,37.25101],[-118.67342,37.25233],[-118.67214,37.25289],[-118.66992,37.25628],[-118.66817,37.25697],[-118.6681,37.25918],[-118.66408,37.26132],[-118.66669,37.26432],[-118.66945,37.26529],[-118.67084,37.26661],[-118.67096,37.26918],[-118.67193,37.27031],[-118.67565,37.27177],[-118.67639,37.27561],[-118.67726,37.27608],[-118.67797,37.27852],[-118.68127,37.2801],[-118.68235,37.28521],[-118.6848,37.28642],[-118.68516,37.29043],[-118.68912,37.29315],[-118.69016,37.29674],[-118.69433,37.30134],[-118.69473,37.30574],[-118.69813,37.30544],[-118.69947,37.30759],[-118.70305,37.31033],[-118.70782,37.31692],[-118.70952,37.3222],[-118.71145,37.32314],[-118.71636,37.32863],[-118.72605,37.32411],[-118.72853,37.32359],[-118.73025,37.32153],[-118.73256,37.32096],[-118.73497,37.31897],[-118.73621,37.31717],[-118.73794,37.31705],[-118.73942,37.31602],[-118.74798,37.32227],[-118.7501,37.32272],[-118.75096,37.32416],[-118.75747,37.32919],[-118.75975,37.32866],[-118.76421,37.33209],[-118.76657,37.33151],[-118.77338,37.33521],[-118.78013,37.33497],[-118.77999,37.3363],[-118.78102,37.33702],[-118.78079,37.33849],[-118.78388,37.3404],[-118.78642,37.34367],[-118.78425,37.35224],[-118.78121,37.35536],[-118.78154,37.35691],[-118.77852,37.35875],[-118.77162,37.35875],[-118.76911,37.35937],[-118.76814,37.36158],[-118.77015,37.36687],[-118.76769,37.36807],[-118.77208,37.37268],[-118.77357,37.37529],[-118.77628,37.37535],[-118.77881,37.37681],[-118.7798,37.37977],[-118.77944,37.382],[-118.78239,37.38297],[-118.78536,37.38689],[-118.78565,37.38946],[-118.78746,37.39001],[-118.79006,37.39396],[-118.78784,37.39669],[-118.78602,37.4027],[-118.78411,37.40486],[-118.78241,37.40838],[-118.78361,37.41337],[-118.78027,37.42147],[-118.77796,37.42389],[-118.77366,37.42575],[-118.77257,37.42535],[-118.77187,37.42369],[-118.76856,37.42309],[-118.76682,37.42525],[-118.76498,37.43095],[-118.76404,37.43197],[-118.761,37.43288],[-118.75962,37.43536],[-118.75837,37.4435],[-118.76357,37.45424],[-118.76222,37.45653],[-118.76724,37.45708],[-118.77231,37.4594],[-118.77474,37.4645],[-118.77774,37.46713],[-118.77741,37.46984],[-118.7839,37.47364],[-118.7855,37.47598],[-118.78536,37.4787],[-118.78887,37.48055],[-118.79108,37.48445],[-118.79382,37.48573],[-118.79467,37.48783],[-118.79641,37.4894],[-118.80457,37.4895],[-118.80844,37.48725],[-118.81028,37.48694],[-118.81444,37.48775],[-118.81498,37.48873],[-118.82344,37.48534],[-118.82536,37.483],[-118.82979,37.48131],[-118.83389,37.48075],[-118.83545,37.48264],[-118.83637,37.48274],[-118.8421,37.48139],[-118.85005,37.47638],[-118.85385,37.47781],[-118.85727,37.47971],[-118.85545,37.48184],[-118.85724,37.48396],[-118.85781,37.48654],[-118.85958,37.48848],[-118.85969,37.49052],[-118.85856,37.49406],[-118.85981,37.49665],[-118.85977,37.49994],[-118.8608,37.5015],[-118.86575,37.50535],[-118.86635,37.50709],[-118.87481,37.50756],[-118.88055,37.50952],[-118.88165,37.51054],[-118.88116,37.51373],[-118.88314,37.5159],[-118.88377,37.51996],[-118.88589,37.51999],[-118.88802,37.52105],[-118.89193,37.52553],[-118.89845,37.52459],[-118.90234,37.52581],[-118.90306,37.52724],[-118.90116,37.5307],[-118.90576,37.53705],[-118.90936,37.53955],[-118.90995,37.54226],[-118.91134,37.54253],[-118.91306,37.54453],[-118.91417,37.54772],[-118.91616,37.5502],[-118.92155,37.54995],[-118.92717,37.5485],[-118.92995,37.54884],[-118.93318,37.55183],[-118.93894,37.55472],[-118.94134,37.55829],[-118.94163,37.56163],[-118.94557,37.56308],[-118.94674,37.56481],[-118.95037,37.56468],[-118.95318,37.56563],[-118.95587,37.56271],[-118.95974,37.56321],[-118.95986,37.56134],[-118.96146,37.56084],[-118.96281,37.55855],[-118.96557,37.55815],[-118.96825,37.55959],[-118.97056,37.55887],[-118.97412,37.55992],[-118.97544,37.56285],[-118.9779,37.56375],[-118.98177,37.56323],[-118.98247,37.56486],[-118.98554,37.56721],[-118.99025,37.56736],[-118.99422,37.56933],[-118.99818,37.56905],[-118.99986,37.56974],[-119.00009,37.57057],[-119.00367,37.57164],[-119.00672,37.57657],[-119.014,37.5806],[-119.0158,37.58295],[-119.02207,37.58421],[-119.02322,37.5852],[-119.02337,37.58673],[-119.025,37.58773],[-119.02707,37.59533],[-119.03146,37.59867],[-119.03469,37.60402],[-119.03509,37.60602],[-119.03197,37.61287],[-119.03183,37.61577],[-119.03341,37.61701],[-119.03353,37.6184],[-119.03219,37.62314],[-119.03072,37.62512],[-119.03103,37.62763],[-119.03259,37.62889],[-119.03239,37.63051],[-119.0356,37.63256],[-119.03815,37.63276],[-119.04135,37.63445],[-119.04352,37.63653],[-119.04548,37.63728],[-119.05162,37.64387],[-119.05463,37.64518],[-119.05364,37.64646],[-119.05419,37.6509],[-119.05799,37.65402],[-119.04852,37.65042],[-119.04645,37.65132],[-119.03919,37.65031],[-119.03651,37.6515],[-119.03405,37.65386],[-119.03053,37.65474],[-119.02216,37.64997],[-119.01617,37.64957],[-119.01304,37.64864],[-119.01003,37.65076],[-119.00554,37.6513],[-119.00341,37.65036],[-119.00075,37.65151],[-118.99935,37.65016],[-118.99796,37.64999],[-118.99648,37.65259],[-118.99469,37.6537],[-118.99624,37.6547],[-118.99611,37.65556],[-118.99287,37.65622],[-118.99081,37.65402],[-118.98538,37.65346],[-118.98462,37.65041],[-118.98309,37.64848],[-118.97574,37.64875],[-118.96439,37.64662],[-118.95384,37.64637],[-118.93679,37.64016],[-118.92415,37.63977],[-118.91647,37.64135],[-118.90974,37.6388],[-118.88593,37.63555],[-118.81311,37.61562],[-118.81004,37.61325],[-118.80439,37.6041],[-118.79164,37.59162],[-118.77484,37.58384],[-118.75638,37.5767],[-118.74054,37.57345],[-118.72083,37.57524],[-118.71742,37.57454],[-118.71082,37.5717],[-118.6987,37.57196],[-118.69487,37.57058],[-118.6873,37.56544],[-118.67692,37.5619],[-118.66497,37.56013],[-118.65959,37.55783],[-118.65311,37.55772],[-118.64034,37.55058],[-118.6392,37.54796],[-118.63985,37.54053],[-118.6386,37.53734],[-118.63645,37.5353],[-118.62876,37.53094],[-118.62135,37.52496],[-118.61758,37.5229],[-118.6106,37.52061],[-118.60274,37.5208],[-118.59353,37.51853],[-118.58645,37.51577],[-118.58382,37.51353],[-118.5832,37.51155],[-118.58048,37.4724],[-118.57881,37.4684],[-118.57794,37.46301],[-118.57271,37.45135],[-118.57149,37.44198],[-118.5697,37.43854],[-118.55896,37.42566],[-118.55119,37.41201],[-118.54778,37.40841],[-118.54294,37.40589],[-118.46551,37.37653],[-118.46014,37.37584],[-118.399,37.37585],[-118.39616,37.3749],[-118.39536,37.37331],[-118.39527,37.36141],[-118.45423,37.36086],[-118.45941,37.35839],[-118.46453,37.35347],[-118.47881,37.34262],[-118.50687,37.33948],[-118.52386,37.33149],[-118.52477,37.32964],[-118.52355,37.32779],[-118.5217,37.32726],[-118.51693,37.32772],[-118.51505,37.32684],[-118.51408,37.32547],[-118.51417,37.32348],[-118.51881,37.31442],[-118.52741,37.30789],[-118.53208,37.30285],[-118.55333,37.29246],[-118.57434,37.27536],[-118.58042,37.26436],[-118.57973,37.25771],[-118.5815,37.25346],[-118.58166,37.2502],[-118.58317,37.24917],[-118.58875,37.24833],[-118.59656,37.24273],[-118.59719,37.24127],[-118.59733,37.23215],[-118.60092,37.22583],[-118.60475,37.22153],[-118.60924,37.22125],[-118.60842,37.22228],[-118.60903,37.22251],[-118.60809,37.2267],[-118.60963,37.22931],[-118.61275,37.23111],[-118.61708,37.22918],[-118.62699,37.22771],[-118.62872,37.22654],[-118.63109,37.22748],[-118.634,37.22729],[-118.63704,37.22897],[-118.64207,37.22925],[-118.64276,37.23001],[-118.64408,37.22956],[-118.64357,37.2308],[-118.64728,37.23215],[-118.6469,37.2324],[-118.6476,37.23257],[-118.6469,37.23286],[-118.64794,37.23306],[-118.64715,37.23362],[-118.65023,37.23294],[-118.65209,37.23077],[-118.65234,37.23162],[-118.65375,37.23122],[-118.65563,37.23236],[-118.66121,37.23329],[-118.66413,37.23568],[-118.66545,37.23542],[-118.66619,37.23635],[-118.66827,37.23587],[-118.67202,37.23717],[-118.67548,37.23698],[-118.67655,37.23729],[-118.67642,37.23792],[-118.67768,37.23883],[-118.68114,37.24021],[-118.68419,37.23911]]]},"properties":{"id":"15","code":"G39","name":"Round Valley Late Season Buck Hunt","kind":"additional_hunt","group":"General","hunt_type":"BUCK","acreage":224817}},{"type":"Feature","geometry":{"type":"Polygon","coordinates":[[[-119.25013,37.72921],[-119.2456,37.7289],[-119.24314,37.72842],[-119.24109,37.72709],[-119.23933,37.72724],[-119.23707,37.72407],[-119.23058,37.72068],[-119.23012,37.7173],[-119.22648,37.71602],[-119.22351,37.71616],[-119.22224,37.71491],[-119.2161,37.71372],[-119.21477,37.71252],[-119.2143,37.71021],[-119.21262,37.70907],[-119.21211,37.70706],[-119.20941,37.70449],[-119.20764,37.70153],[-119.19783,37.70004],[-119.19562,37.69772],[-119.1949,37.69562],[-119.19788,37.69356],[-119.19963,37.69012],[-119.20112,37.68325],[-119.1995,37.68172],[-119.19576,37.68183],[-119.19525,37.67922],[-119.19307,37.67633],[-119.1928,37.67356],[-119.19063,37.67226],[-119.1866,37.6718],[-119.1869,37.67062],[-119.18617,37.66945],[-119.18248,37.66753],[-119.17856,37.66118],[-119.17439,37.66033],[-119.17495,37.65915],[-119.17106,37.65549],[-119.17099,37.65352],[-119.16956,37.65166],[-119.17073,37.64954],[-119.16687,37.64533],[-119.167,37.64401],[-119.17129,37.64111],[-119.17068,37.63735],[-119.16923,37.63634],[-119.1661,37.63092],[-119.17042,37.62842],[-119.17085,37.62659],[-119.16948,37.62197],[-119.16651,37.62146],[-119.16495,37.62045],[-119.16481,37.6186],[-119.16167,37.61847],[-119.16081,37.61669],[-119.15831,37.61625],[-119.15321,37.62013],[-119.15252,37.62123],[-119.15255,37.62338],[-119.14915,37.62435],[-119.14696,37.62327],[-119.13746,37.62234],[-119.13315,37.6188],[-119.13366,37.61513],[-119.13164,37.61425],[-119.128,37.61477],[-119.12581,37.6141],[-119.12361,37.61205],[-119.12405,37.6108],[-119.12189,37.61051],[-119.11838,37.61273],[-119.11613,37.61288],[-119.10669,37.61052],[-119.10287,37.61103],[-119.09753,37.61033],[-119.09756,37.60735],[-119.09678,37.60509],[-119.09414,37.60264],[-119.09167,37.60149],[-119.09151,37.59956],[-119.09234,37.5986],[-119.09013,37.59582],[-119.09166,37.59655],[-119.09187,37.59477],[-119.0942,37.59325],[-119.09466,37.59077],[-119.09266,37.57258],[-119.09476,37.56712],[-119.09321,37.56484],[-119.09253,37.55757],[-119.095,37.55461],[-119.09569,37.54985],[-119.09695,37.54864],[-119.09897,37.54874],[-119.10115,37.54764],[-119.10757,37.54794],[-119.10972,37.54994],[-119.11221,37.55027],[-119.11408,37.54801],[-119.12114,37.5477],[-119.1235,37.54486],[-119.1282,37.5446],[-119.12752,37.54378],[-119.12244,37.54307],[-119.11716,37.5399],[-119.11345,37.54013],[-119.11063,37.53804],[-119.10425,37.53759],[-119.10249,37.53582],[-119.0969,37.5325],[-119.09466,37.532],[-119.09322,37.53061],[-119.09152,37.53114],[-119.31403,37.35264],[-119.31533,37.35059],[-119.31507,37.34896],[-119.31596,37.34593],[-119.31243,37.34352],[-119.31142,37.34204],[-119.3117,37.34044],[-119.31321,37.33861],[-119.3167,37.33743],[-119.32196,37.33759],[-119.3262,37.33654],[-119.3271,37.33571],[-119.3283,37.33226],[-119.32775,37.33089],[-119.32057,37.32873],[-119.31734,37.32906],[-119.31662,37.32833],[-119.31719,37.32654],[-119.31663,37.32476],[-119.31698,37.32297],[-119.31877,37.32103],[-119.32445,37.32075],[-119.32728,37.319],[-119.32875,37.31677],[-119.33248,37.315],[-119.33549,37.31132],[-119.33412,37.30387],[-119.33038,37.30131],[-119.32941,37.29729],[-119.327,37.29232],[-119.32691,37.29068],[-119.32816,37.28729],[-119.33129,37.28207],[-119.33129,37.27761],[-119.33235,37.27438],[-119.3316,37.27306],[-119.32662,37.27012],[-119.32464,37.26558],[-119.32441,37.25809],[-119.32222,37.25377],[-119.3224,37.24646],[-119.32384,37.24452],[-119.32892,37.24246],[-119.33168,37.23959],[-119.33182,37.23446],[-119.33266,37.23325],[-119.33384,37.22404],[-119.3378,37.2193],[-119.3374,37.21803],[-119.33568,37.21655],[-119.33096,37.2153],[-119.32957,37.21],[-119.3308,37.2056],[-119.33726,37.20047],[-119.33908,37.19499],[-119.34169,37.19051],[-119.34413,37.18853],[-119.34825,37.18671],[-119.3542,37.18572],[-119.36073,37.18039],[-119.36051,37.17029],[-119.36217,37.16762],[-119.36535,37.16564],[-119.37532,37.16411],[-119.37592,37.16177],[-119.37502,37.15895],[-119.37556,37.15736],[-119.37927,37.15507],[-119.38478,37.15349],[-119.38624,37.14993],[-119.38825,37.14913],[-119.39129,37.14982],[-119.40004,37.14998],[-119.40521,37.15816],[-119.40943,37.16138],[-119.41867,37.16387],[-119.42686,37.16415],[-119.43152,37.16325],[-119.43329,37.16105],[-119.43209,37.15629],[-119.43221,37.15237],[-119.43386,37.14838],[-119.43513,37.14731],[-119.44292,37.14402],[-119.44999,37.14465],[-119.45417,37.14387],[-119.46082,37.14517],[-119.46251,37.14427],[-119.46421,37.13766],[-119.46848,37.12889],[-119.46919,37.12601],[-119.46865,37.12421],[-119.46641,37.12139],[-119.46624,37.11957],[-119.46902,37.11481],[-119.47037,37.11072],[-119.47459,37.11],[-119.4785,37.11034],[-119.48098,37.10949],[-119.48313,37.11022],[-119.48888,37.11788],[-119.49124,37.11963],[-119.4931,37.12467],[-119.49181,37.12757],[-119.49128,37.13151],[-119.48905,37.13484],[-119.48944,37.13743],[-119.49306,37.14152],[-119.49556,37.1428],[-119.49638,37.14398],[-119.49914,37.14438],[-119.50325,37.14709],[-119.50424,37.14948],[-119.50548,37.15053],[-119.50904,37.15064],[-119.51357,37.14747],[-119.51763,37.14615],[-119.52017,37.13836],[-119.52252,37.1349],[-119.52347,37.1295],[-119.52475,37.12828],[-119.52723,37.12867],[-119.53332,37.13311],[-119.54025,37.13506],[-119.54387,37.14017],[-119.54769,37.1435],[-119.55087,37.14498],[-119.5538,37.14523],[-119.55493,37.14435],[-119.56073,37.14305],[-119.56385,37.13833],[-119.56332,37.1338],[-119.56388,37.12676],[-119.56881,37.11902],[-119.56866,37.11679],[-119.56619,37.11579],[-119.55678,37.1155],[-119.55098,37.1172],[-119.54821,37.11665],[-119.53873,37.10744],[-119.53786,37.10451],[-119.53928,37.09973],[-119.5413,37.09622],[-119.55286,37.09283],[-119.55902,37.08817],[-119.5617,37.07803],[-119.56348,37.07436],[-119.56081,37.07067],[-119.56147,37.06889],[-119.56064,37.06655],[-119.56152,37.06512],[-119.56336,37.06408],[-119.56946,37.06362],[-119.58072,37.0662],[-119.58666,37.06554],[-119.5933,37.06848],[-119.59744,37.0712],[-119.60121,37.07139],[-119.60496,37.07051],[-119.61001,37.0633],[-119.61048,37.05771],[-119.61326,37.05217],[-119.61073,37.04412],[-119.61356,37.04065],[-119.61609,37.03369],[-119.6185,37.03179],[-119.61896,37.02899],[-119.62085,37.02623],[-119.62599,37.02486],[-119.63198,37.02094],[-119.63437,37.02095],[-119.6355,37.02275],[-119.63571,37.02527],[-119.63373,37.0282],[-119.62944,37.03215],[-119.62903,37.03364],[-119.62962,37.03564],[-119.6389,37.04301],[-119.64587,37.04368],[-119.65078,37.0429],[-119.6546,37.04047],[-119.65837,37.03922],[-119.65939,37.03812],[-119.65839,37.03363],[-119.65917,37.0276],[-119.6566,37.02069],[-119.65646,37.01692],[-119.65778,37.01364],[-119.67246,37.00908],[-119.68264,37.00967],[-119.68872,37.01149],[-119.69592,37.00911],[-119.69858,37.00717],[-119.70031,37.00332],[-119.70623,36.9997],[-119.70792,36.99683],[-119.71215,36.99323],[-119.71373,36.99086],[-119.71962,36.98777],[-119.7332,36.97808],[-119.74059,36.96992],[-119.74308,36.95462],[-119.74259,36.9538],[-119.73797,36.95403],[-119.73637,36.95329],[-119.73373,36.94857],[-119.73399,36.94613],[-119.73691,36.94422],[-119.74163,36.94385],[-119.74525,36.93922],[-119.75229,36.93573],[-119.75295,36.93352],[-119.75099,36.93117],[-119.75099,36.92713],[-119.75466,36.92177],[-119.75683,36.92041],[-119.7619,36.92001],[-119.76603,36.91884],[-119.77084,36.91928],[-119.77389,36.91757],[-119.7754,36.90937],[-119.78938,36.8965],[-119.7898,36.89439],[-119.78861,36.89207],[-119.78867,36.88969],[-119.7853,36.88474],[-119.78615,36.87896],[-119.78868,36.87606],[-119.79132,36.87649],[-119.79719,36.87512],[-119.80254,36.86593],[-119.80945,36.8639],[-119.81121,36.85963],[-119.81163,36.8572],[-119.81109,36.8547],[-119.81164,36.85321],[-119.81359,36.8514],[-119.81339,36.84998],[-119.82327,36.84828],[-119.82584,36.84886],[-119.83186,36.85216],[-119.83452,36.85221],[-119.83855,36.855],[-119.83898,36.85645],[-119.83836,36.85804],[-119.84004,36.86048],[-119.84256,36.86212],[-119.84383,36.86091],[-119.8477,36.86026],[-119.84891,36.85865],[-119.85006,36.85404],[-119.85259,36.85173],[-119.85469,36.85119],[-119.85693,36.8523],[-119.85792,36.85388],[-119.85766,36.85476],[-119.8594,36.85623],[-119.86279,36.85505],[-119.86537,36.85248],[-119.86997,36.85204],[-119.87041,36.85284],[-119.88624,36.85926],[-119.88845,36.85843],[-119.88914,36.85726],[-119.88801,36.85405],[-119.88871,36.85215],[-119.89117,36.85167],[-119.89614,36.8526],[-119.90404,36.85156],[-119.90591,36.85044],[-119.90883,36.84656],[-119.91275,36.84527],[-119.91833,36.84508],[-119.92343,36.84779],[-119.92756,36.84857],[-119.93124,36.84628],[-119.93272,36.84441],[-119.93255,36.84314],[-119.94543,36.85021],[-120.01648,36.91953],[-120.02072,36.92248],[-120.02476,36.92738],[-120.0434,36.94529],[-120.05773,36.95447],[-120.06864,36.9652],[-120.07251,36.97121],[-120.08274,36.98004],[-120.08587,36.98391],[-120.10295,36.99717],[-120.1052,36.9998],[-120.12494,37.01614],[-120.12847,37.01781],[-120.13278,37.02243],[-120.21146,37.08612],[-120.21416,37.09472],[-120.21762,37.10005],[-120.25435,37.12847],[-120.27197,37.1405],[-120.27991,37.14401],[-120.28965,37.15193],[-120.28259,37.15309],[-120.27682,37.15226],[-120.24999,37.158],[-120.24408,37.15702],[-120.24112,37.15839],[-120.23253,37.1599],[-120.22723,37.16354],[-120.22316,37.16399],[-120.21941,37.16235],[-120.21376,37.16443],[-120.209,37.16437],[-120.20213,37.16281],[-120.19491,37.16323],[-120.18777,37.16031],[-120.18562,37.16179],[-120.17659,37.16211],[-120.17487,37.16544],[-120.17008,37.16563],[-120.16861,37.16427],[-120.16463,37.16283],[-120.15723,37.16549],[-120.15315,37.16609],[-120.14656,37.16382],[-120.13768,37.16495],[-120.13287,37.16716],[-120.11951,37.1657],[-120.11529,37.16603],[-120.11457,37.16676],[-120.11055,37.16742],[-120.10925,37.16621],[-120.10728,37.16617],[-120.09963,37.17121],[-120.0943,37.17266],[-120.08489,37.17347],[-120.07239,37.17745],[-120.06523,37.1777],[-120.05249,37.18303],[-119.76208,37.41742],[-119.7239,37.41697],[-119.65171,37.41745],[-119.65092,37.4609],[-119.61478,37.46092],[-119.61654,37.49417],[-119.57787,37.49321],[-119.57829,37.53214],[-119.57421,37.53334],[-119.56901,37.53296],[-119.56821,37.53388],[-119.56419,37.53519],[-119.56071,37.53451],[-119.55152,37.5372],[-119.54195,37.53673],[-119.53712,37.53439],[-119.53499,37.53409],[-119.53341,37.53458],[-119.52651,37.53417],[-119.52393,37.53616],[-119.44472,37.5361],[-119.44342,37.53501],[-119.44329,37.53637],[-119.44202,37.53725],[-119.44188,37.53927],[-119.44038,37.54043],[-119.43794,37.5443],[-119.43399,37.54562],[-119.43335,37.54693],[-119.43014,37.54808],[-119.42629,37.55105],[-119.42417,37.55111],[-119.42049,37.55404],[-119.41587,37.55218],[-119.41144,37.55144],[-119.40997,37.54771],[-119.40797,37.54596],[-119.40715,37.54393],[-119.40112,37.54638],[-119.39942,37.54777],[-119.39774,37.54776],[-119.39449,37.54911],[-119.3943,37.55053],[-119.39193,37.5527],[-119.38896,37.55275],[-119.38705,37.55379],[-119.38763,37.55865],[-119.39006,37.56111],[-119.38742,37.56524],[-119.38685,37.56796],[-119.38297,37.5714],[-119.38286,37.57453],[-119.38531,37.57758],[-119.38607,37.58131],[-119.3842,37.58628],[-119.38658,37.58796],[-119.38504,37.59016],[-119.38462,37.59419],[-119.38102,37.59636],[-119.37755,37.60203],[-119.37689,37.60429],[-119.37777,37.6063],[-119.37568,37.61176],[-119.37579,37.61414],[-119.37406,37.61765],[-119.37123,37.6199],[-119.36774,37.62942],[-119.36992,37.63212],[-119.36654,37.63233],[-119.3608,37.62917],[-119.35806,37.62868],[-119.35518,37.62645],[-119.35367,37.62662],[-119.34746,37.63021],[-119.34174,37.63018],[-119.3362,37.63244],[-119.33007,37.63165],[-119.32703,37.63343],[-119.32558,37.63626],[-119.32469,37.64095],[-119.32656,37.64538],[-119.3255,37.64893],[-119.32266,37.65222],[-119.32084,37.65303],[-119.31655,37.65733],[-119.31316,37.66276],[-119.30734,37.66506],[-119.3026,37.6648],[-119.29502,37.66734],[-119.29088,37.67734],[-119.29407,37.6815],[-119.29023,37.68549],[-119.28978,37.68831],[-119.29041,37.68962],[-119.28619,37.6898],[-119.28049,37.69139],[-119.27889,37.69497],[-119.27891,37.69611],[-119.28043,37.69722],[-119.28012,37.69876],[-119.26635,37.70039],[-119.26239,37.70161],[-119.26263,37.70233],[-119.25998,37.70521],[-119.26117,37.70933],[-119.25995,37.71023],[-119.2596,37.71326],[-119.25813,37.71471],[-119.25878,37.71566],[-119.25847,37.71737],[-119.26055,37.71881],[-119.2598,37.72153],[-119.25775,37.72455],[-119.25506,37.72528],[-119.25313,37.72898],[-119.25134,37.72974],[-119.25013,37.72921]]]},"properties":{"id":"16","code":"G40","name":"D-7 Late Season Buck Hunt","kind":"additional_hunt","group":"General","hunt_type":"BUCK","acreage":938092}},{"type":"Feature","geometry":{"type":"Polygon","coordinates":[[[-119.19889,37.6822],[-119.19932,37.68198],[-119.19948,37.68207],[-119.19889,37.6822]]]},"properties":{"id":"16","code":"G40","name":"D-7 Late Season Buck Hunt","kind":"additional_hunt","group":"General","hunt_type":"BUCK","acreage":938092}},{"type":"Feature","geometry":{"type":"Polygon","coordinates":[[[-121.91367,40.25882],[-121.89501,40.25773],[-121.89508,40.27213],[-121.91358,40.27334],[-121.91367,40.25882],[-121.93207,40.25917],[-121.93213,40.28823],[-121.91349,40.2877],[-121.91339,40.30208],[-121.89491,40.30085],[-121.89561,40.32335],[-121.88529,40.3235],[-121.8854,40.3163],[-121.87647,40.31622],[-121.87664,40.32358],[-121.85766,40.32377],[-121.85752,40.31626],[-121.83845,40.31619],[-121.83848,40.28682],[-121.87606,40.28661],[-121.87618,40.22904],[-121.87525,40.17183],[-121.85647,40.17179],[-121.8562,40.15745],[-121.83752,40.15737],[-121.83745,40.14293],[-121.93092,40.1432],[-121.95032,40.14391],[-121.95034,40.15733],[-121.96939,40.15735],[-121.96944,40.14339],[-121.9957,40.14268],[-121.99526,40.15698],[-121.96939,40.15737],[-121.96974,40.17113],[-121.99551,40.17111],[-121.99631,40.19941],[-122.01545,40.1996],[-122.01518,40.2102],[-122.02011,40.21033],[-122.02005,40.21403],[-122.01873,40.21738],[-122.01368,40.21716],[-122.01224,40.22067],[-122.01734,40.22089],[-122.01384,40.22864],[-121.99601,40.22882],[-121.98949,40.23246],[-121.98748,40.2354],[-121.97614,40.2416],[-121.97323,40.24392],[-121.973,40.24438],[-121.97494,40.2451],[-121.97509,40.24791],[-121.97068,40.25341],[-121.96953,40.25375],[-121.96949,40.24424],[-121.92277,40.24475],[-121.92274,40.25833],[-121.91367,40.25882]],[[-121.9136,40.15412],[-121.91185,40.15413],[-121.91192,40.15769],[-121.92141,40.15756],[-121.92142,40.15409],[-121.9136,40.15412]],[[-121.87513,40.16633],[-121.87508,40.16421],[-121.86964,40.16431],[-121.86983,40.16779],[-121.87517,40.16774],[-121.87513,40.16633]]]},"properties":{"id":"17","code":"J3","name":"Tehama Wildlife Area Apprentice Buck Hunt","kind":"additional_hunt","group":"Apprentice","hunt_type":"BUCK","acreage":43680}},{"type":"Feature","geometry":{"type":"Polygon","coordinates":[[[-121.91339,40.30208],[-121.93164,40.30225],[-121.93213,40.28823],[-121.95117,40.28809],[-121.95088,40.25913],[-121.96957,40.2584],[-121.96975,40.27313],[-121.95588,40.27347],[-121.9559,40.27523],[-121.994,40.27496],[-121.9939,40.28724],[-121.96982,40.28722],[-121.96985,40.30189],[-121.94173,40.30222],[-121.94142,40.3095],[-121.95094,40.30969],[-121.95101,40.31634],[-121.91329,40.31647],[-121.91339,40.30208]]]},"properties":{"id":"17","code":"J3","name":"Tehama Wildlife Area Apprentice Buck Hunt","kind":"additional_hunt","group":"Apprentice","hunt_type":"BUCK","acreage":43680}},{"type":"Feature","geometry":{"type":"Polygon","coordinates":[[[-121.92257,40.33332],[-121.92252,40.33171],[-121.92466,40.33178],[-121.92257,40.33332]]]},"properties":{"id":"17","code":"J3","name":"Tehama Wildlife Area Apprentice Buck Hunt","kind":"additional_hunt","group":"Apprentice","hunt_type":"BUCK","acreage":43680}},{"type":"Feature","geometry":{"type":"Polygon","coordinates":[[[-119.58709,38.7145],[-119.58175,38.70509],[-119.58675,38.70345],[-119.58937,38.69716],[-119.59425,38.69068],[-119.59291,38.68097],[-119.59347,38.67931],[-119.59608,38.67783],[-119.59602,38.67605],[-119.59768,38.67452],[-119.59803,38.67206],[-119.5996,38.66991],[-119.60279,38.66957],[-119.60768,38.66571],[-119.61452,38.66582],[-119.61294,38.66319],[-119.61345,38.65916],[-119.61241,38.6567],[-119.61393,38.65218],[-119.6137,38.6501],[-119.61575,38.64907],[-119.6161,38.64566],[-119.6169,38.6448],[-119.61475,38.63841],[-119.61516,38.63429],[-119.61836,38.63199],[-119.61627,38.62992],[-119.61697,38.62728],[-119.6164,38.62595],[-119.61973,38.62368],[-119.61822,38.61975],[-119.62102,38.61284],[-119.61869,38.60696],[-119.61899,38.60414],[-119.61463,38.60235],[-119.61105,38.599],[-119.60871,38.59513],[-119.5994,38.59343],[-119.59551,38.59013],[-119.59484,38.58624],[-119.59591,38.58207],[-119.59228,38.5792],[-119.58926,38.57401],[-119.58994,38.57056],[-119.58938,38.5676],[-119.58763,38.56739],[-119.58656,38.56598],[-119.58623,38.56349],[-119.58718,38.55929],[-119.58489,38.55587],[-119.58369,38.5521],[-119.57727,38.54601],[-119.57468,38.5426],[-119.57451,38.54058],[-119.57244,38.54171],[-119.57036,38.54152],[-119.56958,38.53886],[-119.56789,38.53734],[-119.56728,38.53198],[-119.56643,38.53025],[-119.56635,38.52588],[-119.56336,38.52659],[-119.56053,38.52545],[-119.55914,38.52174],[-119.55923,38.51945],[-119.55577,38.51529],[-119.55603,38.51346],[-119.55806,38.50974],[-119.55784,38.50578],[-119.5589,38.50516],[-119.55614,38.50163],[-119.55093,38.50127],[-119.54741,38.49951],[-119.5428,38.49966],[-119.54289,38.49832],[-119.54419,38.49687],[-119.54374,38.49335],[-119.54548,38.49005],[-119.54477,38.48616],[-119.54225,38.48134],[-119.54345,38.47839],[-119.54505,38.47769],[-119.54654,38.47364],[-119.5562,38.47003],[-119.55799,38.46599],[-119.55892,38.46026],[-119.55866,38.45757],[-119.55742,38.45745],[-119.55787,38.45663],[-119.55717,38.45514],[-119.55713,38.45003],[-119.55635,38.44732],[-119.56141,38.44266],[-119.56164,38.43987],[-119.56352,38.4378],[-119.57016,38.43477],[-119.56874,38.4339],[-119.56816,38.42939],[-119.56596,38.42749],[-119.56678,38.42452],[-119.56587,38.42231],[-119.56141,38.42037],[-119.56242,38.40948],[-119.56829,38.40461],[-119.58166,38.40018],[-119.58333,38.39898],[-119.58369,38.39662],[-119.59176,38.39865],[-119.59592,38.40092],[-119.59797,38.40371],[-119.60197,38.40565],[-119.60426,38.40208],[-119.60991,38.40034],[-119.61163,38.39916],[-119.61611,38.3989],[-119.61956,38.39636],[-119.62204,38.39379],[-119.62056,38.39122],[-119.62043,38.38823],[-119.61888,38.38643],[-119.61881,38.38219],[-119.61775,38.38101],[-119.61459,38.38002],[-119.61503,38.37783],[-119.61405,38.37534],[-119.61033,38.37207],[-119.60882,38.36894],[-119.60699,38.3681],[-119.60674,38.3671],[-119.60804,38.36637],[-119.61481,38.36565],[-119.62339,38.36123],[-119.62774,38.36433],[-119.6293,38.36856],[-119.63418,38.37245],[-119.63592,38.3749],[-119.63702,38.37989],[-119.64004,38.3846],[-119.65364,38.39394],[-119.65605,38.39698],[-119.65797,38.40213],[-119.66105,38.40657],[-119.66796,38.41272],[-119.66982,38.41694],[-119.67113,38.41602],[-119.67337,38.41851],[-119.6752,38.42245],[-119.67639,38.42341],[-119.67648,38.42687],[-119.68221,38.42988],[-119.68131,38.43142],[-119.6795,38.43254],[-119.67808,38.43551],[-119.68087,38.44061],[-119.68625,38.44082],[-119.6875,38.44294],[-119.68875,38.44336],[-119.69684,38.44281],[-119.69783,38.44365],[-119.69733,38.44587],[-119.69806,38.4472],[-119.70126,38.44647],[-119.70231,38.44729],[-119.70231,38.44896],[-119.70077,38.45244],[-119.70336,38.45232],[-119.70507,38.45052],[-119.70804,38.45047],[-119.71043,38.45159],[-119.71182,38.45088],[-119.71208,38.44919],[-119.71301,38.44834],[-119.71589,38.44884],[-119.71924,38.44637],[-119.72075,38.44704],[-119.72331,38.44932],[-119.72328,38.45165],[-119.72486,38.45309],[-119.7248,38.45433],[-119.72721,38.45822],[-119.72692,38.45932],[-119.72277,38.46044],[-119.72262,38.46163],[-119.72108,38.46252],[-119.72789,38.46808],[-119.72912,38.47519],[-119.73057,38.47583],[-119.73346,38.47896],[-119.73544,38.48228],[-119.73564,38.48535],[-119.73637,38.48614],[-119.7378,38.48589],[-119.73887,38.48326],[-119.74027,38.48278],[-119.74079,38.48148],[-119.74347,38.48058],[-119.74469,38.4807],[-119.7458,38.48193],[-119.74938,38.48218],[-119.75104,38.48385],[-119.75384,38.48456],[-119.75465,38.48706],[-119.75899,38.48681],[-119.76039,38.48807],[-119.76335,38.49481],[-119.77016,38.49816],[-119.77095,38.50225],[-119.7739,38.50405],[-119.77641,38.50682],[-119.77649,38.51109],[-119.77583,38.51211],[-119.77675,38.51543],[-119.77813,38.51736],[-119.7812,38.5192],[-119.77895,38.52109],[-119.77688,38.52127],[-119.77548,38.5223],[-119.77503,38.52517],[-119.77751,38.52595],[-119.77837,38.52727],[-119.77804,38.5287],[-119.7766,38.52938],[-119.77748,38.53273],[-119.77751,38.53139],[-119.77835,38.53261],[-119.77865,38.5321],[-119.78107,38.53286],[-119.78215,38.53565],[-119.78289,38.53322],[-119.78512,38.53414],[-119.7857,38.53556],[-119.79139,38.54167],[-119.79278,38.54405],[-119.7926,38.54519],[-119.79352,38.54462],[-119.79346,38.54296],[-119.79693,38.54256],[-119.80191,38.54341],[-119.80395,38.54463],[-119.80358,38.54627],[-119.80469,38.54665],[-119.80926,38.54463],[-119.80939,38.54527],[-119.8113,38.54597],[-119.81003,38.54782],[-119.81231,38.54917],[-119.81439,38.54925],[-119.81883,38.55382],[-119.82953,38.5561],[-119.83137,38.55716],[-119.83204,38.56014],[-119.83054,38.56359],[-119.82678,38.56662],[-119.82688,38.56785],[-119.82608,38.5684],[-119.82844,38.57027],[-119.82907,38.57198],[-119.8313,38.57275],[-119.83249,38.57418],[-119.83145,38.58219],[-119.8304,38.58393],[-119.83241,38.5832],[-119.83352,38.58384],[-119.82775,38.58926],[-119.8248,38.58951],[-119.8239,38.58869],[-119.82128,38.59125],[-119.82043,38.59359],[-119.82148,38.59445],[-119.82183,38.59594],[-119.8188,38.59843],[-119.81633,38.6031],[-119.81799,38.60642],[-119.81755,38.6084],[-119.82151,38.6085],[-119.82227,38.60939],[-119.82382,38.60955],[-119.82405,38.61076],[-119.82612,38.61117],[-119.82761,38.61307],[-119.82644,38.6136],[-119.82838,38.61551],[-119.8325,38.6168],[-119.83425,38.61459],[-119.84107,38.61739],[-119.84316,38.61679],[-119.84636,38.61297],[-119.84918,38.611],[-119.85146,38.61002],[-119.85444,38.61022],[-119.85744,38.60716],[-119.85918,38.60648],[-119.86134,38.60643],[-119.8644,38.608],[-119.86868,38.60841],[-119.87218,38.60791],[-119.87448,38.60667],[-119.87584,38.60763],[-119.87789,38.60537],[-119.87964,38.60473],[-119.88397,38.60492],[-119.88669,38.60642],[-119.89053,38.61089],[-119.89392,38.61057],[-119.8941,38.61249],[-119.89586,38.61289],[-119.89725,38.61494],[-119.89981,38.61694],[-119.90082,38.61686],[-119.90306,38.61935],[-119.90831,38.6212],[-119.91061,38.62379],[-119.91726,38.62478],[-119.91829,38.62529],[-119.91838,38.62619],[-119.9202,38.62614],[-119.92148,38.62716],[-119.9221,38.62675],[-119.9224,38.62868],[-119.9233,38.62952],[-119.92441,38.62948],[-119.92564,38.63131],[-119.92467,38.63337],[-119.92498,38.63509],[-119.92847,38.63505],[-119.92901,38.6382],[-119.9356,38.63808],[-119.94337,38.64103],[-119.94506,38.64097],[-119.95175,38.64479],[-119.95245,38.6461],[-119.95187,38.64852],[-119.9523,38.64928],[-119.95432,38.64982],[-119.95724,38.64899],[-119.95763,38.64941],[-119.95984,38.65622],[-119.9591,38.65929],[-119.95977,38.66032],[-119.96616,38.66088],[-119.96821,38.6601],[-119.96898,38.65865],[-119.97141,38.65826],[-119.96916,38.66133],[-119.97198,38.66031],[-119.96869,38.66285],[-119.97125,38.66244],[-119.97187,38.66404],[-119.97668,38.66624],[-119.97548,38.66836],[-119.97736,38.67077],[-119.97756,38.67378],[-119.97618,38.67607],[-119.97678,38.67602],[-119.97487,38.67712],[-119.9772,38.67717],[-119.97406,38.68039],[-119.97516,38.68122],[-119.97833,38.67962],[-119.98112,38.68061],[-119.98304,38.68325],[-119.98497,38.68353],[-119.98628,38.68282],[-119.98603,38.68357],[-119.9872,38.68505],[-119.98656,38.68626],[-119.98712,38.68685],[-119.98936,38.68651],[-119.98955,38.68736],[-119.99247,38.68737],[-119.9925,38.68963],[-119.99099,38.69104],[-119.99242,38.69224],[-119.98908,38.69489],[-119.9895,38.69555],[-119.9923,38.69676],[-119.9933,38.6961],[-119.99779,38.69566],[-119.9998,38.69695],[-120.00111,38.69892],[-120.00072,38.70181],[-120.00175,38.70188],[-120.00143,38.70262],[-120.003,38.70271],[-120.00481,38.70931],[-120.00611,38.71091],[-120.00625,38.71447],[-120.00782,38.71718],[-120.01071,38.72016],[-120.01196,38.72051],[-120.01238,38.72295],[-120.01483,38.7239],[-120.02062,38.72997],[-120.02255,38.73055],[-120.02135,38.73101],[-120.0214,38.73288],[-120.02458,38.73541],[-119.96496,38.77591],[-119.96172,38.7769],[-119.95951,38.77853],[-119.95559,38.77858],[-119.95266,38.78041],[-119.94796,38.78172],[-119.94794,38.78457],[-119.94703,38.78621],[-119.94332,38.78901],[-119.94165,38.79202],[-119.93973,38.79381],[-119.94076,38.79579],[-119.9439,38.79662],[-119.94249,38.80276],[-119.93649,38.80716],[-119.93528,38.80914],[-119.93156,38.81231],[-119.93145,38.8147],[-119.9212,38.82155],[-119.92396,38.82462],[-119.92265,38.82978],[-119.92107,38.83069],[-119.91137,38.83245],[-119.9086,38.83417],[-119.90792,38.84255],[-119.9087,38.84534],[-119.90746,38.84781],[-119.90697,38.85392],[-119.90597,38.85549],[-119.90023,38.85754],[-119.89469,38.85657],[-119.89197,38.85717],[-119.88451,38.86225],[-119.88248,38.86269],[-119.88043,38.86416],[-119.87768,38.86807],[-119.87715,38.87128],[-119.8787,38.87389],[-119.87873,38.87519],[-119.883,38.87579],[-119.88884,38.87913],[-119.88307,38.88108],[-119.88222,38.88351],[-119.87948,38.88686],[-119.88111,38.89132],[-119.88457,38.89426],[-119.88382,38.89583],[-119.88148,38.89692],[-119.87974,38.89938],[-119.88087,38.902],[-119.88323,38.90466],[-119.88323,38.90781],[-119.88596,38.91288],[-119.88634,38.91589],[-119.88788,38.91849],[-119.88901,38.91839],[-119.88931,38.91897],[-119.89191,38.91831],[-119.89309,38.91961],[-119.89689,38.92141],[-119.89776,38.92291],[-119.89941,38.9232],[-119.90176,38.92515],[-119.90321,38.92752],[-119.90518,38.92801],[-119.90443,38.93342],[-119.58709,38.7145]]]},"properties":{"id":"18","code":"J7","name":"Carson River Apprentice Either-Sex Deer Hunt","kind":"additional_hunt","group":"Apprentice","hunt_type":"EITHER-SEX","acreage":284292}},{"type":"Feature","geometry":{"type":"Polygon","coordinates":[[[-121.31961,39.28057],[-121.31975,39.28792],[-121.31508,39.28792],[-121.32096,39.28793],[-121.32164,39.28875],[-121.32155,39.28932],[-121.31511,39.28941],[-121.31513,39.29059],[-121.32112,39.29092],[-121.31903,39.29227],[-121.31761,39.29525],[-121.32453,39.29529],[-121.32654,39.29422],[-121.32988,39.29507],[-121.32975,39.29618],[-121.33155,39.30017],[-121.3308,39.30238],[-121.33372,39.30235],[-121.33378,39.29885],[-121.33867,39.29885],[-121.33872,39.30232],[-121.343,39.30231],[-121.34285,39.30387],[-121.34043,39.30643],[-121.3397,39.30948],[-121.33336,39.30972],[-121.3334,39.31732],[-121.32408,39.31716],[-121.3242,39.32416],[-121.31799,39.32408],[-121.31529,39.32074],[-121.30455,39.32062],[-121.30395,39.32411],[-121.2967,39.32469],[-121.29685,39.30971],[-121.28648,39.3097],[-121.28639,39.30699],[-121.28991,39.30697],[-121.28979,39.30299],[-121.29673,39.30305],[-121.29678,39.30576],[-121.30103,39.30575],[-121.30095,39.29935],[-121.3016,39.29896],[-121.30097,39.29749],[-121.30321,39.29502],[-121.30102,39.29502],[-121.30108,39.28442],[-121.30545,39.28437],[-121.30558,39.29503],[-121.30539,39.28064],[-121.31961,39.28057]],[[-121.32451,39.29865],[-121.3245,39.29965],[-121.32835,39.30022],[-121.32859,39.29953],[-121.32451,39.29865]]]},"properties":{"id":"19","code":"J8","name":"Daugherty Hill Wildlife Area Apprentice Either-Sex Deer Hunt","kind":"additional_hunt","group":"Apprentice","hunt_type":"EITHER-SEX","acreage":7013}},{"type":"Feature","geometry":{"type":"Polygon","coordinates":[[[-121.3431,39.31936],[-121.34618,39.32088],[-121.34129,39.3295],[-121.33803,39.33863],[-121.34188,39.3287],[-121.35091,39.33097],[-121.35486,39.33093],[-121.35488,39.33209],[-121.35671,39.33362],[-121.35664,39.33601],[-121.35772,39.33647],[-121.35814,39.33819],[-121.35953,39.33903],[-121.35932,39.34029],[-121.36135,39.34097],[-121.36189,39.34278],[-121.36107,39.34326],[-121.36551,39.34317],[-121.36552,39.34526],[-121.36198,39.3452],[-121.3623,39.34721],[-121.36053,39.34758],[-121.36199,39.35267],[-121.34319,39.353],[-121.3436,39.36002],[-121.33897,39.36006],[-121.33886,39.3583],[-121.33428,39.35833],[-121.33425,39.35758],[-121.33215,39.35762],[-121.33133,39.35625],[-121.33293,39.3554],[-121.33191,39.35233],[-121.33382,39.35307],[-121.33377,39.34442],[-121.33551,39.34312],[-121.33393,39.3426],[-121.33348,39.32072],[-121.3431,39.32066],[-121.3431,39.31936]]]},"properties":{"id":"19","code":"J8","name":"Daugherty Hill Wildlife Area Apprentice Either-Sex Deer Hunt","kind":"additional_hunt","group":"Apprentice","hunt_type":"EITHER-SEX","acreage":7013}},{"type":"Feature","geometry":{"type":"Polygon","coordinates":[[[-121.40877,39.33797],[-121.40875,39.33977],[-121.40634,39.34019],[-121.40512,39.34127],[-121.40695,39.34436],[-121.40336,39.34516],[-121.40239,39.34708],[-121.40346,39.34861],[-121.40291,39.34991],[-121.39753,39.3512],[-121.3913,39.35492],[-121.38933,39.35488],[-121.3872,39.35644],[-121.38632,39.35923],[-121.38275,39.36181],[-121.38281,39.36298],[-121.37908,39.36252],[-121.37652,39.36335],[-121.37563,39.36455],[-121.37282,39.36467],[-121.3723,39.36545],[-121.37304,39.36697],[-121.37209,39.36724],[-121.37085,39.36477],[-121.3712,39.36252],[-121.37552,39.36256],[-121.3783,39.36087],[-121.37704,39.35859],[-121.37611,39.35833],[-121.3759,39.35664],[-121.37644,39.35665],[-121.37135,39.3566],[-121.37136,39.35534],[-121.36954,39.35528],[-121.36575,39.35325],[-121.36571,39.34302],[-121.37081,39.34305],[-121.36679,39.34301],[-121.36773,39.3401],[-121.37096,39.34031],[-121.37536,39.34383],[-121.37957,39.34437],[-121.38087,39.34519],[-121.38286,39.3386],[-121.38946,39.33865],[-121.38978,39.35375],[-121.38958,39.34384],[-121.39429,39.34377],[-121.39416,39.34109],[-121.39512,39.34106],[-121.3952,39.34375],[-121.39505,39.33845],[-121.40877,39.33797]]]},"properties":{"id":"19","code":"J8","name":"Daugherty Hill Wildlife Area Apprentice Either-Sex Deer Hunt","kind":"additional_hunt","group":"Apprentice","hunt_type":"EITHER-SEX","acreage":7013}},{"type":"Feature","geometry":{"type":"Polygon","coordinates":[[[-121.36218,39.39548],[-121.35992,39.39899],[-121.36038,39.40144],[-121.36348,39.40315],[-121.36273,39.40376],[-121.33821,39.4038],[-121.33806,39.39623],[-121.36175,39.39614],[-121.36218,39.39548]]]},"properties":{"id":"19","code":"J8","name":"Daugherty Hill Wildlife Area Apprentice Either-Sex Deer Hunt","kind":"additional_hunt","group":"Apprentice","hunt_type":"EITHER-SEX","acreage":7013}},{"type":"Feature","geometry":{"type":"Polygon","coordinates":[[[-121.28242,39.30969],[-121.29194,39.30971],[-121.29202,39.31343],[-121.28741,39.31333],[-121.28753,39.31717],[-121.29211,39.31719],[-121.29219,39.32069],[-121.2827,39.32077],[-121.28242,39.30969]]]},"properties":{"id":"19","code":"J8","name":"Daugherty Hill Wildlife Area Apprentice Either-Sex Deer Hunt","kind":"additional_hunt","group":"Apprentice","hunt_type":"EITHER-SEX","acreage":7013}},{"type":"Feature","geometry":{"type":"Polygon","coordinates":[[[-121.33374,39.2373],[-121.33372,39.24084],[-121.33845,39.2408],[-121.33843,39.24435],[-121.34008,39.24432],[-121.34037,39.24551],[-121.33749,39.24556],[-121.33648,39.24405],[-121.3373,39.24358],[-121.33364,39.24194],[-121.33195,39.24322],[-121.33424,39.24448],[-121.32423,39.24446],[-121.32434,39.2373],[-121.33374,39.2373]]]},"properties":{"id":"19","code":"J8","name":"Daugherty Hill Wildlife Area Apprentice Either-Sex Deer Hunt","kind":"additional_hunt","group":"Apprentice","hunt_type":"EITHER-SEX","acreage":7013}},{"type":"Feature","geometry":{"type":"Polygon","coordinates":[[[-121.33869,39.2476],[-121.33884,39.24963],[-121.34344,39.25029],[-121.34344,39.25135],[-121.3382,39.25144],[-121.33755,39.24853],[-121.33869,39.2476]]]},"properties":{"id":"19","code":"J8","name":"Daugherty Hill Wildlife Area Apprentice Either-Sex Deer Hunt","kind":"additional_hunt","group":"Apprentice","hunt_type":"EITHER-SEX","acreage":7013}},{"type":"Feature","geometry":{"type":"Polygon","coordinates":[[[-121.36246,39.38878],[-121.36296,39.38888],[-121.36269,39.39099],[-121.36246,39.38878]]]},"properties":{"id":"19","code":"J8","name":"Daugherty Hill Wildlife Area Apprentice Either-Sex Deer Hunt","kind":"additional_hunt","group":"Apprentice","hunt_type":"EITHER-SEX","acreage":7013}},{"type":"Feature","geometry":{"type":"Polygon","coordinates":[[[-121.81791,39.39887],[-121.81061,39.39891],[-121.85085,39.37316],[-121.85979,39.37311],[-121.85989,39.37673],[-121.8645,39.37669],[-121.86444,39.36942],[-121.87368,39.36932],[-121.87368,39.36216],[-121.89274,39.36194],[-121.89327,39.36265],[-121.89313,39.36349],[-121.8909,39.36443],[-121.89164,39.36597],[-121.89009,39.36709],[-121.88792,39.37187],[-121.88521,39.37244],[-121.88379,39.37374],[-121.88551,39.37782],[-121.88846,39.38109],[-121.88869,39.38312],[-121.89007,39.38402],[-121.88893,39.38576],[-121.89025,39.3878],[-121.89028,39.3905],[-121.88869,39.39498],[-121.88751,39.39627],[-121.8876,39.39913],[-121.88495,39.40279],[-121.88351,39.40661],[-121.88424,39.40986],[-121.88091,39.41658],[-121.88089,39.41979],[-121.88004,39.42026],[-121.87429,39.4203],[-121.8743,39.4028],[-121.87291,39.40112],[-121.87407,39.39878],[-121.86704,39.39697],[-121.84274,39.39687],[-121.8413,39.38896],[-121.83741,39.38807],[-121.83625,39.38624],[-121.8362,39.38426],[-121.83291,39.38578],[-121.8367,39.38933],[-121.83637,39.39171],[-121.82698,39.3988],[-121.8194,39.40607],[-121.81801,39.40597],[-121.81791,39.39887]]]},"properties":{"id":"20","code":"J9","name":"Little Dry Creek Apprentice Shotgun Either-Sex Deer Hunt","kind":"additional_hunt","group":"Apprentice","hunt_type":"EITHER-SEX","acreage":4160}},{"type":"Feature","geometry":{"type":"Polygon","coordinates":[[[-121.23797,36.10747],[-121.23379,36.10754],[-121.23357,36.1002],[-121.22929,36.10024],[-121.22909,36.08555],[-121.23335,36.08554],[-121.23331,36.08191],[-121.22904,36.08191],[-121.22801,36.07093],[-121.22379,36.07097],[-121.22313,36.06375],[-121.21428,36.06363],[-121.21386,36.0602],[-121.20518,36.05999],[-121.20461,36.0549],[-121.17896,36.04803],[-121.16742,36.00973],[-121.15326,36.00988],[-121.15325,36.00529],[-121.15473,36.0045],[-121.15544,36.00246],[-121.15325,36.0025],[-121.15328,35.98808],[-121.14886,35.9881],[-121.149,35.9808],[-121.14442,35.98079],[-121.14445,35.96628],[-121.13996,35.96628],[-121.14,35.95162],[-121.14735,35.95165],[-121.13555,35.94412],[-121.13107,35.94209],[-121.12372,35.93713],[-121.12416,35.93663],[-121.12266,35.9358],[-121.12232,35.93628],[-121.10888,35.92807],[-121.10886,35.92999],[-121.08222,35.92966],[-121.0822,35.92354],[-121.08388,35.92071],[-121.08401,35.91865],[-121.0778,35.91872],[-121.07777,35.91663],[-121.07327,35.9165],[-121.07328,35.915],[-121.0645,35.91507],[-121.06466,35.90792],[-121.04661,35.90818],[-121.04666,35.90513],[-121.03341,35.8995],[-121.03364,35.89026],[-121.0316,35.88965],[-121.03189,35.87789],[-121.03393,35.8785],[-121.03414,35.87013],[-121.0472,35.86881],[-121.06263,35.86875],[-121.06309,35.8716],[-121.06606,35.87788],[-121.06529,35.88288],[-121.06572,35.88507],[-121.0681,35.88683],[-121.07714,35.89033],[-121.07952,35.88984],[-121.08218,35.8906],[-121.08661,35.89066],[-121.08669,35.88323],[-121.09544,35.88327],[-121.09535,35.88682],[-121.10413,35.88661],[-121.10403,35.89377],[-121.11765,35.89364],[-121.11796,35.89932],[-121.12351,35.90094],[-121.12989,35.89352],[-121.12728,35.89354],[-121.12714,35.88996],[-121.12224,35.89006],[-121.12206,35.87946],[-121.12673,35.87941],[-121.12665,35.87589],[-121.12198,35.87594],[-121.12196,35.869],[-121.11736,35.86909],[-121.11735,35.86562],[-121.11302,35.86557],[-121.11351,35.85854],[-121.11796,35.85849],[-121.11857,35.85138],[-121.12293,35.85134],[-121.12307,35.84776],[-121.12743,35.84773],[-121.12757,35.84415],[-121.13634,35.84396],[-121.13658,35.84045],[-121.14109,35.84012],[-121.14111,35.83668],[-121.15845,35.83656],[-121.15859,35.83322],[-121.14971,35.83294],[-121.14973,35.82567],[-121.14554,35.82568],[-121.1455,35.81522],[-121.13691,35.81506],[-121.13662,35.80804],[-121.13226,35.80803],[-121.13241,35.80445],[-121.12806,35.80444],[-121.1282,35.80087],[-121.11914,35.80071],[-121.11909,35.79713],[-121.11514,35.79723],[-121.11516,35.79351],[-121.1851,35.7941],[-121.18709,35.79509],[-121.18939,35.79934],[-121.19143,35.8002],[-121.19238,35.80198],[-121.19378,35.8022],[-121.19389,35.80332],[-121.19948,35.80857],[-121.19947,35.81279],[-121.20857,35.81282],[-121.20875,35.80927],[-121.21272,35.80941],[-121.21389,35.81221],[-121.2174,35.81413],[-121.21697,35.82001],[-121.22131,35.82001],[-121.22188,35.8171],[-121.22421,35.81855],[-121.22405,35.81968],[-121.23557,35.82526],[-121.23551,35.82649],[-121.23896,35.82969],[-121.24031,35.8301],[-121.23951,35.83099],[-121.23931,35.8333],[-121.24332,35.83541],[-121.24521,35.83544],[-121.2478,35.8384],[-121.25152,35.84018],[-121.25182,35.84151],[-121.25563,35.84178],[-121.25671,35.84247],[-121.26095,35.84245],[-121.26428,35.8473],[-121.26666,35.8477],[-121.27407,35.84617],[-121.27576,35.84741],[-121.2804,35.84813],[-121.28106,35.84902],[-121.28723,35.84899],[-121.29388,35.84482],[-121.29765,35.84402],[-121.30129,35.84446],[-121.30752,35.84976],[-121.31463,35.85058],[-121.31705,35.85267],[-121.31882,35.85246],[-121.31976,35.85354],[-121.32122,35.85342],[-121.32546,35.85702],[-121.3279,35.85717],[-121.32883,35.85861],[-121.33383,35.86164],[-121.33696,35.86168],[-121.33941,35.8626],[-121.33903,35.86551],[-121.33961,35.86624],[-121.34139,35.8663],[-121.34373,35.86765],[-121.35117,35.86749],[-121.35661,35.86966],[-121.35809,35.87148],[-121.36034,35.87186],[-121.36333,35.87543],[-121.36499,35.8757],[-121.36686,35.87871],[-121.36901,35.87965],[-121.36975,35.88175],[-121.36931,35.88361],[-121.37181,35.89051],[-121.37158,35.89164],[-121.36936,35.89384],[-121.36939,35.89488],[-121.36735,35.89573],[-121.36756,35.89695],[-121.3657,35.89841],[-121.36553,35.90192],[-121.36408,35.90662],[-121.36518,35.90858],[-121.36329,35.91213],[-121.36454,35.91313],[-121.36451,35.91417],[-121.36743,35.91633],[-121.36752,35.91825],[-121.36895,35.91905],[-121.36914,35.92033],[-121.3741,35.92181],[-121.37818,35.92527],[-121.37987,35.92556],[-121.37987,35.92654],[-121.38216,35.92919],[-121.38455,35.92928],[-121.38528,35.92993],[-121.3863,35.93147],[-121.38604,35.93431],[-121.38758,35.93654],[-121.38671,35.93903],[-121.38737,35.93901],[-121.38772,35.93998],[-121.39091,35.94062],[-121.39134,35.94156],[-121.39279,35.9421],[-121.39268,35.94361],[-121.39338,35.94406],[-121.39288,35.94533],[-121.39548,35.94607],[-121.39704,35.94767],[-121.39899,35.94775],[-121.40567,35.94548],[-121.40733,35.94624],[-121.40845,35.94836],[-121.41379,35.94951],[-121.41718,35.94918],[-121.42015,35.95057],[-121.42092,35.94984],[-121.42293,35.95378],[-121.42238,35.95506],[-121.42518,35.95588],[-121.4263,35.95826],[-121.42582,35.96232],[-121.42449,35.96144],[-121.42114,35.96174],[-121.41824,35.96093],[-121.41501,35.96099],[-121.4114,35.96521],[-121.40775,35.96503],[-121.40756,35.96588],[-121.40468,35.96655],[-121.40466,35.9676],[-121.37355,35.96775],[-121.3735,35.97139],[-121.36907,35.9714],[-121.36904,35.97584],[-121.36791,35.97655],[-121.36313,35.97818],[-121.36107,35.97755],[-121.35819,35.97779],[-121.35509,35.97608],[-121.35235,35.97594],[-121.35174,35.97747],[-121.3522,35.97906],[-121.35125,35.9792],[-121.35123,35.98215],[-121.34616,35.98214],[-121.35178,35.98834],[-121.36365,35.99238],[-121.36501,35.99537],[-121.36625,35.99636],[-121.38057,35.99911],[-121.38124,36.00066],[-121.38545,36.00421],[-121.39106,36.00595],[-121.39262,36.00739],[-121.39548,36.00683],[-121.3993,36.00949],[-121.40368,36.0104],[-121.40876,36.01352],[-121.41065,36.01589],[-121.4134,36.01563],[-121.41847,36.01792],[-121.42014,36.01727],[-121.421,36.01555],[-121.42229,36.01604],[-121.42217,36.0183],[-121.4243,36.01832],[-121.42416,36.02546],[-121.42197,36.02545],[-121.42176,36.04004],[-121.41856,36.04004],[-121.41844,36.04183],[-121.4169,36.04334],[-121.41701,36.04599],[-121.41375,36.04821],[-121.41264,36.05012],[-121.40684,36.04874],[-121.40563,36.05089],[-121.40397,36.0516],[-121.40397,36.05441],[-121.39948,36.05441],[-121.39961,36.058],[-121.38615,36.05798],[-121.38663,36.07463],[-121.38718,36.07566],[-121.39121,36.07771],[-121.39233,36.07694],[-121.39678,36.07778],[-121.39798,36.08085],[-121.39654,36.08846],[-121.39699,36.08988],[-121.39946,36.09208],[-121.40341,36.09343],[-121.40457,36.0946],[-121.40858,36.09535],[-121.4144,36.09762],[-121.4137,36.09901],[-121.41468,36.10137],[-121.41415,36.10232],[-121.41219,36.10308],[-121.41214,36.10442],[-121.40969,36.10619],[-121.41029,36.10813],[-121.38807,36.1082],[-121.38788,36.10488],[-121.37459,36.10429],[-121.37457,36.10322],[-121.29976,36.09592],[-121.28189,36.09231],[-121.28196,36.09312],[-121.2768,36.0931],[-121.27689,36.09597],[-121.2544,36.09601],[-121.25453,36.09961],[-121.25039,36.09974],[-121.25051,36.10333],[-121.25458,36.10314],[-121.25462,36.11028],[-121.25049,36.11052],[-121.25069,36.11411],[-121.23824,36.11472],[-121.23797,36.10747]]]},"properties":{"id":"21","code":"J10","name":"Fort Hunter Liggett Apprentice Either-Sex Deer Hunt","kind":"additional_hunt","group":"Apprentice","hunt_type":"EITHER-SEX","acreage":161955}},{"type":"Feature","geometry":{"type":"Polygon","coordinates":[[[-116.92936,34.00493],[-116.99546,34.0046],[-117.00087,34.00394],[-117.03454,34.0048],[-117.06508,34.00399],[-117.06814,34.00911],[-117.07257,34.01186],[-117.08698,34.01487],[-117.09254,34.01507],[-117.10736,34.02335],[-117.12759,34.02834],[-117.15166,34.03766],[-117.15491,34.04082],[-117.15921,34.04921],[-117.16207,34.05299],[-117.16505,34.05548],[-117.17435,34.06027],[-117.18038,34.06175],[-117.19337,34.06207],[-117.20232,34.06621],[-117.20505,34.0665],[-117.25088,34.06644],[-117.26747,34.06369],[-117.27919,34.06409],[-117.28913,34.06341],[-117.30319,34.06511],[-117.31429,34.06486],[-117.33322,34.06673],[-117.33873,34.06824],[-117.3534,34.06889],[-117.39709,34.06841],[-117.4065,34.06763],[-117.50509,34.06551],[-117.51808,34.06763],[-117.54495,34.06732],[-117.54485,34.08539],[-117.54318,34.09527],[-117.54062,34.0988],[-117.49994,34.1334],[-117.46285,34.16328],[-117.45004,34.1732],[-117.43872,34.17931],[-117.43487,34.18299],[-117.42162,34.19307],[-117.41812,34.19682],[-117.41525,34.20141],[-117.41257,34.2082],[-117.40946,34.22539],[-117.42951,34.23999],[-117.4386,34.2478],[-117.44731,34.25204],[-117.44938,34.25475],[-117.44999,34.25694],[-117.4494,34.27321],[-117.45222,34.2806],[-117.45165,34.287],[-117.45215,34.29101],[-117.45469,34.29522],[-117.46085,34.30257],[-117.46889,34.30668],[-117.47917,34.31584],[-117.48047,34.31787],[-117.48241,34.32408],[-117.48198,34.33338],[-117.48046,34.33654],[-117.47757,34.339],[-117.47315,34.34033],[-117.46387,34.33999],[-117.4578,34.34094],[-117.44548,34.34507],[-117.44203,34.34724],[-117.43925,34.351],[-117.43751,34.35646],[-117.43492,34.36028],[-117.40259,34.39843],[-117.34611,34.47036],[-117.12867,34.47212],[-117.12588,34.47418],[-117.12072,34.47216],[-117.0942,34.4716],[-117.0836,34.46347],[-117.06839,34.45424],[-117.05083,34.45037],[-117.007,34.45091],[-116.9871,34.44461],[-116.9816,34.44374],[-116.91623,34.44416],[-116.85792,34.44368],[-116.80456,34.432],[-116.75801,34.4196],[-116.74036,34.41774],[-116.72889,34.41502],[-116.72212,34.41051],[-116.71866,34.40671],[-116.70642,34.39972],[-116.70293,34.39897],[-116.6884,34.39888],[-116.68519,34.39785],[-116.65964,34.37501],[-116.65351,34.37061],[-116.64823,34.37001],[-116.54795,34.36885],[-116.54135,34.36841],[-116.53762,34.36683],[-116.53547,34.36484],[-116.52718,34.35118],[-116.5252,34.34912],[-116.52288,34.34784],[-116.51145,34.34538],[-116.49422,34.33714],[-116.48845,34.33343],[-116.45169,34.28057],[-116.45042,34.27853],[-116.44705,34.26776],[-116.43938,34.25853],[-116.43856,34.25686],[-116.43974,34.25004],[-116.43949,34.20952],[-116.44123,34.20507],[-116.44591,34.19987],[-116.44536,34.19827],[-116.43985,34.19406],[-116.43238,34.18688],[-116.42516,34.17378],[-116.41899,34.15298],[-116.41877,34.14748],[-116.41478,34.14382],[-116.4123,34.13876],[-116.4142,34.12371],[-116.42378,34.12065],[-116.44179,34.12053],[-116.46867,34.11377],[-116.48086,34.10905],[-116.51154,34.09394],[-116.53727,34.07923],[-116.56977,34.05657],[-116.58717,34.04031],[-116.58926,34.0369],[-116.59177,34.03457],[-116.59142,34.03267],[-116.61553,34.03261],[-116.61556,34.03338],[-116.75086,34.03413],[-116.92952,34.03405],[-116.92936,34.00493]]]},"properties":{"id":"22","code":"J11","name":"San Bernardino Apprentice Either-Sex Deer Hunt","kind":"additional_hunt","group":"Apprentice","hunt_type":"EITHER-SEX","acreage":975468}},{"type":"Feature","geometry":{"type":"Polygon","coordinates":[[[-118.17094,34.77681],[-118.17003,34.69098],[-118.16865,34.68666],[-118.15572,34.67267],[-118.15381,34.66822],[-118.15317,34.6109],[-118.15115,34.60799],[-118.13993,34.59961],[-118.13506,34.59485],[-118.13436,34.59228],[-118.13406,34.58129],[-118.12979,34.57973],[-118.11838,34.57941],[-118.04736,34.57994],[-118.04525,34.5784],[-118.04544,34.55449],[-118.04456,34.55307],[-118.01624,34.53251],[-118.01378,34.53033],[-118.00853,34.52274],[-118.0067,34.52171],[-118.00092,34.52111],[-117.96025,34.52127],[-117.93709,34.52046],[-117.92419,34.50659],[-117.81775,34.50585],[-117.81614,34.5054],[-117.80929,34.50001],[-117.80659,34.49881],[-117.73984,34.49859],[-117.73742,34.4977],[-117.73673,34.49858],[-117.6601,34.49908],[-117.6599,34.45245],[-117.64628,34.28918],[-117.67847,34.162],[-117.68214,34.1549],[-117.68673,34.13825],[-117.71037,34.08178],[-117.73324,34.08132],[-117.75768,34.07167],[-117.76178,34.07079],[-117.77593,34.07267],[-117.78812,34.07268],[-117.79377,34.07104],[-117.80715,34.06475],[-117.81618,34.06363],[-117.82592,34.06393],[-117.83269,34.06678],[-117.83954,34.06863],[-117.85823,34.06793],[-117.86809,34.07141],[-117.88091,34.07191],[-117.94144,34.07235],[-118.00862,34.06408],[-118.0142,34.06497],[-118.0207,34.06754],[-118.02359,34.06798],[-118.03385,34.06782],[-118.04285,34.06874],[-118.05265,34.07229],[-118.1441,34.07139],[-118.1468,34.07066],[-118.1645,34.06111],[-118.17045,34.06152],[-118.18481,34.0555],[-118.19742,34.05529],[-118.20589,34.0536],[-118.21412,34.05517],[-118.21445,34.04823],[-118.22414,34.02974],[-118.23224,34.02743],[-118.23928,34.0245],[-118.24453,34.02365],[-118.25614,34.02961],[-118.26264,34.03211],[-118.27243,34.03784],[-118.27394,34.03793],[-118.28588,34.03701],[-118.31463,34.03699],[-118.32918,34.03528],[-118.35799,34.03385],[-118.36228,34.03385],[-118.37944,34.03684],[-118.38211,34.03597],[-118.3924,34.02991],[-118.39529,34.02904],[-118.40544,34.0298],[-118.41427,34.03168],[-118.43215,34.03147],[-118.43419,34.032],[-118.43688,34.03117],[-118.43993,34.03639],[-118.44881,34.04695],[-118.45135,34.05226],[-118.47398,34.07887],[-118.47639,34.09215],[-118.47809,34.09609],[-118.47733,34.10135],[-118.48212,34.10854],[-118.48207,34.11119],[-118.48141,34.11884],[-118.47577,34.12573],[-118.47376,34.1296],[-118.47128,34.13714],[-118.47101,34.14495],[-118.46847,34.15106],[-118.46961,34.15657],[-118.46967,34.16138],[-118.46774,34.16772],[-118.46799,34.17324],[-118.47381,34.18229],[-118.47431,34.18739],[-118.47332,34.20075],[-118.47205,34.26957],[-118.46784,34.28397],[-118.46778,34.28862],[-118.482,34.30288],[-118.48617,34.30762],[-118.49067,34.31463],[-118.49631,34.31838],[-118.50345,34.32134],[-118.50788,34.33065],[-118.50992,34.3325],[-118.52021,34.33773],[-118.52816,34.33962],[-118.53442,34.34441],[-118.54718,34.34964],[-118.55355,34.3553],[-118.55697,34.3632],[-118.5674,34.37928],[-118.57387,34.40061],[-118.58652,34.4269],[-118.59702,34.43625],[-118.60553,34.44082],[-118.61181,34.43668],[-118.61131,34.44118],[-118.60984,34.44381],[-118.61207,34.4457],[-118.6165,34.4534],[-118.61523,34.45972],[-118.61686,34.46599],[-118.61412,34.47836],[-118.61473,34.48115],[-118.62708,34.49768],[-118.62915,34.50498],[-118.64221,34.52264],[-118.64567,34.53326],[-118.65389,34.54189],[-118.67203,34.55185],[-118.68449,34.56178],[-118.68864,34.56831],[-118.69931,34.57348],[-118.70355,34.57801],[-118.70928,34.58226],[-118.71178,34.58675],[-118.71101,34.59671],[-118.71257,34.6096],[-118.71891,34.62145],[-118.72961,34.63088],[-118.74097,34.63339],[-118.74832,34.63764],[-118.75099,34.64155],[-118.75442,34.64972],[-118.75485,34.65508],[-118.75671,34.65883],[-118.7621,34.66296],[-118.76695,34.66942],[-118.77587,34.67286],[-118.77769,34.67426],[-118.78079,34.67933],[-118.78755,34.68707],[-118.79267,34.69625],[-118.79845,34.71135],[-118.79925,34.72541],[-118.79587,34.74491],[-118.79587,34.75175],[-118.79738,34.75315],[-118.79783,34.76315],[-118.79584,34.75846],[-118.78948,34.76463],[-118.77729,34.77353],[-118.77362,34.77463],[-118.76516,34.7738],[-118.75598,34.77042],[-118.7392,34.76851],[-118.73492,34.76554],[-118.7327,34.76502],[-118.7155,34.76524],[-118.69677,34.77139],[-118.67796,34.77476],[-118.67444,34.77657],[-118.67086,34.77994],[-118.66792,34.78164],[-118.66459,34.78276],[-118.65823,34.78326],[-118.61814,34.78303],[-118.61526,34.7822],[-118.61182,34.77809],[-118.60811,34.77585],[-118.5725,34.77568],[-118.56293,34.77453],[-118.4757,34.77456],[-118.30537,34.77642],[-118.17094,34.77681]]]},"properties":{"id":"23","code":"J13","name":"Los Angeles Apprentice Either-Sex Deer Hunt","kind":"additional_hunt","group":"Apprentice","hunt_type":"EITHER-SEX","acreage":1377140}},{"type":"Feature","geometry":{"type":"Polygon","coordinates":[[[-115.83151,33.42694],[-116.12585,33.42597],[-116.19774,33.42898],[-116.30229,33.42742],[-116.72057,33.4276],[-116.83671,33.42689],[-116.83852,33.43065],[-116.84144,33.43237],[-116.8428,33.43421],[-116.84403,33.43425],[-116.84701,33.43272],[-116.84871,33.43295],[-116.84936,33.43373],[-116.8495,33.43719],[-116.85278,33.43987],[-116.85748,33.44056],[-116.86947,33.44424],[-116.88002,33.44356],[-116.8847,33.4448],[-116.8956,33.45022],[-116.90014,33.45755],[-116.90391,33.45955],[-116.90749,33.45993],[-116.91321,33.46335],[-116.91771,33.46497],[-116.91413,33.46503],[-116.91236,33.46885],[-116.91387,33.47464],[-116.91185,33.4795],[-116.91242,33.4833],[-116.91138,33.48672],[-116.90627,33.49464],[-116.90317,33.4955],[-116.89705,33.50298],[-116.89675,33.50662],[-116.89745,33.51013],[-116.90043,33.51402],[-116.9015,33.52087],[-116.89964,33.52919],[-116.90065,33.52999],[-116.90675,33.52926],[-116.90948,33.53244],[-116.90749,33.53595],[-116.90778,33.53771],[-116.90926,33.53953],[-116.90636,33.54457],[-116.91136,33.55751],[-116.92003,33.56579],[-116.92022,33.56719],[-116.92195,33.56873],[-116.92198,33.57258],[-116.92474,33.57198],[-116.92633,33.57269],[-116.93265,33.58166],[-116.93366,33.58544],[-116.93785,33.58894],[-116.9393,33.5919],[-116.93971,33.60097],[-116.93597,33.60825],[-116.93605,33.6094],[-116.93489,33.60969],[-116.93441,33.61669],[-116.93715,33.62502],[-116.93827,33.64098],[-116.93936,33.64163],[-116.94146,33.6472],[-116.94218,33.65316],[-116.94499,33.65743],[-116.94505,33.66066],[-116.94662,33.66249],[-116.94621,33.66448],[-116.9481,33.6661],[-116.9495,33.66905],[-116.94964,33.67137],[-116.95497,33.67227],[-116.97112,33.67271],[-116.97219,33.71091],[-116.97152,33.79439],[-116.97251,33.81743],[-116.97385,33.82046],[-116.97347,33.82229],[-116.97578,33.82497],[-116.98158,33.82884],[-116.98323,33.83202],[-116.98685,33.83334],[-116.98941,33.83518],[-116.99741,33.84364],[-117.00375,33.84735],[-117.00707,33.8507],[-117.00956,33.85824],[-117.00892,33.86062],[-117.00782,33.86165],[-117.0085,33.8658],[-117.00798,33.86724],[-117.00088,33.86854],[-116.99575,33.87111],[-116.9924,33.87503],[-116.99017,33.88756],[-116.9877,33.89453],[-116.98768,33.89909],[-116.98573,33.90125],[-116.98412,33.90622],[-116.97732,33.91729],[-116.97727,33.92728],[-116.96079,33.92752],[-116.9233,33.92625],[-116.9084,33.92443],[-116.86295,33.92443],[-116.85699,33.92512],[-116.85061,33.92727],[-116.83464,33.93077],[-116.82989,33.93159],[-116.82486,33.93141],[-116.81944,33.93003],[-116.81,33.92306],[-116.80255,33.91971],[-116.79755,33.91898],[-116.78049,33.91876],[-116.74924,33.92139],[-116.73666,33.92498],[-116.71299,33.92115],[-116.70805,33.92145],[-116.69588,33.92475],[-116.68145,33.92268],[-116.6729,33.923],[-116.6579,33.92205],[-116.64037,33.92374],[-116.63526,33.92278],[-116.62586,33.91914],[-116.6122,33.91614],[-116.56003,33.90547],[-116.54369,33.90461],[-116.53136,33.90048],[-116.52191,33.89497],[-116.49122,33.86903],[-116.48718,33.86631],[-116.41173,33.82155],[-116.39784,33.8114],[-116.32158,33.76658],[-116.31244,33.76333],[-116.30224,33.76078],[-116.2678,33.74898],[-116.26213,33.74482],[-116.25084,33.73957],[-116.24243,33.73834],[-116.23327,33.73957],[-116.21632,33.73824],[-116.20516,33.72846],[-116.20077,33.72612],[-116.20443,33.7242],[-116.20911,33.71691],[-116.17906,33.68551],[-116.06836,33.5581],[-116.06344,33.5548],[-116.05307,33.55014],[-116.02658,33.53876],[-116.02113,33.53724],[-116.00916,33.5359],[-115.95462,33.5325],[-115.94608,33.5304],[-115.94184,33.52736],[-115.92983,33.516],[-115.92102,33.51293],[-115.91722,33.51003],[-115.9138,33.50556],[-115.90377,33.49564],[-115.88841,33.47628],[-115.88485,33.4728],[-115.84562,33.44817],[-115.84135,33.4426],[-115.83151,33.42694]]]},"properties":{"id":"24","code":"J14","name":"Riverside Apprentice Either-Sex Deer Hunt","kind":"additional_hunt","group":"Apprentice","hunt_type":"EITHER-SEX","acreage":956592}},{"type":"Feature","geometry":{"type":"Polygon","coordinates":[[[-121.40675,39.00022],[-121.41914,39.00723],[-121.42337,39.00848],[-121.42663,39.01034],[-121.43009,39.01367],[-121.44723,39.02385],[-121.47363,39.04181],[-121.4827,39.04337],[-121.51677,39.0663],[-121.52443,39.07313],[-121.54753,39.1007],[-121.55176,39.10338],[-121.55944,39.11337],[-121.58791,39.1315],[-121.58937,39.13376],[-121.59127,39.14581],[-121.60949,39.14329],[-121.61745,39.14069],[-121.62233,39.14165],[-121.68698,39.14102],[-121.75822,39.14218],[-121.77712,39.14309],[-121.79215,39.14947],[-121.81658,39.14989],[-121.8291,39.14754],[-121.83854,39.14407],[-121.84421,39.14277],[-121.91465,39.14329],[-121.91477,39.14545],[-121.91779,39.14552],[-121.91733,39.14943],[-121.92002,39.15307],[-121.93419,39.16097],[-121.93863,39.17282],[-121.94544,39.18045],[-121.94492,39.18227],[-121.94153,39.18644],[-121.93453,39.18976],[-121.93452,39.19155],[-121.93707,39.19401],[-121.93285,39.19654],[-121.92992,39.19729],[-121.92974,39.20371],[-121.9332,39.20918],[-121.93233,39.21151],[-121.9378,39.21812],[-121.93785,39.21936],[-121.93611,39.22102],[-121.94132,39.22197],[-121.94099,39.22412],[-121.93995,39.22557],[-121.94006,39.22894],[-121.94334,39.23271],[-121.94466,39.23639],[-121.94794,39.24069],[-121.94658,39.24799],[-121.94691,39.24949],[-121.94546,39.25316],[-121.94252,39.25589],[-121.94094,39.2629],[-121.93698,39.26771],[-121.93401,39.26974],[-121.92917,39.27088],[-121.92858,39.27329],[-121.92756,39.27396],[-121.92776,39.27567],[-121.92528,39.27693],[-121.92112,39.28084],[-121.92082,39.28252],[-121.92219,39.28732],[-121.92179,39.28867],[-121.91919,39.28927],[-121.91832,39.29055],[-121.91837,39.29258],[-121.9165,39.29213],[-121.91698,39.29549],[-121.91551,39.29647],[-121.91415,39.29884],[-121.90813,39.30151],[-121.90792,39.30354],[-121.79842,39.30372],[-121.63059,39.30571],[-121.62986,39.30566],[-121.63158,39.30471],[-121.63233,39.30303],[-121.63148,39.30127],[-121.62655,39.29663],[-121.62389,39.29576],[-121.61825,39.30101],[-121.62089,39.30306],[-121.61948,39.30419],[-121.6171,39.31192],[-121.61212,39.31629],[-121.61259,39.31814],[-121.61134,39.31931],[-121.60854,39.3193],[-121.60432,39.31801],[-121.60328,39.31626],[-121.60356,39.31333],[-121.60189,39.311],[-121.59415,39.30778],[-121.58972,39.30824],[-121.58517,39.31161],[-121.58141,39.31001],[-121.57588,39.31084],[-121.57384,39.31032],[-121.57146,39.30859],[-121.56798,39.30811],[-121.56519,39.30644],[-121.56458,39.30532],[-121.56318,39.305],[-121.56222,39.30619],[-121.5597,39.306],[-121.55675,39.3074],[-121.5514,39.30769],[-121.54863,39.30875],[-121.5472,39.31072],[-121.54729,39.3121],[-121.54569,39.31218],[-121.54062,39.31447],[-121.53621,39.31432],[-121.53047,39.31836],[-121.5271,39.31806],[-121.52066,39.31962],[-121.51701,39.31729],[-121.51357,39.31753],[-121.51184,39.31693],[-121.50486,39.31832],[-121.50047,39.31638],[-121.49817,39.31444],[-121.49665,39.31513],[-121.49626,39.31749],[-121.49501,39.31894],[-121.49,39.31973],[-121.48732,39.31772],[-121.48415,39.31801],[-121.48264,39.32028],[-121.48505,39.32149],[-121.4843,39.32611],[-121.47836,39.32863],[-121.47456,39.33366],[-121.47107,39.33285],[-121.46869,39.33382],[-121.46349,39.33096],[-121.45984,39.33259],[-121.45859,39.33527],[-121.45772,39.33546],[-121.45487,39.33438],[-121.45267,39.33436],[-121.4505,39.33307],[-121.44859,39.33074],[-121.44722,39.3304],[-121.44545,39.33174],[-121.44269,39.33159],[-121.43845,39.33494],[-121.4375,39.33667],[-121.43593,39.3366],[-121.43494,39.33747],[-121.43197,39.33677],[-121.43076,39.33519],[-121.42572,39.33505],[-121.41897,39.33925],[-121.4152,39.34022],[-121.41128,39.33945],[-121.40644,39.34023],[-121.40515,39.34152],[-121.40711,39.34421],[-121.40329,39.34546],[-121.40248,39.34715],[-121.40357,39.3487],[-121.40291,39.34991],[-121.39993,39.35027],[-121.3913,39.35492],[-121.38965,39.35477],[-121.3878,39.35585],[-121.38632,39.35923],[-121.38275,39.36181],[-121.38274,39.36313],[-121.37908,39.36252],[-121.37652,39.36335],[-121.37563,39.36455],[-121.37242,39.36514],[-121.37339,39.36652],[-121.37149,39.36908],[-121.37254,39.37353],[-121.37122,39.37578],[-121.36808,39.37677],[-121.36605,39.38239],[-121.36434,39.38443],[-121.36415,39.38683],[-121.36296,39.38888],[-121.37083,39.38887],[-121.37085,39.40223],[-121.36643,39.40181],[-121.36352,39.40324],[-121.3591,39.40938],[-121.35435,39.41142],[-121.35269,39.41297],[-121.35097,39.41617],[-121.34935,39.41658],[-121.34458,39.4199],[-121.34194,39.42038],[-121.34185,39.42251],[-121.34074,39.42339],[-121.33585,39.42444],[-121.33415,39.4256],[-121.33547,39.43045],[-121.34036,39.43135],[-121.34335,39.43696],[-121.34526,39.43896],[-121.34358,39.44113],[-121.34387,39.44223],[-121.34677,39.44524],[-121.3453,39.44759],[-121.34506,39.45236],[-121.34194,39.45434],[-121.33841,39.45436],[-121.33827,39.46505],[-121.33344,39.46513],[-121.33333,39.46882],[-121.32407,39.46874],[-121.32393,39.47583],[-121.31494,39.47579],[-121.31492,39.48694],[-121.3101,39.48694],[-121.31018,39.49767],[-121.30547,39.4978],[-121.305,39.51958],[-121.27675,39.52036],[-121.27731,39.51274],[-121.23975,39.51332],[-121.23996,39.52713],[-121.2228,39.52726],[-121.18511,39.52688],[-121.18502,39.51969],[-121.15857,39.51938],[-121.15881,39.52653],[-121.14954,39.52689],[-121.14968,39.55527],[-121.14044,39.55547],[-121.14058,39.56275],[-121.11657,39.56334],[-121.11653,39.56695],[-121.10715,39.5671],[-121.10759,39.58519],[-121.07945,39.58525],[-121.0766,39.59733],[-121.0793,39.60338],[-121.08896,39.60332],[-121.0889,39.61355],[-121.09779,39.61361],[-121.09766,39.62097],[-121.11656,39.62109],[-121.11674,39.62836],[-121.13692,39.62823],[-121.13652,39.65678],[-121.15534,39.65675],[-121.15513,39.66375],[-121.16327,39.66385],[-121.1632,39.671],[-121.17167,39.67104],[-121.17138,39.68565],[-121.19034,39.68521],[-121.19035,39.69986],[-121.20914,39.70025],[-121.209,39.71167],[-121.21063,39.71167],[-121.21084,39.72552],[-121.22968,39.72561],[-121.22977,39.73986],[-121.24831,39.73987],[-121.24838,39.74562],[-121.25061,39.75393],[-121.26791,39.75404],[-121.26818,39.76874],[-121.28588,39.76749],[-121.28493,39.78155],[-121.2895,39.78166],[-121.28955,39.78538],[-121.29425,39.78543],[-121.29425,39.78921],[-121.30788,39.78934],[-121.30776,39.79656],[-121.31695,39.79662],[-121.31851,39.81093],[-121.33252,39.81102],[-121.33241,39.82571],[-121.35079,39.82595],[-121.35121,39.84038],[-121.36071,39.84083],[-121.36149,39.85558],[-121.37962,39.8555],[-121.37967,39.8627],[-121.3872,39.8627],[-121.37366,39.86848],[-121.37247,39.87727],[-121.37015,39.88182],[-121.3668,39.88562],[-121.36154,39.88861],[-121.35999,39.89104],[-121.35907,39.9004],[-121.35233,39.90207],[-121.34341,39.90634],[-121.32971,39.91027],[-121.32677,39.91455],[-121.32186,39.91796],[-121.31669,39.92041],[-121.31532,39.92541],[-121.31618,39.93033],[-121.31572,39.9371],[-121.31477,39.93807],[-121.31079,39.93859],[-121.30877,39.94021],[-121.30772,39.94236],[-121.30811,39.94374],[-121.30751,39.94495],[-121.30257,39.94902],[-121.29968,39.9537],[-121.29118,39.9575],[-121.28469,39.95832],[-121.27943,39.96238],[-121.27443,39.964],[-121.27419,39.96515],[-121.27597,39.96769],[-121.27462,39.97165],[-121.27528,39.97284],[-121.27777,39.97398],[-121.27732,39.97794],[-121.27806,39.98007],[-121.28225,39.98195],[-121.28269,39.98524],[-121.28442,39.98618],[-121.28495,39.98925],[-121.28361,39.99071],[-121.2812,39.99146],[-121.27857,39.99437],[-121.27536,39.99489],[-121.2745,39.99608],[-121.27413,39.99896],[-121.2695,40.00136],[-121.26849,40.00365],[-121.26542,40.00559],[-121.25995,40.00391],[-121.25033,40.00707],[-121.24379,40.0061],[-121.24221,40.0063],[-121.2412,40.00813],[-121.2395,40.00848],[-121.2323,40.00812],[-121.23007,40.00915],[-121.22865,40.01261],[-121.22598,40.01421],[-121.22205,40.01465],[-121.21832,40.01124],[-121.21696,40.01157],[-121.21657,40.01262],[-121.21732,40.0141],[-121.21625,40.01525],[-121.21048,40.01658],[-121.20777,40.01583],[-121.20619,40.01292],[-121.20482,40.01258],[-121.20039,40.01371],[-121.19485,40.01304],[-121.19301,40.01231],[-121.19041,40.00941],[-121.18917,40.00966],[-121.1856,40.01332],[-121.18426,40.01378],[-121.17956,40.01276],[-121.17652,40.01282],[-121.17539,40.01349],[-121.16864,40.01949],[-121.1679,40.02249],[-121.1668,40.02336],[-121.16177,40.02262],[-121.15374,40.02471],[-121.14823,40.02407],[-121.13752,40.02727],[-121.13567,40.02853],[-121.13413,40.02871],[-121.13169,40.02757],[-121.12684,40.02933],[-121.12389,40.02828],[-121.12294,40.02528],[-121.12189,40.02423],[-121.11922,40.02437],[-121.11731,40.02551],[-121.11538,40.02537],[-121.10767,40.02281],[-121.10107,40.01647],[-121.0989,40.0164],[-121.09619,40.01748],[-121.09074,40.01462],[-121.08801,40.01489],[-121.08345,40.01823],[-121.07143,40.02065],[-121.06467,40.02366],[-121.05926,40.02161],[-121.05498,40.01886],[-121.04438,40.02032],[-121.03194,40.01934],[-121.03069,40.02016],[-121.02899,40.02582],[-121.02164,40.02757],[-121.02002,40.03116],[-121.01309,40.03177],[-121.01034,40.03596],[-121.00862,40.03641],[-121.00039,40.03593],[-120.99992,40.03822],[-120.99879,40.03964],[-120.9974,40.0401],[-120.99409,40.0396],[-120.99105,40.03615],[-120.98894,40.03494],[-120.98584,40.03613],[-120.98447,40.03852],[-120.9821,40.03899],[-120.98046,40.03852],[-120.97736,40.03523],[-120.97596,40.03557],[-120.97495,40.03696],[-120.97031,40.03978],[-120.96722,40.03969],[-120.96468,40.03501],[-120.96179,40.03279],[-120.96209,40.03155],[-120.96497,40.02876],[-120.96282,40.02407],[-120.96276,40.02213],[-120.95987,40.02071],[-120.9596,40.01978],[-120.9651,40.01671],[-120.96614,40.0149],[-120.96625,40.00817],[-120.95959,40.0061],[-120.95816,40.0047],[-120.95845,40.00324],[-120.95771,40.00159],[-120.95601,40.00104],[-120.95538,39.9999],[-120.9559,39.99797],[-120.95506,39.99724],[-120.95146,39.99663],[-120.94774,39.99414],[-120.94337,39.98863],[-120.94197,39.98396],[-120.93723,39.97461],[-120.93788,39.97206],[-120.94234,39.9663],[-120.95306,39.95966],[-120.95965,39.95153],[-120.95924,39.94897],[-120.94885,39.93678],[-120.94222,39.9367],[-120.93685,39.93784],[-120.93019,39.93514],[-120.89283,39.93367],[-120.88454,39.93557],[-120.87607,39.93268],[-120.87049,39.93346],[-120.86231,39.9363],[-120.85236,39.93259],[-120.84663,39.93163],[-120.8389,39.92668],[-120.83377,39.9224],[-120.8313,39.91897],[-120.8275,39.91682],[-120.82097,39.9154],[-120.81414,39.91164],[-120.8082,39.91226],[-120.80523,39.91166],[-120.80365,39.90973],[-120.79077,39.9033],[-120.78517,39.89284],[-120.78301,39.8871],[-120.78112,39.88366],[-120.77949,39.88229],[-120.7683,39.8791],[-120.75479,39.87837],[-120.74829,39.8739],[-120.73725,39.87435],[-120.72927,39.87618],[-120.72505,39.87619],[-120.70251,39.86847],[-120.69339,39.86327],[-120.68457,39.85419],[-120.67827,39.84374],[-120.67833,39.84038],[-120.67521,39.83743],[-120.67274,39.83317],[-120.66633,39.8272],[-120.66523,39.82558],[-120.66446,39.82096],[-120.6636,39.81977],[-120.65354,39.81348],[-120.6536,39.80783],[-120.64974,39.80333],[-120.63959,39.79567],[-120.63129,39.78647],[-120.62441,39.78734],[-120.62002,39.78429],[-120.62172,39.78123],[-120.61905,39.76662],[-120.61354,39.76272],[-120.6053,39.76033],[-120.59919,39.75483],[-120.60593,39.74851],[-120.61402,39.74693],[-120.61618,39.74457],[-120.61743,39.74467],[-120.61856,39.74945],[-120.62143,39.74917],[-120.62613,39.74672],[-120.63037,39.74564],[-120.6352,39.74203],[-120.63715,39.74233],[-120.64038,39.7448],[-120.64423,39.74451],[-120.65233,39.73561],[-120.65553,39.73086],[-120.65776,39.72591],[-120.65791,39.7244],[-120.65465,39.72141],[-120.65435,39.7201],[-120.65506,39.71848],[-120.65735,39.71644],[-120.66185,39.71418],[-120.66345,39.71185],[-120.65945,39.70571],[-120.65889,39.7032],[-120.65943,39.69945],[-120.65816,39.69464],[-120.64318,39.691],[-120.64202,39.68965],[-120.64208,39.6864],[-120.64111,39.68416],[-120.64126,39.68009],[-120.63413,39.67428],[-120.62608,39.67137],[-120.62563,39.66879],[-120.624,39.66666],[-120.62412,39.66428],[-120.62769,39.65851],[-120.63071,39.65586],[-120.63133,39.65383],[-120.62493,39.64429],[-120.62493,39.6407],[-120.62276,39.63514],[-120.61524,39.62864],[-120.60982,39.61995],[-120.60198,39.61416],[-120.59509,39.61539],[-120.58933,39.61847],[-120.58478,39.61886],[-120.58288,39.62261],[-120.5801,39.62492],[-120.57383,39.62695],[-120.57069,39.62905],[-120.5506,39.63314],[-120.54637,39.631],[-120.54516,39.62965],[-120.54519,39.62668],[-120.54327,39.62492],[-120.53955,39.62352],[-120.53553,39.62061],[-120.53343,39.62022],[-120.53076,39.62187],[-120.52589,39.62226],[-120.52407,39.62171],[-120.52133,39.6189],[-120.5172,39.61897],[-120.51327,39.61639],[-120.50621,39.6171],[-120.50381,39.61568],[-120.49759,39.61925],[-120.49464,39.61747],[-120.48976,39.61726],[-120.48959,39.61364],[-120.48201,39.61059],[-120.48053,39.60751],[-120.48468,39.60448],[-120.48752,39.60338],[-120.48733,39.60108],[-120.48639,39.59896],[-120.48521,39.59878],[-120.48424,39.59967],[-120.48316,39.59932],[-120.48329,39.59697],[-120.48232,39.59528],[-120.4798,39.59447],[-120.47661,39.5912],[-120.47337,39.59057],[-120.47165,39.59153],[-120.47045,39.59001],[-120.47014,39.58934],[-120.4715,39.58584],[-120.46884,39.58378],[-120.47002,39.58177],[-120.4684,39.57571],[-120.47225,39.5739],[-120.47105,39.57115],[-120.47173,39.57003],[-120.47507,39.56971],[-120.47758,39.57049],[-120.47857,39.56897],[-120.47964,39.56863],[-120.48494,39.56847],[-120.48762,39.56989],[-120.48987,39.57316],[-120.49262,39.57396],[-120.49373,39.57339],[-120.49213,39.56989],[-120.49202,39.56733],[-120.49457,39.5633],[-120.49046,39.56261],[-120.48947,39.55895],[-120.48588,39.5569],[-120.48667,39.55537],[-120.49212,39.55401],[-120.49118,39.5514],[-120.47914,39.54825],[-120.4784,39.54712],[-120.47905,39.54587],[-120.48654,39.54281],[-120.48195,39.54108],[-120.47651,39.54032],[-120.47461,39.53888],[-120.46912,39.53719],[-120.4672,39.53675],[-120.4633,39.53744],[-120.45949,39.53488],[-120.45547,39.53362],[-120.45526,39.533],[-120.45668,39.53204],[-120.45771,39.53014],[-120.45594,39.52815],[-120.44483,39.52322],[-120.43228,39.52084],[-120.4323,39.51987],[-120.43453,39.51762],[-120.44403,39.5156],[-120.44399,39.51192],[-120.44306,39.51018],[-120.43636,39.51091],[-120.43193,39.50904],[-120.42795,39.50934],[-120.41824,39.50593],[-120.41513,39.50601],[-120.41171,39.50459],[-120.41222,39.4974],[-120.41401,39.49918],[-120.41782,39.49994],[-120.42206,39.49938],[-120.42888,39.49679],[-120.43396,39.49869],[-120.43211,39.49679],[-120.43057,39.49264],[-120.42808,39.48913],[-120.42807,39.484],[-120.42966,39.48245],[-120.42877,39.48139],[-120.42868,39.47966],[-120.42954,39.47728],[-120.43199,39.47476],[-120.43644,39.47249],[-120.44259,39.46739],[-120.44274,39.46525],[-120.43879,39.45548],[-120.43988,39.45308],[-120.4451,39.44836],[-120.44578,39.4468],[-120.4479,39.44669],[-120.44942,39.44531],[-120.44811,39.44326],[-120.44447,39.44371],[-120.44196,39.44299],[-120.43939,39.44071],[-120.43897,39.43925],[-120.43976,39.43704],[-120.44268,39.43477],[-120.44264,39.43361],[-120.44423,39.43087],[-120.44792,39.42834],[-120.44778,39.42644],[-120.44895,39.42241],[-120.44413,39.42194],[-120.4412,39.42248],[-120.43636,39.42542],[-120.43545,39.42528],[-120.43584,39.42141],[-120.43689,39.41967],[-120.43504,39.41643],[-120.43459,39.41186],[-120.43484,39.41085],[-120.4375,39.40873],[-120.43692,39.40806],[-120.42921,39.4075],[-120.42499,39.41007],[-120.41443,39.4106],[-120.41195,39.41175],[-120.40984,39.41172],[-120.40722,39.41603],[-120.40225,39.41778],[-120.40189,39.41494],[-120.39957,39.41348],[-120.39904,39.41087],[-120.39399,39.41075],[-120.39314,39.40982],[-120.39398,39.40803],[-120.39109,39.40978],[-120.39046,39.40914],[-120.39176,39.40721],[-120.39035,39.40632],[-120.38223,39.40445],[-120.3781,39.40227],[-120.37638,39.39957],[-120.37594,39.39782],[-120.37652,39.3962],[-120.37599,39.39541],[-120.38004,39.39512],[-120.37835,39.39354],[-120.37678,39.39314],[-120.37785,39.39216],[-120.37582,39.3925],[-120.3769,39.39026],[-120.37511,39.39143],[-120.37502,39.39053],[-120.37342,39.38938],[-120.37363,39.38766],[-120.37273,39.38582],[-120.37319,39.38428],[-120.37124,39.38267],[-120.37044,39.37844],[-120.36762,39.37662],[-120.36828,39.37627],[-120.36707,39.3761],[-120.36828,39.3752],[-120.36825,39.37384],[-120.36794,39.37214],[-120.36648,39.37185],[-120.36689,39.36725],[-120.3648,39.36648],[-120.36544,39.36564],[-120.364,39.36176],[-120.36476,39.35834],[-120.36104,39.35994],[-120.35537,39.35791],[-120.35443,39.35455],[-120.3527,39.35264],[-120.35277,39.35105],[-120.35124,39.3472],[-120.34992,39.34536],[-120.3438,39.34448],[-120.34317,39.34052],[-120.35102,39.33797],[-120.35547,39.3346],[-120.37279,39.32671],[-120.37924,39.32646],[-120.38787,39.32765],[-120.39535,39.32429],[-120.40639,39.32237],[-120.41419,39.32417],[-120.41799,39.32332],[-120.43436,39.31678],[-120.44776,39.31384],[-120.4623,39.31547],[-120.46843,39.31382],[-120.47694,39.3138],[-120.48812,39.312],[-120.50105,39.31176],[-120.51278,39.31347],[-120.51734,39.3121],[-120.52038,39.3071],[-120.52195,39.30598],[-120.53093,39.30427],[-120.53885,39.30641],[-120.55141,39.31389],[-120.56407,39.3195],[-120.57281,39.32649],[-120.58577,39.33006],[-120.58933,39.33006],[-120.59472,39.32643],[-120.601,39.32563],[-120.60327,39.32325],[-120.61552,39.32053],[-120.62459,39.31954],[-120.62845,39.31751],[-120.64785,39.31108],[-120.65466,39.3098],[-120.65737,39.30764],[-120.66199,39.30707],[-120.67003,39.3041],[-120.67462,39.3043],[-120.68158,39.3067],[-120.689,39.304],[-120.69109,39.30417],[-120.69286,39.30213],[-120.70281,39.29979],[-120.70549,39.29657],[-120.70808,39.29561],[-120.71067,39.29261],[-120.71606,39.2921],[-120.72845,39.28787],[-120.73075,39.28535],[-120.73628,39.28201],[-120.73813,39.2797],[-120.74134,39.27867],[-120.74396,39.27725],[-120.74449,39.27594],[-120.74722,39.27493],[-120.74878,39.27301],[-120.74904,39.27096],[-120.75491,39.2666],[-120.75629,39.26469],[-120.76227,39.26412],[-120.76436,39.26311],[-120.76695,39.25805],[-120.76898,39.25636],[-120.77399,39.25561],[-120.77608,39.25419],[-120.77655,39.25273],[-120.78122,39.24964],[-120.78446,39.24864],[-120.78523,39.24635],[-120.79158,39.2412],[-120.7987,39.23846],[-120.80097,39.23531],[-120.80253,39.23547],[-120.80447,39.23329],[-120.81115,39.23192],[-120.81406,39.2297],[-120.81533,39.23013],[-120.81924,39.22844],[-120.81897,39.22732],[-120.82106,39.22723],[-120.82262,39.2256],[-120.82453,39.22556],[-120.82506,39.22446],[-120.82809,39.22377],[-120.82794,39.22114],[-120.8305,39.22126],[-120.83086,39.22029],[-120.8396,39.21567],[-120.84472,39.21356],[-120.85153,39.21215],[-120.85335,39.21061],[-120.85356,39.20917],[-120.85494,39.20869],[-120.85506,39.20739],[-120.85785,39.20631],[-120.85714,39.2048],[-120.85776,39.20169],[-120.85699,39.20045],[-120.85796,39.19922],[-120.8579,39.19743],[-120.86099,39.19478],[-120.86069,39.19281],[-120.86275,39.191],[-120.86689,39.18974],[-120.86545,39.18855],[-120.86739,39.1872],[-120.86721,39.18613],[-120.86965,39.18439],[-120.86839,39.18217],[-120.86897,39.18084],[-120.87103,39.17961],[-120.87523,39.17953],[-120.87989,39.17798],[-120.88133,39.17894],[-120.8851,39.17837],[-120.88727,39.17645],[-120.89092,39.17709],[-120.89207,39.17668],[-120.89286,39.17526],[-120.89609,39.17656],[-120.89744,39.17645],[-120.9003,39.17403],[-120.90459,39.17307],[-120.90506,39.17197],[-120.90879,39.17035],[-120.9087,39.16882],[-120.90647,39.16744],[-120.90624,39.16629],[-120.90905,39.16386],[-120.9206,39.16263],[-120.92463,39.16109],[-120.92473,39.15981],[-120.92343,39.1581],[-120.92738,39.15533],[-120.9316,39.15659],[-120.93167,39.1556],[-120.93078,39.15473],[-120.93143,39.15353],[-120.93707,39.15166],[-120.94089,39.14537],[-120.94557,39.1451],[-120.94793,39.14312],[-120.94918,39.14098],[-120.94948,39.13689],[-120.95268,39.13631],[-120.95546,39.1329],[-120.9574,39.13262],[-120.96104,39.12988],[-120.9653,39.12841],[-120.96697,39.12679],[-120.96797,39.12491],[-120.96788,39.12234],[-120.97105,39.11996],[-120.97302,39.11975],[-120.97384,39.11888],[-120.97407,39.11662],[-120.97581,39.11547],[-120.97698,39.11227],[-120.97933,39.11087],[-120.98702,39.11124],[-120.98838,39.11071],[-120.98816,39.10603],[-120.9865,39.10201],[-120.98812,39.10077],[-120.98823,39.09966],[-120.98693,39.09861],[-120.98877,39.08538],[-120.99121,39.08192],[-120.99579,39.08103],[-120.9962,39.08007],[-120.99486,39.07815],[-120.99243,39.07723],[-120.99166,39.076],[-120.99258,39.07476],[-120.99864,39.07158],[-120.99826,39.0703],[-120.99688,39.06971],[-120.9965,39.06865],[-121,39.06759],[-121.00155,39.06782],[-121.00323,39.06625],[-121.00241,39.06339],[-121.00308,39.06231],[-121.00614,39.06167],[-121.00705,39.06014],[-121.00679,39.05803],[-121.00793,39.05703],[-121.00802,39.0527],[-121.00864,39.0517],[-121.00984,39.05122],[-121.01125,39.05234],[-121.01275,39.05247],[-121.01351,39.05145],[-121.01266,39.04923],[-121.0134,39.0482],[-121.01818,39.04713],[-121.02047,39.04529],[-121.02173,39.0396],[-121.02992,39.0374],[-121.03069,39.02726],[-121.03294,39.02446],[-121.03782,39.02053],[-121.03702,39.0184],[-121.03779,39.01621],[-121.04217,39.01366],[-121.04924,39.0127],[-121.05266,39.01034],[-121.06079,39.01011],[-121.06733,39.00561],[-121.07128,39.0054],[-121.0734,39.00627],[-121.07985,39.00689],[-121.08073,39.00755],[-121.08058,39.00922],[-121.08378,39.0105],[-121.08953,39.01439],[-121.09495,39.0115],[-121.09627,39.01175],[-121.09651,39.01276],[-121.09839,39.01304],[-121.10255,39.01173],[-121.10507,39.01223],[-121.10584,39.01594],[-121.10774,39.01774],[-121.11273,39.01804],[-121.11922,39.02103],[-121.1208,39.0241],[-121.12227,39.0241],[-121.12294,39.02504],[-121.12359,39.02813],[-121.12606,39.02925],[-121.12656,39.03048],[-121.125,39.03197],[-121.13304,39.03438],[-121.1348,39.0365],[-121.13747,39.03797],[-121.13926,39.03774],[-121.14331,39.0344],[-121.14991,39.03241],[-121.15152,39.02985],[-121.15208,39.02715],[-121.15329,39.02653],[-121.162,39.02438],[-121.16361,39.02255],[-121.16661,39.02173],[-121.17291,39.01841],[-121.17863,39.02011],[-121.18655,39.01276],[-121.18814,39.0126],[-121.19183,39.01528],[-121.20004,39.01702],[-121.20415,39.01562],[-121.20603,39.01169],[-121.21096,39.01194],[-121.21298,39.01276],[-121.22005,39.01168],[-121.2216,39.01203],[-121.22909,39.02237],[-121.23346,39.02465],[-121.23768,39.02394],[-121.24064,39.02131],[-121.24716,39.02444],[-121.2491,39.0273],[-121.2572,39.02712],[-121.25931,39.02831],[-121.25969,39.02714],[-121.26808,39.03049],[-121.26925,39.02753],[-121.27037,39.02815],[-121.27145,39.03069],[-121.27406,39.03282],[-121.27767,39.03379],[-121.28151,39.03408],[-121.28172,39.03299],[-121.27863,39.02945],[-121.27958,39.02658],[-121.28096,39.02729],[-121.28081,39.02926],[-121.28251,39.03083],[-121.28392,39.03077],[-121.28512,39.0291],[-121.28539,39.02416],[-121.28718,39.02356],[-121.28803,39.02608],[-121.29079,39.02672],[-121.29005,39.02795],[-121.29038,39.02896],[-121.28941,39.02972],[-121.28967,39.03294],[-121.29419,39.031],[-121.29574,39.03333],[-121.29548,39.03457],[-121.29692,39.03489],[-121.2965,39.04008],[-121.2995,39.04338],[-121.30208,39.04457],[-121.30501,39.04761],[-121.30674,39.04814],[-121.30674,39.04702],[-121.30404,39.04445],[-121.30396,39.04311],[-121.30167,39.0391],[-121.30446,39.04027],[-121.30451,39.04123],[-121.30639,39.04162],[-121.3068,39.04274],[-121.30982,39.04532],[-121.31299,39.04621],[-121.31534,39.04949],[-121.31898,39.04821],[-121.31968,39.04521],[-121.3218,39.0431],[-121.32294,39.04262],[-121.32679,39.0437],[-121.33028,39.04255],[-121.3428,39.03608],[-121.34559,39.0328],[-121.346,39.02994],[-121.34764,39.02816],[-121.34931,39.02431],[-121.35925,39.01918],[-121.36568,39.01717],[-121.36796,39.01321],[-121.36902,39.01256],[-121.37605,39.00918],[-121.38283,39.00712],[-121.39418,39.00737],[-121.39996,39.00509],[-121.40675,39.00022]]]},"properties":{"id":"25","code":"J16","name":"Bucks Mountain/Nevada City Apprentice Either-Sex Deer Hunt","kind":"additional_hunt","group":"Apprentice","hunt_type":"EITHER-SEX","acreage":1722361}},{"type":"Feature","geometry":{"type":"Polygon","coordinates":[[[-121.99976,38.92493],[-122.00012,38.92549],[-121.98917,38.92548],[-121.83512,38.9246],[-121.83712,38.92579],[-121.83783,38.92741],[-121.83446,38.9338],[-121.83081,38.93707],[-121.83017,38.93853],[-121.83159,38.9404],[-121.83639,38.94347],[-121.83696,38.9455],[-121.83673,38.94958],[-121.83811,38.95232],[-121.84062,38.95499],[-121.83574,38.95736],[-121.83201,38.96049],[-121.83458,38.96501],[-121.83472,38.96758],[-121.83401,38.96927],[-121.82918,38.9727],[-121.82248,38.97395],[-121.8213,38.9749],[-121.8205,38.98681],[-121.81937,38.98843],[-121.80231,38.98965],[-121.79755,38.99297],[-121.79545,38.99543],[-121.79646,38.99749],[-121.80206,39.00007],[-121.80623,39.00354],[-121.81278,39.00581],[-121.81927,39.00603],[-121.82632,39.01111],[-121.82644,39.01315],[-121.82108,39.02013],[-121.8225,39.02538],[-121.82266,39.02901],[-121.82531,39.03216],[-121.83061,39.03245],[-121.83087,39.0334],[-121.82944,39.03622],[-121.8296,39.03812],[-121.83691,39.04297],[-121.83937,39.04618],[-121.84087,39.05259],[-121.83844,39.06267],[-121.83889,39.06454],[-121.84307,39.06658],[-121.85005,39.07158],[-121.85212,39.0714],[-121.86045,39.0681],[-121.86958,39.06674],[-121.87663,39.07037],[-121.88439,39.0709],[-121.88983,39.07301],[-121.89446,39.07896],[-121.89337,39.08043],[-121.88939,39.08143],[-121.8899,39.08277],[-121.89498,39.0866],[-121.89497,39.08813],[-121.89309,39.09207],[-121.89358,39.09549],[-121.89474,39.09632],[-121.89823,39.09673],[-121.89991,39.10027],[-121.9042,39.10168],[-121.90528,39.10278],[-121.90547,39.10463],[-121.90307,39.10925],[-121.9054,39.11483],[-121.90712,39.11474],[-121.91,39.11291],[-121.91195,39.11328],[-121.91281,39.1143],[-121.91254,39.11548],[-121.90976,39.11844],[-121.91056,39.12288],[-121.91255,39.1239],[-121.91879,39.12198],[-121.92085,39.12198],[-121.92212,39.12276],[-121.9237,39.12659],[-121.9253,39.12833],[-121.93169,39.12934],[-121.93648,39.13169],[-121.93886,39.13462],[-121.93953,39.14112],[-121.93896,39.14281],[-121.93745,39.14417],[-121.93177,39.14257],[-121.92446,39.14254],[-121.92141,39.1414],[-121.91945,39.14186],[-121.91779,39.14552],[-121.91477,39.14545],[-121.91465,39.14329],[-121.91342,39.14323],[-121.84421,39.14277],[-121.83854,39.14407],[-121.8291,39.14754],[-121.81658,39.14989],[-121.79215,39.14947],[-121.77712,39.14309],[-121.75822,39.14218],[-121.68698,39.14102],[-121.62233,39.14165],[-121.61745,39.14069],[-121.60949,39.14329],[-121.59127,39.14581],[-121.58937,39.13376],[-121.58791,39.1315],[-121.55944,39.11337],[-121.55176,39.10338],[-121.54753,39.1007],[-121.52443,39.07313],[-121.51677,39.0663],[-121.4827,39.04337],[-121.47363,39.04181],[-121.44723,39.02385],[-121.43009,39.01367],[-121.42663,39.01034],[-121.42337,39.00848],[-121.41914,39.00723],[-121.40675,39.00022],[-121.39996,39.00509],[-121.39418,39.00737],[-121.38283,39.00712],[-121.37605,39.00918],[-121.36902,39.01256],[-121.36796,39.01321],[-121.36568,39.01717],[-121.35925,39.01918],[-121.34931,39.02431],[-121.34764,39.02816],[-121.346,39.02994],[-121.34559,39.0328],[-121.3428,39.03608],[-121.33028,39.04255],[-121.32679,39.0437],[-121.32294,39.04262],[-121.3218,39.0431],[-121.31968,39.04521],[-121.31898,39.04821],[-121.31534,39.04949],[-121.31299,39.04621],[-121.30982,39.04532],[-121.3068,39.04274],[-121.30639,39.04162],[-121.30451,39.04123],[-121.30446,39.04027],[-121.30167,39.0391],[-121.30396,39.04311],[-121.30404,39.04445],[-121.30674,39.04702],[-121.30674,39.04814],[-121.30501,39.04761],[-121.30208,39.04457],[-121.2995,39.04338],[-121.2965,39.04008],[-121.29692,39.03489],[-121.29548,39.03457],[-121.29574,39.03333],[-121.29419,39.031],[-121.28967,39.03294],[-121.28941,39.02972],[-121.29038,39.02896],[-121.29005,39.02795],[-121.29079,39.02672],[-121.28803,39.02608],[-121.28718,39.02356],[-121.28539,39.02416],[-121.28512,39.0291],[-121.28392,39.03077],[-121.28251,39.03083],[-121.28081,39.02926],[-121.28096,39.02729],[-121.27958,39.02658],[-121.27863,39.02945],[-121.28172,39.03299],[-121.28151,39.03408],[-121.27767,39.03379],[-121.27406,39.03282],[-121.27145,39.03069],[-121.27037,39.02815],[-121.26925,39.02753],[-121.26808,39.03049],[-121.25969,39.02714],[-121.25931,39.02831],[-121.2572,39.02712],[-121.2491,39.0273],[-121.24716,39.02444],[-121.24064,39.02131],[-121.23768,39.02394],[-121.23346,39.02465],[-121.22909,39.02237],[-121.2216,39.01203],[-121.22005,39.01168],[-121.21298,39.01276],[-121.21096,39.01194],[-121.20603,39.01169],[-121.20415,39.01562],[-121.20004,39.01702],[-121.19183,39.01528],[-121.18814,39.0126],[-121.18655,39.01276],[-121.17863,39.02011],[-121.17291,39.01841],[-121.16661,39.02173],[-121.16361,39.02255],[-121.162,39.02438],[-121.15329,39.02653],[-121.15208,39.02715],[-121.15152,39.02985],[-121.14991,39.03241],[-121.14331,39.0344],[-121.13926,39.03774],[-121.13747,39.03797],[-121.1348,39.0365],[-121.13304,39.03438],[-121.125,39.03197],[-121.12656,39.03048],[-121.12606,39.02925],[-121.12359,39.02813],[-121.12294,39.02504],[-121.12227,39.0241],[-121.1208,39.0241],[-121.11922,39.02103],[-121.11273,39.01804],[-121.10774,39.01774],[-121.10584,39.01594],[-121.10507,39.01223],[-121.10255,39.01173],[-121.09839,39.01304],[-121.09651,39.01276],[-121.09627,39.01175],[-121.09495,39.0115],[-121.08953,39.01439],[-121.08378,39.0105],[-121.08058,39.00922],[-121.08073,39.00755],[-121.07985,39.00689],[-121.0734,39.00627],[-121.07128,39.0054],[-121.06733,39.00561],[-121.06079,39.01011],[-121.05266,39.01034],[-121.04924,39.0127],[-121.04217,39.01366],[-121.03876,39.01523],[-121.03711,39.01719],[-121.03782,39.02053],[-121.03294,39.02446],[-121.03069,39.02726],[-121.02992,39.0374],[-121.02173,39.0396],[-121.02047,39.04529],[-121.01818,39.04713],[-121.0134,39.0482],[-121.01266,39.04923],[-121.01351,39.05145],[-121.01275,39.05247],[-121.01125,39.05234],[-121.00984,39.05122],[-121.00864,39.0517],[-121.00802,39.0527],[-121.00793,39.05703],[-121.00679,39.05803],[-121.00705,39.06014],[-121.00614,39.06167],[-121.00308,39.06231],[-121.00241,39.06339],[-121.00323,39.06625],[-121.00155,39.06782],[-121,39.06759],[-120.9965,39.06865],[-120.99688,39.06971],[-120.99826,39.0703],[-120.99864,39.07158],[-120.99258,39.07476],[-120.99166,39.076],[-120.99243,39.07723],[-120.99486,39.07815],[-120.9962,39.08007],[-120.99579,39.08103],[-120.99121,39.08192],[-120.98877,39.08538],[-120.98693,39.09861],[-120.98823,39.09966],[-120.98812,39.10077],[-120.9865,39.10201],[-120.98816,39.10603],[-120.98838,39.11071],[-120.98702,39.11124],[-120.97933,39.11087],[-120.97698,39.11227],[-120.97581,39.11547],[-120.97407,39.11662],[-120.97384,39.11888],[-120.97302,39.11975],[-120.97105,39.11996],[-120.96788,39.12234],[-120.96797,39.12491],[-120.9653,39.12841],[-120.96104,39.12988],[-120.9574,39.13262],[-120.95546,39.1329],[-120.95268,39.13631],[-120.94948,39.13689],[-120.94879,39.14195],[-120.94557,39.1451],[-120.94089,39.14537],[-120.93707,39.15166],[-120.93143,39.15353],[-120.93078,39.15473],[-120.93167,39.1556],[-120.9316,39.15659],[-120.92738,39.15533],[-120.92403,39.15722],[-120.92343,39.1581],[-120.92473,39.15981],[-120.92463,39.16109],[-120.9206,39.16263],[-120.90905,39.16386],[-120.90624,39.16629],[-120.90647,39.16744],[-120.9087,39.16882],[-120.90879,39.17035],[-120.90506,39.17197],[-120.90459,39.17307],[-120.9003,39.17403],[-120.89744,39.17645],[-120.89609,39.17656],[-120.89286,39.17526],[-120.89207,39.17668],[-120.89092,39.17709],[-120.88727,39.17645],[-120.8851,39.17837],[-120.88133,39.17894],[-120.87989,39.17798],[-120.87523,39.17953],[-120.87103,39.17961],[-120.86897,39.18084],[-120.86839,39.18217],[-120.86965,39.18439],[-120.86721,39.18613],[-120.86739,39.1872],[-120.86545,39.18855],[-120.86689,39.18974],[-120.86275,39.191],[-120.86069,39.19281],[-120.86099,39.19478],[-120.8579,39.19743],[-120.85796,39.19922],[-120.85699,39.20045],[-120.85776,39.20169],[-120.85714,39.2048],[-120.85785,39.20631],[-120.85506,39.20739],[-120.85494,39.20869],[-120.85356,39.20917],[-120.85335,39.21061],[-120.85153,39.21215],[-120.84472,39.21356],[-120.8396,39.21567],[-120.83086,39.22029],[-120.8305,39.22126],[-120.82794,39.22114],[-120.82809,39.22377],[-120.82506,39.22446],[-120.82453,39.22556],[-120.82262,39.2256],[-120.82106,39.22723],[-120.81897,39.22732],[-120.81924,39.22844],[-120.81533,39.23013],[-120.81406,39.2297],[-120.81115,39.23192],[-120.80447,39.23329],[-120.80253,39.23547],[-120.80097,39.23531],[-120.7987,39.23846],[-120.79158,39.2412],[-120.78523,39.24635],[-120.78446,39.24864],[-120.78122,39.24964],[-120.77655,39.25273],[-120.77608,39.25419],[-120.77399,39.25561],[-120.76898,39.25636],[-120.76695,39.25805],[-120.76436,39.26311],[-120.76227,39.26412],[-120.75629,39.26469],[-120.75491,39.2666],[-120.74904,39.27096],[-120.74878,39.27301],[-120.74722,39.27493],[-120.74449,39.27594],[-120.74396,39.27725],[-120.74134,39.27867],[-120.73813,39.2797],[-120.73628,39.28201],[-120.73075,39.28535],[-120.72845,39.28787],[-120.71606,39.2921],[-120.71067,39.29261],[-120.70808,39.29561],[-120.70549,39.29657],[-120.70281,39.29979],[-120.69286,39.30213],[-120.69109,39.30417],[-120.689,39.304],[-120.68158,39.3067],[-120.67462,39.3043],[-120.67003,39.3041],[-120.66199,39.30707],[-120.65737,39.30764],[-120.65466,39.3098],[-120.64785,39.31108],[-120.62845,39.31751],[-120.62459,39.31954],[-120.61552,39.32053],[-120.60327,39.32325],[-120.601,39.32563],[-120.59472,39.32643],[-120.58933,39.33006],[-120.58577,39.33006],[-120.57281,39.32649],[-120.56407,39.3195],[-120.55141,39.31389],[-120.53885,39.30641],[-120.53093,39.30427],[-120.52195,39.30598],[-120.52038,39.3071],[-120.51734,39.3121],[-120.51278,39.31347],[-120.50105,39.31176],[-120.48812,39.312],[-120.47694,39.3138],[-120.46843,39.31382],[-120.4623,39.31547],[-120.44776,39.31384],[-120.43436,39.31678],[-120.41799,39.32332],[-120.41419,39.32417],[-120.40639,39.32237],[-120.39535,39.32429],[-120.38787,39.32765],[-120.37924,39.32646],[-120.37279,39.32671],[-120.35547,39.3346],[-120.35102,39.33797],[-120.33666,39.34252],[-120.33677,39.34064],[-120.33347,39.33934],[-120.33278,39.33796],[-120.32636,39.33745],[-120.32489,39.33649],[-120.32525,39.33555],[-120.3228,39.33281],[-120.32207,39.33052],[-120.32007,39.32919],[-120.3208,39.32895],[-120.32094,39.3279],[-120.31974,39.32796],[-120.31964,39.32744],[-120.32129,39.3262],[-120.32103,39.3242],[-120.32202,39.32372],[-120.32036,39.32294],[-120.32123,39.3227],[-120.32059,39.32126],[-120.32602,39.31684],[-120.32726,39.31486],[-120.32538,39.31439],[-120.32613,39.31394],[-120.32626,39.31209],[-120.32247,39.3082],[-120.32301,39.30614],[-120.32217,39.30518],[-120.32226,39.30162],[-120.32019,39.30023],[-120.31894,39.2978],[-120.32123,39.2945],[-120.3205,39.2937],[-120.3214,39.29339],[-120.32326,39.29036],[-120.3234,39.28757],[-120.31973,39.28457],[-120.32002,39.28278],[-120.31798,39.28434],[-120.31365,39.28166],[-120.31015,39.27566],[-120.30967,39.2731],[-120.30609,39.27187],[-120.30334,39.2693],[-120.30323,39.27048],[-120.3025,39.26919],[-120.30043,39.26815],[-120.29976,39.26606],[-120.2972,39.26443],[-120.29691,39.26286],[-120.29758,39.26157],[-120.3011,39.25859],[-120.3002,39.25679],[-120.29503,39.25605],[-120.28965,39.25317],[-120.2878,39.25166],[-120.28663,39.24882],[-120.28466,39.24667],[-120.28042,39.24461],[-120.27977,39.24209],[-120.28097,39.24289],[-120.28208,39.2424],[-120.28603,39.23925],[-120.28373,39.23843],[-120.28235,39.23903],[-120.27918,39.23653],[-120.2791,39.23534],[-120.28054,39.23421],[-120.28032,39.23332],[-120.27664,39.23084],[-120.27725,39.23009],[-120.27684,39.22906],[-120.27732,39.22915],[-120.27614,39.22649],[-120.27677,39.22518],[-120.27625,39.22349],[-120.27746,39.22353],[-120.27694,39.22055],[-120.27777,39.21909],[-120.27713,39.21534],[-120.27608,39.21421],[-120.27705,39.21362],[-120.27579,39.2075],[-120.28171,39.20238],[-120.28223,39.20026],[-120.28093,39.19957],[-120.28137,39.19844],[-120.28252,39.19794],[-120.28167,39.19789],[-120.28173,39.19663],[-120.28323,39.19474],[-120.28318,39.19365],[-120.28615,39.1923],[-120.28542,39.19195],[-120.28547,39.18898],[-120.28693,39.18845],[-120.28706,39.18588],[-120.28863,39.1849],[-120.28964,39.18314],[-120.28785,39.18086],[-120.28741,39.1819],[-120.28517,39.18054],[-120.28421,39.18078],[-120.28408,39.17864],[-120.28329,39.17848],[-120.27947,39.17358],[-120.274,39.17186],[-120.268,39.16671],[-120.26487,39.16784],[-120.26274,39.16781],[-120.26363,39.16824],[-120.26125,39.1696],[-120.26226,39.16965],[-120.25982,39.17091],[-120.25845,39.17261],[-120.25679,39.17191],[-120.25534,39.17239],[-120.25565,39.17087],[-120.25344,39.17173],[-120.25409,39.17032],[-120.25302,39.1707],[-120.25594,39.16559],[-120.25459,39.16603],[-120.25507,39.16503],[-120.25349,39.16282],[-120.25361,39.16173],[-120.25121,39.15866],[-120.25092,39.15494],[-120.24883,39.15293],[-120.24938,39.14952],[-120.24731,39.14645],[-120.24648,39.14221],[-120.24709,39.14092],[-120.24413,39.13387],[-120.24586,39.12717],[-120.24687,39.12575],[-120.24785,39.1256],[-120.2478,39.12449],[-120.24568,39.12103],[-120.24171,39.11792],[-120.2371,39.11014],[-120.23697,39.10637],[-120.23504,39.10461],[-120.23847,39.10255],[-120.23503,39.10372],[-120.23747,39.10218],[-120.23376,39.10348],[-120.23518,39.10253],[-120.23376,39.10286],[-120.23837,39.09919],[-120.24164,39.09817],[-120.24242,39.0946],[-120.24193,39.09475],[-120.24372,39.09303],[-120.24302,39.09211],[-120.24528,39.0913],[-120.24439,39.09266],[-120.24668,39.09089],[-120.24623,39.08941],[-120.24353,39.08945],[-120.24695,39.08641],[-120.24798,39.08363],[-120.24651,39.0831],[-120.2467,39.08211],[-120.24543,39.08215],[-120.24456,39.08003],[-120.24237,39.07787],[-120.2375,39.0767],[-120.23559,39.07747],[-120.23547,39.07672],[-120.23315,39.07618],[-120.23047,39.07126],[-120.22906,39.07082],[-120.22707,39.07263],[-120.22253,39.07302],[-120.22067,39.07518],[-120.22146,39.07584],[-120.22238,39.07463],[-120.22641,39.07507],[-120.22707,39.0758],[-120.22695,39.07786],[-120.22634,39.07817],[-120.21992,39.07872],[-120.21507,39.08022],[-120.21404,39.08016],[-120.21158,39.07778],[-120.21147,39.07997],[-120.2098,39.08168],[-120.20916,39.08506],[-120.20994,39.08738],[-120.20811,39.09071],[-120.20809,39.09469],[-120.20409,39.09724],[-120.20158,39.10035],[-120.19629,39.10468],[-120.19644,39.10532],[-120.19548,39.10535],[-120.19539,39.10647],[-120.19423,39.10684],[-120.19434,39.10597],[-120.18911,39.10771],[-120.18951,39.10909],[-120.18732,39.10948],[-120.18782,39.11055],[-120.18702,39.11097],[-120.18546,39.11098],[-120.18403,39.11008],[-120.18151,39.11088],[-120.18065,39.11029],[-120.17873,39.111],[-120.17715,39.11035],[-120.17628,39.11075],[-120.17318,39.10859],[-120.17143,39.10996],[-120.17046,39.10949],[-120.16854,39.11013],[-120.16337,39.10684],[-120.15933,39.10757],[-120.16045,39.10523],[-120.15954,39.10541],[-120.16026,39.10299],[-120.1626,39.10147],[-120.1639,39.09888],[-120.16398,39.09641],[-120.15916,39.08512],[-120.15535,39.07886],[-120.14968,39.07486],[-120.14401,39.07477],[-120.14144,39.07369],[-120.14087,39.07267],[-120.14391,39.06972],[-120.14413,39.06849],[-120.14682,39.06493],[-120.15057,39.06191],[-120.15115,39.06034],[-120.15305,39.06036],[-120.15374,39.05604],[-120.1553,39.0541],[-120.16148,39.04925],[-120.16518,39.04768],[-120.16644,39.04565],[-120.16823,39.04503],[-120.1694,39.04541],[-120.17389,39.04333],[-120.17571,39.0416],[-120.17658,39.03909],[-120.17841,39.03868],[-120.17924,39.03956],[-120.1785,39.04061],[-120.18134,39.04217],[-120.18095,39.04342],[-120.18439,39.04369],[-120.18809,39.04039],[-120.18756,39.03829],[-120.19226,39.03683],[-120.19488,39.03811],[-120.19627,39.03767],[-120.19827,39.03556],[-120.19835,39.03431],[-120.20166,39.03427],[-120.20441,39.03325],[-120.2116,39.03347],[-120.21286,39.03425],[-120.2153,39.0333],[-120.21722,39.03465],[-120.21936,39.03492],[-120.22375,39.03383],[-120.23012,39.03348],[-120.23263,39.0309],[-120.2394,39.03238],[-120.2437,39.03088],[-120.24815,39.02812],[-120.24958,39.02827],[-120.25264,39.02614],[-120.25495,39.02915],[-120.25887,39.02705],[-120.26097,39.02779],[-120.26371,39.03028],[-120.2734,39.03544],[-120.28075,39.04187],[-120.28338,39.04212],[-120.29313,39.04877],[-120.30003,39.05024],[-120.3009,39.05158],[-120.30066,39.05266],[-120.29923,39.05319],[-120.29828,39.05457],[-120.30327,39.05705],[-120.31041,39.05908],[-120.32174,39.06695],[-120.32228,39.069],[-120.32329,39.0697],[-120.33015,39.07132],[-120.33407,39.07019],[-120.33943,39.07048],[-120.34246,39.07222],[-120.34347,39.07359],[-120.34305,39.07512],[-120.34752,39.07843],[-120.34824,39.07988],[-120.35466,39.08195],[-120.3625,39.08603],[-120.36878,39.08665],[-120.37351,39.08614],[-120.37895,39.08428],[-120.38586,39.08327],[-120.39167,39.08156],[-120.40463,39.07274],[-120.40778,39.06694],[-120.40966,39.0617],[-120.40844,39.05569],[-120.41061,39.05285],[-120.41206,39.05193],[-120.41424,39.05185],[-120.41739,39.04668],[-120.41929,39.04526],[-120.42184,39.04496],[-120.42292,39.04432],[-120.42319,39.04319],[-120.42954,39.04076],[-120.43189,39.03899],[-120.43476,39.03254],[-120.43603,39.03141],[-120.43629,39.02964],[-120.43537,39.0283],[-120.43743,39.02693],[-120.4388,39.02439],[-120.44209,39.02308],[-120.4453,39.01737],[-120.44562,39.0098],[-120.44688,39.00775],[-120.44936,39.00625],[-120.45011,39.00041],[-120.45257,38.99833],[-120.45378,38.99558],[-120.45115,38.98951],[-120.45186,38.98769],[-120.45724,38.9864],[-120.45993,38.98477],[-120.4619,38.97808],[-120.46629,38.97231],[-120.46867,38.9713],[-120.47057,38.96864],[-120.47072,38.96613],[-120.47477,38.96442],[-120.47883,38.96044],[-120.48053,38.95986],[-120.48289,38.96024],[-120.48604,38.95906],[-120.48621,38.95615],[-120.4873,38.9552],[-120.48788,38.95217],[-120.49069,38.95105],[-120.49286,38.94881],[-120.493,38.94718],[-120.49185,38.94491],[-120.49254,38.94358],[-120.49429,38.94238],[-120.50256,38.94123],[-120.50457,38.93578],[-120.51056,38.93432],[-120.51189,38.93156],[-120.51698,38.93163],[-120.51898,38.93069],[-120.52302,38.9303],[-120.52477,38.93131],[-120.52742,38.93159],[-120.52934,38.93012],[-120.53183,38.92944],[-120.53482,38.92591],[-120.54234,38.9275],[-120.54516,38.92695],[-120.54601,38.92139],[-120.54718,38.92036],[-120.55254,38.92037],[-120.55473,38.91865],[-120.55676,38.91512],[-120.55892,38.91582],[-120.56469,38.91361],[-120.56733,38.9149],[-120.56835,38.91423],[-120.57181,38.91416],[-120.57443,38.91598],[-120.57928,38.91695],[-120.58062,38.92042],[-120.58367,38.92104],[-120.5866,38.92336],[-120.58694,38.92493],[-120.5852,38.92785],[-120.58751,38.93164],[-120.59234,38.93173],[-120.59372,38.93253],[-120.59401,38.93569],[-120.59492,38.93633],[-120.59905,38.93679],[-120.60134,38.93621],[-120.6036,38.9344],[-120.60596,38.93458],[-120.6076,38.93602],[-120.60983,38.94076],[-120.61198,38.94296],[-120.62108,38.94295],[-120.62541,38.94516],[-120.62987,38.94638],[-120.63154,38.94617],[-120.63526,38.94361],[-120.63729,38.94366],[-120.63957,38.94456],[-120.64266,38.94448],[-120.64481,38.94673],[-120.64713,38.94682],[-120.65126,38.94876],[-120.65407,38.94817],[-120.65512,38.94987],[-120.65502,38.95208],[-120.6558,38.9535],[-120.65999,38.9538],[-120.66491,38.95733],[-120.67273,38.95857],[-120.67396,38.96213],[-120.67786,38.96359],[-120.67964,38.96639],[-120.68307,38.96712],[-120.68271,38.97098],[-120.68337,38.97446],[-120.68092,38.97734],[-120.68496,38.98331],[-120.6854,38.98589],[-120.68448,38.98822],[-120.68489,38.98926],[-120.6872,38.99011],[-120.68873,38.98977],[-120.69236,38.98588],[-120.70077,38.98185],[-120.70458,38.98123],[-120.71174,38.9859],[-120.7168,38.98707],[-120.71836,38.9898],[-120.72244,38.99348],[-120.72288,38.99887],[-120.7294,39.00382],[-120.73038,39.00401],[-120.73497,39.00136],[-120.73684,39.00109],[-120.73934,39.00213],[-120.74303,39.00191],[-120.74444,39.00558],[-120.74617,39.00359],[-120.74837,39.00332],[-120.74829,39.0054],[-120.74596,39.00889],[-120.7464,39.01054],[-120.74953,39.00994],[-120.75172,39.00587],[-120.75291,39.00539],[-120.75772,39.00767],[-120.76077,39.00553],[-120.76359,39.00633],[-120.76442,39.00456],[-120.76063,39.00354],[-120.76018,39.00259],[-120.7633,39.00179],[-120.76539,39.00287],[-120.76696,39.00482],[-120.76628,39.00687],[-120.76368,39.00839],[-120.76354,39.00928],[-120.7675,39.00954],[-120.77016,39.00704],[-120.77129,39.00654],[-120.77385,39.00698],[-120.77468,39.00544],[-120.78046,39.00415],[-120.78168,39.0022],[-120.78627,38.99983],[-120.79133,38.99951],[-120.79698,38.99625],[-120.79946,38.99696],[-120.80092,39.00041],[-120.80236,39.00112],[-120.80795,39.00105],[-120.81279,38.9999],[-120.81411,38.99863],[-120.8147,38.99581],[-120.81576,38.99457],[-120.82378,38.99317],[-120.82861,38.98955],[-120.82988,38.98675],[-120.82935,38.98036],[-120.83293,38.97762],[-120.83278,38.97391],[-120.83384,38.97221],[-120.83538,38.97151],[-120.83875,38.97174],[-120.83999,38.97295],[-120.84076,38.97569],[-120.84553,38.97598],[-120.84785,38.97707],[-120.85025,38.9764],[-120.85401,38.97188],[-120.85561,38.96738],[-120.85212,38.95956],[-120.85755,38.95674],[-120.8588,38.95247],[-120.86017,38.95162],[-120.86379,38.95439],[-120.86759,38.954],[-120.87156,38.95601],[-120.8775,38.95706],[-120.88189,38.95704],[-120.88724,38.9598],[-120.89056,38.95981],[-120.90129,38.95336],[-120.90809,38.95426],[-120.9146,38.95568],[-120.92088,38.95899],[-120.9242,38.96165],[-120.93317,38.96263],[-120.93531,38.96449],[-120.93862,38.96376],[-120.94067,38.96183],[-120.94035,38.95936],[-120.9385,38.95737],[-120.93782,38.94883],[-120.93833,38.93623],[-120.93944,38.9355],[-120.94336,38.93561],[-120.94506,38.93715],[-120.95022,38.93884],[-120.95629,38.93866],[-120.9578,38.93917],[-120.96288,38.93426],[-120.96607,38.93268],[-120.97108,38.93302],[-120.97761,38.92934],[-120.98435,38.929],[-120.9919,38.92725],[-120.99149,38.92329],[-120.99666,38.92136],[-120.99919,38.91853],[-121.00297,38.91833],[-121.00528,38.92029],[-121.00657,38.91956],[-121.00696,38.91821],[-121.01217,38.91665],[-121.016,38.91792],[-121.02134,38.91792],[-121.02327,38.91746],[-121.0252,38.91527],[-121.03408,38.91279],[-121.03582,38.91353],[-121.03768,38.91561],[-121.03977,38.91589],[-121.04169,38.91367],[-121.04181,38.91136],[-121.044,38.90695],[-121.0455,38.90577],[-121.0482,38.90507],[-121.0498,38.90169],[-121.05331,38.90005],[-121.05394,38.89706],[-121.04798,38.89494],[-121.04434,38.89069],[-121.04539,38.88937],[-121.04981,38.88715],[-121.05321,38.88683],[-121.06076,38.88367],[-121.06194,38.88235],[-121.06166,38.8812],[-121.05654,38.87621],[-121.05367,38.86894],[-121.0537,38.86727],[-121.05496,38.86487],[-121.05846,38.8635],[-121.06171,38.85991],[-121.05768,38.85062],[-121.05865,38.84674],[-121.06687,38.84382],[-121.07425,38.84251],[-121.07615,38.83961],[-121.08013,38.8375],[-121.0822,38.83524],[-121.08571,38.8348],[-121.08765,38.83336],[-121.09057,38.82757],[-121.08448,38.82219],[-121.08553,38.81658],[-121.08998,38.81498],[-121.09457,38.81459],[-121.09656,38.81512],[-121.09732,38.81736],[-121.09884,38.81873],[-121.10074,38.81844],[-121.10282,38.81702],[-121.10408,38.81777],[-121.10656,38.81759],[-121.10826,38.81541],[-121.10779,38.81415],[-121.10381,38.81283],[-121.10013,38.80999],[-121.10033,38.80807],[-121.10135,38.80708],[-121.0998,38.80482],[-121.1003,38.8032],[-121.10173,38.80255],[-121.10266,38.80013],[-121.10193,38.79802],[-121.10544,38.79722],[-121.1055,38.79395],[-121.10675,38.79217],[-121.10529,38.78622],[-121.10912,38.78171],[-121.11043,38.78102],[-121.11037,38.77724],[-121.11393,38.7731],[-121.11846,38.77216],[-121.12174,38.76989],[-121.12302,38.76214],[-121.12427,38.76005],[-121.12319,38.75543],[-121.12447,38.75207],[-121.13042,38.74953],[-121.13109,38.74676],[-121.13308,38.7445],[-121.13443,38.74013],[-121.13595,38.73837],[-121.14013,38.73576],[-121.14381,38.73485],[-121.14919,38.73122],[-121.14832,38.72579],[-121.14636,38.72247],[-121.14613,38.71909],[-121.14388,38.717],[-121.14616,38.71188],[-121.15624,38.70884],[-121.15963,38.70497],[-121.1629,38.70483],[-121.16486,38.7036],[-121.16655,38.69978],[-121.16618,38.69694],[-121.16752,38.68694],[-121.17062,38.68573],[-121.17322,38.68363],[-121.18122,38.68072],[-121.19152,38.6758],[-121.19193,38.67486],[-121.19067,38.67013],[-121.1907,38.66461],[-121.19231,38.6582],[-121.19386,38.65571],[-121.19429,38.65001],[-121.19619,38.64635],[-121.20415,38.64255],[-121.21133,38.64081],[-121.21485,38.64167],[-121.22026,38.63735],[-121.23406,38.63355],[-121.23546,38.63385],[-121.23601,38.63295],[-121.2391,38.63307],[-121.24611,38.63496],[-121.24774,38.6362],[-121.25575,38.63874],[-121.26155,38.63817],[-121.26625,38.63643],[-121.26859,38.63506],[-121.26911,38.63398],[-121.27355,38.63183],[-121.27445,38.63021],[-121.27647,38.6292],[-121.28464,38.62169],[-121.28773,38.62181],[-121.29003,38.62384],[-121.28995,38.62561],[-121.28823,38.6282],[-121.28863,38.62998],[-121.29117,38.63101],[-121.29511,38.63049],[-121.30153,38.62694],[-121.30403,38.62492],[-121.30613,38.62184],[-121.30686,38.61918],[-121.30654,38.61771],[-121.30363,38.61474],[-121.30678,38.60968],[-121.31252,38.60584],[-121.31728,38.60378],[-121.32544,38.60328],[-121.32728,38.60241],[-121.33165,38.59765],[-121.33267,38.59431],[-121.33244,38.58931],[-121.33027,38.58936],[-121.32792,38.58627],[-121.32806,38.5843],[-121.32911,38.58282],[-121.32894,38.58002],[-121.33142,38.57861],[-121.3399,38.57982],[-121.34369,38.57938],[-121.34955,38.5765],[-121.34946,38.57538],[-121.35083,38.57499],[-121.35474,38.57563],[-121.35687,38.57444],[-121.35707,38.57322],[-121.35841,38.57242],[-121.36033,38.5727],[-121.36284,38.57198],[-121.36042,38.57157],[-121.36161,38.57056],[-121.3733,38.56797],[-121.3885,38.56658],[-121.39445,38.56395],[-121.40561,38.56091],[-121.41488,38.55957],[-121.4164,38.55979],[-121.42004,38.56206],[-121.42272,38.56755],[-121.42149,38.57733],[-121.42027,38.57778],[-121.42004,38.57904],[-121.42065,38.58181],[-121.42199,38.58296],[-121.42922,38.58348],[-121.4342,38.58172],[-121.43872,38.58259],[-121.44202,38.58392],[-121.4491,38.59044],[-121.45199,38.59124],[-121.46225,38.58918],[-121.46692,38.58904],[-121.47237,38.59261],[-121.47839,38.59913],[-121.48256,38.60153],[-121.48702,38.60277],[-121.4965,38.60274],[-121.50567,38.60173],[-121.51488,38.61947],[-121.52197,38.63546],[-121.5372,38.66346],[-121.54081,38.66804],[-121.54659,38.67084],[-121.60033,38.67139],[-121.62021,38.67327],[-121.73767,38.67398],[-121.74292,38.67511],[-121.74669,38.67839],[-121.75694,38.69181],[-121.75968,38.69404],[-121.76523,38.69647],[-121.77877,38.69934],[-121.78222,38.70143],[-121.80057,38.71845],[-121.80585,38.72511],[-121.81102,38.72978],[-121.81694,38.73358],[-121.82246,38.74091],[-121.83515,38.75268],[-121.84038,38.75648],[-121.84502,38.76223],[-121.85958,38.775],[-121.86294,38.77928],[-121.87244,38.78844],[-121.88949,38.80414],[-121.89517,38.8083],[-121.90134,38.81599],[-121.91996,38.83354],[-121.92962,38.83837],[-121.93981,38.84765],[-121.97304,38.88008],[-121.97891,38.89301],[-121.99976,38.92493]]]},"properties":{"id":"26","code":"J17","name":"Blue Canyon Apprentice Either-Sex Deer Hunt","kind":"additional_hunt","group":"Apprentice","hunt_type":"EITHER-SEX","acreage":1325362}},{"type":"Feature","geometry":{"type":"Polygon","coordinates":[[[-123.06294,38.7796],[-123.05614,38.77953],[-123.05623,38.77387],[-123.05858,38.7738],[-123.0586,38.7723],[-123.0608,38.77216],[-123.06092,38.77055],[-123.06308,38.77047],[-123.06338,38.75704],[-123.06949,38.75896],[-123.07822,38.75865],[-123.08077,38.75984],[-123.0814,38.76084],[-123.08515,38.76174],[-123.08326,38.76483],[-123.08342,38.76597],[-123.07897,38.76976],[-123.08156,38.7696],[-123.08301,38.76877],[-123.08287,38.7675],[-123.08493,38.76598],[-123.08565,38.76309],[-123.08768,38.7626],[-123.08844,38.76142],[-123.09364,38.76247],[-123.093,38.7633],[-123.09428,38.76549],[-123.09266,38.76793],[-123.09212,38.77206],[-123.09285,38.77159],[-123.09493,38.77254],[-123.09466,38.77499],[-123.09259,38.77671],[-123.088,38.77543],[-123.08583,38.77682],[-123.08449,38.77963],[-123.08815,38.77596],[-123.09039,38.77652],[-123.09061,38.77827],[-123.09249,38.77743],[-123.09499,38.77957],[-123.09371,38.77716],[-123.09546,38.77508],[-123.09555,38.774],[-123.09629,38.77399],[-123.09576,38.7735],[-123.09608,38.77185],[-123.09398,38.77062],[-123.09437,38.76835],[-123.09514,38.76812],[-123.09665,38.76829],[-123.09803,38.77016],[-123.09884,38.76963],[-123.104,38.77372],[-123.10696,38.7744],[-123.11019,38.77715],[-123.11228,38.77786],[-123.11483,38.78134],[-123.11511,38.78065],[-123.11804,38.781],[-123.1198,38.78046],[-123.12875,38.78185],[-123.1308,38.77984],[-123.13313,38.78084],[-123.13516,38.77961],[-123.13785,38.77936],[-123.1393,38.78077],[-123.13937,38.78183],[-123.14232,38.78181],[-123.14014,38.78186],[-123.13907,38.77922],[-123.13758,38.77845],[-123.13239,38.77975],[-123.1317,38.77838],[-123.13036,38.77843],[-123.12731,38.78056],[-123.11539,38.77892],[-123.1118,38.77597],[-123.11108,38.77497],[-123.11121,38.7736],[-123.10749,38.77403],[-123.10641,38.77344],[-123.10639,38.77261],[-123.10536,38.77283],[-123.10051,38.768],[-123.10085,38.76752],[-123.09862,38.76441],[-123.09765,38.76121],[-123.09384,38.75923],[-123.0938,38.75722],[-123.09438,38.75704],[-123.09407,38.75591],[-123.09476,38.75479],[-123.09404,38.75417],[-123.09498,38.75356],[-123.09506,38.75177],[-123.09878,38.74998],[-123.10093,38.74983],[-123.10274,38.7502],[-123.10264,38.75846],[-123.10844,38.75839],[-123.11284,38.76153],[-123.11753,38.76151],[-123.11757,38.7649],[-123.12251,38.76519],[-123.12222,38.76932],[-123.11756,38.76939],[-123.11762,38.77239],[-123.12225,38.77237],[-123.12228,38.77429],[-123.12684,38.77423],[-123.12697,38.76538],[-123.13182,38.76569],[-123.13181,38.76932],[-123.13602,38.76934],[-123.13606,38.77275],[-123.15205,38.78017],[-123.15928,38.78127],[-123.15929,38.78734],[-123.16405,38.78834],[-123.16403,38.7903],[-123.16018,38.79064],[-123.15849,38.79147],[-123.15536,38.78963],[-123.15523,38.79097],[-123.15408,38.79107],[-123.15418,38.78892],[-123.14778,38.78893],[-123.14762,38.78498],[-123.1427,38.78349],[-123.13943,38.78469],[-123.13612,38.78294],[-123.13181,38.78582],[-123.12938,38.78583],[-123.12849,38.78504],[-123.12692,38.78743],[-123.12203,38.78688],[-123.12153,38.78612],[-123.11646,38.78595],[-123.11456,38.7868],[-123.11533,38.78727],[-123.11469,38.78833],[-123.09913,38.78851],[-123.09916,38.7904],[-123.09237,38.79044],[-123.09221,38.79421],[-123.09036,38.79421],[-123.09046,38.805],[-123.08587,38.80513],[-123.08574,38.80132],[-123.081,38.8012],[-123.07973,38.79052],[-123.07352,38.79038],[-123.07223,38.788],[-123.07301,38.78687],[-123.07658,38.7868],[-123.07649,38.78333],[-123.06294,38.78311],[-123.06294,38.7796]]]},"properties":{"id":"27","code":"J1","name":"Lake Sonoma Apprentice Either-Sex Deer Hunt","kind":"additional_hunt","group":"Apprentice","hunt_type":"EITHER-SEX","acreage":5227}},{"type":"Feature","geometry":{"type":"Polygon","coordinates":[[[-122.94051,40.73276],[-122.93125,40.73539],[-122.92352,40.74276],[-122.92037,40.74887],[-122.91354,40.75335],[-122.91285,40.75509],[-122.91066,40.75671],[-122.90788,40.75424],[-122.90264,40.75222],[-122.88884,40.75005],[-122.88721,40.75107],[-122.88749,40.76202],[-122.89117,40.77072],[-122.89321,40.77887],[-122.8921,40.78572],[-122.8933,40.78977],[-122.89355,40.79385],[-122.89144,40.79518],[-122.8893,40.7951],[-122.88845,40.79604],[-122.89039,40.80431],[-122.88779,40.80525],[-122.88966,40.81019],[-122.8895,40.81332],[-122.89117,40.8144],[-122.89166,40.81715],[-122.89329,40.81868],[-122.89115,40.81998],[-122.89071,40.82185],[-122.88817,40.82332],[-122.88793,40.82659],[-122.89049,40.82779],[-122.89048,40.82846],[-122.88787,40.82825],[-122.88611,40.82726],[-122.88251,40.82793],[-122.87552,40.8339],[-122.86254,40.83689],[-122.85576,40.8405],[-122.85739,40.84365],[-122.86155,40.84519],[-122.86561,40.84795],[-122.86703,40.85034],[-122.86548,40.85254],[-122.85964,40.84988],[-122.85032,40.85029],[-122.84537,40.84583],[-122.84213,40.84699],[-122.83929,40.8457],[-122.83767,40.8472],[-122.8362,40.8461],[-122.8345,40.84622],[-122.83266,40.84769],[-122.83213,40.85255],[-122.8294,40.85324],[-122.82428,40.85244],[-122.82236,40.85567],[-122.82019,40.85646],[-122.82006,40.8587],[-122.81791,40.86064],[-122.81732,40.86285],[-122.8183,40.86489],[-122.81789,40.86571],[-122.81301,40.86581],[-122.81243,40.8684],[-122.81166,40.86887],[-122.81077,40.86858],[-122.81012,40.86613],[-122.80836,40.86503],[-122.80445,40.86628],[-122.80296,40.8695],[-122.80206,40.8761],[-122.80298,40.87809],[-122.80131,40.87971],[-122.79898,40.88033],[-122.79619,40.88319],[-122.7963,40.88748],[-122.79498,40.88921],[-122.79571,40.89166],[-122.79279,40.89394],[-122.79114,40.89734],[-122.78793,40.8974],[-122.78722,40.89798],[-122.78649,40.90042],[-122.78849,40.90434],[-122.78587,40.90609],[-122.77942,40.90489],[-122.77787,40.90576],[-122.77662,40.90784],[-122.77461,40.90877],[-122.77376,40.91076],[-122.77387,40.91327],[-122.77,40.91673],[-122.76709,40.9227],[-122.76625,40.92708],[-122.76149,40.9308],[-122.75405,40.93411],[-122.75178,40.93579],[-122.74905,40.93892],[-122.74852,40.94237],[-122.7475,40.94416],[-122.73747,40.95374],[-122.73127,40.96086],[-122.72718,40.96343],[-122.72685,40.96497],[-122.72792,40.97051],[-122.72218,40.97761],[-122.71937,40.97945],[-122.70922,40.98217],[-122.70771,40.98323],[-122.7074,40.98459],[-122.7085,40.98782],[-122.70383,40.98968],[-122.70247,40.99137],[-122.70348,40.99873],[-122.703,41.00477],[-122.70226,41.00573],[-122.69313,41.01033],[-122.69234,41.01248],[-122.69391,41.01475],[-122.69288,41.01685],[-122.69225,41.02217],[-122.69352,41.02468],[-122.69362,41.02696],[-122.69274,41.02918],[-122.6964,41.03217],[-122.69941,41.03585],[-122.69971,41.03868],[-122.70223,41.04075],[-122.70144,41.04836],[-122.69888,41.051],[-122.69896,41.0529],[-122.69617,41.05309],[-122.69424,41.05214],[-122.6945,41.04444],[-122.69278,41.04307],[-122.68849,41.04178],[-122.68938,41.03853],[-122.68861,41.03352],[-122.68417,41.02873],[-122.68442,41.02589],[-122.68292,41.02524],[-122.67794,41.02013],[-122.67265,41.02071],[-122.66748,41.0192],[-122.6633,41.01637],[-122.66241,41.01685],[-122.66237,41.01857],[-122.66057,41.01876],[-122.65917,41.01995],[-122.64911,41.01899],[-122.64226,41.02079],[-122.6399,41.02214],[-122.63883,41.01865],[-122.63297,41.01791],[-122.63021,41.0194],[-122.62687,41.0238],[-122.62545,41.02383],[-122.6265,41.01942],[-122.62566,41.01693],[-122.62113,41.01056],[-122.61833,41.00874],[-122.61756,41.00742],[-122.61854,41.00108],[-122.62202,40.99737],[-122.62133,40.99524],[-122.61927,40.99429],[-122.62114,40.99304],[-122.62084,40.98917],[-122.61645,40.98482],[-122.61719,40.98253],[-122.61196,40.98018],[-122.61333,40.97951],[-122.61632,40.97989],[-122.61794,40.97771],[-122.61305,40.97347],[-122.61488,40.97206],[-122.61436,40.96966],[-122.60952,40.9674],[-122.60998,40.96664],[-122.61379,40.96538],[-122.61282,40.96186],[-122.61669,40.95963],[-122.61691,40.95607],[-122.61437,40.95361],[-122.61118,40.95284],[-122.60512,40.94925],[-122.60412,40.95027],[-122.60382,40.95283],[-122.60247,40.94875],[-122.59919,40.94645],[-122.59853,40.94465],[-122.5869,40.94009],[-122.58784,40.93815],[-122.58776,40.93621],[-122.5869,40.93522],[-122.5869,40.9327],[-122.58569,40.93046],[-122.5813,40.93132],[-122.58071,40.93227],[-122.57422,40.93299],[-122.57298,40.93403],[-122.57126,40.93274],[-122.56967,40.93303],[-122.56772,40.93423],[-122.56744,40.93632],[-122.56616,40.93509],[-122.56634,40.93398],[-122.56547,40.93359],[-122.55987,40.93445],[-122.55865,40.93549],[-122.55792,40.93493],[-122.55593,40.93713],[-122.55532,40.93889],[-122.54783,40.94149],[-122.54572,40.94038],[-122.54444,40.94063],[-122.54405,40.94148],[-122.54496,40.94303],[-122.54269,40.94403],[-122.54264,40.94302],[-122.54021,40.94165],[-122.53937,40.93777],[-122.53579,40.93484],[-122.53434,40.93095],[-122.53501,40.92844],[-122.53443,40.92799],[-122.5329,40.92914],[-122.53033,40.92741],[-122.53163,40.92254],[-122.52942,40.91661],[-122.52971,40.9183],[-122.52903,40.91852],[-122.52981,40.92044],[-122.5279,40.92275],[-122.52785,40.92373],[-122.52501,40.92447],[-122.52322,40.92386],[-122.52216,40.92494],[-122.52009,40.92463],[-122.5173,40.92551],[-122.51739,40.92757],[-122.51903,40.92836],[-122.51571,40.92959],[-122.51678,40.9308],[-122.51997,40.93114],[-122.51922,40.93417],[-122.52344,40.93408],[-122.52241,40.93636],[-122.52103,40.9375],[-122.52098,40.93893],[-122.5236,40.93993],[-122.5215,40.94079],[-122.52195,40.9418],[-122.5189,40.94055],[-122.51709,40.94093],[-122.51525,40.93884],[-122.51373,40.9391],[-122.51332,40.9405],[-122.51134,40.94134],[-122.51101,40.93982],[-122.50974,40.93967],[-122.51159,40.9373],[-122.51154,40.9357],[-122.50917,40.93485],[-122.5081,40.93544],[-122.5076,40.93447],[-122.50613,40.93456],[-122.50397,40.93328],[-122.50329,40.93325],[-122.50322,40.93405],[-122.49939,40.93227],[-122.49909,40.93109],[-122.49783,40.93226],[-122.48869,40.93021],[-122.48408,40.9284],[-122.48143,40.92867],[-122.47967,40.93017],[-122.47227,40.93307],[-122.46318,40.93267],[-122.46018,40.93485],[-122.45901,40.93473],[-122.45672,40.93608],[-122.45186,40.93734],[-122.4495,40.93949],[-122.448,40.93924],[-122.44622,40.94],[-122.44356,40.94226],[-122.43926,40.94306],[-122.43185,40.94035],[-122.43035,40.94094],[-122.42616,40.94039],[-122.42116,40.93699],[-122.41477,40.93584],[-122.41349,40.93434],[-122.41315,40.93143],[-122.41006,40.92317],[-122.40764,40.9219],[-122.40091,40.92096],[-122.39444,40.91609],[-122.38728,40.91189],[-122.38496,40.90888],[-122.38319,40.90051],[-122.38382,40.88684],[-122.38286,40.88293],[-122.38489,40.88326],[-122.38538,40.88413],[-122.38562,40.88258],[-122.38664,40.88225],[-122.39077,40.88381],[-122.39062,40.88527],[-122.3921,40.88421],[-122.39328,40.88578],[-122.39301,40.88672],[-122.39397,40.88605],[-122.3953,40.88668],[-122.39586,40.88854],[-122.39669,40.88649],[-122.39937,40.8882],[-122.40058,40.89002],[-122.40274,40.89077],[-122.39687,40.88557],[-122.39423,40.88509],[-122.39509,40.88378],[-122.39406,40.88274],[-122.39143,40.88188],[-122.39204,40.881],[-122.38982,40.88191],[-122.38842,40.88163],[-122.38791,40.87952],[-122.38798,40.87231],[-122.38924,40.86765],[-122.39062,40.86797],[-122.3914,40.87156],[-122.39312,40.87283],[-122.4035,40.87459],[-122.39368,40.87159],[-122.39308,40.8708],[-122.39386,40.86957],[-122.39199,40.86912],[-122.39278,40.86762],[-122.39542,40.86582],[-122.39661,40.86093],[-122.39508,40.85894],[-122.39554,40.85748],[-122.39709,40.85525],[-122.39801,40.85539],[-122.39908,40.85438],[-122.40084,40.85003],[-122.40204,40.85],[-122.40171,40.84837],[-122.40392,40.84837],[-122.40427,40.84718],[-122.40654,40.84782],[-122.40675,40.84857],[-122.41174,40.84823],[-122.41516,40.8472],[-122.41578,40.84884],[-122.41723,40.84806],[-122.41782,40.84895],[-122.41742,40.8496],[-122.4184,40.84983],[-122.41745,40.85092],[-122.41975,40.85071],[-122.41986,40.85269],[-122.42099,40.85352],[-122.42046,40.85205],[-122.42107,40.85155],[-122.42083,40.84898],[-122.42447,40.84945],[-122.42538,40.85357],[-122.42634,40.84971],[-122.43041,40.85109],[-122.43354,40.85121],[-122.43352,40.85213],[-122.44002,40.85288],[-122.43545,40.85164],[-122.43425,40.85027],[-122.42895,40.84901],[-122.42738,40.84715],[-122.42862,40.84612],[-122.42651,40.84694],[-122.42145,40.84707],[-122.41861,40.84565],[-122.4166,40.84571],[-122.41561,40.84396],[-122.41219,40.8415],[-122.41433,40.84138],[-122.41838,40.8434],[-122.42101,40.84307],[-122.42296,40.84032],[-122.42158,40.83549],[-122.4244,40.8354],[-122.42648,40.83427],[-122.42815,40.83468],[-122.43447,40.83295],[-122.42952,40.83328],[-122.42544,40.8322],[-122.42437,40.83127],[-122.42561,40.83009],[-122.42513,40.8277],[-122.41997,40.82445],[-122.4172,40.82535],[-122.41312,40.82793],[-122.41119,40.82795],[-122.40884,40.83119],[-122.40683,40.83132],[-122.40631,40.8304],[-122.40762,40.82951],[-122.40657,40.82912],[-122.40717,40.82823],[-122.40664,40.8279],[-122.40789,40.82582],[-122.40672,40.82513],[-122.4062,40.82361],[-122.40796,40.82215],[-122.4053,40.82184],[-122.40571,40.82085],[-122.4052,40.81995],[-122.40282,40.81807],[-122.4032,40.81742],[-122.40649,40.81673],[-122.40755,40.81604],[-122.40704,40.8156],[-122.4089,40.81472],[-122.403,40.8144],[-122.40424,40.81149],[-122.40092,40.81122],[-122.39946,40.8096],[-122.39834,40.81023],[-122.39212,40.80961],[-122.39159,40.80903],[-122.39228,40.80861],[-122.39225,40.80732],[-122.39535,40.80533],[-122.38974,40.80605],[-122.38615,40.80553],[-122.38757,40.80221],[-122.38982,40.80217],[-122.3913,40.80377],[-122.3932,40.80292],[-122.39335,40.80184],[-122.39358,40.80363],[-122.39477,40.804],[-122.39477,40.8028],[-122.39685,40.80267],[-122.39642,40.80161],[-122.39512,40.80096],[-122.39859,40.80114],[-122.39896,40.80219],[-122.39956,40.80029],[-122.40188,40.80052],[-122.40118,40.79954],[-122.40155,40.79862],[-122.39914,40.79933],[-122.39651,40.79864],[-122.39667,40.79815],[-122.3951,40.79854],[-122.39505,40.79706],[-122.39284,40.79763],[-122.39257,40.79889],[-122.39146,40.79961],[-122.38977,40.79883],[-122.39056,40.79524],[-122.39275,40.79449],[-122.39007,40.79404],[-122.38715,40.79256],[-122.38723,40.7911],[-122.38937,40.79076],[-122.38885,40.78913],[-122.38763,40.78832],[-122.38826,40.78804],[-122.38889,40.7843],[-122.38978,40.78358],[-122.39093,40.78388],[-122.38888,40.78811],[-122.39169,40.78804],[-122.39212,40.7871],[-122.3912,40.78671],[-122.393,40.78526],[-122.39464,40.7865],[-122.39417,40.78761],[-122.39607,40.78799],[-122.39646,40.7872],[-122.39851,40.78772],[-122.39928,40.78867],[-122.39927,40.7902],[-122.40073,40.79038],[-122.39988,40.78955],[-122.40036,40.78842],[-122.40258,40.78711],[-122.40037,40.78699],[-122.39608,40.78509],[-122.39542,40.7831],[-122.39365,40.78141],[-122.3969,40.78104],[-122.39415,40.77947],[-122.39419,40.77736],[-122.39242,40.77966],[-122.38946,40.77931],[-122.38987,40.77842],[-122.3891,40.7775],[-122.38997,40.7771],[-122.38992,40.77574],[-122.38887,40.77504],[-122.38987,40.77405],[-122.38773,40.77323],[-122.38728,40.77231],[-122.38972,40.77224],[-122.39077,40.77146],[-122.39019,40.77079],[-122.39104,40.77023],[-122.38966,40.76999],[-122.39039,40.76787],[-122.38896,40.76734],[-122.38712,40.76791],[-122.38699,40.76598],[-122.38923,40.76484],[-122.38991,40.76269],[-122.39098,40.76304],[-122.39381,40.7621],[-122.39335,40.76059],[-122.39425,40.75999],[-122.39361,40.75896],[-122.39484,40.75855],[-122.39493,40.75975],[-122.39666,40.75905],[-122.39708,40.75547],[-122.39843,40.75601],[-122.39836,40.75493],[-122.40122,40.75418],[-122.40127,40.75576],[-122.40327,40.7559],[-122.40202,40.75676],[-122.40361,40.75748],[-122.40223,40.75821],[-122.40066,40.76133],[-122.40352,40.76038],[-122.406,40.76104],[-122.40517,40.76491],[-122.40369,40.76589],[-122.40405,40.76676],[-122.4025,40.76795],[-122.40475,40.77019],[-122.4018,40.7716],[-122.40681,40.77197],[-122.40186,40.77355],[-122.40289,40.77439],[-122.4003,40.775],[-122.40086,40.77572],[-122.39975,40.77646],[-122.40143,40.77628],[-122.40205,40.777],[-122.40234,40.77575],[-122.40424,40.77554],[-122.40451,40.77469],[-122.40665,40.77395],[-122.40954,40.77445],[-122.40684,40.77798],[-122.41069,40.77731],[-122.4105,40.77916],[-122.40791,40.78108],[-122.40849,40.78174],[-122.41136,40.78129],[-122.41116,40.78066],[-122.41225,40.78039],[-122.41533,40.78112],[-122.41537,40.78211],[-122.41291,40.78421],[-122.41911,40.78229],[-122.42016,40.78404],[-122.41932,40.78601],[-122.42216,40.78551],[-122.42328,40.78775],[-122.4243,40.78783],[-122.42443,40.78915],[-122.42323,40.79087],[-122.4198,40.79267],[-122.42355,40.79202],[-122.42428,40.79597],[-122.4265,40.79771],[-122.42461,40.79814],[-122.42564,40.79896],[-122.42684,40.80295],[-122.42973,40.80533],[-122.42913,40.80594],[-122.42957,40.80728],[-122.43383,40.80977],[-122.4348,40.81172],[-122.43808,40.81272],[-122.43882,40.8123],[-122.43538,40.81139],[-122.43515,40.80948],[-122.43153,40.80787],[-122.42997,40.80642],[-122.43045,40.80467],[-122.42754,40.8005],[-122.42872,40.79941],[-122.42692,40.79915],[-122.42899,40.79711],[-122.4264,40.79585],[-122.42606,40.79332],[-122.4268,40.79263],[-122.42563,40.79143],[-122.42631,40.79093],[-122.42598,40.79013],[-122.42746,40.78968],[-122.42786,40.78862],[-122.42743,40.78719],[-122.42643,40.78673],[-122.42711,40.78586],[-122.42617,40.78541],[-122.42667,40.7846],[-122.42538,40.78347],[-122.42722,40.78187],[-122.42338,40.78228],[-122.424,40.78065],[-122.42232,40.77937],[-122.42324,40.77714],[-122.42134,40.77752],[-122.42131,40.77677],[-122.42041,40.7764],[-122.41836,40.77691],[-122.41911,40.77632],[-122.4174,40.77553],[-122.41806,40.77358],[-122.41605,40.77453],[-122.41589,40.77345],[-122.41476,40.77332],[-122.41334,40.7705],[-122.41439,40.77057],[-122.4164,40.76882],[-122.41726,40.76736],[-122.41647,40.76656],[-122.41817,40.76558],[-122.41631,40.76499],[-122.41785,40.76419],[-122.41499,40.76301],[-122.41748,40.7632],[-122.417,40.7613],[-122.41433,40.76074],[-122.41412,40.7575],[-122.41494,40.75701],[-122.41399,40.75504],[-122.41528,40.75343],[-122.41865,40.75553],[-122.42242,40.75593],[-122.4235,40.75784],[-122.43017,40.75894],[-122.43079,40.76017],[-122.43206,40.75981],[-122.43515,40.76109],[-122.43644,40.76083],[-122.43248,40.7587],[-122.43243,40.75772],[-122.42802,40.75663],[-122.42786,40.75502],[-122.42666,40.75474],[-122.42598,40.75372],[-122.42479,40.75382],[-122.42469,40.75258],[-122.42244,40.75263],[-122.42076,40.75172],[-122.41969,40.75015],[-122.42053,40.74974],[-122.41911,40.74887],[-122.42042,40.74759],[-122.42453,40.74665],[-122.42609,40.74433],[-122.42894,40.745],[-122.43045,40.74406],[-122.4328,40.74562],[-122.43284,40.74485],[-122.4343,40.74418],[-122.43652,40.7458],[-122.43744,40.74573],[-122.43648,40.74514],[-122.43777,40.74233],[-122.44067,40.74191],[-122.44072,40.74139],[-122.44257,40.74168],[-122.44265,40.74096],[-122.44412,40.7404],[-122.44781,40.74137],[-122.44566,40.73956],[-122.44555,40.73831],[-122.45045,40.73877],[-122.4524,40.74007],[-122.45573,40.73855],[-122.45653,40.73946],[-122.45978,40.74046],[-122.46025,40.74171],[-122.46127,40.74195],[-122.46872,40.74009],[-122.46201,40.74095],[-122.46209,40.73972],[-122.46078,40.73963],[-122.45935,40.73789],[-122.4548,40.7364],[-122.45322,40.73684],[-122.45042,40.73552],[-122.45022,40.73501],[-122.45116,40.73489],[-122.451,40.7334],[-122.45263,40.73287],[-122.45201,40.73158],[-122.45322,40.73158],[-122.45271,40.73106],[-122.45404,40.73059],[-122.45422,40.72917],[-122.45528,40.72903],[-122.45472,40.72822],[-122.45604,40.72815],[-122.45532,40.72732],[-122.45775,40.72677],[-122.45896,40.72498],[-122.45688,40.72647],[-122.45396,40.72695],[-122.45334,40.72569],[-122.45239,40.72732],[-122.45136,40.7271],[-122.44929,40.72804],[-122.45041,40.72891],[-122.4483,40.72931],[-122.44871,40.73067],[-122.44664,40.73177],[-122.44591,40.73317],[-122.4424,40.73254],[-122.44162,40.73372],[-122.4394,40.73396],[-122.43831,40.73593],[-122.43666,40.73556],[-122.43446,40.73676],[-122.43177,40.73512],[-122.43515,40.7333],[-122.4329,40.73248],[-122.43264,40.73115],[-122.43326,40.73005],[-122.43108,40.7314],[-122.43007,40.73076],[-122.4296,40.73162],[-122.42876,40.73109],[-122.42926,40.73015],[-122.42733,40.73002],[-122.42771,40.72895],[-122.42592,40.72977],[-122.42559,40.72911],[-122.42283,40.72973],[-122.42308,40.72843],[-122.42162,40.72751],[-122.42133,40.72555],[-122.42287,40.72479],[-122.42426,40.72583],[-122.42566,40.72385],[-122.42353,40.72029],[-122.41925,40.71869],[-122.42079,40.71697],[-122.42699,40.71559],[-122.43373,40.71171],[-122.43997,40.71033],[-122.44124,40.70849],[-122.44164,40.70635],[-122.45035,40.69976],[-122.45133,40.69759],[-122.44838,40.69389],[-122.45055,40.68847],[-122.44952,40.68389],[-122.45165,40.6804],[-122.46017,40.67317],[-122.46043,40.67121],[-122.45946,40.66701],[-122.45977,40.66066],[-122.45674,40.65857],[-122.45239,40.65735],[-122.44098,40.65806],[-122.43973,40.65706],[-122.43842,40.65287],[-122.44511,40.63939],[-122.44979,40.63617],[-122.45046,40.63471],[-122.4505,40.63063],[-122.45116,40.62933],[-122.4525,40.629],[-122.45342,40.62716],[-122.45248,40.62488],[-122.44662,40.62046],[-122.44557,40.61753],[-122.44557,40.61368],[-122.44609,40.61217],[-122.44756,40.61198],[-122.44763,40.60983],[-122.45382,40.61117],[-122.45456,40.61322],[-122.45418,40.61453],[-122.45509,40.61527],[-122.45761,40.61557],[-122.46036,40.61485],[-122.46638,40.62247],[-122.46624,40.62439],[-122.46787,40.62298],[-122.46605,40.6208],[-122.46625,40.61917],[-122.47263,40.61934],[-122.49058,40.61617],[-122.49163,40.61487],[-122.49211,40.6102],[-122.50015,40.6086],[-122.50206,40.60607],[-122.5023,40.60439],[-122.50965,40.60556],[-122.51715,40.61132],[-122.52006,40.61568],[-122.53434,40.62452],[-122.5411,40.62584],[-122.56511,40.63619],[-122.57033,40.64236],[-122.58222,40.65214],[-122.59944,40.65234],[-122.60577,40.64909],[-122.61543,40.65079],[-122.62024,40.65042],[-122.62285,40.65222],[-122.6245,40.65885],[-122.62908,40.66248],[-122.63434,40.66404],[-122.63897,40.66691],[-122.64461,40.66813],[-122.64659,40.67035],[-122.64974,40.67155],[-122.65435,40.67197],[-122.65923,40.67101],[-122.66265,40.67316],[-122.66696,40.67412],[-122.67316,40.67298],[-122.67792,40.67294],[-122.68598,40.6687],[-122.69046,40.66941],[-122.69473,40.66867],[-122.6972,40.66985],[-122.6978,40.66841],[-122.70119,40.66808],[-122.7011,40.6675],[-122.69804,40.66698],[-122.70032,40.66417],[-122.69968,40.66292],[-122.70084,40.66246],[-122.69977,40.66007],[-122.7005,40.65899],[-122.69906,40.65836],[-122.69891,40.6576],[-122.69954,40.65688],[-122.70118,40.65677],[-122.70154,40.65538],[-122.70319,40.6556],[-122.7059,40.65382],[-122.70808,40.65427],[-122.70772,40.65109],[-122.70681,40.64938],[-122.7086,40.64904],[-122.71204,40.65016],[-122.7142,40.64953],[-122.71527,40.64881],[-122.71437,40.6475],[-122.71762,40.64554],[-122.71893,40.64649],[-122.72287,40.64659],[-122.72207,40.64415],[-122.72481,40.64389],[-122.72662,40.64237],[-122.72877,40.64301],[-122.72892,40.64181],[-122.73123,40.63955],[-122.73065,40.63808],[-122.73242,40.63724],[-122.73438,40.63464],[-122.73651,40.63375],[-122.74196,40.63415],[-122.74713,40.64068],[-122.74789,40.64409],[-122.74697,40.64644],[-122.74855,40.64857],[-122.74831,40.65147],[-122.74951,40.65262],[-122.75518,40.65414],[-122.75943,40.65388],[-122.76382,40.6551],[-122.76879,40.65823],[-122.77286,40.65807],[-122.77781,40.65894],[-122.78003,40.6634],[-122.78234,40.66496],[-122.79016,40.66508],[-122.80454,40.66254],[-122.81749,40.67207],[-122.82382,40.6718],[-122.82698,40.67452],[-122.83045,40.67523],[-122.84063,40.67478],[-122.84673,40.67251],[-122.8522,40.67258],[-122.85619,40.67397],[-122.85927,40.67246],[-122.8634,40.67253],[-122.86834,40.66969],[-122.87031,40.67013],[-122.8731,40.67235],[-122.87955,40.67301],[-122.88291,40.67156],[-122.88506,40.6689],[-122.89593,40.66448],[-122.89645,40.66307],[-122.89491,40.66042],[-122.89481,40.65858],[-122.89636,40.65499],[-122.89835,40.6535],[-122.90068,40.65307],[-122.90948,40.6543],[-122.91491,40.65759],[-122.91752,40.65816],[-122.92457,40.65521],[-122.93037,40.65414],[-122.9347,40.65214],[-122.94062,40.65133],[-122.94247,40.65301],[-122.94318,40.66076],[-122.94218,40.66441],[-122.94412,40.66856],[-122.94356,40.67957],[-122.94248,40.68074],[-122.93622,40.6823],[-122.93261,40.68638],[-122.93335,40.69016],[-122.92906,40.69482],[-122.92868,40.69751],[-122.92578,40.70111],[-122.924,40.71021],[-122.9249,40.71353],[-122.93018,40.72422],[-122.9389,40.72921],[-122.94051,40.73276]]]},"properties":{"id":"28","code":"J4","name":"Shasta-Trinity Apprentice Buck Hunt","kind":"additional_hunt","group":"Apprentice","hunt_type":"BUCK","acreage":323751}},{"type":"Feature","geometry":{"type":"Polygon","coordinates":[[[-121.34358,38.35818],[-121.37657,38.39174],[-121.38905,38.41009],[-121.4151,38.46661],[-121.41732,38.46956],[-121.45894,38.50839],[-121.47343,38.53594],[-121.47444,38.55548],[-121.47343,38.55869],[-121.51091,38.56839],[-121.50919,38.57063],[-121.50789,38.57663],[-121.50307,38.58431],[-121.50449,38.59001],[-121.5041,38.59786],[-121.50567,38.60173],[-121.4965,38.60274],[-121.48702,38.60277],[-121.48256,38.60153],[-121.47839,38.59913],[-121.47237,38.59261],[-121.46692,38.58904],[-121.46225,38.58918],[-121.45199,38.59124],[-121.4491,38.59044],[-121.44202,38.58392],[-121.43872,38.58259],[-121.4342,38.58172],[-121.42922,38.58348],[-121.42199,38.58296],[-121.42065,38.58181],[-121.42004,38.57904],[-121.42027,38.57778],[-121.42149,38.57733],[-121.42272,38.56755],[-121.42004,38.56206],[-121.4164,38.55979],[-121.41345,38.55972],[-121.40561,38.56091],[-121.39445,38.56395],[-121.3885,38.56658],[-121.3733,38.56797],[-121.36161,38.57056],[-121.36042,38.57157],[-121.36284,38.57198],[-121.36033,38.5727],[-121.35841,38.57242],[-121.35707,38.57322],[-121.35687,38.57444],[-121.35474,38.57563],[-121.35083,38.57499],[-121.34946,38.57538],[-121.34955,38.5765],[-121.34369,38.57938],[-121.3399,38.57982],[-121.33142,38.57861],[-121.32894,38.58002],[-121.32911,38.58282],[-121.32806,38.5843],[-121.32792,38.58627],[-121.33027,38.58936],[-121.33244,38.58931],[-121.33267,38.59431],[-121.33165,38.59765],[-121.32728,38.60241],[-121.32544,38.60328],[-121.31728,38.60378],[-121.31252,38.60584],[-121.30678,38.60968],[-121.30363,38.61474],[-121.30654,38.61771],[-121.30686,38.61918],[-121.30613,38.62184],[-121.30403,38.62492],[-121.30153,38.62694],[-121.29511,38.63049],[-121.29117,38.63101],[-121.28863,38.62998],[-121.28823,38.6282],[-121.28995,38.62561],[-121.29003,38.62384],[-121.28773,38.62181],[-121.28464,38.62169],[-121.27647,38.6292],[-121.27445,38.63021],[-121.27355,38.63183],[-121.26911,38.63398],[-121.26859,38.63506],[-121.26625,38.63643],[-121.26155,38.63817],[-121.25575,38.63874],[-121.24774,38.6362],[-121.24611,38.63496],[-121.2391,38.63307],[-121.23601,38.63295],[-121.23546,38.63385],[-121.23406,38.63355],[-121.22026,38.63735],[-121.21485,38.64167],[-121.21133,38.64081],[-121.20415,38.64255],[-121.19619,38.64635],[-121.19429,38.65001],[-121.19386,38.65571],[-121.19231,38.6582],[-121.1907,38.66461],[-121.19067,38.67013],[-121.19193,38.67486],[-121.19152,38.6758],[-121.18122,38.68072],[-121.17322,38.68363],[-121.17062,38.68573],[-121.16752,38.68694],[-121.16618,38.69694],[-121.16655,38.69978],[-121.16486,38.7036],[-121.1629,38.70483],[-121.15963,38.70497],[-121.15624,38.70884],[-121.14583,38.71158],[-121.14354,38.71716],[-121.14565,38.71905],[-121.146,38.72257],[-121.14822,38.72651],[-121.14857,38.73155],[-121.14381,38.73485],[-121.14013,38.73576],[-121.13595,38.73837],[-121.13443,38.74013],[-121.13308,38.7445],[-121.13109,38.74676],[-121.13042,38.74953],[-121.12447,38.75207],[-121.12319,38.75543],[-121.12427,38.76005],[-121.12302,38.76214],[-121.12174,38.76989],[-121.11846,38.77216],[-121.11393,38.7731],[-121.11037,38.77724],[-121.11043,38.78102],[-121.10912,38.78171],[-121.10529,38.78622],[-121.10675,38.79217],[-121.1055,38.79395],[-121.10544,38.79722],[-121.10193,38.79802],[-121.10266,38.80013],[-121.10173,38.80255],[-121.1003,38.8032],[-121.0998,38.80482],[-121.10135,38.80708],[-121.10033,38.80807],[-121.10013,38.80999],[-121.10381,38.81283],[-121.10779,38.81415],[-121.10826,38.81541],[-121.10656,38.81759],[-121.10408,38.81777],[-121.10282,38.81702],[-121.10074,38.81844],[-121.09884,38.81873],[-121.09732,38.81736],[-121.09656,38.81512],[-121.09457,38.81459],[-121.08998,38.81498],[-121.08553,38.81658],[-121.08448,38.82219],[-121.09057,38.82757],[-121.08765,38.83336],[-121.08571,38.8348],[-121.0822,38.83524],[-121.08013,38.8375],[-121.07615,38.83961],[-121.07425,38.84251],[-121.06687,38.84382],[-121.05865,38.84674],[-121.05766,38.84894],[-121.05769,38.85107],[-121.05971,38.85487],[-121.06133,38.86057],[-121.0585,38.86343],[-121.05496,38.86487],[-121.0537,38.86727],[-121.05367,38.86894],[-121.05657,38.87633],[-121.06117,38.88122],[-121.06076,38.88367],[-121.05321,38.88683],[-121.04981,38.88715],[-121.04539,38.88937],[-121.04434,38.89069],[-121.04732,38.89351],[-121.04767,38.89474],[-121.05394,38.89706],[-121.05373,38.89914],[-121.05279,38.90043],[-121.04978,38.9017],[-121.0482,38.90507],[-121.0455,38.90577],[-121.04389,38.90703],[-121.04181,38.91136],[-121.04102,38.91502],[-121.03967,38.91591],[-121.03768,38.91561],[-121.03569,38.91339],[-121.03408,38.91279],[-121.0252,38.91527],[-121.02327,38.91746],[-121.02134,38.91792],[-121.01577,38.91785],[-121.01217,38.91665],[-121.00696,38.91821],[-121.00657,38.91956],[-121.00526,38.92028],[-121.00297,38.91833],[-120.99919,38.91853],[-120.99647,38.92144],[-120.99149,38.92329],[-120.99179,38.9273],[-120.98423,38.92901],[-120.97761,38.92934],[-120.97105,38.93302],[-120.96607,38.93268],[-120.96288,38.93426],[-120.95764,38.93913],[-120.95022,38.93884],[-120.94346,38.93561],[-120.93944,38.9355],[-120.93833,38.93623],[-120.93799,38.95443],[-120.93827,38.957],[-120.94012,38.95908],[-120.94067,38.96183],[-120.93862,38.96376],[-120.93531,38.96449],[-120.93317,38.96263],[-120.9242,38.96165],[-120.92107,38.95908],[-120.91489,38.95579],[-120.90809,38.95426],[-120.90129,38.95336],[-120.89056,38.95981],[-120.88813,38.95969],[-120.88608,38.95933],[-120.88189,38.95704],[-120.87208,38.95594],[-120.86859,38.95416],[-120.86281,38.95361],[-120.86015,38.95158],[-120.85889,38.95217],[-120.85772,38.95636],[-120.85212,38.95956],[-120.8555,38.967],[-120.8533,38.97276],[-120.85047,38.976],[-120.8489,38.97699],[-120.8475,38.97697],[-120.846,38.97604],[-120.8404,38.9754],[-120.83999,38.97295],[-120.8387,38.97169],[-120.83504,38.97149],[-120.83375,38.97226],[-120.83278,38.97391],[-120.83302,38.97661],[-120.83232,38.97828],[-120.82935,38.98036],[-120.82988,38.98675],[-120.82824,38.98988],[-120.8227,38.99343],[-120.81575,38.99441],[-120.8137,38.99906],[-120.80086,38.99988],[-120.79951,38.99691],[-120.79696,38.99624],[-120.79098,38.99954],[-120.78678,38.99906],[-120.78615,39.00001],[-120.78154,39.00228],[-120.78046,39.00415],[-120.7747,39.00541],[-120.77283,39.00676],[-120.77092,39.00654],[-120.76842,39.00901],[-120.76565,39.00977],[-120.76425,39.00974],[-120.76353,39.00883],[-120.76658,39.00662],[-120.76707,39.00469],[-120.76397,39.00172],[-120.76187,39.00184],[-120.76043,39.00221],[-120.76006,39.00329],[-120.76376,39.0041],[-120.76416,39.00495],[-120.76354,39.00632],[-120.76092,39.00545],[-120.75773,39.00764],[-120.75291,39.00539],[-120.75172,39.00587],[-120.74953,39.00994],[-120.7464,39.01054],[-120.74622,39.00856],[-120.74885,39.00459],[-120.74863,39.00337],[-120.74719,39.00308],[-120.74488,39.00474],[-120.74303,39.00191],[-120.73908,39.00199],[-120.73684,39.00109],[-120.73283,39.00217],[-120.73066,39.00367],[-120.72925,39.0036],[-120.72288,38.99887],[-120.72256,38.9937],[-120.71789,38.98924],[-120.71695,38.98713],[-120.71174,38.9859],[-120.70485,38.98118],[-120.70077,38.98176],[-120.69324,38.98507],[-120.68848,38.98978],[-120.6872,38.99011],[-120.68489,38.98926],[-120.6855,38.98645],[-120.68486,38.98272],[-120.68099,38.9775],[-120.68339,38.97485],[-120.68307,38.96712],[-120.67964,38.96639],[-120.67786,38.96359],[-120.67396,38.96213],[-120.6727,38.95852],[-120.66491,38.95733],[-120.65999,38.9538],[-120.6558,38.9535],[-120.65515,38.94993],[-120.65407,38.94817],[-120.65126,38.94876],[-120.64704,38.94677],[-120.64481,38.94673],[-120.64265,38.94439],[-120.63928,38.94446],[-120.63729,38.94366],[-120.63526,38.94361],[-120.63154,38.94617],[-120.62987,38.94638],[-120.62416,38.94466],[-120.62176,38.94291],[-120.61194,38.94293],[-120.60983,38.94076],[-120.6076,38.93602],[-120.60593,38.93456],[-120.60377,38.93424],[-120.59984,38.93658],[-120.59492,38.93633],[-120.59384,38.935],[-120.59372,38.93253],[-120.59234,38.93173],[-120.58751,38.93164],[-120.58516,38.92745],[-120.58695,38.92496],[-120.58694,38.92361],[-120.58431,38.9212],[-120.58085,38.92034],[-120.57897,38.91662],[-120.57503,38.91612],[-120.57089,38.91391],[-120.56689,38.91478],[-120.56469,38.91361],[-120.55808,38.91554],[-120.55672,38.91503],[-120.55333,38.91989],[-120.55102,38.92075],[-120.54718,38.92036],[-120.54601,38.92139],[-120.54574,38.92553],[-120.5448,38.92708],[-120.54167,38.92724],[-120.53479,38.92591],[-120.53187,38.92937],[-120.52943,38.93001],[-120.52784,38.93138],[-120.52635,38.93156],[-120.52328,38.93024],[-120.51941,38.93056],[-120.51698,38.93163],[-120.51186,38.93156],[-120.51103,38.93371],[-120.50447,38.93581],[-120.50263,38.9411],[-120.4959,38.94178],[-120.49203,38.94394],[-120.49162,38.94542],[-120.493,38.94771],[-120.49273,38.94901],[-120.49191,38.95016],[-120.48761,38.95233],[-120.4873,38.9552],[-120.48621,38.95615],[-120.48604,38.95906],[-120.48446,38.95988],[-120.47866,38.9605],[-120.47423,38.96466],[-120.47102,38.96555],[-120.47069,38.96816],[-120.46897,38.97084],[-120.46473,38.97365],[-120.46219,38.97748],[-120.45967,38.98499],[-120.45705,38.98636],[-120.45188,38.98764],[-120.45112,38.98961],[-120.45378,38.99558],[-120.45217,38.99869],[-120.44977,39.0007],[-120.44905,39.00625],[-120.44563,39.0089],[-120.44519,39.01723],[-120.4422,39.02285],[-120.4388,39.02439],[-120.437,39.02737],[-120.43537,39.0283],[-120.43629,39.02964],[-120.43603,39.03141],[-120.43476,39.03254],[-120.43189,39.03899],[-120.42954,39.04076],[-120.42319,39.04319],[-120.42292,39.04432],[-120.42184,39.04496],[-120.41929,39.04526],[-120.41739,39.04668],[-120.41424,39.05185],[-120.41206,39.05193],[-120.41061,39.05285],[-120.40844,39.05569],[-120.40966,39.0617],[-120.40778,39.06694],[-120.40463,39.07274],[-120.39167,39.08156],[-120.38586,39.08327],[-120.37895,39.08428],[-120.37351,39.08614],[-120.36878,39.08665],[-120.3625,39.08603],[-120.35466,39.08195],[-120.34824,39.07988],[-120.34752,39.07843],[-120.34305,39.07512],[-120.34347,39.07359],[-120.34246,39.07222],[-120.33943,39.07048],[-120.33407,39.07019],[-120.33015,39.07132],[-120.32329,39.0697],[-120.32228,39.069],[-120.32174,39.06695],[-120.31041,39.05908],[-120.30327,39.05705],[-120.29828,39.05457],[-120.29923,39.05319],[-120.30066,39.05266],[-120.3009,39.05158],[-120.30003,39.05024],[-120.29313,39.04877],[-120.28338,39.04212],[-120.28075,39.04187],[-120.2734,39.03544],[-120.26371,39.03028],[-120.26097,39.02779],[-120.25887,39.02705],[-120.25495,39.02915],[-120.25264,39.02614],[-120.24958,39.02827],[-120.24815,39.02812],[-120.2437,39.03088],[-120.2394,39.03238],[-120.23267,39.03086],[-120.23012,39.03348],[-120.22375,39.03383],[-120.21936,39.03492],[-120.21722,39.03465],[-120.2153,39.0333],[-120.21286,39.03425],[-120.2116,39.03347],[-120.20441,39.03325],[-120.20166,39.03427],[-120.19835,39.03431],[-120.19827,39.03556],[-120.19627,39.03767],[-120.19488,39.03811],[-120.19226,39.03683],[-120.18756,39.03829],[-120.18809,39.04039],[-120.18439,39.04369],[-120.18095,39.04342],[-120.18134,39.04217],[-120.1785,39.04061],[-120.17924,39.03956],[-120.17841,39.03868],[-120.17658,39.03909],[-120.17571,39.0416],[-120.17389,39.04333],[-120.1694,39.04541],[-120.16823,39.04503],[-120.16644,39.04565],[-120.16518,39.04768],[-120.16148,39.04925],[-120.1553,39.0541],[-120.15057,39.06191],[-120.14682,39.06493],[-120.14413,39.06849],[-120.14391,39.06972],[-120.14165,39.07135],[-120.14087,39.07267],[-120.14144,39.07369],[-120.13433,39.06925],[-120.12972,39.06962],[-120.12213,39.06552],[-120.11922,39.06509],[-120.11379,39.06088],[-120.11413,39.05699],[-120.11305,39.05215],[-120.11088,39.0482],[-120.11156,39.04704],[-120.11515,39.04483],[-120.11779,39.04425],[-120.11867,39.04304],[-120.1205,39.0423],[-120.11996,39.03983],[-120.12223,39.0396],[-120.12238,39.03844],[-120.12105,39.03593],[-120.118,39.03583],[-120.11644,39.03367],[-120.11495,39.03288],[-120.11481,39.03198],[-120.11861,39.02851],[-120.11989,39.02572],[-120.11908,39.02203],[-120.11949,39.02093],[-120.11834,39.01745],[-120.11488,39.01382],[-120.11468,39.01129],[-120.11192,39.00807],[-120.10086,39.00018],[-120.10027,38.99881],[-120.09621,38.99943],[-120.09533,38.99826],[-120.09392,38.99575],[-120.09462,38.99378],[-120.0936,38.99278],[-120.09485,38.9871],[-120.09386,38.98594],[-120.09327,38.98203],[-120.09386,38.98109],[-120.09418,38.97373],[-120.09344,38.97192],[-120.09192,38.97071],[-120.08401,38.96709],[-120.08377,38.96586],[-120.0855,38.96579],[-120.08615,38.96488],[-120.09101,38.96476],[-120.0959,38.96007],[-120.10533,38.95533],[-120.10641,38.95263],[-120.1058,38.95103],[-120.1038,38.94927],[-120.09865,38.94936],[-120.09303,38.95133],[-120.0908,38.95289],[-120.08617,38.95881],[-120.08248,38.96229],[-120.08102,38.96481],[-120.07961,38.96556],[-120.07853,38.96467],[-120.07765,38.95717],[-120.07823,38.95412],[-120.07703,38.94967],[-120.07404,38.94617],[-120.06778,38.94337],[-120.05791,38.94056],[-120.0534,38.94157],[-120.03267,38.93761],[-120.01833,38.93706],[-120.00775,38.93866],[-119.97045,38.94713],[-119.95782,38.95193],[-119.94862,38.96368],[-119.94218,38.95926],[-119.94567,38.95429],[-119.95748,38.94859],[-119.96573,38.94573],[-119.97083,38.94577],[-119.97639,38.94406],[-119.97713,38.94284],[-119.97771,38.93502],[-119.97958,38.93054],[-119.98312,38.92754],[-120.00475,38.91338],[-119.999,38.90384],[-119.99829,38.90086],[-119.99987,38.89661],[-119.9998,38.89055],[-120.00487,38.8782],[-120.0061,38.87064],[-120.0072,38.86815],[-120.01116,38.86452],[-120.01222,38.86264],[-120.01246,38.85699],[-120.01398,38.85509],[-120.02574,38.84936],[-120.03247,38.84417],[-120.04241,38.84186],[-120.0425,38.84083],[-120.04057,38.83866],[-120.03771,38.83779],[-120.03458,38.83541],[-120.03537,38.83223],[-120.03198,38.83047],[-120.03052,38.82713],[-120.02865,38.82562],[-120.02713,38.81981],[-120.02793,38.81467],[-120.02933,38.81302],[-120.02842,38.81156],[-120.02805,38.80447],[-120.03644,38.80113],[-120.03694,38.79918],[-120.03576,38.79496],[-120.03707,38.79035],[-120.03892,38.78879],[-120.0434,38.78808],[-120.04436,38.787],[-120.0429,38.78549],[-120.04276,38.78379],[-120.04562,38.78073],[-120.05111,38.77961],[-120.05182,38.77659],[-120.05065,38.7746],[-120.05044,38.77254],[-120.0479,38.76925],[-120.04761,38.76756],[-120.04808,38.76412],[-120.04983,38.76204],[-120.04916,38.7595],[-120.05045,38.75866],[-120.05141,38.75662],[-120.052,38.7526],[-120.04919,38.74992],[-120.04816,38.74804],[-120.04758,38.74433],[-120.04556,38.74189],[-120.03389,38.74043],[-120.02979,38.73687],[-120.02816,38.73708],[-120.02458,38.73541],[-120.07246,38.70276],[-120.07797,38.70109],[-120.07963,38.69921],[-120.082,38.69995],[-120.08195,38.70195],[-120.07727,38.70202],[-120.07746,38.70905],[-120.09772,38.7085],[-120.09751,38.70333],[-120.10376,38.70585],[-120.11161,38.70509],[-120.11323,38.70267],[-120.11635,38.70074],[-120.11764,38.69828],[-120.12174,38.69578],[-120.12247,38.69465],[-120.1239,38.68914],[-120.12019,38.68311],[-120.11682,38.6808],[-120.11644,38.67964],[-120.1186,38.67477],[-120.12145,38.67106],[-120.12136,38.66889],[-120.12267,38.66657],[-120.12511,38.66524],[-120.12893,38.66448],[-120.13253,38.65894],[-120.13455,38.654],[-120.13096,38.65016],[-120.13519,38.64535],[-120.13716,38.64116],[-120.1401,38.63811],[-120.14153,38.63761],[-120.14523,38.6396],[-120.15021,38.63739],[-120.15266,38.6378],[-120.15399,38.63558],[-120.15704,38.63412],[-120.15852,38.63256],[-120.16423,38.63312],[-120.17117,38.6319],[-120.179,38.6334],[-120.18408,38.6316],[-120.19144,38.63109],[-120.19705,38.62926],[-120.19809,38.6281],[-120.19792,38.62603],[-120.20189,38.62474],[-120.20337,38.62491],[-120.20509,38.62731],[-120.21185,38.62903],[-120.21436,38.62878],[-120.21598,38.62694],[-120.21484,38.62456],[-120.21496,38.62322],[-120.22038,38.62123],[-120.21987,38.61875],[-120.22323,38.61701],[-120.22246,38.61532],[-120.22484,38.61319],[-120.22484,38.61136],[-120.22675,38.60986],[-120.22635,38.60793],[-120.2235,38.60384],[-120.22819,38.60091],[-120.23253,38.59971],[-120.23281,38.59424],[-120.23161,38.59193],[-120.2334,38.58863],[-120.23463,38.58766],[-120.23706,38.58736],[-120.23942,38.58568],[-120.24215,38.58649],[-120.24982,38.58443],[-120.25315,38.58202],[-120.26196,38.57918],[-120.26662,38.57312],[-120.26617,38.56845],[-120.27209,38.5614],[-120.2749,38.55905],[-120.28071,38.55931],[-120.284,38.55736],[-120.29116,38.55619],[-120.29803,38.55644],[-120.29918,38.55494],[-120.29942,38.55203],[-120.30122,38.54941],[-120.3186,38.54478],[-120.3251,38.54608],[-120.32858,38.54518],[-120.33138,38.54771],[-120.33854,38.54689],[-120.35107,38.54718],[-120.35521,38.54807],[-120.36301,38.54432],[-120.37366,38.54517],[-120.37799,38.54466],[-120.38106,38.54288],[-120.38193,38.53993],[-120.38299,38.53887],[-120.38474,38.5387],[-120.38837,38.54061],[-120.39035,38.53972],[-120.39604,38.53903],[-120.39855,38.53723],[-120.4028,38.53752],[-120.4087,38.53335],[-120.41374,38.53092],[-120.42434,38.53021],[-120.42693,38.52892],[-120.43004,38.52888],[-120.43421,38.52669],[-120.43945,38.52891],[-120.44886,38.52874],[-120.45506,38.52503],[-120.45877,38.52381],[-120.47277,38.52164],[-120.48563,38.52115],[-120.49002,38.51794],[-120.49752,38.51644],[-120.49987,38.51451],[-120.50523,38.51235],[-120.51381,38.51118],[-120.52346,38.51106],[-120.52963,38.5097],[-120.54367,38.50984],[-120.55371,38.51188],[-120.57077,38.50594],[-120.57336,38.50583],[-120.57485,38.50449],[-120.5768,38.50509],[-120.57968,38.50345],[-120.58746,38.50401],[-120.58933,38.50335],[-120.59244,38.50469],[-120.59494,38.5035],[-120.59716,38.50417],[-120.59935,38.50342],[-120.60303,38.50384],[-120.60649,38.50241],[-120.60928,38.50281],[-120.6123,38.50456],[-120.61428,38.50323],[-120.61833,38.5033],[-120.6218,38.5045],[-120.62841,38.50311],[-120.6388,38.50771],[-120.64769,38.51015],[-120.65135,38.51028],[-120.65814,38.51366],[-120.65927,38.51568],[-120.6664,38.51711],[-120.6772,38.5178],[-120.67852,38.52208],[-120.68317,38.52648],[-120.68661,38.52794],[-120.6905,38.52772],[-120.69081,38.52891],[-120.69189,38.5284],[-120.69715,38.5318],[-120.69941,38.5319],[-120.70142,38.53403],[-120.70368,38.53505],[-120.7043,38.53624],[-120.70679,38.53508],[-120.71863,38.54201],[-120.72243,38.54713],[-120.72731,38.54679],[-120.73078,38.54814],[-120.7341,38.54707],[-120.73486,38.54577],[-120.73637,38.54562],[-120.73889,38.54836],[-120.74712,38.54837],[-120.74856,38.54978],[-120.74866,38.55102],[-120.74665,38.55231],[-120.74687,38.55298],[-120.74932,38.5534],[-120.75161,38.55167],[-120.75472,38.55124],[-120.76005,38.55497],[-120.76427,38.55339],[-120.767,38.55373],[-120.76899,38.5526],[-120.77413,38.55409],[-120.77911,38.55441],[-120.78286,38.55109],[-120.78424,38.55095],[-120.78852,38.55423],[-120.7929,38.55489],[-120.79389,38.55749],[-120.79681,38.55753],[-120.79807,38.55595],[-120.80063,38.55602],[-120.80158,38.55893],[-120.80474,38.55985],[-120.80502,38.55818],[-120.81043,38.55779],[-120.81264,38.55963],[-120.81005,38.56147],[-120.81363,38.56224],[-120.81547,38.56126],[-120.81604,38.55872],[-120.81674,38.55826],[-120.81821,38.55806],[-120.8213,38.55956],[-120.82333,38.55974],[-120.82517,38.55602],[-120.83045,38.55643],[-120.83297,38.55587],[-120.83394,38.55494],[-120.83474,38.55229],[-120.83611,38.55153],[-120.83742,38.55192],[-120.83835,38.55463],[-120.84113,38.55608],[-120.84736,38.55375],[-120.84943,38.5508],[-120.85363,38.55018],[-120.85629,38.54852],[-120.85665,38.54667],[-120.85556,38.54442],[-120.85662,38.5427],[-120.85896,38.5428],[-120.86077,38.54377],[-120.86235,38.54337],[-120.86314,38.54065],[-120.86304,38.5361],[-120.86398,38.53513],[-120.87122,38.53635],[-120.87401,38.5387],[-120.8733,38.54107],[-120.87375,38.54262],[-120.87632,38.54333],[-120.87801,38.5397],[-120.88381,38.53645],[-120.8837,38.53508],[-120.88073,38.53136],[-120.88075,38.52959],[-120.88348,38.52608],[-120.8866,38.52468],[-120.88969,38.5249],[-120.8903,38.5275],[-120.89242,38.52896],[-120.89493,38.52822],[-120.89964,38.53063],[-120.90263,38.53126],[-120.90535,38.52438],[-120.90882,38.52399],[-120.91082,38.52066],[-120.91714,38.52055],[-120.92278,38.51928],[-120.92384,38.51625],[-120.92712,38.51494],[-120.93042,38.51831],[-120.93653,38.51948],[-120.93634,38.52107],[-120.93777,38.52348],[-120.93752,38.52537],[-120.93816,38.52699],[-120.94108,38.52868],[-120.94365,38.52753],[-120.94587,38.52366],[-120.95225,38.52111],[-120.95415,38.52095],[-120.95551,38.52219],[-120.95775,38.52283],[-120.96452,38.52032],[-120.96988,38.52105],[-120.97317,38.51692],[-120.97487,38.51592],[-120.98044,38.51519],[-120.98749,38.51654],[-120.99056,38.51606],[-120.99225,38.51458],[-120.99487,38.51366],[-120.99638,38.5142],[-121.00127,38.51888],[-121.00492,38.51969],[-121.00707,38.51937],[-121.00945,38.51786],[-121.0094,38.51469],[-121.01136,38.51242],[-121.01322,38.51317],[-121.01463,38.51139],[-121.01916,38.50898],[-121.02709,38.50833],[-121.02725,38.30013],[-120.93865,38.08832],[-120.75106,37.92143],[-120.65311,37.83291],[-120.65564,37.82354],[-120.65829,37.82038],[-120.66256,37.81988],[-120.66628,37.81844],[-120.66914,37.8189],[-120.6737,37.81785],[-120.67468,37.81673],[-120.67425,37.81437],[-120.67179,37.81231],[-120.67381,37.80982],[-120.68284,37.80842],[-120.69138,37.80831],[-120.69634,37.80982],[-120.69894,37.81151],[-120.69917,37.81245],[-120.70182,37.8138],[-120.71122,37.81503],[-120.71318,37.81348],[-120.71287,37.81236],[-120.71365,37.81064],[-120.71685,37.80757],[-120.71817,37.80654],[-120.72388,37.80471],[-120.72526,37.80137],[-120.72541,37.79897],[-120.72886,37.79286],[-120.73215,37.78894],[-120.73423,37.78896],[-120.73826,37.78736],[-120.74521,37.78711],[-120.75975,37.78509],[-120.76123,37.7853],[-120.76324,37.78866],[-120.76486,37.79001],[-120.77454,37.79208],[-120.78022,37.79066],[-120.78553,37.78592],[-120.787,37.78574],[-120.7943,37.78856],[-120.79986,37.78595],[-120.80476,37.7848],[-120.80664,37.78533],[-120.80923,37.78737],[-120.81018,37.79014],[-120.81142,37.79108],[-120.81782,37.7911],[-120.82463,37.78755],[-120.82748,37.78764],[-120.83034,37.78634],[-120.83902,37.78039],[-120.84677,37.77993],[-120.86165,37.77544],[-120.86363,37.77409],[-120.86427,37.77303],[-120.86392,37.77196],[-120.86481,37.77113],[-120.86689,37.7712],[-120.86734,37.77338],[-120.86856,37.77155],[-120.87191,37.77086],[-120.87225,37.77186],[-120.8775,37.77085],[-120.88093,37.77191],[-120.88358,37.77134],[-120.88753,37.77243],[-120.89206,37.77148],[-120.89425,37.76917],[-120.89615,37.76857],[-120.90059,37.76963],[-120.90988,37.76677],[-120.91213,37.76572],[-120.91651,37.76109],[-120.91994,37.76075],[-120.92302,37.75913],[-120.9234,37.75778],[-120.92264,37.75716],[-120.91767,37.75697],[-120.9171,37.75593],[-120.9179,37.75041],[-120.92196,37.74844],[-120.921,37.74511],[-120.92135,37.74284],[-120.92072,37.73889],[-120.92297,37.73775],[-120.93239,37.73963],[-120.94181,37.74244],[-120.94469,37.7421],[-120.95357,37.73876],[-120.95807,37.74141],[-120.96458,37.74393],[-120.96614,37.74581],[-120.97222,37.7483],[-120.97537,37.75198],[-120.98007,37.75411],[-120.98171,37.75699],[-120.98866,37.75777],[-120.99183,37.75912],[-120.99342,37.76097],[-120.99622,37.76004],[-120.99882,37.75739],[-120.99796,37.75558],[-120.99889,37.75407],[-121.00188,37.75236],[-121.00465,37.75211],[-121.00813,37.74924],[-121.01202,37.74936],[-121.01191,37.75281],[-121.01474,37.75309],[-121.01425,37.75408],[-121.01127,37.75479],[-121.01115,37.75553],[-121.01438,37.7564],[-121.01712,37.75559],[-121.01863,37.75447],[-121.02131,37.74994],[-121.02148,37.74763],[-121.02402,37.74688],[-121.02554,37.74475],[-121.02592,37.74269],[-121.02831,37.741],[-121.03328,37.74282],[-121.03592,37.74306],[-121.03927,37.73958],[-121.04195,37.74167],[-121.04353,37.74155],[-121.04298,37.73912],[-121.04402,37.73878],[-121.0453,37.73981],[-121.04656,37.74273],[-121.05154,37.74232],[-121.05189,37.74297],[-121.05092,37.74529],[-121.05305,37.74575],[-121.05313,37.74686],[-121.05148,37.74799],[-121.05266,37.7489],[-121.05547,37.74929],[-121.05438,37.75048],[-121.0554,37.75084],[-121.05774,37.7492],[-121.06062,37.74926],[-121.06189,37.74634],[-121.06474,37.74754],[-121.06505,37.74624],[-121.0637,37.74478],[-121.06414,37.74389],[-121.06679,37.74487],[-121.06748,37.74321],[-121.06667,37.74121],[-121.0671,37.74016],[-121.07174,37.7381],[-121.07467,37.739],[-121.07782,37.73774],[-121.07917,37.73836],[-121.07992,37.74014],[-121.08198,37.73989],[-121.08311,37.74164],[-121.08491,37.74107],[-121.08792,37.74138],[-121.09091,37.73588],[-121.09467,37.73479],[-121.09679,37.73647],[-121.09875,37.73686],[-121.09927,37.73796],[-121.10088,37.73729],[-121.10061,37.73997],[-121.10144,37.74078],[-121.10407,37.74111],[-121.10476,37.74012],[-121.10693,37.74009],[-121.10896,37.74193],[-121.11033,37.74212],[-121.11163,37.74042],[-121.1094,37.73239],[-121.10929,37.73129],[-121.11027,37.73051],[-121.12311,37.74063],[-121.13816,37.74946],[-121.14334,37.75341],[-121.15152,37.75728],[-121.17598,37.77173],[-121.18406,37.77798],[-121.1874,37.78155],[-121.19227,37.80017],[-121.19359,37.80267],[-121.21643,37.82183],[-121.21774,37.82961],[-121.22068,37.89912],[-121.23384,37.93131],[-121.23565,37.94542],[-121.24972,37.97946],[-121.25037,37.98679],[-121.25752,38.00465],[-121.25949,38.05861],[-121.25997,38.10143],[-121.25973,38.10706],[-121.25724,38.11946],[-121.25762,38.13713],[-121.26123,38.14592],[-121.26301,38.20664],[-121.28797,38.2457],[-121.28896,38.24378],[-121.28808,38.24576],[-121.30041,38.26504],[-121.3059,38.28072],[-121.31228,38.29125],[-121.3302,38.33218],[-121.34358,38.35818]]]},"properties":{"id":"29","code":"J18","name":"Pacific-Grizzly Flat Apprentice Either-Sex Deer Hunt","kind":"additional_hunt","group":"Apprentice","hunt_type":"EITHER-SEX","acreage":1883742}},{"type":"Feature","geometry":{"type":"Polygon","coordinates":[[[-120.03863,39.77488],[-120.03937,39.73707],[-120.03797,39.71694],[-120.03597,39.711],[-120.03199,39.70029],[-120.01484,39.68936],[-120.0107,39.68316],[-120.00136,39.67289],[-120.00139,39.66735],[-120.0047,39.6637],[-120.00689,39.65732],[-120.00696,39.64356],[-120.00546,39.63905],[-120.00774,39.63354],[-120.00869,39.62491],[-120.01275,39.62661],[-120.01957,39.62266],[-120.03314,39.62278],[-120.03764,39.61978],[-120.0396,39.61377],[-120.04122,39.61176],[-120.04622,39.60929],[-120.05154,39.60849],[-120.05808,39.60467],[-120.06349,39.60451],[-120.06612,39.60376],[-120.07283,39.60632],[-120.07777,39.60753],[-120.07898,39.60709],[-120.07614,39.59815],[-120.07241,39.59715],[-120.07141,39.59577],[-120.07173,39.59365],[-120.07377,39.59212],[-120.07454,39.59045],[-120.06884,39.58834],[-120.06479,39.58882],[-120.05911,39.58816],[-120.05636,39.58747],[-120.05441,39.58576],[-120.05586,39.58349],[-120.05575,39.58139],[-120.05193,39.57908],[-120.05312,39.57627],[-120.05495,39.57471],[-120.05501,39.57227],[-120.05572,39.57121],[-120.05468,39.56881],[-120.05542,39.56296],[-120.05362,39.56047],[-120.05265,39.55521],[-120.05371,39.55004],[-120.05058,39.54832],[-120.04447,39.54914],[-120.04618,39.54743],[-120.05123,39.5453],[-120.05806,39.54082],[-120.06399,39.53186],[-120.07666,39.52022],[-120.07902,39.51596],[-120.08374,39.51075],[-120.08776,39.50933],[-120.09337,39.50608],[-120.09806,39.50649],[-120.10184,39.50439],[-120.11646,39.51122],[-120.12602,39.50991],[-120.13449,39.50767],[-120.13875,39.50748],[-120.14276,39.50989],[-120.14302,39.51172],[-120.15761,39.51282],[-120.17163,39.51072],[-120.17707,39.51159],[-120.18138,39.50873],[-120.19767,39.5056],[-120.20718,39.5064],[-120.21657,39.51195],[-120.2189,39.51211],[-120.221,39.51142],[-120.22295,39.50948],[-120.23177,39.50447],[-120.24048,39.50444],[-120.24332,39.50648],[-120.25076,39.50613],[-120.25734,39.5045],[-120.26144,39.50451],[-120.26068,39.5026],[-120.26116,39.49995],[-120.26049,39.49911],[-120.25627,39.49682],[-120.24797,39.49455],[-120.24283,39.48993],[-120.23698,39.48634],[-120.2342,39.48323],[-120.23316,39.48031],[-120.23158,39.46981],[-120.2273,39.46174],[-120.22147,39.45338],[-120.21879,39.45182],[-120.21495,39.44768],[-120.21102,39.44167],[-120.21134,39.44005],[-120.21063,39.43863],[-120.207,39.43632],[-120.20207,39.42917],[-120.20118,39.42558],[-120.19929,39.42244],[-120.19813,39.41343],[-120.19193,39.40724],[-120.19116,39.40244],[-120.18777,39.39837],[-120.18384,39.38744],[-120.18159,39.37355],[-120.18274,39.36834],[-120.17439,39.36105],[-120.17265,39.3524],[-120.17417,39.33657],[-120.17938,39.33477],[-120.1866,39.33058],[-120.19286,39.32538],[-120.20158,39.32293],[-120.21766,39.32331],[-120.23291,39.32517],[-120.23757,39.32629],[-120.24408,39.33012],[-120.25103,39.33128],[-120.25763,39.33153],[-120.2645,39.32934],[-120.27516,39.32733],[-120.28964,39.33153],[-120.29828,39.32769],[-120.30202,39.32925],[-120.3066,39.33655],[-120.3129,39.34138],[-120.32077,39.34109],[-120.32468,39.34235],[-120.33417,39.34274],[-120.34317,39.34052],[-120.3438,39.34448],[-120.34992,39.34536],[-120.35124,39.3472],[-120.35277,39.35105],[-120.3527,39.35264],[-120.35443,39.35455],[-120.35537,39.35791],[-120.36104,39.35994],[-120.36476,39.35834],[-120.364,39.36176],[-120.36544,39.36564],[-120.3648,39.36648],[-120.36689,39.36725],[-120.36648,39.37185],[-120.36794,39.37214],[-120.36825,39.37384],[-120.36828,39.3752],[-120.36707,39.3761],[-120.36828,39.37627],[-120.36762,39.37662],[-120.37044,39.37844],[-120.37124,39.38267],[-120.37319,39.38428],[-120.37273,39.38582],[-120.37363,39.38766],[-120.37342,39.38938],[-120.37502,39.39053],[-120.37511,39.39143],[-120.3769,39.39026],[-120.37582,39.3925],[-120.37785,39.39216],[-120.37678,39.39314],[-120.37835,39.39354],[-120.38004,39.39512],[-120.37599,39.39541],[-120.37652,39.3962],[-120.37594,39.39782],[-120.37638,39.39957],[-120.37812,39.40228],[-120.38223,39.40445],[-120.39035,39.40632],[-120.39176,39.40721],[-120.39046,39.40914],[-120.39109,39.40978],[-120.39398,39.40803],[-120.39314,39.40982],[-120.39399,39.41075],[-120.39904,39.41087],[-120.39957,39.41348],[-120.40189,39.41494],[-120.40225,39.41778],[-120.40722,39.41603],[-120.40984,39.41172],[-120.41195,39.41175],[-120.41443,39.4106],[-120.42499,39.41007],[-120.42921,39.4075],[-120.43743,39.40827],[-120.43459,39.41186],[-120.43504,39.41643],[-120.43689,39.41967],[-120.43584,39.42141],[-120.43545,39.42528],[-120.43636,39.42542],[-120.4412,39.42248],[-120.44413,39.42194],[-120.44895,39.42241],[-120.44778,39.42644],[-120.44792,39.42834],[-120.44423,39.43087],[-120.44264,39.43361],[-120.44272,39.4347],[-120.43976,39.43704],[-120.439,39.43953],[-120.43939,39.44071],[-120.44196,39.44299],[-120.44447,39.44371],[-120.44811,39.44326],[-120.44942,39.44542],[-120.4479,39.44669],[-120.44578,39.4468],[-120.4451,39.44836],[-120.43988,39.45308],[-120.43879,39.45548],[-120.44289,39.46572],[-120.44249,39.46766],[-120.43591,39.47285],[-120.43199,39.47476],[-120.42954,39.47728],[-120.42868,39.47966],[-120.42877,39.48139],[-120.42966,39.48245],[-120.42807,39.484],[-120.42808,39.48913],[-120.43057,39.49264],[-120.43211,39.49679],[-120.43394,39.49819],[-120.4338,39.49897],[-120.42888,39.49679],[-120.42206,39.49938],[-120.41782,39.49994],[-120.41401,39.49918],[-120.41222,39.4974],[-120.41171,39.50459],[-120.41513,39.50601],[-120.41824,39.50593],[-120.42795,39.50934],[-120.43193,39.50904],[-120.43636,39.51091],[-120.44306,39.51018],[-120.44399,39.51192],[-120.44403,39.5156],[-120.43453,39.51762],[-120.4323,39.51987],[-120.43228,39.52084],[-120.44483,39.52322],[-120.45594,39.52815],[-120.45771,39.53014],[-120.45668,39.53204],[-120.45526,39.533],[-120.45547,39.53362],[-120.45949,39.53488],[-120.4633,39.53744],[-120.4672,39.53675],[-120.46912,39.53719],[-120.47461,39.53888],[-120.47651,39.54032],[-120.48195,39.54108],[-120.48654,39.54281],[-120.47905,39.54587],[-120.4784,39.54712],[-120.47914,39.54825],[-120.49118,39.5514],[-120.49212,39.55401],[-120.48667,39.55537],[-120.48588,39.5569],[-120.48947,39.55895],[-120.49046,39.56261],[-120.49457,39.5633],[-120.49202,39.56733],[-120.49213,39.56989],[-120.49373,39.57339],[-120.49262,39.57396],[-120.48987,39.57316],[-120.48762,39.56989],[-120.48494,39.56847],[-120.47964,39.56863],[-120.47857,39.56897],[-120.47758,39.57049],[-120.47507,39.56971],[-120.47173,39.57003],[-120.47105,39.57115],[-120.47225,39.5739],[-120.4684,39.57571],[-120.47002,39.58177],[-120.46884,39.58378],[-120.4715,39.58584],[-120.47014,39.58934],[-120.47045,39.59001],[-120.47165,39.59153],[-120.47337,39.59057],[-120.47661,39.5912],[-120.4798,39.59447],[-120.48232,39.59528],[-120.48329,39.59697],[-120.48316,39.59932],[-120.48424,39.59967],[-120.48521,39.59878],[-120.48639,39.59896],[-120.48733,39.60108],[-120.48752,39.60338],[-120.48468,39.60448],[-120.48053,39.60751],[-120.48181,39.61035],[-120.48959,39.61364],[-120.48976,39.61726],[-120.49464,39.61747],[-120.49759,39.61925],[-120.50381,39.61568],[-120.50621,39.6171],[-120.51327,39.61639],[-120.5172,39.61897],[-120.52133,39.6189],[-120.52407,39.62171],[-120.52589,39.62226],[-120.53076,39.62187],[-120.53343,39.62022],[-120.53553,39.62061],[-120.53955,39.62352],[-120.54327,39.62492],[-120.54519,39.62668],[-120.54516,39.62965],[-120.54637,39.631],[-120.5506,39.63314],[-120.57069,39.62905],[-120.57383,39.62695],[-120.5801,39.62492],[-120.58288,39.62261],[-120.58478,39.61886],[-120.58933,39.61847],[-120.59509,39.61539],[-120.60198,39.61416],[-120.60982,39.61995],[-120.61524,39.62864],[-120.62276,39.63514],[-120.62493,39.6407],[-120.62493,39.64429],[-120.63077,39.65248],[-120.63133,39.65383],[-120.63071,39.65586],[-120.62769,39.65851],[-120.62412,39.66428],[-120.624,39.66666],[-120.62563,39.66879],[-120.62608,39.67137],[-120.63413,39.67428],[-120.64126,39.68009],[-120.64111,39.68416],[-120.64208,39.6864],[-120.64202,39.68965],[-120.64318,39.691],[-120.65816,39.69464],[-120.65943,39.69945],[-120.65889,39.7032],[-120.65945,39.70571],[-120.66345,39.71185],[-120.66185,39.71418],[-120.65735,39.71644],[-120.65506,39.71848],[-120.65435,39.7201],[-120.65465,39.72141],[-120.65791,39.7244],[-120.65776,39.72591],[-120.65553,39.73086],[-120.65233,39.73561],[-120.64423,39.74451],[-120.64038,39.7448],[-120.63715,39.74233],[-120.6352,39.74203],[-120.63037,39.74564],[-120.62613,39.74672],[-120.62143,39.74917],[-120.61856,39.74945],[-120.61743,39.74467],[-120.61618,39.74457],[-120.61402,39.74693],[-120.60593,39.74851],[-120.59919,39.75483],[-120.6053,39.76033],[-120.61354,39.76272],[-120.61905,39.76662],[-120.62172,39.78123],[-120.62002,39.78429],[-120.60808,39.77826],[-120.60212,39.77354],[-120.59827,39.77268],[-120.59367,39.76984],[-120.59006,39.76972],[-120.58069,39.77249],[-120.57319,39.77745],[-120.56334,39.77753],[-120.55575,39.78258],[-120.54383,39.78733],[-120.51445,39.80307],[-120.49549,39.80838],[-120.49208,39.80868],[-120.48481,39.80764],[-120.47924,39.80565],[-120.47621,39.80694],[-120.47405,39.80897],[-120.45899,39.81418],[-120.44693,39.82052],[-120.44102,39.82128],[-120.4372,39.82279],[-120.43076,39.82243],[-120.42462,39.82438],[-120.41646,39.82447],[-120.40433,39.82323],[-120.37162,39.81752],[-120.32947,39.81705],[-120.3121,39.81018],[-120.30691,39.80954],[-120.19085,39.80919],[-120.16611,39.80072],[-120.12606,39.79638],[-120.11109,39.79119],[-120.08773,39.78855],[-120.03863,39.77488]]]},"properties":{"id":"30","code":"J19","name":"Zone X7a Apprentice Either-Sex Deer Hunt","kind":"additional_hunt","group":"Apprentice","hunt_type":"EITHER-SEX","acreage":451314}},{"type":"Feature","geometry":{"type":"Polygon","coordinates":[[[-120.00545,39.26233],[-120.00603,39.22282],[-120.00917,39.22246],[-120.01094,39.22454],[-120.01285,39.22513],[-120.01816,39.23314],[-120.02215,39.23413],[-120.02339,39.23552],[-120.02746,39.23647],[-120.0358,39.2378],[-120.03778,39.23744],[-120.04053,39.23839],[-120.044,39.23754],[-120.04667,39.23899],[-120.04843,39.23842],[-120.04926,39.23913],[-120.0562,39.23942],[-120.05866,39.23915],[-120.06291,39.23707],[-120.06725,39.23656],[-120.06954,39.23541],[-120.06994,39.23268],[-120.06812,39.23057],[-120.06829,39.22867],[-120.07377,39.22558],[-120.08093,39.22601],[-120.08078,39.2267],[-120.08152,39.22674],[-120.08153,39.22581],[-120.08516,39.22419],[-120.08616,39.22207],[-120.08833,39.20962],[-120.08943,39.20825],[-120.09325,39.20704],[-120.09429,39.20578],[-120.09534,39.20299],[-120.09505,39.19822],[-120.09615,39.19232],[-120.09231,39.18678],[-120.09257,39.18515],[-120.1081,39.18394],[-120.11266,39.18244],[-120.11494,39.18089],[-120.12133,39.18168],[-120.12769,39.18034],[-120.12965,39.17924],[-120.13549,39.17305],[-120.13979,39.17085],[-120.14246,39.16787],[-120.14452,39.16697],[-120.14313,39.16738],[-120.14112,39.16543],[-120.1417,39.15827],[-120.14418,39.15403],[-120.1437,39.14903],[-120.14601,39.14621],[-120.14967,39.1447],[-120.15266,39.14161],[-120.1532,39.13922],[-120.15213,39.13372],[-120.1533,39.13133],[-120.15564,39.12896],[-120.15968,39.12858],[-120.16159,39.12553],[-120.16074,39.11942],[-120.1581,39.11704],[-120.15766,39.1136],[-120.15874,39.11027],[-120.15859,39.10746],[-120.16337,39.10684],[-120.16854,39.11013],[-120.17046,39.10949],[-120.17143,39.10996],[-120.17318,39.10859],[-120.17628,39.11075],[-120.17715,39.11035],[-120.17873,39.111],[-120.18065,39.11029],[-120.18151,39.11088],[-120.18403,39.11008],[-120.18546,39.11098],[-120.18702,39.11097],[-120.18782,39.11055],[-120.18732,39.10948],[-120.18951,39.10909],[-120.18911,39.10771],[-120.19434,39.10597],[-120.19423,39.10684],[-120.19539,39.10647],[-120.19548,39.10535],[-120.19644,39.10532],[-120.19629,39.10468],[-120.20158,39.10035],[-120.20409,39.09724],[-120.20809,39.09469],[-120.20811,39.09071],[-120.20994,39.08738],[-120.20916,39.08506],[-120.2098,39.08168],[-120.21147,39.07997],[-120.21158,39.07778],[-120.21404,39.08016],[-120.21507,39.08022],[-120.21992,39.07872],[-120.22634,39.07817],[-120.22695,39.07786],[-120.22707,39.0758],[-120.22641,39.07507],[-120.22238,39.07463],[-120.22146,39.07584],[-120.22067,39.07518],[-120.22253,39.07302],[-120.22707,39.07263],[-120.22906,39.07082],[-120.23021,39.07096],[-120.23315,39.07618],[-120.23547,39.07672],[-120.23559,39.07747],[-120.2375,39.0767],[-120.24237,39.07787],[-120.24456,39.08003],[-120.24543,39.08215],[-120.2467,39.08211],[-120.24651,39.0831],[-120.24807,39.08382],[-120.24695,39.08641],[-120.24353,39.08945],[-120.24623,39.08941],[-120.24668,39.09089],[-120.24439,39.09266],[-120.24528,39.0913],[-120.24302,39.09211],[-120.24372,39.09303],[-120.24193,39.09475],[-120.24242,39.0946],[-120.24164,39.09817],[-120.23837,39.09919],[-120.23376,39.10286],[-120.23518,39.10253],[-120.23376,39.10348],[-120.23747,39.10218],[-120.23503,39.10372],[-120.23847,39.10255],[-120.23504,39.10461],[-120.23697,39.10637],[-120.2371,39.11014],[-120.24171,39.11792],[-120.24568,39.12103],[-120.2478,39.12449],[-120.24785,39.1256],[-120.24687,39.12575],[-120.24586,39.12717],[-120.24413,39.13387],[-120.24709,39.14092],[-120.24648,39.14221],[-120.24731,39.14645],[-120.24938,39.14952],[-120.24883,39.15293],[-120.25092,39.15494],[-120.25121,39.15866],[-120.25361,39.16173],[-120.25349,39.16282],[-120.25507,39.16503],[-120.25459,39.16603],[-120.25594,39.16559],[-120.2534,39.16957],[-120.25411,39.16921],[-120.25302,39.1707],[-120.25409,39.17032],[-120.25344,39.17173],[-120.25565,39.17087],[-120.25534,39.17239],[-120.25679,39.17191],[-120.25845,39.17261],[-120.25982,39.17091],[-120.26226,39.16965],[-120.26125,39.1696],[-120.26363,39.16824],[-120.26274,39.16781],[-120.26487,39.16784],[-120.268,39.16671],[-120.274,39.17186],[-120.27947,39.17358],[-120.28329,39.17848],[-120.28408,39.17864],[-120.28421,39.18078],[-120.28517,39.18054],[-120.28741,39.1819],[-120.28785,39.18086],[-120.28964,39.18314],[-120.28863,39.1849],[-120.28706,39.18588],[-120.28693,39.18845],[-120.28547,39.18898],[-120.28542,39.19195],[-120.28615,39.1923],[-120.28318,39.19365],[-120.28323,39.19474],[-120.28173,39.19663],[-120.28167,39.19789],[-120.28252,39.19794],[-120.28137,39.19844],[-120.28093,39.19957],[-120.28223,39.20026],[-120.28171,39.20238],[-120.27579,39.2075],[-120.27705,39.21362],[-120.27608,39.21421],[-120.27713,39.21534],[-120.27777,39.21909],[-120.27694,39.22055],[-120.27746,39.22353],[-120.27625,39.22349],[-120.27677,39.22518],[-120.27614,39.22649],[-120.27732,39.22915],[-120.27684,39.22906],[-120.27725,39.23009],[-120.27674,39.23121],[-120.27809,39.23134],[-120.28032,39.23332],[-120.28054,39.23421],[-120.2791,39.23534],[-120.27918,39.23653],[-120.28235,39.23903],[-120.28373,39.23843],[-120.28603,39.23925],[-120.28208,39.2424],[-120.28097,39.24289],[-120.27977,39.24209],[-120.27977,39.24356],[-120.28042,39.24461],[-120.28513,39.24712],[-120.2878,39.25166],[-120.28965,39.25317],[-120.29503,39.25605],[-120.3002,39.25679],[-120.3011,39.25859],[-120.29758,39.26157],[-120.29691,39.26286],[-120.2972,39.26443],[-120.29976,39.26606],[-120.30043,39.26815],[-120.3025,39.26919],[-120.30323,39.27048],[-120.30334,39.2693],[-120.30609,39.27187],[-120.30967,39.2731],[-120.31015,39.27566],[-120.31365,39.28166],[-120.31798,39.28434],[-120.32002,39.28278],[-120.31973,39.28457],[-120.32322,39.28722],[-120.32326,39.29036],[-120.3214,39.29339],[-120.3205,39.2937],[-120.32123,39.2945],[-120.31894,39.2978],[-120.32019,39.30023],[-120.32226,39.30162],[-120.32217,39.30518],[-120.32301,39.30614],[-120.32247,39.3082],[-120.32626,39.31209],[-120.32613,39.31394],[-120.32538,39.31439],[-120.32726,39.31486],[-120.32602,39.31684],[-120.32059,39.32126],[-120.32123,39.3227],[-120.32036,39.32294],[-120.32202,39.32372],[-120.32103,39.3242],[-120.32137,39.32597],[-120.32006,39.32661],[-120.31974,39.32796],[-120.32094,39.3279],[-120.3208,39.32895],[-120.32007,39.32919],[-120.32207,39.33052],[-120.3228,39.33281],[-120.32525,39.33555],[-120.32524,39.33681],[-120.3274,39.33791],[-120.3309,39.33819],[-120.33035,39.33742],[-120.33148,39.33752],[-120.33278,39.33796],[-120.3337,39.33947],[-120.33677,39.34064],[-120.33666,39.34254],[-120.33417,39.34274],[-120.32468,39.34235],[-120.32077,39.34109],[-120.3129,39.34138],[-120.3066,39.33655],[-120.30202,39.32925],[-120.29828,39.32769],[-120.28964,39.33153],[-120.27516,39.32733],[-120.2645,39.32934],[-120.25763,39.33153],[-120.25103,39.33128],[-120.24408,39.33012],[-120.23757,39.32629],[-120.23291,39.32517],[-120.21297,39.32304],[-120.20158,39.32293],[-120.19442,39.32463],[-120.19172,39.32612],[-120.1866,39.33058],[-120.17938,39.33477],[-120.17417,39.33657],[-120.17265,39.3524],[-120.17439,39.36105],[-120.18274,39.36834],[-120.18159,39.37355],[-120.18384,39.38744],[-120.18777,39.39837],[-120.19116,39.40244],[-120.19193,39.40724],[-120.19813,39.41343],[-120.19929,39.42244],[-120.20118,39.42558],[-120.20207,39.42917],[-120.207,39.43632],[-120.21063,39.43863],[-120.21134,39.44005],[-120.21102,39.44167],[-120.21495,39.44768],[-120.21879,39.45182],[-120.22147,39.45338],[-120.2273,39.46174],[-120.23158,39.46981],[-120.23316,39.48031],[-120.23494,39.48431],[-120.23698,39.48634],[-120.24419,39.49098],[-120.24797,39.49455],[-120.25627,39.49682],[-120.26049,39.49911],[-120.26116,39.49995],[-120.26068,39.5026],[-120.26144,39.50451],[-120.25734,39.5045],[-120.25076,39.50613],[-120.24332,39.50648],[-120.24048,39.50444],[-120.23177,39.50447],[-120.22295,39.50948],[-120.221,39.51142],[-120.2189,39.51211],[-120.21657,39.51195],[-120.20718,39.5064],[-120.20042,39.50557],[-120.18312,39.50825],[-120.17946,39.50955],[-120.17707,39.51159],[-120.17163,39.51072],[-120.16484,39.51218],[-120.15082,39.51264],[-120.14302,39.51172],[-120.14276,39.50989],[-120.13875,39.50748],[-120.13718,39.50737],[-120.12602,39.50991],[-120.11646,39.51122],[-120.10184,39.50439],[-120.09806,39.50649],[-120.09219,39.50647],[-120.08776,39.50933],[-120.08374,39.51075],[-120.07902,39.51596],[-120.07666,39.52022],[-120.06399,39.53186],[-120.05806,39.54082],[-120.05123,39.5453],[-120.04618,39.54743],[-120.04447,39.54914],[-120.05058,39.54832],[-120.05371,39.55004],[-120.05265,39.55521],[-120.05362,39.56047],[-120.05542,39.56296],[-120.05468,39.56881],[-120.05572,39.57121],[-120.05501,39.57227],[-120.05495,39.57471],[-120.05312,39.57627],[-120.05193,39.57908],[-120.05575,39.58139],[-120.05586,39.58349],[-120.05441,39.58576],[-120.05636,39.58747],[-120.05911,39.58816],[-120.06479,39.58882],[-120.06884,39.58834],[-120.07454,39.59045],[-120.07377,39.59212],[-120.07173,39.59365],[-120.07141,39.59577],[-120.07241,39.59715],[-120.07614,39.59815],[-120.07898,39.60709],[-120.07777,39.60753],[-120.07283,39.60632],[-120.06612,39.60376],[-120.06349,39.60451],[-120.05808,39.60467],[-120.05154,39.60849],[-120.04622,39.60929],[-120.04122,39.61176],[-120.0396,39.61377],[-120.03764,39.61978],[-120.03314,39.62278],[-120.01957,39.62266],[-120.01275,39.62661],[-120.00869,39.62491],[-120.00774,39.63354],[-120.00546,39.63905],[-120.00696,39.64356],[-120.00689,39.65732],[-120.0047,39.6637],[-120.00139,39.66738],[-120.00216,39.49997],[-120.00481,39.35791],[-120.00545,39.26233]]]},"properties":{"id":"31","code":"J20","name":"Zone X7b Apprentice Either-Sex Deer Hunt","kind":"additional_hunt","group":"Apprentice","hunt_type":"EITHER-SEX","acreage":214282}},{"type":"Feature","geometry":{"type":"Polygon","coordinates":[[[-122.21677,40.08126],[-122.21922,40.12771],[-122.22396,40.15349],[-122.2217,40.17448],[-122.22247,40.17706],[-122.24211,40.20043],[-122.24717,40.2091],[-122.25394,40.22342],[-122.25621,40.23516],[-122.2671,40.26524],[-122.27383,40.28143],[-122.27863,40.28807],[-122.2847,40.37625],[-122.27829,40.37501],[-122.27512,40.37642],[-122.27382,40.37776],[-122.27029,40.37742],[-122.267,40.37896],[-122.26414,40.37592],[-122.26259,40.37518],[-122.26107,40.37556],[-122.2583,40.37906],[-122.25548,40.38019],[-122.25539,40.38187],[-122.25401,40.38284],[-122.24738,40.3839],[-122.2425,40.38684],[-122.23616,40.38551],[-122.2331,40.38579],[-122.2317,40.38664],[-122.23086,40.38859],[-122.22914,40.38903],[-122.22751,40.38824],[-122.22763,40.38472],[-122.22613,40.38317],[-122.22184,40.3833],[-122.21886,40.38573],[-122.2139,40.38248],[-122.20944,40.38111],[-122.20609,40.38114],[-122.20413,40.37835],[-122.19932,40.37783],[-122.19905,40.37866],[-122.19784,40.37591],[-122.18575,40.36688],[-122.1798,40.35942],[-122.1772,40.35743],[-122.17468,40.35697],[-122.17136,40.36354],[-122.17079,40.36631],[-122.16843,40.36935],[-122.16816,40.374],[-122.16995,40.37648],[-122.1772,40.38224],[-122.17809,40.38376],[-122.18043,40.38479],[-122.18267,40.38394],[-122.18783,40.38553],[-122.18859,40.38722],[-122.18455,40.38919],[-122.18411,40.39189],[-122.18273,40.39244],[-122.17789,40.39185],[-122.17378,40.39243],[-122.17297,40.39342],[-122.16324,40.39316],[-122.16045,40.39501],[-122.16037,40.39639],[-122.15937,40.397],[-122.15564,40.3968],[-122.1493,40.39817],[-122.13364,40.39755],[-122.12909,40.39901],[-122.12975,40.40306],[-122.12897,40.40381],[-122.12726,40.40404],[-122.12483,40.40294],[-122.1209,40.40349],[-122.11847,40.40638],[-122.11205,40.40506],[-122.11069,40.40577],[-122.11089,40.40761],[-122.10458,40.41014],[-122.09968,40.41443],[-122.09847,40.41451],[-122.09864,40.41035],[-122.0976,40.40982],[-122.09534,40.41011],[-122.09207,40.41421],[-122.09041,40.41387],[-122.0919,40.41131],[-122.09131,40.41053],[-122.08856,40.41234],[-122.08022,40.41228],[-122.07219,40.41525],[-122.06451,40.41523],[-122.05944,40.41678],[-122.05741,40.4165],[-122.05211,40.42039],[-122.04659,40.41951],[-122.04425,40.41834],[-122.04053,40.41831],[-122.03539,40.41964],[-122.0315,40.41728],[-122.03015,40.41765],[-122.03086,40.41923],[-122.03049,40.42072],[-122.02173,40.42417],[-122.01952,40.42371],[-122.01742,40.42153],[-122.01478,40.42104],[-122.01378,40.42466],[-122.00937,40.42668],[-122.00817,40.4258],[-122.00484,40.42618],[-122.00302,40.42449],[-122.00068,40.42414],[-121.99966,40.42308],[-121.99754,40.42286],[-121.99517,40.42535],[-121.99395,40.42574],[-121.99218,40.42522],[-121.99254,40.42407],[-121.99006,40.42328],[-121.987,40.4244],[-121.98539,40.42389],[-121.98478,40.42276],[-121.97893,40.42215],[-121.97751,40.42105],[-121.97596,40.4211],[-121.97505,40.42218],[-121.97366,40.42241],[-121.96475,40.42162],[-121.96176,40.42074],[-121.96035,40.41919],[-121.95405,40.4187],[-121.95207,40.41781],[-121.95034,40.41882],[-121.94655,40.41683],[-121.94419,40.41666],[-121.94113,40.41528],[-121.93954,40.41614],[-121.93778,40.4159],[-121.9352,40.4177],[-121.9337,40.41724],[-121.93256,40.418],[-121.927,40.41839],[-121.92158,40.42307],[-121.91428,40.42608],[-121.91355,40.42557],[-121.91339,40.42397],[-121.91082,40.42281],[-121.90671,40.42166],[-121.904,40.4226],[-121.90089,40.42093],[-121.89717,40.42428],[-121.89716,40.42519],[-121.89591,40.42552],[-121.89566,40.42696],[-121.8921,40.42695],[-121.88747,40.42893],[-121.88686,40.43029],[-121.88374,40.43318],[-121.88181,40.43374],[-121.87976,40.43616],[-121.87681,40.43695],[-121.8725,40.43628],[-121.86625,40.43881],[-121.86375,40.44059],[-121.86061,40.44051],[-121.85865,40.44161],[-121.85453,40.44151],[-121.8508,40.4426],[-121.84825,40.44164],[-121.84575,40.43961],[-121.84354,40.44036],[-121.84181,40.44009],[-121.83955,40.43934],[-121.83853,40.43761],[-121.83415,40.43739],[-121.82179,40.44034],[-121.8138,40.4413],[-121.8067,40.44501],[-121.80459,40.44363],[-121.79908,40.44345],[-121.79613,40.44252],[-121.7929,40.4432],[-121.7903,40.44217],[-121.78995,40.4434],[-121.78788,40.44373],[-121.78401,40.44231],[-121.78153,40.43975],[-121.77953,40.4394],[-121.77868,40.43829],[-121.77668,40.43884],[-121.77634,40.43771],[-121.77297,40.43857],[-121.76945,40.43704],[-121.76727,40.43745],[-121.76516,40.43667],[-121.76057,40.43694],[-121.75804,40.43633],[-121.74604,40.43681],[-121.73455,40.43566],[-121.73017,40.43803],[-121.72345,40.43738],[-121.72009,40.43934],[-121.71524,40.44042],[-121.71427,40.44122],[-121.71198,40.44091],[-121.70849,40.43867],[-121.70538,40.43855],[-121.70097,40.43943],[-121.69613,40.43926],[-121.69489,40.43985],[-121.69456,40.44109],[-121.69219,40.44121],[-121.68837,40.43858],[-121.68205,40.43757],[-121.67889,40.43871],[-121.66955,40.43654],[-121.66611,40.43336],[-121.65974,40.43207],[-121.65177,40.4283],[-121.64901,40.42876],[-121.64599,40.43147],[-121.64356,40.43163],[-121.63633,40.43069],[-121.6302,40.42808],[-121.62663,40.42817],[-121.62392,40.42698],[-121.61957,40.4288],[-121.61488,40.42887],[-121.61128,40.42722],[-121.601,40.42461],[-121.59859,40.42547],[-121.59237,40.43061],[-121.58863,40.43127],[-121.58597,40.4339],[-121.58331,40.43466],[-121.58115,40.43681],[-121.56855,40.44285],[-121.56467,40.44583],[-121.53412,40.44611],[-121.49634,40.44468],[-121.49401,40.44056],[-121.49778,40.43505],[-121.49816,40.43156],[-121.4936,40.43019],[-121.48797,40.4304],[-121.48499,40.42817],[-121.48106,40.42853],[-121.47517,40.42639],[-121.47273,40.42366],[-121.4763,40.42184],[-121.47774,40.42181],[-121.47914,40.42022],[-121.47829,40.41715],[-121.47948,40.41575],[-121.47907,40.4138],[-121.47962,40.41067],[-121.48251,40.40861],[-121.48107,40.40719],[-121.481,40.40406],[-121.48512,40.40137],[-121.48391,40.39769],[-121.4847,40.39502],[-121.48339,40.39297],[-121.48584,40.38758],[-121.4835,40.38355],[-121.4768,40.37745],[-121.47742,40.37418],[-121.4753,40.37227],[-121.47919,40.3716],[-121.47921,40.37035],[-121.48126,40.36656],[-121.47987,40.36445],[-121.47997,40.36035],[-121.47622,40.35866],[-121.47447,40.35619],[-121.47388,40.35291],[-121.47204,40.35097],[-121.46997,40.35007],[-121.46428,40.34937],[-121.45851,40.35057],[-121.4427,40.34787],[-121.43804,40.34816],[-121.42837,40.35043],[-121.42257,40.34705],[-121.41678,40.34571],[-121.41532,40.34296],[-121.41389,40.34237],[-121.41124,40.34261],[-121.40886,40.34058],[-121.40542,40.34248],[-121.40389,40.34159],[-121.40019,40.3414],[-121.39818,40.34266],[-121.39483,40.33918],[-121.39094,40.33981],[-121.38837,40.33711],[-121.38429,40.33862],[-121.37891,40.33945],[-121.37815,40.33745],[-121.37566,40.33771],[-121.37223,40.33368],[-121.36748,40.33105],[-121.36753,40.32835],[-121.36983,40.3258],[-121.36657,40.32218],[-121.36296,40.32305],[-121.36144,40.32265],[-121.35695,40.3195],[-121.35521,40.31643],[-121.35003,40.31406],[-121.34664,40.31366],[-121.34349,40.31054],[-121.34213,40.31019],[-121.3422,40.30746],[-121.34352,40.30623],[-121.34797,40.3069],[-121.35062,40.30585],[-121.35165,40.30439],[-121.35092,40.30225],[-121.35318,40.30142],[-121.35688,40.29737],[-121.35833,40.29717],[-121.36676,40.30099],[-121.37258,40.29719],[-121.3723,40.29563],[-121.36964,40.29491],[-121.3683,40.29334],[-121.3686,40.28938],[-121.36502,40.28765],[-121.36175,40.28811],[-121.36175,40.28535],[-121.36282,40.28268],[-121.3606,40.28079],[-121.35984,40.27909],[-121.34987,40.27494],[-121.34997,40.27173],[-121.35285,40.2668],[-121.35017,40.26468],[-121.35591,40.25664],[-121.35704,40.25322],[-121.36248,40.24989],[-121.36484,40.24681],[-121.3653,40.24215],[-121.36399,40.23953],[-121.36655,40.23617],[-121.36673,40.23391],[-121.36588,40.23142],[-121.36246,40.22869],[-121.36141,40.22621],[-121.36343,40.22274],[-121.36377,40.22037],[-121.36586,40.21902],[-121.36517,40.2167],[-121.3668,40.21347],[-121.36856,40.21165],[-121.3772,40.21042],[-121.38484,40.21031],[-121.38938,40.20471],[-121.39387,40.20135],[-121.40066,40.19901],[-121.40183,40.19717],[-121.40206,40.19461],[-121.40738,40.19143],[-121.41327,40.19473],[-121.42101,40.195],[-121.4234,40.19585],[-121.42917,40.19465],[-121.43348,40.19613],[-121.43729,40.19497],[-121.43946,40.19508],[-121.44111,40.19327],[-121.44275,40.19285],[-121.44428,40.19038],[-121.44157,40.18908],[-121.43932,40.18696],[-121.43914,40.18381],[-121.43538,40.18187],[-121.43927,40.18088],[-121.44062,40.17916],[-121.44451,40.17827],[-121.44562,40.17718],[-121.44308,40.16905],[-121.44283,40.16586],[-121.44397,40.16419],[-121.44315,40.16302],[-121.44334,40.1617],[-121.44477,40.15943],[-121.44582,40.15893],[-121.4452,40.15724],[-121.44645,40.1554],[-121.44309,40.15476],[-121.4419,40.15246],[-121.43816,40.15259],[-121.43643,40.15173],[-121.44263,40.148],[-121.44267,40.12951],[-121.45217,40.1294],[-121.45243,40.12237],[-121.48099,40.12258],[-121.48116,40.11529],[-121.49069,40.11532],[-121.49072,40.10792],[-121.51,40.10807],[-121.50997,40.10072],[-121.58553,40.10028],[-121.58581,40.09301],[-121.59568,40.09296],[-121.5955,40.0714],[-121.59444,40.05707],[-121.59738,40.05705],[-121.59742,40.05361],[-121.60683,40.0541],[-121.60713,40.04685],[-121.61681,40.04727],[-121.61724,40.04055],[-121.62634,40.04096],[-121.62689,40.02632],[-121.63579,40.02634],[-121.63631,39.9967],[-121.64594,39.997],[-121.64593,39.98248],[-121.70329,39.98427],[-121.70477,39.97924],[-121.70727,39.97709],[-121.71543,39.97126],[-121.72129,39.97045],[-121.723,39.96957],[-121.7251,39.96737],[-121.72951,39.95616],[-121.73609,39.9532],[-121.74425,39.94252],[-121.74678,39.93739],[-121.7472,39.93117],[-121.7494,39.92559],[-121.75062,39.91431],[-121.74987,39.91163],[-121.75069,39.9066],[-121.75327,39.90411],[-121.75862,39.90227],[-121.76404,39.89834],[-121.76737,39.89708],[-121.77709,39.88832],[-121.80624,39.88808],[-121.80418,39.8843],[-121.91922,39.88341],[-122.04524,39.88392],[-122.04206,39.88278],[-122.04106,39.88161],[-122.04085,39.87986],[-122.04833,39.87029],[-122.05592,39.86358],[-122.05632,39.86197],[-122.05559,39.85622],[-122.05755,39.85176],[-122.06074,39.8482],[-122.06486,39.84601],[-122.0675,39.84348],[-122.06927,39.84011],[-122.06679,39.83559],[-122.06286,39.83185],[-122.05772,39.8291],[-122.05649,39.82691],[-122.0567,39.82486],[-122.05962,39.81811],[-122.06512,39.81399],[-122.06524,39.81194],[-122.0596,39.80733],[-122.05408,39.80396],[-122.04994,39.8033],[-122.04656,39.79768],[-122.12611,39.7974],[-122.20078,39.7981],[-122.19984,39.8042],[-122.20058,39.96695],[-122.2157,40.05984],[-122.21677,40.08126]]]},"properties":{"id":"32","code":"J21","name":"East Tehama Apprentice Either-Sex Deer Hunt","kind":"additional_hunt","group":"Apprentice","hunt_type":"EITHER-SEX","acreage":927858}},{"type":"Feature","geometry":{"type":"Polygon","coordinates":[[[-118.39527,37.36141],[-118.45423,37.36086],[-118.45941,37.35839],[-118.46453,37.35347],[-118.47881,37.34262],[-118.50687,37.33948],[-118.52366,37.33163],[-118.52477,37.32964],[-118.52355,37.32779],[-118.5217,37.32726],[-118.51693,37.32772],[-118.51505,37.32684],[-118.51408,37.32547],[-118.51417,37.32348],[-118.51881,37.31442],[-118.52741,37.30789],[-118.53208,37.30285],[-118.55333,37.29246],[-118.57434,37.27536],[-118.58042,37.26436],[-118.57973,37.25771],[-118.5815,37.25346],[-118.58166,37.2502],[-118.58317,37.24917],[-118.58875,37.24833],[-118.59656,37.24273],[-118.59719,37.24127],[-118.59733,37.23215],[-118.60092,37.22583],[-118.60475,37.22153],[-118.60924,37.22125],[-118.60842,37.22228],[-118.60903,37.22251],[-118.60809,37.2267],[-118.60963,37.22931],[-118.61275,37.23111],[-118.61708,37.22918],[-118.62699,37.22771],[-118.62872,37.22654],[-118.63109,37.22748],[-118.634,37.22729],[-118.63704,37.22897],[-118.64207,37.22925],[-118.64276,37.23001],[-118.64408,37.22956],[-118.64357,37.2308],[-118.64728,37.23215],[-118.6469,37.2324],[-118.6476,37.23257],[-118.6469,37.23286],[-118.64794,37.23306],[-118.64715,37.23362],[-118.65023,37.23294],[-118.65209,37.23077],[-118.65234,37.23162],[-118.65375,37.23122],[-118.65563,37.23236],[-118.66121,37.23329],[-118.66413,37.23568],[-118.66545,37.23542],[-118.66619,37.23635],[-118.66827,37.23587],[-118.67202,37.23717],[-118.67652,37.23727],[-118.67664,37.23818],[-118.68107,37.24019],[-118.68318,37.2398],[-118.68418,37.23865],[-118.68433,37.24139],[-118.68292,37.24445],[-118.67945,37.2468],[-118.6753,37.24774],[-118.67351,37.24974],[-118.67433,37.25101],[-118.67342,37.25233],[-118.67214,37.25289],[-118.66992,37.25628],[-118.66817,37.25697],[-118.6681,37.25918],[-118.66408,37.26132],[-118.66669,37.26432],[-118.66945,37.26529],[-118.67084,37.26661],[-118.67096,37.26918],[-118.67193,37.27031],[-118.67565,37.27177],[-118.67639,37.27561],[-118.67726,37.27608],[-118.67797,37.27852],[-118.68127,37.2801],[-118.68235,37.28521],[-118.6848,37.28642],[-118.68516,37.29043],[-118.68912,37.29315],[-118.69016,37.29674],[-118.69433,37.30134],[-118.69473,37.30574],[-118.69813,37.30544],[-118.69947,37.30759],[-118.70305,37.31033],[-118.70782,37.31692],[-118.70952,37.3222],[-118.71145,37.32314],[-118.71636,37.32863],[-118.72605,37.32411],[-118.72853,37.32359],[-118.73025,37.32153],[-118.73256,37.32096],[-118.73497,37.31897],[-118.73621,37.31717],[-118.73794,37.31705],[-118.73942,37.31602],[-118.74798,37.32227],[-118.7501,37.32272],[-118.75096,37.32416],[-118.75747,37.32919],[-118.75975,37.32866],[-118.76421,37.33209],[-118.76657,37.33151],[-118.77338,37.33521],[-118.78013,37.33497],[-118.77999,37.3363],[-118.78102,37.33702],[-118.78079,37.33849],[-118.78388,37.3404],[-118.78642,37.34367],[-118.78425,37.35224],[-118.78121,37.35536],[-118.78154,37.35691],[-118.77852,37.35875],[-118.77162,37.35875],[-118.76911,37.35937],[-118.76814,37.36158],[-118.77015,37.36687],[-118.76769,37.36807],[-118.77208,37.37268],[-118.77357,37.37529],[-118.77628,37.37535],[-118.77881,37.37681],[-118.7798,37.37977],[-118.77944,37.382],[-118.78239,37.38297],[-118.78536,37.38689],[-118.78565,37.38946],[-118.78746,37.39001],[-118.79006,37.39396],[-118.78784,37.39669],[-118.78602,37.4027],[-118.78411,37.40486],[-118.78241,37.40838],[-118.78361,37.41337],[-118.78027,37.42147],[-118.77796,37.42389],[-118.77366,37.42575],[-118.77257,37.42535],[-118.77187,37.42369],[-118.76856,37.42309],[-118.76682,37.42525],[-118.76498,37.43095],[-118.76404,37.43197],[-118.761,37.43288],[-118.75962,37.43536],[-118.75837,37.4435],[-118.76357,37.45424],[-118.76222,37.45653],[-118.76724,37.45708],[-118.77231,37.4594],[-118.77474,37.4645],[-118.77774,37.46713],[-118.77741,37.46984],[-118.7839,37.47364],[-118.7855,37.47598],[-118.78536,37.4787],[-118.78887,37.48055],[-118.79108,37.48445],[-118.79382,37.48573],[-118.79467,37.48783],[-118.79641,37.4894],[-118.80457,37.4895],[-118.80844,37.48725],[-118.81028,37.48694],[-118.81444,37.48775],[-118.81498,37.48873],[-118.82344,37.48534],[-118.82536,37.483],[-118.82979,37.48131],[-118.83389,37.48075],[-118.83545,37.48264],[-118.83637,37.48274],[-118.8421,37.48139],[-118.85005,37.47638],[-118.85385,37.47781],[-118.85727,37.47971],[-118.85545,37.48184],[-118.85724,37.48396],[-118.85781,37.48654],[-118.85958,37.48848],[-118.85969,37.49052],[-118.85856,37.49406],[-118.85981,37.49665],[-118.85977,37.49994],[-118.8608,37.5015],[-118.86575,37.50535],[-118.86635,37.50709],[-118.87481,37.50756],[-118.88055,37.50952],[-118.88165,37.51054],[-118.88116,37.51373],[-118.88314,37.5159],[-118.88377,37.51996],[-118.88589,37.51999],[-118.88802,37.52105],[-118.89193,37.52553],[-118.89845,37.52459],[-118.90234,37.52581],[-118.90306,37.52724],[-118.90116,37.5307],[-118.90576,37.53705],[-118.90936,37.53955],[-118.90995,37.54226],[-118.91134,37.54253],[-118.91306,37.54453],[-118.91417,37.54772],[-118.91616,37.5502],[-118.92155,37.54995],[-118.92717,37.5485],[-118.92995,37.54884],[-118.93318,37.55183],[-118.93894,37.55472],[-118.94134,37.55829],[-118.94163,37.56163],[-118.94557,37.56308],[-118.94674,37.56481],[-118.95037,37.56468],[-118.95318,37.56563],[-118.95587,37.56271],[-118.95974,37.56321],[-118.95986,37.56134],[-118.96146,37.56084],[-118.96281,37.55855],[-118.96557,37.55815],[-118.96825,37.55959],[-118.97056,37.55887],[-118.97412,37.55992],[-118.97544,37.56285],[-118.9779,37.56375],[-118.98177,37.56323],[-118.98247,37.56486],[-118.98554,37.56721],[-118.99025,37.56736],[-118.99422,37.56933],[-118.99818,37.56905],[-118.99986,37.56974],[-119.00009,37.57057],[-119.00367,37.57164],[-119.00672,37.57657],[-119.014,37.5806],[-119.0158,37.58295],[-119.02207,37.58421],[-119.02322,37.5852],[-119.02337,37.58673],[-119.025,37.58773],[-119.02707,37.59533],[-119.03146,37.59867],[-119.03469,37.60402],[-119.03509,37.60602],[-119.03197,37.61287],[-119.03183,37.61577],[-119.03341,37.61701],[-119.03353,37.6184],[-119.03219,37.62314],[-119.03072,37.62512],[-119.03103,37.62763],[-119.03259,37.62889],[-119.03239,37.63051],[-119.0356,37.63256],[-119.03815,37.63276],[-119.04135,37.63445],[-119.04352,37.63653],[-119.04548,37.63728],[-119.05162,37.64387],[-119.05463,37.64518],[-119.05364,37.64646],[-119.05419,37.6509],[-119.05799,37.65402],[-119.04852,37.65042],[-119.04645,37.65132],[-119.03919,37.65031],[-119.03651,37.6515],[-119.03405,37.65386],[-119.03053,37.65474],[-119.02216,37.64997],[-119.01617,37.64957],[-119.01304,37.64864],[-119.01003,37.65076],[-119.00554,37.6513],[-119.00341,37.65036],[-119.00075,37.65151],[-118.99935,37.65016],[-118.99796,37.64999],[-118.99648,37.65259],[-118.99469,37.6537],[-118.99624,37.6547],[-118.99611,37.65556],[-118.99287,37.65622],[-118.99081,37.65402],[-118.98538,37.65346],[-118.98462,37.65041],[-118.98309,37.64848],[-118.97574,37.64875],[-118.96439,37.64662],[-118.95384,37.64637],[-118.93679,37.64016],[-118.92415,37.63977],[-118.91647,37.64135],[-118.90974,37.6388],[-118.88593,37.63555],[-118.81311,37.61562],[-118.81004,37.61325],[-118.80439,37.6041],[-118.79164,37.59162],[-118.77484,37.58384],[-118.75638,37.5767],[-118.74054,37.57345],[-118.72083,37.57524],[-118.71742,37.57454],[-118.71082,37.5717],[-118.6987,37.57196],[-118.69487,37.57058],[-118.6873,37.56544],[-118.67692,37.5619],[-118.66497,37.56013],[-118.65959,37.55783],[-118.65311,37.55772],[-118.64034,37.55058],[-118.6392,37.54796],[-118.63985,37.54053],[-118.6386,37.53734],[-118.63645,37.5353],[-118.62876,37.53094],[-118.62135,37.52496],[-118.61758,37.5229],[-118.6106,37.52061],[-118.60274,37.5208],[-118.59353,37.51853],[-118.58645,37.51577],[-118.58382,37.51353],[-118.5832,37.51155],[-118.58048,37.4724],[-118.57881,37.4684],[-118.57794,37.46301],[-118.57271,37.45135],[-118.57149,37.44198],[-118.5697,37.43854],[-118.55896,37.42566],[-118.55119,37.41201],[-118.5481,37.40865],[-118.54294,37.40589],[-118.4645,37.37631],[-118.39753,37.37563],[-118.39616,37.3749],[-118.39536,37.37331],[-118.39527,37.36141]]]},"properties":{"id":"33","code":"J12","name":"Round Valley Apprentice Buck Hunt","kind":"additional_hunt","group":"Apprentice","hunt_type":"BUCK","acreage":224817}},{"type":"Feature","geometry":{"type":"Polygon","coordinates":[[[-119.9798,37.6247],[-119.98062,37.62379],[-119.98477,37.62535],[-119.98984,37.63003],[-119.99085,37.63289],[-119.98881,37.63586],[-119.98804,37.63878],[-119.98563,37.64081],[-119.98388,37.64082],[-119.97945,37.6431],[-119.97678,37.64364],[-119.9737,37.64742],[-119.96908,37.64916],[-119.9671,37.65044],[-119.96665,37.65174],[-119.96356,37.65187],[-119.96069,37.65359],[-119.95702,37.65947],[-119.95361,37.66218],[-119.9545,37.66337],[-119.95437,37.66448],[-119.95076,37.66804],[-119.95082,37.66978],[-119.95272,37.67199],[-119.95284,37.67358],[-119.95475,37.6744],[-119.95417,37.67542],[-119.95724,37.67889],[-119.95775,37.68044],[-119.96093,37.68374],[-119.9624,37.68416],[-119.96326,37.68602],[-119.96315,37.68815],[-119.96561,37.69038],[-119.96818,37.69141],[-119.97369,37.6914],[-119.98088,37.69331],[-119.98219,37.69846],[-119.98199,37.70279],[-119.9839,37.70561],[-119.98142,37.70732],[-119.98388,37.70984],[-119.98612,37.71086],[-119.98753,37.71389],[-119.99008,37.71654],[-119.99059,37.71576],[-119.99127,37.71595],[-119.99208,37.71776],[-120.00608,37.73181],[-120.01302,37.73607],[-120.01475,37.73558],[-120.01493,37.73638],[-120.01713,37.73664],[-120.01933,37.73915],[-120.02277,37.73982],[-120.02704,37.74258],[-120.02903,37.74227],[-120.03246,37.74368],[-120.03302,37.74458],[-120.03804,37.74725],[-120.04012,37.74971],[-120.05126,37.75226],[-120.05553,37.75395],[-120.06128,37.75323],[-120.06508,37.75433],[-120.06765,37.75412],[-120.06979,37.75545],[-120.07095,37.75484],[-120.0768,37.75543],[-120.08075,37.75705],[-120.09315,37.75476],[-120.09387,37.75322],[-120.09573,37.75182],[-120.10578,37.75388],[-120.10402,37.75368],[-120.10355,37.75484],[-120.09937,37.75452],[-120.09951,37.75605],[-120.10556,37.7573],[-120.1057,37.75869],[-120.10749,37.76013],[-120.10694,37.76181],[-120.10902,37.7643],[-120.10636,37.76707],[-120.10614,37.76859],[-120.10352,37.77009],[-120.10325,37.774],[-120.10655,37.77801],[-120.11227,37.78179],[-120.11243,37.7825],[-120.11103,37.78404],[-120.11135,37.78494],[-120.11613,37.78777],[-120.12339,37.79473],[-120.12387,37.79697],[-120.12083,37.80012],[-120.12209,37.80327],[-120.12122,37.80807],[-120.12276,37.81125],[-120.12221,37.813],[-120.11787,37.81373],[-120.11047,37.81637],[-120.09724,37.82468],[-120.09159,37.82542],[-120.08999,37.82437],[-120.08894,37.82157],[-120.08721,37.82051],[-120.07597,37.81944],[-120.07109,37.81478],[-120.06646,37.81382],[-120.05051,37.81974],[-120.0459,37.81968],[-120.03838,37.82188],[-120.03256,37.82088],[-120.02951,37.82114],[-120.02631,37.82254],[-120.02294,37.82287],[-120.02039,37.82508],[-120.01889,37.8248],[-120.01632,37.82256],[-120.01,37.8248],[-120.00585,37.82431],[-120.00365,37.82249],[-120.0002,37.82307],[-119.99587,37.8211],[-119.99312,37.82349],[-119.98793,37.82406],[-119.98437,37.82887],[-119.98297,37.8294],[-119.97925,37.82777],[-119.97464,37.82703],[-119.96662,37.82271],[-119.95901,37.82157],[-119.95556,37.81847],[-119.95194,37.81884],[-119.94877,37.81575],[-119.93861,37.81635],[-119.93338,37.81515],[-119.9314,37.81644],[-119.92861,37.81635],[-119.92197,37.81843],[-119.92024,37.82037],[-119.91602,37.82232],[-119.91446,37.82159],[-119.91372,37.81939],[-119.91093,37.81759],[-119.90953,37.81508],[-119.90602,37.81413],[-119.90423,37.81188],[-119.902,37.81089],[-119.90023,37.81129],[-119.89968,37.81333],[-119.89842,37.81412],[-119.89366,37.81323],[-119.88181,37.81352],[-119.87779,37.81584],[-119.87608,37.81585],[-119.87514,37.81501],[-119.87455,37.81196],[-119.87232,37.81021],[-119.87313,37.81019],[-119.87356,37.79799],[-119.87079,37.79798],[-119.87103,37.78326],[-119.86172,37.78327],[-119.86178,37.76848],[-119.8588,37.7641],[-119.85663,37.76296],[-119.85344,37.7585],[-119.85186,37.75771],[-119.84955,37.75814],[-119.85009,37.74133],[-119.83517,37.74057],[-119.77646,37.74008],[-119.77659,37.71041],[-119.75812,37.71009],[-119.75798,37.704],[-119.73776,37.7036],[-119.73773,37.69718],[-119.76473,37.69769],[-119.7646,37.70168],[-119.76952,37.70179],[-119.76965,37.69814],[-119.76708,37.69808],[-119.76713,37.69648],[-119.76578,37.69645],[-119.76602,37.68971],[-119.76268,37.689],[-119.76274,37.68716],[-119.7599,37.6871],[-119.76018,37.67917],[-119.76272,37.67938],[-119.76985,37.67737],[-119.76999,37.67978],[-119.7793,37.68004],[-119.77916,37.67836],[-119.78344,37.67853],[-119.78336,37.67677],[-119.80664,37.67734],[-119.8065,37.68059],[-119.81129,37.68072],[-119.81144,37.67234],[-119.81633,37.67244],[-119.81635,37.67078],[-119.81796,37.6708],[-119.81804,37.66907],[-119.82319,37.6694],[-119.82942,37.67106],[-119.83244,37.67367],[-119.83353,37.67384],[-119.83624,37.66968],[-119.8412,37.66614],[-119.84243,37.66276],[-119.84466,37.66162],[-119.84991,37.66141],[-119.85533,37.65959],[-119.85896,37.65934],[-119.8621,37.65998],[-119.86553,37.66299],[-119.86904,37.66392],[-119.87138,37.66255],[-119.8745,37.66238],[-119.87556,37.65993],[-119.87855,37.6589],[-119.88121,37.65649],[-119.89041,37.65357],[-119.89264,37.65444],[-119.89337,37.65679],[-119.89782,37.65495],[-119.90069,37.65616],[-119.90091,37.66829],[-119.90174,37.6693],[-119.90731,37.66927],[-119.90916,37.6713],[-119.91041,37.6716],[-119.91866,37.66813],[-119.92362,37.66759],[-119.92476,37.66554],[-119.91784,37.66076],[-119.91503,37.65398],[-119.91576,37.6511],[-119.92,37.64734],[-119.92189,37.64422],[-119.9255,37.64223],[-119.92675,37.63977],[-119.93163,37.63815],[-119.93676,37.63198],[-119.94005,37.63096],[-119.944,37.63156],[-119.94594,37.63058],[-119.94901,37.62659],[-119.95445,37.62266],[-119.95712,37.61779],[-119.95749,37.61251],[-119.96326,37.6083],[-119.96607,37.60464],[-119.96817,37.60448],[-119.96742,37.60581],[-119.97088,37.60515],[-119.9686,37.60634],[-119.97263,37.60548],[-119.97004,37.60671],[-119.97446,37.60586],[-119.96999,37.60879],[-119.97027,37.61029],[-119.96881,37.61024],[-119.96782,37.61121],[-119.96658,37.61072],[-119.96771,37.61152],[-119.96925,37.61074],[-119.97256,37.61149],[-119.97197,37.61025],[-119.97246,37.60945],[-119.97964,37.6098],[-119.97951,37.61184],[-119.97696,37.61304],[-119.97648,37.61464],[-119.9746,37.61573],[-119.97695,37.61735],[-119.97739,37.61848],[-119.97615,37.62038],[-119.97697,37.62147],[-119.97723,37.62392],[-119.97853,37.62492],[-119.9798,37.6247]]]},"properties":{"id":"34","code":"J15","name":"Anderson Flat Apprentice Buck Hunt","kind":"additional_hunt","group":"Apprentice","hunt_type":"BUCK","acreage":88582}},{"type":"Feature","geometry":{"type":"Polygon","coordinates":[[[-120.05053,40.14528],[-119.99729,40.15341],[-119.99756,40.01076],[-120.00123,39.72245],[-120.01585,39.72232],[-120.01578,39.70871],[-120.03514,39.70875],[-120.03597,39.711],[-120.03797,39.71694],[-120.03937,39.73707],[-120.03863,39.77488],[-120.08773,39.78855],[-120.1088,39.7909],[-120.10798,39.79458],[-120.10808,39.88133],[-120.09905,39.88133],[-120.09919,39.91041],[-120.10871,39.91046],[-120.10841,39.93957],[-120.12654,39.93952],[-120.12656,39.94773],[-120.13588,39.94773],[-120.13583,39.95511],[-120.14515,39.95508],[-120.14512,39.96229],[-120.15448,39.96239],[-120.15443,39.96856],[-120.16375,39.96871],[-120.16359,39.98382],[-120.17331,39.98395],[-120.173,39.99836],[-120.1825,39.9986],[-120.18256,40.01334],[-120.20137,40.01353],[-120.20149,40.04277],[-120.21092,40.04287],[-120.21122,40.05631],[-120.20937,40.05639],[-120.20964,40.08606],[-120.2469,40.08583],[-120.24684,40.10787],[-120.26577,40.10786],[-120.26665,40.11592],[-120.27526,40.11487],[-120.34149,40.11524],[-120.34142,40.12259],[-120.3492,40.1226],[-120.34954,40.12378],[-120.34796,40.12293],[-120.34883,40.12761],[-120.34571,40.12716],[-120.34502,40.13006],[-120.34389,40.13104],[-120.34014,40.13045],[-120.3396,40.13134],[-120.3483,40.13512],[-120.34997,40.13669],[-120.35311,40.14488],[-120.35064,40.14868],[-120.35064,40.1514],[-120.35207,40.15327],[-120.35207,40.15602],[-120.36537,40.1655],[-120.36888,40.16888],[-120.35629,40.16692],[-120.30593,40.15276],[-120.26567,40.13468],[-120.25105,40.1265],[-120.24686,40.12489],[-120.21582,40.13265],[-120.20417,40.1381],[-120.1716,40.14377],[-120.12419,40.14355],[-120.12413,40.14479],[-120.12056,40.14483],[-120.05736,40.14265],[-120.05393,40.14343],[-120.05053,40.14528]]]},"properties":{"id":"35","code":"M3","name":"Doyle Muzzleloading Rifle Buck Hunt","kind":"additional_hunt","group":"Muzzleloading","hunt_type":"BUCK","acreage":149749}},{"type":"Feature","geometry":{"type":"Polygon","coordinates":[[[-120.28525,40.41955],[-120.2879,40.41032],[-120.28817,40.40519],[-120.29024,40.4003],[-120.29279,40.39811],[-120.30446,40.39302],[-120.30898,40.39016],[-120.31006,40.38794],[-120.31025,40.38078],[-120.31171,40.37874],[-120.31369,40.37761],[-120.35083,40.37632],[-120.36575,40.37722],[-120.3929,40.38328],[-120.39622,40.3871],[-120.39981,40.38705],[-120.41808,40.39671],[-120.44084,40.3966],[-120.45102,40.40041],[-120.44818,40.40202],[-120.44768,40.40404],[-120.44636,40.40545],[-120.44342,40.40658],[-120.44175,40.40806],[-120.4417,40.41071],[-120.44353,40.41302],[-120.44241,40.41489],[-120.4427,40.4171],[-120.44137,40.42103],[-120.44265,40.42402],[-120.44174,40.42472],[-120.44185,40.4256],[-120.43929,40.42706],[-120.43866,40.42869],[-120.44021,40.43143],[-120.44212,40.43176],[-120.44344,40.43336],[-120.4434,40.43503],[-120.44128,40.43583],[-120.44002,40.43722],[-120.44114,40.44006],[-120.442,40.44016],[-120.44246,40.44355],[-120.44454,40.44276],[-120.44636,40.44342],[-120.44874,40.44282],[-120.45531,40.44346],[-120.45828,40.44468],[-120.45864,40.44666],[-120.45549,40.45223],[-120.45534,40.45647],[-120.45302,40.45824],[-120.45275,40.46251],[-120.45117,40.46405],[-120.45229,40.46634],[-120.45181,40.46895],[-120.44969,40.46925],[-120.44885,40.47043],[-120.44964,40.47272],[-120.45221,40.47462],[-120.45356,40.47698],[-120.45641,40.47885],[-120.45877,40.47913],[-120.45726,40.48179],[-120.46363,40.48308],[-120.46809,40.48245],[-120.46984,40.48354],[-120.47452,40.48389],[-120.47576,40.48464],[-120.47644,40.48622],[-120.47566,40.48988],[-120.47826,40.49098],[-120.47924,40.4928],[-120.48456,40.49182],[-120.48535,40.48987],[-120.49056,40.4876],[-120.49059,40.48647],[-120.49202,40.48448],[-120.49447,40.48391],[-120.49911,40.48121],[-120.50245,40.48156],[-120.50542,40.47998],[-120.51367,40.48424],[-120.51896,40.48341],[-120.52136,40.48538],[-120.52257,40.48769],[-120.52566,40.48727],[-120.5332,40.48957],[-120.53623,40.48858],[-120.53992,40.48902],[-120.54139,40.49038],[-120.54499,40.49095],[-120.54508,40.4927],[-120.54618,40.49338],[-120.5502,40.4924],[-120.55166,40.49336],[-120.55254,40.4953],[-120.5522,40.49847],[-120.55385,40.49991],[-120.55475,40.50197],[-120.55633,40.50181],[-120.55718,40.50269],[-120.55675,40.50348],[-120.55812,40.50444],[-120.55669,40.50665],[-120.5568,40.50845],[-120.55912,40.51034],[-120.5613,40.51744],[-120.56331,40.51924],[-120.5677,40.52663],[-120.56712,40.52903],[-120.56765,40.53238],[-120.57042,40.53411],[-120.57143,40.53323],[-120.57385,40.53337],[-120.57721,40.53642],[-120.57889,40.53708],[-120.57942,40.53849],[-120.58186,40.54021],[-120.58534,40.54461],[-120.58823,40.55619],[-120.593,40.56059],[-120.59674,40.56533],[-120.59885,40.5669],[-120.60416,40.56864],[-120.61379,40.56999],[-120.62552,40.56909],[-120.63099,40.56995],[-120.63255,40.56877],[-120.63435,40.56857],[-120.63768,40.56558],[-120.64099,40.56859],[-120.64247,40.56814],[-120.64184,40.57625],[-120.63941,40.5824],[-120.64097,40.58809],[-120.6436,40.59315],[-120.643,40.59875],[-120.64195,40.60076],[-120.64311,40.60255],[-120.64134,40.6047],[-120.64146,40.60602],[-120.64344,40.60888],[-120.64334,40.61854],[-120.64211,40.62293],[-120.64232,40.62495],[-120.64325,40.62966],[-120.65708,40.64055],[-120.65648,40.64631],[-120.65846,40.65443],[-120.65657,40.65898],[-120.65771,40.66205],[-120.65737,40.66637],[-120.6562,40.6684],[-120.65791,40.67339],[-120.65806,40.67712],[-120.66103,40.67927],[-120.66163,40.6809],[-120.66079,40.68241],[-120.66271,40.6854],[-120.66256,40.68826],[-120.66902,40.69352],[-120.67043,40.69554],[-120.67316,40.70642],[-120.67607,40.71123],[-120.67665,40.71573],[-120.68978,40.72358],[-120.69763,40.73081],[-120.701,40.73277],[-120.70526,40.73398],[-120.71312,40.74349],[-120.71797,40.75226],[-120.72245,40.76319],[-120.72613,40.76795],[-120.72692,40.78229],[-120.72497,40.79585],[-120.72629,40.80109],[-120.73114,40.8093],[-120.73337,40.81161],[-120.73482,40.81648],[-120.74157,40.82675],[-120.75055,40.83555],[-120.75158,40.83845],[-120.75184,40.8438],[-120.75912,40.85524],[-120.75968,40.86494],[-120.75612,40.87489],[-120.74972,40.90369],[-120.74716,40.90856],[-120.7455,40.90836],[-120.71414,40.89362],[-120.67743,40.87496],[-120.67219,40.87126],[-120.65661,40.86529],[-120.62928,40.84392],[-120.62218,40.84271],[-120.6051,40.8337],[-120.59955,40.82465],[-120.59639,40.82298],[-120.55876,40.81752],[-120.55608,40.81779],[-120.5313,40.83455],[-120.4982,40.84502],[-120.46,40.865],[-120.45608,40.86143],[-120.45222,40.86029],[-120.41154,40.83017],[-120.392,40.82029],[-120.374,40.80465],[-120.35733,40.79308],[-120.30906,40.72577],[-120.28153,40.66513],[-120.2737,40.65701],[-120.25469,40.64171],[-120.24567,40.61683],[-120.24737,40.60585],[-120.24744,40.5977],[-120.27876,40.45826],[-120.27996,40.45101],[-120.27938,40.44326],[-120.28309,40.42595],[-120.28525,40.41955]]]},"properties":{"id":"36","code":"M4","name":"Horse Lake Muzzleloading Rifle Buck Hunt","kind":"additional_hunt","group":"Muzzleloading","hunt_type":"BUCK","acreage":347537}},{"type":"Feature","geometry":{"type":"Polygon","coordinates":[[[-119.99657,40.24558],[-120.0338,40.26315],[-120.07451,40.26875],[-120.09667,40.28148],[-120.10359,40.28169],[-120.12701,40.28901],[-120.14054,40.28941],[-120.15845,40.29765],[-120.16556,40.29815],[-120.17183,40.29982],[-120.17742,40.29989],[-120.17969,40.30111],[-120.18309,40.30541],[-120.1859,40.31085],[-120.19167,40.31871],[-120.19175,40.31974],[-120.18485,40.33179],[-120.18491,40.3331],[-120.18605,40.33822],[-120.19582,40.3513],[-120.19836,40.35224],[-120.23533,40.35207],[-120.23665,40.3525],[-120.23848,40.35534],[-120.23881,40.36641],[-120.29538,40.36635],[-120.31171,40.37874],[-120.31025,40.38078],[-120.31006,40.38794],[-120.30898,40.39016],[-120.30446,40.39302],[-120.29129,40.39918],[-120.28817,40.40519],[-120.2879,40.41032],[-120.28309,40.42595],[-120.27962,40.44184],[-120.27925,40.4453],[-120.27996,40.45101],[-120.27876,40.45826],[-120.24744,40.5977],[-120.24737,40.60585],[-120.24567,40.61683],[-120.25469,40.64171],[-120.2737,40.65701],[-120.28153,40.66513],[-120.30906,40.72577],[-120.35733,40.79308],[-120.374,40.80465],[-120.392,40.82029],[-120.41154,40.83017],[-120.45222,40.86029],[-120.45608,40.86143],[-120.4634,40.86815],[-120.46883,40.8711],[-120.51004,40.92973],[-120.51103,40.93267],[-120.51075,40.93592],[-120.5022,40.961],[-120.4863,41.02563],[-120.48311,41.03442],[-120.47475,41.05181],[-120.46471,41.05258],[-120.45582,41.05002],[-120.45238,41.0473],[-120.44875,41.04232],[-120.43969,41.03852],[-120.42526,41.03916],[-120.41828,41.04085],[-120.41151,41.03968],[-120.4097,41.03998],[-120.40399,41.05022],[-120.39764,41.0558],[-120.39018,41.05932],[-120.38839,41.05923],[-120.37475,41.06323],[-120.37285,41.06323],[-120.37067,41.06394],[-120.36977,41.06501],[-120.36218,41.06671],[-120.34979,41.06139],[-120.34327,41.06036],[-120.34085,41.05729],[-120.33734,41.05576],[-120.33242,41.05542],[-120.32855,41.05238],[-120.32487,41.05213],[-120.32167,41.05087],[-120.31656,41.05233],[-120.31393,41.04927],[-120.30928,41.04829],[-120.30463,41.04877],[-120.2975,41.05254],[-120.29538,41.05396],[-120.29496,41.0559],[-120.29306,41.05743],[-120.29112,41.0583],[-120.283,41.05946],[-120.27608,41.06324],[-120.27112,41.06392],[-120.26889,41.06502],[-120.26496,41.06364],[-120.26151,41.06682],[-120.25492,41.06819],[-120.24824,41.06794],[-120.24491,41.06872],[-120.23989,41.06591],[-120.23814,41.06389],[-120.23723,41.06115],[-120.23104,41.05798],[-120.23083,41.05677],[-120.21783,41.04677],[-120.21164,41.04424],[-120.20596,41.04342],[-120.19337,41.03459],[-120.18512,41.03142],[-120.18168,41.03125],[-120.17806,41.03217],[-120.16335,41.03823],[-120.16263,41.03582],[-120.14517,41.03609],[-120.13403,41.03446],[-120.12875,41.03528],[-120.1238,41.03252],[-120.12018,41.03243],[-120.11504,41.02942],[-120.10317,41.0267],[-120.09768,41.027],[-120.09529,41.02869],[-120.09194,41.02899],[-120.08817,41.02773],[-120.08397,41.02766],[-120.08177,41.02929],[-120.06803,41.02046],[-120.05432,41.01907],[-120.02951,41.02375],[-120.02552,41.0229],[-120.02239,41.01989],[-120.02021,41.02066],[-120.01598,41.02023],[-120.0088,41.02347],[-119.99965,41.02211],[-119.99928,40.88966],[-119.99817,40.81696],[-119.99851,40.75826],[-119.99567,40.55526],[-119.99657,40.24558]]]},"properties":{"id":"37","code":"M5","name":"East Lassen Muzzleloading Rifle Buck Hunt","kind":"additional_hunt","group":"Muzzleloading","hunt_type":"BUCK","acreage":597337}},{"type":"Feature","geometry":{"type":"Polygon","coordinates":[[[-118.66772,34.24033],[-118.66809,34.16809],[-118.78891,34.16818],[-118.94113,34.07484],[-118.94491,34.04575],[-118.94777,34.04693],[-118.95318,34.04778],[-118.96098,34.05212],[-118.96418,34.05257],[-118.96784,34.05587],[-118.97818,34.06097],[-118.98353,34.06069],[-118.98808,34.0632],[-118.99689,34.0661],[-119.00684,34.06604],[-119.01042,34.06778],[-119.01362,34.07042],[-119.01703,34.07121],[-119.02135,34.07472],[-119.02878,34.07922],[-119.03772,34.08368],[-119.04853,34.08528],[-119.05275,34.08437],[-119.05458,34.08551],[-119.05796,34.08599],[-119.06115,34.0853],[-119.0618,34.08636],[-119.06773,34.08994],[-119.08507,34.099],[-119.09876,34.09992],[-119.10634,34.09568],[-119.10978,34.09566],[-119.11502,34.0963],[-119.12714,34.10032],[-119.14286,34.10818],[-119.1786,34.13233],[-119.18974,34.13863],[-119.20292,34.14476],[-119.20857,34.14504],[-119.21012,34.14452],[-119.21432,34.14604],[-119.2163,34.14528],[-119.21682,34.14781],[-119.22152,34.15412],[-119.22911,34.15967],[-119.23168,34.16634],[-119.26134,34.21987],[-119.26539,34.23131],[-119.26767,34.24261],[-119.26713,34.24301],[-119.26736,34.24479],[-119.26765,34.24552],[-119.26885,34.24568],[-119.26822,34.24735],[-119.26932,34.25385],[-119.27047,34.25436],[-119.27136,34.2573],[-119.27543,34.26343],[-119.28164,34.2698],[-119.28669,34.27338],[-119.2876,34.27324],[-119.29221,34.27565],[-119.29524,34.27556],[-119.29775,34.27441],[-119.30468,34.27318],[-119.31284,34.27667],[-119.32045,34.28349],[-119.3318,34.28768],[-119.33813,34.29126],[-119.34504,34.3001],[-119.35026,34.30528],[-119.35463,34.30862],[-119.35803,34.30996],[-119.36473,34.31641],[-119.36986,34.31952],[-119.37626,34.32118],[-119.38744,34.31782],[-119.3901,34.31804],[-119.40096,34.33129],[-119.41001,34.33717],[-119.41216,34.3378],[-119.41677,34.34207],[-119.41804,34.34213],[-119.42741,34.35209],[-119.43109,34.35477],[-119.43699,34.35604],[-119.44305,34.35514],[-119.44842,34.3624],[-119.45606,34.37067],[-119.46028,34.37392],[-119.47079,34.37614],[-119.47294,34.37565],[-119.47431,34.37415],[-119.4769,34.37323],[-119.47711,34.37436],[-119.47619,34.37528],[-119.47791,34.37605],[-119.47781,34.37972],[-119.47326,34.37943],[-119.47289,34.38015],[-119.47359,34.38102],[-119.47277,34.38363],[-119.46845,34.38676],[-119.46864,34.38859],[-119.46553,34.38883],[-119.46331,34.39055],[-119.45963,34.39181],[-119.45827,34.39356],[-119.45176,34.39712],[-119.45112,34.39933],[-119.44883,34.40203],[-119.44692,34.40204],[-119.44692,34.40388],[-119.44565,34.40439],[-119.44536,34.40876],[-119.4494,34.41207],[-119.45062,34.41511],[-119.45447,34.41853],[-119.45367,34.41943],[-119.45454,34.42173],[-119.453,34.4232],[-119.45341,34.42702],[-119.45262,34.42772],[-119.45341,34.42869],[-119.45157,34.42988],[-119.44468,34.42964],[-119.444,34.43197],[-119.44442,34.43363],[-119.4431,34.43437],[-119.44364,34.43673],[-119.44176,34.43878],[-119.44039,34.44195],[-119.44154,34.4481],[-119.44327,34.4496],[-119.44159,34.45183],[-119.44225,34.4544],[-119.44466,34.90118],[-119.38296,34.90082],[-119.38282,34.87397],[-119.35649,34.87366],[-119.35649,34.87252],[-119.27739,34.87246],[-119.27822,34.85735],[-119.2435,34.85757],[-119.24341,34.81429],[-118.97798,34.81168],[-118.97801,34.78974],[-118.88034,34.7886],[-118.86203,34.74999],[-118.63668,34.29177],[-118.63255,34.26336],[-118.63265,34.24034],[-118.66772,34.24033]]]},"properties":{"id":"38","code":"M7","name":"Ventura Muzzleloading Rifle Either-Sex Hunt","kind":"additional_hunt","group":"Muzzleloading","hunt_type":"EITHER-SEX","acreage":1172727}},{"type":"Feature","geometry":{"type":"Polygon","coordinates":[[[-121.06106,40.29413],[-121.05777,40.29631],[-121.052,40.29853],[-121.04734,40.298],[-121.04646,40.30273],[-121.04849,40.30923],[-121.04822,40.31081],[-121.01469,40.31396],[-120.94832,40.31716],[-120.94485,40.31796],[-120.93709,40.3252],[-120.93033,40.32952],[-120.92893,40.3311],[-120.92732,40.3354],[-120.92412,40.33849],[-120.89597,40.35026],[-120.88996,40.35451],[-120.8858,40.35644],[-120.88198,40.35568],[-120.87976,40.35266],[-120.87677,40.35216],[-120.87381,40.35484],[-120.86894,40.35694],[-120.8649,40.36064],[-120.85722,40.36227],[-120.85419,40.36371],[-120.84941,40.36384],[-120.8466,40.36565],[-120.84074,40.36702],[-120.84005,40.36906],[-120.83849,40.36988],[-120.83499,40.36791],[-120.8291,40.37088],[-120.81357,40.3754],[-120.80193,40.38118],[-120.78894,40.39087],[-120.77699,40.39699],[-120.77184,40.40083],[-120.76758,40.40689],[-120.76384,40.40892],[-120.73631,40.41445],[-120.72512,40.41478],[-120.70732,40.41875],[-120.69625,40.42234],[-120.68569,40.42228],[-120.6806,40.42507],[-120.67884,40.42494],[-120.67063,40.41849],[-120.66719,40.41707],[-120.66548,40.41728],[-120.66321,40.41881],[-120.6395,40.41305],[-120.63173,40.40703],[-120.62374,40.40454],[-120.62003,40.4001],[-120.59678,40.39473],[-120.59205,40.39222],[-120.58846,40.39293],[-120.58413,40.39867],[-120.58078,40.40016],[-120.57419,40.39737],[-120.52131,40.39567],[-120.51281,40.39718],[-120.48817,40.39801],[-120.4789,40.40075],[-120.45185,40.40071],[-120.44084,40.3966],[-120.41808,40.39671],[-120.39981,40.38705],[-120.39622,40.3871],[-120.3929,40.38328],[-120.36575,40.37722],[-120.35083,40.37632],[-120.31369,40.37761],[-120.31171,40.37874],[-120.29538,40.36635],[-120.23881,40.36641],[-120.23848,40.35534],[-120.23665,40.3525],[-120.23533,40.35207],[-120.19836,40.35224],[-120.19582,40.3513],[-120.18605,40.33822],[-120.18491,40.3331],[-120.18485,40.33179],[-120.19175,40.31974],[-120.19167,40.31871],[-120.1859,40.31085],[-120.18309,40.30541],[-120.17969,40.30111],[-120.17742,40.29989],[-120.17183,40.29982],[-120.16556,40.29815],[-120.15845,40.29765],[-120.14054,40.28941],[-120.12701,40.28901],[-120.10359,40.28169],[-120.09667,40.28148],[-120.07451,40.26875],[-120.0338,40.26315],[-119.99657,40.24558],[-119.99729,40.15341],[-120.05053,40.14528],[-120.05393,40.14343],[-120.05736,40.14265],[-120.12056,40.14483],[-120.12413,40.14479],[-120.12419,40.14355],[-120.1716,40.14377],[-120.20417,40.1381],[-120.21582,40.13265],[-120.24686,40.12489],[-120.25105,40.1265],[-120.26567,40.13468],[-120.30593,40.15276],[-120.35629,40.16692],[-120.36888,40.16888],[-120.36537,40.1655],[-120.35207,40.15602],[-120.35207,40.15327],[-120.35064,40.1514],[-120.35064,40.14868],[-120.35311,40.14488],[-120.34997,40.13669],[-120.3483,40.13512],[-120.3396,40.13134],[-120.34014,40.13045],[-120.34389,40.13104],[-120.34502,40.13006],[-120.34571,40.12716],[-120.34883,40.12761],[-120.34796,40.12293],[-120.34954,40.12378],[-120.3492,40.1226],[-120.36041,40.12261],[-120.36055,40.12992],[-120.37935,40.12968],[-120.37916,40.14075],[-120.3983,40.14071],[-120.39833,40.14745],[-120.40789,40.14749],[-120.40759,40.16223],[-120.41731,40.16216],[-120.41691,40.16949],[-120.43635,40.16968],[-120.43639,40.17683],[-120.44588,40.17685],[-120.4449,40.19134],[-120.45433,40.19141],[-120.45444,40.20576],[-120.48285,40.20574],[-120.48249,40.22024],[-120.49197,40.22029],[-120.49177,40.23482],[-120.5107,40.23474],[-120.51088,40.24906],[-120.52998,40.24918],[-120.52988,40.25636],[-120.54891,40.25641],[-120.54896,40.26371],[-120.57713,40.26399],[-120.57718,40.28555],[-120.6232,40.2859],[-120.62308,40.29312],[-120.64237,40.29331],[-120.64244,40.3005],[-120.65163,40.30058],[-120.65171,40.30776],[-120.67919,40.30857],[-120.72637,40.30848],[-120.72644,40.31575],[-120.76445,40.31597],[-120.76441,40.30869],[-120.77376,40.30856],[-120.77387,40.30134],[-120.79627,40.30168],[-120.79594,40.27764],[-120.81476,40.27786],[-120.81504,40.27056],[-120.83384,40.27068],[-120.83408,40.25616],[-120.84355,40.25614],[-120.8435,40.24888],[-120.85304,40.24886],[-120.85298,40.24162],[-120.87183,40.24169],[-120.87179,40.19943],[-120.89072,40.19941],[-120.89071,40.19216],[-120.92868,40.19198],[-120.92805,40.20647],[-120.94712,40.20653],[-120.9462,40.22092],[-121.00395,40.22094],[-121.0041,40.23488],[-121.04162,40.23472],[-121.04161,40.25632],[-121.06159,40.25629],[-121.06106,40.29413]]]},"properties":{"id":"39","code":"M8","name":"Bass Hill Muzzleloading Rifle Buck Hunt","kind":"additional_hunt","group":"Muzzleloading","hunt_type":"BUCK","acreage":366285}},{"type":"Feature","geometry":{"type":"Polygon","coordinates":[[[-121.35451,41.99655],[-121.33835,41.99636],[-121.29953,41.99771],[-121.18891,41.99729],[-121.13486,41.99642],[-121.02904,41.99323],[-120.81906,41.99364],[-120.8144,41.98924],[-120.81221,41.98931],[-120.81243,41.99042],[-120.81136,41.99181],[-120.80942,41.99055],[-120.80847,41.98803],[-120.80887,41.97872],[-120.80617,41.97479],[-120.7984,41.9718],[-120.79379,41.96825],[-120.78774,41.96604],[-120.78522,41.96207],[-120.7871,41.95997],[-120.78725,41.95865],[-120.77973,41.94519],[-120.77907,41.94277],[-120.77931,41.94],[-120.77758,41.9375],[-120.77715,41.9354],[-120.76686,41.91812],[-120.76358,41.91566],[-120.76142,41.90874],[-120.75517,41.90327],[-120.75412,41.90039],[-120.7549,41.89471],[-120.75747,41.89077],[-120.75872,41.88663],[-120.7583,41.88256],[-120.75971,41.87999],[-120.76083,41.87542],[-120.75523,41.86511],[-120.75539,41.86025],[-120.75471,41.85814],[-120.75782,41.84844],[-120.75826,41.84032],[-120.76374,41.8303],[-120.7659,41.8243],[-120.76753,41.82566],[-120.77747,41.82657],[-120.78123,41.82983],[-120.78264,41.83373],[-120.78762,41.83767],[-120.78977,41.83731],[-120.7921,41.83509],[-120.79666,41.83619],[-120.79918,41.83533],[-120.80192,41.83535],[-120.81708,41.84017],[-120.82239,41.84465],[-120.82536,41.84472],[-120.82851,41.84602],[-120.83437,41.84541],[-120.83681,41.84588],[-120.84306,41.84345],[-120.84909,41.84345],[-120.84322,41.83984],[-120.83737,41.83756],[-120.83208,41.8285],[-120.82733,41.82662],[-120.82452,41.82469],[-120.82456,41.82017],[-120.82235,41.81711],[-120.82149,41.81396],[-120.8217,41.81054],[-120.8232,41.80761],[-120.83768,41.80193],[-120.8399,41.79857],[-120.84457,41.79512],[-120.847,41.79106],[-120.8492,41.78958],[-120.85848,41.7886],[-120.86565,41.79042],[-120.87772,41.78495],[-120.88062,41.78505],[-120.88255,41.78303],[-120.89669,41.78049],[-120.90291,41.77679],[-120.90746,41.77712],[-120.91339,41.77638],[-120.91775,41.77306],[-120.92935,41.76883],[-120.93562,41.7654],[-120.94147,41.7651],[-120.94569,41.7658],[-120.95025,41.76443],[-120.95317,41.76141],[-120.95528,41.75718],[-120.96012,41.75221],[-120.96351,41.73875],[-120.96694,41.73624],[-120.96702,41.73333],[-120.97085,41.72805],[-120.97163,41.72461],[-120.97134,41.72284],[-120.97542,41.71551],[-120.97704,41.70538],[-120.97894,41.69922],[-120.98559,41.68659],[-120.98423,41.6803],[-120.98564,41.66835],[-120.98318,41.66544],[-120.98267,41.66145],[-120.98035,41.65707],[-120.97997,41.65488],[-120.9806,41.64928],[-120.98255,41.6446],[-120.98339,41.63967],[-120.98261,41.6342],[-120.98294,41.63231],[-120.98161,41.62879],[-120.98319,41.62506],[-120.98622,41.62144],[-120.98858,41.61611],[-120.98879,41.60794],[-120.99237,41.59824],[-120.99138,41.59538],[-120.9871,41.59279],[-120.98628,41.59153],[-120.98719,41.58838],[-120.9914,41.58201],[-120.99001,41.58077],[-120.98592,41.57964],[-120.98455,41.57831],[-120.98339,41.57232],[-120.97394,41.56216],[-120.97414,41.55991],[-120.97621,41.55583],[-120.97626,41.54427],[-120.97463,41.53817],[-120.96843,41.53009],[-120.9708,41.52328],[-120.97061,41.51955],[-120.97542,41.50865],[-120.97779,41.5064],[-120.97832,41.50178],[-120.9799,41.49983],[-121.14622,41.53313],[-121.1498,41.53554],[-121.16047,41.55022],[-121.18845,41.57952],[-121.19312,41.58559],[-121.28018,41.70123],[-121.28191,41.70918],[-121.29388,41.72157],[-121.30202,41.74961],[-121.30691,41.83822],[-121.30794,41.84112],[-121.31057,41.84461],[-121.31874,41.86439],[-121.31807,41.86932],[-121.31847,41.87221],[-121.32341,41.87989],[-121.32954,41.90025],[-121.33304,41.90641],[-121.33112,41.91452],[-121.33431,41.92028],[-121.34568,41.96813],[-121.34787,41.97375],[-121.34779,41.9801],[-121.34956,41.98414],[-121.35477,41.99172],[-121.35996,41.99656],[-121.35451,41.99655]]]},"properties":{"id":"40","code":"M9","name":"Devil's Garden Muzzleloading Rifle Buck Hunt","kind":"additional_hunt","group":"Muzzleloading","hunt_type":"BUCK","acreage":419387}},{"type":"Feature","geometry":{"type":"Polygon","coordinates":[[[-120.74839,35.44384],[-120.74841,35.44019],[-120.70603,35.44068],[-120.68273,35.43],[-120.68309,35.41851],[-120.64714,35.41858],[-120.64671,35.39671],[-120.66443,35.39694],[-120.66478,35.39008],[-120.66606,35.38964],[-120.66271,35.38241],[-120.66079,35.3798],[-120.65365,35.3776],[-120.64639,35.36914],[-120.64052,35.36832],[-120.61199,35.36885],[-120.61241,35.35337],[-120.57578,35.35302],[-120.57412,35.34815],[-120.56511,35.3429],[-120.55791,35.34009],[-120.5564,35.33715],[-120.53484,35.32137],[-120.52038,35.31404],[-120.50745,35.30545],[-120.49782,35.29471],[-120.48887,35.29455],[-120.47255,35.28738],[-120.42766,35.28704],[-120.41872,35.28633],[-120.39782,35.28902],[-120.32586,35.28813],[-120.30777,35.28841],[-120.30778,35.29096],[-120.29003,35.29049],[-120.28998,35.30544],[-120.3078,35.30546],[-120.30782,35.31713],[-120.32632,35.31804],[-120.3265,35.33231],[-120.3442,35.33288],[-120.34446,35.34756],[-120.36211,35.34778],[-120.36218,35.36216],[-120.3808,35.36257],[-120.38102,35.37703],[-120.39893,35.37691],[-120.39898,35.39146],[-120.41908,35.39248],[-120.41906,35.3964],[-120.4371,35.39598],[-120.43678,35.43203],[-120.43353,35.44053],[-120.30895,35.44075],[-120.30833,35.40372],[-120.27313,35.40372],[-120.27257,35.39599],[-120.25523,35.39632],[-120.25482,35.38172],[-120.23739,35.38175],[-120.23726,35.35268],[-120.20192,35.35227],[-120.2016,35.32288],[-120.16585,35.32311],[-120.16599,35.26457],[-120.13037,35.26463],[-120.13036,35.23549],[-120.11251,35.23543],[-120.11259,35.22091],[-120.09486,35.22091],[-120.09511,35.19175],[-120.11259,35.19185],[-120.11222,35.17755],[-119.98774,35.17639],[-119.98781,35.10341],[-120.00626,35.10405],[-120.00628,35.09162],[-120.08151,35.10956],[-120.08387,35.1066],[-120.08578,35.10919],[-120.08532,35.10976],[-120.08335,35.1096],[-120.08141,35.11189],[-120.07943,35.11257],[-120.0813,35.11459],[-120.08477,35.11428],[-120.08838,35.11301],[-120.0933,35.11417],[-120.0959,35.11241],[-120.09739,35.10948],[-120.0996,35.11001],[-120.09909,35.11206],[-120.09957,35.11277],[-120.10208,35.11347],[-120.10274,35.11227],[-120.10206,35.11005],[-120.1025,35.10853],[-120.10398,35.10801],[-120.1083,35.10893],[-120.10734,35.10486],[-120.10807,35.10405],[-120.11268,35.10358],[-120.11576,35.10664],[-120.11715,35.10657],[-120.11751,35.10595],[-120.1168,35.10447],[-120.1197,35.10289],[-120.11972,35.10202],[-120.11849,35.10128],[-120.11931,35.09873],[-120.12027,35.09781],[-120.12222,35.09778],[-120.12288,35.09969],[-120.12439,35.09971],[-120.12684,35.09533],[-120.12686,35.09196],[-120.12809,35.0908],[-120.13061,35.09171],[-120.12953,35.09452],[-120.13012,35.09615],[-120.13257,35.09565],[-120.13582,35.0978],[-120.1383,35.09426],[-120.14309,35.0959],[-120.14363,35.09511],[-120.14323,35.09328],[-120.14047,35.0907],[-120.14132,35.09001],[-120.1441,35.09068],[-120.1453,35.08927],[-120.14481,35.08701],[-120.14193,35.08735],[-120.14082,35.08656],[-120.14118,35.08453],[-120.1429,35.08235],[-120.14424,35.0823],[-120.1449,35.08335],[-120.14893,35.08456],[-120.14955,35.0839],[-120.14964,35.08134],[-120.15533,35.08184],[-120.15561,35.07824],[-120.16174,35.07594],[-120.16844,35.07469],[-120.16969,35.07182],[-120.1714,35.07007],[-120.17426,35.07074],[-120.17447,35.06889],[-120.17263,35.06876],[-120.172,35.06775],[-120.17367,35.06564],[-120.17253,35.06435],[-120.19186,35.06427],[-120.19187,35.07904],[-120.20903,35.07881],[-120.20903,35.06449],[-120.26154,35.06452],[-120.26047,35.0789],[-120.27844,35.07933],[-120.27857,35.09295],[-120.31047,35.09296],[-120.31078,35.10721],[-120.31293,35.12086],[-120.24321,35.12078],[-120.24293,35.17869],[-120.31382,35.17852],[-120.31405,35.22093],[-120.33098,35.22098],[-120.33047,35.23521],[-120.36554,35.23496],[-120.36611,35.24632],[-120.36711,35.24674],[-120.36687,35.24924],[-120.36774,35.24992],[-120.37109,35.24974],[-120.3729,35.24888],[-120.37363,35.24965],[-120.41858,35.24944],[-120.41856,35.22183],[-120.4192,35.22159],[-120.4454,35.2194],[-120.47071,35.21968],[-120.4706,35.2342],[-120.48759,35.23425],[-120.4876,35.21953],[-120.50475,35.22],[-120.52371,35.21944],[-120.52403,35.27958],[-120.54165,35.27972],[-120.54162,35.26515],[-120.55952,35.26519],[-120.55947,35.27985],[-120.59593,35.2798],[-120.59579,35.30867],[-120.61334,35.30841],[-120.61326,35.32294],[-120.63099,35.32294],[-120.63064,35.33877],[-120.64606,35.33783],[-120.65409,35.34584],[-120.66873,35.34625],[-120.66891,35.35347],[-120.68409,35.35369],[-120.68401,35.36834],[-120.719,35.36813],[-120.71884,35.38233],[-120.73671,35.38234],[-120.73618,35.39681],[-120.75532,35.39756],[-120.75585,35.41231],[-120.77352,35.41198],[-120.77276,35.42675],[-120.78994,35.42672],[-120.79021,35.44102],[-120.80212,35.44094],[-120.80223,35.48531],[-120.74999,35.46122],[-120.74834,35.45471],[-120.74839,35.44384]],[[-120.29692,35.21774],[-120.29692,35.22499],[-120.30576,35.22482],[-120.30576,35.21757],[-120.29692,35.21774]]]},"properties":{"id":"41","code":"MA1","name":"San Luis Obispo Muzzleloading Rifle/Archery Either-Sex Deer","kind":"additional_hunt","group":"Muzzleloading/Archery","hunt_type":"EITHER-SEX","acreage":236986}},{"type":"Feature","geometry":{"type":"Polygon","coordinates":[[[-119.44466,34.90118],[-119.44225,34.4544],[-119.44159,34.45183],[-119.44327,34.4496],[-119.44154,34.4481],[-119.44039,34.44195],[-119.44176,34.43878],[-119.44364,34.43673],[-119.4431,34.43437],[-119.44442,34.43363],[-119.444,34.43197],[-119.44468,34.42964],[-119.45157,34.42988],[-119.45307,34.42907],[-119.45341,34.42825],[-119.45262,34.42772],[-119.4534,34.42712],[-119.45355,34.42509],[-119.45301,34.42305],[-119.45456,34.42161],[-119.45367,34.41943],[-119.4544,34.41835],[-119.45062,34.41511],[-119.4494,34.41207],[-119.44536,34.40876],[-119.44569,34.40427],[-119.44692,34.40388],[-119.44713,34.40184],[-119.44918,34.40168],[-119.45112,34.39933],[-119.45176,34.39712],[-119.4651,34.389],[-119.46864,34.38859],[-119.46845,34.38676],[-119.47277,34.38363],[-119.47359,34.38102],[-119.47289,34.38015],[-119.47326,34.37943],[-119.47781,34.37972],[-119.47791,34.37605],[-119.47617,34.37516],[-119.47756,34.37302],[-119.47842,34.37326],[-119.48401,34.3801],[-119.49235,34.3839],[-119.49659,34.38499],[-119.5057,34.38512],[-119.5101,34.38594],[-119.5129,34.38738],[-119.51618,34.38794],[-119.52846,34.39488],[-119.53698,34.39637],[-119.55301,34.40935],[-119.55975,34.41366],[-119.56349,34.41486],[-119.57307,34.41382],[-119.57688,34.41251],[-119.58102,34.41333],[-119.58604,34.41576],[-119.59461,34.41835],[-119.6043,34.4201],[-119.61501,34.42103],[-119.61827,34.42068],[-119.62097,34.41856],[-119.62975,34.41911],[-119.63767,34.4157],[-119.64981,34.41752],[-119.66993,34.41617],[-119.67844,34.41496],[-119.68693,34.41233],[-119.69088,34.40803],[-119.69217,34.40832],[-119.6942,34.40503],[-119.69217,34.4032],[-119.69822,34.40217],[-119.70182,34.40009],[-119.70242,34.39806],[-119.70971,34.39551],[-119.72921,34.39609],[-119.74264,34.40271],[-119.75174,34.40437],[-119.76383,34.40898],[-119.77237,34.41114],[-119.78458,34.41629],[-119.79669,34.4184],[-119.80306,34.41822],[-119.80819,34.41653],[-119.82342,34.41726],[-119.83567,34.41585],[-119.84112,34.41257],[-119.84226,34.40796],[-119.84414,34.40474],[-119.85221,34.40786],[-119.85796,34.40914],[-119.87357,34.40928],[-119.87554,34.40887],[-119.87808,34.40694],[-119.88075,34.40888],[-119.88704,34.41634],[-119.89033,34.4192],[-119.90151,34.42159],[-119.91855,34.43226],[-119.92878,34.4355],[-119.93759,34.43609],[-119.9502,34.43471],[-119.95503,34.43545],[-119.96103,34.4382],[-119.96407,34.44077],[-119.97244,34.44529],[-119.98296,34.45002],[-119.98564,34.4507],[-119.98988,34.44971],[-119.99413,34.45346],[-120.00211,34.45838],[-120.00716,34.46061],[-120.01828,34.46181],[-120.02039,34.46081],[-120.02132,34.45849],[-120.023,34.45781],[-120.03358,34.46258],[-120.03994,34.46362],[-120.04977,34.46166],[-120.05344,34.4621],[-120.05755,34.4611],[-120.06946,34.46298],[-120.07318,34.46206],[-120.07324,34.46082],[-120.07396,34.46049],[-120.09056,34.46057],[-120.09666,34.46181],[-120.10107,34.46404],[-120.10217,34.46376],[-120.11883,34.4703],[-120.14114,34.4737],[-120.15281,34.47325],[-120.15969,34.47149],[-120.16555,34.47112],[-120.16863,34.46957],[-120.17782,34.47077],[-120.18656,34.46982],[-120.19534,34.47085],[-120.20505,34.47039],[-120.22818,34.47095],[-120.23658,34.46956],[-120.23839,34.46834],[-120.26056,34.46772],[-120.27215,34.46905],[-120.27798,34.46692],[-120.28934,34.4704],[-120.29463,34.47089],[-120.29811,34.47016],[-120.30037,34.46818],[-120.30343,34.46691],[-120.30825,34.46698],[-120.32084,34.46354],[-120.33333,34.46251],[-120.33522,34.46178],[-120.33725,34.45971],[-120.34255,34.45882],[-120.35377,34.45914],[-120.35772,34.45758],[-120.37143,34.45744],[-120.37741,34.45669],[-120.38054,34.45712],[-120.38678,34.45578],[-120.40636,34.45516],[-120.41779,34.45311],[-120.42002,34.4507],[-120.42306,34.44979],[-120.43588,34.45166],[-120.4424,34.45157],[-120.44501,34.45074],[-120.44613,34.44914],[-120.4518,34.44648],[-120.4528,34.44515],[-120.45203,34.44297],[-120.45278,34.4423],[-120.45511,34.44333],[-120.45661,34.44323],[-120.45739,34.44452],[-120.45888,34.44446],[-120.45935,34.44501],[-120.45843,34.44607],[-120.45881,34.44689],[-120.46068,34.44788],[-120.46188,34.44766],[-120.46272,34.44864],[-120.4641,34.44822],[-120.4662,34.4494],[-120.46737,34.44829],[-120.4689,34.44873],[-120.46895,34.44963],[-120.47032,34.44825],[-120.47203,34.44833],[-120.47069,34.45157],[-120.47248,34.45376],[-120.4738,34.4594],[-120.47427,34.46779],[-120.47803,34.47849],[-120.48287,34.48361],[-120.48552,34.48478],[-120.4888,34.48765],[-120.4931,34.4942],[-120.4957,34.49457],[-120.4967,34.49556],[-120.49754,34.49924],[-120.50158,34.509],[-120.5058,34.51591],[-120.51141,34.52322],[-120.51425,34.52538],[-120.51951,34.52766],[-120.52364,34.53109],[-120.54093,34.53941],[-120.54698,34.54081],[-120.55317,34.54118],[-120.55953,34.54488],[-120.56748,34.55093],[-120.57176,34.5523],[-120.57593,34.55517],[-120.58039,34.55677],[-120.58504,34.55727],[-120.58627,34.55651],[-120.59436,34.55757],[-120.59931,34.55681],[-120.60491,34.55724],[-120.60881,34.55677],[-120.60976,34.55489],[-120.61217,34.55358],[-120.61365,34.55453],[-120.6155,34.55353],[-120.6177,34.55339],[-120.62356,34.55396],[-120.62478,34.55597],[-120.62604,34.55624],[-120.62744,34.55782],[-120.62837,34.55775],[-120.62968,34.55959],[-120.63132,34.55953],[-120.63065,34.56005],[-120.63242,34.56086],[-120.63241,34.56158],[-120.63513,34.56163],[-120.63618,34.56039],[-120.63673,34.56069],[-120.6359,34.56246],[-120.63716,34.56322],[-120.63848,34.56282],[-120.63846,34.56351],[-120.63902,34.56285],[-120.64007,34.56377],[-120.63812,34.56399],[-120.63729,34.56498],[-120.63753,34.5662],[-120.63925,34.56704],[-120.63817,34.57056],[-120.64005,34.5711],[-120.63872,34.57085],[-120.63802,34.5718],[-120.63844,34.57243],[-120.64162,34.57266],[-120.64139,34.5733],[-120.64246,34.57305],[-120.64156,34.57347],[-120.64332,34.57499],[-120.64235,34.57582],[-120.6435,34.57546],[-120.64372,34.57663],[-120.64466,34.57713],[-120.64517,34.5767],[-120.64531,34.57737],[-120.64782,34.57669],[-120.64815,34.57723],[-120.64965,34.57639],[-120.64945,34.57698],[-120.65064,34.57686],[-120.64846,34.57883],[-120.64793,34.57806],[-120.6459,34.57851],[-120.64565,34.58003],[-120.64495,34.58015],[-120.64566,34.58067],[-120.64488,34.58563],[-120.64554,34.58599],[-120.64475,34.58624],[-120.64607,34.58759],[-120.64313,34.5883],[-120.64199,34.58951],[-120.63984,34.59645],[-120.64016,34.5994],[-120.64236,34.60077],[-120.64106,34.60145],[-120.64338,34.60369],[-120.64249,34.60334],[-120.64216,34.60474],[-120.64012,34.60443],[-120.63964,34.60505],[-120.64027,34.6057],[-120.63913,34.60615],[-120.63887,34.60729],[-120.63652,34.60811],[-120.63716,34.60879],[-120.63629,34.61379],[-120.63536,34.614],[-120.63435,34.61553],[-120.63387,34.61824],[-120.6318,34.62207],[-120.63179,34.62415],[-120.63027,34.62522],[-120.62604,34.63312],[-120.62331,34.64085],[-120.61723,34.65343],[-120.61236,34.6657],[-120.60523,34.68787],[-120.60125,34.70463],[-120.60195,34.71011],[-120.6035,34.71197],[-120.60556,34.71258],[-120.60749,34.71424],[-120.60774,34.71781],[-120.60888,34.71899],[-120.60858,34.72037],[-120.6098,34.72223],[-120.6121,34.72298],[-120.61211,34.72644],[-120.61341,34.72858],[-120.61484,34.72941],[-120.61632,34.73329],[-120.62289,34.73733],[-120.62605,34.73787],[-120.62814,34.74252],[-120.63052,34.7444],[-120.6291,34.74545],[-120.62986,34.74777],[-120.62885,34.74856],[-120.63086,34.75076],[-120.63156,34.75337],[-120.63352,34.75355],[-120.63485,34.75484],[-120.63725,34.75566],[-120.64099,34.75555],[-120.64077,34.75623],[-120.63799,34.75569],[-120.637,34.757],[-120.63349,34.76917],[-120.6324,34.77008],[-120.62244,34.79432],[-120.61063,34.84026],[-120.60982,34.85034],[-120.61068,34.85831],[-120.61158,34.85895],[-120.61194,34.86157],[-120.61396,34.86257],[-120.61383,34.86371],[-120.61649,34.86502],[-120.61662,34.86705],[-120.62103,34.8692],[-120.62562,34.87358],[-120.6288,34.87377],[-120.63122,34.8757],[-120.6338,34.8763],[-120.63404,34.87733],[-120.63601,34.87797],[-120.63661,34.87911],[-120.63745,34.87901],[-120.63729,34.8798],[-120.64008,34.88121],[-120.63912,34.88293],[-120.63988,34.88977],[-120.64218,34.89133],[-120.64277,34.89277],[-120.64204,34.89338],[-120.64242,34.89509],[-120.64673,34.90059],[-120.65012,34.90192],[-120.6526,34.90076],[-120.65279,34.90123],[-120.65562,34.90096],[-120.6558,34.90148],[-120.65622,34.90092],[-120.65731,34.90189],[-120.66571,34.90093],[-120.6718,34.90264],[-120.67061,34.90348],[-120.67106,34.90429],[-120.67019,34.90401],[-120.67077,34.90457],[-120.66962,34.90535],[-120.67055,34.90523],[-120.67028,34.90588],[-120.66908,34.90621],[-120.66983,34.90635],[-120.6697,34.907],[-120.66834,34.90886],[-120.6642,34.92273],[-120.66424,34.92833],[-120.66719,34.92951],[-120.66637,34.92968],[-120.6671,34.93025],[-120.66558,34.93023],[-120.66594,34.93059],[-120.6653,34.9307],[-120.66623,34.93107],[-120.66384,34.93147],[-120.66395,34.93333],[-120.66202,34.93372],[-120.66043,34.93706],[-120.64854,34.97414],[-120.63421,34.95972],[-120.62893,34.96295],[-120.61636,34.96603],[-120.61327,34.97126],[-120.60208,34.97277],[-120.5955,34.96643],[-120.58551,34.96713],[-120.58228,34.97228],[-120.57523,34.97822],[-120.56589,34.97744],[-120.55407,34.97355],[-120.54459,34.9745],[-120.54029,34.98025],[-120.53522,34.98451],[-120.49606,34.99312],[-120.44413,34.98803],[-120.44411,34.98878],[-120.43913,34.98825],[-120.4356,34.98701],[-120.4353,34.98588],[-120.40188,34.96887],[-120.39464,34.96576],[-120.3875,34.96071],[-120.37404,34.95636],[-120.3592,34.94581],[-120.35345,34.93927],[-120.35009,34.93801],[-120.34651,34.93524],[-120.34048,34.9338],[-120.33625,34.93145],[-120.32838,34.92529],[-120.32324,34.92025],[-120.32152,34.9145],[-120.31408,34.90362],[-120.31217,34.90326],[-120.30729,34.90421],[-120.3013,34.90622],[-120.29892,34.90796],[-120.29861,34.9097],[-120.30007,34.91374],[-120.29994,34.9162],[-120.29845,34.91893],[-120.29371,34.92435],[-120.29257,34.92747],[-120.29218,34.93278],[-120.29368,34.94006],[-120.29475,34.9422],[-120.29475,34.94668],[-120.29678,34.95043],[-120.30244,34.9539],[-120.30369,34.95568],[-120.30402,34.95805],[-120.30184,34.96216],[-120.30217,34.96384],[-120.30788,34.96979],[-120.31586,34.9749],[-120.3162,34.97656],[-120.31482,34.97864],[-120.31435,34.98091],[-120.31567,34.98358],[-120.31793,34.98553],[-120.31988,34.98606],[-120.32486,34.98546],[-120.32701,34.98597],[-120.33092,34.99226],[-120.33396,34.99539],[-120.33439,35.0029],[-120.33342,35.006],[-120.33054,35.01052],[-120.33081,35.01291],[-120.32933,35.01542],[-120.32442,35.01716],[-120.32201,35.01617],[-120.31941,35.01446],[-120.31665,35.01003],[-120.31286,35.00605],[-120.31109,35.00625],[-120.30758,35.00829],[-120.30226,35.01357],[-120.30077,35.01434],[-120.29842,35.01432],[-120.29552,35.01588],[-120.29246,35.01464],[-120.28632,35.01508],[-120.28243,35.01267],[-120.28064,35.01073],[-120.27905,35.01065],[-120.27846,35.01207],[-120.28013,35.01359],[-120.28026,35.01513],[-120.27874,35.01675],[-120.27801,35.01912],[-120.27188,35.02094],[-120.26751,35.02032],[-120.2612,35.02668],[-120.2599,35.0262],[-120.26111,35.02402],[-120.26112,35.02129],[-120.25982,35.02049],[-120.25876,35.01777],[-120.25731,35.01763],[-120.25473,35.02098],[-120.25334,35.02673],[-120.251,35.02975],[-120.24925,35.02937],[-120.24796,35.0267],[-120.24465,35.02404],[-120.23992,35.02239],[-120.23456,35.02348],[-120.23272,35.02311],[-120.23065,35.02107],[-120.22416,35.0227],[-120.22093,35.02113],[-120.21859,35.02137],[-120.21709,35.02275],[-120.21489,35.02285],[-120.21293,35.02105],[-120.21039,35.02042],[-120.20977,35.02146],[-120.21051,35.02355],[-120.20725,35.02422],[-120.2056,35.02726],[-120.19777,35.02974],[-120.18846,35.03043],[-120.18836,35.03376],[-120.18678,35.03629],[-120.18443,35.03746],[-120.18223,35.03723],[-120.18054,35.03811],[-120.18053,35.03954],[-120.18287,35.04151],[-120.18313,35.04283],[-120.18213,35.04443],[-120.18358,35.04575],[-120.18476,35.04914],[-120.18285,35.05265],[-120.18025,35.05432],[-120.17919,35.05989],[-120.17997,35.06173],[-120.17511,35.06271],[-120.17254,35.0643],[-120.17367,35.06564],[-120.172,35.06775],[-120.17263,35.06876],[-120.17447,35.06889],[-120.17426,35.07074],[-120.17152,35.07002],[-120.16787,35.07502],[-120.16174,35.07594],[-120.15561,35.07824],[-120.15533,35.08184],[-120.14964,35.08134],[-120.14955,35.0839],[-120.14893,35.08456],[-120.1449,35.08335],[-120.14424,35.0823],[-120.1429,35.08235],[-120.14118,35.08453],[-120.14082,35.08656],[-120.14193,35.08735],[-120.14481,35.08701],[-120.1453,35.08927],[-120.1441,35.09068],[-120.14132,35.09001],[-120.14047,35.0907],[-120.14323,35.09328],[-120.14363,35.09511],[-120.14309,35.0959],[-120.1383,35.09426],[-120.13582,35.0978],[-120.13257,35.09565],[-120.13012,35.09615],[-120.12953,35.09452],[-120.13061,35.09171],[-120.12809,35.0908],[-120.12686,35.09196],[-120.12684,35.09533],[-120.12439,35.09971],[-120.12288,35.09969],[-120.12222,35.09778],[-120.12027,35.09781],[-120.11931,35.09873],[-120.11849,35.10128],[-120.11972,35.10202],[-120.1197,35.10289],[-120.1168,35.10447],[-120.11751,35.10595],[-120.11702,35.10667],[-120.11576,35.10664],[-120.11268,35.10358],[-120.10977,35.10349],[-120.1074,35.10457],[-120.1083,35.10893],[-120.10398,35.10801],[-120.1025,35.10853],[-120.10206,35.11005],[-120.10274,35.11227],[-120.10208,35.11347],[-120.09957,35.11277],[-120.09909,35.11206],[-120.0996,35.11001],[-120.09739,35.10948],[-120.0959,35.11241],[-120.0933,35.11417],[-120.08838,35.11301],[-120.08192,35.11467],[-120.07931,35.11277],[-120.08141,35.11189],[-120.08356,35.1095],[-120.08532,35.10976],[-120.08576,35.10897],[-120.08493,35.10765],[-120.08084,35.10499],[-120.07666,35.10466],[-120.07425,35.10552],[-120.07253,35.10471],[-120.07218,35.10177],[-120.0673,35.0968],[-120.06129,35.09507],[-120.05996,35.09296],[-120.04853,35.08992],[-120.04412,35.08614],[-120.04166,35.08591],[-120.03932,35.08915],[-120.03323,35.08773],[-120.02938,35.08366],[-120.02599,35.08497],[-120.0241,35.08412],[-120.02498,35.08109],[-120.02365,35.08026],[-120.01823,35.08216],[-120.01412,35.08144],[-120.01358,35.07573],[-120.00976,35.07539],[-120.00717,35.07248],[-120.00563,35.07182],[-120.00194,35.07335],[-120.00044,35.07294],[-119.99139,35.06317],[-119.98963,35.06349],[-119.98868,35.06494],[-119.9871,35.06492],[-119.98525,35.06168],[-119.98324,35.06098],[-119.97972,35.06184],[-119.9797,35.05914],[-119.98136,35.0583],[-119.98015,35.05756],[-119.97795,35.05952],[-119.97581,35.05824],[-119.97103,35.05875],[-119.96868,35.05654],[-119.96705,35.0563],[-119.96512,35.05878],[-119.96183,35.05856],[-119.96073,35.05571],[-119.95916,35.05566],[-119.95782,35.05725],[-119.95589,35.05711],[-119.95601,35.05494],[-119.95439,35.05455],[-119.95227,35.05737],[-119.94877,35.05715],[-119.94913,35.0553],[-119.94558,35.05592],[-119.94494,35.05492],[-119.94281,35.05442],[-119.93999,35.05798],[-119.93786,35.057],[-119.93925,35.05492],[-119.93173,35.05633],[-119.93043,35.05864],[-119.92974,35.05808],[-119.92859,35.05994],[-119.92602,35.05846],[-119.92617,35.05585],[-119.92399,35.0552],[-119.92178,35.05259],[-119.91834,35.0534],[-119.9174,35.04882],[-119.91328,35.04805],[-119.90945,35.04593],[-119.91209,35.04468],[-119.91121,35.04299],[-119.9093,35.04394],[-119.9088,35.04286],[-119.91028,35.03961],[-119.90696,35.03918],[-119.90696,35.03797],[-119.90198,35.03853],[-119.90196,35.036],[-119.89962,35.03603],[-119.89816,35.03813],[-119.89183,35.03919],[-119.88967,35.04064],[-119.88526,35.04037],[-119.8829,35.03926],[-119.87827,35.03976],[-119.874,35.03501],[-119.86595,35.03503],[-119.86331,35.03137],[-119.85442,35.03201],[-119.85145,35.03064],[-119.85143,35.02753],[-119.84794,35.02543],[-119.84412,35.01541],[-119.84121,35.01499],[-119.83079,35.00575],[-119.82046,35.00384],[-119.81558,35.00108],[-119.81305,35.00059],[-119.81107,35.00056],[-119.80987,35.00198],[-119.80423,34.99771],[-119.80098,34.99914],[-119.80036,34.9938],[-119.79492,34.9909],[-119.78799,34.98834],[-119.78446,34.98855],[-119.78118,34.99077],[-119.76267,34.9817],[-119.75483,34.98007],[-119.74994,34.97603],[-119.74534,34.97377],[-119.73934,34.97333],[-119.72967,34.97458],[-119.72705,34.97607],[-119.72426,34.97355],[-119.71839,34.97148],[-119.70821,34.97551],[-119.70075,34.97662],[-119.69367,34.97391],[-119.6841,34.97197],[-119.67828,34.97185],[-119.67403,34.97355],[-119.67216,34.9731],[-119.66447,34.96994],[-119.66107,34.96668],[-119.65508,34.96363],[-119.65295,34.96027],[-119.64719,34.9573],[-119.64445,34.95372],[-119.63501,34.95391],[-119.62481,34.94895],[-119.61665,34.95046],[-119.61431,34.94985],[-119.59356,34.93583],[-119.58561,34.92672],[-119.57931,34.92232],[-119.56648,34.91654],[-119.55069,34.90765],[-119.53614,34.89761],[-119.49053,34.89752],[-119.49059,34.90136],[-119.44466,34.90118]]]},"properties":{"id":"42","code":"MA3","name":"Santa Barbara Muzzleloading Rifle/Archery Buck Hunt","kind":"additional_hunt","group":"Muzzleloading/Archery","hunt_type":"BUCK","acreage":1632454}},{"type":"Feature","geometry":{"type":"Polygon","coordinates":[[[-116.10628,32.61852],[-116.2092,32.61076],[-116.62136,32.577],[-117.12392,32.53429],[-117.12506,32.54506],[-117.12731,32.5529],[-117.13076,32.55839],[-117.13297,32.56664],[-117.13264,32.59363],[-117.13411,32.6071],[-117.13604,32.61579],[-117.14233,32.63332],[-117.14901,32.64587],[-117.15607,32.65715],[-117.16121,32.66413],[-117.16803,32.67084],[-117.17799,32.67847],[-117.17982,32.67858],[-117.18005,32.67958],[-117.1872,32.68389],[-117.19808,32.68723],[-117.20975,32.68736],[-117.21696,32.68637],[-117.22323,32.68353],[-117.22642,32.68734],[-117.2277,32.6935],[-117.2271,32.69769],[-117.22523,32.70239],[-117.21732,32.70993],[-117.21402,32.71181],[-117.20301,32.7144],[-117.19496,32.71452],[-117.19131,32.71333],[-117.18981,32.71248],[-117.19038,32.70661],[-117.18095,32.70361],[-117.18053,32.70267],[-117.17849,32.70164],[-117.16659,32.69763],[-117.16418,32.69344],[-117.1644,32.68835],[-117.16361,32.68741],[-117.16388,32.68462],[-117.16534,32.68289],[-117.16589,32.68031],[-117.16776,32.67859],[-117.17018,32.67963],[-117.17218,32.68203],[-117.17369,32.68223],[-117.17502,32.68008],[-117.16711,32.67469],[-117.16391,32.6752],[-117.15779,32.6803],[-117.15405,32.67742],[-117.16012,32.67185],[-117.16061,32.66827],[-117.15281,32.65645],[-117.15192,32.65574],[-117.14973,32.65665],[-117.14778,32.65471],[-117.15038,32.65313],[-117.14975,32.65139],[-117.14661,32.65141],[-117.14457,32.65012],[-117.13836,32.63798],[-117.1411,32.637],[-117.14069,32.63569],[-117.13947,32.63521],[-117.13772,32.63124],[-117.13316,32.63282],[-117.13151,32.63161],[-117.13641,32.6301],[-117.13539,32.62783],[-117.13301,32.62784],[-117.13409,32.62643],[-117.1336,32.62521],[-117.1316,32.625],[-117.13079,32.62184],[-117.13258,32.62121],[-117.13296,32.61921],[-117.13044,32.62078],[-117.12892,32.62037],[-117.12824,32.61923],[-117.13253,32.61458],[-117.13272,32.61064],[-117.13042,32.60793],[-117.12262,32.60398],[-117.12206,32.60232],[-117.11667,32.60253],[-117.1157,32.59957],[-117.10915,32.60317],[-117.1044,32.60681],[-117.10117,32.61234],[-117.0974,32.61305],[-117.09843,32.61477],[-117.09765,32.61674],[-117.09787,32.61979],[-117.10231,32.61876],[-117.10261,32.6204],[-117.10015,32.62069],[-117.09995,32.62199],[-117.10155,32.62605],[-117.10559,32.62515],[-117.10846,32.62983],[-117.10437,32.63122],[-117.10878,32.63615],[-117.11391,32.63803],[-117.11504,32.64029],[-117.11404,32.64247],[-117.11521,32.64274],[-117.11605,32.64636],[-117.11061,32.64779],[-117.1095,32.649],[-117.11881,32.64781],[-117.12172,32.65633],[-117.11803,32.65683],[-117.11885,32.66368],[-117.12354,32.66378],[-117.11954,32.66537],[-117.12253,32.66562],[-117.11945,32.66648],[-117.11961,32.66799],[-117.12164,32.6694],[-117.1188,32.67223],[-117.1247,32.67904],[-117.12594,32.67907],[-117.12652,32.68121],[-117.1285,32.68401],[-117.1305,32.68387],[-117.13386,32.68788],[-117.13624,32.68745],[-117.13744,32.68935],[-117.1397,32.69029],[-117.14223,32.68995],[-117.14351,32.69034],[-117.14336,32.69143],[-117.14589,32.6911],[-117.14513,32.6924],[-117.14627,32.69311],[-117.14724,32.69263],[-117.14903,32.69454],[-117.15199,32.6944],[-117.15087,32.69584],[-117.15218,32.69687],[-117.1548,32.69628],[-117.16065,32.70045],[-117.16,32.70212],[-117.16106,32.70262],[-117.16033,32.70347],[-117.167,32.70822],[-117.17155,32.70792],[-117.17347,32.71218],[-117.1757,32.71221],[-117.17431,32.71333],[-117.17594,32.71379],[-117.17659,32.71539],[-117.17361,32.71621],[-117.17656,32.71658],[-117.17669,32.71766],[-117.17352,32.71798],[-117.17363,32.72421],[-117.17583,32.72673],[-117.17878,32.72705],[-117.18073,32.72554],[-117.18475,32.72682],[-117.18459,32.72781],[-117.18599,32.72824],[-117.18757,32.72712],[-117.1954,32.72701],[-117.19482,32.72588],[-117.19196,32.72459],[-117.20683,32.72446],[-117.20996,32.72474],[-117.20676,32.7257],[-117.19922,32.7259],[-117.19857,32.72772],[-117.19993,32.72847],[-117.21305,32.72803],[-117.21338,32.72966],[-117.21576,32.72668],[-117.21708,32.72221],[-117.21847,32.72171],[-117.22356,32.72437],[-117.22638,32.72457],[-117.22741,32.72386],[-117.22768,32.72111],[-117.22563,32.71991],[-117.22879,32.71837],[-117.2312,32.71868],[-117.23432,32.71738],[-117.23597,32.71476],[-117.23445,32.71454],[-117.23697,32.71073],[-117.23635,32.70349],[-117.23924,32.69897],[-117.23981,32.69505],[-117.23926,32.68917],[-117.23731,32.68671],[-117.23496,32.68519],[-117.23841,32.68113],[-117.23628,32.67176],[-117.23729,32.66997],[-117.23743,32.66776],[-117.23893,32.66607],[-117.2424,32.66512],[-117.24473,32.66657],[-117.24476,32.66884],[-117.24551,32.66953],[-117.24528,32.6742],[-117.24662,32.67501],[-117.24677,32.67722],[-117.24809,32.67902],[-117.24833,32.68241],[-117.24993,32.68359],[-117.25039,32.6896],[-117.25305,32.69217],[-117.25277,32.69379],[-117.25399,32.69509],[-117.25394,32.6972],[-117.25552,32.69923],[-117.25537,32.70898],[-117.25643,32.71467],[-117.25557,32.71605],[-117.2573,32.71959],[-117.25697,32.72292],[-117.25796,32.725],[-117.25574,32.7276],[-117.25626,32.72978],[-117.25726,32.73054],[-117.25667,32.73043],[-117.25698,32.73137],[-117.2563,32.73251],[-117.25729,32.73312],[-117.25586,32.73476],[-117.25612,32.73572],[-117.25512,32.73761],[-117.25535,32.74343],[-117.25487,32.74393],[-117.25544,32.74384],[-117.2555,32.74524],[-117.25322,32.74795],[-117.25262,32.75367],[-117.25026,32.75493],[-117.21227,32.75925],[-117.21246,32.76049],[-117.21362,32.76053],[-117.24303,32.7576],[-117.24156,32.76174],[-117.24045,32.75982],[-117.23407,32.76028],[-117.23429,32.76176],[-117.23825,32.76451],[-117.24207,32.76414],[-117.24194,32.76529],[-117.24034,32.76708],[-117.23738,32.76786],[-117.23519,32.76628],[-117.23443,32.76754],[-117.2353,32.76845],[-117.234,32.76951],[-117.2328,32.76921],[-117.23134,32.76646],[-117.22881,32.7666],[-117.22789,32.76763],[-117.21577,32.76505],[-117.21151,32.76594],[-117.20972,32.76745],[-117.20937,32.76926],[-117.20799,32.76997],[-117.2091,32.77077],[-117.21187,32.77868],[-117.21214,32.78145],[-117.21024,32.78668],[-117.21065,32.7902],[-117.20935,32.79288],[-117.20951,32.79538],[-117.21119,32.79699],[-117.21553,32.7965],[-117.21619,32.79522],[-117.21529,32.79458],[-117.21231,32.79483],[-117.21127,32.79431],[-117.21301,32.793],[-117.21686,32.79226],[-117.21928,32.79361],[-117.2199,32.79599],[-117.2266,32.79446],[-117.2298,32.7954],[-117.2298,32.79416],[-117.23119,32.79219],[-117.23037,32.79059],[-117.23259,32.78238],[-117.23395,32.7803],[-117.23636,32.7795],[-117.23766,32.77979],[-117.23907,32.78142],[-117.24053,32.78726],[-117.24206,32.79006],[-117.24421,32.79122],[-117.24988,32.7909],[-117.25186,32.78898],[-117.25211,32.78719],[-117.25086,32.78334],[-117.24992,32.7849],[-117.24854,32.78536],[-117.248,32.78449],[-117.25099,32.77925],[-117.249,32.7789],[-117.25108,32.77722],[-117.24894,32.77248],[-117.24745,32.77239],[-117.2466,32.77312],[-117.2471,32.77516],[-117.24623,32.77585],[-117.24501,32.77484],[-117.2446,32.77319],[-117.24539,32.77118],[-117.24422,32.77046],[-117.24311,32.77079],[-117.24254,32.76973],[-117.24511,32.76584],[-117.24543,32.76408],[-117.24652,32.76444],[-117.24576,32.76817],[-117.24728,32.76966],[-117.24864,32.76985],[-117.24964,32.76373],[-117.24783,32.76074],[-117.24611,32.76196],[-117.24519,32.76038],[-117.25352,32.75874],[-117.25298,32.76744],[-117.25364,32.78021],[-117.25576,32.79175],[-117.25799,32.79851],[-117.25969,32.80197],[-117.26372,32.80702],[-117.2652,32.80797],[-117.26703,32.80767],[-117.26815,32.80825],[-117.27004,32.81151],[-117.27344,32.8149],[-117.27296,32.81677],[-117.27387,32.81819],[-117.27468,32.81875],[-117.27562,32.81827],[-117.28001,32.82112],[-117.2806,32.82214],[-117.27979,32.82684],[-117.2819,32.83229],[-117.2813,32.83465],[-117.28174,32.84052],[-117.2809,32.84283],[-117.27905,32.84416],[-117.27859,32.8475],[-117.27716,32.84765],[-117.27332,32.85112],[-117.27266,32.85024],[-117.26996,32.84996],[-117.26727,32.84849],[-117.2648,32.84858],[-117.26012,32.85277],[-117.25784,32.85584],[-117.25525,32.86106],[-117.25292,32.87071],[-117.25139,32.87325],[-117.25104,32.87643],[-117.2532,32.88564],[-117.2534,32.89596],[-117.25507,32.90541],[-117.2575,32.91243],[-117.25863,32.91396],[-117.2594,32.92598],[-117.26076,32.93391],[-117.26278,32.9424],[-117.26708,32.95364],[-117.2684,32.95915],[-117.27019,32.97473],[-117.27329,32.98224],[-117.27401,32.98904],[-117.2763,32.9979],[-117.27816,32.9999],[-117.27845,33.00578],[-117.27963,33.01111],[-117.29116,33.03314],[-117.29572,33.03697],[-117.29798,33.04685],[-117.3103,33.07648],[-117.31304,33.08609],[-117.31278,33.08783],[-117.31381,33.0883],[-117.3255,33.11661],[-117.32888,33.12278],[-117.33669,33.13183],[-117.33847,33.13696],[-117.34272,33.14406],[-117.34547,33.14613],[-117.36218,33.16883],[-117.38406,33.19357],[-117.36406,33.20438],[-117.36035,33.20827],[-117.35722,33.20901],[-117.35427,33.20848],[-117.35182,33.209],[-117.34994,33.21224],[-117.33287,33.22414],[-117.33091,33.22616],[-117.31787,33.23071],[-117.31411,33.23017],[-117.29982,33.23798],[-117.29275,33.24325],[-117.2864,33.24389],[-117.27816,33.24749],[-117.27571,33.24762],[-117.25639,33.25462],[-117.25238,33.25492],[-117.24466,33.25318],[-117.24095,33.25509],[-117.23642,33.25917],[-117.23613,33.26195],[-117.23691,33.26336],[-117.23533,33.27582],[-117.22857,33.2795],[-117.22522,33.28269],[-117.22468,33.28688],[-117.22542,33.29121],[-117.22024,33.29607],[-117.21927,33.29847],[-117.21556,33.30299],[-117.2106,33.30657],[-117.19816,33.3132],[-117.19674,33.31487],[-117.19513,33.3154],[-117.18779,33.31465],[-117.17729,33.31598],[-117.17472,33.31777],[-117.17121,33.32221],[-117.16698,33.32339],[-117.1601,33.33099],[-117.15973,33.35713],[-117.16033,33.35929],[-117.16364,33.3646],[-117.17418,33.37844],[-117.17533,33.38464],[-117.16906,33.40174],[-117.16147,33.4101],[-117.14872,33.42726],[-117.1439,33.43255],[-117.10438,33.43032],[-117.03088,33.43004],[-117.03092,33.42694],[-116.61765,33.42728],[-116.61798,33.37409],[-116.60549,33.37425],[-116.6057,33.37071],[-116.61802,33.37056],[-116.61804,33.36695],[-116.61428,33.36734],[-116.61386,33.36336],[-116.57344,33.36304],[-116.57261,33.37658],[-116.56686,33.37658],[-116.56638,33.37767],[-116.56511,33.37658],[-116.55826,33.37659],[-116.55915,33.34956],[-116.55868,33.34152],[-116.50143,33.34123],[-116.50103,33.25255],[-116.49978,33.24295],[-116.49133,33.2429],[-116.4915,33.22866],[-116.49573,33.22854],[-116.49545,33.22487],[-116.49123,33.22485],[-116.49112,33.22165],[-116.49559,33.22166],[-116.49535,33.21053],[-116.50384,33.21046],[-116.50405,33.20308],[-116.49973,33.20311],[-116.49988,33.19574],[-116.50826,33.19561],[-116.50869,33.19217],[-116.51292,33.19242],[-116.51248,33.18502],[-116.50823,33.18489],[-116.50824,33.18084],[-116.49531,33.18118],[-116.49499,33.17782],[-116.51218,33.17816],[-116.51265,33.1812],[-116.51718,33.1816],[-116.51655,33.17081],[-116.51427,33.15354],[-116.51395,33.13811],[-116.51222,33.12661],[-116.5041,33.1194],[-116.50328,33.11035],[-116.49564,33.10663],[-116.49527,33.09404],[-116.48494,33.09411],[-116.46702,33.09993],[-116.45944,33.10008],[-116.45099,33.10575],[-116.44914,33.11001],[-116.43459,33.11969],[-116.43453,33.12086],[-116.43573,33.12223],[-116.4359,33.12588],[-116.43405,33.12872],[-116.42686,33.12838],[-116.41085,33.13122],[-116.40508,33.13113],[-116.40246,33.13203],[-116.39587,33.13228],[-116.38879,33.13487],[-116.38277,33.13476],[-116.37463,33.13693],[-116.36447,33.13396],[-116.35334,33.13553],[-116.33215,33.13278],[-116.31377,33.1333],[-116.31091,33.13201],[-116.30144,33.13098],[-116.30024,33.13173],[-116.29939,33.13512],[-116.29318,33.13858],[-116.27493,33.14337],[-116.27191,33.14268],[-116.26913,33.14302],[-116.2591,33.14971],[-116.24964,33.15497],[-116.24621,33.1566],[-116.23831,33.15863],[-116.22358,33.1593],[-116.20094,33.15652],[-116.17798,33.152],[-116.14905,33.14887],[-116.12991,33.14324],[-116.11937,33.14223],[-116.10464,33.13964],[-116.08108,33.13207],[-116.0811,33.0747],[-116.10328,33.07464],[-116.10301,32.97607],[-116.10374,32.88898],[-116.10244,32.85794],[-116.10355,32.82897],[-116.10303,32.7264],[-116.10556,32.72636],[-116.10628,32.61852]]]},"properties":{"id":"43","code":"M6","name":"San Diego Muzzleloading Rifle Either-Sex Deer Hunt","kind":"additional_hunt","group":"Muzzleloading","hunt_type":"EITHER-SEX","acreage":2167765}},{"type":"Feature","geometry":{"type":"Polygon","coordinates":[[[-123.06485,40.02342],[-123.06412,40.02252],[-123.06163,40.02291],[-123.06033,40.02107],[-123.05814,40.02081],[-123.0551,40.022],[-123.05333,40.02439],[-123.04711,40.02514],[-123.0449,40.02623],[-123.03933,40.02667],[-123.03709,40.02948],[-123.03706,40.03202],[-123.03456,40.03363],[-123.03274,40.0333],[-123.02987,40.03655],[-123.0263,40.0364],[-123.02433,40.03737],[-123.02112,40.03707],[-123.02044,40.03895],[-123.01965,40.03934],[-123.0111,40.04108],[-123.00826,40.04099],[-123.00625,40.04193],[-123.00165,40.04157],[-122.99906,40.03973],[-122.99574,40.04064],[-122.988,40.03991],[-122.98554,40.0389],[-122.98014,40.03996],[-122.97673,40.03845],[-122.97102,40.0372],[-122.96447,40.03357],[-122.96279,40.03335],[-122.96214,40.03229],[-122.96266,40.03119],[-122.96073,40.02945],[-122.96055,40.03087],[-122.95873,40.03054],[-122.9573,40.03218],[-122.95541,40.0327],[-122.95488,40.03387],[-122.95278,40.03398],[-122.95095,40.0351],[-122.94981,40.03193],[-122.95061,40.02972],[-122.95047,40.02732],[-122.95205,40.02509],[-122.95515,40.02289],[-122.9563,40.02002],[-122.95457,40.0151],[-122.95246,40.01429],[-122.95169,40.01516],[-122.94937,40.01237],[-122.9493,40.00856],[-122.95126,40.00462],[-122.95212,39.99832],[-122.9487,39.99561],[-122.94434,39.99539],[-122.94198,39.99232],[-122.93915,39.99149],[-122.93834,39.99037],[-122.93822,39.98819],[-122.93518,39.98621],[-122.93725,39.98162],[-122.93676,39.98076],[-122.9347,39.97997],[-122.93432,39.97821],[-122.93756,39.97803],[-122.93482,39.97803],[-122.93542,39.97709],[-122.93224,39.9728],[-122.9297,39.9729],[-122.92858,39.96751],[-122.92715,39.96708],[-122.92525,39.96065],[-122.92757,39.95594],[-122.92653,39.95127],[-122.92693,39.9452],[-122.92405,39.94412],[-122.91984,39.93961],[-122.91925,39.93687],[-122.91589,39.93527],[-122.91464,39.93273],[-122.91283,39.93259],[-122.91535,39.9307],[-122.91736,39.92994],[-122.91901,39.93024],[-122.92059,39.92906],[-122.92151,39.92232],[-122.92016,39.91748],[-122.92122,39.91598],[-122.93147,39.91186],[-122.94893,39.90833],[-122.9515,39.90593],[-122.94832,39.90241],[-122.94811,39.9005],[-122.94835,39.89334],[-122.94998,39.88961],[-122.94982,39.88688],[-122.95081,39.88389],[-122.95066,39.87922],[-122.95348,39.87295],[-122.95176,39.86874],[-122.95211,39.86623],[-122.95142,39.86622],[-122.95194,39.8639],[-122.95587,39.85869],[-122.9555,39.85589],[-122.95401,39.85448],[-122.95783,39.85039],[-122.95761,39.84866],[-122.96011,39.84509],[-122.95731,39.8422],[-122.95616,39.83887],[-122.95114,39.83731],[-122.94801,39.83016],[-122.94795,39.82554],[-122.9468,39.82476],[-122.94807,39.82304],[-122.94667,39.82167],[-122.94649,39.81888],[-122.9473,39.81787],[-122.94578,39.81595],[-122.94531,39.81288],[-122.944,39.81151],[-122.94464,39.80743],[-122.94399,39.80559],[-122.94406,39.80118],[-122.9376,39.79658],[-122.93759,39.79547],[-122.94272,39.79635],[-122.94545,39.79789],[-122.94889,39.79693],[-122.95041,39.79755],[-122.95085,39.79972],[-122.94981,39.80066],[-122.9499,39.80311],[-122.95329,39.80661],[-122.95228,39.80899],[-122.95519,39.81144],[-122.957,39.81169],[-122.95827,39.81395],[-122.96151,39.81391],[-122.96281,39.81278],[-122.96569,39.81242],[-122.97392,39.81631],[-122.97306,39.81896],[-122.98223,39.81884],[-122.98356,39.82038],[-122.98342,39.82159],[-122.98656,39.82156],[-122.99347,39.81758],[-122.99315,39.8152],[-122.99377,39.81362],[-122.99765,39.81206],[-122.99819,39.80987],[-122.99961,39.80927],[-123.00473,39.80952],[-123.00624,39.81156],[-123.00823,39.81197],[-123.01963,39.80608],[-123.02123,39.80589],[-123.02378,39.80669],[-123.03013,39.80626],[-123.03259,39.80995],[-123.03977,39.80828],[-123.04743,39.81114],[-123.0588,39.8107],[-123.06031,39.8124],[-123.06396,39.81331],[-123.07019,39.81787],[-123.07663,39.81913],[-123.07972,39.82071],[-123.08242,39.82333],[-123.0844,39.82688],[-123.08797,39.82386],[-123.08382,39.82274],[-123.07853,39.81775],[-123.0736,39.81695],[-123.07049,39.81377],[-123.07096,39.81198],[-123.07031,39.81075],[-123.0688,39.81009],[-123.06699,39.80727],[-123.06553,39.80748],[-123.06399,39.80597],[-123.06055,39.80494],[-123.05381,39.80645],[-123.04446,39.80256],[-123.04061,39.80203],[-123.03987,39.80075],[-123.0369,39.79958],[-123.03601,39.79848],[-123.03201,39.79866],[-123.031,39.79518],[-123.03245,39.79013],[-123.03053,39.78983],[-123.02821,39.78768],[-123.02317,39.78598],[-123.02202,39.78266],[-123.02056,39.78216],[-123.01792,39.77873],[-123.01339,39.77687],[-123.01283,39.77555],[-123.01155,39.77511],[-123.00898,39.77562],[-123.00473,39.77406],[-123.00266,39.77222],[-122.99679,39.77144],[-122.99047,39.76602],[-122.98762,39.76543],[-122.98563,39.76321],[-122.98083,39.76287],[-122.9775,39.7622],[-122.97394,39.76046],[-122.97234,39.76065],[-122.96404,39.75564],[-122.96122,39.75509],[-122.96075,39.75337],[-122.95906,39.75324],[-122.95606,39.75058],[-122.95636,39.74908],[-122.95535,39.74658],[-122.95606,39.74539],[-122.95576,39.74406],[-122.9541,39.74242],[-122.95449,39.74082],[-122.95345,39.73958],[-122.953,39.73702],[-122.94995,39.73656],[-122.94983,39.73555],[-122.94856,39.73528],[-122.94791,39.7323],[-122.94488,39.73237],[-122.94381,39.7313],[-122.94349,39.72853],[-122.93949,39.72681],[-122.93712,39.72255],[-122.93578,39.7228],[-122.93454,39.71928],[-122.93077,39.71873],[-122.93057,39.71743],[-122.93199,39.71658],[-122.93143,39.71376],[-122.92621,39.70628],[-122.92393,39.70452],[-122.92417,39.69971],[-122.92044,39.69687],[-122.92044,39.69518],[-122.91887,39.69298],[-122.91955,39.69037],[-122.91768,39.68802],[-122.91801,39.68685],[-122.9168,39.68618],[-122.91547,39.6809],[-122.9176,39.67657],[-122.91633,39.67376],[-122.91627,39.66893],[-122.9176,39.66577],[-122.91515,39.66289],[-122.91165,39.66238],[-122.90777,39.65952],[-122.90011,39.65593],[-122.89854,39.65208],[-122.89528,39.64922],[-122.89413,39.64729],[-122.89268,39.64661],[-122.89072,39.64378],[-122.89055,39.62467],[-122.88763,39.61924],[-122.88514,39.61114],[-122.8863,39.5657],[-122.88718,39.55882],[-122.88541,39.55937],[-122.88358,39.5571],[-122.88094,39.55671],[-122.88042,39.55523],[-122.87848,39.5551],[-122.87702,39.55633],[-122.87367,39.55614],[-122.87255,39.55473],[-122.86198,39.55237],[-122.86058,39.55264],[-122.8572,39.55129],[-122.85835,39.54951],[-122.85932,39.5442],[-122.85731,39.54379],[-122.85657,39.54274],[-122.85885,39.53861],[-122.84962,39.52839],[-122.84678,39.52928],[-122.84108,39.52942],[-122.83836,39.53063],[-122.83688,39.53013],[-122.83363,39.53075],[-122.83091,39.52954],[-122.82701,39.52997],[-122.82432,39.53118],[-122.824,39.53494],[-122.81847,39.53409],[-122.81776,39.53494],[-122.81046,39.53784],[-122.80812,39.53748],[-122.80555,39.53912],[-122.80286,39.53869],[-122.80198,39.5396],[-122.80177,39.54228],[-122.79595,39.54265],[-122.79609,39.54524],[-122.79521,39.54597],[-122.79184,39.54635],[-122.79092,39.54748],[-122.78941,39.5475],[-122.78778,39.5486],[-122.78367,39.54848],[-122.77758,39.54983],[-122.77398,39.55269],[-122.77126,39.55308],[-122.77052,39.55402],[-122.76694,39.55495],[-122.76366,39.55539],[-122.76233,39.55479],[-122.76206,39.5528],[-122.76005,39.55188],[-122.75819,39.55232],[-122.75724,39.55145],[-122.75432,39.55138],[-122.75115,39.54973],[-122.74718,39.54932],[-122.74609,39.54804],[-122.74399,39.54833],[-122.74254,39.54703],[-122.7405,39.54756],[-122.73822,39.54717],[-122.73489,39.54937],[-122.73042,39.54965],[-122.72927,39.54898],[-122.72129,39.54841],[-122.72031,39.54775],[-122.71567,39.54821],[-122.71434,39.54754],[-122.7146,39.54498],[-122.71058,39.53699],[-122.71005,39.53379],[-122.71117,39.5321],[-122.71518,39.51713],[-122.71642,39.51594],[-122.71645,39.51088],[-122.71716,39.50882],[-122.71973,39.50417],[-122.72286,39.50104],[-122.72351,39.49852],[-122.72188,39.49428],[-122.72253,39.49229],[-122.72166,39.49036],[-122.72399,39.48967],[-122.72677,39.49036],[-122.7288,39.48721],[-122.7319,39.4858],[-122.73269,39.45031],[-122.74162,39.43542],[-122.73927,39.40643],[-122.73923,39.38394],[-122.74723,39.3833],[-122.78463,39.38292],[-122.78171,39.37923],[-122.77858,39.37907],[-122.77422,39.3748],[-122.77021,39.37516],[-122.76759,39.37441],[-122.7651,39.3772],[-122.76031,39.37822],[-122.75921,39.37771],[-122.75544,39.37559],[-122.75168,39.37015],[-122.74535,39.36909],[-122.74318,39.36754],[-122.74152,39.36148],[-122.7416,39.35887],[-122.74864,39.35222],[-122.75198,39.34641],[-122.75326,39.34557],[-122.75892,39.34452],[-122.76039,39.34487],[-122.76528,39.34271],[-122.76571,39.33902],[-122.7647,39.33644],[-122.7681,39.33127],[-122.76894,39.32857],[-122.76858,39.32601],[-122.77257,39.32385],[-122.77296,39.31987],[-122.77504,39.31641],[-122.77549,39.315],[-122.77497,39.31325],[-122.77636,39.31175],[-122.77595,39.31017],[-122.77725,39.30839],[-122.77653,39.30744],[-122.79102,39.30565],[-122.79856,39.30613],[-122.80714,39.30813],[-122.81185,39.30685],[-122.81394,39.30703],[-122.82095,39.31009],[-122.82779,39.30948],[-122.83687,39.31268],[-122.83975,39.3122],[-122.84317,39.313],[-122.85141,39.31811],[-122.85212,39.31952],[-122.85597,39.32119],[-122.85577,39.32173],[-122.85742,39.32184],[-122.85762,39.32259],[-122.85939,39.32261],[-122.86008,39.32153],[-122.86224,39.32227],[-122.86285,39.32307],[-122.85944,39.32401],[-122.85983,39.32439],[-122.86168,39.32417],[-122.86342,39.32515],[-122.86803,39.32493],[-122.8705,39.32574],[-122.87111,39.32809],[-122.87377,39.32896],[-122.87545,39.33176],[-122.8762,39.33641],[-122.87944,39.33688],[-122.88229,39.3415],[-122.88386,39.34219],[-122.88492,39.34494],[-122.88889,39.3457],[-122.88987,39.34691],[-122.88898,39.3498],[-122.88975,39.35076],[-122.88588,39.35487],[-122.88656,39.35753],[-122.89157,39.3587],[-122.8952,39.35884],[-122.89755,39.35797],[-122.8992,39.35861],[-122.89935,39.36119],[-122.90035,39.36241],[-122.9036,39.36271],[-122.90501,39.36484],[-122.90474,39.36582],[-122.91141,39.37058],[-122.91008,39.37397],[-122.91076,39.37735],[-122.91241,39.37762],[-122.91603,39.37641],[-122.91757,39.37696],[-122.91925,39.3792],[-122.92022,39.3781],[-122.92338,39.37746],[-122.927,39.38042],[-122.9296,39.38138],[-122.93066,39.38305],[-122.93591,39.38376],[-122.93739,39.38472],[-122.93845,39.3855],[-122.93845,39.38675],[-122.93644,39.38756],[-122.93659,39.38952],[-122.93883,39.39099],[-122.94284,39.39213],[-122.94449,39.39635],[-122.95048,39.39763],[-122.9498,39.40001],[-122.95137,39.40371],[-122.9558,39.40662],[-122.96147,39.40756],[-122.96163,39.40611],[-122.96302,39.40736],[-122.96978,39.40754],[-122.97417,39.40947],[-122.97973,39.41023],[-122.98544,39.40713],[-122.9881,39.40659],[-122.989,39.40797],[-122.9911,39.40772],[-122.99329,39.40508],[-122.99446,39.40475],[-122.9988,39.40862],[-123.00008,39.41106],[-123.0049,39.41188],[-123.0067,39.41379],[-123.01124,39.41646],[-123.01538,39.41537],[-123.02097,39.4126],[-123.02392,39.40972],[-123.02469,39.40758],[-123.02419,39.40512],[-123.02751,39.40249],[-123.0293,39.39852],[-123.03494,39.39703],[-123.0374,39.3953],[-123.03947,39.3927],[-123.03998,39.38865],[-123.04283,39.38654],[-123.04372,39.38403],[-123.05126,39.37569],[-123.05455,39.37609],[-123.06169,39.37528],[-123.06511,39.37411],[-123.06691,39.37453],[-123.07079,39.37167],[-123.07314,39.37191],[-123.0738,39.3706],[-123.07586,39.37038],[-123.07662,39.37139],[-123.07583,39.3747],[-123.07932,39.37549],[-123.08069,39.37855],[-123.08406,39.38083],[-123.10802,39.38301],[-123.11041,39.38219],[-123.11635,39.38501],[-123.11484,39.39212],[-123.11733,39.39774],[-123.11635,39.40108],[-123.11694,39.40205],[-123.11749,39.40279],[-123.12093,39.4033],[-123.12587,39.40703],[-123.12658,39.40977],[-123.12571,39.4106],[-123.12542,39.41254],[-123.12743,39.41519],[-123.12726,39.41713],[-123.12796,39.41785],[-123.13095,39.41797],[-123.1347,39.42035],[-123.1381,39.42089],[-123.13895,39.42231],[-123.13771,39.42421],[-123.1384,39.42517],[-123.14223,39.42507],[-123.14317,39.42612],[-123.14296,39.42717],[-123.14448,39.43032],[-123.1427,39.43221],[-123.14246,39.43342],[-123.14447,39.43672],[-123.14426,39.43966],[-123.14608,39.44335],[-123.14554,39.44605],[-123.14859,39.45187],[-123.14807,39.45522],[-123.15048,39.45711],[-123.15268,39.46183],[-123.15458,39.46366],[-123.1577,39.47112],[-123.15751,39.47202],[-123.15094,39.47505],[-123.15089,39.47648],[-123.15454,39.4804],[-123.1578,39.48253],[-123.15768,39.4875],[-123.15889,39.48884],[-123.16137,39.48995],[-123.1657,39.49007],[-123.17148,39.49376],[-123.17454,39.49222],[-123.1826,39.49415],[-123.1841,39.49357],[-123.19169,39.49484],[-123.2014,39.49425],[-123.20568,39.49593],[-123.2111,39.4929],[-123.21289,39.49265],[-123.21807,39.48661],[-123.2168,39.48226],[-123.21733,39.47972],[-123.21952,39.47681],[-123.21808,39.47505],[-123.21819,39.47352],[-123.21285,39.46954],[-123.21134,39.45908],[-123.21269,39.45805],[-123.21399,39.45929],[-123.2165,39.45949],[-123.22742,39.45658],[-123.22852,39.45562],[-123.23498,39.45429],[-123.23823,39.45435],[-123.24393,39.45666],[-123.24738,39.45552],[-123.26093,39.45767],[-123.26158,39.45889],[-123.26684,39.45987],[-123.26896,39.46346],[-123.27342,39.46449],[-123.27797,39.46361],[-123.28116,39.46159],[-123.28934,39.46095],[-123.29087,39.4615],[-123.29338,39.46075],[-123.29379,39.45979],[-123.29716,39.45901],[-123.29663,39.458],[-123.29763,39.45716],[-123.30253,39.45592],[-123.30434,39.45473],[-123.30454,39.45267],[-123.30617,39.45141],[-123.30643,39.44992],[-123.30891,39.44857],[-123.3098,39.4494],[-123.31201,39.44798],[-123.31257,39.44482],[-123.31455,39.44244],[-123.3129,39.44045],[-123.31431,39.43857],[-123.31178,39.43278],[-123.31236,39.42754],[-123.32665,39.42724],[-123.32656,39.4134],[-123.35408,39.41223],[-123.35483,39.41842],[-123.35347,39.42385],[-123.35769,39.42863],[-123.35804,39.43446],[-123.35524,39.44074],[-123.34794,39.44961],[-123.34786,39.45188],[-123.34924,39.45982],[-123.35116,39.46502],[-123.35703,39.46957],[-123.36199,39.47129],[-123.36373,39.47298],[-123.3637,39.47758],[-123.36054,39.48527],[-123.36381,39.49298],[-123.36751,39.49674],[-123.3733,39.49932],[-123.37906,39.50338],[-123.38133,39.50691],[-123.38536,39.51012],[-123.39039,39.5163],[-123.39266,39.5209],[-123.39768,39.52331],[-123.40374,39.5297],[-123.40483,39.53528],[-123.4075,39.53606],[-123.41305,39.53455],[-123.41669,39.53684],[-123.41843,39.54077],[-123.42358,39.54427],[-123.42548,39.55143],[-123.43006,39.555],[-123.43267,39.55818],[-123.4359,39.57008],[-123.43833,39.57321],[-123.43945,39.57656],[-123.44381,39.58081],[-123.44558,39.58426],[-123.45159,39.58945],[-123.45382,39.59332],[-123.45433,39.60355],[-123.45875,39.61037],[-123.45881,39.61398],[-123.46432,39.61893],[-123.465,39.62057],[-123.46235,39.62737],[-123.46265,39.62938],[-123.46819,39.63448],[-123.47534,39.64585],[-123.4766,39.65617],[-123.47776,39.65857],[-123.47611,39.66327],[-123.47547,39.6737],[-123.47604,39.6805],[-123.47889,39.6845],[-123.48272,39.68724],[-123.48317,39.69125],[-123.48974,39.70815],[-123.49957,39.71672],[-123.50472,39.72712],[-123.51251,39.73351],[-123.51434,39.73883],[-123.51596,39.74068],[-123.52686,39.74742],[-123.53441,39.75062],[-123.53582,39.75252],[-123.53824,39.75863],[-123.54323,39.76393],[-123.54634,39.77281],[-123.54297,39.78148],[-123.54472,39.78567],[-123.54255,39.79237],[-123.54224,39.79759],[-123.54419,39.80393],[-123.54983,39.80883],[-123.55481,39.81014],[-123.56365,39.81742],[-123.56474,39.82179],[-123.56616,39.82335],[-123.56984,39.82672],[-123.57358,39.82759],[-123.57803,39.82809],[-123.58293,39.82672],[-123.58821,39.82791],[-123.59199,39.82639],[-123.5948,39.8262],[-123.60053,39.82906],[-123.60973,39.82746],[-123.61527,39.83052],[-123.61997,39.83218],[-123.63288,39.83449],[-123.64778,39.83284],[-123.65431,39.82851],[-123.66173,39.82908],[-123.66865,39.82636],[-123.6723,39.82642],[-123.67536,39.83098],[-123.6957,39.8441],[-123.71617,39.85194],[-123.71697,39.85422],[-123.71496,39.85818],[-123.7131,39.86491],[-123.71378,39.86823],[-123.71094,39.87336],[-123.71076,39.87475],[-123.71276,39.87695],[-123.71644,39.8785],[-123.72146,39.87706],[-123.73177,39.87847],[-123.73322,39.87945],[-123.7373,39.88636],[-123.7398,39.88727],[-123.74375,39.88672],[-123.74708,39.88715],[-123.74866,39.89074],[-123.7536,39.89223],[-123.75351,39.8953],[-123.75081,39.89721],[-123.75087,39.89824],[-123.7546,39.90107],[-123.74996,39.90316],[-123.74928,39.90575],[-123.75053,39.90673],[-123.75396,39.90731],[-123.75619,39.90656],[-123.75858,39.90409],[-123.75991,39.90462],[-123.75809,39.90933],[-123.75865,39.91254],[-123.76091,39.91437],[-123.7664,39.91664],[-123.76735,39.91776],[-123.76735,39.91872],[-123.76111,39.91968],[-123.75983,39.92057],[-123.75887,39.92182],[-123.75809,39.92741],[-123.7648,39.93227],[-123.76813,39.93337],[-123.77751,39.94012],[-123.78077,39.94658],[-123.78119,39.94926],[-123.78026,39.95496],[-123.78168,39.95793],[-123.78492,39.96045],[-123.79565,39.96584],[-123.80274,39.97948],[-123.80212,39.98264],[-123.80086,39.98387],[-123.78955,39.99096],[-123.78836,39.99627],[-123.78638,39.99926],[-123.78378,40.00105],[-123.77739,40.00167],[-123.77726,40.00302],[-123.77807,40.00405],[-123.77764,40.00726],[-123.77921,40.00814],[-123.78047,40.00621],[-123.78487,40.00573],[-123.78729,40.00653],[-123.78731,40.00882],[-123.78594,40.0101],[-123.78645,40.0114],[-123.79035,40.01337],[-123.79115,40.01468],[-123.78868,40.02003],[-123.79252,40.02344],[-123.79261,40.02529],[-123.79136,40.02589],[-123.79127,40.02701],[-123.79243,40.02765],[-123.79287,40.02957],[-123.79246,40.03303],[-123.79073,40.03486],[-123.78751,40.03465],[-123.78641,40.03367],[-123.78614,40.03202],[-123.78394,40.03085],[-123.77751,40.03028],[-123.77647,40.03334],[-123.77674,40.03501],[-123.7787,40.03863],[-123.78224,40.04147],[-123.78358,40.04417],[-123.78769,40.04692],[-123.79162,40.04783],[-123.79531,40.05157],[-123.79546,40.05269],[-123.79403,40.05674],[-123.79251,40.05788],[-123.78879,40.0587],[-123.78611,40.05799],[-123.78307,40.05818],[-123.77911,40.06083],[-123.77928,40.06209],[-123.78682,40.06454],[-123.79063,40.06694],[-123.79128,40.06822],[-123.80111,40.06692],[-123.8035,40.06367],[-123.80749,40.06056],[-123.81818,40.06518],[-123.82074,40.06422],[-123.82247,40.06177],[-123.82384,40.06111],[-123.82568,40.06252],[-123.82545,40.06388],[-123.82786,40.07069],[-123.82744,40.07513],[-123.82658,40.0766],[-123.8211,40.07681],[-123.81738,40.07788],[-123.81404,40.08013],[-123.80612,40.08829],[-123.80108,40.09012],[-123.79637,40.09072],[-123.7953,40.09154],[-123.79584,40.0933],[-123.79747,40.09488],[-123.80621,40.09642],[-123.80594,40.09747],[-123.80072,40.09939],[-123.79777,40.10269],[-123.79688,40.10548],[-123.79887,40.11138],[-123.7986,40.11257],[-123.79536,40.11465],[-123.79661,40.1161],[-123.80051,40.11653],[-123.80492,40.11431],[-123.80766,40.11385],[-123.81407,40.11463],[-123.82093,40.11303],[-123.8257,40.1136],[-123.83249,40.11497],[-123.83535,40.11804],[-123.83646,40.1204],[-123.83622,40.12429],[-123.83553,40.1253],[-123.83151,40.12698],[-123.82835,40.12576],[-123.82448,40.12645],[-123.82284,40.12773],[-123.82227,40.12977],[-123.8198,40.131],[-123.81324,40.14121],[-123.80999,40.1434],[-123.80656,40.14382],[-123.80116,40.14874],[-123.79615,40.15176],[-123.79675,40.15535],[-123.7957,40.15762],[-123.79329,40.15871],[-123.79245,40.16036],[-123.78824,40.16267],[-123.78541,40.16606],[-123.78261,40.16786],[-123.78216,40.16892],[-123.78287,40.17178],[-123.78171,40.17983],[-123.78063,40.18107],[-123.77404,40.18338],[-123.77132,40.18816],[-123.76986,40.18939],[-123.76911,40.19386],[-123.77421,40.1964],[-123.77829,40.20253],[-123.78095,40.2034],[-123.78438,40.20315],[-123.78948,40.20585],[-123.7916,40.20972],[-123.79047,40.21576],[-123.78945,40.21665],[-123.78966,40.21931],[-123.79103,40.22139],[-123.79909,40.22066],[-123.80458,40.22176],[-123.80799,40.21901],[-123.81402,40.21732],[-123.81596,40.21752],[-123.81775,40.21938],[-123.82351,40.22166],[-123.82629,40.22869],[-123.82901,40.23162],[-123.83202,40.23333],[-123.83235,40.23507],[-123.82528,40.24517],[-123.82695,40.24944],[-123.82686,40.25079],[-123.82459,40.25362],[-123.82513,40.25607],[-123.82674,40.25655],[-123.83546,40.25609],[-123.84362,40.25971],[-123.84619,40.2622],[-123.84685,40.26588],[-123.85079,40.26838],[-123.85085,40.27279],[-123.85369,40.27746],[-123.85453,40.28041],[-123.8563,40.28151],[-123.85857,40.28238],[-123.86024,40.28233],[-123.86093,40.28139],[-123.8594,40.27952],[-123.86137,40.27748],[-123.86146,40.27583],[-123.86074,40.27464],[-123.85823,40.27389],[-123.85781,40.27286],[-123.86483,40.26945],[-123.86838,40.26297],[-123.87405,40.26011],[-123.87839,40.26018],[-123.87949,40.26239],[-123.87588,40.26905],[-123.87769,40.27114],[-123.88062,40.27272],[-123.88818,40.27407],[-123.88913,40.27533],[-123.88895,40.27881],[-123.89023,40.28288],[-123.89588,40.28393],[-123.90018,40.28831],[-123.90182,40.29103],[-123.90188,40.29252],[-123.90044,40.29371],[-123.89993,40.29549],[-123.89527,40.29769],[-123.89467,40.30142],[-123.89569,40.30224],[-123.89841,40.30151],[-123.9112,40.30716],[-123.91362,40.30931],[-123.91595,40.31016],[-123.91762,40.31389],[-123.92267,40.31518],[-123.92464,40.31767],[-123.92862,40.32005],[-123.92856,40.32543],[-123.92751,40.32909],[-123.93137,40.33296],[-123.93421,40.33387],[-123.93887,40.33941],[-123.94019,40.34181],[-123.94001,40.34277],[-123.93263,40.34527],[-123.93071,40.34918],[-123.93044,40.35298],[-123.9291,40.35412],[-123.92057,40.35394],[-123.9194,40.35572],[-123.91928,40.35879],[-123.91623,40.36261],[-123.91773,40.36684],[-123.92239,40.37245],[-123.91946,40.37638],[-123.91877,40.37864],[-123.9191,40.3799],[-123.9205,40.38072],[-123.92227,40.38457],[-123.92628,40.38755],[-123.92972,40.39281],[-123.93071,40.39654],[-123.93361,40.40039],[-123.93259,40.408],[-123.93304,40.41253],[-123.93328,40.41407],[-123.9346,40.41564],[-123.93531,40.41967],[-123.93465,40.42226],[-123.93636,40.42494],[-123.944,40.42647],[-123.95355,40.42496],[-123.96259,40.42235],[-123.97256,40.42219],[-123.97792,40.42296],[-123.98065,40.43255],[-123.9797,40.44076],[-123.98239,40.44536],[-123.98638,40.44881],[-123.98821,40.45217],[-123.99172,40.45403],[-124.00663,40.45507],[-124.01686,40.45339],[-124.01859,40.45085],[-124.02081,40.44945],[-124.02267,40.44875],[-124.02551,40.44925],[-124.03127,40.4469],[-124.03402,40.44454],[-124.03558,40.44486],[-124.03803,40.44822],[-124.04034,40.45234],[-124.04186,40.45747],[-124.04408,40.45957],[-124.05696,40.46095],[-124.06331,40.45866],[-124.06993,40.45424],[-124.07421,40.45456],[-124.0891,40.45943],[-124.09602,40.46326],[-124.09995,40.46669],[-124.10657,40.47064],[-124.10819,40.4725],[-124.11044,40.47682],[-124.11018,40.47963],[-124.10886,40.48389],[-124.10566,40.48757],[-124.10083,40.49087],[-124.09331,40.49421],[-124.09057,40.49696],[-124.08866,40.49987],[-124.08885,40.5025],[-124.09086,40.50437],[-124.09353,40.50648],[-124.09895,40.50878],[-124.10552,40.51013],[-124.1197,40.51031],[-124.12539,40.50919],[-124.13178,40.50935],[-124.1378,40.50817],[-124.14656,40.50943],[-124.15102,40.51121],[-124.15552,40.51183],[-124.16103,40.51687],[-124.16208,40.52073],[-124.16262,40.52837],[-124.15875,40.5348],[-124.15704,40.54034],[-124.16234,40.54459],[-124.16273,40.54693],[-124.16165,40.55272],[-124.16219,40.55359],[-124.1615,40.55681],[-124.15718,40.56228],[-124.15523,40.56617],[-124.1542,40.57111],[-124.15744,40.58006],[-124.15894,40.58239],[-124.15975,40.58315],[-124.16317,40.58369],[-124.16386,40.58599],[-124.16236,40.58866],[-124.16317,40.59157],[-124.16437,40.5936],[-124.16866,40.59742],[-124.16809,40.59836],[-124.17265,40.60077],[-124.18352,40.60285],[-124.19207,40.60809],[-124.19556,40.6085],[-124.2045,40.61136],[-124.20745,40.6149],[-124.21018,40.61589],[-124.21829,40.61678],[-124.22964,40.61613],[-124.23684,40.61805],[-124.24039,40.61984],[-124.24354,40.62563],[-124.247,40.62769],[-124.24886,40.62785],[-124.25117,40.62689],[-124.26045,40.62155],[-124.26486,40.62109],[-124.26799,40.6194],[-124.27237,40.61831],[-124.28036,40.6192],[-124.28732,40.62257],[-124.28861,40.62231],[-124.28918,40.62081],[-124.29162,40.6206],[-124.29423,40.62175],[-124.29965,40.62229],[-124.30391,40.62576],[-124.30391,40.6275],[-124.30685,40.63352],[-124.30947,40.63544],[-124.31025,40.63686],[-124.31199,40.63741],[-124.31261,40.64133],[-124.31101,40.64331],[-124.31116,40.64457],[-124.2891,40.67964],[-124.28021,40.69255],[-124.25097,40.73083],[-124.23501,40.75619],[-124.23357,40.7556],[-124.22909,40.74914],[-124.22678,40.74844],[-124.22767,40.7471],[-124.22763,40.74554],[-124.2305,40.74619],[-124.23254,40.74566],[-124.23501,40.74387],[-124.2424,40.73554],[-124.24312,40.73248],[-124.24964,40.72815],[-124.25,40.72664],[-124.25225,40.72485],[-124.25402,40.7217],[-124.25839,40.7176],[-124.26004,40.71367],[-124.261,40.71301],[-124.26101,40.71175],[-124.2626,40.7094],[-124.26224,40.70813],[-124.26083,40.70759],[-124.2611,40.70651],[-124.26582,40.70386],[-124.26639,40.70173],[-124.26516,40.69995],[-124.26204,40.69937],[-124.26071,40.69743],[-124.24294,40.69418],[-124.23376,40.69107],[-124.23127,40.68975],[-124.2294,40.68661],[-124.22282,40.68448],[-124.2221,40.68574],[-124.21936,40.68682],[-124.21949,40.68847],[-124.2224,40.69017],[-124.22075,40.69403],[-124.22081,40.69556],[-124.22304,40.69956],[-124.21961,40.70107],[-124.21321,40.70242],[-124.21369,40.70364],[-124.21608,40.70358],[-124.21414,40.70512],[-124.21279,40.70483],[-124.21117,40.70677],[-124.21712,40.71466],[-124.21671,40.7157],[-124.21722,40.71692],[-124.22311,40.72319],[-124.21848,40.7294],[-124.21791,40.73127],[-124.21846,40.73255],[-124.21689,40.73345],[-124.2165,40.73095],[-124.21536,40.73281],[-124.21482,40.7364],[-124.21545,40.73853],[-124.21735,40.73688],[-124.21991,40.73653],[-124.22192,40.73873],[-124.22201,40.74033],[-124.22084,40.74125],[-124.21133,40.74226],[-124.20544,40.7437],[-124.19798,40.75229],[-124.19728,40.75648],[-124.19927,40.76233],[-124.20183,40.76579],[-124.20219,40.76929],[-124.20159,40.77154],[-124.1965,40.77101],[-124.19455,40.77499],[-124.19395,40.77991],[-124.19277,40.78155],[-124.19127,40.78229],[-124.18991,40.78503],[-124.18727,40.78709],[-124.18657,40.79054],[-124.18685,40.79219],[-124.18811,40.79343],[-124.18281,40.80038],[-124.17962,40.80253],[-124.17821,40.80218],[-124.17522,40.80455],[-124.16691,40.8061],[-124.16062,40.80624],[-124.14559,40.81102],[-124.14354,40.81106],[-124.13825,40.80799],[-124.13262,40.80593],[-124.1233,40.80625],[-124.1223,40.80691],[-124.12149,40.80936],[-124.11963,40.80906],[-124.11457,40.81382],[-124.10852,40.81399],[-124.10274,40.8163],[-124.08806,40.82408],[-124.0869,40.82534],[-124.0878,40.82619],[-124.08531,40.83113],[-124.08386,40.83093],[-124.08305,40.83179],[-124.08377,40.83921],[-124.08504,40.84239],[-124.08417,40.84328],[-124.08456,40.8442],[-124.08314,40.84488],[-124.08303,40.84593],[-124.08366,40.84687],[-124.08501,40.84699],[-124.08441,40.84845],[-124.08477,40.84948],[-124.09092,40.84877],[-124.09224,40.85207],[-124.09155,40.85401],[-124.09366,40.85381],[-124.09897,40.85566],[-124.09806,40.85786],[-124.0984,40.85895],[-124.09969,40.85813],[-124.10234,40.86005],[-124.10427,40.85945],[-124.10617,40.85769],[-124.10798,40.85806],[-124.11457,40.85313],[-124.11731,40.85251],[-124.11855,40.85274],[-124.12615,40.85857],[-124.13026,40.8586],[-124.13176,40.85983],[-124.13185,40.86118],[-124.13314,40.86214],[-124.13338,40.86359],[-124.13459,40.86432],[-124.13938,40.86487],[-124.14475,40.86446],[-124.14903,40.86551],[-124.15204,40.86437],[-124.15297,40.86357],[-124.14978,40.85925],[-124.15472,40.85733],[-124.15806,40.85778],[-124.1575,40.85467],[-124.15816,40.85138],[-124.16018,40.85007],[-124.1606,40.84881],[-124.16283,40.8471],[-124.16311,40.84582],[-124.16458,40.84495],[-124.17019,40.83598],[-124.17076,40.83356],[-124.16974,40.83283],[-124.17067,40.82566],[-124.17977,40.81864],[-124.18791,40.80967],[-124.18808,40.80798],[-124.19293,40.79887],[-124.19326,40.79363],[-124.19494,40.78961],[-124.1978,40.78606],[-124.19967,40.78236],[-124.20195,40.78105],[-124.20647,40.77633],[-124.2151,40.77038],[-124.21706,40.76727],[-124.22015,40.76464],[-124.21965,40.76368],[-124.22151,40.75995],[-124.22328,40.75951],[-124.22683,40.76057],[-124.23352,40.76512],[-124.22822,40.7694],[-124.22239,40.77804],[-124.21309,40.78924],[-124.19203,40.81931],[-124.17401,40.84816],[-124.1583,40.87607],[-124.15706,40.88001],[-124.15402,40.88495],[-124.14426,40.90675],[-124.14367,40.90961],[-124.13704,40.92574],[-124.13238,40.9425],[-124.12927,40.95028],[-124.12757,40.9579],[-124.12387,40.96838],[-124.11924,40.98698],[-124.11764,40.98735],[-124.11812,40.98927],[-124.11172,41.02742],[-124.11329,41.03124],[-124.11635,41.03213],[-124.11744,41.03513],[-124.11877,41.03545],[-124.11904,41.03817],[-124.12134,41.0395],[-124.12016,41.04124],[-124.12065,41.04224],[-124.12573,41.04691],[-124.12521,41.04805],[-124.12988,41.05146],[-124.13299,41.05264],[-124.13519,41.0549],[-124.14118,41.05687],[-124.14607,41.05697],[-124.14619,41.05559],[-124.14768,41.05614],[-124.14719,41.05289],[-124.15034,41.0509],[-124.15257,41.05223],[-124.1536,41.05413],[-124.15263,41.05669],[-124.15009,41.0587],[-124.14906,41.06147],[-124.15133,41.0639],[-124.15115,41.06683],[-124.15347,41.06797],[-124.15625,41.06683],[-124.15925,41.06914],[-124.15828,41.07024],[-124.15955,41.07385],[-124.15552,41.07724],[-124.15622,41.08035],[-124.15752,41.08099],[-124.15646,41.08167],[-124.15655,41.08449],[-124.15856,41.08511],[-124.15464,41.08696],[-124.15482,41.08822],[-124.15585,41.08911],[-124.15585,41.09064],[-124.15782,41.09222],[-124.16038,41.09854],[-124.16129,41.09966],[-124.16419,41.10067],[-124.16062,41.10449],[-124.16153,41.10567],[-124.16204,41.10883],[-124.15965,41.11197],[-124.15962,41.11725],[-124.1608,41.11947],[-124.15904,41.12082],[-124.15904,41.12196],[-124.16539,41.12983],[-124.16094,41.13301],[-124.16238,41.13494],[-124.16176,41.13578],[-124.16391,41.1388],[-124.16185,41.14129],[-124.15852,41.14303],[-124.15289,41.14115],[-124.14965,41.14085],[-124.14714,41.14152],[-124.14378,41.14469],[-124.14048,41.14986],[-124.12265,41.18973],[-124.11283,41.21445],[-124.11208,41.21788],[-124.10863,41.22456],[-124.10684,41.23103],[-124.10739,41.23486],[-124.10909,41.23636],[-124.10794,41.23708],[-124.10637,41.24069],[-124.10074,41.25698],[-124.09901,41.26334],[-124.09971,41.26574],[-124.09562,41.2759],[-124.09247,41.28658],[-124.0916,41.29649],[-124.08902,41.30408],[-124.08715,41.31523],[-124.08539,41.32014],[-124.086,41.32202],[-124.08233,41.33387],[-124.08124,41.34035],[-124.07347,41.36876],[-124.07353,41.37146],[-124.07244,41.37391],[-124.07125,41.38082],[-124.07141,41.38332],[-124.06916,41.39816],[-124.06406,41.42781],[-124.06305,41.43959],[-124.06333,41.44229],[-124.06412,41.44304],[-124.06409,41.44697],[-124.06616,41.45139],[-124.06585,41.46217],[-124.06514,41.46458],[-124.06603,41.47026],[-124.06953,41.48173],[-124.07127,41.48372],[-124.07261,41.4912],[-124.07529,41.49408],[-124.07495,41.4981],[-124.07742,41.50568],[-124.08107,41.50988],[-124.08171,41.52261],[-124.0843,41.52414],[-124.08287,41.52514],[-124.08206,41.53268],[-124.08196,41.54772],[-124.08446,41.54976],[-124.08873,41.55118],[-124.09062,41.55307],[-124.09214,41.55312],[-124.09638,41.56064],[-124.09613,41.56286],[-124.09875,41.56382],[-124.099,41.56487],[-124.09821,41.56565],[-124.1011,41.5692],[-124.10223,41.57416],[-124.10111,41.5762],[-124.10001,41.57673],[-124.10193,41.57945],[-124.09779,41.58384],[-124.09736,41.58526],[-124.09907,41.58791],[-124.10136,41.5891],[-124.10081,41.59013],[-124.10474,41.59441],[-124.10313,41.59532],[-124.10164,41.59761],[-124.10082,41.60219],[-124.10195,41.60422],[-124.1052,41.60647],[-124.10518,41.60793],[-124.11091,41.61387],[-124.11312,41.61517],[-124.11479,41.61499],[-124.11548,41.61587],[-124.11366,41.61778],[-124.11558,41.62133],[-124.11601,41.62885],[-124.11928,41.63324],[-124.11984,41.63958],[-124.12283,41.64283],[-124.1238,41.64509],[-124.12616,41.64701],[-124.12736,41.65063],[-124.13529,41.65695],[-124.13518,41.66203],[-124.13644,41.66496],[-124.13824,41.66651],[-124.13823,41.67072],[-124.14095,41.67212],[-124.13844,41.67624],[-124.13835,41.67889],[-124.13875,41.68038],[-124.14061,41.6822],[-124.14027,41.6847],[-124.14341,41.68774],[-124.14182,41.68953],[-124.14304,41.69033],[-124.14179,41.69341],[-124.14224,41.69465],[-124.14353,41.69502],[-124.14365,41.69609],[-124.14179,41.69742],[-124.14182,41.69909],[-124.14444,41.70613],[-124.14346,41.70929],[-124.14739,41.71796],[-124.15422,41.72881],[-124.15987,41.73576],[-124.16469,41.74013],[-124.17126,41.74352],[-124.17765,41.74573],[-124.18235,41.74122],[-124.18271,41.73986],[-124.18534,41.73936],[-124.18562,41.74029],[-124.18097,41.74421],[-124.18232,41.74585],[-124.1836,41.74613],[-124.18336,41.74736],[-124.18565,41.7488],[-124.19349,41.74998],[-124.19881,41.74606],[-124.19759,41.74398],[-124.19935,41.74409],[-124.20908,41.74953],[-124.21121,41.74977],[-124.21375,41.75112],[-124.21641,41.75098],[-124.21491,41.75288],[-124.21558,41.75377],[-124.22087,41.75562],[-124.22408,41.76047],[-124.23606,41.76754],[-124.23896,41.77024],[-124.24321,41.77201],[-124.24462,41.77177],[-124.24538,41.7708],[-124.2478,41.77071],[-124.24847,41.77348],[-124.25034,41.77446],[-124.25116,41.77643],[-124.25371,41.77826],[-124.25408,41.78053],[-124.25588,41.78227],[-124.25524,41.78455],[-124.25,41.78713],[-124.245,41.79231],[-124.23066,41.81869],[-124.21957,41.84644],[-124.20842,41.8882],[-124.20399,41.92455],[-124.20471,41.92955],[-124.20436,41.93372],[-124.20267,41.93642],[-124.20341,41.93747],[-124.20344,41.94264],[-124.20448,41.94621],[-124.20556,41.94687],[-124.20804,41.94639],[-124.20832,41.94857],[-124.21009,41.9503],[-124.21022,41.95149],[-124.20927,41.95266],[-124.21016,41.9538],[-124.20853,41.95444],[-124.20801,41.95543],[-124.20614,41.96201],[-124.20486,41.97622],[-124.20493,41.98345],[-124.20634,41.98738],[-124.2087,41.98889],[-124.20977,41.99559],[-124.21155,41.99834],[-124.20368,41.99877],[-124.00117,41.99659],[-123.84368,41.9966],[-123.8117,41.99571],[-123.7272,41.99775],[-123.65729,41.99587],[-123.62559,42.00049],[-123.62326,42.00152],[-123.44919,42.0008],[-123.34911,41.9993],[-123.31014,42.00013],[-123.15328,42.00726],[-123.14877,42.00439],[-123.14752,42.00196],[-123.14627,42.00138],[-123.14456,42.00188],[-123.14299,42.0006],[-123.14106,42.0003],[-123.13923,42.00191],[-123.13856,42.00169],[-123.1388,42.00032],[-123.14138,41.99874],[-123.14372,41.99896],[-123.14721,41.99804],[-123.14776,41.99882],[-123.15006,41.99941],[-123.15063,41.99887],[-123.14848,41.99828],[-123.14737,41.99666],[-123.14233,41.99638],[-123.14208,41.9938],[-123.13859,41.99357],[-123.13519,41.99541],[-123.13435,41.99417],[-123.13295,41.99377],[-123.13361,41.99103],[-123.13314,41.9889],[-123.12986,41.98854],[-123.12919,41.98589],[-123.12799,41.98452],[-123.12834,41.98269],[-123.12678,41.98011],[-123.1279,41.97942],[-123.1283,41.97694],[-123.12754,41.97555],[-123.12581,41.97561],[-123.12512,41.97457],[-123.12387,41.97429],[-123.1236,41.97316],[-123.12478,41.97197],[-123.12301,41.97056],[-123.12317,41.96937],[-123.12474,41.97103],[-123.12648,41.97045],[-123.12848,41.97313],[-123.12907,41.97234],[-123.12767,41.96713],[-123.12294,41.96177],[-123.12188,41.95946],[-123.12272,41.95744],[-123.12202,41.95544],[-123.11756,41.95357],[-123.1154,41.95164],[-123.11569,41.95026],[-123.11428,41.94907],[-123.1142,41.94699],[-123.1178,41.94698],[-123.11963,41.94515],[-123.12202,41.94718],[-123.12405,41.94507],[-123.12549,41.94477],[-123.12682,41.94612],[-123.12982,41.94665],[-123.13085,41.9484],[-123.13312,41.94452],[-123.13657,41.9438],[-123.13806,41.94446],[-123.14474,41.94224],[-123.14408,41.94176],[-123.14485,41.94153],[-123.1411,41.94056],[-123.14027,41.93935],[-123.13706,41.93813],[-123.13799,41.93682],[-123.1371,41.93611],[-123.13728,41.93507],[-123.13599,41.93262],[-123.13411,41.93206],[-123.13178,41.93254],[-123.13053,41.93165],[-123.13189,41.93107],[-123.13244,41.92996],[-123.13125,41.92854],[-123.13368,41.92878],[-123.13689,41.92716],[-123.13706,41.92541],[-123.13879,41.92401],[-123.13746,41.9217],[-123.13945,41.92009],[-123.13774,41.91918],[-123.13644,41.91635],[-123.13479,41.91644],[-123.13407,41.91516],[-123.13157,41.91556],[-123.13049,41.91466],[-123.13256,41.91333],[-123.13654,41.91268],[-123.1385,41.9105],[-123.13887,41.90906],[-123.14035,41.90812],[-123.14147,41.90832],[-123.14146,41.90685],[-123.14014,41.90562],[-123.13999,41.90416],[-123.13803,41.90428],[-123.13891,41.9027],[-123.13834,41.90184],[-123.13923,41.90235],[-123.13927,41.90339],[-123.14086,41.9037],[-123.14105,41.90483],[-123.14193,41.90534],[-123.14169,41.90312],[-123.13938,41.90003],[-123.13726,41.89997],[-123.13517,41.89874],[-123.13518,41.89499],[-123.13435,41.89344],[-123.13541,41.8912],[-123.1352,41.88735],[-123.13039,41.87998],[-123.12994,41.8771],[-123.13073,41.87714],[-123.13229,41.8739],[-123.13771,41.86942],[-123.13955,41.86869],[-123.14209,41.86519],[-123.15455,41.86048],[-123.163,41.85861],[-123.16532,41.85884],[-123.17019,41.85572],[-123.17157,41.85376],[-123.17429,41.85186],[-123.18075,41.85026],[-123.18311,41.84831],[-123.18739,41.84728],[-123.19816,41.84298],[-123.20346,41.84477],[-123.20743,41.84474],[-123.21591,41.84201],[-123.21949,41.84306],[-123.22429,41.84605],[-123.2292,41.85056],[-123.233,41.85696],[-123.23463,41.85815],[-123.23836,41.85913],[-123.24466,41.858],[-123.24589,41.85878],[-123.24988,41.86605],[-123.25105,41.86673],[-123.25688,41.86557],[-123.26019,41.86247],[-123.26503,41.86025],[-123.26733,41.86041],[-123.26873,41.86133],[-123.26876,41.86291],[-123.26732,41.86563],[-123.26866,41.86767],[-123.27242,41.8689],[-123.27855,41.86761],[-123.29553,41.86892],[-123.30113,41.86808],[-123.30937,41.86552],[-123.31053,41.86413],[-123.31057,41.86211],[-123.30913,41.85793],[-123.31097,41.85518],[-123.31152,41.85251],[-123.31116,41.85017],[-123.31043,41.84857],[-123.30376,41.8444],[-123.30113,41.84072],[-123.29677,41.83248],[-123.29699,41.82878],[-123.3029,41.81992],[-123.30532,41.81789],[-123.3085,41.81631],[-123.31122,41.8162],[-123.31434,41.81437],[-123.31514,41.81316],[-123.31459,41.81144],[-123.31549,41.80325],[-123.31647,41.80261],[-123.31815,41.80468],[-123.32484,41.80596],[-123.33215,41.80404],[-123.33484,41.80123],[-123.33631,41.79676],[-123.3335,41.79143],[-123.33427,41.78958],[-123.3369,41.7926],[-123.34206,41.79464],[-123.34692,41.80626],[-123.35138,41.81001],[-123.35649,41.81157],[-123.3586,41.81141],[-123.3652,41.80842],[-123.36857,41.80517],[-123.37294,41.80228],[-123.37499,41.79746],[-123.3756,41.79407],[-123.37713,41.7922],[-123.38342,41.78872],[-123.39152,41.78757],[-123.39409,41.78547],[-123.3962,41.77954],[-123.4049,41.76769],[-123.40487,41.76661],[-123.40304,41.76412],[-123.39851,41.76247],[-123.39802,41.75847],[-123.39463,41.75493],[-123.39509,41.75385],[-123.40068,41.75101],[-123.40022,41.74679],[-123.4012,41.7454],[-123.40987,41.73963],[-123.41738,41.73576],[-123.42392,41.73045],[-123.42691,41.7299],[-123.4321,41.73085],[-123.43525,41.73042],[-123.43647,41.72889],[-123.43875,41.72275],[-123.44489,41.7209],[-123.44669,41.71925],[-123.44577,41.71522],[-123.44851,41.71234],[-123.44952,41.70952],[-123.44768,41.70753],[-123.44814,41.70335],[-123.44624,41.69868],[-123.44715,41.69591],[-123.44706,41.69337],[-123.44287,41.69004],[-123.43905,41.68434],[-123.43847,41.67967],[-123.4348,41.67714],[-123.43385,41.67421],[-123.43437,41.67323],[-123.4394,41.66959],[-123.44831,41.66608],[-123.45156,41.65983],[-123.46034,41.65429],[-123.46348,41.65074],[-123.46521,41.64666],[-123.4653,41.64097],[-123.46526,41.63779],[-123.46343,41.6353],[-123.46346,41.63429],[-123.46754,41.62806],[-123.46772,41.62527],[-123.47048,41.62079],[-123.47289,41.61989],[-123.48112,41.61908],[-123.48517,41.61768],[-123.48685,41.618],[-123.49474,41.61648],[-123.4973,41.61259],[-123.50001,41.61087],[-123.50243,41.60625],[-123.50552,41.60296],[-123.50926,41.60281],[-123.51253,41.60148],[-123.51424,41.59803],[-123.51093,41.59405],[-123.51081,41.59158],[-123.51258,41.58973],[-123.51618,41.58886],[-123.51758,41.58524],[-123.52213,41.5841],[-123.52521,41.58107],[-123.53271,41.58025],[-123.53673,41.58075],[-123.53929,41.57936],[-123.54097,41.57726],[-123.54009,41.57508],[-123.53658,41.57535],[-123.53515,41.57469],[-123.53464,41.57151],[-123.5319,41.57025],[-123.52876,41.56713],[-123.52578,41.56558],[-123.52396,41.56212],[-123.52384,41.55922],[-123.52488,41.55532],[-123.52377,41.54933],[-123.52453,41.54762],[-123.52791,41.54618],[-123.52825,41.54524],[-123.52798,41.54373],[-123.52558,41.54016],[-123.52482,41.53602],[-123.52728,41.52103],[-123.5293,41.51664],[-123.52748,41.51074],[-123.52392,41.50824],[-123.5235,41.50724],[-123.52396,41.50241],[-123.52081,41.497],[-123.52,41.49098],[-123.51511,41.48698],[-123.51399,41.484],[-123.50858,41.47716],[-123.50987,41.47427],[-123.50962,41.47317],[-123.50117,41.47083],[-123.49648,41.46818],[-123.49599,41.46187],[-123.49808,41.45949],[-123.49829,41.45825],[-123.49713,41.45681],[-123.49496,41.4494],[-123.49572,41.44809],[-123.4983,41.44734],[-123.50523,41.44661],[-123.50648,41.44572],[-123.50676,41.44428],[-123.50381,41.44176],[-123.50236,41.4391],[-123.50276,41.43569],[-123.50431,41.43292],[-123.50072,41.4267],[-123.50108,41.42144],[-123.49967,41.41812],[-123.50018,41.41473],[-123.4992,41.41059],[-123.50105,41.40766],[-123.5007,41.40183],[-123.49708,41.39529],[-123.49585,41.38973],[-123.4936,41.38717],[-123.49387,41.38383],[-123.49304,41.38244],[-123.48978,41.38105],[-123.48885,41.37972],[-123.48826,41.37629],[-123.48862,41.37484],[-123.48993,41.37374],[-123.48856,41.37022],[-123.48898,41.36857],[-123.49149,41.36619],[-123.49213,41.36226],[-123.49513,41.36063],[-123.49905,41.3604],[-123.49995,41.35907],[-123.50294,41.35324],[-123.5025,41.34516],[-123.50354,41.34171],[-123.50762,41.33521],[-123.51409,41.33085],[-123.51674,41.3276],[-123.52011,41.32678],[-123.5202,41.32518],[-123.51844,41.32266],[-123.51854,41.32164],[-123.52027,41.31775],[-123.52234,41.31546],[-123.52116,41.31269],[-123.52171,41.31109],[-123.52794,41.30732],[-123.52958,41.30437],[-123.53762,41.30282],[-123.54257,41.30063],[-123.55037,41.29958],[-123.55444,41.29679],[-123.55917,41.29689],[-123.56858,41.2954],[-123.57027,41.2946],[-123.5745,41.28523],[-123.57802,41.28294],[-123.58032,41.28292],[-123.58758,41.2791],[-123.59146,41.27796],[-123.59519,41.27715],[-123.60316,41.27791],[-123.60768,41.27592],[-123.60771,41.27393],[-123.60602,41.2692],[-123.60666,41.26762],[-123.60672,41.26228],[-123.60799,41.26027],[-123.61782,41.2595],[-123.62079,41.25812],[-123.62236,41.25634],[-123.63112,41.25554],[-123.63934,41.2511],[-123.64762,41.24986],[-123.64965,41.24778],[-123.65038,41.24513],[-123.65444,41.24197],[-123.65774,41.23822],[-123.65925,41.23335],[-123.65949,41.22975],[-123.65855,41.22763],[-123.65349,41.22545],[-123.65049,41.22053],[-123.65488,41.21529],[-123.65673,41.21037],[-123.65994,41.20886],[-123.66242,41.20612],[-123.66438,41.2004],[-123.67153,41.19651],[-123.67247,41.1936],[-123.67489,41.19236],[-123.67764,41.18923],[-123.67879,41.18879],[-123.68634,41.18927],[-123.69097,41.18778],[-123.69812,41.18823],[-123.70472,41.18681],[-123.70514,41.18502],[-123.70417,41.18399],[-123.70483,41.17926],[-123.70237,41.17114],[-123.70161,41.17009],[-123.69555,41.1678],[-123.69231,41.16497],[-123.69055,41.16522],[-123.68833,41.15927],[-123.68497,41.15811],[-123.68249,41.15191],[-123.68103,41.152],[-123.68142,41.1507],[-123.67888,41.14649],[-123.68196,41.14442],[-123.6842,41.14186],[-123.6816,41.13992],[-123.68323,41.13949],[-123.68565,41.13374],[-123.68767,41.13255],[-123.6867,41.13012],[-123.68504,41.12921],[-123.68543,41.1256],[-123.68409,41.12441],[-123.68778,41.122],[-123.68902,41.11953],[-123.68811,41.11429],[-123.68635,41.1099],[-123.6871,41.10756],[-123.69444,41.096],[-123.70049,41.09349],[-123.70182,41.09248],[-123.70203,41.09124],[-123.69897,41.08653],[-123.6878,41.07642],[-123.68792,41.07242],[-123.68473,41.05894],[-123.67541,41.05174],[-123.67148,41.04106],[-123.67175,41.0396],[-123.6676,41.0334],[-123.6524,41.02418],[-123.64859,41.01988],[-123.64569,41.01942],[-123.64352,41.01998],[-123.64122,41.02178],[-123.63832,41.02043],[-123.63708,41.01714],[-123.63723,41.01059],[-123.63805,41.00945],[-123.63932,41.00924],[-123.64403,41.01016],[-123.64587,41.00961],[-123.64934,41.00506],[-123.64877,41.00288],[-123.64554,40.99924],[-123.64161,40.99853],[-123.62995,41.00149],[-123.62576,40.99986],[-123.626,40.99887],[-123.62999,40.99535],[-123.6344,40.99384],[-123.63582,40.99247],[-123.63708,40.99025],[-123.63687,40.98757],[-123.63971,40.98427],[-123.63971,40.98192],[-123.6417,40.97778],[-123.63955,40.97386],[-123.63958,40.97167],[-123.6426,40.96109],[-123.64329,40.95496],[-123.63562,40.94666],[-123.63125,40.93991],[-123.62687,40.93783],[-123.62527,40.93563],[-123.62524,40.92815],[-123.61683,40.91621],[-123.61662,40.91071],[-123.61128,40.90584],[-123.60938,40.89888],[-123.60935,40.89477],[-123.60543,40.88907],[-123.60453,40.88834],[-123.6015,40.88882],[-123.59789,40.8842],[-123.59888,40.88269],[-123.60166,40.88324],[-123.60205,40.88086],[-123.60365,40.88042],[-123.6094,40.8798],[-123.61103,40.88071],[-123.61266,40.88021],[-123.61341,40.87795],[-123.60853,40.87742],[-123.60262,40.87807],[-123.59746,40.8766],[-123.59623,40.87166],[-123.59327,40.87008],[-123.59255,40.8675],[-123.59032,40.8667],[-123.58547,40.86926],[-123.58224,40.86846],[-123.58109,40.86631],[-123.58435,40.86453],[-123.5848,40.8635],[-123.5842,40.86242],[-123.58977,40.86015],[-123.58974,40.85873],[-123.58736,40.85713],[-123.58239,40.85695],[-123.5779,40.85821],[-123.57642,40.85796],[-123.57485,40.85608],[-123.57672,40.85538],[-123.57796,40.85338],[-123.57509,40.85093],[-123.57494,40.84835],[-123.57588,40.84741],[-123.57461,40.844],[-123.57105,40.84144],[-123.56521,40.84194],[-123.5637,40.84043],[-123.56421,40.83936],[-123.5669,40.8387],[-123.56867,40.83524],[-123.56792,40.83439],[-123.56352,40.83336],[-123.56036,40.83018],[-123.56445,40.82652],[-123.56861,40.82535],[-123.57003,40.8225],[-123.5699,40.81959],[-123.56352,40.81213],[-123.56445,40.81005],[-123.56421,40.80858],[-123.55963,40.80948],[-123.55783,40.80913],[-123.55698,40.80824],[-123.55714,40.80053],[-123.55527,40.79584],[-123.55789,40.79534],[-123.56662,40.79707],[-123.56716,40.79611],[-123.56539,40.79225],[-123.56668,40.78863],[-123.56581,40.78721],[-123.56451,40.78694],[-123.56039,40.78948],[-123.55864,40.7874],[-123.55858,40.78628],[-123.56069,40.78488],[-123.5596,40.78163],[-123.55753,40.77941],[-123.5528,40.77701],[-123.5503,40.77469],[-123.55006,40.77371],[-123.55154,40.77197],[-123.55515,40.7693],[-123.55542,40.76703],[-123.55094,40.76499],[-123.55076,40.76376],[-123.55563,40.75982],[-123.55205,40.75676],[-123.55157,40.75541],[-123.5516,40.75404],[-123.55341,40.75195],[-123.55187,40.75124],[-123.55121,40.75003],[-123.55293,40.74848],[-123.55239,40.74754],[-123.55088,40.74745],[-123.54935,40.74637],[-123.5467,40.74264],[-123.54754,40.73974],[-123.54478,40.73788],[-123.54553,40.73619],[-123.54327,40.73161],[-123.54102,40.73097],[-123.5381,40.73216],[-123.53569,40.73097],[-123.53473,40.72946],[-123.5323,40.7282],[-123.53166,40.72655],[-123.52812,40.7233],[-123.52439,40.72149],[-123.52295,40.7193],[-123.52484,40.71774],[-123.52499,40.71667],[-123.52013,40.7109],[-123.52115,40.70703],[-123.51781,40.70458],[-123.51881,40.70323],[-123.5177,40.70103],[-123.51514,40.69913],[-123.50937,40.69708],[-123.50673,40.69497],[-123.50628,40.69257],[-123.5073,40.69156],[-123.50706,40.68909],[-123.50884,40.68655],[-123.50839,40.68517],[-123.50412,40.68215],[-123.50256,40.67719],[-123.50151,40.67586],[-123.50178,40.67453],[-123.50395,40.67309],[-123.50419,40.66916],[-123.50131,40.6679],[-123.50102,40.66677],[-123.49894,40.66485],[-123.49539,40.66398],[-123.4944,40.66234],[-123.49413,40.66035],[-123.49452,40.65888],[-123.49563,40.65808],[-123.49683,40.65261],[-123.49655,40.65135],[-123.4946,40.65071],[-123.49391,40.6492],[-123.49288,40.64383],[-123.48735,40.64037],[-123.48429,40.63646],[-123.47768,40.63525],[-123.47506,40.63214],[-123.47428,40.62656],[-123.47118,40.62332],[-123.45752,40.61449],[-123.45187,40.61383],[-123.45076,40.61305],[-123.45115,40.60778],[-123.44806,40.60534],[-123.44926,40.60234],[-123.44815,40.59719],[-123.44725,40.59616],[-123.44397,40.59534],[-123.44244,40.59101],[-123.44289,40.58955],[-123.43941,40.58561],[-123.4392,40.58179],[-123.44361,40.5798],[-123.44256,40.57882],[-123.4422,40.57673],[-123.44472,40.57209],[-123.44397,40.57069],[-123.44457,40.56932],[-123.4512,40.56806],[-123.45213,40.56708],[-123.44949,40.56294],[-123.45759,40.56172],[-123.46137,40.55671],[-123.46104,40.55568],[-123.45849,40.55488],[-123.45798,40.55374],[-123.45924,40.55156],[-123.45801,40.54984],[-123.45747,40.54426],[-123.45621,40.5447],[-123.45357,40.54284],[-123.45213,40.54305],[-123.45147,40.54195],[-123.45201,40.53852],[-123.45012,40.53655],[-123.4491,40.53387],[-123.44987,40.53127],[-123.447,40.52996],[-123.4475,40.52665],[-123.44606,40.52356],[-123.44268,40.52077],[-123.44627,40.5201],[-123.44564,40.5171],[-123.44268,40.51541],[-123.43986,40.50958],[-123.4367,40.51056],[-123.43478,40.50866],[-123.43491,40.50766],[-123.43797,40.50562],[-123.43741,40.50445],[-123.42967,40.50102],[-123.42901,40.49872],[-123.42613,40.49729],[-123.42574,40.49501],[-123.42472,40.49363],[-123.42346,40.4932],[-123.42238,40.49418],[-123.421,40.49395],[-123.42067,40.4927],[-123.42259,40.49114],[-123.42214,40.48814],[-123.42289,40.48583],[-123.42026,40.48496],[-123.41927,40.47945],[-123.4184,40.47876],[-123.41924,40.47606],[-123.41837,40.47537],[-123.42077,40.4737],[-123.41858,40.47155],[-123.41897,40.46871],[-123.42182,40.46631],[-123.4202,40.46233],[-123.41808,40.45974],[-123.41975,40.45695],[-123.4182,40.45427],[-123.41826,40.45311],[-123.41877,40.45224],[-123.42152,40.45196],[-123.42116,40.45091],[-123.41991,40.45061],[-123.41733,40.44775],[-123.41607,40.44743],[-123.41631,40.44544],[-123.41751,40.44443],[-123.41769,40.44219],[-123.41706,40.44091],[-123.41221,40.4413],[-123.40946,40.44013],[-123.41101,40.43713],[-123.41137,40.43503],[-123.41078,40.43205],[-123.41189,40.4302],[-123.41174,40.42917],[-123.40925,40.42823],[-123.40889,40.42729],[-123.40982,40.42645],[-123.41159,40.42654],[-123.41228,40.42492],[-123.4121,40.42397],[-123.40791,40.42352],[-123.40776,40.42246],[-123.40928,40.42027],[-123.40905,40.41876],[-123.40608,40.41736],[-123.40596,40.41633],[-123.40833,40.41489],[-123.40333,40.41031],[-123.40199,40.40814],[-123.39486,40.40756],[-123.39133,40.40582],[-123.39106,40.40198],[-123.38906,40.40035],[-123.38975,40.39731],[-123.38748,40.3939],[-123.38422,40.39333],[-123.37826,40.39067],[-123.36054,40.37809],[-123.35916,40.37756],[-123.35614,40.37814],[-123.35494,40.37704],[-123.35135,40.37896],[-123.34839,40.37853],[-123.34232,40.38109],[-123.33657,40.38075],[-123.3349,40.37993],[-123.33355,40.37789],[-123.33014,40.37798],[-123.32912,40.37734],[-123.32828,40.37443],[-123.32541,40.37273],[-123.32248,40.36827],[-123.32095,40.36832],[-123.31661,40.37068],[-123.31566,40.3698],[-123.31225,40.36912],[-123.30557,40.35951],[-123.3042,40.35887],[-123.30327,40.35674],[-123.3062,40.35509],[-123.3065,40.35369],[-123.30576,40.35255],[-123.30202,40.35052],[-123.30157,40.34958],[-123.29538,40.34777],[-123.29352,40.34584],[-123.29227,40.33976],[-123.28823,40.33845],[-123.28396,40.33401],[-123.28384,40.33195],[-123.2819,40.32744],[-123.27933,40.3268],[-123.27888,40.32781],[-123.27619,40.32866],[-123.27179,40.32561],[-123.26826,40.3265],[-123.26713,40.32581],[-123.26785,40.32151],[-123.26486,40.31941],[-123.26343,40.3192],[-123.26325,40.32016],[-123.26064,40.32148],[-123.25735,40.32107],[-123.25518,40.31549],[-123.24769,40.31251],[-123.24652,40.3086],[-123.24248,40.30485],[-123.23844,40.30464],[-123.23713,40.30389],[-123.23581,40.30169],[-123.23249,40.29861],[-123.23222,40.29446],[-123.22791,40.29218],[-123.22699,40.29101],[-123.20643,40.28422],[-123.20353,40.28248],[-123.20102,40.27955],[-123.1968,40.27965],[-123.19701,40.27825],[-123.19397,40.278],[-123.19322,40.27671],[-123.19444,40.27578],[-123.19256,40.27491],[-123.18423,40.2739],[-123.17956,40.27241],[-123.17706,40.26948],[-123.17377,40.26882],[-123.16908,40.26664],[-123.17016,40.26481],[-123.1695,40.26246],[-123.16499,40.26419],[-123.16373,40.26403],[-123.1635,40.26017],[-123.16168,40.2579],[-123.15678,40.25815],[-123.15251,40.25728],[-123.15083,40.25492],[-123.14955,40.2546],[-123.14465,40.25593],[-123.144,40.25343],[-123.14017,40.25051],[-123.13528,40.25016],[-123.12644,40.24564],[-123.12447,40.24377],[-123.1251,40.24241],[-123.11781,40.23885],[-123.11679,40.23718],[-123.11766,40.23248],[-123.11747,40.22862],[-123.1135,40.22562],[-123.11156,40.22277],[-123.11108,40.21896],[-123.10923,40.21604],[-123.10525,40.21414],[-123.10445,40.21279],[-123.10498,40.21173],[-123.10397,40.21073],[-123.10418,40.20942],[-123.10122,40.20805],[-123.09952,40.20579],[-123.09749,40.20517],[-123.09543,40.20256],[-123.0965,40.19968],[-123.09384,40.19705],[-123.09378,40.196],[-123.09142,40.19309],[-123.08566,40.1887],[-123.08268,40.18883],[-123.07731,40.18641],[-123.07062,40.18543],[-123.06895,40.1843],[-123.06812,40.18263],[-123.06701,40.18195],[-123.06588,40.18254],[-123.06546,40.18119],[-123.06319,40.18042],[-123.0626,40.17936],[-123.06373,40.17771],[-123.05994,40.17691],[-123.05812,40.17511],[-123.05293,40.17604],[-123.04661,40.1741],[-123.03915,40.17577],[-123.03238,40.17277],[-123.0305,40.17274],[-123.02861,40.17027],[-123.03024,40.16746],[-123.03047,40.16372],[-123.03211,40.16255],[-123.03399,40.15666],[-123.03177,40.15432],[-123.0307,40.14963],[-123.02515,40.14154],[-123.03571,40.13794],[-123.03769,40.13666],[-123.04197,40.13654],[-123.04387,40.13377],[-123.0473,40.13367],[-123.04979,40.13245],[-123.05532,40.13333],[-123.05732,40.13224],[-123.05967,40.13219],[-123.06285,40.13269],[-123.065,40.13543],[-123.06786,40.13596],[-123.07179,40.13851],[-123.07083,40.14241],[-123.07135,40.14711],[-123.07932,40.14897],[-123.08834,40.14462],[-123.09063,40.14159],[-123.09883,40.13787],[-123.10723,40.13846],[-123.11202,40.14137],[-123.11607,40.13936],[-123.12343,40.14078],[-123.12671,40.13755],[-123.12684,40.13505],[-123.12998,40.13366],[-123.13051,40.1308],[-123.13364,40.13061],[-123.13693,40.12741],[-123.13972,40.12647],[-123.14055,40.12541],[-123.14077,40.12406],[-123.14312,40.12076],[-123.14293,40.11206],[-123.14687,40.10518],[-123.14866,40.10357],[-123.14805,40.09955],[-123.15001,40.09715],[-123.15385,40.09525],[-123.15468,40.09364],[-123.15546,40.09345],[-123.15559,40.09172],[-123.15349,40.08797],[-123.14251,40.08438],[-123.14276,40.08228],[-123.13973,40.08253],[-123.13771,40.08092],[-123.13594,40.08076],[-123.13612,40.07931],[-123.13465,40.07718],[-123.13543,40.07531],[-123.13716,40.07494],[-123.13651,40.07281],[-123.13363,40.07221],[-123.13259,40.07089],[-123.13431,40.06784],[-123.13214,40.06528],[-123.13407,40.06124],[-123.13372,40.06015],[-123.13105,40.05758],[-123.12922,40.05734],[-123.1295,40.05628],[-123.12872,40.05462],[-123.12665,40.05486],[-123.12686,40.05189],[-123.12515,40.05055],[-123.12373,40.04534],[-123.12104,40.04245],[-123.12063,40.04082],[-123.11763,40.03936],[-123.11678,40.03748],[-123.11035,40.03446],[-123.10539,40.02868],[-123.09986,40.02979],[-123.09483,40.0297],[-123.0916,40.03073],[-123.08761,40.02825],[-123.08505,40.0279],[-123.07784,40.02942],[-123.0751,40.02789],[-123.07135,40.0277],[-123.0686,40.02405],[-123.06485,40.02342]]]},"properties":{"id":"44","code":"M11","name":"Northwestern California Muzzleloading Rifle Buck Hunt","kind":"additional_hunt","group":"Muzzleloading","hunt_type":"BUCK","acreage":3958812}}]}