{"type":"FeatureCollection","source":{"name":"Archery hunt boundaries (Title 14 \u00a7 361)","url":"https://services2.arcgis.com/Uq9r85Potqm3MfRV/arcgis/rest/services/biosds3242_fpu/FeatureServer/0/query","fetched_at":"2026-09-05T05:26:57.032354+00:00","verified_at":"2026-09-04","source_features":31,"rights":"California Department of Fish and Wildlife, Wildlife Branch, 2025.","licence":"CC-BY 4.0","source_revision":"2025-10-31"},"publisher_caveat":{"text":"NOTE: Hunt boundary shown is an approximation. Hunters are responsible for knowing the exact boundary locations as described within Section 361, Title 14, Calif. Code of Regs","source":"CDFW layer description, https://services2.arcgis.com/Uq9r85Potqm3MfRV/arcgis/rest/services/biosds3242_fpu/FeatureServer/0","verified_at":"2026-09-04"},"designation":{"label":"Archery hunt boundaries (Title 14 \u00a7 361)","what_it_is":"CDFW's mapped approximation of the area-specific archery hunts described in Title 14, Section 361. The regulation's own words are the boundary; this is CDFW's drawing of them.","hunting_line":"Being inside one of these areas is not a season and not a tag. Hunting here is governed by California regulations \u2014 the hunt's own season, tag quota, tag class and legal take are quoted and cited elsewhere in this app, and an area boundary answers none of them."},"boundary_caveats":["A hunt area is not a permission. It says where a hunt's boundary runs, not whether it is open, whether tags remain, or whether you hold one.","These polygons cut nothing out. State parks, ecological reserves, military land and private property inside a hunt area are drawn as part of it, because the boundary in the regulation runs around them and not between them \u2014 Cuyamaca Rancho State Park, for one, sits inside the drawn A-22 and D-16 areas. Those places are governed by their own rules, this app does not carry them, and a solid fill here says nothing whatever about them. Check the land manager before you go.","The lines are simplified to roughly 50 metres for display, on top of CDFW's own approximation. Near an edge, treat this as a guide and not as your position relative to the boundary the regulation describes."],"geometry_validation":{"geometry_source":"containment re-nest of f=json","clearance_deg":0.0005,"inside_probes":31,"hole_probes":4,"hole_probes_scoped_to_feature":true,"anchors":[{"label":"Mount Laguna village \u2014 inside A-22 (San Diego Archery Either-Sex)","feature":"A22","point":[-116.4189,32.8747],"expect":"inside","built_layer_says_inside":true,"service_count":1,"matched_features":1,"ok":true},{"label":"Aguanga \u2014 inside D-16 but OUTSIDE A-22 (proves the county clip)","feature":"A22","point":[-116.867,33.443],"expect":"outside","built_layer_says_inside":false,"service_count":0,"matched_features":1,"ok":true}]},"features":[{"type":"Feature","geometry":{"type":"Polygon","coordinates":[[[-122.61757,42.00565],[-122.51122,42.00857],[-122.46607,42.00811],[-122.38379,42.00946],[-122.2963,42.00984],[-122.25623,42.00819],[-122.15056,42.00781],[-122.08772,42.00681],[-121.99598,42.00403],[-121.88927,42.00337],[-121.89526,41.99261],[-121.90448,41.97982],[-121.90889,41.97758],[-121.90966,41.97589],[-121.90914,41.97147],[-121.91064,41.96827],[-121.91159,41.96724],[-121.91557,41.96715],[-121.91974,41.96115],[-121.92136,41.96113],[-121.92151,41.95857],[-121.99695,41.84679],[-122.00112,41.84011],[-122.00114,41.83855],[-122.00588,41.82833],[-122.06638,41.75586],[-122.06635,41.75362],[-122.06483,41.75066],[-122.06342,41.7435],[-122.05909,41.73387],[-122.05785,41.72611],[-122.05468,41.72174],[-122.05313,41.71741],[-122.05038,41.7135],[-122.04819,41.70851],[-122.03926,41.69602],[-122.03908,41.69434],[-122.04147,41.69],[-122.04379,41.68842],[-122.05579,41.68651],[-122.07579,41.67348],[-122.08729,41.6695],[-122.1132,41.6556],[-122.11961,41.65327],[-122.12183,41.65197],[-122.12607,41.64636],[-122.12952,41.64412],[-122.13525,41.64327],[-122.15047,41.64343],[-122.17865,41.64134],[-122.18902,41.63825],[-122.19222,41.63467],[-122.20043,41.62076],[-122.20089,41.61891],[-122.20145,41.60504],[-122.19299,41.58135],[-122.19478,41.57457],[-122.19681,41.57105],[-122.21142,41.55679],[-122.22587,41.5468],[-122.2324,41.53851],[-122.23511,41.53673],[-122.2492,41.53383],[-122.27031,41.5341],[-122.27308,41.53279],[-122.28436,41.52441],[-122.28667,41.52349],[-122.30311,41.52078],[-122.30665,41.51937],[-122.32371,41.50421],[-122.34511,41.47973],[-122.34998,41.47593],[-122.35719,41.45763],[-122.3637,41.44873],[-122.37222,41.444],[-122.38359,41.44125],[-122.38715,41.43965],[-122.38699,41.43509],[-122.38927,41.43107],[-122.38948,41.42793],[-122.38675,41.42258],[-122.38416,41.41954],[-122.38778,41.42166],[-122.39377,41.4223],[-122.39651,41.42356],[-122.40028,41.42823],[-122.40332,41.42976],[-122.4107,41.43047],[-122.42107,41.42868],[-122.42736,41.43051],[-122.42989,41.43275],[-122.43059,41.43566],[-122.43519,41.44199],[-122.43771,41.44718],[-122.44301,41.45203],[-122.4485,41.46637],[-122.45892,41.48201],[-122.46234,41.48974],[-122.46448,41.49711],[-122.46976,41.50294],[-122.47137,41.50566],[-122.47315,41.51104],[-122.47398,41.5203],[-122.47594,41.52618],[-122.47726,41.53409],[-122.48148,41.54157],[-122.48396,41.5504],[-122.49098,41.55989],[-122.50009,41.57887],[-122.50186,41.5833],[-122.50206,41.58941],[-122.50303,41.59285],[-122.51557,41.61979],[-122.53443,41.64561],[-122.53907,41.64843],[-122.56791,41.65938],[-122.58161,41.66101],[-122.5936,41.66103],[-122.60354,41.66387],[-122.61892,41.67298],[-122.63073,41.6817],[-122.63494,41.68534],[-122.63747,41.68932],[-122.64263,41.70272],[-122.64279,41.70673],[-122.64044,41.71412],[-122.62978,41.73729],[-122.61976,41.74702],[-122.58863,41.76283],[-122.58254,41.77315],[-122.58236,41.77642],[-122.58443,41.78472],[-122.58794,41.78866],[-122.58895,41.79079],[-122.58883,41.79241],[-122.58714,41.79479],[-122.58289,41.7982],[-122.5809,41.80421],[-122.57426,41.80721],[-122.57188,41.80995],[-122.57255,41.81309],[-122.57716,41.81867],[-122.57878,41.8221],[-122.57957,41.83217],[-122.57644,41.83638],[-122.57629,41.84001],[-122.57549,41.84152],[-122.56848,41.84667],[-122.5679,41.84845],[-122.57123,41.85387],[-122.57125,41.8566],[-122.56672,41.86159],[-122.56561,41.86703],[-122.56454,41.8689],[-122.56059,41.87245],[-122.56013,41.87585],[-122.5585,41.8789],[-122.55825,41.88205],[-122.55865,41.88709],[-122.56494,41.89866],[-122.57038,41.91374],[-122.58026,41.92903],[-122.58234,41.93658],[-122.58693,41.94635],[-122.60273,41.97008],[-122.60745,41.98458],[-122.60827,41.99058],[-122.61017,41.99378],[-122.61017,41.99772],[-122.61106,41.99973],[-122.61757,42.00565]]]},"properties":{"id":"1","code":"A1","name":"C Zones Archery Only Hunt (C1)","kind":"archery_hunt","group":"Archery","hunt_type":"BUCK","acreage":592254}},{"type":"Feature","geometry":{"type":"Polygon","coordinates":[[[-121.80555,41.24424],[-121.79729,41.23293],[-121.79331,41.22014],[-121.77985,41.20455],[-121.77494,41.20414],[-121.77065,41.20198],[-121.7582,41.20215],[-121.7509,41.20027],[-121.74605,41.19783],[-121.74089,41.19146],[-121.7372,41.19164],[-121.69133,41.17195],[-121.67612,41.16711],[-121.66459,41.16233],[-121.66038,41.15806],[-121.64993,41.15088],[-121.6456,41.14294],[-121.64009,41.13779],[-121.63897,41.13443],[-121.6381,41.12491],[-121.63976,41.10988],[-121.63967,41.10817],[-121.63821,41.1065],[-121.63939,41.10327],[-121.63782,41.10082],[-121.64655,41.05996],[-121.63131,41.04384],[-121.62917,41.03352],[-121.62485,41.02549],[-121.62171,41.02146],[-121.62146,41.01798],[-121.62377,41.01619],[-121.62607,41.0187],[-121.63572,41.01963],[-121.63705,41.02043],[-121.63672,41.02233],[-121.63883,41.02359],[-121.64412,41.02485],[-121.64572,41.02561],[-121.64626,41.02666],[-121.64738,41.02579],[-121.64795,41.02721],[-121.65697,41.02883],[-121.65596,41.02683],[-121.65339,41.02493],[-121.65418,41.02349],[-121.65557,41.02527],[-121.65786,41.02566],[-121.66173,41.02458],[-121.66233,41.02589],[-121.66333,41.02458],[-121.66312,41.02351],[-121.66566,41.02131],[-121.66792,41.02044],[-121.67442,41.02257],[-121.67559,41.02182],[-121.67535,41.02047],[-121.67729,41.01557],[-121.68109,41.00944],[-121.68112,41.00805],[-121.6833,41.00727],[-121.68378,41.01114],[-121.68695,41.01178],[-121.68967,41.00844],[-121.68889,41.00535],[-121.68967,41.00455],[-121.6932,41.00516],[-121.69505,41.00681],[-121.70163,41.00569],[-121.70453,41.00937],[-121.70586,41.00935],[-121.70981,41.00688],[-121.71265,41.00713],[-121.71368,41.00814],[-121.71782,41.00502],[-121.72038,41.00399],[-121.72971,40.99592],[-121.73892,40.9937],[-121.74395,40.99392],[-121.7499,40.99708],[-121.75721,40.99832],[-121.76373,40.99411],[-121.76434,40.99109],[-121.76594,40.98883],[-121.77153,40.98654],[-121.77539,40.9859],[-121.77742,40.98382],[-121.77835,40.98132],[-121.77727,40.97897],[-121.78084,40.9703],[-121.78407,40.97032],[-121.78564,40.96934],[-121.78754,40.96664],[-121.78992,40.96504],[-121.79237,40.96147],[-121.79412,40.96108],[-121.79862,40.95747],[-121.80061,40.95685],[-121.80188,40.95717],[-121.80269,40.95843],[-121.80351,40.96145],[-121.80655,40.96335],[-121.81401,40.96323],[-121.82243,40.96598],[-121.82569,40.96484],[-121.83028,40.9647],[-121.83432,40.96303],[-121.83586,40.9638],[-121.83628,40.96573],[-121.83794,40.96732],[-121.8467,40.96913],[-121.85017,40.97318],[-121.84791,40.97652],[-121.84927,40.97933],[-121.85012,40.98435],[-121.85157,40.98718],[-121.8664,40.99104],[-121.86917,40.99244],[-121.87244,40.99633],[-121.87363,40.9968],[-121.87552,40.99424],[-121.87826,40.99488],[-121.87919,40.99668],[-121.87844,41.00057],[-121.87931,41.00153],[-121.88556,41.00055],[-121.88595,41.00156],[-121.88511,41.00412],[-121.88715,41.01105],[-121.88996,41.01258],[-121.89766,41.01352],[-121.89926,41.01449],[-121.89993,41.01582],[-121.90002,41.01945],[-121.90119,41.02041],[-121.90557,41.02172],[-121.9127,41.02021],[-121.91388,41.02083],[-121.91485,41.02392],[-121.91696,41.02401],[-121.91962,41.02273],[-121.92201,41.02298],[-121.92606,41.02541],[-121.92814,41.02751],[-121.92953,41.02806],[-121.93225,41.02744],[-121.93747,41.02376],[-121.94276,41.02255],[-121.94497,41.01932],[-121.94548,41.0179],[-121.94491,41.01587],[-121.94645,41.01337],[-121.94862,41.0131],[-121.95043,41.01195],[-121.95862,41.00422],[-121.96106,41.00381],[-121.96327,41.00607],[-121.96713,41.00472],[-121.96758,41.00364],[-121.96677,40.99989],[-121.96868,40.99875],[-121.96954,40.9954],[-121.97093,40.99368],[-121.97585,40.99135],[-121.9754,40.99013],[-121.98047,40.98219],[-121.98279,40.98034],[-121.98553,40.97441],[-121.98586,40.96842],[-121.98863,40.96496],[-121.99026,40.96407],[-121.98999,40.96045],[-121.99056,40.95899],[-121.99349,40.95739],[-121.99388,40.95622],[-121.99258,40.95409],[-121.99267,40.94805],[-121.98994,40.94119],[-121.99182,40.9384],[-121.9925,40.93206],[-121.9947,40.92618],[-121.99274,40.92502],[-121.99156,40.92268],[-121.99289,40.9225],[-121.98878,40.91383],[-121.98434,40.90989],[-121.98416,40.90611],[-121.98271,40.90227],[-121.98014,40.8998],[-121.97673,40.89802],[-121.97492,40.89539],[-121.97121,40.89271],[-121.96778,40.88889],[-121.96286,40.88832],[-121.95973,40.88567],[-121.95614,40.88009],[-121.95381,40.87411],[-121.95378,40.86912],[-121.95902,40.8652],[-121.95938,40.86415],[-121.95911,40.85264],[-121.96206,40.85157],[-121.96444,40.85301],[-121.9649,40.85456],[-121.96779,40.85727],[-121.96918,40.85688],[-121.96921,40.85445],[-121.97083,40.85308],[-121.97885,40.85124],[-121.98596,40.85099],[-121.98888,40.84794],[-121.99029,40.84854],[-121.99303,40.84651],[-121.99905,40.84665],[-122.00045,40.84495],[-122.00295,40.84362],[-122.00439,40.84343],[-122.01159,40.84682],[-122.015,40.84612],[-122.01581,40.84495],[-122.01548,40.84195],[-122.01693,40.84213],[-122.01729,40.83916],[-122.02003,40.83708],[-122.02076,40.82834],[-122.02474,40.82216],[-122.0239,40.81859],[-122.02438,40.81761],[-122.03008,40.81511],[-122.03363,40.81173],[-122.0349,40.81175],[-122.03869,40.81455],[-122.04095,40.81766],[-122.04664,40.81965],[-122.04932,40.81963],[-122.05447,40.81865],[-122.05528,40.81757],[-122.07106,40.81075],[-122.07287,40.80888],[-122.07793,40.80897],[-122.08509,40.80533],[-122.08675,40.80523],[-122.08946,40.80693],[-122.0931,40.80668],[-122.09675,40.80276],[-122.0956,40.80164],[-122.09536,40.79999],[-122.09704,40.79839],[-122.0946,40.79391],[-122.09593,40.78942],[-122.10011,40.78294],[-122.09944,40.78054],[-122.09974,40.77338],[-122.10043,40.77189],[-122.10401,40.77237],[-122.10735,40.7715],[-122.10898,40.7691],[-122.10841,40.76782],[-122.11141,40.76665],[-122.12195,40.76532],[-122.12089,40.76402],[-122.12164,40.76285],[-122.12056,40.7623],[-122.12011,40.76097],[-122.12149,40.75676],[-122.11624,40.75658],[-122.11757,40.75539],[-122.11742,40.75411],[-122.12076,40.75505],[-122.12561,40.75509],[-122.12612,40.75623],[-122.12764,40.75607],[-122.1289,40.75736],[-122.13221,40.7582],[-122.13501,40.75392],[-122.13553,40.75029],[-122.14172,40.75054],[-122.14323,40.7499],[-122.14326,40.74868],[-122.14587,40.74843],[-122.14551,40.74743],[-122.14401,40.74722],[-122.14326,40.74617],[-122.14317,40.7434],[-122.14398,40.74207],[-122.14494,40.74491],[-122.14744,40.74612],[-122.14768,40.74713],[-122.14976,40.74766],[-122.15153,40.74718],[-122.15463,40.7442],[-122.16101,40.74363],[-122.16324,40.74487],[-122.163,40.7426],[-122.15999,40.73906],[-122.16405,40.73794],[-122.16378,40.73961],[-122.16612,40.74107],[-122.16567,40.74199],[-122.16838,40.74411],[-122.16982,40.74249],[-122.17121,40.74261],[-122.17166,40.74403],[-122.17301,40.74343],[-122.17271,40.74142],[-122.17657,40.73931],[-122.17683,40.74096],[-122.17563,40.74146],[-122.17738,40.74302],[-122.1771,40.74526],[-122.17798,40.74599],[-122.1799,40.74371],[-122.18288,40.74302],[-122.18321,40.7421],[-122.18658,40.74199],[-122.18661,40.74016],[-122.18947,40.73911],[-122.18929,40.73787],[-122.19067,40.73835],[-122.19218,40.73783],[-122.19163,40.73693],[-122.19708,40.73343],[-122.19846,40.73176],[-122.20069,40.73314],[-122.20147,40.73446],[-122.19783,40.73536],[-122.19506,40.737],[-122.19437,40.73927],[-122.19242,40.74041],[-122.19401,40.74377],[-122.19937,40.74517],[-122.20075,40.74375],[-122.20415,40.74416],[-122.20508,40.74492],[-122.20586,40.74373],[-122.2077,40.745],[-122.21125,40.74517],[-122.21351,40.74274],[-122.21356,40.74091],[-122.21257,40.73979],[-122.21059,40.73972],[-122.21158,40.73819],[-122.21411,40.7394],[-122.21793,40.73998],[-122.21947,40.7381],[-122.21829,40.73673],[-122.22087,40.73572],[-122.22078,40.73448],[-122.21862,40.73304],[-122.21898,40.73201],[-122.22153,40.73205],[-122.22298,40.73036],[-122.22362,40.73239],[-122.2252,40.73111],[-122.22644,40.7313],[-122.2267,40.7302],[-122.22896,40.72883],[-122.23007,40.73109],[-122.23329,40.73201],[-122.22544,40.73608],[-122.22842,40.73693],[-122.22668,40.73816],[-122.22746,40.73896],[-122.22842,40.73832],[-122.22927,40.73947],[-122.23074,40.73958],[-122.23086,40.74104],[-122.23237,40.74281],[-122.23438,40.74356],[-122.23216,40.74494],[-122.23072,40.74684],[-122.22319,40.7453],[-122.22274,40.74638],[-122.22413,40.74709],[-122.21907,40.74956],[-122.21625,40.75018],[-122.2178,40.75133],[-122.21417,40.75279],[-122.21417,40.75386],[-122.22007,40.75347],[-122.22087,40.75525],[-122.21947,40.75668],[-122.21712,40.75587],[-122.21559,40.75611],[-122.21487,40.75702],[-122.2211,40.75876],[-122.22904,40.76317],[-122.23193,40.76315],[-122.23599,40.761],[-122.23482,40.75861],[-122.23358,40.7591],[-122.23099,40.75829],[-122.2306,40.75386],[-122.2334,40.75514],[-122.23412,40.7532],[-122.23319,40.75246],[-122.23367,40.75152],[-122.23322,40.75006],[-122.23192,40.74978],[-122.23147,40.74837],[-122.2395,40.7485],[-122.23968,40.74967],[-122.23571,40.74981],[-122.23638,40.75122],[-122.23752,40.7507],[-122.2386,40.75154],[-122.24146,40.75184],[-122.24032,40.75365],[-122.24165,40.75676],[-122.24483,40.75529],[-122.25291,40.75417],[-122.25292,40.75238],[-122.25174,40.75108],[-122.25279,40.75048],[-122.25147,40.74945],[-122.25108,40.74678],[-122.25653,40.74769],[-122.25901,40.74955],[-122.25962,40.74829],[-122.26086,40.74868],[-122.26122,40.74767],[-122.26318,40.74646],[-122.26474,40.74276],[-122.26637,40.74354],[-122.26733,40.74278],[-122.26706,40.74182],[-122.26832,40.74132],[-122.26823,40.74402],[-122.26953,40.74454],[-122.2679,40.74608],[-122.2679,40.74715],[-122.27094,40.74939],[-122.27211,40.74891],[-122.27407,40.75086],[-122.27286,40.75137],[-122.27431,40.75219],[-122.27524,40.75482],[-122.27476,40.75596],[-122.28134,40.76066],[-122.28601,40.76194],[-122.28715,40.76148],[-122.29001,40.75677],[-122.29025,40.7542],[-122.29152,40.7551],[-122.29323,40.75828],[-122.29549,40.75899],[-122.29597,40.7618],[-122.29717,40.76286],[-122.30009,40.76251],[-122.30108,40.76171],[-122.30217,40.76269],[-122.30695,40.76366],[-122.30755,40.76233],[-122.3071,40.76004],[-122.3084,40.75718],[-122.30981,40.75812],[-122.30987,40.75911],[-122.31123,40.75926],[-122.31363,40.75789],[-122.31348,40.75684],[-122.31601,40.75652],[-122.31896,40.75895],[-122.31838,40.767],[-122.31718,40.76849],[-122.31405,40.7702],[-122.31362,40.77304],[-122.31422,40.77464],[-122.31588,40.77613],[-122.31952,40.77739],[-122.32243,40.78267],[-122.32423,40.79199],[-122.32679,40.79478],[-122.32823,40.79986],[-122.32727,40.80277],[-122.32362,40.80627],[-122.3231,40.81272],[-122.32842,40.83281],[-122.32862,40.8432],[-122.33986,40.84838],[-122.34191,40.85053],[-122.34187,40.85227],[-122.34299,40.85474],[-122.34841,40.85934],[-122.35435,40.86263],[-122.36369,40.86598],[-122.36821,40.8714],[-122.37201,40.87419],[-122.37484,40.8779],[-122.38105,40.88007],[-122.38283,40.88289],[-122.38367,40.88634],[-122.38319,40.90284],[-122.38542,40.91073],[-122.38817,40.9132],[-122.40259,40.92174],[-122.40745,40.92242],[-122.41065,40.92432],[-122.41107,40.92967],[-122.41358,40.93182],[-122.41261,40.93571],[-122.41325,40.93679],[-122.41605,40.93766],[-122.42133,40.93761],[-122.42619,40.94088],[-122.43356,40.942],[-122.43643,40.9435],[-122.437,40.94511],[-122.43547,40.9519],[-122.43544,40.9582],[-122.43629,40.95973],[-122.44064,40.96259],[-122.44082,40.96357],[-122.44019,40.96469],[-122.43503,40.96799],[-122.43204,40.97225],[-122.43195,40.97447],[-122.43283,40.9754],[-122.43335,40.97783],[-122.42741,40.98916],[-122.4103,41.0029],[-122.40942,41.00487],[-122.4097,41.0094],[-122.41048,41.01187],[-122.41212,41.01386],[-122.41218,41.01608],[-122.41067,41.01695],[-122.40333,41.01793],[-122.39747,41.02322],[-122.39671,41.02459],[-122.39705,41.03395],[-122.39524,41.04036],[-122.39349,41.04351],[-122.38046,41.04924],[-122.37922,41.05232],[-122.37753,41.05436],[-122.37302,41.05649],[-122.36858,41.06292],[-122.36411,41.0644],[-122.36123,41.0664],[-122.35609,41.07438],[-122.35588,41.08037],[-122.35167,41.08385],[-122.35264,41.08987],[-122.35167,41.09108],[-122.3465,41.09312],[-122.34341,41.09966],[-122.32595,41.11112],[-122.32809,41.11816],[-122.32252,41.12839],[-122.32124,41.13658],[-122.31818,41.14145],[-122.31645,41.1479],[-122.31384,41.14996],[-122.30821,41.15154],[-122.30098,41.15181],[-122.29468,41.15423],[-122.29386,41.15583],[-122.29379,41.15679],[-122.29718,41.16302],[-122.29765,41.17144],[-122.29607,41.17516],[-122.28743,41.18685],[-122.28399,41.19488],[-122.27799,41.20135],[-122.27755,41.20562],[-122.27433,41.21317],[-122.27576,41.22944],[-122.27515,41.23086],[-122.26942,41.2361],[-122.26189,41.24027],[-122.25827,41.24752],[-122.25833,41.24883],[-122.26054,41.25141],[-122.27287,41.25927],[-122.27671,41.26721],[-122.27901,41.27001],[-122.28895,41.2775],[-122.30268,41.28512],[-122.29606,41.28814],[-122.27686,41.28868],[-122.25926,41.2758],[-122.24261,41.27038],[-122.23271,41.26527],[-122.21383,41.26892],[-122.20795,41.27146],[-122.20549,41.27161],[-122.201,41.27046],[-122.19666,41.26829],[-122.18117,41.26931],[-122.17859,41.26757],[-122.17234,41.26517],[-122.14996,41.26063],[-122.14156,41.25253],[-122.13629,41.25098],[-122.08621,41.25319],[-121.96402,41.26051],[-121.91312,41.26761],[-121.85645,41.26606],[-121.81246,41.24784],[-121.80555,41.24424]]]},"properties":{"id":"2","code":"A1","name":"C Zones Archery Only Hunt (C2)","kind":"archery_hunt","group":"Archery","hunt_type":"BUCK","acreage":592986}},{"type":"Feature","geometry":{"type":"Polygon","coordinates":[[[-122.29172,40.45185],[-122.32611,40.4872],[-122.34253,40.51252],[-122.36017,40.56779],[-122.36058,40.60296],[-122.3686,40.63023],[-122.36249,40.64826],[-122.34872,40.67844],[-122.34427,40.69389],[-122.32864,40.71948],[-122.32437,40.72431],[-122.31377,40.74158],[-122.31515,40.74687],[-122.32125,40.75236],[-122.32188,40.75403],[-122.3214,40.75552],[-122.3192,40.7575],[-122.31896,40.75895],[-122.31601,40.75652],[-122.31348,40.75684],[-122.31363,40.75789],[-122.31123,40.75926],[-122.30987,40.75911],[-122.30981,40.75812],[-122.3084,40.75718],[-122.3071,40.76004],[-122.30755,40.76233],[-122.30695,40.76366],[-122.30217,40.76269],[-122.30108,40.76171],[-122.30009,40.76251],[-122.29717,40.76286],[-122.29597,40.7618],[-122.29549,40.75899],[-122.29323,40.75828],[-122.29152,40.7551],[-122.29025,40.7542],[-122.29001,40.75677],[-122.28802,40.75928],[-122.28796,40.76045],[-122.28601,40.76194],[-122.28134,40.76066],[-122.27476,40.75596],[-122.27524,40.75482],[-122.27431,40.75219],[-122.27286,40.75137],[-122.27407,40.75086],[-122.27211,40.74891],[-122.27094,40.74939],[-122.2679,40.74715],[-122.2679,40.74608],[-122.26953,40.74454],[-122.26823,40.74402],[-122.26832,40.74132],[-122.26706,40.74182],[-122.26733,40.74278],[-122.26637,40.74354],[-122.26474,40.74276],[-122.26318,40.74646],[-122.26122,40.74767],[-122.26086,40.74868],[-122.25962,40.74829],[-122.25901,40.74955],[-122.25653,40.74769],[-122.25108,40.74678],[-122.25147,40.74945],[-122.25279,40.75048],[-122.25174,40.75108],[-122.25292,40.75238],[-122.25291,40.75417],[-122.24483,40.75529],[-122.24165,40.75676],[-122.24032,40.75365],[-122.24146,40.75184],[-122.2386,40.75154],[-122.23752,40.7507],[-122.23638,40.75122],[-122.23571,40.74981],[-122.23968,40.74967],[-122.2395,40.7485],[-122.23147,40.74837],[-122.23192,40.74978],[-122.23322,40.75006],[-122.23367,40.75152],[-122.23319,40.75246],[-122.23412,40.7532],[-122.2334,40.75514],[-122.2306,40.75386],[-122.23099,40.75829],[-122.23358,40.7591],[-122.23482,40.75861],[-122.23599,40.761],[-122.23193,40.76315],[-122.22904,40.76317],[-122.2211,40.75876],[-122.21487,40.75702],[-122.21559,40.75611],[-122.21712,40.75587],[-122.21947,40.75668],[-122.22087,40.75525],[-122.22007,40.75347],[-122.21417,40.75386],[-122.21417,40.75279],[-122.2178,40.75133],[-122.21625,40.75018],[-122.21907,40.74956],[-122.22413,40.74709],[-122.22274,40.74638],[-122.22319,40.7453],[-122.23072,40.74684],[-122.23216,40.74494],[-122.23438,40.74356],[-122.23237,40.74281],[-122.23086,40.74104],[-122.23074,40.73958],[-122.22927,40.73947],[-122.22842,40.73832],[-122.22746,40.73896],[-122.22668,40.73816],[-122.22842,40.73693],[-122.22544,40.73608],[-122.23329,40.73201],[-122.23007,40.73109],[-122.22896,40.72883],[-122.2267,40.7302],[-122.22644,40.7313],[-122.2252,40.73111],[-122.22362,40.73239],[-122.22298,40.73036],[-122.22153,40.73205],[-122.21898,40.73201],[-122.21862,40.73304],[-122.22078,40.73448],[-122.22087,40.73572],[-122.21829,40.73673],[-122.21947,40.7381],[-122.21793,40.73998],[-122.21411,40.7394],[-122.21158,40.73819],[-122.21059,40.73972],[-122.21257,40.73979],[-122.21356,40.74091],[-122.21351,40.74274],[-122.21125,40.74517],[-122.2077,40.745],[-122.20586,40.74373],[-122.20508,40.74492],[-122.20415,40.74416],[-122.20075,40.74375],[-122.19937,40.74517],[-122.19401,40.74377],[-122.19242,40.74041],[-122.19437,40.73927],[-122.19506,40.737],[-122.19783,40.73536],[-122.20147,40.73446],[-122.20069,40.73314],[-122.19846,40.73176],[-122.19708,40.73343],[-122.19163,40.73693],[-122.19218,40.73783],[-122.19067,40.73835],[-122.18929,40.73787],[-122.18947,40.73911],[-122.18661,40.74016],[-122.18658,40.74199],[-122.18321,40.7421],[-122.18288,40.74302],[-122.1799,40.74371],[-122.17798,40.74599],[-122.1771,40.74526],[-122.17738,40.74302],[-122.17563,40.74146],[-122.17683,40.74096],[-122.17657,40.73931],[-122.17271,40.74142],[-122.17301,40.74343],[-122.17166,40.74403],[-122.17121,40.74261],[-122.16982,40.74249],[-122.16838,40.74411],[-122.16567,40.74199],[-122.16612,40.74107],[-122.16378,40.73961],[-122.16405,40.73794],[-122.15999,40.73906],[-122.163,40.7426],[-122.16324,40.74487],[-122.16101,40.74363],[-122.15463,40.7442],[-122.15153,40.74718],[-122.14976,40.74766],[-122.14768,40.74713],[-122.14744,40.74612],[-122.14494,40.74491],[-122.14398,40.74207],[-122.14317,40.7434],[-122.14326,40.74617],[-122.14401,40.74722],[-122.14551,40.74743],[-122.14587,40.74843],[-122.14326,40.74868],[-122.14323,40.7499],[-122.14172,40.75054],[-122.13553,40.75029],[-122.13501,40.75392],[-122.13221,40.7582],[-122.1289,40.75736],[-122.12764,40.75607],[-122.12612,40.75623],[-122.12561,40.75509],[-122.12076,40.75505],[-122.11742,40.75411],[-122.11757,40.75539],[-122.11624,40.75658],[-122.12149,40.75676],[-122.12011,40.76097],[-122.12056,40.7623],[-122.12164,40.76285],[-122.12089,40.76402],[-122.12195,40.76532],[-122.11141,40.76665],[-122.10841,40.76782],[-122.10898,40.7691],[-122.10735,40.7715],[-122.10401,40.77237],[-122.10043,40.77189],[-122.09974,40.77338],[-122.09944,40.78054],[-122.10011,40.78294],[-122.09593,40.78942],[-122.0946,40.79391],[-122.09704,40.79839],[-122.09536,40.79999],[-122.0956,40.80164],[-122.09675,40.80276],[-122.0931,40.80668],[-122.08946,40.80693],[-122.08675,40.80523],[-122.08509,40.80533],[-122.07793,40.80897],[-122.07287,40.80888],[-122.07106,40.81075],[-122.05528,40.81757],[-122.05447,40.81865],[-122.04932,40.81963],[-122.04664,40.81965],[-122.04095,40.81766],[-122.03869,40.81455],[-122.0349,40.81175],[-122.03363,40.81173],[-122.03008,40.81511],[-122.02438,40.81761],[-122.0239,40.81859],[-122.02474,40.82216],[-122.02076,40.82834],[-122.02003,40.83708],[-122.01729,40.83916],[-122.01693,40.84213],[-122.01548,40.84195],[-122.01581,40.84495],[-122.015,40.84612],[-122.01159,40.84682],[-122.00439,40.84343],[-122.00295,40.84362],[-122.00045,40.84495],[-121.99905,40.84665],[-121.99303,40.84651],[-121.99029,40.84854],[-121.98888,40.84794],[-121.98596,40.85099],[-121.97885,40.85124],[-121.97083,40.85308],[-121.96921,40.85445],[-121.96918,40.85688],[-121.96779,40.85727],[-121.9649,40.85456],[-121.96444,40.85301],[-121.96206,40.85157],[-121.95911,40.85264],[-121.95938,40.86415],[-121.95902,40.8652],[-121.95378,40.86912],[-121.95381,40.87411],[-121.95614,40.88009],[-121.95973,40.88567],[-121.96286,40.88832],[-121.96778,40.88889],[-121.97121,40.89271],[-121.97492,40.89539],[-121.97673,40.89802],[-121.98014,40.8998],[-121.98271,40.90227],[-121.98416,40.90611],[-121.98434,40.90989],[-121.98878,40.91383],[-121.99289,40.9225],[-121.99156,40.92268],[-121.99274,40.92502],[-121.9947,40.92618],[-121.9925,40.93206],[-121.99182,40.9384],[-121.98994,40.94119],[-121.99267,40.94805],[-121.99258,40.95409],[-121.99388,40.95622],[-121.99349,40.95739],[-121.99056,40.95899],[-121.98999,40.96045],[-121.99026,40.96407],[-121.98863,40.96496],[-121.98586,40.96842],[-121.98553,40.97441],[-121.98279,40.98034],[-121.98047,40.98219],[-121.9754,40.99013],[-121.97585,40.99135],[-121.97093,40.99368],[-121.96954,40.9954],[-121.96868,40.99875],[-121.96677,40.99989],[-121.96758,41.00364],[-121.96713,41.00472],[-121.96327,41.00607],[-121.96106,41.00381],[-121.95862,41.00422],[-121.95043,41.01195],[-121.94862,41.0131],[-121.94645,41.01337],[-121.94491,41.01587],[-121.94548,41.0179],[-121.94497,41.01932],[-121.94276,41.02255],[-121.93747,41.02376],[-121.93225,41.02744],[-121.92953,41.02806],[-121.92814,41.02751],[-121.92606,41.02541],[-121.92201,41.02298],[-121.91962,41.02273],[-121.91696,41.02401],[-121.91485,41.02392],[-121.91388,41.02083],[-121.9127,41.02021],[-121.90557,41.02172],[-121.90119,41.02041],[-121.90002,41.01945],[-121.89993,41.01582],[-121.89926,41.01449],[-121.89766,41.01352],[-121.88996,41.01258],[-121.88715,41.01105],[-121.88511,41.00412],[-121.88595,41.00156],[-121.88556,41.00055],[-121.87931,41.00153],[-121.87844,41.00057],[-121.87919,40.99668],[-121.87826,40.99488],[-121.87552,40.99424],[-121.87363,40.9968],[-121.87244,40.99633],[-121.86917,40.99244],[-121.8664,40.99104],[-121.85157,40.98718],[-121.85012,40.98435],[-121.84927,40.97933],[-121.84791,40.97652],[-121.85017,40.97318],[-121.8467,40.96913],[-121.83794,40.96732],[-121.83628,40.96573],[-121.83586,40.9638],[-121.83432,40.96303],[-121.83028,40.9647],[-121.82569,40.96484],[-121.82243,40.96598],[-121.81401,40.96323],[-121.80655,40.96335],[-121.80351,40.96145],[-121.80269,40.95843],[-121.80188,40.95717],[-121.80061,40.95685],[-121.79862,40.95747],[-121.79412,40.96108],[-121.79237,40.96147],[-121.78992,40.96504],[-121.78754,40.96664],[-121.78564,40.96934],[-121.78407,40.97032],[-121.78084,40.9703],[-121.77727,40.97897],[-121.77835,40.98132],[-121.77742,40.98382],[-121.77539,40.9859],[-121.77153,40.98654],[-121.76594,40.98883],[-121.76434,40.99109],[-121.76373,40.99411],[-121.75721,40.99832],[-121.7499,40.99708],[-121.74395,40.99392],[-121.73892,40.9937],[-121.72971,40.99592],[-121.72038,41.00399],[-121.71782,41.00502],[-121.71368,41.00814],[-121.71265,41.00713],[-121.70981,41.00688],[-121.70586,41.00935],[-121.70453,41.00937],[-121.70163,41.00569],[-121.69505,41.00681],[-121.6932,41.00516],[-121.68967,41.00455],[-121.68889,41.00535],[-121.68967,41.00844],[-121.68695,41.01178],[-121.68378,41.01114],[-121.6833,41.00727],[-121.68112,41.00805],[-121.68109,41.00944],[-121.67729,41.01557],[-121.67535,41.02047],[-121.67559,41.02182],[-121.67442,41.02257],[-121.66792,41.02044],[-121.66566,41.02131],[-121.66312,41.02351],[-121.66333,41.02458],[-121.66233,41.02589],[-121.66173,41.02458],[-121.65786,41.02566],[-121.65557,41.02527],[-121.65418,41.02349],[-121.65339,41.02493],[-121.65596,41.02683],[-121.65697,41.02883],[-121.64795,41.02721],[-121.64738,41.02579],[-121.64626,41.02666],[-121.64572,41.02561],[-121.64412,41.02485],[-121.63883,41.02359],[-121.63672,41.02233],[-121.63705,41.02043],[-121.63572,41.01963],[-121.62607,41.0187],[-121.62377,41.01619],[-121.62642,41.01469],[-121.63167,41.01679],[-121.64572,41.01553],[-121.64877,41.01411],[-121.64931,41.01119],[-121.64834,41.00977],[-121.64569,41.00844],[-121.6362,41.00776],[-121.6333,41.00604],[-121.6261,40.98923],[-121.60662,40.93817],[-121.59465,40.91897],[-121.56342,40.87958],[-121.54944,40.86864],[-121.53891,40.85714],[-121.53437,40.85108],[-121.52507,40.84569],[-121.51514,40.83527],[-121.51343,40.83091],[-121.51369,40.80254],[-121.50721,40.79255],[-121.50111,40.76905],[-121.49756,40.75884],[-121.48143,40.74644],[-121.45537,40.73655],[-121.43365,40.73014],[-121.43037,40.72847],[-121.4264,40.7239],[-121.41818,40.70482],[-121.41794,40.69633],[-121.41863,40.69377],[-121.4255,40.67912],[-121.43196,40.67487],[-121.43905,40.67559],[-121.44181,40.67413],[-121.4428,40.6698],[-121.4443,40.66749],[-121.44934,40.66399],[-121.4578,40.65321],[-121.46395,40.64716],[-121.46599,40.64533],[-121.4705,40.6432],[-121.47891,40.62551],[-121.48074,40.62322],[-121.48824,40.61935],[-121.50281,40.61532],[-121.50807,40.61236],[-121.51386,40.61121],[-121.52922,40.60297],[-121.53358,40.59838],[-121.53703,40.59252],[-121.53815,40.5917],[-121.54652,40.58834],[-121.55721,40.58231],[-121.56199,40.58037],[-121.56958,40.57495],[-121.57253,40.57101],[-121.57713,40.55814],[-121.57986,40.55375],[-121.57986,40.55152],[-121.57585,40.5418],[-121.58128,40.54221],[-121.58632,40.54112],[-121.59202,40.53851],[-121.5957,40.5387],[-121.59909,40.54064],[-121.60317,40.54176],[-121.60566,40.54032],[-121.60977,40.53932],[-121.61022,40.53774],[-121.61547,40.53609],[-121.62204,40.53216],[-121.62611,40.53296],[-121.63208,40.53186],[-121.63568,40.53257],[-121.63736,40.53225],[-121.6418,40.52939],[-121.64539,40.53003],[-121.66452,40.52995],[-121.6677,40.52941],[-121.68056,40.52297],[-121.68179,40.51864],[-121.70112,40.51685],[-121.70862,40.51746],[-121.7511,40.5176],[-121.75641,40.51521],[-121.76322,40.5145],[-121.76669,40.51254],[-121.76943,40.5123],[-121.7703,40.51154],[-121.77437,40.5123],[-121.7819,40.50973],[-121.78421,40.50992],[-121.78829,40.51314],[-121.79023,40.51296],[-121.79198,40.51081],[-121.79296,40.50737],[-121.79514,40.50488],[-121.7983,40.5046],[-121.80095,40.50277],[-121.80512,40.50259],[-121.80774,40.50108],[-121.80876,40.49989],[-121.80798,40.4982],[-121.80846,40.49712],[-121.8149,40.49337],[-121.8167,40.49131],[-121.8164,40.48888],[-121.81997,40.48691],[-121.82449,40.4871],[-121.82662,40.48639],[-121.83318,40.48028],[-121.83779,40.47735],[-121.84157,40.47803],[-121.84295,40.47716],[-121.84316,40.47499],[-121.84477,40.47332],[-121.84825,40.47211],[-121.85397,40.46726],[-121.85465,40.46494],[-121.85807,40.46213],[-121.85849,40.46064],[-121.85759,40.457],[-121.85824,40.45586],[-121.86198,40.45165],[-121.86609,40.44917],[-121.86746,40.44775],[-121.86788,40.44604],[-121.86947,40.44471],[-121.87264,40.44256],[-121.87612,40.44274],[-121.88007,40.44091],[-121.89355,40.44014],[-121.89762,40.43872],[-121.90235,40.43511],[-121.90607,40.43337],[-121.90996,40.43275],[-121.91269,40.43115],[-121.91418,40.43008],[-121.91481,40.42767],[-121.91661,40.42623],[-121.91685,40.42502],[-121.92158,40.42307],[-121.92712,40.41839],[-121.93511,40.41784],[-121.93781,40.41603],[-121.94143,40.41548],[-121.95026,40.41886],[-121.95137,40.41834],[-121.95969,40.41923],[-121.96167,40.42088],[-121.96463,40.42166],[-121.97356,40.42243],[-121.97697,40.42113],[-121.97874,40.42211],[-121.98412,40.42282],[-121.98628,40.42437],[-121.98769,40.42444],[-121.98898,40.42343],[-121.99248,40.42407],[-121.99218,40.42522],[-121.99395,40.42574],[-121.99517,40.42535],[-121.99754,40.42286],[-121.99966,40.42308],[-122.00068,40.42414],[-122.00302,40.42449],[-122.00484,40.42618],[-122.00781,40.42578],[-122.00937,40.42668],[-122.0141,40.42446],[-122.01464,40.42114],[-122.01742,40.42153],[-122.01952,40.42371],[-122.0217,40.42419],[-122.02476,40.42254],[-122.03024,40.42104],[-122.03102,40.4201],[-122.0303,40.41806],[-122.03198,40.41726],[-122.03539,40.41964],[-122.04087,40.41829],[-122.04425,40.41834],[-122.04659,40.41951],[-122.05212,40.4204],[-122.0553,40.41859],[-122.05724,40.41655],[-122.05931,40.41683],[-122.06485,40.41525],[-122.07224,40.41525],[-122.08015,40.41234],[-122.08703,40.41262],[-122.09197,40.41088],[-122.09041,40.41387],[-122.09191,40.41428],[-122.09308,40.41374],[-122.09496,40.41048],[-122.0976,40.40982],[-122.09864,40.41035],[-122.09847,40.41451],[-122.09984,40.41442],[-122.1037,40.41076],[-122.11097,40.40755],[-122.11076,40.40609],[-122.11205,40.40506],[-122.11852,40.40638],[-122.12043,40.40405],[-122.12312,40.40329],[-122.12483,40.40294],[-122.12726,40.40404],[-122.12897,40.40381],[-122.12978,40.4018],[-122.12897,40.39935],[-122.13364,40.39755],[-122.1493,40.39817],[-122.15564,40.3968],[-122.15935,40.39701],[-122.16037,40.39639],[-122.16031,40.39518],[-122.16316,40.39319],[-122.17297,40.39342],[-122.17378,40.39243],[-122.17791,40.39193],[-122.18273,40.39244],[-122.18411,40.39189],[-122.18455,40.38919],[-122.18859,40.38722],[-122.18812,40.38577],[-122.18704,40.38484],[-122.18252,40.38383],[-122.18138,40.38461],[-122.17803,40.38358],[-122.17758,40.38246],[-122.16995,40.37648],[-122.16816,40.374],[-122.16843,40.36935],[-122.17079,40.36631],[-122.17136,40.36354],[-122.17468,40.35697],[-122.1772,40.35743],[-122.1798,40.35942],[-122.18575,40.36688],[-122.19784,40.37591],[-122.19933,40.37902],[-122.20514,40.38102],[-122.21075,40.38144],[-122.21402,40.38303],[-122.21594,40.38581],[-122.21734,40.38637],[-122.21826,40.38636],[-122.22184,40.3833],[-122.22613,40.38317],[-122.22763,40.38472],[-122.22751,40.38824],[-122.22914,40.38903],[-122.23158,40.38846],[-122.23533,40.38593],[-122.2425,40.38709],[-122.24738,40.3839],[-122.25401,40.38284],[-122.25708,40.3805],[-122.26107,40.37556],[-122.26259,40.37518],[-122.26769,40.37925],[-122.27113,40.3789],[-122.27829,40.37501],[-122.28476,40.37735],[-122.28524,40.39143],[-122.28121,40.40436],[-122.28114,40.41267],[-122.28289,40.42496],[-122.28763,40.43905],[-122.28966,40.44823],[-122.29172,40.45185]]]},"properties":{"id":"3","code":"A1","name":"C Zones Archery Only Hunt (C3)","kind":"archery_hunt","group":"Archery","hunt_type":"BUCK","acreage":840008}},{"type":"Feature","geometry":{"type":"Polygon","coordinates":[[[-122.2217,40.17448],[-122.22247,40.17706],[-122.24211,40.20043],[-122.24717,40.2091],[-122.25394,40.22342],[-122.25621,40.23516],[-122.2671,40.26524],[-122.27383,40.28143],[-122.27863,40.28807],[-122.28476,40.37735],[-122.27829,40.37501],[-122.27113,40.3789],[-122.26769,40.37925],[-122.26259,40.37518],[-122.26107,40.37556],[-122.25708,40.3805],[-122.25401,40.38284],[-122.24738,40.3839],[-122.2425,40.38709],[-122.23533,40.38593],[-122.23158,40.38846],[-122.22914,40.38903],[-122.22751,40.38824],[-122.22763,40.38472],[-122.22613,40.38317],[-122.22184,40.3833],[-122.21826,40.38636],[-122.21734,40.38637],[-122.21594,40.38581],[-122.21402,40.38303],[-122.21075,40.38144],[-122.20514,40.38102],[-122.19933,40.37902],[-122.19784,40.37591],[-122.18575,40.36688],[-122.1798,40.35942],[-122.1772,40.35743],[-122.17468,40.35697],[-122.17136,40.36354],[-122.17079,40.36631],[-122.16843,40.36935],[-122.16816,40.374],[-122.16995,40.37648],[-122.17758,40.38246],[-122.17803,40.38358],[-122.18138,40.38461],[-122.18252,40.38383],[-122.18704,40.38484],[-122.18812,40.38577],[-122.18859,40.38722],[-122.18455,40.38919],[-122.18411,40.39189],[-122.18273,40.39244],[-122.17791,40.39193],[-122.17378,40.39243],[-122.17297,40.39342],[-122.16316,40.39319],[-122.16031,40.39518],[-122.16037,40.39639],[-122.15935,40.39701],[-122.15564,40.3968],[-122.1493,40.39817],[-122.13364,40.39755],[-122.12897,40.39935],[-122.12978,40.4018],[-122.12897,40.40381],[-122.12726,40.40404],[-122.12483,40.40294],[-122.12312,40.40329],[-122.12043,40.40405],[-122.11852,40.40638],[-122.11205,40.40506],[-122.11076,40.40609],[-122.11097,40.40755],[-122.1037,40.41076],[-122.09984,40.41442],[-122.09847,40.41451],[-122.09864,40.41035],[-122.0976,40.40982],[-122.09496,40.41048],[-122.09308,40.41374],[-122.09191,40.41428],[-122.09041,40.41387],[-122.09197,40.41088],[-122.08703,40.41262],[-122.08015,40.41234],[-122.07224,40.41525],[-122.06485,40.41525],[-122.05931,40.41683],[-122.05724,40.41655],[-122.0553,40.41859],[-122.05212,40.4204],[-122.04659,40.41951],[-122.04425,40.41834],[-122.04087,40.41829],[-122.03539,40.41964],[-122.03198,40.41726],[-122.0303,40.41806],[-122.03102,40.4201],[-122.03024,40.42104],[-122.02476,40.42254],[-122.0217,40.42419],[-122.01952,40.42371],[-122.01742,40.42153],[-122.01464,40.42114],[-122.0141,40.42446],[-122.00937,40.42668],[-122.00781,40.42578],[-122.00484,40.42618],[-122.00302,40.42449],[-122.00068,40.42414],[-121.99966,40.42308],[-121.99754,40.42286],[-121.99517,40.42535],[-121.99395,40.42574],[-121.99218,40.42522],[-121.99248,40.42407],[-121.98898,40.42343],[-121.98769,40.42444],[-121.98628,40.42437],[-121.98412,40.42282],[-121.97874,40.42211],[-121.97697,40.42113],[-121.97356,40.42243],[-121.96463,40.42166],[-121.96167,40.42088],[-121.95969,40.41923],[-121.95137,40.41834],[-121.95026,40.41886],[-121.94143,40.41548],[-121.93781,40.41603],[-121.93511,40.41784],[-121.92712,40.41839],[-121.92158,40.42307],[-121.91685,40.42502],[-121.91661,40.42623],[-121.91481,40.42767],[-121.91418,40.43008],[-121.91269,40.43115],[-121.90996,40.43275],[-121.90607,40.43337],[-121.90235,40.43511],[-121.89762,40.43872],[-121.89355,40.44014],[-121.88007,40.44091],[-121.87612,40.44274],[-121.87264,40.44256],[-121.86947,40.44471],[-121.86788,40.44604],[-121.86746,40.44775],[-121.86609,40.44917],[-121.86198,40.45165],[-121.85824,40.45586],[-121.85759,40.457],[-121.85849,40.46064],[-121.85807,40.46213],[-121.85465,40.46494],[-121.85397,40.46726],[-121.84825,40.47211],[-121.84477,40.47332],[-121.84316,40.47499],[-121.84295,40.47716],[-121.84157,40.47803],[-121.83779,40.47735],[-121.83318,40.48028],[-121.82662,40.48639],[-121.82449,40.4871],[-121.81997,40.48691],[-121.8164,40.48888],[-121.8167,40.49131],[-121.8149,40.49337],[-121.80846,40.49712],[-121.80798,40.4982],[-121.80876,40.49989],[-121.80774,40.50108],[-121.80512,40.50259],[-121.80095,40.50277],[-121.7983,40.5046],[-121.79514,40.50488],[-121.79296,40.50737],[-121.79198,40.51081],[-121.79023,40.51296],[-121.78829,40.51314],[-121.78421,40.50992],[-121.7819,40.50973],[-121.77437,40.5123],[-121.7703,40.51154],[-121.76943,40.5123],[-121.76669,40.51254],[-121.76322,40.5145],[-121.75641,40.51521],[-121.7511,40.5176],[-121.70862,40.51746],[-121.70112,40.51685],[-121.68179,40.51864],[-121.68056,40.52297],[-121.6677,40.52941],[-121.66452,40.52995],[-121.64539,40.53003],[-121.6418,40.52939],[-121.63736,40.53225],[-121.63568,40.53257],[-121.63208,40.53186],[-121.62611,40.53296],[-121.62204,40.53216],[-121.61547,40.53609],[-121.61022,40.53774],[-121.60977,40.53932],[-121.60566,40.54032],[-121.60317,40.54176],[-121.59909,40.54064],[-121.5957,40.5387],[-121.59202,40.53851],[-121.58632,40.54112],[-121.58128,40.54221],[-121.57585,40.5418],[-121.57986,40.55152],[-121.57986,40.55375],[-121.57713,40.55814],[-121.57253,40.57101],[-121.56958,40.57495],[-121.56199,40.58037],[-121.55721,40.58231],[-121.54652,40.58834],[-121.53815,40.5917],[-121.53703,40.59252],[-121.53358,40.59838],[-121.52922,40.60297],[-121.51386,40.61121],[-121.50807,40.61236],[-121.50281,40.61532],[-121.48824,40.61935],[-121.48074,40.62322],[-121.47891,40.62551],[-121.4705,40.6432],[-121.46599,40.64533],[-121.46395,40.64716],[-121.4578,40.65321],[-121.44934,40.66399],[-121.4443,40.66749],[-121.4428,40.6698],[-121.44181,40.67413],[-121.44046,40.67532],[-121.43196,40.67487],[-121.42835,40.67674],[-121.42469,40.68022],[-121.40359,40.676],[-121.40215,40.67588],[-121.39966,40.677],[-121.39872,40.67867],[-121.3996,40.68183],[-121.39885,40.69],[-121.39906,40.69524],[-121.40008,40.6986],[-121.39855,40.70258],[-121.39699,40.7032],[-121.39566,40.70272],[-121.39055,40.69645],[-121.384,40.6946],[-121.38075,40.6884],[-121.3761,40.68581],[-121.36588,40.67145],[-121.36162,40.67066],[-121.35597,40.66497],[-121.35426,40.66417],[-121.35143,40.6641],[-121.34882,40.66151],[-121.34149,40.65874],[-121.32686,40.65613],[-121.29371,40.64687],[-121.2403,40.64273],[-121.2272,40.64075],[-121.22312,40.64169],[-121.21754,40.64527],[-121.21181,40.65106],[-121.20371,40.65479],[-121.18472,40.65229],[-121.16522,40.64607],[-121.14216,40.62983],[-121.13306,40.62489],[-121.13153,40.62318],[-121.12726,40.62059],[-121.12339,40.61894],[-121.11106,40.61055],[-121.10877,40.60712],[-121.09006,40.58774],[-121.0745,40.57309],[-121.06379,40.56737],[-121.06077,40.56428],[-121.03571,40.52807],[-120.96976,40.49281],[-120.96011,40.48513],[-120.95402,40.48195],[-120.94697,40.47585],[-120.93439,40.47082],[-120.93217,40.46936],[-120.9227,40.45966],[-120.9144,40.4539],[-120.91186,40.45097],[-120.90802,40.44944],[-120.89455,40.44828],[-120.85258,40.43936],[-120.8347,40.43875],[-120.82797,40.43294],[-120.8199,40.42836],[-120.81089,40.42598],[-120.80101,40.42588],[-120.79715,40.42652],[-120.78967,40.42486],[-120.78808,40.42388],[-120.78298,40.41749],[-120.77128,40.41675],[-120.76356,40.41546],[-120.7552,40.41085],[-120.76384,40.40892],[-120.76638,40.40773],[-120.76941,40.40472],[-120.77184,40.40083],[-120.77699,40.39699],[-120.78894,40.39087],[-120.80193,40.38118],[-120.81357,40.3754],[-120.8291,40.37088],[-120.83499,40.36791],[-120.83849,40.36988],[-120.84005,40.36906],[-120.84074,40.36702],[-120.8466,40.36565],[-120.84941,40.36384],[-120.85419,40.36371],[-120.85722,40.36227],[-120.8649,40.36064],[-120.86894,40.35694],[-120.87381,40.35484],[-120.87677,40.35216],[-120.87976,40.35266],[-120.88198,40.35568],[-120.8858,40.35644],[-120.88996,40.35451],[-120.89597,40.35026],[-120.92412,40.33849],[-120.92732,40.3354],[-120.92893,40.3311],[-120.93033,40.32952],[-120.93709,40.3252],[-120.94485,40.31796],[-120.94832,40.31716],[-121.01469,40.31396],[-121.04822,40.31081],[-121.04849,40.30923],[-121.04646,40.30273],[-121.04734,40.298],[-121.052,40.29853],[-121.05777,40.29631],[-121.0609,40.29414],[-121.07405,40.29401],[-121.0751,40.29289],[-121.07552,40.28914],[-121.07854,40.28729],[-121.07919,40.2861],[-121.08081,40.27905],[-121.08652,40.27057],[-121.08697,40.2656],[-121.08566,40.26348],[-121.08083,40.25881],[-121.0808,40.25592],[-121.07853,40.25441],[-121.07737,40.25153],[-121.07875,40.24869],[-121.07867,40.24673],[-121.07786,40.2427],[-121.07619,40.23908],[-121.07563,40.23068],[-121.07668,40.22764],[-121.07537,40.226],[-121.07573,40.22254],[-121.06837,40.21565],[-121.0661,40.21053],[-121.06892,40.20353],[-121.0748,40.19344],[-121.07513,40.19006],[-121.08137,40.18063],[-121.08069,40.17214],[-121.07073,40.17214],[-121.06098,40.17534],[-121.05707,40.17516],[-121.05295,40.17712],[-121.04779,40.17801],[-121.04595,40.17773],[-121.04461,40.17608],[-121.04079,40.17434],[-121.03912,40.17276],[-121.03501,40.17196],[-121.03265,40.17232],[-121.02731,40.17543],[-121.02379,40.1757],[-121.01851,40.1751],[-121.01115,40.17555],[-121.00578,40.1747],[-121.00235,40.17549],[-120.99679,40.17546],[-120.99387,40.17425],[-120.9894,40.17536],[-120.98677,40.17522],[-120.98072,40.17326],[-120.97609,40.17289],[-120.96881,40.16975],[-120.95948,40.16687],[-120.95676,40.16445],[-120.95455,40.15983],[-120.95609,40.14637],[-120.95545,40.14192],[-120.94982,40.13917],[-120.94419,40.13904],[-120.92809,40.13534],[-120.91769,40.13383],[-120.91688,40.13274],[-120.91801,40.13022],[-120.91214,40.12652],[-120.90945,40.12279],[-120.9068,40.11673],[-120.90671,40.11242],[-120.90954,40.10316],[-120.90918,40.09948],[-120.91569,40.08779],[-120.92751,40.08099],[-120.93055,40.0784],[-120.93466,40.07836],[-120.93716,40.07639],[-120.94567,40.07309],[-120.94865,40.07027],[-120.95001,40.06755],[-120.95483,40.06542],[-120.95864,40.06267],[-120.96275,40.06189],[-120.96343,40.06063],[-120.96363,40.0545],[-120.9653,40.05431],[-120.96667,40.05534],[-120.97004,40.05559],[-120.97149,40.05504],[-120.97399,40.05115],[-120.98033,40.0508],[-120.9814,40.05007],[-120.98157,40.04785],[-120.98077,40.04687],[-120.97797,40.04657],[-120.97803,40.04376],[-120.97639,40.04115],[-120.9774,40.04049],[-120.98192,40.04206],[-120.98323,40.04151],[-120.98451,40.03991],[-120.98492,40.03717],[-120.98706,40.03533],[-120.98894,40.03494],[-120.99105,40.03615],[-120.99409,40.0396],[-120.9957,40.0401],[-120.99879,40.03964],[-120.99992,40.03822],[-121.00039,40.03593],[-121.0016,40.03556],[-121.00862,40.03641],[-121.01034,40.03596],[-121.01309,40.03177],[-121.02002,40.03116],[-121.02164,40.02757],[-121.02899,40.02582],[-121.03069,40.02016],[-121.03194,40.01934],[-121.04438,40.02032],[-121.05498,40.01886],[-121.05926,40.02161],[-121.06467,40.02366],[-121.07143,40.02065],[-121.08345,40.01823],[-121.08801,40.01489],[-121.09074,40.01462],[-121.09619,40.01748],[-121.0989,40.0164],[-121.10107,40.01647],[-121.10767,40.02281],[-121.11538,40.02537],[-121.11731,40.02551],[-121.11922,40.02437],[-121.12189,40.02423],[-121.12294,40.02528],[-121.12389,40.02828],[-121.12684,40.02933],[-121.13169,40.02757],[-121.13413,40.02871],[-121.13567,40.02853],[-121.13752,40.02727],[-121.14823,40.02407],[-121.15374,40.02471],[-121.16177,40.02262],[-121.1668,40.02336],[-121.1679,40.02249],[-121.16864,40.01949],[-121.17539,40.01349],[-121.17652,40.01282],[-121.17956,40.01276],[-121.18426,40.01378],[-121.1856,40.01332],[-121.18917,40.00966],[-121.19041,40.00941],[-121.19301,40.01231],[-121.19485,40.01304],[-121.20039,40.01371],[-121.20482,40.01258],[-121.20619,40.01292],[-121.20777,40.01583],[-121.21048,40.01658],[-121.21625,40.01525],[-121.21732,40.0141],[-121.21657,40.01262],[-121.21696,40.01157],[-121.21832,40.01124],[-121.22205,40.01465],[-121.22598,40.01421],[-121.22865,40.01261],[-121.23007,40.00915],[-121.2323,40.00812],[-121.2395,40.00848],[-121.2412,40.00813],[-121.24221,40.0063],[-121.24379,40.0061],[-121.25033,40.00707],[-121.25995,40.00391],[-121.26542,40.00559],[-121.26727,40.00479],[-121.2695,40.00136],[-121.27413,39.99896],[-121.2745,39.99608],[-121.27536,39.99489],[-121.27857,39.99437],[-121.2812,39.99146],[-121.28361,39.99071],[-121.28495,39.98925],[-121.28442,39.98618],[-121.28269,39.98524],[-121.28225,39.98195],[-121.27806,39.98007],[-121.27732,39.97794],[-121.27777,39.97398],[-121.27528,39.97284],[-121.27462,39.97165],[-121.27597,39.96769],[-121.27419,39.96515],[-121.27443,39.964],[-121.27943,39.96238],[-121.28469,39.95832],[-121.29118,39.9575],[-121.29968,39.9537],[-121.30257,39.94902],[-121.30751,39.94495],[-121.30811,39.94374],[-121.30772,39.94236],[-121.30877,39.94021],[-121.31079,39.93859],[-121.31477,39.93807],[-121.31572,39.9371],[-121.31618,39.93033],[-121.31532,39.92541],[-121.31669,39.92041],[-121.32186,39.91796],[-121.32677,39.91455],[-121.32971,39.91027],[-121.34341,39.90634],[-121.35233,39.90207],[-121.35907,39.9004],[-121.35999,39.89104],[-121.36154,39.88861],[-121.3668,39.88562],[-121.37015,39.88182],[-121.37247,39.87727],[-121.37366,39.86848],[-121.38729,39.86263],[-121.39554,39.84402],[-121.40043,39.84235],[-121.4083,39.84207],[-121.41411,39.83818],[-121.41489,39.83562],[-121.41432,39.83441],[-121.41022,39.83235],[-121.40859,39.82915],[-121.40889,39.82601],[-121.40986,39.82476],[-121.41556,39.82228],[-121.4231,39.82061],[-121.42579,39.81667],[-121.4273,39.81234],[-121.42965,39.81024],[-121.43534,39.80784],[-121.44139,39.80296],[-121.44593,39.80131],[-121.44936,39.79627],[-121.45304,39.7943],[-121.45363,39.79309],[-121.45288,39.78922],[-121.45119,39.78806],[-121.44997,39.78504],[-121.45222,39.77934],[-121.45906,39.77416],[-121.46283,39.77476],[-121.46342,39.77345],[-121.46295,39.77219],[-121.46372,39.77105],[-121.46546,39.77075],[-121.46617,39.76848],[-121.46626,39.76711],[-121.46489,39.76585],[-121.46569,39.76318],[-121.46931,39.76152],[-121.47343,39.76241],[-121.47956,39.76076],[-121.48287,39.75382],[-121.48213,39.75229],[-121.48226,39.74868],[-121.48789,39.7463],[-121.49019,39.74396],[-121.49425,39.74212],[-121.49558,39.74048],[-121.49674,39.73885],[-121.49673,39.73672],[-121.49628,39.73446],[-121.49408,39.73059],[-121.4945,39.72828],[-121.51213,39.72199],[-121.52011,39.7174],[-121.5245,39.71072],[-121.52818,39.71024],[-121.52987,39.70921],[-121.53094,39.70651],[-121.52964,39.7021],[-121.53053,39.69972],[-121.53054,39.69668],[-121.53576,39.68888],[-121.53932,39.68556],[-121.53965,39.68362],[-121.53906,39.68222],[-121.53119,39.67446],[-121.52708,39.67226],[-121.52619,39.67125],[-121.52624,39.6698],[-121.53417,39.66339],[-121.53684,39.65758],[-121.54155,39.65474],[-121.54872,39.65415],[-121.5573,39.65125],[-121.58085,39.63595],[-121.6187,39.6021],[-121.61944,39.60004],[-121.61909,39.58661],[-121.62081,39.58226],[-121.6201,39.57954],[-121.59208,39.5458],[-121.57357,39.52492],[-121.5721,39.51392],[-121.57541,39.49887],[-121.57678,39.49813],[-121.64511,39.49816],[-121.65864,39.49471],[-121.67766,39.49372],[-121.68858,39.49426],[-121.68838,39.46525],[-121.79727,39.46505],[-121.80315,39.46409],[-121.98994,39.46443],[-121.99186,39.46427],[-121.99245,39.46331],[-121.9927,39.45784],[-121.99424,39.45727],[-122.01711,39.45718],[-122.01886,39.4653],[-122.01849,39.47668],[-122.02051,39.49069],[-122.01935,39.50066],[-122.0156,39.51808],[-122.01435,39.52119],[-122.03282,39.52184],[-122.11234,39.52177],[-122.12191,39.52405],[-122.20891,39.52414],[-122.21467,39.52485],[-122.2143,39.55645],[-122.20424,39.63067],[-122.2048,39.68162],[-122.20593,39.71221],[-122.20575,39.74089],[-122.20465,39.78375],[-122.20019,39.80049],[-122.19984,39.8042],[-122.2004,39.96308],[-122.2157,40.05984],[-122.21922,40.12771],[-122.22396,40.15349],[-122.2217,40.17448]]]},"properties":{"id":"4","code":"A1","name":"C Zones Archery Only Hunt (C4)","kind":"archery_hunt","group":"Archery","hunt_type":"BUCK","acreage":2472880}},{"type":"Feature","geometry":{"type":"Polygon","coordinates":[[[-121.13359,41.32675],[-121.13292,41.32339],[-121.1345,41.31941],[-121.13497,41.30987],[-121.13382,41.30397],[-121.1345,41.28506],[-121.13533,41.28103],[-121.1366,41.27996],[-121.14319,41.26793],[-121.13409,41.23316],[-121.13421,41.23023],[-121.14795,41.21823],[-121.14837,41.21242],[-121.14695,41.21004],[-121.13999,41.20672],[-121.13845,41.20436],[-121.13861,41.18232],[-121.13375,41.16836],[-121.13378,41.13396],[-121.13315,41.13254],[-121.13172,41.13187],[-121.14511,41.12088],[-121.14328,41.12048],[-121.1437,41.11892],[-121.14007,41.11578],[-121.14113,41.11443],[-121.13681,41.11185],[-121.13726,41.11052],[-121.13511,41.10993],[-121.13408,41.11055],[-121.13324,41.10892],[-121.13163,41.10858],[-121.13139,41.10682],[-121.12982,41.10606],[-121.12964,41.10535],[-121.13079,41.10391],[-121.12943,41.10256],[-121.12934,41.1013],[-121.12646,41.09986],[-121.12423,41.09998],[-121.12326,41.0978],[-121.12386,41.09561],[-121.12247,41.09371],[-121.12181,41.09122],[-121.1229,41.08854],[-121.11591,41.08765],[-121.11531,41.08198],[-121.11649,41.08026],[-121.11661,41.0785],[-121.11564,41.07708],[-121.1161,41.07479],[-121.11534,41.07221],[-121.11598,41.06994],[-121.11791,41.07042],[-121.11879,41.0696],[-121.11966,41.06596],[-121.1193,41.06404],[-121.12145,41.06281],[-121.12335,41.06054],[-121.12538,41.06015],[-121.12495,41.05883],[-121.12743,41.05901],[-121.12912,41.05794],[-121.1319,41.05398],[-121.13314,41.04933],[-121.13438,41.04897],[-121.13483,41.05011],[-121.1378,41.05004],[-121.1377,41.04897],[-121.13644,41.0481],[-121.13701,41.04741],[-121.13668,41.04611],[-121.13931,41.04586],[-121.13943,41.04487],[-121.14071,41.04442],[-121.14431,41.03903],[-121.15023,41.03666],[-121.15454,41.0332],[-121.15511,41.02855],[-121.15713,41.02504],[-121.15604,41.02202],[-121.15769,41.01754],[-121.15688,41.01625],[-121.15367,41.01477],[-121.1531,41.01255],[-121.15434,41.01001],[-121.15455,41.0069],[-121.15678,41.00523],[-121.15699,41.0042],[-121.15585,41.00301],[-121.15241,41.00212],[-121.15201,40.99802],[-121.15241,40.99619],[-121.1544,40.99466],[-121.15455,40.99086],[-121.15555,40.9888],[-121.15748,40.98644],[-121.16041,40.98057],[-121.16303,40.9778],[-121.16267,40.97585],[-121.1703,40.97397],[-121.17066,40.97214],[-121.1687,40.9699],[-121.17024,40.9678],[-121.17513,40.96624],[-121.1834,40.96692],[-121.1849,40.96589],[-121.18469,40.96377],[-121.18309,40.96059],[-121.18586,40.95915],[-121.18568,40.95818],[-121.18327,40.95647],[-121.18293,40.95439],[-121.18583,40.9508],[-121.18709,40.9475],[-121.19032,40.94624],[-121.19246,40.94375],[-121.19786,40.94091],[-121.1983,40.93716],[-121.19945,40.93695],[-121.20241,40.9385],[-121.20932,40.93804],[-121.21121,40.93719],[-121.21282,40.93426],[-121.21545,40.93301],[-121.2179,40.93283],[-121.22024,40.93374],[-121.2223,40.93745],[-121.22743,40.94082],[-121.22915,40.94097],[-121.23291,40.93952],[-121.23613,40.94039],[-121.23855,40.94667],[-121.24006,40.95484],[-121.24384,40.95738],[-121.24584,40.96036],[-121.25102,40.96336],[-121.2512,40.97021],[-121.25292,40.97234],[-121.25473,40.97296],[-121.25568,40.97437],[-121.25726,40.97471],[-121.25791,40.97567],[-121.2612,40.9768],[-121.26253,40.97793],[-121.26302,40.97971],[-121.26581,40.9811],[-121.26601,40.98331],[-121.26532,40.98527],[-121.26808,40.9909],[-121.27197,40.99471],[-121.2776,40.99628],[-121.27824,40.99797],[-121.28156,41.0009],[-121.28694,41.00061],[-121.28724,41.00182],[-121.28606,41.00223],[-121.28579,41.00335],[-121.28597,41.00456],[-121.2876,41.00633],[-121.28751,41.00843],[-121.29149,41.01008],[-121.29222,41.01129],[-121.29031,41.01682],[-121.28515,41.01733],[-121.28191,41.01868],[-121.28164,41.02307],[-121.28529,41.02751],[-121.28786,41.02838],[-121.291,41.02657],[-121.29871,41.0286],[-121.30058,41.03002],[-121.30372,41.03446],[-121.30459,41.03675],[-121.30369,41.03856],[-121.30387,41.03979],[-121.30604,41.04105],[-121.31453,41.04277],[-121.31873,41.04288],[-121.32849,41.04512],[-121.33333,41.04457],[-121.33496,41.04258],[-121.33698,41.04215],[-121.33883,41.0427],[-121.34152,41.04713],[-121.34306,41.04761],[-121.34445,41.04592],[-121.34853,41.04953],[-121.36294,41.04827],[-121.36923,41.05106],[-121.37322,41.05485],[-121.37552,41.05499],[-121.37901,41.05355],[-121.3839,41.05268],[-121.39343,41.04893],[-121.39856,41.04393],[-121.39969,41.03985],[-121.40289,41.03755],[-121.4067,41.03635],[-121.40836,41.03464],[-121.41425,41.02579],[-121.41996,41.02323],[-121.42147,41.01938],[-121.42271,41.01923],[-121.42507,41.0203],[-121.42761,41.01412],[-121.43002,41.01332],[-121.4335,41.00408],[-121.43477,41.00253],[-121.43652,41.00189],[-121.43552,40.99595],[-121.43916,40.99161],[-121.43568,40.99],[-121.43356,40.99033],[-121.43294,40.98762],[-121.4337,40.98699],[-121.43908,40.98759],[-121.44356,40.98644],[-121.44632,40.98326],[-121.44878,40.98284],[-121.44932,40.98104],[-121.45223,40.98019],[-121.4542,40.97725],[-121.45516,40.9735],[-121.45721,40.97223],[-121.45956,40.97273],[-121.46251,40.97517],[-121.46445,40.97961],[-121.46299,40.98247],[-121.46388,40.98415],[-121.46753,40.9863],[-121.47265,40.98646],[-121.47357,40.98965],[-121.47527,40.9908],[-121.47922,40.98998],[-121.49174,40.99097],[-121.49392,40.99],[-121.49642,40.98719],[-121.49973,40.98601],[-121.5022,40.98955],[-121.50627,40.98941],[-121.50872,40.99013],[-121.51069,40.98625],[-121.51264,40.98421],[-121.51208,40.9815],[-121.51345,40.97949],[-121.5154,40.97898],[-121.51911,40.97933],[-121.52167,40.97773],[-121.52598,40.97707],[-121.53409,40.97867],[-121.53611,40.97808],[-121.53761,40.9767],[-121.53936,40.97678],[-121.54443,40.98028],[-121.54636,40.97983],[-121.54935,40.98153],[-121.55238,40.98213],[-121.55543,40.98172],[-121.55565,40.98381],[-121.55772,40.98733],[-121.55965,40.98798],[-121.56215,40.98746],[-121.56408,40.98964],[-121.5695,40.99091],[-121.57002,40.99304],[-121.57095,40.99364],[-121.57489,40.99252],[-121.57791,40.99035],[-121.58009,40.99061],[-121.58095,40.99153],[-121.58152,40.99528],[-121.5784,40.99725],[-121.57732,41.00059],[-121.58084,41.00629],[-121.58246,41.00763],[-121.5848,41.00777],[-121.58802,41.00641],[-121.59039,41.00841],[-121.59411,41.00854],[-121.59648,41.01173],[-121.60099,41.01378],[-121.60589,41.01392],[-121.60904,41.01305],[-121.61414,41.0153],[-121.61852,41.01502],[-121.6216,41.01677],[-121.62459,41.01387],[-121.62517,41.01403],[-121.62642,41.01469],[-121.62146,41.01798],[-121.62119,41.01986],[-121.62917,41.03352],[-121.63131,41.04384],[-121.64655,41.05996],[-121.63782,41.10082],[-121.63939,41.10327],[-121.63821,41.1065],[-121.63967,41.10817],[-121.63976,41.10988],[-121.6381,41.12491],[-121.63897,41.13443],[-121.64009,41.13779],[-121.6456,41.14294],[-121.64993,41.15088],[-121.66038,41.15806],[-121.66459,41.16233],[-121.67612,41.16711],[-121.69133,41.17195],[-121.7372,41.19164],[-121.74089,41.19146],[-121.74605,41.19783],[-121.7509,41.20027],[-121.7582,41.20215],[-121.77065,41.20198],[-121.77494,41.20414],[-121.77985,41.20455],[-121.79331,41.22014],[-121.79729,41.23293],[-121.80395,41.24262],[-121.80652,41.24504],[-121.85645,41.26606],[-121.91312,41.26761],[-121.96402,41.26051],[-122.08621,41.25319],[-122.13629,41.25098],[-122.14156,41.25253],[-122.14996,41.26063],[-122.17234,41.26517],[-122.17859,41.26757],[-122.18117,41.26931],[-122.19666,41.26829],[-122.201,41.27046],[-122.20549,41.27161],[-122.20795,41.27146],[-122.21383,41.26892],[-122.23271,41.26527],[-122.24261,41.27038],[-122.25926,41.2758],[-122.27686,41.28868],[-122.29606,41.28814],[-122.30268,41.28512],[-122.30795,41.28872],[-122.33188,41.33181],[-122.33859,41.33868],[-122.34244,41.34426],[-122.36897,41.36682],[-122.37362,41.37252],[-122.3752,41.37774],[-122.37468,41.38284],[-122.37523,41.39213],[-122.37717,41.39485],[-122.37988,41.39684],[-122.38237,41.40066],[-122.38194,41.40398],[-122.38003,41.40718],[-122.37976,41.4113],[-122.38304,41.41814],[-122.38675,41.42258],[-122.389,41.42654],[-122.38964,41.42958],[-122.38699,41.43509],[-122.38715,41.43965],[-122.38359,41.44125],[-122.37222,41.444],[-122.3637,41.44873],[-122.35719,41.45763],[-122.34998,41.47593],[-122.34511,41.47973],[-122.32371,41.50421],[-122.30665,41.51937],[-122.30311,41.52078],[-122.28667,41.52349],[-122.28436,41.52441],[-122.27308,41.53279],[-122.27031,41.5341],[-122.2492,41.53383],[-122.23511,41.53673],[-122.2324,41.53851],[-122.22587,41.5468],[-122.21142,41.55679],[-122.19681,41.57105],[-122.19478,41.57457],[-122.19299,41.58135],[-122.20145,41.60504],[-122.20089,41.61891],[-122.20043,41.62076],[-122.19222,41.63467],[-122.18902,41.63825],[-122.17865,41.64134],[-122.15047,41.64343],[-122.13525,41.64327],[-122.12952,41.64412],[-122.12607,41.64636],[-122.12183,41.65197],[-122.11961,41.65327],[-122.1132,41.6556],[-122.08729,41.6695],[-122.07579,41.67348],[-122.05579,41.68651],[-122.04379,41.68842],[-122.04147,41.69],[-122.03908,41.69434],[-122.03926,41.69602],[-122.04819,41.70851],[-122.05038,41.7135],[-122.05313,41.71741],[-122.05468,41.72174],[-122.05785,41.72611],[-122.05909,41.73387],[-122.06342,41.7435],[-122.06483,41.75066],[-122.06635,41.75362],[-122.06638,41.75586],[-122.00588,41.82833],[-122.00114,41.83855],[-122.00112,41.84011],[-121.99695,41.84679],[-121.92151,41.95857],[-121.92136,41.96113],[-121.91974,41.96115],[-121.91557,41.96715],[-121.91159,41.96724],[-121.91064,41.96827],[-121.90914,41.97147],[-121.90966,41.97589],[-121.90889,41.97758],[-121.90448,41.97982],[-121.89526,41.99261],[-121.88927,42.00337],[-121.51864,41.99831],[-121.51536,41.9942],[-121.43414,41.92157],[-121.33114,41.85879],[-121.31227,41.84584],[-121.30826,41.84193],[-121.30703,41.83896],[-121.30237,41.7509],[-121.2937,41.72094],[-121.28208,41.70963],[-121.28138,41.70819],[-121.28083,41.70202],[-121.18854,41.57936],[-121.15989,41.54921],[-121.15022,41.53534],[-121.15071,41.53081],[-121.15988,41.51468],[-121.15757,41.48824],[-121.16921,41.42658],[-121.19377,41.38598],[-121.19474,41.3805],[-121.19221,41.37242],[-121.18611,41.36483],[-121.15166,41.3425],[-121.13359,41.32675]]]},"properties":{"id":"5","code":"A3","name":"Zone X1 Archery Hunt","kind":"archery_hunt","group":"Archery","hunt_type":"BUCK","acreage":1858785}},{"type":"Feature","geometry":{"type":"Polygon","coordinates":[[[-121.30826,41.84193],[-121.31227,41.84584],[-121.33114,41.85879],[-121.43414,41.92157],[-121.51536,41.9942],[-121.51864,41.99831],[-121.35487,41.99632],[-121.29567,41.99772],[-121.16767,41.997],[-121.00117,41.99308],[-120.8169,41.99402],[-120.70712,41.99388],[-120.62417,41.99297],[-120.53145,41.99368],[-120.32828,41.9931],[-120.32767,41.98737],[-120.32823,41.98503],[-120.32525,41.97893],[-120.32062,41.97244],[-120.32311,41.96622],[-120.32638,41.96295],[-120.33067,41.95561],[-120.33147,41.95485],[-120.33275,41.95501],[-120.33266,41.95294],[-120.33355,41.95099],[-120.33312,41.94932],[-120.33398,41.94676],[-120.33891,41.94304],[-120.34763,41.93908],[-120.35366,41.93436],[-120.35721,41.93132],[-120.35895,41.92718],[-120.36333,41.92368],[-120.3644,41.92156],[-120.36464,41.9178],[-120.36602,41.91543],[-120.36543,41.91301],[-120.36604,41.90885],[-120.36485,41.90665],[-120.36613,41.90418],[-120.36441,41.89533],[-120.36508,41.89156],[-120.36465,41.88911],[-120.36156,41.88534],[-120.3622,41.88378],[-120.35911,41.8812],[-120.35742,41.88159],[-120.35693,41.88045],[-120.35818,41.87759],[-120.36155,41.87617],[-120.36323,41.8764],[-120.36427,41.87544],[-120.3642,41.87338],[-120.36175,41.86881],[-120.36426,41.86334],[-120.36636,41.86044],[-120.36899,41.85858],[-120.36972,41.85184],[-120.36828,41.84704],[-120.36959,41.8413],[-120.3691,41.83481],[-120.37028,41.82868],[-120.37547,41.81786],[-120.38213,41.81066],[-120.38342,41.80952],[-120.38495,41.80927],[-120.38598,41.81041],[-120.38522,41.81325],[-120.38604,41.81476],[-120.38974,41.81748],[-120.39004,41.81862],[-120.39179,41.81743],[-120.39274,41.81206],[-120.401,41.80241],[-120.4006,41.79976],[-120.40482,41.79775],[-120.40827,41.79478],[-120.41154,41.79373],[-120.41261,41.79204],[-120.41979,41.78856],[-120.42196,41.78465],[-120.42471,41.7833],[-120.42447,41.77969],[-120.42829,41.77919],[-120.42951,41.78077],[-120.42975,41.78797],[-120.43281,41.79],[-120.43369,41.79172],[-120.43577,41.78829],[-120.4377,41.78836],[-120.4377,41.78717],[-120.43907,41.785],[-120.43791,41.7831],[-120.44103,41.77914],[-120.44222,41.781],[-120.44222,41.78486],[-120.44335,41.78559],[-120.4446,41.78411],[-120.4464,41.78488],[-120.44885,41.7796],[-120.45056,41.7718],[-120.45159,41.77059],[-120.45896,41.76776],[-120.45327,41.75354],[-120.44832,41.75049],[-120.44273,41.74579],[-120.43992,41.74222],[-120.43711,41.73625],[-120.43656,41.73346],[-120.42637,41.73282],[-120.37532,41.73329],[-120.37513,41.69044],[-120.37617,41.68723],[-120.38705,41.66616],[-120.41115,41.62072],[-120.41426,41.61587],[-120.41816,41.61155],[-120.4178,41.60719],[-120.42197,41.60222],[-120.42271,41.60044],[-120.42338,41.59257],[-120.42417,41.59123],[-120.42971,41.58919],[-120.43218,41.58725],[-120.43486,41.58107],[-120.43654,41.56898],[-120.45428,41.54483],[-120.45964,41.54005],[-120.4816,41.51601],[-120.48628,41.51379],[-120.52973,41.50021],[-120.53645,41.49773],[-120.53979,41.49499],[-120.54244,41.4941],[-120.58316,41.49431],[-120.59968,41.49817],[-120.61568,41.4935],[-120.62158,41.48895],[-120.62612,41.48661],[-120.62843,41.48643],[-120.66036,41.48671],[-120.68855,41.49282],[-120.69348,41.49258],[-120.70692,41.48891],[-120.71677,41.48116],[-120.7366,41.47496],[-120.74748,41.46738],[-120.80265,41.4531],[-120.84378,41.45397],[-120.86879,41.44404],[-120.87936,41.43698],[-120.8793,41.43842],[-120.88133,41.4403],[-120.90469,41.45936],[-120.91166,41.46039],[-120.92117,41.46415],[-120.93336,41.47062],[-120.95425,41.47808],[-120.96079,41.48217],[-120.96825,41.48791],[-120.96889,41.49026],[-120.96858,41.49537],[-120.97102,41.49761],[-120.9737,41.49882],[-121.14465,41.53209],[-121.15022,41.53534],[-121.15989,41.54921],[-121.18854,41.57936],[-121.28083,41.70202],[-121.28138,41.70819],[-121.28208,41.70963],[-121.2937,41.72094],[-121.30237,41.7509],[-121.30703,41.83896],[-121.30826,41.84193]]]},"properties":{"id":"6","code":"A4","name":"Zone X2 Archery Hunt","kind":"archery_hunt","group":"Archery","hunt_type":"BUCK","acreage":1037082}},{"type":"Feature","geometry":{"type":"Polygon","coordinates":[[[-120.51004,40.92973],[-120.46883,40.8711],[-120.4634,40.86815],[-120.46,40.865],[-120.4982,40.84502],[-120.5313,40.83455],[-120.55608,40.81779],[-120.55876,40.81752],[-120.59778,40.82332],[-120.59955,40.82465],[-120.6051,40.8337],[-120.62218,40.84271],[-120.62928,40.84392],[-120.65661,40.86529],[-120.67219,40.87126],[-120.67743,40.87496],[-120.71414,40.89362],[-120.7455,40.90836],[-120.74716,40.90856],[-120.74972,40.90369],[-120.75612,40.87489],[-120.75968,40.86494],[-120.75942,40.85666],[-120.75738,40.85174],[-120.75184,40.8438],[-120.75158,40.83845],[-120.75055,40.83555],[-120.74157,40.82675],[-120.73482,40.81648],[-120.73413,40.813],[-120.73114,40.8093],[-120.72629,40.80109],[-120.72515,40.79759],[-120.72692,40.78229],[-120.72613,40.76795],[-120.735,40.76666],[-120.73695,40.76566],[-120.74745,40.76776],[-120.75978,40.76748],[-120.76847,40.7663],[-120.7757,40.76874],[-120.7799,40.76936],[-120.78419,40.76835],[-120.78769,40.76632],[-120.79307,40.76551],[-120.79631,40.76239],[-120.80038,40.76264],[-120.80262,40.76422],[-120.80427,40.76815],[-120.81106,40.7702],[-120.81292,40.7743],[-120.81635,40.77511],[-120.81792,40.7767],[-120.81759,40.77501],[-120.8182,40.7739],[-120.81918,40.77266],[-120.82141,40.77218],[-120.82884,40.77282],[-120.83143,40.77494],[-120.84128,40.77837],[-120.84601,40.77848],[-120.84757,40.78211],[-120.85374,40.78323],[-120.85488,40.78468],[-120.85512,40.7861],[-120.85381,40.78898],[-120.85367,40.79184],[-120.85587,40.79956],[-120.85789,40.80268],[-120.85732,40.80503],[-120.85922,40.8066],[-120.85943,40.80781],[-120.86201,40.81052],[-120.86314,40.81301],[-120.86495,40.81446],[-120.86536,40.81613],[-120.86949,40.82019],[-120.87148,40.82592],[-120.87312,40.8281],[-120.87372,40.833],[-120.88229,40.82967],[-120.88683,40.83001],[-120.88905,40.82788],[-120.89194,40.82678],[-120.89469,40.82719],[-120.89916,40.8315],[-120.9012,40.83611],[-120.90086,40.84111],[-120.90324,40.84423],[-120.90777,40.84489],[-120.91133,40.8431],[-120.91295,40.84026],[-120.91322,40.83803],[-120.91606,40.83307],[-120.9168,40.83235],[-120.91976,40.83251],[-120.92041,40.83032],[-120.91982,40.82956],[-120.92175,40.82985],[-120.92254,40.82625],[-120.92088,40.8196],[-120.92132,40.81773],[-120.92518,40.81633],[-120.92599,40.81373],[-120.92672,40.81355],[-120.92983,40.81533],[-120.93281,40.81873],[-120.9367,40.81819],[-120.9403,40.81874],[-120.94343,40.82152],[-120.94591,40.82554],[-120.94889,40.82812],[-120.95173,40.82704],[-120.95348,40.82806],[-120.95653,40.83084],[-120.95671,40.83529],[-120.95791,40.8371],[-120.96732,40.83751],[-120.97511,40.84576],[-120.97643,40.84629],[-120.98209,40.84588],[-120.98552,40.84776],[-120.98913,40.84756],[-120.99414,40.8447],[-121.00428,40.84108],[-121.00736,40.83882],[-121.00912,40.83597],[-121.01176,40.8352],[-121.01348,40.83248],[-121.01754,40.83228],[-121.02104,40.83116],[-121.02429,40.83126],[-121.028,40.8284],[-121.0298,40.82839],[-121.03826,40.83105],[-121.04112,40.82993],[-121.04371,40.83016],[-121.04555,40.82934],[-121.05019,40.82909],[-121.0532,40.83037],[-121.05558,40.83378],[-121.05588,40.83529],[-121.06546,40.8426],[-121.07272,40.84355],[-121.0791,40.84299],[-121.08232,40.84352],[-121.08567,40.84272],[-121.09224,40.84484],[-121.09944,40.84873],[-121.10275,40.84942],[-121.10712,40.8498],[-121.11459,40.84765],[-121.11546,40.84575],[-121.11462,40.84438],[-121.11549,40.84289],[-121.11509,40.84035],[-121.1175,40.83859],[-121.11769,40.83967],[-121.1161,40.84078],[-121.11775,40.84438],[-121.1244,40.84319],[-121.12591,40.84412],[-121.12925,40.84327],[-121.13164,40.84111],[-121.13528,40.84001],[-121.13691,40.84147],[-121.14061,40.8423],[-121.14573,40.84731],[-121.15056,40.84958],[-121.15344,40.84937],[-121.15464,40.85006],[-121.15795,40.8482],[-121.1568,40.8579],[-121.15759,40.8612],[-121.16425,40.86628],[-121.16588,40.86674],[-121.1659,40.86973],[-121.16967,40.87321],[-121.17015,40.87732],[-121.1737,40.8794],[-121.17447,40.88456],[-121.18021,40.8892],[-121.17793,40.89415],[-121.18021,40.89576],[-121.1726,40.89863],[-121.17592,40.89938],[-121.18018,40.90475],[-121.18358,40.90447],[-121.185,40.90757],[-121.19128,40.91025],[-121.19208,40.91145],[-121.19515,40.91199],[-121.19596,40.914],[-121.19783,40.91445],[-121.1979,40.91605],[-121.20092,40.91712],[-121.20332,40.91969],[-121.20599,40.91984],[-121.20572,40.92172],[-121.20782,40.92273],[-121.20834,40.92512],[-121.21006,40.92551],[-121.2106,40.92686],[-121.21345,40.92917],[-121.21704,40.92809],[-121.21918,40.92953],[-121.21879,40.93039],[-121.21697,40.93069],[-121.21711,40.93271],[-121.21261,40.93442],[-121.21046,40.93777],[-121.20389,40.93862],[-121.19945,40.93695],[-121.1983,40.93716],[-121.19786,40.94091],[-121.19246,40.94375],[-121.19032,40.94624],[-121.18709,40.9475],[-121.18583,40.9508],[-121.18293,40.95439],[-121.18327,40.95647],[-121.18568,40.95818],[-121.18586,40.95915],[-121.18309,40.96059],[-121.18469,40.96377],[-121.1849,40.96589],[-121.1834,40.96692],[-121.17513,40.96624],[-121.17024,40.9678],[-121.1687,40.9699],[-121.17066,40.97214],[-121.1703,40.97397],[-121.16267,40.97585],[-121.16303,40.9778],[-121.16041,40.98057],[-121.15748,40.98644],[-121.15555,40.9888],[-121.15455,40.99086],[-121.1544,40.99466],[-121.15241,40.99619],[-121.15201,40.99802],[-121.15241,41.00212],[-121.15585,41.00301],[-121.15699,41.0042],[-121.15678,41.00523],[-121.15455,41.0069],[-121.15434,41.01001],[-121.1531,41.01255],[-121.15367,41.01477],[-121.15688,41.01625],[-121.15769,41.01754],[-121.15604,41.02202],[-121.15713,41.02504],[-121.15511,41.02855],[-121.15454,41.0332],[-121.15023,41.03666],[-121.14431,41.03903],[-121.14071,41.04442],[-121.13943,41.04487],[-121.13931,41.04586],[-121.13668,41.04611],[-121.13701,41.04741],[-121.13644,41.0481],[-121.1377,41.04897],[-121.1378,41.05004],[-121.13483,41.05011],[-121.13438,41.04897],[-121.13314,41.04933],[-121.1319,41.05398],[-121.12912,41.05794],[-121.12743,41.05901],[-121.12495,41.05883],[-121.12538,41.06015],[-121.12335,41.06054],[-121.12145,41.06281],[-121.1193,41.06404],[-121.11966,41.06596],[-121.11879,41.0696],[-121.11791,41.07042],[-121.11598,41.06994],[-121.11534,41.07221],[-121.1161,41.07479],[-121.11564,41.07708],[-121.11661,41.0785],[-121.11649,41.08026],[-121.11531,41.08198],[-121.11591,41.08765],[-121.1229,41.08854],[-121.12181,41.09122],[-121.12247,41.09371],[-121.12386,41.09561],[-121.12326,41.0978],[-121.12423,41.09998],[-121.12646,41.09986],[-121.12934,41.1013],[-121.12943,41.10256],[-121.13079,41.10391],[-121.12964,41.10535],[-121.12982,41.10606],[-121.13139,41.10682],[-121.13163,41.10858],[-121.13324,41.10892],[-121.13408,41.11055],[-121.13511,41.10993],[-121.13726,41.11052],[-121.13681,41.11185],[-121.14113,41.11443],[-121.14007,41.11578],[-121.1437,41.11892],[-121.14328,41.12048],[-121.14511,41.12088],[-121.13172,41.13187],[-121.13315,41.13254],[-121.13378,41.13396],[-121.13375,41.16836],[-121.13861,41.18232],[-121.13845,41.20436],[-121.13999,41.20672],[-121.14695,41.21004],[-121.14837,41.21242],[-121.14795,41.21823],[-121.13421,41.23023],[-121.13409,41.23316],[-121.14319,41.26793],[-121.1366,41.27996],[-121.13533,41.28103],[-121.1345,41.28506],[-121.13382,41.30397],[-121.13497,41.30987],[-121.13475,41.31735],[-121.13292,41.32339],[-121.13295,41.32531],[-121.13359,41.32675],[-121.14002,41.33275],[-121.15166,41.3425],[-121.18611,41.36483],[-121.19221,41.37242],[-121.19474,41.3805],[-121.19377,41.38598],[-121.16921,41.42658],[-121.15757,41.48824],[-121.15988,41.51468],[-121.15071,41.53081],[-121.15022,41.53534],[-121.14465,41.53209],[-120.9737,41.49882],[-120.97102,41.49761],[-120.96858,41.49537],[-120.96889,41.49026],[-120.96825,41.48791],[-120.96079,41.48217],[-120.95425,41.47808],[-120.93336,41.47062],[-120.92117,41.46415],[-120.91166,41.46039],[-120.90469,41.45936],[-120.88133,41.4403],[-120.8793,41.43842],[-120.87936,41.43698],[-120.86879,41.44404],[-120.84378,41.45397],[-120.80265,41.4531],[-120.74748,41.46738],[-120.7366,41.47496],[-120.71677,41.48116],[-120.70692,41.48891],[-120.69348,41.49258],[-120.68855,41.49282],[-120.66036,41.48671],[-120.62843,41.48643],[-120.62612,41.48661],[-120.62158,41.48895],[-120.61568,41.4935],[-120.59968,41.49817],[-120.58316,41.49431],[-120.54244,41.4941],[-120.54224,41.47978],[-120.5498,41.46028],[-120.54987,41.45836],[-120.54211,41.39632],[-120.54169,41.39046],[-120.54277,41.38454],[-120.53935,41.3717],[-120.53705,41.3675],[-120.51926,41.35264],[-120.51311,41.34435],[-120.50607,41.3135],[-120.50491,41.30198],[-120.50351,41.28606],[-120.5039,41.24388],[-120.50336,41.21555],[-120.50404,41.20843],[-120.50661,41.19598],[-120.50408,41.1865],[-120.50408,41.18427],[-120.50654,41.16881],[-120.50637,41.16325],[-120.51015,41.14773],[-120.51031,41.1437],[-120.50844,41.13927],[-120.50458,41.13373],[-120.50013,41.12889],[-120.49499,41.1264],[-120.48581,41.11624],[-120.47505,41.10126],[-120.47071,41.08977],[-120.47056,41.08515],[-120.46901,41.0808],[-120.46948,41.07465],[-120.4718,41.06992],[-120.47317,41.0561],[-120.48311,41.03442],[-120.4863,41.02563],[-120.5022,40.961],[-120.51075,40.93592],[-120.51103,40.93267],[-120.51004,40.92973]]]},"properties":{"id":"7","code":"A5","name":"Zone X3a Archery Hunt","kind":"archery_hunt","group":"Archery","hunt_type":"BUCK","acreage":981275}},{"type":"Feature","geometry":{"type":"Polygon","coordinates":[[[-119.99973,41.99498],[-119.99923,41.98752],[-119.9988,41.77652],[-120.00007,41.49887],[-119.99965,41.02211],[-120.0088,41.02347],[-120.01598,41.02023],[-120.02021,41.02066],[-120.02239,41.01989],[-120.02552,41.0229],[-120.02951,41.02375],[-120.05432,41.01907],[-120.06803,41.02046],[-120.08177,41.02929],[-120.08397,41.02766],[-120.08817,41.02773],[-120.09194,41.02899],[-120.09529,41.02869],[-120.09768,41.027],[-120.10317,41.0267],[-120.11504,41.02942],[-120.12018,41.03243],[-120.1238,41.03252],[-120.12875,41.03528],[-120.13403,41.03446],[-120.14517,41.03609],[-120.16263,41.03582],[-120.16335,41.03823],[-120.17806,41.03217],[-120.18168,41.03125],[-120.18512,41.03142],[-120.19337,41.03459],[-120.20596,41.04342],[-120.21164,41.04424],[-120.21783,41.04677],[-120.23083,41.05677],[-120.23104,41.05798],[-120.23723,41.06115],[-120.23814,41.06389],[-120.23989,41.06591],[-120.24491,41.06872],[-120.24824,41.06794],[-120.25492,41.06819],[-120.26151,41.06682],[-120.26496,41.06364],[-120.26889,41.06502],[-120.27112,41.06392],[-120.27608,41.06324],[-120.283,41.05946],[-120.29112,41.0583],[-120.29306,41.05743],[-120.29496,41.0559],[-120.29538,41.05396],[-120.2975,41.05254],[-120.30463,41.04877],[-120.30928,41.04829],[-120.31393,41.04927],[-120.31656,41.05233],[-120.32167,41.05087],[-120.32487,41.05213],[-120.32855,41.05238],[-120.33242,41.05542],[-120.33734,41.05576],[-120.34085,41.05729],[-120.34327,41.06036],[-120.34979,41.06139],[-120.36218,41.06671],[-120.36977,41.06501],[-120.37067,41.06394],[-120.37285,41.06323],[-120.37475,41.06323],[-120.38839,41.05923],[-120.39018,41.05932],[-120.39764,41.0558],[-120.40399,41.05022],[-120.4097,41.03998],[-120.41151,41.03968],[-120.41828,41.04085],[-120.42526,41.03916],[-120.43969,41.03852],[-120.44875,41.04232],[-120.45238,41.0473],[-120.45582,41.05002],[-120.46471,41.05258],[-120.47475,41.05181],[-120.47317,41.0561],[-120.4718,41.06992],[-120.46948,41.07465],[-120.46901,41.0797],[-120.47056,41.08515],[-120.47071,41.08977],[-120.47451,41.10001],[-120.48581,41.11624],[-120.49499,41.1264],[-120.50013,41.12889],[-120.50606,41.13551],[-120.51031,41.1437],[-120.51015,41.14773],[-120.50637,41.16325],[-120.50654,41.16881],[-120.50408,41.18427],[-120.50408,41.1865],[-120.50661,41.19598],[-120.50404,41.20843],[-120.50332,41.21863],[-120.5039,41.24388],[-120.50351,41.28606],[-120.50607,41.3135],[-120.51245,41.34243],[-120.51381,41.34586],[-120.51926,41.35264],[-120.53617,41.36651],[-120.53935,41.3717],[-120.54277,41.38454],[-120.54166,41.3916],[-120.5498,41.46028],[-120.54224,41.47978],[-120.54244,41.4941],[-120.53979,41.49499],[-120.53645,41.49773],[-120.52973,41.50021],[-120.48628,41.51379],[-120.4816,41.51601],[-120.45964,41.54005],[-120.45428,41.54483],[-120.43654,41.56898],[-120.43486,41.58107],[-120.43218,41.58725],[-120.42971,41.58919],[-120.42417,41.59123],[-120.42338,41.59257],[-120.42271,41.60044],[-120.42197,41.60222],[-120.4178,41.60719],[-120.41816,41.61155],[-120.41426,41.61587],[-120.41115,41.62072],[-120.38705,41.66616],[-120.37617,41.68723],[-120.37513,41.69044],[-120.37532,41.73329],[-120.42637,41.73282],[-120.43656,41.73346],[-120.43711,41.73625],[-120.43992,41.74222],[-120.44273,41.74579],[-120.44832,41.75049],[-120.45327,41.75354],[-120.45896,41.76776],[-120.45159,41.77059],[-120.45056,41.7718],[-120.44885,41.7796],[-120.4464,41.78488],[-120.4446,41.78411],[-120.44335,41.78559],[-120.44222,41.78486],[-120.44222,41.781],[-120.44103,41.77914],[-120.43791,41.7831],[-120.43907,41.785],[-120.4377,41.78717],[-120.4377,41.78836],[-120.43577,41.78829],[-120.43369,41.79172],[-120.43281,41.79],[-120.42975,41.78797],[-120.42951,41.78077],[-120.42829,41.77919],[-120.42447,41.77969],[-120.42471,41.7833],[-120.42196,41.78465],[-120.41979,41.78856],[-120.41261,41.79204],[-120.41154,41.79373],[-120.40827,41.79478],[-120.40482,41.79775],[-120.4006,41.79976],[-120.401,41.80241],[-120.39274,41.81206],[-120.39179,41.81743],[-120.39004,41.81862],[-120.38974,41.81748],[-120.38604,41.81476],[-120.38522,41.81325],[-120.38598,41.81041],[-120.38495,41.80927],[-120.38342,41.80952],[-120.38213,41.81066],[-120.37547,41.81786],[-120.37028,41.82868],[-120.3691,41.83481],[-120.36959,41.8413],[-120.36828,41.84704],[-120.36972,41.85184],[-120.36899,41.85858],[-120.36636,41.86044],[-120.36426,41.86334],[-120.36175,41.86881],[-120.3642,41.87338],[-120.36427,41.87544],[-120.36323,41.8764],[-120.36155,41.87617],[-120.35818,41.87759],[-120.35693,41.88045],[-120.35742,41.88159],[-120.35911,41.8812],[-120.3622,41.88378],[-120.36156,41.88534],[-120.36465,41.88911],[-120.36508,41.89156],[-120.36441,41.89533],[-120.36613,41.90418],[-120.36485,41.90665],[-120.36604,41.90885],[-120.36543,41.91301],[-120.36602,41.91543],[-120.36464,41.9178],[-120.3644,41.92156],[-120.36333,41.92368],[-120.35895,41.92718],[-120.35721,41.93132],[-120.35366,41.93436],[-120.34763,41.93908],[-120.33891,41.94304],[-120.33398,41.94676],[-120.33312,41.94932],[-120.33355,41.95099],[-120.33266,41.95294],[-120.33275,41.95501],[-120.33147,41.95485],[-120.33067,41.95561],[-120.32638,41.96295],[-120.32228,41.96773],[-120.32062,41.97244],[-120.32525,41.97893],[-120.32823,41.98503],[-120.32767,41.98737],[-120.32828,41.9931],[-120.26893,41.99289],[-120.18066,41.99459],[-119.99973,41.99498]]]},"properties":{"id":"8","code":"A6","name":"Zone X3b Archery Hunt","kind":"archery_hunt","group":"Archery","hunt_type":"BUCK","acreage":987586}},{"type":"Feature","geometry":{"type":"Polygon","coordinates":[[[-121.03571,40.52807],[-121.06077,40.56428],[-121.06379,40.56737],[-121.0745,40.57309],[-121.09006,40.58774],[-121.10877,40.60712],[-121.11106,40.61055],[-121.12339,40.61894],[-121.12726,40.62059],[-121.13153,40.62318],[-121.13306,40.62489],[-121.14216,40.62983],[-121.16246,40.64426],[-121.16736,40.64699],[-121.18349,40.65144],[-121.18472,40.65229],[-121.20371,40.65479],[-121.21181,40.65106],[-121.21754,40.64527],[-121.22312,40.64169],[-121.2272,40.64075],[-121.2403,40.64273],[-121.29371,40.64687],[-121.32686,40.65613],[-121.34149,40.65874],[-121.34882,40.66151],[-121.35143,40.6641],[-121.35426,40.66417],[-121.35597,40.66497],[-121.36162,40.67066],[-121.36588,40.67145],[-121.3761,40.68581],[-121.38075,40.6884],[-121.384,40.6946],[-121.39055,40.69645],[-121.39566,40.70272],[-121.39699,40.7032],[-121.39855,40.70258],[-121.40008,40.6986],[-121.39906,40.69524],[-121.39885,40.69],[-121.3996,40.68183],[-121.39872,40.67867],[-121.39966,40.677],[-121.40215,40.67588],[-121.40359,40.676],[-121.42469,40.68022],[-121.41794,40.69633],[-121.41818,40.70482],[-121.4264,40.7239],[-121.42881,40.72707],[-121.43203,40.72957],[-121.45537,40.73655],[-121.48143,40.74644],[-121.49756,40.75884],[-121.50111,40.76905],[-121.50721,40.79255],[-121.51369,40.80254],[-121.51343,40.83091],[-121.51514,40.83527],[-121.52507,40.84569],[-121.53437,40.85108],[-121.53891,40.85714],[-121.54944,40.86864],[-121.56342,40.87958],[-121.59465,40.91897],[-121.60662,40.93817],[-121.6261,40.98923],[-121.6333,41.00604],[-121.6362,41.00776],[-121.6443,41.00817],[-121.64686,41.00894],[-121.64931,41.01119],[-121.64877,41.01411],[-121.64572,41.01553],[-121.63167,41.01679],[-121.62459,41.01387],[-121.6216,41.01677],[-121.61852,41.01502],[-121.61414,41.0153],[-121.60904,41.01305],[-121.60588,41.01392],[-121.59999,41.0136],[-121.59648,41.01173],[-121.59358,41.00829],[-121.5904,41.00841],[-121.58802,41.00641],[-121.58327,41.00784],[-121.58085,41.0063],[-121.57728,41.00006],[-121.5784,40.99725],[-121.58152,40.99528],[-121.58095,40.99153],[-121.58009,40.99061],[-121.57791,40.99035],[-121.57489,40.99252],[-121.57095,40.99364],[-121.57002,40.99304],[-121.5695,40.99091],[-121.56408,40.98964],[-121.56215,40.98746],[-121.55965,40.98798],[-121.55772,40.98733],[-121.55565,40.98381],[-121.55543,40.98172],[-121.55238,40.98213],[-121.54935,40.98153],[-121.54636,40.97983],[-121.54443,40.98028],[-121.53861,40.97661],[-121.5341,40.97867],[-121.52598,40.97707],[-121.52167,40.97773],[-121.51911,40.97933],[-121.5154,40.97898],[-121.51345,40.97949],[-121.51208,40.9815],[-121.51264,40.98421],[-121.51069,40.98625],[-121.50872,40.99013],[-121.50627,40.98941],[-121.5022,40.98955],[-121.49973,40.98601],[-121.49642,40.98719],[-121.49392,40.99],[-121.49174,40.99097],[-121.47922,40.98998],[-121.47526,40.9908],[-121.47357,40.98965],[-121.47265,40.98646],[-121.46753,40.9863],[-121.46388,40.98415],[-121.46299,40.98247],[-121.46445,40.97961],[-121.46251,40.97517],[-121.45956,40.97273],[-121.45721,40.97223],[-121.45516,40.9735],[-121.4542,40.97725],[-121.45223,40.98019],[-121.44932,40.98104],[-121.44878,40.98284],[-121.44632,40.98326],[-121.44356,40.98644],[-121.43908,40.98759],[-121.43312,40.98736],[-121.43356,40.99033],[-121.43568,40.99],[-121.43916,40.99161],[-121.43566,40.99548],[-121.43653,41.00187],[-121.43477,41.00253],[-121.4335,41.00408],[-121.43002,41.01332],[-121.42761,41.01412],[-121.42507,41.0203],[-121.42271,41.01923],[-121.42147,41.01938],[-121.41996,41.02323],[-121.41425,41.02579],[-121.40836,41.03464],[-121.4067,41.03635],[-121.40289,41.03755],[-121.39969,41.03985],[-121.39856,41.04393],[-121.39343,41.04893],[-121.39113,41.05015],[-121.37552,41.05499],[-121.37322,41.05485],[-121.36923,41.05106],[-121.36294,41.04827],[-121.34853,41.04953],[-121.34445,41.04592],[-121.34306,41.04761],[-121.34152,41.04713],[-121.33883,41.0427],[-121.33698,41.04215],[-121.33496,41.04258],[-121.33333,41.04457],[-121.32849,41.04512],[-121.31873,41.04288],[-121.31453,41.04277],[-121.30604,41.04105],[-121.30387,41.03979],[-121.30369,41.03856],[-121.30459,41.03675],[-121.30372,41.03446],[-121.30058,41.03002],[-121.29871,41.0286],[-121.291,41.02657],[-121.28786,41.02838],[-121.28529,41.02751],[-121.28267,41.02483],[-121.28164,41.02307],[-121.28191,41.01868],[-121.28515,41.01733],[-121.29031,41.01682],[-121.29222,41.01129],[-121.29149,41.01008],[-121.28751,41.00843],[-121.2876,41.00633],[-121.28597,41.00456],[-121.28579,41.00335],[-121.28606,41.00223],[-121.28724,41.00182],[-121.28694,41.00061],[-121.28156,41.0009],[-121.27824,40.99797],[-121.2776,40.99628],[-121.27197,40.99471],[-121.26808,40.9909],[-121.26532,40.98527],[-121.26601,40.98331],[-121.26581,40.9811],[-121.26302,40.97971],[-121.26253,40.97793],[-121.2612,40.9768],[-121.25791,40.97567],[-121.25726,40.97471],[-121.25568,40.97437],[-121.25473,40.97296],[-121.25292,40.97234],[-121.2512,40.97021],[-121.25102,40.96336],[-121.24584,40.96036],[-121.24384,40.95738],[-121.24006,40.95484],[-121.23855,40.94667],[-121.23613,40.94039],[-121.23291,40.93952],[-121.22914,40.94097],[-121.22712,40.94064],[-121.22546,40.93899],[-121.2223,40.93745],[-121.21975,40.93334],[-121.21655,40.93272],[-121.21711,40.93271],[-121.21701,40.93064],[-121.21911,40.93016],[-121.21894,40.9292],[-121.21704,40.92809],[-121.21345,40.92917],[-121.2106,40.92686],[-121.21006,40.92551],[-121.20834,40.92512],[-121.20782,40.92273],[-121.20572,40.92172],[-121.20599,40.91984],[-121.20332,40.91969],[-121.20092,40.91712],[-121.1979,40.91605],[-121.19783,40.91445],[-121.19596,40.914],[-121.19515,40.91199],[-121.19208,40.91145],[-121.19128,40.91025],[-121.185,40.90757],[-121.18358,40.90447],[-121.18018,40.90475],[-121.17592,40.89938],[-121.1726,40.89863],[-121.18021,40.89576],[-121.17793,40.89415],[-121.18021,40.8892],[-121.17447,40.88456],[-121.1737,40.8794],[-121.17015,40.87732],[-121.16967,40.87321],[-121.1659,40.86973],[-121.16588,40.86674],[-121.16425,40.86628],[-121.15759,40.8612],[-121.1568,40.8579],[-121.15795,40.8482],[-121.15464,40.85006],[-121.15344,40.84937],[-121.15056,40.84958],[-121.14573,40.84731],[-121.14061,40.8423],[-121.13691,40.84147],[-121.13528,40.84001],[-121.13164,40.84111],[-121.12925,40.84327],[-121.12591,40.84412],[-121.1244,40.84319],[-121.11775,40.84438],[-121.1161,40.84078],[-121.11769,40.83967],[-121.1175,40.83859],[-121.11509,40.84035],[-121.11549,40.84289],[-121.11462,40.84438],[-121.11546,40.84575],[-121.11459,40.84765],[-121.10712,40.8498],[-121.10275,40.84942],[-121.09944,40.84873],[-121.09224,40.84484],[-121.08567,40.84272],[-121.08232,40.84352],[-121.0791,40.84299],[-121.07272,40.84355],[-121.06546,40.8426],[-121.05588,40.83529],[-121.05558,40.83378],[-121.0532,40.83037],[-121.05019,40.82909],[-121.04555,40.82934],[-121.04371,40.83016],[-121.04112,40.82993],[-121.03826,40.83105],[-121.0298,40.82839],[-121.028,40.8284],[-121.02429,40.83126],[-121.02104,40.83116],[-121.01754,40.83228],[-121.01348,40.83248],[-121.01176,40.8352],[-121.00912,40.83597],[-121.00736,40.83882],[-121.00428,40.84108],[-120.99414,40.8447],[-120.98913,40.84756],[-120.98552,40.84776],[-120.98209,40.84588],[-120.97643,40.84629],[-120.97511,40.84576],[-120.96732,40.83751],[-120.95791,40.8371],[-120.95671,40.83529],[-120.95653,40.83084],[-120.95348,40.82806],[-120.95173,40.82704],[-120.94889,40.82812],[-120.94591,40.82554],[-120.94343,40.82152],[-120.9403,40.81874],[-120.9367,40.81819],[-120.93281,40.81873],[-120.92983,40.81533],[-120.92672,40.81355],[-120.92599,40.81373],[-120.92518,40.81633],[-120.92132,40.81773],[-120.92088,40.8196],[-120.92254,40.82625],[-120.92175,40.82985],[-120.91982,40.82956],[-120.92041,40.83032],[-120.91976,40.83251],[-120.9168,40.83235],[-120.91606,40.83307],[-120.91322,40.83803],[-120.91295,40.84026],[-120.91133,40.8431],[-120.90777,40.84489],[-120.90324,40.84423],[-120.90086,40.84111],[-120.9012,40.83611],[-120.89916,40.8315],[-120.89469,40.82719],[-120.89194,40.82678],[-120.88905,40.82788],[-120.88683,40.83001],[-120.88229,40.82967],[-120.87372,40.833],[-120.87312,40.8281],[-120.87148,40.82592],[-120.86949,40.82019],[-120.86536,40.81613],[-120.86495,40.81446],[-120.86314,40.81301],[-120.86201,40.81052],[-120.85943,40.80781],[-120.85922,40.8066],[-120.85732,40.80503],[-120.85789,40.80268],[-120.85587,40.79956],[-120.85367,40.79184],[-120.85381,40.78898],[-120.85512,40.7861],[-120.85488,40.78468],[-120.85374,40.78323],[-120.84757,40.78211],[-120.84601,40.77848],[-120.84128,40.77837],[-120.83143,40.77494],[-120.82884,40.77282],[-120.82141,40.77218],[-120.81918,40.77266],[-120.8182,40.7739],[-120.81759,40.77501],[-120.81792,40.7767],[-120.81635,40.77511],[-120.81292,40.7743],[-120.81106,40.7702],[-120.80427,40.76815],[-120.8022,40.76382],[-120.80038,40.76264],[-120.79761,40.76235],[-120.79631,40.76239],[-120.79307,40.76551],[-120.78769,40.76632],[-120.78419,40.76835],[-120.7799,40.76936],[-120.7757,40.76874],[-120.76847,40.7663],[-120.75978,40.76748],[-120.74745,40.76776],[-120.73695,40.76566],[-120.735,40.76666],[-120.72613,40.76795],[-120.72245,40.76319],[-120.71797,40.75226],[-120.71312,40.74349],[-120.70608,40.73474],[-120.69763,40.73081],[-120.68978,40.72358],[-120.67665,40.71573],[-120.67607,40.71123],[-120.67316,40.70642],[-120.67043,40.69554],[-120.66902,40.69352],[-120.66256,40.68826],[-120.66271,40.6854],[-120.66079,40.68241],[-120.66163,40.6809],[-120.66103,40.67927],[-120.65806,40.67712],[-120.65791,40.67339],[-120.6562,40.6684],[-120.65737,40.66637],[-120.65771,40.66205],[-120.65657,40.65898],[-120.65846,40.65443],[-120.65648,40.64631],[-120.65708,40.64055],[-120.64325,40.62966],[-120.64232,40.62495],[-120.64211,40.62293],[-120.64334,40.61854],[-120.64344,40.60888],[-120.64146,40.60602],[-120.64134,40.6047],[-120.64311,40.60255],[-120.64195,40.60076],[-120.643,40.59875],[-120.6436,40.59315],[-120.64097,40.58809],[-120.63941,40.5824],[-120.64184,40.57625],[-120.64247,40.56814],[-120.64099,40.56859],[-120.63768,40.56558],[-120.63435,40.56857],[-120.63255,40.56877],[-120.63099,40.56995],[-120.62552,40.56909],[-120.61379,40.56999],[-120.60416,40.56864],[-120.59885,40.5669],[-120.59674,40.56533],[-120.593,40.56059],[-120.58823,40.55619],[-120.58534,40.54461],[-120.58186,40.54021],[-120.57942,40.53849],[-120.57889,40.53708],[-120.57721,40.53642],[-120.57385,40.53337],[-120.57143,40.53323],[-120.57042,40.53411],[-120.56765,40.53238],[-120.56712,40.52903],[-120.5677,40.52663],[-120.56331,40.51924],[-120.5613,40.51744],[-120.55912,40.51034],[-120.5568,40.50845],[-120.55669,40.50665],[-120.55812,40.50444],[-120.55675,40.50348],[-120.55718,40.50269],[-120.55633,40.50181],[-120.55475,40.50197],[-120.55385,40.49991],[-120.5522,40.49847],[-120.55254,40.4953],[-120.55166,40.49336],[-120.5502,40.4924],[-120.54618,40.49338],[-120.54508,40.4927],[-120.54499,40.49095],[-120.54139,40.49038],[-120.53992,40.48902],[-120.53623,40.48858],[-120.5332,40.48957],[-120.52566,40.48727],[-120.52257,40.48769],[-120.52136,40.48538],[-120.51896,40.48341],[-120.51367,40.48424],[-120.50542,40.47998],[-120.50245,40.48156],[-120.49911,40.48121],[-120.49447,40.48391],[-120.49202,40.48448],[-120.49059,40.48647],[-120.49056,40.4876],[-120.48535,40.48987],[-120.48456,40.49182],[-120.47924,40.4928],[-120.47826,40.49098],[-120.47566,40.48988],[-120.47644,40.48622],[-120.47576,40.48464],[-120.47452,40.48389],[-120.46984,40.48354],[-120.46809,40.48245],[-120.46363,40.48308],[-120.45726,40.48179],[-120.45877,40.47913],[-120.45641,40.47885],[-120.45356,40.47698],[-120.45221,40.47462],[-120.44964,40.47272],[-120.44885,40.47043],[-120.44969,40.46925],[-120.45181,40.46895],[-120.45229,40.46634],[-120.45117,40.46405],[-120.45275,40.46251],[-120.45302,40.45824],[-120.45534,40.45647],[-120.45549,40.45223],[-120.45864,40.44666],[-120.45828,40.44468],[-120.45531,40.44346],[-120.44874,40.44282],[-120.44636,40.44342],[-120.44454,40.44276],[-120.44273,40.44371],[-120.442,40.44016],[-120.44114,40.44006],[-120.44006,40.43759],[-120.44077,40.43624],[-120.44254,40.43583],[-120.44365,40.43429],[-120.44212,40.43176],[-120.44021,40.43143],[-120.43866,40.42869],[-120.43929,40.42706],[-120.44185,40.4256],[-120.44174,40.42472],[-120.44265,40.42402],[-120.44137,40.42103],[-120.4427,40.4171],[-120.44241,40.41489],[-120.44353,40.41302],[-120.4417,40.41071],[-120.44166,40.40826],[-120.44342,40.40658],[-120.44734,40.40463],[-120.44818,40.40202],[-120.45102,40.40041],[-120.44374,40.39768],[-120.45185,40.40071],[-120.4789,40.40075],[-120.48817,40.39801],[-120.51281,40.39718],[-120.52131,40.39567],[-120.57419,40.39737],[-120.58078,40.40016],[-120.58413,40.39867],[-120.58846,40.39293],[-120.59205,40.39222],[-120.59678,40.39473],[-120.62003,40.4001],[-120.62374,40.40454],[-120.63173,40.40703],[-120.6395,40.41305],[-120.66321,40.41881],[-120.66548,40.41728],[-120.66719,40.41707],[-120.67063,40.41849],[-120.67884,40.42494],[-120.6806,40.42507],[-120.68569,40.42228],[-120.69625,40.42234],[-120.70732,40.41875],[-120.72512,40.41478],[-120.73631,40.41445],[-120.7552,40.41085],[-120.76356,40.41546],[-120.77128,40.41675],[-120.78298,40.41749],[-120.78808,40.42388],[-120.78967,40.42486],[-120.79715,40.42652],[-120.80101,40.42588],[-120.81089,40.42598],[-120.8199,40.42836],[-120.82797,40.43294],[-120.8347,40.43875],[-120.85258,40.43936],[-120.89455,40.44828],[-120.90967,40.44988],[-120.9227,40.45966],[-120.93217,40.46936],[-120.9355,40.47137],[-120.94841,40.47669],[-120.95402,40.48195],[-120.96011,40.48513],[-120.96976,40.49281],[-121.03571,40.52807]]]},"properties":{"id":"9","code":"A7","name":"Zone X4 Archery Hunt","kind":"archery_hunt","group":"Archery","hunt_type":"BUCK","acreage":713748}},{"type":"Feature","geometry":{"type":"Polygon","coordinates":[[[-120.24744,40.5977],[-120.27876,40.45826],[-120.27996,40.45101],[-120.27925,40.4453],[-120.27962,40.44184],[-120.28309,40.42595],[-120.2879,40.41032],[-120.28817,40.40519],[-120.29129,40.39918],[-120.30446,40.39302],[-120.30898,40.39016],[-120.31006,40.38794],[-120.31025,40.38078],[-120.31171,40.37874],[-120.31369,40.37761],[-120.32317,40.37725],[-120.35083,40.37632],[-120.3633,40.37683],[-120.3929,40.38328],[-120.39622,40.3871],[-120.39981,40.38705],[-120.41808,40.39671],[-120.44084,40.3966],[-120.45102,40.40041],[-120.44818,40.40202],[-120.44768,40.40404],[-120.44636,40.40545],[-120.44342,40.40658],[-120.44175,40.40806],[-120.4417,40.41071],[-120.44353,40.41302],[-120.44241,40.41489],[-120.4427,40.4171],[-120.44137,40.42103],[-120.44265,40.42402],[-120.44174,40.42472],[-120.44185,40.4256],[-120.43929,40.42706],[-120.43866,40.42869],[-120.44021,40.43143],[-120.44212,40.43176],[-120.44344,40.43336],[-120.4434,40.43503],[-120.44128,40.43583],[-120.44002,40.43722],[-120.44114,40.44006],[-120.442,40.44016],[-120.44246,40.44355],[-120.44454,40.44276],[-120.44636,40.44342],[-120.44874,40.44282],[-120.45531,40.44346],[-120.45828,40.44468],[-120.45864,40.44666],[-120.45549,40.45223],[-120.45534,40.45647],[-120.45302,40.45824],[-120.45275,40.46251],[-120.45117,40.46405],[-120.45229,40.46634],[-120.45181,40.46895],[-120.44969,40.46925],[-120.44885,40.47043],[-120.44964,40.47272],[-120.45221,40.47462],[-120.45356,40.47698],[-120.45641,40.47885],[-120.45877,40.47913],[-120.45726,40.48179],[-120.46363,40.48308],[-120.46809,40.48245],[-120.46984,40.48354],[-120.47452,40.48389],[-120.47576,40.48464],[-120.47644,40.48622],[-120.47566,40.48988],[-120.47826,40.49098],[-120.47924,40.4928],[-120.48456,40.49182],[-120.48535,40.48987],[-120.49056,40.4876],[-120.49059,40.48647],[-120.49202,40.48448],[-120.49447,40.48391],[-120.49911,40.48121],[-120.50245,40.48156],[-120.50542,40.47998],[-120.51367,40.48424],[-120.51896,40.48341],[-120.52136,40.48538],[-120.52257,40.48769],[-120.52566,40.48727],[-120.5332,40.48957],[-120.53623,40.48858],[-120.53992,40.48902],[-120.54139,40.49038],[-120.54499,40.49095],[-120.54508,40.4927],[-120.54618,40.49338],[-120.5502,40.4924],[-120.55166,40.49336],[-120.55254,40.4953],[-120.5522,40.49847],[-120.55385,40.49991],[-120.55475,40.50197],[-120.55633,40.50181],[-120.55718,40.50269],[-120.55675,40.50348],[-120.55812,40.50444],[-120.55669,40.50665],[-120.5568,40.50845],[-120.55912,40.51034],[-120.5613,40.51744],[-120.56331,40.51924],[-120.5677,40.52663],[-120.56712,40.52903],[-120.56765,40.53238],[-120.57042,40.53411],[-120.57143,40.53323],[-120.57385,40.53337],[-120.57721,40.53642],[-120.57889,40.53708],[-120.57942,40.53849],[-120.58186,40.54021],[-120.58534,40.54461],[-120.58823,40.55619],[-120.593,40.56059],[-120.59674,40.56533],[-120.59885,40.5669],[-120.60416,40.56864],[-120.61379,40.56999],[-120.62552,40.56909],[-120.63099,40.56995],[-120.63255,40.56877],[-120.63435,40.56857],[-120.63768,40.56558],[-120.64099,40.56859],[-120.64247,40.56814],[-120.64184,40.57625],[-120.63941,40.5824],[-120.64097,40.58809],[-120.6436,40.59315],[-120.643,40.59875],[-120.64195,40.60076],[-120.64311,40.60255],[-120.64134,40.6047],[-120.64146,40.60602],[-120.64344,40.60888],[-120.64334,40.61854],[-120.64211,40.62293],[-120.64232,40.62495],[-120.64325,40.62966],[-120.65708,40.64055],[-120.65648,40.64631],[-120.65846,40.65443],[-120.65657,40.65898],[-120.65771,40.66205],[-120.65737,40.66637],[-120.6562,40.6684],[-120.65791,40.67339],[-120.65806,40.67712],[-120.66103,40.67927],[-120.66163,40.6809],[-120.66079,40.68241],[-120.66271,40.6854],[-120.66256,40.68826],[-120.66902,40.69352],[-120.67043,40.69554],[-120.67316,40.70642],[-120.67607,40.71123],[-120.67665,40.71573],[-120.68978,40.72358],[-120.69763,40.73081],[-120.701,40.73277],[-120.70526,40.73398],[-120.71312,40.74349],[-120.71797,40.75226],[-120.72245,40.76319],[-120.72613,40.76795],[-120.72692,40.78229],[-120.72497,40.79585],[-120.72629,40.80109],[-120.73114,40.8093],[-120.73337,40.81161],[-120.73482,40.81648],[-120.74157,40.82675],[-120.75055,40.83555],[-120.75158,40.83845],[-120.75184,40.8438],[-120.75912,40.85524],[-120.75968,40.86494],[-120.75612,40.87489],[-120.74972,40.90369],[-120.74716,40.90856],[-120.7455,40.90836],[-120.71414,40.89362],[-120.67743,40.87496],[-120.67219,40.87126],[-120.65661,40.86529],[-120.62928,40.84392],[-120.62218,40.84271],[-120.6051,40.8337],[-120.59955,40.82465],[-120.59639,40.82298],[-120.55876,40.81752],[-120.55608,40.81779],[-120.5313,40.83455],[-120.4982,40.84502],[-120.46,40.865],[-120.45608,40.86143],[-120.45222,40.86029],[-120.41154,40.83017],[-120.392,40.82029],[-120.374,40.80465],[-120.35733,40.79308],[-120.30906,40.72577],[-120.28153,40.66513],[-120.2737,40.65701],[-120.25469,40.64171],[-120.24567,40.61683],[-120.24737,40.60585],[-120.24744,40.5977]]]},"properties":{"id":"10","code":"A8","name":"Zone X5a Archery Hunt","kind":"archery_hunt","group":"Archery","hunt_type":"BUCK","acreage":347537}},{"type":"Feature","geometry":{"type":"Polygon","coordinates":[[[-120.24552,40.61543],[-120.25469,40.64171],[-120.2737,40.65701],[-120.28153,40.66513],[-120.30906,40.72577],[-120.35733,40.79308],[-120.374,40.80465],[-120.392,40.82029],[-120.41154,40.83017],[-120.45222,40.86029],[-120.45608,40.86143],[-120.4634,40.86815],[-120.46883,40.8711],[-120.51004,40.92973],[-120.51103,40.93267],[-120.51075,40.93592],[-120.5022,40.961],[-120.4863,41.02563],[-120.48311,41.03442],[-120.47475,41.05181],[-120.46471,41.05258],[-120.45582,41.05002],[-120.45238,41.0473],[-120.44875,41.04232],[-120.43969,41.03852],[-120.42526,41.03916],[-120.41828,41.04085],[-120.41151,41.03968],[-120.4097,41.03998],[-120.40399,41.05022],[-120.39764,41.0558],[-120.39018,41.05932],[-120.38839,41.05923],[-120.37475,41.06323],[-120.37285,41.06323],[-120.37067,41.06394],[-120.36977,41.06501],[-120.36218,41.06671],[-120.34979,41.06139],[-120.34327,41.06036],[-120.34085,41.05729],[-120.33734,41.05576],[-120.33242,41.05542],[-120.32855,41.05238],[-120.32487,41.05213],[-120.32167,41.05087],[-120.31656,41.05233],[-120.31393,41.04927],[-120.30928,41.04829],[-120.30463,41.04877],[-120.2975,41.05254],[-120.29538,41.05396],[-120.29496,41.0559],[-120.29306,41.05743],[-120.29112,41.0583],[-120.283,41.05946],[-120.27608,41.06324],[-120.27112,41.06392],[-120.26889,41.06502],[-120.26496,41.06364],[-120.26151,41.06682],[-120.25492,41.06819],[-120.24824,41.06794],[-120.24491,41.06872],[-120.23989,41.06591],[-120.23814,41.06389],[-120.23723,41.06115],[-120.23104,41.05798],[-120.23083,41.05677],[-120.21783,41.04677],[-120.21164,41.04424],[-120.20596,41.04342],[-120.19337,41.03459],[-120.18512,41.03142],[-120.18168,41.03125],[-120.17806,41.03217],[-120.16335,41.03823],[-120.16263,41.03582],[-120.14517,41.03609],[-120.13403,41.03446],[-120.12875,41.03528],[-120.1238,41.03252],[-120.12018,41.03243],[-120.11504,41.02942],[-120.10317,41.0267],[-120.09768,41.027],[-120.09529,41.02869],[-120.09194,41.02899],[-120.08817,41.02773],[-120.08397,41.02766],[-120.08177,41.02929],[-120.06803,41.02046],[-120.05432,41.01907],[-120.02951,41.02375],[-120.02552,41.0229],[-120.02239,41.01989],[-120.02021,41.02066],[-120.01598,41.02023],[-120.0088,41.02347],[-119.99965,41.02211],[-119.99928,40.88966],[-119.99817,40.81696],[-119.99851,40.75826],[-119.99567,40.55526],[-119.99657,40.24558],[-120.0338,40.26315],[-120.07451,40.26875],[-120.09667,40.28148],[-120.10359,40.28169],[-120.12701,40.28901],[-120.14054,40.28941],[-120.15845,40.29765],[-120.16556,40.29815],[-120.17183,40.29982],[-120.17742,40.29989],[-120.17969,40.30111],[-120.18309,40.30541],[-120.1859,40.31085],[-120.19167,40.31871],[-120.19175,40.31974],[-120.18485,40.33179],[-120.18491,40.3331],[-120.18605,40.33822],[-120.19582,40.3513],[-120.19836,40.35224],[-120.23533,40.35207],[-120.23665,40.3525],[-120.23848,40.35534],[-120.23881,40.36641],[-120.29538,40.36635],[-120.31171,40.37874],[-120.31025,40.38078],[-120.31006,40.38794],[-120.30898,40.39016],[-120.30446,40.39302],[-120.29129,40.39918],[-120.28817,40.40519],[-120.2879,40.41032],[-120.28309,40.42595],[-120.27962,40.44184],[-120.27925,40.4453],[-120.27996,40.45101],[-120.27876,40.45826],[-120.24744,40.5977],[-120.24737,40.60585],[-120.24552,40.61543]]]},"properties":{"id":"11","code":"A9","name":"Zone X5b Archery Hunt","kind":"archery_hunt","group":"Archery","hunt_type":"BUCK","acreage":597337}},{"type":"Feature","geometry":{"type":"Polygon","coordinates":[[[-120.12413,40.14479],[-120.12419,40.14355],[-120.1716,40.14377],[-120.20417,40.1381],[-120.21582,40.13265],[-120.24686,40.12489],[-120.25105,40.1265],[-120.26567,40.13468],[-120.30593,40.15276],[-120.35629,40.16692],[-120.36888,40.16888],[-120.36537,40.1655],[-120.35207,40.15602],[-120.35207,40.15327],[-120.35064,40.1514],[-120.35064,40.14868],[-120.35311,40.14488],[-120.34997,40.13669],[-120.3483,40.13512],[-120.3396,40.13134],[-120.34014,40.13045],[-120.34389,40.13104],[-120.34502,40.13006],[-120.34571,40.12716],[-120.34883,40.12761],[-120.34796,40.12293],[-120.34954,40.12378],[-120.34865,40.12072],[-120.35154,40.11623],[-120.35481,40.11411],[-120.36303,40.1139],[-120.36568,40.11488],[-120.36592,40.11586],[-120.36807,40.11522],[-120.37155,40.11524],[-120.37403,40.11611],[-120.37755,40.11583],[-120.37901,40.11636],[-120.37937,40.11858],[-120.38354,40.11785],[-120.38595,40.1162],[-120.38884,40.11815],[-120.39155,40.11776],[-120.39662,40.11518],[-120.39876,40.11266],[-120.40606,40.11317],[-120.41741,40.11146],[-120.4237,40.1129],[-120.42766,40.11537],[-120.43132,40.11605],[-120.43457,40.11503],[-120.44324,40.11967],[-120.44768,40.12381],[-120.45349,40.12397],[-120.46233,40.12184],[-120.46609,40.11976],[-120.47276,40.12216],[-120.47544,40.12197],[-120.47967,40.1187],[-120.48399,40.11267],[-120.48471,40.11326],[-120.48772,40.11178],[-120.49138,40.11145],[-120.49391,40.1119],[-120.49552,40.11472],[-120.50076,40.11751],[-120.50291,40.12123],[-120.50699,40.1232],[-120.50577,40.12719],[-120.50844,40.13155],[-120.51002,40.13126],[-120.51452,40.12836],[-120.5235,40.12605],[-120.52567,40.12646],[-120.52835,40.12507],[-120.53208,40.12506],[-120.5338,40.12374],[-120.53574,40.12575],[-120.53741,40.13767],[-120.53854,40.13932],[-120.54149,40.14103],[-120.54327,40.1451],[-120.54601,40.14883],[-120.54581,40.1538],[-120.5492,40.15453],[-120.54873,40.15606],[-120.5554,40.16009],[-120.55937,40.1637],[-120.56005,40.16544],[-120.56578,40.16752],[-120.56628,40.16647],[-120.56777,40.16583],[-120.57084,40.1669],[-120.57129,40.16786],[-120.57889,40.16873],[-120.58349,40.17164],[-120.59204,40.17159],[-120.59306,40.17246],[-120.59771,40.17305],[-120.60129,40.17783],[-120.6069,40.17881],[-120.60752,40.17998],[-120.60943,40.18108],[-120.61128,40.17909],[-120.61184,40.17476],[-120.61357,40.17307],[-120.61327,40.17106],[-120.61587,40.16945],[-120.6167,40.16669],[-120.6206,40.16245],[-120.62394,40.16188],[-120.62331,40.15826],[-120.62554,40.15506],[-120.62509,40.15291],[-120.62369,40.15115],[-120.62613,40.14968],[-120.62637,40.14868],[-120.62455,40.14564],[-120.6244,40.14223],[-120.62653,40.13655],[-120.62614,40.13397],[-120.62379,40.13118],[-120.62418,40.12933],[-120.62719,40.12791],[-120.62782,40.12656],[-120.62578,40.12297],[-120.6282,40.12169],[-120.63244,40.11711],[-120.63238,40.11485],[-120.63518,40.11323],[-120.63921,40.11273],[-120.64368,40.10845],[-120.64755,40.10635],[-120.6477,40.10493],[-120.64598,40.1015],[-120.64559,40.09766],[-120.64676,40.09402],[-120.64646,40.09226],[-120.64977,40.08769],[-120.65278,40.08764],[-120.65412,40.08684],[-120.6548,40.08504],[-120.65671,40.08446],[-120.65906,40.08236],[-120.66115,40.08199],[-120.66103,40.07792],[-120.6627,40.07495],[-120.66326,40.07216],[-120.66428,40.07111],[-120.67142,40.07157],[-120.67506,40.07097],[-120.67741,40.06937],[-120.68613,40.0661],[-120.68554,40.06454],[-120.68277,40.06326],[-120.68176,40.06194],[-120.67119,40.05478],[-120.66631,40.04858],[-120.66345,40.0475],[-120.66146,40.0446],[-120.65917,40.04423],[-120.65676,40.04226],[-120.65057,40.04063],[-120.64867,40.03917],[-120.64245,40.03903],[-120.63932,40.03761],[-120.63828,40.03633],[-120.63715,40.03711],[-120.63667,40.03919],[-120.63533,40.03967],[-120.63036,40.04001],[-120.62181,40.03887],[-120.61892,40.0412],[-120.61654,40.03773],[-120.61442,40.037],[-120.61609,40.03464],[-120.61543,40.03322],[-120.61011,40.03242],[-120.60692,40.03078],[-120.6054,40.03092],[-120.59832,40.02612],[-120.59371,40.02575],[-120.59073,40.02465],[-120.58835,40.02172],[-120.58698,40.02118],[-120.58005,40.02052],[-120.5777,40.0143],[-120.57588,40.01315],[-120.57541,40.01118],[-120.57669,40.00908],[-120.57904,40.00873],[-120.57835,40.0059],[-120.5752,40.00183],[-120.57677,39.99993],[-120.57814,39.99541],[-120.57599,39.99344],[-120.57686,39.99067],[-120.57492,39.99035],[-120.57504,39.98877],[-120.57311,39.98614],[-120.57364,39.985],[-120.57031,39.98502],[-120.56895,39.98385],[-120.5677,39.98154],[-120.56862,39.98001],[-120.56782,39.97836],[-120.56437,39.97651],[-120.56258,39.97404],[-120.55988,39.97461],[-120.55973,39.97223],[-120.5575,39.96999],[-120.55417,39.96917],[-120.55182,39.96775],[-120.5506,39.96798],[-120.54695,39.96667],[-120.54038,39.96695],[-120.53705,39.96603],[-120.53279,39.96824],[-120.531,39.96474],[-120.53168,39.96207],[-120.5365,39.95993],[-120.53684,39.9586],[-120.54029,39.95805],[-120.54094,39.9522],[-120.53365,39.94878],[-120.53436,39.9501],[-120.52951,39.94879],[-120.52846,39.9472],[-120.52673,39.94748],[-120.52361,39.94643],[-120.52014,39.94378],[-120.5222,39.94245],[-120.52219,39.94112],[-120.51871,39.93794],[-120.51526,39.93902],[-120.51179,39.93638],[-120.50971,39.93612],[-120.50936,39.93532],[-120.50174,39.93323],[-120.50139,39.9319],[-120.4993,39.93058],[-120.49894,39.92766],[-120.49348,39.92124],[-120.47836,39.89903],[-120.47869,39.89611],[-120.47797,39.89186],[-120.46791,39.88499],[-120.46407,39.87942],[-120.45888,39.87811],[-120.45191,39.86804],[-120.44845,39.86699],[-120.44567,39.86407],[-120.44151,39.86169],[-120.43806,39.86171],[-120.43632,39.85985],[-120.43253,39.86093],[-120.42767,39.85696],[-120.42592,39.85192],[-120.42245,39.8498],[-120.42175,39.84794],[-120.42413,39.84129],[-120.42341,39.83624],[-120.42237,39.83465],[-120.42374,39.83332],[-120.42441,39.83039],[-120.42268,39.82907],[-120.42202,39.82442],[-120.42679,39.82406],[-120.43219,39.82222],[-120.4372,39.82279],[-120.44102,39.82128],[-120.44693,39.82052],[-120.45899,39.81418],[-120.47405,39.80897],[-120.47621,39.80694],[-120.47924,39.80565],[-120.48481,39.80764],[-120.49208,39.80868],[-120.49549,39.80838],[-120.51445,39.80307],[-120.54383,39.78733],[-120.55575,39.78258],[-120.56334,39.77753],[-120.57319,39.77745],[-120.58069,39.77249],[-120.59222,39.76956],[-120.59827,39.77268],[-120.60212,39.77354],[-120.60808,39.77826],[-120.62002,39.78429],[-120.62441,39.78734],[-120.63129,39.78647],[-120.63357,39.78837],[-120.63959,39.79567],[-120.64974,39.80333],[-120.65285,39.80669],[-120.65369,39.80923],[-120.65318,39.81193],[-120.65431,39.81433],[-120.6636,39.81977],[-120.66446,39.82096],[-120.66523,39.82558],[-120.66633,39.8272],[-120.67274,39.83317],[-120.67521,39.83743],[-120.67833,39.84038],[-120.67827,39.84374],[-120.68457,39.85419],[-120.69339,39.86327],[-120.70251,39.86847],[-120.72505,39.87619],[-120.72927,39.87618],[-120.73725,39.87435],[-120.74829,39.8739],[-120.75479,39.87837],[-120.7683,39.8791],[-120.77949,39.88229],[-120.78112,39.88366],[-120.78301,39.8871],[-120.78517,39.89284],[-120.79077,39.9033],[-120.80365,39.90973],[-120.80523,39.91166],[-120.8082,39.91226],[-120.81414,39.91164],[-120.82097,39.9154],[-120.8275,39.91682],[-120.8313,39.91897],[-120.83377,39.9224],[-120.8389,39.92668],[-120.84663,39.93163],[-120.85236,39.93259],[-120.86231,39.9363],[-120.87049,39.93346],[-120.87607,39.93268],[-120.88454,39.93557],[-120.89283,39.93367],[-120.93019,39.93514],[-120.93685,39.93784],[-120.94222,39.9367],[-120.94885,39.93678],[-120.95924,39.94897],[-120.95965,39.95153],[-120.95306,39.95966],[-120.94234,39.9663],[-120.93788,39.97206],[-120.93723,39.97348],[-120.93762,39.97582],[-120.94197,39.98396],[-120.94337,39.98863],[-120.94774,39.99414],[-120.95146,39.99663],[-120.95506,39.99724],[-120.9559,39.99797],[-120.95538,39.9999],[-120.95601,40.00104],[-120.95771,40.00159],[-120.95845,40.00324],[-120.95816,40.0047],[-120.95959,40.0061],[-120.96625,40.00817],[-120.96614,40.0149],[-120.9651,40.01671],[-120.9596,40.01978],[-120.95987,40.02071],[-120.96276,40.02213],[-120.96282,40.02407],[-120.96497,40.02876],[-120.96209,40.03155],[-120.96179,40.03279],[-120.96468,40.03501],[-120.96641,40.03894],[-120.96862,40.04015],[-120.97031,40.03978],[-120.97495,40.03696],[-120.97596,40.03557],[-120.97736,40.03523],[-120.98046,40.03852],[-120.9821,40.03899],[-120.98447,40.03852],[-120.98451,40.03991],[-120.98192,40.04206],[-120.9774,40.04049],[-120.97639,40.04115],[-120.97803,40.04376],[-120.97797,40.04657],[-120.98077,40.04687],[-120.98157,40.04785],[-120.9814,40.05007],[-120.98033,40.0508],[-120.97399,40.05115],[-120.97149,40.05504],[-120.97004,40.05559],[-120.96667,40.05534],[-120.9653,40.05431],[-120.96363,40.0545],[-120.96343,40.06063],[-120.96275,40.06189],[-120.95864,40.06267],[-120.95483,40.06542],[-120.95001,40.06755],[-120.94865,40.07027],[-120.94567,40.07309],[-120.93716,40.07639],[-120.93466,40.07836],[-120.93055,40.0784],[-120.92751,40.08099],[-120.91569,40.08779],[-120.90918,40.09948],[-120.90954,40.10316],[-120.90671,40.11242],[-120.90731,40.11851],[-120.91118,40.12551],[-120.91589,40.12935],[-120.91801,40.13022],[-120.91688,40.13274],[-120.91769,40.13383],[-120.92809,40.13534],[-120.94419,40.13904],[-120.94982,40.13917],[-120.95444,40.14107],[-120.95545,40.14192],[-120.95609,40.14637],[-120.95455,40.15983],[-120.95676,40.16445],[-120.96073,40.16746],[-120.96881,40.16975],[-120.97609,40.17289],[-120.98072,40.17326],[-120.98677,40.17522],[-120.9894,40.17536],[-120.99387,40.17425],[-120.99679,40.17546],[-121.00235,40.17549],[-121.00578,40.1747],[-121.01115,40.17555],[-121.01851,40.1751],[-121.02379,40.1757],[-121.02731,40.17543],[-121.03265,40.17232],[-121.03501,40.17196],[-121.03912,40.17276],[-121.04079,40.17434],[-121.04461,40.17608],[-121.04595,40.17773],[-121.04779,40.17801],[-121.05295,40.17712],[-121.05707,40.17516],[-121.06098,40.17534],[-121.07073,40.17214],[-121.08069,40.17214],[-121.08137,40.18063],[-121.07513,40.19006],[-121.0748,40.19344],[-121.06892,40.20353],[-121.0661,40.21053],[-121.06837,40.21565],[-121.07573,40.22254],[-121.07537,40.226],[-121.07668,40.22764],[-121.07563,40.23068],[-121.07619,40.23908],[-121.07786,40.2427],[-121.07867,40.24673],[-121.07875,40.24869],[-121.07737,40.25153],[-121.07853,40.25441],[-121.0808,40.25592],[-121.08083,40.25881],[-121.08652,40.2645],[-121.08685,40.2689],[-121.08652,40.27057],[-121.08081,40.27905],[-121.07919,40.2861],[-121.07854,40.28729],[-121.07552,40.28914],[-121.0751,40.29289],[-121.07405,40.29401],[-121.0609,40.29414],[-121.05777,40.29631],[-121.052,40.29853],[-121.04734,40.298],[-121.04646,40.30273],[-121.04849,40.30923],[-121.04822,40.31081],[-121.01469,40.31396],[-120.94832,40.31716],[-120.94485,40.31796],[-120.93709,40.3252],[-120.93033,40.32952],[-120.92893,40.3311],[-120.92732,40.3354],[-120.92412,40.33849],[-120.89597,40.35026],[-120.88996,40.35451],[-120.8858,40.35644],[-120.88198,40.35568],[-120.87976,40.35266],[-120.87677,40.35216],[-120.87381,40.35484],[-120.86894,40.35694],[-120.8649,40.36064],[-120.85722,40.36227],[-120.85419,40.36371],[-120.84941,40.36384],[-120.8466,40.36565],[-120.84074,40.36702],[-120.84005,40.36906],[-120.83849,40.36988],[-120.83499,40.36791],[-120.8291,40.37088],[-120.81357,40.3754],[-120.80193,40.38118],[-120.78894,40.39087],[-120.77699,40.39699],[-120.77184,40.40083],[-120.76758,40.40689],[-120.76384,40.40892],[-120.73631,40.41445],[-120.72512,40.41478],[-120.70732,40.41875],[-120.69906,40.42184],[-120.692,40.42262],[-120.68569,40.42228],[-120.6806,40.42507],[-120.67884,40.42494],[-120.66961,40.41792],[-120.66719,40.41707],[-120.66548,40.41728],[-120.66321,40.41881],[-120.6395,40.41305],[-120.63173,40.40703],[-120.62374,40.40454],[-120.62003,40.4001],[-120.59678,40.39473],[-120.59205,40.39222],[-120.58846,40.39293],[-120.58413,40.39867],[-120.58078,40.40016],[-120.57419,40.39737],[-120.52131,40.39567],[-120.51281,40.39718],[-120.48817,40.39801],[-120.4789,40.40075],[-120.45185,40.40071],[-120.44084,40.3966],[-120.41808,40.39671],[-120.39981,40.38705],[-120.39622,40.3871],[-120.3929,40.38328],[-120.36575,40.37722],[-120.35083,40.37632],[-120.31369,40.37761],[-120.31171,40.37874],[-120.29538,40.36635],[-120.23881,40.36641],[-120.23848,40.35534],[-120.23665,40.3525],[-120.23533,40.35207],[-120.19836,40.35224],[-120.19582,40.3513],[-120.18605,40.33822],[-120.18491,40.3331],[-120.18485,40.33179],[-120.19175,40.31974],[-120.19167,40.31871],[-120.1859,40.31085],[-120.18309,40.30541],[-120.17969,40.30111],[-120.17742,40.29989],[-120.17183,40.29982],[-120.16556,40.29815],[-120.15845,40.29765],[-120.14054,40.28941],[-120.12701,40.28901],[-120.10359,40.28169],[-120.09667,40.28148],[-120.07451,40.26875],[-120.0338,40.26315],[-119.99657,40.24558],[-119.99729,40.15341],[-120.05053,40.14528],[-120.05393,40.14343],[-120.05736,40.14265],[-120.12413,40.14479]]]},"properties":{"id":"12","code":"A11","name":"Zone X6a Archery Hunt","kind":"archery_hunt","group":"Archery","hunt_type":"BUCK","acreage":789648}},{"type":"Feature","geometry":{"type":"Polygon","coordinates":[[[-119.99729,40.15341],[-119.99742,40.01046],[-120.00043,39.80688],[-120.00136,39.67289],[-120.0107,39.68316],[-120.01484,39.68936],[-120.03075,39.69923],[-120.03255,39.70122],[-120.03797,39.71694],[-120.03937,39.73707],[-120.03863,39.77488],[-120.04121,39.77588],[-120.08981,39.78901],[-120.11109,39.79119],[-120.12606,39.79638],[-120.16611,39.80072],[-120.19085,39.80919],[-120.30691,39.80954],[-120.3121,39.81018],[-120.32947,39.81705],[-120.37162,39.81752],[-120.40433,39.82323],[-120.41646,39.82447],[-120.42462,39.82438],[-120.42202,39.82442],[-120.42268,39.82907],[-120.42441,39.83039],[-120.42374,39.83332],[-120.42237,39.83465],[-120.42341,39.83624],[-120.42413,39.84129],[-120.42175,39.84794],[-120.42245,39.8498],[-120.42592,39.85192],[-120.42767,39.85696],[-120.43253,39.86093],[-120.43632,39.85985],[-120.43806,39.86171],[-120.44151,39.86169],[-120.44567,39.86407],[-120.44845,39.86699],[-120.45191,39.86804],[-120.45888,39.87811],[-120.46407,39.87942],[-120.46791,39.88499],[-120.47797,39.89186],[-120.47869,39.89611],[-120.47836,39.89903],[-120.49348,39.92124],[-120.49894,39.92766],[-120.4993,39.93058],[-120.50139,39.9319],[-120.50174,39.93323],[-120.50936,39.93532],[-120.50971,39.93612],[-120.51179,39.93638],[-120.51526,39.93902],[-120.51871,39.93794],[-120.52219,39.94112],[-120.5222,39.94245],[-120.52014,39.94378],[-120.52361,39.94643],[-120.52673,39.94748],[-120.52846,39.9472],[-120.52951,39.94879],[-120.53436,39.9501],[-120.53365,39.94878],[-120.54094,39.9522],[-120.54029,39.95805],[-120.53684,39.9586],[-120.5365,39.95993],[-120.53168,39.96207],[-120.531,39.96474],[-120.53279,39.96824],[-120.53705,39.96603],[-120.54038,39.96695],[-120.54695,39.96667],[-120.5506,39.96798],[-120.55182,39.96775],[-120.55417,39.96917],[-120.5575,39.96999],[-120.55973,39.97223],[-120.55988,39.97461],[-120.56258,39.97404],[-120.56437,39.97651],[-120.56782,39.97836],[-120.56862,39.98001],[-120.5677,39.98154],[-120.56895,39.98385],[-120.57031,39.98502],[-120.57364,39.985],[-120.57311,39.98614],[-120.57504,39.98877],[-120.57492,39.99035],[-120.57686,39.99067],[-120.57599,39.99344],[-120.57814,39.99541],[-120.57677,39.99993],[-120.5752,40.00183],[-120.57835,40.0059],[-120.57904,40.00873],[-120.57669,40.00908],[-120.57541,40.01118],[-120.57588,40.01315],[-120.5777,40.0143],[-120.58005,40.02052],[-120.58698,40.02118],[-120.58835,40.02172],[-120.59073,40.02465],[-120.59371,40.02575],[-120.59832,40.02612],[-120.6054,40.03092],[-120.60692,40.03078],[-120.61011,40.03242],[-120.61543,40.03322],[-120.61609,40.03464],[-120.61442,40.037],[-120.61654,40.03773],[-120.61892,40.0412],[-120.62181,40.03887],[-120.63036,40.04001],[-120.63533,40.03967],[-120.63667,40.03919],[-120.63715,40.03711],[-120.63828,40.03633],[-120.63932,40.03761],[-120.64245,40.03903],[-120.64867,40.03917],[-120.65057,40.04063],[-120.65676,40.04226],[-120.65917,40.04423],[-120.66146,40.0446],[-120.66345,40.0475],[-120.66631,40.04858],[-120.67027,40.054],[-120.68176,40.06194],[-120.68277,40.06326],[-120.68554,40.06454],[-120.68613,40.0661],[-120.67741,40.06937],[-120.67506,40.07097],[-120.67142,40.07157],[-120.66428,40.07111],[-120.66326,40.07216],[-120.6627,40.07495],[-120.66103,40.07792],[-120.66115,40.08199],[-120.65906,40.08236],[-120.65671,40.08446],[-120.6548,40.08504],[-120.65412,40.08684],[-120.65278,40.08764],[-120.64977,40.08769],[-120.64837,40.0891],[-120.64646,40.09226],[-120.64676,40.09402],[-120.64559,40.09766],[-120.64598,40.1015],[-120.6477,40.10493],[-120.64755,40.10635],[-120.64368,40.10845],[-120.63921,40.11273],[-120.63518,40.11323],[-120.63238,40.11485],[-120.63244,40.11711],[-120.6282,40.12169],[-120.62578,40.12297],[-120.62782,40.12656],[-120.62719,40.12791],[-120.62418,40.12933],[-120.62379,40.13118],[-120.62614,40.13397],[-120.62653,40.13655],[-120.6244,40.14223],[-120.62455,40.14564],[-120.62637,40.14868],[-120.62613,40.14968],[-120.62369,40.15115],[-120.62509,40.15291],[-120.62554,40.15506],[-120.62331,40.15826],[-120.62394,40.16188],[-120.6206,40.16245],[-120.6167,40.16669],[-120.61587,40.16945],[-120.61327,40.17106],[-120.61357,40.17307],[-120.61184,40.17476],[-120.61128,40.17909],[-120.60943,40.18108],[-120.60752,40.17998],[-120.6069,40.17881],[-120.60129,40.17783],[-120.59771,40.17305],[-120.59306,40.17246],[-120.59204,40.17159],[-120.58349,40.17164],[-120.57889,40.16873],[-120.57129,40.16786],[-120.57084,40.1669],[-120.56777,40.16583],[-120.56628,40.16647],[-120.56578,40.16752],[-120.56005,40.16544],[-120.55937,40.1637],[-120.5554,40.16009],[-120.54873,40.15606],[-120.5492,40.15453],[-120.54581,40.1538],[-120.54601,40.14883],[-120.54327,40.1451],[-120.54149,40.14103],[-120.53854,40.13932],[-120.53741,40.13767],[-120.53574,40.12575],[-120.5338,40.12374],[-120.53208,40.12506],[-120.52835,40.12507],[-120.52567,40.12646],[-120.5235,40.12605],[-120.51452,40.12836],[-120.51002,40.13126],[-120.50844,40.13155],[-120.50577,40.12719],[-120.50699,40.1232],[-120.50291,40.12123],[-120.50076,40.11751],[-120.49552,40.11472],[-120.49391,40.1119],[-120.49138,40.11145],[-120.48772,40.11178],[-120.48471,40.11326],[-120.48399,40.11267],[-120.47967,40.1187],[-120.47544,40.12197],[-120.47276,40.12216],[-120.46609,40.11976],[-120.46233,40.12184],[-120.45349,40.12397],[-120.44768,40.12381],[-120.44324,40.11967],[-120.43457,40.11503],[-120.43132,40.11605],[-120.42766,40.11537],[-120.4237,40.1129],[-120.41741,40.11146],[-120.40606,40.11317],[-120.39876,40.11266],[-120.39662,40.11518],[-120.39155,40.11776],[-120.38884,40.11815],[-120.38595,40.1162],[-120.38354,40.11785],[-120.37937,40.11858],[-120.37901,40.11636],[-120.37755,40.11583],[-120.37403,40.11611],[-120.37155,40.11524],[-120.36807,40.11522],[-120.36592,40.11586],[-120.36568,40.11488],[-120.36303,40.1139],[-120.35481,40.11411],[-120.35154,40.11623],[-120.34865,40.12072],[-120.34954,40.12378],[-120.34796,40.12293],[-120.34883,40.12761],[-120.34571,40.12716],[-120.34502,40.13006],[-120.34389,40.13104],[-120.34014,40.13045],[-120.3396,40.13134],[-120.3483,40.13512],[-120.34997,40.13669],[-120.35311,40.14488],[-120.35064,40.14868],[-120.35064,40.1514],[-120.35207,40.15327],[-120.35207,40.15602],[-120.36537,40.1655],[-120.36888,40.16888],[-120.35629,40.16692],[-120.30593,40.15276],[-120.26567,40.13468],[-120.25105,40.1265],[-120.24686,40.12489],[-120.21582,40.13265],[-120.20417,40.1381],[-120.1716,40.14377],[-120.12419,40.14355],[-120.12413,40.14479],[-120.12056,40.14483],[-120.05736,40.14265],[-120.05393,40.14343],[-120.05053,40.14528],[-119.99729,40.15341]]]},"properties":{"id":"13","code":"A12","name":"Zone X6b Archery Hunt","kind":"archery_hunt","group":"Archery","hunt_type":"BUCK","acreage":440002}},{"type":"Feature","geometry":{"type":"Polygon","coordinates":[[[-120.03863,39.77488],[-120.03937,39.73707],[-120.03797,39.71694],[-120.03597,39.711],[-120.03199,39.70029],[-120.01484,39.68936],[-120.0107,39.68316],[-120.00136,39.67289],[-120.00139,39.66735],[-120.0047,39.6637],[-120.00689,39.65732],[-120.00696,39.64356],[-120.00546,39.63905],[-120.00774,39.63354],[-120.00869,39.62491],[-120.01275,39.62661],[-120.01957,39.62266],[-120.03314,39.62278],[-120.03764,39.61978],[-120.0396,39.61377],[-120.04122,39.61176],[-120.04622,39.60929],[-120.05154,39.60849],[-120.05808,39.60467],[-120.06349,39.60451],[-120.06612,39.60376],[-120.07283,39.60632],[-120.07777,39.60753],[-120.07898,39.60709],[-120.07614,39.59815],[-120.07241,39.59715],[-120.07141,39.59577],[-120.07173,39.59365],[-120.07377,39.59212],[-120.07454,39.59045],[-120.06884,39.58834],[-120.06479,39.58882],[-120.05911,39.58816],[-120.05636,39.58747],[-120.05441,39.58576],[-120.05586,39.58349],[-120.05575,39.58139],[-120.05193,39.57908],[-120.05312,39.57627],[-120.05495,39.57471],[-120.05501,39.57227],[-120.05572,39.57121],[-120.05468,39.56881],[-120.05542,39.56296],[-120.05362,39.56047],[-120.05265,39.55521],[-120.05371,39.55004],[-120.05058,39.54832],[-120.04447,39.54914],[-120.04618,39.54743],[-120.05123,39.5453],[-120.05806,39.54082],[-120.06399,39.53186],[-120.07666,39.52022],[-120.07902,39.51596],[-120.08374,39.51075],[-120.08776,39.50933],[-120.09337,39.50608],[-120.09806,39.50649],[-120.10184,39.50439],[-120.11646,39.51122],[-120.12602,39.50991],[-120.13449,39.50767],[-120.13875,39.50748],[-120.14276,39.50989],[-120.14302,39.51172],[-120.15761,39.51282],[-120.17163,39.51072],[-120.17707,39.51159],[-120.18138,39.50873],[-120.19767,39.5056],[-120.20718,39.5064],[-120.21657,39.51195],[-120.2189,39.51211],[-120.221,39.51142],[-120.22295,39.50948],[-120.23177,39.50447],[-120.24048,39.50444],[-120.24332,39.50648],[-120.25076,39.50613],[-120.25734,39.5045],[-120.26144,39.50451],[-120.26068,39.5026],[-120.26116,39.49995],[-120.26049,39.49911],[-120.25627,39.49682],[-120.24797,39.49455],[-120.24283,39.48993],[-120.23698,39.48634],[-120.2342,39.48323],[-120.23316,39.48031],[-120.23158,39.46981],[-120.2273,39.46174],[-120.22147,39.45338],[-120.21879,39.45182],[-120.21495,39.44768],[-120.21102,39.44167],[-120.21134,39.44005],[-120.21063,39.43863],[-120.207,39.43632],[-120.20207,39.42917],[-120.20118,39.42558],[-120.19929,39.42244],[-120.19813,39.41343],[-120.19193,39.40724],[-120.19116,39.40244],[-120.18777,39.39837],[-120.18384,39.38744],[-120.18159,39.37355],[-120.18274,39.36834],[-120.17439,39.36105],[-120.17265,39.3524],[-120.17417,39.33657],[-120.17938,39.33477],[-120.1866,39.33058],[-120.19286,39.32538],[-120.20158,39.32293],[-120.21766,39.32331],[-120.23291,39.32517],[-120.23757,39.32629],[-120.24408,39.33012],[-120.25103,39.33128],[-120.25763,39.33153],[-120.2645,39.32934],[-120.27516,39.32733],[-120.28964,39.33153],[-120.29828,39.32769],[-120.30202,39.32925],[-120.3066,39.33655],[-120.3129,39.34138],[-120.32077,39.34109],[-120.32468,39.34235],[-120.33417,39.34274],[-120.34317,39.34052],[-120.3438,39.34448],[-120.34992,39.34536],[-120.35124,39.3472],[-120.35277,39.35105],[-120.3527,39.35264],[-120.35443,39.35455],[-120.35537,39.35791],[-120.36104,39.35994],[-120.36476,39.35834],[-120.364,39.36176],[-120.36544,39.36564],[-120.3648,39.36648],[-120.36689,39.36725],[-120.36648,39.37185],[-120.36794,39.37214],[-120.36825,39.37384],[-120.36828,39.3752],[-120.36707,39.3761],[-120.36828,39.37627],[-120.36762,39.37662],[-120.37044,39.37844],[-120.37124,39.38267],[-120.37319,39.38428],[-120.37273,39.38582],[-120.37363,39.38766],[-120.37342,39.38938],[-120.37502,39.39053],[-120.37511,39.39143],[-120.3769,39.39026],[-120.37582,39.3925],[-120.37785,39.39216],[-120.37678,39.39314],[-120.37835,39.39354],[-120.38004,39.39512],[-120.37599,39.39541],[-120.37652,39.3962],[-120.37594,39.39782],[-120.37638,39.39957],[-120.37812,39.40228],[-120.38223,39.40445],[-120.39035,39.40632],[-120.39176,39.40721],[-120.39046,39.40914],[-120.39109,39.40978],[-120.39398,39.40803],[-120.39314,39.40982],[-120.39399,39.41075],[-120.39904,39.41087],[-120.39957,39.41348],[-120.40189,39.41494],[-120.40225,39.41778],[-120.40722,39.41603],[-120.40984,39.41172],[-120.41195,39.41175],[-120.41443,39.4106],[-120.42499,39.41007],[-120.42921,39.4075],[-120.43743,39.40827],[-120.43459,39.41186],[-120.43504,39.41643],[-120.43689,39.41967],[-120.43584,39.42141],[-120.43545,39.42528],[-120.43636,39.42542],[-120.4412,39.42248],[-120.44413,39.42194],[-120.44895,39.42241],[-120.44778,39.42644],[-120.44792,39.42834],[-120.44423,39.43087],[-120.44264,39.43361],[-120.44272,39.4347],[-120.43976,39.43704],[-120.439,39.43953],[-120.43939,39.44071],[-120.44196,39.44299],[-120.44447,39.44371],[-120.44811,39.44326],[-120.44942,39.44542],[-120.4479,39.44669],[-120.44578,39.4468],[-120.4451,39.44836],[-120.43988,39.45308],[-120.43879,39.45548],[-120.44289,39.46572],[-120.44249,39.46766],[-120.43591,39.47285],[-120.43199,39.47476],[-120.42954,39.47728],[-120.42868,39.47966],[-120.42877,39.48139],[-120.42966,39.48245],[-120.42807,39.484],[-120.42808,39.48913],[-120.43057,39.49264],[-120.43211,39.49679],[-120.43394,39.49819],[-120.4338,39.49897],[-120.42888,39.49679],[-120.42206,39.49938],[-120.41782,39.49994],[-120.41401,39.49918],[-120.41222,39.4974],[-120.41171,39.50459],[-120.41513,39.50601],[-120.41824,39.50593],[-120.42795,39.50934],[-120.43193,39.50904],[-120.43636,39.51091],[-120.44306,39.51018],[-120.44399,39.51192],[-120.44403,39.5156],[-120.43453,39.51762],[-120.4323,39.51987],[-120.43228,39.52084],[-120.44483,39.52322],[-120.45594,39.52815],[-120.45771,39.53014],[-120.45668,39.53204],[-120.45526,39.533],[-120.45547,39.53362],[-120.45949,39.53488],[-120.4633,39.53744],[-120.4672,39.53675],[-120.46912,39.53719],[-120.47461,39.53888],[-120.47651,39.54032],[-120.48195,39.54108],[-120.48654,39.54281],[-120.47905,39.54587],[-120.4784,39.54712],[-120.47914,39.54825],[-120.49118,39.5514],[-120.49212,39.55401],[-120.48667,39.55537],[-120.48588,39.5569],[-120.48947,39.55895],[-120.49046,39.56261],[-120.49457,39.5633],[-120.49202,39.56733],[-120.49213,39.56989],[-120.49373,39.57339],[-120.49262,39.57396],[-120.48987,39.57316],[-120.48762,39.56989],[-120.48494,39.56847],[-120.47964,39.56863],[-120.47857,39.56897],[-120.47758,39.57049],[-120.47507,39.56971],[-120.47173,39.57003],[-120.47105,39.57115],[-120.47225,39.5739],[-120.4684,39.57571],[-120.47002,39.58177],[-120.46884,39.58378],[-120.4715,39.58584],[-120.47014,39.58934],[-120.47045,39.59001],[-120.47165,39.59153],[-120.47337,39.59057],[-120.47661,39.5912],[-120.4798,39.59447],[-120.48232,39.59528],[-120.48329,39.59697],[-120.48316,39.59932],[-120.48424,39.59967],[-120.48521,39.59878],[-120.48639,39.59896],[-120.48733,39.60108],[-120.48752,39.60338],[-120.48468,39.60448],[-120.48053,39.60751],[-120.48181,39.61035],[-120.48959,39.61364],[-120.48976,39.61726],[-120.49464,39.61747],[-120.49759,39.61925],[-120.50381,39.61568],[-120.50621,39.6171],[-120.51327,39.61639],[-120.5172,39.61897],[-120.52133,39.6189],[-120.52407,39.62171],[-120.52589,39.62226],[-120.53076,39.62187],[-120.53343,39.62022],[-120.53553,39.62061],[-120.53955,39.62352],[-120.54327,39.62492],[-120.54519,39.62668],[-120.54516,39.62965],[-120.54637,39.631],[-120.5506,39.63314],[-120.57069,39.62905],[-120.57383,39.62695],[-120.5801,39.62492],[-120.58288,39.62261],[-120.58478,39.61886],[-120.58933,39.61847],[-120.59509,39.61539],[-120.60198,39.61416],[-120.60982,39.61995],[-120.61524,39.62864],[-120.62276,39.63514],[-120.62493,39.6407],[-120.62493,39.64429],[-120.63077,39.65248],[-120.63133,39.65383],[-120.63071,39.65586],[-120.62769,39.65851],[-120.62412,39.66428],[-120.624,39.66666],[-120.62563,39.66879],[-120.62608,39.67137],[-120.63413,39.67428],[-120.64126,39.68009],[-120.64111,39.68416],[-120.64208,39.6864],[-120.64202,39.68965],[-120.64318,39.691],[-120.65816,39.69464],[-120.65943,39.69945],[-120.65889,39.7032],[-120.65945,39.70571],[-120.66345,39.71185],[-120.66185,39.71418],[-120.65735,39.71644],[-120.65506,39.71848],[-120.65435,39.7201],[-120.65465,39.72141],[-120.65791,39.7244],[-120.65776,39.72591],[-120.65553,39.73086],[-120.65233,39.73561],[-120.64423,39.74451],[-120.64038,39.7448],[-120.63715,39.74233],[-120.6352,39.74203],[-120.63037,39.74564],[-120.62613,39.74672],[-120.62143,39.74917],[-120.61856,39.74945],[-120.61743,39.74467],[-120.61618,39.74457],[-120.61402,39.74693],[-120.60593,39.74851],[-120.59919,39.75483],[-120.6053,39.76033],[-120.61354,39.76272],[-120.61905,39.76662],[-120.62172,39.78123],[-120.62002,39.78429],[-120.60808,39.77826],[-120.60212,39.77354],[-120.59827,39.77268],[-120.59367,39.76984],[-120.59006,39.76972],[-120.58069,39.77249],[-120.57319,39.77745],[-120.56334,39.77753],[-120.55575,39.78258],[-120.54383,39.78733],[-120.51445,39.80307],[-120.49549,39.80838],[-120.49208,39.80868],[-120.48481,39.80764],[-120.47924,39.80565],[-120.47621,39.80694],[-120.47405,39.80897],[-120.45899,39.81418],[-120.44693,39.82052],[-120.44102,39.82128],[-120.4372,39.82279],[-120.43076,39.82243],[-120.42462,39.82438],[-120.41646,39.82447],[-120.40433,39.82323],[-120.37162,39.81752],[-120.32947,39.81705],[-120.3121,39.81018],[-120.30691,39.80954],[-120.19085,39.80919],[-120.16611,39.80072],[-120.12606,39.79638],[-120.11109,39.79119],[-120.08773,39.78855],[-120.03863,39.77488]]]},"properties":{"id":"14","code":"A13","name":"Zone X7a Archery Hunt","kind":"archery_hunt","group":"Archery","hunt_type":"BUCK","acreage":451314}},{"type":"Feature","geometry":{"type":"Polygon","coordinates":[[[-120.00139,39.66735],[-120.00216,39.49997],[-120.00481,39.35791],[-120.00603,39.22282],[-120.00917,39.22246],[-120.01094,39.22454],[-120.01285,39.22513],[-120.01816,39.23314],[-120.02215,39.23413],[-120.02339,39.23552],[-120.02746,39.23647],[-120.0358,39.2378],[-120.03778,39.23744],[-120.04053,39.23839],[-120.044,39.23754],[-120.04667,39.23899],[-120.04843,39.23842],[-120.04926,39.23913],[-120.0562,39.23942],[-120.05866,39.23915],[-120.06291,39.23707],[-120.06725,39.23656],[-120.06954,39.23541],[-120.06994,39.23268],[-120.06812,39.23057],[-120.06829,39.22867],[-120.07377,39.22558],[-120.08093,39.22601],[-120.08078,39.2267],[-120.08152,39.22674],[-120.08153,39.22581],[-120.08516,39.22419],[-120.08616,39.22207],[-120.08833,39.20962],[-120.08943,39.20825],[-120.09325,39.20704],[-120.09429,39.20578],[-120.09534,39.20299],[-120.09505,39.19822],[-120.09615,39.19232],[-120.09231,39.18678],[-120.09257,39.18515],[-120.1081,39.18394],[-120.11266,39.18244],[-120.11494,39.18089],[-120.12133,39.18168],[-120.12769,39.18034],[-120.12965,39.17924],[-120.13549,39.17305],[-120.13979,39.17085],[-120.14246,39.16787],[-120.14452,39.16697],[-120.14313,39.16738],[-120.14112,39.16543],[-120.1417,39.15827],[-120.14418,39.15403],[-120.1437,39.14903],[-120.14601,39.14621],[-120.14967,39.1447],[-120.15266,39.14161],[-120.1532,39.13922],[-120.15213,39.13372],[-120.1533,39.13133],[-120.15564,39.12896],[-120.15968,39.12858],[-120.16159,39.12553],[-120.16074,39.11942],[-120.1581,39.11704],[-120.15766,39.1136],[-120.15874,39.11027],[-120.15859,39.10746],[-120.16337,39.10684],[-120.16854,39.11013],[-120.17046,39.10949],[-120.17143,39.10996],[-120.17318,39.10859],[-120.17628,39.11075],[-120.17715,39.11035],[-120.17873,39.111],[-120.18065,39.11029],[-120.18151,39.11088],[-120.18403,39.11008],[-120.18546,39.11098],[-120.18702,39.11097],[-120.18782,39.11055],[-120.18732,39.10948],[-120.18951,39.10909],[-120.18911,39.10771],[-120.19434,39.10597],[-120.19423,39.10684],[-120.19539,39.10647],[-120.19548,39.10535],[-120.19644,39.10532],[-120.19629,39.10468],[-120.20158,39.10035],[-120.20409,39.09724],[-120.20809,39.09469],[-120.20811,39.09071],[-120.20994,39.08738],[-120.20916,39.08506],[-120.2098,39.08168],[-120.21147,39.07997],[-120.21158,39.07778],[-120.21404,39.08016],[-120.21507,39.08022],[-120.21992,39.07872],[-120.22634,39.07817],[-120.22695,39.07786],[-120.22707,39.0758],[-120.22641,39.07507],[-120.22238,39.07463],[-120.22146,39.07584],[-120.22067,39.07518],[-120.22253,39.07302],[-120.22707,39.07263],[-120.22906,39.07082],[-120.23021,39.07096],[-120.23315,39.07618],[-120.23547,39.07672],[-120.23559,39.07747],[-120.2375,39.0767],[-120.24237,39.07787],[-120.24456,39.08003],[-120.24543,39.08215],[-120.2467,39.08211],[-120.24651,39.0831],[-120.24807,39.08382],[-120.24695,39.08641],[-120.24353,39.08945],[-120.24623,39.08941],[-120.24668,39.09089],[-120.24439,39.09266],[-120.24528,39.0913],[-120.24302,39.09211],[-120.24372,39.09303],[-120.24193,39.09475],[-120.24242,39.0946],[-120.24164,39.09817],[-120.23837,39.09919],[-120.23376,39.10286],[-120.23518,39.10253],[-120.23376,39.10348],[-120.23747,39.10218],[-120.23503,39.10372],[-120.23847,39.10255],[-120.23504,39.10461],[-120.23697,39.10637],[-120.2371,39.11014],[-120.24171,39.11792],[-120.24568,39.12103],[-120.2478,39.12449],[-120.24785,39.1256],[-120.24687,39.12575],[-120.24586,39.12717],[-120.24413,39.13387],[-120.24709,39.14092],[-120.24648,39.14221],[-120.24731,39.14645],[-120.24938,39.14952],[-120.24883,39.15293],[-120.25092,39.15494],[-120.25121,39.15866],[-120.25361,39.16173],[-120.25349,39.16282],[-120.25507,39.16503],[-120.25459,39.16603],[-120.25594,39.16559],[-120.2534,39.16957],[-120.25411,39.16921],[-120.25302,39.1707],[-120.25409,39.17032],[-120.25344,39.17173],[-120.25565,39.17087],[-120.25534,39.17239],[-120.25679,39.17191],[-120.25845,39.17261],[-120.25982,39.17091],[-120.26226,39.16965],[-120.26125,39.1696],[-120.26363,39.16824],[-120.26274,39.16781],[-120.26487,39.16784],[-120.268,39.16671],[-120.274,39.17186],[-120.27947,39.17358],[-120.28329,39.17848],[-120.28408,39.17864],[-120.28421,39.18078],[-120.28517,39.18054],[-120.28741,39.1819],[-120.28785,39.18086],[-120.28964,39.18314],[-120.28863,39.1849],[-120.28706,39.18588],[-120.28693,39.18845],[-120.28547,39.18898],[-120.28542,39.19195],[-120.28615,39.1923],[-120.28318,39.19365],[-120.28323,39.19474],[-120.28173,39.19663],[-120.28167,39.19789],[-120.28252,39.19794],[-120.28137,39.19844],[-120.28093,39.19957],[-120.28223,39.20026],[-120.28171,39.20238],[-120.27579,39.2075],[-120.27705,39.21362],[-120.27608,39.21421],[-120.27713,39.21534],[-120.27777,39.21909],[-120.27694,39.22055],[-120.27746,39.22353],[-120.27625,39.22349],[-120.27677,39.22518],[-120.27614,39.22649],[-120.27732,39.22915],[-120.27684,39.22906],[-120.27725,39.23009],[-120.27674,39.23121],[-120.27809,39.23134],[-120.28032,39.23332],[-120.28054,39.23421],[-120.2791,39.23534],[-120.27918,39.23653],[-120.28235,39.23903],[-120.28373,39.23843],[-120.28603,39.23925],[-120.28208,39.2424],[-120.28097,39.24289],[-120.27977,39.24209],[-120.27977,39.24356],[-120.28042,39.24461],[-120.28513,39.24712],[-120.2878,39.25166],[-120.28965,39.25317],[-120.29503,39.25605],[-120.3002,39.25679],[-120.3011,39.25859],[-120.29758,39.26157],[-120.29691,39.26286],[-120.2972,39.26443],[-120.29976,39.26606],[-120.30043,39.26815],[-120.3025,39.26919],[-120.30323,39.27048],[-120.30334,39.2693],[-120.30609,39.27187],[-120.30967,39.2731],[-120.31015,39.27566],[-120.31365,39.28166],[-120.31798,39.28434],[-120.32002,39.28278],[-120.31973,39.28457],[-120.32322,39.28722],[-120.32326,39.29036],[-120.3214,39.29339],[-120.3205,39.2937],[-120.32123,39.2945],[-120.31894,39.2978],[-120.32019,39.30023],[-120.32226,39.30162],[-120.32217,39.30518],[-120.32301,39.30614],[-120.32247,39.3082],[-120.32626,39.31209],[-120.32613,39.31394],[-120.32538,39.31439],[-120.32726,39.31486],[-120.32602,39.31684],[-120.32059,39.32126],[-120.32123,39.3227],[-120.32036,39.32294],[-120.32202,39.32372],[-120.32103,39.3242],[-120.32137,39.32597],[-120.32006,39.32661],[-120.31974,39.32796],[-120.32094,39.3279],[-120.3208,39.32895],[-120.32007,39.32919],[-120.32207,39.33052],[-120.3228,39.33281],[-120.32525,39.33555],[-120.32524,39.33681],[-120.3274,39.33791],[-120.3309,39.33819],[-120.33035,39.33742],[-120.33085,39.3374],[-120.33278,39.33796],[-120.33347,39.33934],[-120.33677,39.34064],[-120.33666,39.34254],[-120.32468,39.34235],[-120.32077,39.34109],[-120.3129,39.34138],[-120.3066,39.33655],[-120.30202,39.32925],[-120.29828,39.32769],[-120.28964,39.33153],[-120.27516,39.32733],[-120.2645,39.32934],[-120.25763,39.33153],[-120.25103,39.33128],[-120.24408,39.33012],[-120.23757,39.32629],[-120.23291,39.32517],[-120.21297,39.32304],[-120.20158,39.32293],[-120.19442,39.32463],[-120.19172,39.32612],[-120.1866,39.33058],[-120.17938,39.33477],[-120.17417,39.33657],[-120.17265,39.3524],[-120.17439,39.36105],[-120.18274,39.36834],[-120.18159,39.37355],[-120.18384,39.38744],[-120.18777,39.39837],[-120.19116,39.40244],[-120.19193,39.40724],[-120.19813,39.41343],[-120.19929,39.42244],[-120.20118,39.42558],[-120.20207,39.42917],[-120.207,39.43632],[-120.21063,39.43863],[-120.21134,39.44005],[-120.21102,39.44167],[-120.21495,39.44768],[-120.21879,39.45182],[-120.22147,39.45338],[-120.2273,39.46174],[-120.23158,39.46981],[-120.23316,39.48031],[-120.23494,39.48431],[-120.23698,39.48634],[-120.24419,39.49098],[-120.24797,39.49455],[-120.25627,39.49682],[-120.26049,39.49911],[-120.26116,39.49995],[-120.26068,39.5026],[-120.26144,39.50451],[-120.25734,39.5045],[-120.25076,39.50613],[-120.24332,39.50648],[-120.24048,39.50444],[-120.23177,39.50447],[-120.22295,39.50948],[-120.221,39.51142],[-120.2189,39.51211],[-120.21657,39.51195],[-120.20718,39.5064],[-120.20042,39.50557],[-120.18312,39.50825],[-120.17946,39.50955],[-120.17707,39.51159],[-120.17163,39.51072],[-120.16484,39.51218],[-120.15082,39.51264],[-120.14302,39.51172],[-120.14276,39.50989],[-120.13875,39.50748],[-120.13718,39.50737],[-120.12602,39.50991],[-120.11646,39.51122],[-120.10184,39.50439],[-120.09806,39.50649],[-120.09219,39.50647],[-120.08776,39.50933],[-120.08374,39.51075],[-120.07902,39.51596],[-120.07666,39.52022],[-120.06399,39.53186],[-120.05806,39.54082],[-120.05123,39.5453],[-120.04618,39.54743],[-120.04447,39.54914],[-120.05058,39.54832],[-120.05371,39.55004],[-120.05265,39.55521],[-120.05362,39.56047],[-120.05542,39.56296],[-120.05468,39.56881],[-120.05572,39.57121],[-120.05501,39.57227],[-120.05495,39.57471],[-120.05312,39.57627],[-120.05193,39.57908],[-120.05575,39.58139],[-120.05586,39.58349],[-120.05441,39.58576],[-120.05636,39.58747],[-120.05911,39.58816],[-120.06479,39.58882],[-120.06884,39.58834],[-120.07454,39.59045],[-120.07377,39.59212],[-120.07173,39.59365],[-120.07141,39.59577],[-120.07241,39.59715],[-120.07614,39.59815],[-120.07898,39.60709],[-120.07777,39.60753],[-120.07283,39.60632],[-120.06612,39.60376],[-120.06349,39.60451],[-120.05808,39.60467],[-120.05154,39.60849],[-120.04622,39.60929],[-120.04122,39.61176],[-120.0396,39.61377],[-120.03764,39.61978],[-120.03314,39.62278],[-120.01957,39.62266],[-120.01275,39.62661],[-120.00869,39.62491],[-120.00774,39.63354],[-120.00546,39.63905],[-120.00696,39.64356],[-120.00689,39.65732],[-120.0047,39.6637],[-120.00139,39.66735]]]},"properties":{"id":"15","code":"A14","name":"Zone X7b Archery Hunt","kind":"archery_hunt","group":"Archery","hunt_type":"BUCK","acreage":214282}},{"type":"Feature","geometry":{"type":"Polygon","coordinates":[[[-119.94216,38.95929],[-119.61691,38.7354],[-119.58711,38.71454],[-119.58525,38.7118],[-119.58175,38.70509],[-119.58675,38.70345],[-119.58937,38.69716],[-119.59425,38.69068],[-119.59286,38.68079],[-119.59396,38.67855],[-119.59608,38.67783],[-119.59602,38.67605],[-119.59768,38.67452],[-119.59884,38.67065],[-119.6008,38.66937],[-119.60279,38.66957],[-119.60768,38.66571],[-119.61448,38.66594],[-119.61294,38.66319],[-119.61345,38.65916],[-119.61241,38.6567],[-119.61393,38.65218],[-119.6137,38.6501],[-119.61575,38.64907],[-119.6161,38.64566],[-119.61692,38.64471],[-119.61475,38.63841],[-119.61516,38.63429],[-119.61836,38.63199],[-119.61627,38.62992],[-119.61697,38.62728],[-119.6164,38.62595],[-119.61973,38.62368],[-119.61822,38.61975],[-119.62102,38.61284],[-119.61869,38.60696],[-119.61899,38.60414],[-119.61463,38.60235],[-119.61105,38.599],[-119.60871,38.59513],[-119.5994,38.59343],[-119.59551,38.59013],[-119.59484,38.58624],[-119.59591,38.58207],[-119.59228,38.5792],[-119.58926,38.57401],[-119.58994,38.57056],[-119.58938,38.5676],[-119.58763,38.56739],[-119.58656,38.56598],[-119.58623,38.56349],[-119.58718,38.55929],[-119.58489,38.55587],[-119.58369,38.5521],[-119.57727,38.54601],[-119.57468,38.5426],[-119.57451,38.54058],[-119.57244,38.54171],[-119.57036,38.54152],[-119.56958,38.53886],[-119.56789,38.53734],[-119.56728,38.53198],[-119.56643,38.53025],[-119.56635,38.52588],[-119.56336,38.52659],[-119.56053,38.52545],[-119.55914,38.52174],[-119.55923,38.51945],[-119.55577,38.51529],[-119.55603,38.51346],[-119.55806,38.50974],[-119.55784,38.50578],[-119.5589,38.50516],[-119.55614,38.50163],[-119.55093,38.50127],[-119.54741,38.49951],[-119.5428,38.49966],[-119.54289,38.49832],[-119.54419,38.49687],[-119.54374,38.49335],[-119.54548,38.49005],[-119.54477,38.48616],[-119.54225,38.48134],[-119.54345,38.47839],[-119.54505,38.47769],[-119.54654,38.47364],[-119.5562,38.47003],[-119.55799,38.46599],[-119.55892,38.46026],[-119.55866,38.45757],[-119.55742,38.45745],[-119.55787,38.45663],[-119.55717,38.45514],[-119.55713,38.45003],[-119.55635,38.44732],[-119.56141,38.44266],[-119.56164,38.43987],[-119.56352,38.4378],[-119.57016,38.43477],[-119.56874,38.4339],[-119.56816,38.42939],[-119.56596,38.42749],[-119.56678,38.42452],[-119.56587,38.42231],[-119.56141,38.42037],[-119.56242,38.40948],[-119.56829,38.40461],[-119.58166,38.40018],[-119.58333,38.39898],[-119.58369,38.39662],[-119.59176,38.39865],[-119.59592,38.40092],[-119.59797,38.40371],[-119.60197,38.40565],[-119.60426,38.40208],[-119.60991,38.40034],[-119.61163,38.39916],[-119.61611,38.3989],[-119.62196,38.39407],[-119.62056,38.39122],[-119.62043,38.38823],[-119.61888,38.38643],[-119.61854,38.38163],[-119.61459,38.38002],[-119.61503,38.37783],[-119.61405,38.37534],[-119.61033,38.37207],[-119.60882,38.36894],[-119.60686,38.36799],[-119.60693,38.36662],[-119.61481,38.36565],[-119.62339,38.36123],[-119.62774,38.36433],[-119.6293,38.36856],[-119.63418,38.37245],[-119.63592,38.3749],[-119.63702,38.37989],[-119.64004,38.3846],[-119.65364,38.39394],[-119.65605,38.39698],[-119.65797,38.40213],[-119.66105,38.40657],[-119.66796,38.41272],[-119.66982,38.41694],[-119.67113,38.41602],[-119.67337,38.41851],[-119.6752,38.42245],[-119.67639,38.42341],[-119.67648,38.42687],[-119.68221,38.42988],[-119.68131,38.43142],[-119.6795,38.43254],[-119.67808,38.43551],[-119.68087,38.44061],[-119.68625,38.44082],[-119.6875,38.44294],[-119.68875,38.44336],[-119.69684,38.44281],[-119.69783,38.44365],[-119.69733,38.44587],[-119.69806,38.4472],[-119.70126,38.44647],[-119.70231,38.44729],[-119.70231,38.44896],[-119.70077,38.45244],[-119.70336,38.45232],[-119.70507,38.45052],[-119.70804,38.45047],[-119.71043,38.45159],[-119.71182,38.45088],[-119.71208,38.44919],[-119.71301,38.44834],[-119.71589,38.44884],[-119.71924,38.44637],[-119.72226,38.44809],[-119.72331,38.44932],[-119.72328,38.45165],[-119.72486,38.45309],[-119.7248,38.45433],[-119.72721,38.45822],[-119.72692,38.45932],[-119.72277,38.46044],[-119.72262,38.46163],[-119.72108,38.46252],[-119.72789,38.46808],[-119.72912,38.47519],[-119.73057,38.47583],[-119.73346,38.47896],[-119.73544,38.48228],[-119.73564,38.48535],[-119.73637,38.48614],[-119.7378,38.48589],[-119.73887,38.48326],[-119.74027,38.48278],[-119.74079,38.48148],[-119.74347,38.48058],[-119.74469,38.4807],[-119.7458,38.48193],[-119.74938,38.48218],[-119.75104,38.48385],[-119.75384,38.48456],[-119.75465,38.48706],[-119.75899,38.48681],[-119.76039,38.48807],[-119.76335,38.49481],[-119.77016,38.49816],[-119.77095,38.50225],[-119.7739,38.50405],[-119.7763,38.5066],[-119.77615,38.51411],[-119.77813,38.51736],[-119.7812,38.5192],[-119.77895,38.52109],[-119.77688,38.52127],[-119.77548,38.5223],[-119.77503,38.52517],[-119.77751,38.52595],[-119.77837,38.52727],[-119.77804,38.5287],[-119.7766,38.52938],[-119.77748,38.53273],[-119.77751,38.53139],[-119.77835,38.53261],[-119.77865,38.5321],[-119.78107,38.53286],[-119.78215,38.53565],[-119.78289,38.53322],[-119.78512,38.53414],[-119.7857,38.53556],[-119.79139,38.54167],[-119.79278,38.54405],[-119.7926,38.54519],[-119.79352,38.54462],[-119.79346,38.54296],[-119.79693,38.54256],[-119.80191,38.54341],[-119.80395,38.54463],[-119.80358,38.54627],[-119.80469,38.54665],[-119.80926,38.54463],[-119.80939,38.54527],[-119.8113,38.54597],[-119.81003,38.54782],[-119.81231,38.54917],[-119.81439,38.54925],[-119.81883,38.55382],[-119.82953,38.5561],[-119.83137,38.55716],[-119.83204,38.56014],[-119.83054,38.56359],[-119.82678,38.56662],[-119.82688,38.56785],[-119.82608,38.5684],[-119.82844,38.57027],[-119.82907,38.57198],[-119.8313,38.57275],[-119.83249,38.57418],[-119.83145,38.58219],[-119.8304,38.58393],[-119.83241,38.5832],[-119.83352,38.58384],[-119.82775,38.58926],[-119.8248,38.58951],[-119.8239,38.58869],[-119.82128,38.59125],[-119.82043,38.59359],[-119.82148,38.59445],[-119.82183,38.59594],[-119.8188,38.59843],[-119.81633,38.6031],[-119.81799,38.60642],[-119.81755,38.6084],[-119.82151,38.6085],[-119.82227,38.60939],[-119.82382,38.60955],[-119.82405,38.61076],[-119.82612,38.61117],[-119.82761,38.61307],[-119.82644,38.6136],[-119.82838,38.61551],[-119.8325,38.6168],[-119.83425,38.61459],[-119.84107,38.61739],[-119.84316,38.61679],[-119.84636,38.61297],[-119.84918,38.611],[-119.85146,38.61002],[-119.85444,38.61022],[-119.85843,38.6067],[-119.86104,38.60638],[-119.8644,38.608],[-119.86969,38.60833],[-119.87448,38.60667],[-119.87584,38.60763],[-119.87808,38.60523],[-119.88157,38.60439],[-119.88625,38.60608],[-119.89076,38.61101],[-119.89392,38.61057],[-119.8941,38.61249],[-119.89586,38.61289],[-119.89725,38.61494],[-119.89981,38.61694],[-119.90082,38.61686],[-119.90306,38.61935],[-119.90831,38.6212],[-119.91087,38.62394],[-119.91726,38.62478],[-119.91829,38.62529],[-119.91838,38.62619],[-119.9202,38.62614],[-119.92148,38.62716],[-119.92196,38.62666],[-119.92279,38.62918],[-119.92441,38.62948],[-119.92564,38.63131],[-119.92467,38.63337],[-119.92498,38.63509],[-119.92847,38.63505],[-119.92901,38.6382],[-119.9345,38.63778],[-119.94337,38.64103],[-119.94506,38.64097],[-119.95198,38.64499],[-119.9523,38.64928],[-119.95432,38.64982],[-119.95731,38.64904],[-119.95984,38.65622],[-119.9591,38.65929],[-119.95977,38.66032],[-119.96616,38.66088],[-119.96821,38.6601],[-119.96898,38.65865],[-119.97131,38.65816],[-119.96916,38.66133],[-119.97198,38.66031],[-119.96874,38.66293],[-119.97125,38.66244],[-119.97187,38.66404],[-119.97445,38.66475],[-119.97681,38.66653],[-119.97558,38.66739],[-119.97548,38.66836],[-119.97727,38.67048],[-119.9776,38.67359],[-119.97621,38.67591],[-119.97677,38.67577],[-119.97658,38.67637],[-119.97487,38.67712],[-119.9772,38.67717],[-119.97399,38.67997],[-119.97452,38.68092],[-119.97646,38.68096],[-119.97854,38.67964],[-119.98127,38.68074],[-119.98304,38.68325],[-119.98497,38.68353],[-119.98628,38.68282],[-119.98603,38.68357],[-119.9872,38.68505],[-119.98656,38.68626],[-119.98712,38.68685],[-119.98936,38.68651],[-119.98955,38.68736],[-119.99247,38.68737],[-119.9925,38.68963],[-119.99099,38.69104],[-119.99242,38.69224],[-119.98908,38.69489],[-119.99096,38.69658],[-119.99779,38.69566],[-119.9998,38.69695],[-120.00111,38.69892],[-120.00072,38.70181],[-120.00175,38.70188],[-120.00143,38.70262],[-120.003,38.70271],[-120.00359,38.70402],[-120.00481,38.70931],[-120.00611,38.71091],[-120.00663,38.71528],[-120.01071,38.72016],[-120.01196,38.72051],[-120.01238,38.72295],[-120.01483,38.7239],[-120.02062,38.72997],[-120.02255,38.73055],[-120.02135,38.73101],[-120.0214,38.73288],[-120.02223,38.7338],[-120.0259,38.73618],[-120.02816,38.73708],[-120.02979,38.73687],[-120.03389,38.74043],[-120.04556,38.74189],[-120.04758,38.74433],[-120.04816,38.74804],[-120.04981,38.75081],[-120.052,38.7526],[-120.05141,38.75662],[-120.05045,38.75866],[-120.04916,38.7595],[-120.04983,38.76204],[-120.04808,38.76412],[-120.04761,38.76756],[-120.0479,38.76925],[-120.05044,38.77254],[-120.05199,38.77768],[-120.05111,38.77961],[-120.04737,38.77993],[-120.04346,38.78251],[-120.04276,38.78379],[-120.0429,38.78549],[-120.04436,38.787],[-120.0434,38.78808],[-120.03892,38.78879],[-120.03707,38.79035],[-120.03576,38.79496],[-120.03694,38.79918],[-120.03644,38.80113],[-120.02805,38.80447],[-120.02842,38.81156],[-120.02933,38.81302],[-120.02793,38.81467],[-120.02713,38.81981],[-120.02865,38.82562],[-120.03052,38.82713],[-120.03198,38.83047],[-120.03537,38.83223],[-120.03458,38.83541],[-120.03771,38.83779],[-120.04057,38.83866],[-120.0425,38.84083],[-120.04241,38.84186],[-120.03247,38.84417],[-120.02574,38.84936],[-120.01398,38.85509],[-120.01246,38.85699],[-120.01222,38.86264],[-120.01116,38.86452],[-120.0072,38.86815],[-120.0061,38.87064],[-120.00487,38.8782],[-119.9998,38.89055],[-119.99987,38.89661],[-119.99829,38.90086],[-119.999,38.90384],[-120.00475,38.91338],[-119.98312,38.92754],[-119.97958,38.93054],[-119.97771,38.93502],[-119.97713,38.94284],[-119.97639,38.94406],[-119.97083,38.94577],[-119.96573,38.94573],[-119.95748,38.94859],[-119.94567,38.95429],[-119.94216,38.95929]]]},"properties":{"id":"16","code":"A15","name":"Zone X8 Archery Hunt","kind":"archery_hunt","group":"Archery","hunt_type":"BUCK","acreage":332826}},{"type":"Feature","geometry":{"type":"Polygon","coordinates":[[[-118.79739,38.16067],[-118.56764,37.99712],[-118.43557,37.9022],[-118.44069,37.89707],[-118.46648,37.87682],[-118.46864,37.87407],[-118.47867,37.83936],[-118.47852,37.82957],[-118.47684,37.81847],[-118.46921,37.79695],[-118.46095,37.76786],[-118.45645,37.75697],[-118.40304,37.66955],[-118.39294,37.61134],[-118.34984,37.46356],[-118.3501,37.4035],[-118.3507,37.4016],[-118.35253,37.39969],[-118.36048,37.39784],[-118.38862,37.39763],[-118.39353,37.39537],[-118.39554,37.39221],[-118.39577,37.39038],[-118.39554,37.36135],[-118.45409,37.361],[-118.45951,37.35851],[-118.4651,37.35326],[-118.4795,37.3421],[-118.50687,37.33948],[-118.52424,37.33112],[-118.52451,37.32874],[-118.52292,37.32748],[-118.51759,37.32783],[-118.51548,37.32709],[-118.51414,37.32565],[-118.51427,37.32327],[-118.5185,37.31493],[-118.52776,37.30757],[-118.53147,37.30328],[-118.53436,37.30177],[-118.52974,37.30289],[-118.54498,37.29688],[-118.55125,37.29364],[-118.57409,37.27512],[-118.57993,37.26468],[-118.57944,37.25751],[-118.58181,37.25088],[-118.58258,37.24994],[-118.58897,37.2482],[-118.59684,37.24243],[-118.59718,37.2347],[-118.59635,37.23339],[-118.60156,37.22478],[-118.6049,37.22192],[-118.60868,37.22144],[-118.60846,37.22748],[-118.60978,37.22949],[-118.61316,37.23133],[-118.61745,37.22933],[-118.62597,37.22828],[-118.62967,37.2267],[-118.63072,37.22755],[-118.63433,37.22775],[-118.63548,37.22874],[-118.64091,37.22993],[-118.64343,37.22973],[-118.64452,37.23197],[-118.64907,37.23367],[-118.65188,37.23108],[-118.65254,37.23193],[-118.66138,37.23381],[-118.66373,37.23555],[-118.6653,37.23555],[-118.66579,37.23644],[-118.67429,37.23649],[-118.68102,37.24017],[-118.6841,37.23899],[-118.68412,37.24303],[-118.68351,37.24434],[-118.67781,37.24906],[-118.67491,37.24895],[-118.67345,37.25192],[-118.66764,37.2594],[-118.66513,37.26136],[-118.6652,37.26237],[-118.67118,37.2672],[-118.67191,37.2702],[-118.67456,37.27103],[-118.67614,37.27452],[-118.67604,37.27575],[-118.67723,37.27646],[-118.67748,37.27776],[-118.68059,37.27912],[-118.68194,37.2811],[-118.68258,37.28475],[-118.68478,37.28656],[-118.68531,37.29074],[-118.68725,37.29198],[-118.68802,37.29351],[-118.68946,37.29399],[-118.69002,37.29669],[-118.69472,37.30201],[-118.69456,37.30621],[-118.69781,37.30551],[-118.69876,37.30738],[-118.70338,37.31101],[-118.70462,37.3134],[-118.70712,37.31575],[-118.70958,37.32236],[-118.71123,37.3232],[-118.7157,37.32829],[-118.71776,37.32825],[-118.72835,37.32379],[-118.73276,37.31885],[-118.73415,37.31812],[-118.73904,37.31602],[-118.74122,37.31613],[-118.7438,37.31969],[-118.74574,37.32048],[-118.74717,37.32229],[-118.75016,37.32276],[-118.75189,37.32513],[-118.75391,37.32599],[-118.75709,37.32907],[-118.75907,37.32906],[-118.76422,37.33185],[-118.76726,37.332],[-118.77358,37.335],[-118.77834,37.33463],[-118.77966,37.33514],[-118.78084,37.33714],[-118.78078,37.33851],[-118.7852,37.34206],[-118.78604,37.34388],[-118.78401,37.35234],[-118.78139,37.35502],[-118.7815,37.35641],[-118.78072,37.35755],[-118.77724,37.35871],[-118.77088,37.35857],[-118.76857,37.35936],[-118.76786,37.36126],[-118.7695,37.36634],[-118.76728,37.3676],[-118.77107,37.37108],[-118.77324,37.37533],[-118.77653,37.37519],[-118.77796,37.3762],[-118.77924,37.37905],[-118.7792,37.38157],[-118.78171,37.38259],[-118.78358,37.38586],[-118.78532,37.38701],[-118.78519,37.38935],[-118.78838,37.39146],[-118.78982,37.3933],[-118.78712,37.3979],[-118.78604,37.40309],[-118.7822,37.40798],[-118.78337,37.41412],[-118.77992,37.42198],[-118.77809,37.42395],[-118.77473,37.42516],[-118.77341,37.42505],[-118.77154,37.42304],[-118.76923,37.42237],[-118.76795,37.42314],[-118.76498,37.43035],[-118.76154,37.4319],[-118.76036,37.43345],[-118.75853,37.44223],[-118.7592,37.44577],[-118.76176,37.44945],[-118.76337,37.4543],[-118.76324,37.45706],[-118.76734,37.45674],[-118.76866,37.45805],[-118.77151,37.45858],[-118.77364,37.46083],[-118.77483,37.46448],[-118.77719,37.46679],[-118.77771,37.47015],[-118.78444,37.47389],[-118.78566,37.47594],[-118.78561,37.47822],[-118.78887,37.48059],[-118.7908,37.48412],[-118.79396,37.4858],[-118.79448,37.48791],[-118.79571,37.48872],[-118.8047,37.48915],[-118.81031,37.48655],[-118.81464,37.48783],[-118.82341,37.48537],[-118.82583,37.48274],[-118.83242,37.48047],[-118.8363,37.48241],[-118.84122,37.48116],[-118.84677,37.47852],[-118.84922,37.47626],[-118.85555,37.47839],[-118.857,37.4794],[-118.85566,37.48143],[-118.8597,37.48987],[-118.85863,37.49389],[-118.85998,37.49707],[-118.85966,37.49971],[-118.86076,37.50169],[-118.8678,37.50732],[-118.87418,37.50766],[-118.88103,37.50957],[-118.88185,37.51085],[-118.88118,37.51361],[-118.8829,37.51512],[-118.88323,37.5188],[-118.88914,37.52173],[-118.8917,37.52502],[-118.89865,37.52469],[-118.9019,37.52537],[-118.90294,37.52696],[-118.90127,37.5299],[-118.90278,37.53284],[-118.90515,37.53502],[-118.90556,37.53695],[-118.90924,37.5389],[-118.9099,37.5418],[-118.9119,37.54274],[-118.91462,37.54859],[-118.91602,37.5499],[-118.92094,37.55015],[-118.92451,37.54861],[-118.93006,37.54892],[-118.93432,37.55258],[-118.93858,37.55408],[-118.94091,37.55733],[-118.94177,37.56137],[-118.94368,37.56055],[-118.95013,37.56197],[-118.96187,37.55747],[-118.97381,37.55529],[-118.98784,37.55865],[-118.99149,37.56145],[-118.99195,37.56009],[-118.9936,37.56169],[-118.99907,37.5622],[-119.00119,37.56001],[-119.00153,37.55754],[-119.00277,37.55594],[-119.00596,37.55492],[-119.0086,37.55576],[-119.01151,37.55572],[-119.01423,37.55783],[-119.01602,37.55828],[-119.01581,37.56005],[-119.01934,37.56287],[-119.02099,37.56617],[-119.02475,37.56569],[-119.02597,37.5643],[-119.03384,37.56386],[-119.03963,37.5622],[-119.04163,37.55992],[-119.04196,37.55622],[-119.04371,37.55048],[-119.04269,37.54705],[-119.04007,37.54406],[-119.04423,37.53809],[-119.04499,37.53583],[-119.0505,37.53464],[-119.0545,37.53601],[-119.05598,37.53527],[-119.0589,37.53583],[-119.06455,37.53518],[-119.06697,37.53575],[-119.0717,37.53377],[-119.07541,37.53459],[-119.07795,37.53324],[-119.08021,37.53092],[-119.08302,37.5299],[-119.08595,37.52984],[-119.087,37.53084],[-119.09162,37.53115],[-119.09322,37.53061],[-119.09466,37.532],[-119.0969,37.5325],[-119.10249,37.53582],[-119.10425,37.53759],[-119.11063,37.53804],[-119.11321,37.54008],[-119.11716,37.5399],[-119.12247,37.54308],[-119.12752,37.54378],[-119.1282,37.5446],[-119.12325,37.545],[-119.12114,37.5477],[-119.11394,37.54805],[-119.11221,37.55027],[-119.10972,37.54994],[-119.10757,37.54794],[-119.10115,37.54764],[-119.09897,37.54874],[-119.09695,37.54864],[-119.09569,37.54985],[-119.095,37.55461],[-119.09253,37.55757],[-119.09321,37.56484],[-119.09476,37.56712],[-119.09266,37.57258],[-119.09466,37.59077],[-119.0942,37.59325],[-119.09187,37.59477],[-119.09166,37.59655],[-119.09013,37.59582],[-119.09234,37.5986],[-119.09151,37.59956],[-119.09167,37.60149],[-119.09414,37.60264],[-119.09678,37.60509],[-119.09756,37.60735],[-119.09753,37.61033],[-119.10287,37.61103],[-119.10669,37.61052],[-119.11613,37.61288],[-119.11838,37.61273],[-119.12189,37.61051],[-119.12405,37.6108],[-119.12361,37.61205],[-119.12581,37.6141],[-119.128,37.61477],[-119.13164,37.61425],[-119.13366,37.61513],[-119.13315,37.6188],[-119.13746,37.62234],[-119.14696,37.62327],[-119.14915,37.62435],[-119.15255,37.62338],[-119.15252,37.62123],[-119.15321,37.62013],[-119.15831,37.61625],[-119.16081,37.61669],[-119.16167,37.61847],[-119.16481,37.6186],[-119.16495,37.62045],[-119.16651,37.62146],[-119.16944,37.62197],[-119.17066,37.62635],[-119.17006,37.62829],[-119.16737,37.62939],[-119.16571,37.63094],[-119.16889,37.63647],[-119.17032,37.63748],[-119.17091,37.64107],[-119.16668,37.64384],[-119.16651,37.64543],[-119.17036,37.64961],[-119.16916,37.65173],[-119.1706,37.65357],[-119.17072,37.65563],[-119.17465,37.65936],[-119.17407,37.66054],[-119.1783,37.66142],[-119.18216,37.66769],[-119.18582,37.66958],[-119.1865,37.67064],[-119.18626,37.67197],[-119.19049,37.67253],[-119.19247,37.67371],[-119.1927,37.67642],[-119.19489,37.67933],[-119.19545,37.682],[-119.19945,37.68207],[-119.20075,37.68334],[-119.20013,37.6876],[-119.19755,37.69341],[-119.19554,37.69426],[-119.19452,37.69554],[-119.19528,37.69787],[-119.19764,37.70029],[-119.20738,37.70174],[-119.20908,37.70465],[-119.21177,37.70719],[-119.21229,37.70922],[-119.21396,37.71034],[-119.21441,37.71263],[-119.21581,37.71392],[-119.22205,37.71516],[-119.22335,37.71644],[-119.22639,37.7163],[-119.22985,37.71752],[-119.23023,37.72082],[-119.23679,37.72427],[-119.23918,37.72757],[-119.24093,37.72735],[-119.24295,37.72868],[-119.25005,37.72949],[-119.25102,37.73029],[-119.25309,37.72953],[-119.25529,37.72547],[-119.25767,37.72493],[-119.25896,37.7236],[-119.259,37.72481],[-119.26072,37.72735],[-119.26036,37.72948],[-119.2622,37.73345],[-119.26421,37.73367],[-119.26917,37.73853],[-119.26906,37.73949],[-119.26192,37.74087],[-119.25943,37.74329],[-119.25682,37.74448],[-119.25472,37.7471],[-119.254,37.75079],[-119.25426,37.75541],[-119.25098,37.75652],[-119.24584,37.76358],[-119.24441,37.7679],[-119.2427,37.76987],[-119.23871,37.77254],[-119.23828,37.77373],[-119.23065,37.77526],[-119.22888,37.77882],[-119.22153,37.7789],[-119.22039,37.77945],[-119.2182,37.78609],[-119.21491,37.79085],[-119.21015,37.79272],[-119.20582,37.79279],[-119.20335,37.79523],[-119.20109,37.8037],[-119.20353,37.80618],[-119.20517,37.81079],[-119.20486,37.8121],[-119.20999,37.81383],[-119.21771,37.81919],[-119.21622,37.82054],[-119.21374,37.82525],[-119.20668,37.82764],[-119.20576,37.82932],[-119.20442,37.83006],[-119.20445,37.83146],[-119.20632,37.83482],[-119.20645,37.83711],[-119.20811,37.83929],[-119.20511,37.84124],[-119.20342,37.84346],[-119.19925,37.843],[-119.19602,37.84407],[-119.20129,37.84797],[-119.20834,37.84759],[-119.20905,37.84648],[-119.21174,37.84624],[-119.21719,37.84806],[-119.21646,37.85298],[-119.21212,37.85718],[-119.21264,37.85879],[-119.21436,37.86051],[-119.21382,37.86354],[-119.21527,37.86956],[-119.21403,37.87284],[-119.20992,37.88088],[-119.20592,37.88356],[-119.20133,37.88341],[-119.20004,37.88443],[-119.20041,37.88669],[-119.20182,37.88839],[-119.20697,37.88926],[-119.20876,37.89064],[-119.20845,37.89199],[-119.21086,37.89449],[-119.21033,37.89807],[-119.21148,37.89999],[-119.2139,37.89901],[-119.22025,37.89874],[-119.22664,37.90664],[-119.23115,37.90804],[-119.23738,37.91146],[-119.24163,37.91151],[-119.24232,37.91011],[-119.24378,37.91077],[-119.25112,37.91037],[-119.25287,37.90767],[-119.25449,37.90766],[-119.25509,37.90945],[-119.25801,37.9113],[-119.26101,37.91136],[-119.26442,37.91274],[-119.26463,37.91732],[-119.26578,37.91947],[-119.26351,37.92213],[-119.26746,37.92868],[-119.27019,37.92821],[-119.27186,37.92867],[-119.27278,37.93044],[-119.27459,37.93127],[-119.27609,37.93078],[-119.27951,37.93358],[-119.28259,37.9344],[-119.28701,37.93298],[-119.29002,37.93384],[-119.29021,37.93503],[-119.29367,37.93703],[-119.29311,37.93907],[-119.29358,37.94079],[-119.29493,37.94105],[-119.29608,37.9428],[-119.29912,37.9446],[-119.29953,37.94575],[-119.30343,37.94576],[-119.30561,37.94501],[-119.30923,37.94627],[-119.31029,37.95168],[-119.31435,37.95596],[-119.31609,37.96086],[-119.31383,37.96337],[-119.31528,37.96599],[-119.31887,37.96601],[-119.32122,37.96684],[-119.32361,37.96906],[-119.32365,37.97046],[-119.31952,37.97389],[-119.31868,37.97739],[-119.31693,37.97811],[-119.31525,37.97992],[-119.31458,37.9821],[-119.31758,37.98413],[-119.31789,37.98805],[-119.31749,37.98943],[-119.31473,37.99211],[-119.31313,37.99815],[-119.31131,37.99963],[-119.31051,38.00305],[-119.31148,38.00399],[-119.30954,38.00463],[-119.30943,38.00923],[-119.30809,38.01235],[-119.30939,38.01799],[-119.30752,38.02185],[-119.30609,38.0228],[-119.30565,38.02471],[-119.30735,38.02717],[-119.30747,38.03022],[-119.3096,38.03243],[-119.30945,38.03359],[-119.3143,38.03531],[-119.3111,38.03981],[-119.31041,38.04419],[-119.31711,38.04753],[-119.31913,38.0474],[-119.32138,38.0494],[-119.32218,38.05107],[-119.32183,38.05248],[-119.31378,38.05418],[-119.31096,38.05316],[-119.30723,38.04985],[-119.30441,38.04973],[-119.30361,38.04851],[-119.30411,38.04797],[-119.30351,38.0454],[-119.30126,38.04465],[-119.29995,38.04304],[-119.29902,38.04356],[-119.29833,38.04246],[-119.29556,38.04093],[-119.29534,38.04173],[-119.29377,38.04179],[-119.29307,38.04363],[-119.29239,38.04297],[-119.29071,38.04471],[-119.28712,38.04503],[-119.28692,38.04597],[-119.285,38.04637],[-119.28363,38.04799],[-119.28095,38.04896],[-119.27958,38.04861],[-119.27689,38.04982],[-119.27554,38.04917],[-119.27426,38.04951],[-119.27434,38.05157],[-119.27302,38.05236],[-119.27151,38.05197],[-119.26981,38.05269],[-119.26372,38.04993],[-119.25812,38.04959],[-119.25297,38.05208],[-119.24797,38.056],[-119.24398,38.05682],[-119.24192,38.05918],[-119.2412,38.06133],[-119.23602,38.06335],[-119.23461,38.06641],[-119.2333,38.06712],[-119.22095,38.07033],[-119.21794,38.072],[-119.20558,38.07628],[-119.20404,38.07731],[-119.1997,38.08296],[-119.19843,38.08864],[-119.19672,38.08946],[-119.19414,38.0886],[-119.19365,38.08592],[-119.19284,38.08519],[-119.18983,38.08782],[-119.18838,38.08811],[-119.18537,38.08663],[-119.18213,38.08768],[-119.17851,38.08365],[-119.17883,38.07663],[-119.1779,38.07494],[-119.17683,38.07446],[-119.17385,38.07493],[-119.17127,38.07695],[-119.16597,38.08347],[-119.16195,38.08477],[-119.15877,38.08356],[-119.15854,38.0817],[-119.15917,38.08084],[-119.16606,38.07629],[-119.16731,38.07283],[-119.16908,38.07121],[-119.16986,38.06892],[-119.16511,38.05294],[-119.16055,38.04546],[-119.12597,38.05432],[-118.79739,38.16067]]]},"properties":{"id":"17","code":"A16","name":"Zone X9a Archery Hunt","kind":"archery_hunt","group":"Archery","hunt_type":"BUCK","acreage":1245687}},{"type":"Feature","geometry":{"type":"Polygon","coordinates":[[[-118.39554,37.36135],[-118.395,37.33238],[-118.3754,37.29467],[-118.37155,37.27785],[-118.34675,37.23092],[-118.29013,37.17328],[-118.28936,37.15639],[-118.27976,37.14457],[-118.25471,37.11013],[-118.25385,37.10802],[-118.23989,37.06494],[-118.23783,37.05976],[-118.23423,37.05402],[-118.23101,37.02538],[-118.23305,36.99182],[-118.23928,36.96141],[-118.24174,36.89117],[-118.229,36.83743],[-118.22276,36.82925],[-118.20752,36.81506],[-118.19126,36.79008],[-118.13117,36.70878],[-118.12858,36.70599],[-118.12397,36.70287],[-118.09709,36.67332],[-118.09598,36.67174],[-118.09464,36.66552],[-118.08074,36.63878],[-118.07312,36.62808],[-118.06718,36.61759],[-118.06485,36.60894],[-118.0577,36.59403],[-118.0577,36.57676],[-118.05154,36.56289],[-118.0438,36.52536],[-118.03515,36.51281],[-118.03269,36.50842],[-118.03215,36.50592],[-118.03212,36.50169],[-118.03605,36.47418],[-118.03684,36.46388],[-118.03498,36.45227],[-118.03472,36.44078],[-118.03226,36.43311],[-118.02811,36.41153],[-118.03244,36.41277],[-118.03998,36.41723],[-118.04508,36.41861],[-118.05022,36.42286],[-118.05092,36.4248],[-118.0522,36.42575],[-118.05587,36.42616],[-118.05783,36.42553],[-118.05981,36.42622],[-118.0617,36.42974],[-118.06353,36.43143],[-118.06478,36.43123],[-118.06601,36.42974],[-118.06709,36.43004],[-118.06661,36.43272],[-118.07209,36.43354],[-118.07464,36.43467],[-118.07726,36.4376],[-118.0806,36.43966],[-118.08857,36.44131],[-118.09022,36.44265],[-118.09043,36.4443],[-118.09615,36.44503],[-118.09633,36.44578],[-118.09471,36.44733],[-118.09488,36.44843],[-118.09749,36.45049],[-118.09558,36.45371],[-118.10446,36.4574],[-118.10808,36.45746],[-118.10942,36.45979],[-118.11464,36.46317],[-118.11677,36.46324],[-118.12175,36.45945],[-118.12411,36.45984],[-118.12635,36.46128],[-118.1322,36.46176],[-118.13764,36.46356],[-118.14271,36.46423],[-118.14975,36.46297],[-118.15145,36.46147],[-118.15337,36.46145],[-118.15637,36.45978],[-118.16416,36.4593],[-118.16437,36.45843],[-118.16125,36.45335],[-118.16063,36.45078],[-118.16412,36.44957],[-118.16741,36.44728],[-118.17347,36.44696],[-118.18551,36.452],[-118.19501,36.45245],[-118.20181,36.4547],[-118.20351,36.45474],[-118.20731,36.45307],[-118.21034,36.453],[-118.21442,36.45442],[-118.21556,36.45346],[-118.21592,36.45617],[-118.22185,36.45982],[-118.22186,36.46105],[-118.22341,36.46345],[-118.22979,36.46412],[-118.23293,36.46605],[-118.23293,36.46922],[-118.23621,36.47128],[-118.23842,36.47692],[-118.24106,36.47737],[-118.2483,36.4809],[-118.25002,36.48243],[-118.25062,36.48444],[-118.24923,36.48722],[-118.23934,36.49115],[-118.23884,36.49218],[-118.23618,36.49297],[-118.23542,36.49398],[-118.23948,36.49696],[-118.24149,36.49983],[-118.23828,36.50676],[-118.23947,36.50859],[-118.23955,36.51005],[-118.23743,36.51137],[-118.23929,36.51226],[-118.23832,36.51434],[-118.23954,36.51891],[-118.23955,36.5225],[-118.248,36.52223],[-118.25107,36.52611],[-118.25094,36.52912],[-118.24845,36.5327],[-118.24878,36.53491],[-118.24977,36.53564],[-118.24967,36.53708],[-118.25188,36.53875],[-118.25218,36.54132],[-118.25401,36.54252],[-118.26059,36.54394],[-118.26156,36.54834],[-118.26605,36.55159],[-118.27522,36.5505],[-118.27638,36.55097],[-118.27835,36.5539],[-118.28084,36.55533],[-118.29186,36.55896],[-118.29195,36.56331],[-118.29132,36.56418],[-118.29273,36.5662],[-118.29263,36.56884],[-118.29051,36.57307],[-118.29467,36.57626],[-118.29349,36.57786],[-118.29323,36.57969],[-118.28781,36.58449],[-118.28977,36.58852],[-118.28871,36.59038],[-118.28443,36.59054],[-118.27942,36.59171],[-118.27477,36.59647],[-118.27651,36.59946],[-118.2816,36.60427],[-118.2889,36.60324],[-118.29666,36.60752],[-118.2981,36.60874],[-118.29835,36.61089],[-118.30163,36.61324],[-118.30247,36.61517],[-118.30221,36.61876],[-118.30284,36.61972],[-118.3099,36.62284],[-118.31139,36.62591],[-118.31701,36.62643],[-118.32124,36.62834],[-118.3204,36.6366],[-118.31902,36.63996],[-118.32228,36.64207],[-118.32492,36.64693],[-118.33424,36.65273],[-118.33674,36.65343],[-118.33727,36.65573],[-118.33846,36.65608],[-118.33791,36.65942],[-118.33556,36.66242],[-118.33263,36.66296],[-118.33012,36.66458],[-118.32915,36.6664],[-118.33424,36.67239],[-118.33793,36.6733],[-118.34532,36.67225],[-118.34782,36.67272],[-118.34862,36.67745],[-118.35125,36.68033],[-118.35297,36.6837],[-118.35566,36.68408],[-118.36292,36.68702],[-118.36593,36.69051],[-118.36612,36.69186],[-118.36338,36.69476],[-118.35926,36.69521],[-118.35415,36.69428],[-118.34868,36.69607],[-118.34183,36.70242],[-118.33784,36.70306],[-118.33582,36.70413],[-118.3345,36.70616],[-118.33582,36.7105],[-118.33543,36.715],[-118.33705,36.72157],[-118.33866,36.72474],[-118.33872,36.72834],[-118.34301,36.73115],[-118.3481,36.73678],[-118.35121,36.74155],[-118.35678,36.74289],[-118.361,36.74572],[-118.36205,36.74788],[-118.36665,36.74811],[-118.36935,36.7501],[-118.36995,36.75653],[-118.37165,36.75793],[-118.37227,36.75931],[-118.37191,36.7606],[-118.37486,36.76435],[-118.3724,36.76737],[-118.37555,36.7704],[-118.37676,36.77269],[-118.37642,36.77911],[-118.38042,36.78279],[-118.38011,36.78385],[-118.37711,36.78583],[-118.37547,36.78929],[-118.37535,36.79245],[-118.3724,36.79529],[-118.3735,36.79714],[-118.37369,36.80055],[-118.37593,36.80333],[-118.37817,36.80484],[-118.37787,36.80732],[-118.37889,36.80954],[-118.38228,36.81022],[-118.38335,36.81124],[-118.38348,36.81545],[-118.39015,36.82147],[-118.3917,36.82475],[-118.39033,36.82637],[-118.39066,36.82748],[-118.39327,36.83039],[-118.39201,36.83373],[-118.38833,36.83585],[-118.37796,36.83539],[-118.37183,36.83633],[-118.3688,36.83817],[-118.3664,36.8413],[-118.36149,36.84473],[-118.36123,36.84592],[-118.36285,36.85265],[-118.36221,36.86154],[-118.36605,36.86308],[-118.36597,36.86892],[-118.36645,36.87],[-118.36927,36.87106],[-118.3698,36.87218],[-118.367,36.88224],[-118.36286,36.88402],[-118.3616,36.88509],[-118.36122,36.88711],[-118.36633,36.89185],[-118.36711,36.89601],[-118.36887,36.89755],[-118.37003,36.89996],[-118.36999,36.90142],[-118.36802,36.90277],[-118.36675,36.90654],[-118.37039,36.9085],[-118.37498,36.91623],[-118.37842,36.91908],[-118.38094,36.92265],[-118.38355,36.93199],[-118.38323,36.93536],[-118.38872,36.94639],[-118.39124,36.94919],[-118.39277,36.95286],[-118.39539,36.95488],[-118.3972,36.95796],[-118.39843,36.95821],[-118.40371,36.95682],[-118.40465,36.9579],[-118.4039,36.96437],[-118.4049,36.96683],[-118.40357,36.9714],[-118.40921,36.97474],[-118.40773,36.97994],[-118.40901,36.98294],[-118.41695,36.98636],[-118.42026,36.98903],[-118.42113,36.99171],[-118.41998,36.99489],[-118.41478,36.99721],[-118.41289,36.99893],[-118.4132,36.99991],[-118.41622,37.00207],[-118.41717,37.0046],[-118.4272,37.01158],[-118.42522,37.01324],[-118.42223,37.01757],[-118.42284,37.02017],[-118.42209,37.02475],[-118.42253,37.02605],[-118.42549,37.02974],[-118.42797,37.03148],[-118.42863,37.03394],[-118.43278,37.03501],[-118.43822,37.03844],[-118.43927,37.03988],[-118.43903,37.04309],[-118.44042,37.04495],[-118.44044,37.0463],[-118.43449,37.05026],[-118.43468,37.05149],[-118.43796,37.05589],[-118.43613,37.05762],[-118.43645,37.05997],[-118.43989,37.06338],[-118.44498,37.06589],[-118.44834,37.06932],[-118.45245,37.0676],[-118.46587,37.06735],[-118.46811,37.06852],[-118.47083,37.07301],[-118.47379,37.07444],[-118.47963,37.07504],[-118.4858,37.07741],[-118.49032,37.08207],[-118.49188,37.08708],[-118.49579,37.08908],[-118.4984,37.09234],[-118.50161,37.0932],[-118.50264,37.09532],[-118.50573,37.09528],[-118.5125,37.09359],[-118.51521,37.09487],[-118.51891,37.09841],[-118.52307,37.09926],[-118.52542,37.10201],[-118.52614,37.10436],[-118.52927,37.10527],[-118.53174,37.10846],[-118.53173,37.11172],[-118.5339,37.11145],[-118.53836,37.11402],[-118.54096,37.11376],[-118.54696,37.11508],[-118.55191,37.11436],[-118.55927,37.11502],[-118.56342,37.1135],[-118.56747,37.11506],[-118.56829,37.11617],[-118.56763,37.11833],[-118.56881,37.12292],[-118.57566,37.12393],[-118.5825,37.12287],[-118.58506,37.12415],[-118.58642,37.12853],[-118.58836,37.13031],[-118.59007,37.13578],[-118.59205,37.13804],[-118.59342,37.13841],[-118.59583,37.13704],[-118.59915,37.13676],[-118.60566,37.13876],[-118.60757,37.14037],[-118.61053,37.14083],[-118.61367,37.14275],[-118.62506,37.14006],[-118.6295,37.13698],[-118.63307,37.13852],[-118.63568,37.13879],[-118.64082,37.13698],[-118.64693,37.13992],[-118.65127,37.14014],[-118.65389,37.14106],[-118.65702,37.14738],[-118.66089,37.14822],[-118.66102,37.15062],[-118.66714,37.15422],[-118.66674,37.16138],[-118.67279,37.16792],[-118.6672,37.17239],[-118.66719,37.17486],[-118.66443,37.17791],[-118.66687,37.18353],[-118.66563,37.18654],[-118.66612,37.19002],[-118.66986,37.19171],[-118.67064,37.19397],[-118.67157,37.19466],[-118.67274,37.19434],[-118.67395,37.19705],[-118.68062,37.20445],[-118.67965,37.20795],[-118.67625,37.21322],[-118.67855,37.21425],[-118.67841,37.21942],[-118.679,37.22034],[-118.68102,37.22316],[-118.68378,37.22402],[-118.68596,37.22799],[-118.68244,37.23344],[-118.68224,37.23481],[-118.6841,37.23899],[-118.68102,37.24017],[-118.67429,37.23649],[-118.66579,37.23644],[-118.6653,37.23555],[-118.66373,37.23555],[-118.66138,37.23381],[-118.65254,37.23193],[-118.65188,37.23108],[-118.64907,37.23367],[-118.64452,37.23197],[-118.64343,37.22973],[-118.64091,37.22993],[-118.63548,37.22874],[-118.63433,37.22775],[-118.63072,37.22755],[-118.62967,37.2267],[-118.62597,37.22828],[-118.61745,37.22933],[-118.61316,37.23133],[-118.60978,37.22949],[-118.60846,37.22748],[-118.60868,37.22144],[-118.6049,37.22192],[-118.60156,37.22478],[-118.59635,37.23339],[-118.59718,37.2347],[-118.59684,37.24243],[-118.58897,37.2482],[-118.58258,37.24994],[-118.58181,37.25088],[-118.57944,37.25751],[-118.57993,37.26468],[-118.57409,37.27512],[-118.55125,37.29364],[-118.54498,37.29688],[-118.52974,37.30289],[-118.53436,37.30177],[-118.53147,37.30328],[-118.52776,37.30757],[-118.5185,37.31493],[-118.51427,37.32327],[-118.51414,37.32565],[-118.51631,37.32753],[-118.52195,37.32727],[-118.52379,37.32795],[-118.52471,37.33022],[-118.52302,37.33197],[-118.50687,37.33948],[-118.4795,37.3421],[-118.4651,37.35326],[-118.45951,37.35851],[-118.45409,37.361],[-118.39554,37.36135]]]},"properties":{"id":"18","code":"A17","name":"Zone X9b Archery Hunt","kind":"archery_hunt","group":"Archery","hunt_type":"BUCK","acreage":474519}},{"type":"Feature","geometry":{"type":"Polygon","coordinates":[[[-116.34053,35.79394],[-116.88333,35.79567],[-117.49317,35.79513],[-117.60025,35.7971],[-117.87347,35.79833],[-117.87605,35.84582],[-117.87598,35.85617],[-117.87712,35.86064],[-117.87836,35.86389],[-117.87948,35.86444],[-117.88047,35.86765],[-117.89258,35.88534],[-117.89958,35.89867],[-117.90731,35.92221],[-117.90807,35.92799],[-117.90525,35.93607],[-117.90913,35.95297],[-117.91147,35.95839],[-117.91868,35.96639],[-117.93149,35.99572],[-117.93961,36.01943],[-117.93915,36.02077],[-117.94804,36.04563],[-117.95673,36.07593],[-117.95918,36.08037],[-117.95913,36.08204],[-117.97161,36.11165],[-117.97748,36.1624],[-117.98073,36.22844],[-118.0067,36.28286],[-118.01792,36.29326],[-118.02707,36.31403],[-118.02718,36.32122],[-118.02126,36.33514],[-118.02064,36.33842],[-118.02349,36.35298],[-118.02412,36.39072],[-118.03226,36.43311],[-118.03472,36.44078],[-118.03498,36.45227],[-118.03684,36.46388],[-118.03195,36.50429],[-118.03269,36.50842],[-118.03515,36.51281],[-118.0438,36.52536],[-118.05154,36.56289],[-118.0577,36.57676],[-118.0577,36.59403],[-118.06485,36.60894],[-118.06718,36.61759],[-118.07312,36.62808],[-118.08074,36.63878],[-118.09464,36.66552],[-118.09598,36.67174],[-118.09709,36.67332],[-118.12397,36.70287],[-118.12858,36.70599],[-118.13117,36.70878],[-118.19126,36.79008],[-118.20752,36.81506],[-118.22276,36.82925],[-118.229,36.83743],[-118.24174,36.89117],[-118.23928,36.96141],[-118.23305,36.99182],[-118.23101,37.02538],[-118.23423,37.05402],[-118.23783,37.05976],[-118.23989,37.06494],[-118.25471,37.11013],[-118.27976,37.14457],[-118.28936,37.15639],[-118.29013,37.17328],[-118.34675,37.23092],[-118.37155,37.27785],[-118.3754,37.29467],[-118.395,37.33238],[-118.39554,37.39221],[-118.39353,37.39537],[-118.38862,37.39763],[-118.36048,37.39784],[-118.35368,37.39915],[-118.3507,37.4016],[-118.3501,37.4035],[-118.34987,37.41929],[-118.34984,37.46356],[-118.39294,37.61134],[-118.40304,37.66955],[-118.45645,37.75697],[-118.46095,37.76786],[-118.46921,37.79695],[-118.47684,37.81847],[-118.47852,37.82957],[-118.47867,37.83936],[-118.46965,37.87198],[-118.46648,37.87682],[-118.44069,37.89707],[-118.43561,37.9022],[-117.88068,37.50038],[-117.78553,37.4297],[-117.5298,37.24252],[-117.47622,37.20124],[-117.4491,37.1821],[-117.25874,37.04081],[-117.00389,36.84992],[-116.69736,36.61863],[-116.42214,36.4083],[-116.42279,36.32807],[-116.414,36.30071],[-116.41666,36.29828],[-116.43437,36.26624],[-116.42275,36.23625],[-116.39583,36.21094],[-116.38184,36.20894],[-116.37871,36.20656],[-116.37589,36.20141],[-116.37065,36.19626],[-116.36621,36.19322],[-116.36254,36.19136],[-116.35657,36.18969],[-116.34683,36.18951],[-116.33951,36.18727],[-116.33366,36.18244],[-116.31993,36.16195],[-116.31719,36.1494],[-116.31524,36.14411],[-116.31101,36.14031],[-116.30203,36.13009],[-116.30158,36.12383],[-116.30226,36.12092],[-116.29995,36.11498],[-116.29814,36.10155],[-116.29501,36.08646],[-116.29473,36.07837],[-116.29772,36.07253],[-116.29868,36.06818],[-116.29592,36.06065],[-116.29417,36.04778],[-116.29451,36.04311],[-116.29229,36.03402],[-116.29387,36.02511],[-116.29395,36.01856],[-116.2857,36.00596],[-116.27761,36.00161],[-116.27378,35.99457],[-116.2733,35.99301],[-116.27381,35.99111],[-116.2708,35.9849],[-116.27027,35.96837],[-116.26698,35.95717],[-116.2697,35.94508],[-116.26594,35.91199],[-116.26504,35.90929],[-116.25939,35.90159],[-116.25798,35.89818],[-116.25706,35.88757],[-116.25737,35.88487],[-116.25839,35.88336],[-116.26886,35.87647],[-116.28208,35.87324],[-116.29368,35.86875],[-116.3013,35.86699],[-116.30668,35.86136],[-116.31368,35.85222],[-116.31728,35.84631],[-116.3211,35.8257],[-116.32347,35.82178],[-116.33204,35.81276],[-116.33825,35.80108],[-116.34053,35.79394]]]},"properties":{"id":"19","code":"A18","name":"Zone X9c Archery Hunt","kind":"archery_hunt","group":"Archery","hunt_type":"BUCK","acreage":5575066}},{"type":"Feature","geometry":{"type":"Polygon","coordinates":[[[-118.02813,36.41153],[-118.02412,36.39072],[-118.02349,36.35298],[-118.02064,36.33842],[-118.02126,36.33514],[-118.02718,36.32122],[-118.02707,36.31403],[-118.01792,36.29326],[-118.0067,36.28286],[-117.98073,36.22844],[-117.97748,36.1624],[-117.97161,36.11165],[-117.95913,36.08204],[-117.95918,36.08037],[-117.95673,36.07593],[-117.94804,36.04563],[-117.93915,36.02077],[-117.93961,36.01943],[-117.93149,35.99572],[-117.91868,35.96639],[-117.91147,35.95839],[-117.90913,35.95297],[-117.90525,35.93607],[-117.90807,35.92799],[-117.90731,35.92221],[-117.89958,35.89867],[-117.89258,35.88534],[-117.88047,35.86765],[-117.87948,35.86444],[-117.87836,35.86389],[-117.87598,35.85617],[-117.87605,35.84582],[-117.87148,35.75342],[-117.86745,35.69477],[-117.86711,35.68094],[-117.88082,35.64448],[-117.90351,35.60152],[-117.91963,35.60271],[-117.92843,35.60612],[-117.94802,35.61788],[-117.95557,35.62454],[-117.99395,35.64812],[-118.008,35.65234],[-118.01419,35.65678],[-118.01562,35.65885],[-118.03189,35.66525],[-118.03483,35.66685],[-118.03534,35.66846],[-118.03705,35.66754],[-118.03781,35.66583],[-118.03919,35.66573],[-118.04311,35.6708],[-118.04378,35.67563],[-118.04596,35.6811],[-118.05407,35.68892],[-118.05723,35.69604],[-118.06402,35.70138],[-118.06918,35.70756],[-118.06898,35.71334],[-118.06952,35.71462],[-118.07218,35.71915],[-118.07729,35.72509],[-118.07844,35.73251],[-118.07745,35.73605],[-118.07846,35.73857],[-118.08172,35.74109],[-118.08194,35.74256],[-118.08573,35.7454],[-118.09943,35.75038],[-118.10567,35.75036],[-118.11259,35.7487],[-118.12792,35.73361],[-118.13444,35.73002],[-118.14631,35.72603],[-118.15376,35.72646],[-118.15853,35.72813],[-118.16395,35.72889],[-118.16774,35.72852],[-118.16909,35.72733],[-118.17385,35.71322],[-118.1837,35.70147],[-118.19097,35.69588],[-118.19697,35.6962],[-118.20755,35.69483],[-118.21387,35.69726],[-118.23368,35.68965],[-118.2352,35.69074],[-118.23126,35.69228],[-118.22911,35.69467],[-118.2219,35.69662],[-118.21698,35.70013],[-118.2151,35.70254],[-118.20756,35.70325],[-118.20529,35.7043],[-118.19831,35.70516],[-118.1969,35.70611],[-118.1969,35.70696],[-118.19435,35.70698],[-118.19245,35.7087],[-118.19241,35.70773],[-118.18908,35.71041],[-118.18655,35.71526],[-118.18361,35.71715],[-118.18361,35.71794],[-118.18104,35.71802],[-118.18099,35.71917],[-118.17889,35.72078],[-118.17868,35.72532],[-118.17448,35.72542],[-118.17464,35.72906],[-118.1735,35.73002],[-118.17408,35.73263],[-118.17174,35.73264],[-118.17337,35.73564],[-118.17787,35.73863],[-118.17733,35.74052],[-118.17789,35.74314],[-118.17949,35.74486],[-118.18097,35.7446],[-118.18276,35.74571],[-118.18449,35.74854],[-118.18724,35.75069],[-118.18797,35.7536],[-118.19539,35.759],[-118.19682,35.76276],[-118.19584,35.76509],[-118.19643,35.76626],[-118.20011,35.76823],[-118.20219,35.76812],[-118.20593,35.77002],[-118.2048,35.77235],[-118.20528,35.77348],[-118.20264,35.77466],[-118.20042,35.77441],[-118.19713,35.7757],[-118.19666,35.77812],[-118.19413,35.78183],[-118.19329,35.78886],[-118.1932,35.79033],[-118.19539,35.7907],[-118.19719,35.80281],[-118.20211,35.80668],[-118.2015,35.80901],[-118.2018,35.81155],[-118.20313,35.81364],[-118.20099,35.81625],[-118.19222,35.81916],[-118.1927,35.82223],[-118.19616,35.82401],[-118.19543,35.82511],[-118.18977,35.82806],[-118.18918,35.82916],[-118.18966,35.8304],[-118.19101,35.83244],[-118.19436,35.83429],[-118.19596,35.83647],[-118.19723,35.83697],[-118.20684,35.83679],[-118.21297,35.8347],[-118.21669,35.83495],[-118.21722,35.8396],[-118.21672,35.8407],[-118.21753,35.84173],[-118.21641,35.84416],[-118.21281,35.84613],[-118.20806,35.84581],[-118.20609,35.84863],[-118.20513,35.8522],[-118.20238,35.85495],[-118.20106,35.85756],[-118.20063,35.86294],[-118.20159,35.86358],[-118.2021,35.86754],[-118.20168,35.86994],[-118.1963,35.87587],[-118.19608,35.87832],[-118.19374,35.8797],[-118.19366,35.8848],[-118.19039,35.88805],[-118.18887,35.89252],[-118.18783,35.89328],[-118.18707,35.89525],[-118.18842,35.89655],[-118.19042,35.89639],[-118.19155,35.89737],[-118.19129,35.89889],[-118.18564,35.90456],[-118.18499,35.90599],[-118.17936,35.90667],[-118.17765,35.91006],[-118.17171,35.90992],[-118.16962,35.91111],[-118.16729,35.91329],[-118.16537,35.91686],[-118.16506,35.91782],[-118.16813,35.92034],[-118.16833,35.92162],[-118.16731,35.93002],[-118.16579,35.93257],[-118.16354,35.93261],[-118.16233,35.93337],[-118.16345,35.93747],[-118.16235,35.93998],[-118.1626,35.94108],[-118.16649,35.94095],[-118.16888,35.94358],[-118.16587,35.94447],[-118.16731,35.94839],[-118.16888,35.94972],[-118.16747,35.95194],[-118.16074,35.95555],[-118.16077,35.95686],[-118.16257,35.9589],[-118.16229,35.96032],[-118.15992,35.96295],[-118.16001,35.96506],[-118.15809,35.96686],[-118.15984,35.97044],[-118.15941,35.9719],[-118.15507,35.97689],[-118.15524,35.97955],[-118.15347,35.98161],[-118.15552,35.98372],[-118.1529,35.98452],[-118.15248,35.98598],[-118.15082,35.98667],[-118.14921,35.98546],[-118.14746,35.98591],[-118.1469,35.98715],[-118.14825,35.98987],[-118.15036,35.991],[-118.15095,35.99494],[-118.14985,35.99633],[-118.1473,35.99724],[-118.14444,35.99601],[-118.14403,36.00004],[-118.146,36.00264],[-118.14423,36.00356],[-118.14356,36.00492],[-118.14031,36.00577],[-118.13816,36.00731],[-118.13773,36.01197],[-118.13626,36.01403],[-118.13477,36.01454],[-118.13282,36.0139],[-118.13181,36.01503],[-118.1329,36.01625],[-118.1348,36.01681],[-118.13422,36.01877],[-118.13458,36.02205],[-118.13594,36.02264],[-118.13765,36.02138],[-118.13953,36.02139],[-118.14026,36.02274],[-118.14002,36.02441],[-118.1441,36.02801],[-118.1466,36.02858],[-118.14934,36.03042],[-118.15335,36.02966],[-118.15442,36.02827],[-118.1573,36.02753],[-118.15818,36.02819],[-118.15944,36.03263],[-118.16478,36.03119],[-118.17189,36.03085],[-118.17666,36.02969],[-118.18173,36.03216],[-118.18704,36.03189],[-118.1893,36.0335],[-118.19287,36.0339],[-118.19941,36.03611],[-118.20055,36.04034],[-118.2038,36.04185],[-118.20431,36.0429],[-118.20287,36.0456],[-118.19947,36.04868],[-118.19945,36.04962],[-118.20021,36.05086],[-118.20573,36.05311],[-118.20893,36.05631],[-118.20887,36.05831],[-118.20957,36.0594],[-118.21631,36.06398],[-118.21825,36.06383],[-118.21957,36.06174],[-118.2209,36.06113],[-118.21992,36.05631],[-118.22133,36.05601],[-118.22647,36.0571],[-118.22831,36.05602],[-118.24034,36.06422],[-118.24178,36.0673],[-118.24418,36.06844],[-118.24494,36.0735],[-118.24669,36.07718],[-118.25229,36.08303],[-118.25338,36.08705],[-118.25802,36.08993],[-118.26143,36.09096],[-118.26373,36.09273],[-118.26584,36.09604],[-118.2638,36.10163],[-118.2671,36.10799],[-118.26521,36.10913],[-118.26543,36.11227],[-118.26378,36.1174],[-118.26389,36.12141],[-118.26349,36.1222],[-118.26221,36.12216],[-118.25771,36.11894],[-118.25602,36.11951],[-118.25774,36.12453],[-118.26119,36.12624],[-118.26207,36.12756],[-118.25939,36.12908],[-118.25931,36.133],[-118.26627,36.13472],[-118.26647,36.13719],[-118.26796,36.1392],[-118.26898,36.13927],[-118.27002,36.14174],[-118.2705,36.1466],[-118.2734,36.14886],[-118.27465,36.15184],[-118.27458,36.15386],[-118.26766,36.15275],[-118.26588,36.15362],[-118.26616,36.15466],[-118.26859,36.15522],[-118.26936,36.15619],[-118.2669,36.15913],[-118.26742,36.16206],[-118.26628,36.16412],[-118.26663,36.16684],[-118.26991,36.17003],[-118.27066,36.1719],[-118.2682,36.17827],[-118.27129,36.17931],[-118.2718,36.17853],[-118.27502,36.1777],[-118.27814,36.17849],[-118.2792,36.18036],[-118.28598,36.18486],[-118.28754,36.18857],[-118.2875,36.19109],[-118.28888,36.19197],[-118.2922,36.19153],[-118.29511,36.1872],[-118.3023,36.18913],[-118.30676,36.19309],[-118.30993,36.19388],[-118.31135,36.201],[-118.30922,36.20853],[-118.31502,36.21296],[-118.32037,36.21291],[-118.32481,36.2144],[-118.32749,36.21454],[-118.33273,36.21722],[-118.33815,36.21768],[-118.3442,36.22135],[-118.3527,36.22102],[-118.3541,36.22151],[-118.35717,36.22406],[-118.35802,36.22704],[-118.36004,36.22906],[-118.3614,36.22887],[-118.36612,36.23279],[-118.37036,36.23503],[-118.37082,36.2365],[-118.37694,36.23705],[-118.37804,36.23783],[-118.3792,36.24148],[-118.3875,36.24118],[-118.39888,36.24426],[-118.40094,36.24577],[-118.40129,36.24876],[-118.40282,36.25098],[-118.39975,36.25727],[-118.40153,36.2589],[-118.40123,36.26159],[-118.40541,36.26563],[-118.40574,36.26677],[-118.40485,36.27101],[-118.40662,36.27518],[-118.40697,36.27869],[-118.40625,36.28669],[-118.40711,36.2894],[-118.40644,36.29059],[-118.40481,36.30339],[-118.40205,36.30586],[-118.40092,36.30898],[-118.40099,36.31241],[-118.40231,36.31726],[-118.40523,36.31953],[-118.40659,36.32325],[-118.40371,36.33226],[-118.40462,36.33599],[-118.40687,36.3379],[-118.40706,36.33892],[-118.40556,36.34074],[-118.40503,36.34285],[-118.40681,36.34566],[-118.40646,36.34882],[-118.39987,36.35593],[-118.39512,36.35669],[-118.39485,36.35788],[-118.38449,36.36499],[-118.38021,36.37062],[-118.3804,36.37758],[-118.37917,36.3824],[-118.37836,36.38373],[-118.37576,36.38415],[-118.37342,36.38627],[-118.3742,36.38798],[-118.37394,36.39142],[-118.37469,36.39229],[-118.37427,36.39699],[-118.3751,36.40179],[-118.36929,36.40796],[-118.36893,36.40954],[-118.37006,36.41272],[-118.3692,36.41492],[-118.37004,36.41753],[-118.36935,36.42001],[-118.366,36.42259],[-118.36612,36.42659],[-118.36317,36.43337],[-118.36296,36.43529],[-118.35859,36.43453],[-118.35533,36.43833],[-118.35493,36.44099],[-118.34806,36.44374],[-118.34538,36.44405],[-118.34231,36.44324],[-118.33804,36.44484],[-118.33368,36.44429],[-118.33244,36.44535],[-118.33211,36.44668],[-118.32904,36.44916],[-118.3273,36.45259],[-118.32337,36.45359],[-118.32047,36.45186],[-118.31722,36.4527],[-118.31492,36.45177],[-118.31195,36.45279],[-118.30948,36.45241],[-118.29989,36.45442],[-118.29896,36.45509],[-118.29906,36.45722],[-118.29768,36.45878],[-118.28705,36.46309],[-118.28596,36.46495],[-118.28486,36.46545],[-118.28295,36.46363],[-118.27499,36.46843],[-118.26782,36.46839],[-118.2626,36.47278],[-118.25595,36.47464],[-118.25442,36.47783],[-118.25002,36.48243],[-118.2483,36.4809],[-118.24106,36.47737],[-118.23842,36.47692],[-118.23621,36.47128],[-118.23293,36.46922],[-118.23293,36.46605],[-118.22979,36.46412],[-118.22341,36.46345],[-118.22186,36.46105],[-118.22185,36.45982],[-118.21592,36.45617],[-118.21556,36.45346],[-118.21442,36.45442],[-118.21034,36.453],[-118.20731,36.45307],[-118.20351,36.45474],[-118.20181,36.4547],[-118.19501,36.45245],[-118.18551,36.452],[-118.17347,36.44696],[-118.16741,36.44728],[-118.16412,36.44957],[-118.16063,36.45078],[-118.16125,36.45335],[-118.16437,36.45843],[-118.16416,36.4593],[-118.15637,36.45978],[-118.15337,36.46145],[-118.15145,36.46147],[-118.14975,36.46297],[-118.14271,36.46423],[-118.13764,36.46356],[-118.1322,36.46176],[-118.12635,36.46128],[-118.12411,36.45984],[-118.12175,36.45945],[-118.11677,36.46324],[-118.11464,36.46317],[-118.10942,36.45979],[-118.10808,36.45746],[-118.10446,36.4574],[-118.09558,36.45371],[-118.09749,36.45049],[-118.09488,36.44843],[-118.09471,36.44733],[-118.09633,36.44578],[-118.09615,36.44503],[-118.09043,36.4443],[-118.09022,36.44265],[-118.08857,36.44131],[-118.0806,36.43966],[-118.07726,36.4376],[-118.07464,36.43467],[-118.07209,36.43354],[-118.06661,36.43272],[-118.06709,36.43004],[-118.06601,36.42974],[-118.06478,36.43123],[-118.06353,36.43143],[-118.0617,36.42974],[-118.05981,36.42622],[-118.05783,36.42553],[-118.05587,36.42616],[-118.0522,36.42575],[-118.05092,36.4248],[-118.05022,36.42286],[-118.04508,36.41861],[-118.03998,36.41723],[-118.03244,36.41277],[-118.02813,36.41153]]]},"properties":{"id":"20","code":"A19","name":"Zone X10 Archery Hunt","kind":"archery_hunt","group":"Archery","hunt_type":"BUCK","acreage":604944}},{"type":"Feature","geometry":{"type":"Polygon","coordinates":[[[-118.79743,38.16068],[-119.12597,38.05432],[-119.16055,38.04546],[-119.16511,38.05294],[-119.16986,38.06892],[-119.16908,38.07121],[-119.16731,38.07283],[-119.16606,38.07629],[-119.15917,38.08084],[-119.15854,38.0817],[-119.15877,38.08356],[-119.16195,38.08477],[-119.16597,38.08347],[-119.17127,38.07695],[-119.17385,38.07493],[-119.17683,38.07446],[-119.1779,38.07494],[-119.17883,38.07663],[-119.17851,38.08365],[-119.18213,38.08768],[-119.18537,38.08663],[-119.18838,38.08811],[-119.18983,38.08782],[-119.19284,38.08519],[-119.19365,38.08592],[-119.19414,38.0886],[-119.19672,38.08946],[-119.19843,38.08864],[-119.1997,38.08296],[-119.20404,38.07731],[-119.20558,38.07628],[-119.21794,38.072],[-119.22095,38.07033],[-119.2333,38.06712],[-119.23461,38.06641],[-119.23602,38.06335],[-119.2412,38.06133],[-119.24192,38.05918],[-119.24398,38.05682],[-119.24797,38.056],[-119.25297,38.05208],[-119.25812,38.04959],[-119.26372,38.04993],[-119.26981,38.05269],[-119.27151,38.05197],[-119.27302,38.05236],[-119.27434,38.05157],[-119.27426,38.04951],[-119.27554,38.04917],[-119.27689,38.04982],[-119.27958,38.04861],[-119.28095,38.04896],[-119.28363,38.04799],[-119.285,38.04637],[-119.28692,38.04597],[-119.28712,38.04503],[-119.29071,38.04471],[-119.29239,38.04297],[-119.29307,38.04363],[-119.29377,38.04179],[-119.29534,38.04173],[-119.29556,38.04093],[-119.29833,38.04246],[-119.29902,38.04356],[-119.29995,38.04304],[-119.30126,38.04465],[-119.30351,38.0454],[-119.30411,38.04797],[-119.30361,38.04851],[-119.30441,38.04973],[-119.30723,38.04985],[-119.31096,38.05316],[-119.31378,38.05418],[-119.32191,38.05246],[-119.3226,38.05597],[-119.32223,38.05776],[-119.32326,38.05946],[-119.32448,38.06004],[-119.32562,38.06448],[-119.32931,38.06626],[-119.33435,38.0653],[-119.33618,38.06625],[-119.33777,38.06916],[-119.33737,38.07252],[-119.33905,38.07308],[-119.3428,38.07666],[-119.34634,38.08198],[-119.34626,38.0833],[-119.34833,38.08475],[-119.34897,38.08637],[-119.34969,38.08529],[-119.35333,38.08499],[-119.35438,38.08291],[-119.35818,38.08201],[-119.36161,38.08763],[-119.36449,38.08957],[-119.36514,38.09077],[-119.36784,38.09003],[-119.37012,38.08812],[-119.37158,38.08842],[-119.37402,38.09043],[-119.37601,38.09418],[-119.37963,38.09386],[-119.38174,38.09284],[-119.38491,38.09791],[-119.38643,38.09851],[-119.38815,38.09794],[-119.38924,38.09857],[-119.39505,38.10469],[-119.39846,38.10681],[-119.40051,38.10542],[-119.40316,38.10568],[-119.40481,38.1066],[-119.40798,38.10653],[-119.41243,38.10796],[-119.41507,38.10803],[-119.41819,38.1068],[-119.42102,38.10775],[-119.42385,38.11018],[-119.42535,38.11003],[-119.42519,38.11199],[-119.42673,38.11373],[-119.42822,38.11722],[-119.42982,38.11797],[-119.43003,38.11618],[-119.43284,38.1106],[-119.43389,38.11059],[-119.43443,38.10891],[-119.43601,38.10733],[-119.44215,38.10465],[-119.4424,38.10126],[-119.4406,38.09678],[-119.44128,38.09553],[-119.44439,38.09479],[-119.44658,38.09309],[-119.44743,38.09368],[-119.44802,38.09819],[-119.45074,38.09976],[-119.45204,38.09937],[-119.45442,38.09659],[-119.46066,38.09655],[-119.46382,38.0986],[-119.46607,38.10196],[-119.46219,38.10646],[-119.45905,38.10799],[-119.4629,38.10961],[-119.46587,38.11336],[-119.47316,38.11798],[-119.46883,38.12766],[-119.48027,38.12987],[-119.4818,38.13115],[-119.48816,38.13248],[-119.48806,38.13998],[-119.48961,38.14451],[-119.49537,38.1473],[-119.49722,38.14951],[-119.4956,38.15409],[-119.49619,38.15681],[-119.49837,38.15703],[-119.50065,38.15882],[-119.5034,38.15922],[-119.50563,38.15668],[-119.50497,38.15448],[-119.50824,38.1525],[-119.50722,38.15122],[-119.50592,38.15091],[-119.50567,38.14443],[-119.50457,38.14084],[-119.50669,38.13752],[-119.50781,38.13693],[-119.51199,38.13789],[-119.51521,38.1373],[-119.51657,38.13892],[-119.52449,38.14071],[-119.5295,38.14399],[-119.5326,38.14472],[-119.54193,38.14434],[-119.54308,38.14488],[-119.54497,38.1436],[-119.54687,38.1437],[-119.54815,38.14608],[-119.54788,38.14838],[-119.54586,38.15182],[-119.54614,38.1534],[-119.54706,38.15425],[-119.55395,38.15418],[-119.55811,38.15509],[-119.5596,38.15425],[-119.56174,38.15464],[-119.56446,38.1539],[-119.56642,38.15678],[-119.5771,38.15766],[-119.5782,38.16315],[-119.57972,38.16458],[-119.58182,38.16931],[-119.58086,38.1704],[-119.58219,38.17125],[-119.58006,38.1725],[-119.57986,38.17662],[-119.58074,38.17746],[-119.58133,38.1799],[-119.58689,38.18509],[-119.58888,38.18521],[-119.58926,38.18637],[-119.59584,38.18319],[-119.59942,38.18357],[-119.60098,38.18536],[-119.60423,38.1865],[-119.60547,38.18799],[-119.6094,38.18879],[-119.61291,38.1906],[-119.62157,38.19175],[-119.62492,38.19423],[-119.62925,38.19614],[-119.6294,38.19839],[-119.63154,38.20247],[-119.63077,38.20436],[-119.62688,38.20471],[-119.62519,38.20648],[-119.62493,38.20984],[-119.62683,38.21171],[-119.62631,38.21422],[-119.62479,38.21503],[-119.62433,38.21637],[-119.62531,38.2185],[-119.62732,38.22034],[-119.62526,38.22101],[-119.6256,38.22265],[-119.62439,38.22548],[-119.62542,38.22752],[-119.62527,38.22875],[-119.62255,38.22879],[-119.61986,38.22976],[-119.6151,38.233],[-119.60736,38.23333],[-119.60514,38.23444],[-119.60485,38.23588],[-119.60582,38.23887],[-119.61585,38.24354],[-119.61857,38.24917],[-119.62178,38.2525],[-119.62057,38.25473],[-119.61555,38.25814],[-119.61293,38.25897],[-119.61333,38.2617],[-119.62327,38.26603],[-119.62663,38.26817],[-119.62974,38.26875],[-119.63207,38.27308],[-119.63579,38.2754],[-119.63744,38.27836],[-119.64192,38.2782],[-119.64376,38.27906],[-119.65131,38.28642],[-119.64949,38.28878],[-119.644,38.29135],[-119.64248,38.29384],[-119.64422,38.30004],[-119.64314,38.30476],[-119.64192,38.30633],[-119.64282,38.31055],[-119.64222,38.31473],[-119.64287,38.31625],[-119.64512,38.31747],[-119.64502,38.32077],[-119.64269,38.32418],[-119.64001,38.32555],[-119.63919,38.32714],[-119.63496,38.32939],[-119.63456,38.33139],[-119.63175,38.33506],[-119.63172,38.33967],[-119.63251,38.34103],[-119.63174,38.34457],[-119.62787,38.34819],[-119.62889,38.35029],[-119.63098,38.35164],[-119.63374,38.35226],[-119.63551,38.35391],[-119.63166,38.35515],[-119.62775,38.35893],[-119.61725,38.36472],[-119.61421,38.36584],[-119.6068,38.3668],[-119.60686,38.36799],[-119.60882,38.36894],[-119.61033,38.37207],[-119.61405,38.37534],[-119.61503,38.37783],[-119.61459,38.38002],[-119.61854,38.38163],[-119.61888,38.38643],[-119.62043,38.38823],[-119.62056,38.39122],[-119.62196,38.39407],[-119.61611,38.3989],[-119.61163,38.39916],[-119.60991,38.40034],[-119.60426,38.40208],[-119.60197,38.40565],[-119.59797,38.40371],[-119.59592,38.40092],[-119.59176,38.39865],[-119.58369,38.39662],[-119.58333,38.39898],[-119.58166,38.40018],[-119.56829,38.40461],[-119.56242,38.40948],[-119.56141,38.42037],[-119.56587,38.42231],[-119.56678,38.42452],[-119.56596,38.42749],[-119.56816,38.42939],[-119.56874,38.4339],[-119.57016,38.43477],[-119.56352,38.4378],[-119.56164,38.43987],[-119.56141,38.44266],[-119.55635,38.44732],[-119.55713,38.45003],[-119.55717,38.45514],[-119.55787,38.45663],[-119.55742,38.45745],[-119.55866,38.45757],[-119.55892,38.46026],[-119.55799,38.46599],[-119.5562,38.47003],[-119.54654,38.47364],[-119.54505,38.47769],[-119.54345,38.47839],[-119.54228,38.48105],[-119.5432,38.48404],[-119.54477,38.48616],[-119.54548,38.49005],[-119.54374,38.49335],[-119.54419,38.49687],[-119.54289,38.49832],[-119.5428,38.49966],[-119.54741,38.49951],[-119.55093,38.50127],[-119.55614,38.50163],[-119.5589,38.50516],[-119.55784,38.50578],[-119.55806,38.50974],[-119.55603,38.51346],[-119.55577,38.51529],[-119.55923,38.51945],[-119.55914,38.52174],[-119.56053,38.52545],[-119.56336,38.52659],[-119.56635,38.52588],[-119.56643,38.53025],[-119.56728,38.53198],[-119.56789,38.53734],[-119.56958,38.53886],[-119.57036,38.54152],[-119.57244,38.54171],[-119.57451,38.54058],[-119.57468,38.5426],[-119.57727,38.54601],[-119.58369,38.5521],[-119.58489,38.55587],[-119.58718,38.55929],[-119.58623,38.56349],[-119.58656,38.56598],[-119.58763,38.56739],[-119.58938,38.5676],[-119.58994,38.57056],[-119.58926,38.57401],[-119.59228,38.5792],[-119.59591,38.58207],[-119.59484,38.58624],[-119.59551,38.59013],[-119.5994,38.59343],[-119.60871,38.59513],[-119.61105,38.599],[-119.61463,38.60235],[-119.61899,38.60414],[-119.61869,38.60696],[-119.62102,38.61284],[-119.61822,38.61975],[-119.61973,38.62368],[-119.6164,38.62595],[-119.61697,38.62728],[-119.61627,38.62992],[-119.61836,38.63199],[-119.61516,38.63429],[-119.61475,38.63841],[-119.6169,38.6448],[-119.6161,38.64566],[-119.61575,38.64907],[-119.6137,38.6501],[-119.61393,38.65218],[-119.61241,38.6567],[-119.61345,38.65916],[-119.61294,38.66319],[-119.61452,38.66582],[-119.60768,38.66571],[-119.60279,38.66957],[-119.5996,38.66991],[-119.59803,38.67206],[-119.59768,38.67452],[-119.59602,38.67605],[-119.59608,38.67783],[-119.59396,38.67855],[-119.5931,38.67978],[-119.59425,38.69068],[-119.58937,38.69716],[-119.58675,38.70345],[-119.58175,38.70509],[-119.58709,38.71452],[-119.58204,38.71169],[-119.58111,38.71038],[-119.11732,38.38723],[-118.79743,38.16068]]]},"properties":{"id":"21","code":"A20","name":"Zone X12 Archery Hunt","kind":"archery_hunt","group":"Archery","hunt_type":"BUCK","acreage":659890}},{"type":"Feature","geometry":{"type":"Polygon","coordinates":[[[-119.77646,37.74008],[-119.77659,37.71041],[-119.75812,37.71009],[-119.75798,37.704],[-119.73776,37.7036],[-119.73773,37.69718],[-119.76473,37.69769],[-119.7646,37.70168],[-119.76952,37.70179],[-119.76965,37.69814],[-119.76708,37.69808],[-119.76713,37.69648],[-119.76578,37.69645],[-119.76602,37.68971],[-119.76268,37.689],[-119.76274,37.68716],[-119.7599,37.6871],[-119.76018,37.67917],[-119.76272,37.67938],[-119.76985,37.67737],[-119.76999,37.67978],[-119.7793,37.68004],[-119.77916,37.67836],[-119.78344,37.67853],[-119.78336,37.67677],[-119.80664,37.67734],[-119.8065,37.68059],[-119.81129,37.68072],[-119.81144,37.67234],[-119.81633,37.67244],[-119.81635,37.67078],[-119.81796,37.6708],[-119.81804,37.66907],[-119.82342,37.66942],[-119.82806,37.67059],[-119.8334,37.67388],[-119.83624,37.66968],[-119.8412,37.66614],[-119.84222,37.66304],[-119.84407,37.66178],[-119.84991,37.66141],[-119.85533,37.65959],[-119.85896,37.65934],[-119.8621,37.65998],[-119.86553,37.66299],[-119.86904,37.66392],[-119.87138,37.66255],[-119.8745,37.66238],[-119.87556,37.65993],[-119.87855,37.6589],[-119.88121,37.65649],[-119.88656,37.65515],[-119.88951,37.65358],[-119.89252,37.65433],[-119.89337,37.65679],[-119.89745,37.65498],[-119.9006,37.65604],[-119.90092,37.66841],[-119.90174,37.6693],[-119.90731,37.66927],[-119.90916,37.6713],[-119.91041,37.6716],[-119.91866,37.66813],[-119.92362,37.66759],[-119.92476,37.66554],[-119.91784,37.66076],[-119.91503,37.65398],[-119.91576,37.6511],[-119.92,37.64734],[-119.92189,37.64422],[-119.9255,37.64223],[-119.92675,37.63977],[-119.93163,37.63815],[-119.93676,37.63198],[-119.94005,37.63096],[-119.944,37.63156],[-119.94594,37.63058],[-119.94901,37.62659],[-119.95445,37.62266],[-119.95712,37.61779],[-119.95764,37.61232],[-119.96326,37.6083],[-119.96607,37.60464],[-119.96817,37.60447],[-119.96742,37.60581],[-119.9709,37.60518],[-119.9686,37.60634],[-119.97263,37.60548],[-119.97004,37.60671],[-119.97446,37.60587],[-119.96999,37.60879],[-119.97027,37.61029],[-119.96881,37.61024],[-119.96782,37.61121],[-119.96658,37.61072],[-119.96771,37.61152],[-119.96925,37.61074],[-119.97256,37.61149],[-119.97197,37.61025],[-119.97246,37.60945],[-119.97964,37.6098],[-119.97951,37.61184],[-119.97696,37.61304],[-119.97648,37.61464],[-119.9746,37.61562],[-119.97695,37.61735],[-119.97739,37.61848],[-119.97615,37.62038],[-119.97697,37.62147],[-119.97723,37.62392],[-119.979,37.62497],[-119.98062,37.62379],[-119.98477,37.62535],[-119.98953,37.62963],[-119.99086,37.63279],[-119.98731,37.63961],[-119.98563,37.64081],[-119.98388,37.64082],[-119.97945,37.6431],[-119.97678,37.64364],[-119.9737,37.64742],[-119.96908,37.64916],[-119.9671,37.65044],[-119.96665,37.65174],[-119.96228,37.65231],[-119.9588,37.65588],[-119.95697,37.65954],[-119.95352,37.66232],[-119.95448,37.66331],[-119.95437,37.66448],[-119.95133,37.66703],[-119.95082,37.66978],[-119.95272,37.67199],[-119.95285,37.6736],[-119.95475,37.6744],[-119.95417,37.67542],[-119.95724,37.67889],[-119.95775,37.68044],[-119.96093,37.68374],[-119.9624,37.68416],[-119.96343,37.6886],[-119.96806,37.69139],[-119.97369,37.6914],[-119.98088,37.69331],[-119.98219,37.69846],[-119.98199,37.70279],[-119.9839,37.70561],[-119.98142,37.70732],[-119.98388,37.70984],[-119.98612,37.71086],[-119.98753,37.71389],[-119.99008,37.71654],[-119.99059,37.71576],[-119.99127,37.71595],[-119.99208,37.71776],[-120.00637,37.73206],[-120.01302,37.73607],[-120.01467,37.73556],[-120.01493,37.73638],[-120.01675,37.73644],[-120.0192,37.73907],[-120.02277,37.73982],[-120.02628,37.74229],[-120.02903,37.74227],[-120.03246,37.74368],[-120.03302,37.74458],[-120.03804,37.74725],[-120.04005,37.74968],[-120.05126,37.75226],[-120.05553,37.75395],[-120.06128,37.75323],[-120.06508,37.75433],[-120.06765,37.75412],[-120.06979,37.75545],[-120.07095,37.75484],[-120.0768,37.75543],[-120.08055,37.75705],[-120.09315,37.75476],[-120.09387,37.75322],[-120.09573,37.75182],[-120.10578,37.75388],[-120.10402,37.75368],[-120.10355,37.75484],[-120.09937,37.75452],[-120.09951,37.75605],[-120.10556,37.7573],[-120.1057,37.75869],[-120.10749,37.76013],[-120.10694,37.76181],[-120.10902,37.7643],[-120.10636,37.76707],[-120.10614,37.76859],[-120.10352,37.77009],[-120.10325,37.774],[-120.10655,37.77801],[-120.11227,37.78179],[-120.11243,37.7825],[-120.11103,37.78404],[-120.11135,37.78494],[-120.11613,37.78777],[-120.12339,37.79473],[-120.12387,37.79697],[-120.12083,37.80012],[-120.12209,37.80327],[-120.12122,37.80807],[-120.12274,37.81135],[-120.12221,37.813],[-120.11787,37.81373],[-120.11083,37.81621],[-120.09874,37.82404],[-120.09278,37.82555],[-120.09034,37.82475],[-120.08905,37.82171],[-120.08721,37.82051],[-120.07597,37.81944],[-120.07109,37.81478],[-120.06646,37.81382],[-120.05051,37.81974],[-120.0459,37.81968],[-120.03838,37.82188],[-120.03256,37.82088],[-120.02951,37.82114],[-120.02631,37.82254],[-120.02294,37.82287],[-120.02039,37.82508],[-120.01889,37.8248],[-120.01632,37.82256],[-120.01,37.8248],[-120.00585,37.82431],[-120.00365,37.82249],[-120.0002,37.82307],[-119.99587,37.8211],[-119.99312,37.82349],[-119.98793,37.82406],[-119.98437,37.82887],[-119.98297,37.8294],[-119.97925,37.82777],[-119.97464,37.82703],[-119.96662,37.82271],[-119.95901,37.82157],[-119.95556,37.81847],[-119.95194,37.81884],[-119.94877,37.81575],[-119.93861,37.81635],[-119.93338,37.81515],[-119.9314,37.81644],[-119.92861,37.81635],[-119.92197,37.81843],[-119.92024,37.82037],[-119.91602,37.82232],[-119.91446,37.82159],[-119.91372,37.81939],[-119.91093,37.81759],[-119.90953,37.81508],[-119.90602,37.81413],[-119.90423,37.81188],[-119.902,37.81089],[-119.90023,37.81129],[-119.89968,37.81333],[-119.89842,37.81412],[-119.89366,37.81323],[-119.88181,37.81352],[-119.87659,37.81597],[-119.8752,37.81516],[-119.87455,37.81196],[-119.87232,37.81021],[-119.87313,37.81019],[-119.87356,37.79799],[-119.87079,37.79798],[-119.87103,37.78326],[-119.86172,37.78327],[-119.86178,37.76848],[-119.8588,37.7641],[-119.85663,37.76296],[-119.85344,37.7585],[-119.85186,37.75771],[-119.84955,37.75814],[-119.85009,37.74133],[-119.83517,37.74057],[-119.77646,37.74008]]]},"properties":{"id":"22","code":"A21","name":"Anderson Flat Archery Buck Hunt","kind":"archery_hunt","group":"Archery","hunt_type":"BUCK","acreage":88582}},{"type":"Feature","geometry":{"type":"Polygon","coordinates":[[[-116.10628,32.61852],[-116.2092,32.61076],[-116.62136,32.577],[-117.12392,32.53429],[-117.12506,32.54506],[-117.12731,32.5529],[-117.13076,32.55839],[-117.13297,32.56664],[-117.13264,32.59363],[-117.13411,32.6071],[-117.13604,32.61579],[-117.14233,32.63332],[-117.14901,32.64587],[-117.15607,32.65715],[-117.16121,32.66413],[-117.16803,32.67084],[-117.17799,32.67847],[-117.17982,32.67858],[-117.18005,32.67958],[-117.1872,32.68389],[-117.19808,32.68723],[-117.20975,32.68736],[-117.21696,32.68637],[-117.22323,32.68353],[-117.22642,32.68734],[-117.2277,32.6935],[-117.2271,32.69769],[-117.22523,32.70239],[-117.21732,32.70993],[-117.21402,32.71181],[-117.20301,32.7144],[-117.19496,32.71452],[-117.19131,32.71333],[-117.18981,32.71248],[-117.19038,32.70661],[-117.18095,32.70361],[-117.18053,32.70267],[-117.17849,32.70164],[-117.16659,32.69763],[-117.16418,32.69344],[-117.1644,32.68835],[-117.16361,32.68741],[-117.16388,32.68462],[-117.16534,32.68289],[-117.16589,32.68031],[-117.16776,32.67859],[-117.17018,32.67963],[-117.17218,32.68203],[-117.17369,32.68223],[-117.17502,32.68008],[-117.16711,32.67469],[-117.16391,32.6752],[-117.15779,32.6803],[-117.15405,32.67742],[-117.16012,32.67185],[-117.16061,32.66827],[-117.15281,32.65645],[-117.15192,32.65574],[-117.14973,32.65665],[-117.14778,32.65471],[-117.15038,32.65313],[-117.14975,32.65139],[-117.14661,32.65141],[-117.14457,32.65012],[-117.13836,32.63798],[-117.1411,32.637],[-117.14069,32.63569],[-117.13947,32.63521],[-117.13772,32.63124],[-117.13316,32.63282],[-117.13151,32.63161],[-117.13641,32.6301],[-117.13539,32.62783],[-117.13301,32.62784],[-117.13409,32.62643],[-117.1336,32.62521],[-117.1316,32.625],[-117.13079,32.62184],[-117.13258,32.62121],[-117.13296,32.61921],[-117.13044,32.62078],[-117.12892,32.62037],[-117.12824,32.61923],[-117.13253,32.61458],[-117.13272,32.61064],[-117.13042,32.60793],[-117.12262,32.60398],[-117.12206,32.60232],[-117.11667,32.60253],[-117.1157,32.59957],[-117.10915,32.60317],[-117.1044,32.60681],[-117.10117,32.61234],[-117.0974,32.61305],[-117.09843,32.61477],[-117.09765,32.61674],[-117.09787,32.61979],[-117.10231,32.61876],[-117.10261,32.6204],[-117.10015,32.62069],[-117.09995,32.62199],[-117.10155,32.62605],[-117.10559,32.62515],[-117.10846,32.62983],[-117.10437,32.63122],[-117.10878,32.63615],[-117.11391,32.63803],[-117.11504,32.64029],[-117.11404,32.64247],[-117.11521,32.64274],[-117.11605,32.64636],[-117.11061,32.64779],[-117.1095,32.649],[-117.11881,32.64781],[-117.12172,32.65633],[-117.11803,32.65683],[-117.11885,32.66368],[-117.12354,32.66378],[-117.11954,32.66537],[-117.12253,32.66562],[-117.11945,32.66648],[-117.11961,32.66799],[-117.12164,32.6694],[-117.1188,32.67223],[-117.1247,32.67904],[-117.12594,32.67907],[-117.12652,32.68121],[-117.1285,32.68401],[-117.1305,32.68387],[-117.13386,32.68788],[-117.13624,32.68745],[-117.13744,32.68935],[-117.1397,32.69029],[-117.14223,32.68995],[-117.14351,32.69034],[-117.14336,32.69143],[-117.14589,32.6911],[-117.14513,32.6924],[-117.14627,32.69311],[-117.14724,32.69263],[-117.14903,32.69454],[-117.15199,32.6944],[-117.15087,32.69584],[-117.15218,32.69687],[-117.1548,32.69628],[-117.16065,32.70045],[-117.16,32.70212],[-117.16106,32.70262],[-117.16033,32.70347],[-117.167,32.70822],[-117.17155,32.70792],[-117.17347,32.71218],[-117.1757,32.71221],[-117.17431,32.71333],[-117.17594,32.71379],[-117.17659,32.71539],[-117.17361,32.71621],[-117.17656,32.71658],[-117.17669,32.71766],[-117.17352,32.71798],[-117.17363,32.72421],[-117.17583,32.72673],[-117.17878,32.72705],[-117.18073,32.72554],[-117.18475,32.72682],[-117.18459,32.72781],[-117.18599,32.72824],[-117.18757,32.72712],[-117.1954,32.72701],[-117.19482,32.72588],[-117.19196,32.72459],[-117.20683,32.72446],[-117.20996,32.72474],[-117.20676,32.7257],[-117.19922,32.7259],[-117.19857,32.72772],[-117.19993,32.72847],[-117.21305,32.72803],[-117.21338,32.72966],[-117.21576,32.72668],[-117.21708,32.72221],[-117.21847,32.72171],[-117.22356,32.72437],[-117.22638,32.72457],[-117.22741,32.72386],[-117.22768,32.72111],[-117.22563,32.71991],[-117.22879,32.71837],[-117.2312,32.71868],[-117.23432,32.71738],[-117.23597,32.71476],[-117.23445,32.71454],[-117.23697,32.71073],[-117.23635,32.70349],[-117.23924,32.69897],[-117.23981,32.69505],[-117.23926,32.68917],[-117.23731,32.68671],[-117.23496,32.68519],[-117.23841,32.68113],[-117.23628,32.67176],[-117.23729,32.66997],[-117.23743,32.66776],[-117.23893,32.66607],[-117.2424,32.66512],[-117.24473,32.66657],[-117.24476,32.66884],[-117.24551,32.66953],[-117.24528,32.6742],[-117.24662,32.67501],[-117.24677,32.67722],[-117.24809,32.67902],[-117.24833,32.68241],[-117.24993,32.68359],[-117.25039,32.6896],[-117.25305,32.69217],[-117.25277,32.69379],[-117.25399,32.69509],[-117.25394,32.6972],[-117.25552,32.69923],[-117.25537,32.70898],[-117.25643,32.71467],[-117.25557,32.71605],[-117.2573,32.71959],[-117.25697,32.72292],[-117.25796,32.725],[-117.25574,32.7276],[-117.25626,32.72978],[-117.25726,32.73054],[-117.25667,32.73043],[-117.25698,32.73137],[-117.2563,32.73251],[-117.25729,32.73312],[-117.25586,32.73476],[-117.25612,32.73572],[-117.25512,32.73761],[-117.25535,32.74343],[-117.25487,32.74393],[-117.25544,32.74384],[-117.2555,32.74524],[-117.25322,32.74795],[-117.25262,32.75367],[-117.25026,32.75493],[-117.21227,32.75925],[-117.21246,32.76049],[-117.21362,32.76053],[-117.24303,32.7576],[-117.24156,32.76174],[-117.24045,32.75982],[-117.23407,32.76028],[-117.23429,32.76176],[-117.23825,32.76451],[-117.24207,32.76414],[-117.24194,32.76529],[-117.24034,32.76708],[-117.23738,32.76786],[-117.23519,32.76628],[-117.23443,32.76754],[-117.2353,32.76845],[-117.234,32.76951],[-117.2328,32.76921],[-117.23134,32.76646],[-117.22881,32.7666],[-117.22789,32.76763],[-117.21577,32.76505],[-117.21151,32.76594],[-117.20972,32.76745],[-117.20937,32.76926],[-117.20799,32.76997],[-117.2091,32.77077],[-117.21187,32.77868],[-117.21214,32.78145],[-117.21024,32.78668],[-117.21065,32.7902],[-117.20935,32.79288],[-117.20951,32.79538],[-117.21119,32.79699],[-117.21553,32.7965],[-117.21619,32.79522],[-117.21529,32.79458],[-117.21231,32.79483],[-117.21127,32.79431],[-117.21301,32.793],[-117.21686,32.79226],[-117.21928,32.79361],[-117.2199,32.79599],[-117.2266,32.79446],[-117.2298,32.7954],[-117.2298,32.79416],[-117.23119,32.79219],[-117.23037,32.79059],[-117.23259,32.78238],[-117.23395,32.7803],[-117.23636,32.7795],[-117.23766,32.77979],[-117.23907,32.78142],[-117.24053,32.78726],[-117.24206,32.79006],[-117.24421,32.79122],[-117.24988,32.7909],[-117.25186,32.78898],[-117.25211,32.78719],[-117.25086,32.78334],[-117.24992,32.7849],[-117.24854,32.78536],[-117.248,32.78449],[-117.25099,32.77925],[-117.249,32.7789],[-117.25108,32.77722],[-117.24894,32.77248],[-117.24745,32.77239],[-117.2466,32.77312],[-117.2471,32.77516],[-117.24623,32.77585],[-117.24501,32.77484],[-117.2446,32.77319],[-117.24539,32.77118],[-117.24422,32.77046],[-117.24311,32.77079],[-117.24254,32.76973],[-117.24511,32.76584],[-117.24543,32.76408],[-117.24652,32.76444],[-117.24576,32.76817],[-117.24728,32.76966],[-117.24864,32.76985],[-117.24964,32.76373],[-117.24783,32.76074],[-117.24611,32.76196],[-117.24519,32.76038],[-117.25352,32.75874],[-117.25298,32.76744],[-117.25364,32.78021],[-117.25576,32.79175],[-117.25799,32.79851],[-117.25969,32.80197],[-117.26372,32.80702],[-117.2652,32.80797],[-117.26703,32.80767],[-117.26815,32.80825],[-117.27004,32.81151],[-117.27344,32.8149],[-117.27296,32.81677],[-117.27387,32.81819],[-117.27468,32.81875],[-117.27562,32.81827],[-117.28001,32.82112],[-117.2806,32.82214],[-117.27979,32.82684],[-117.2819,32.83229],[-117.2813,32.83465],[-117.28174,32.84052],[-117.2809,32.84283],[-117.27905,32.84416],[-117.27859,32.8475],[-117.27716,32.84765],[-117.27332,32.85112],[-117.27266,32.85024],[-117.26996,32.84996],[-117.26727,32.84849],[-117.2648,32.84858],[-117.26012,32.85277],[-117.25784,32.85584],[-117.25525,32.86106],[-117.25292,32.87071],[-117.25139,32.87325],[-117.25104,32.87643],[-117.2532,32.88564],[-117.2534,32.89596],[-117.25507,32.90541],[-117.2575,32.91243],[-117.25863,32.91396],[-117.2594,32.92598],[-117.26076,32.93391],[-117.26278,32.9424],[-117.26708,32.95364],[-117.2684,32.95915],[-117.27019,32.97473],[-117.27329,32.98224],[-117.27401,32.98904],[-117.2763,32.9979],[-117.27816,32.9999],[-117.27845,33.00578],[-117.27963,33.01111],[-117.29116,33.03314],[-117.29572,33.03697],[-117.29798,33.04685],[-117.3103,33.07648],[-117.31304,33.08609],[-117.31278,33.08783],[-117.31381,33.0883],[-117.3255,33.11661],[-117.32888,33.12278],[-117.33669,33.13183],[-117.33847,33.13696],[-117.34272,33.14406],[-117.34547,33.14613],[-117.36218,33.16883],[-117.38406,33.19357],[-117.36406,33.20438],[-117.36035,33.20827],[-117.35722,33.20901],[-117.35427,33.20848],[-117.35182,33.209],[-117.34994,33.21224],[-117.33287,33.22414],[-117.33091,33.22616],[-117.31787,33.23071],[-117.31411,33.23017],[-117.29982,33.23798],[-117.29275,33.24325],[-117.2864,33.24389],[-117.27816,33.24749],[-117.27571,33.24762],[-117.25639,33.25462],[-117.25238,33.25492],[-117.24466,33.25318],[-117.24095,33.25509],[-117.23642,33.25917],[-117.23613,33.26195],[-117.23691,33.26336],[-117.23533,33.27582],[-117.22857,33.2795],[-117.22522,33.28269],[-117.22468,33.28688],[-117.22542,33.29121],[-117.22024,33.29607],[-117.21927,33.29847],[-117.21556,33.30299],[-117.2106,33.30657],[-117.19816,33.3132],[-117.19674,33.31487],[-117.19513,33.3154],[-117.18779,33.31465],[-117.17729,33.31598],[-117.17472,33.31777],[-117.17121,33.32221],[-117.16698,33.32339],[-117.1601,33.33099],[-117.15973,33.35713],[-117.16033,33.35929],[-117.16364,33.3646],[-117.17418,33.37844],[-117.17533,33.38464],[-117.16906,33.40174],[-117.16147,33.4101],[-117.14872,33.42726],[-117.1439,33.43255],[-117.10438,33.43032],[-117.03088,33.43004],[-117.03092,33.42694],[-116.61765,33.42728],[-116.61798,33.37409],[-116.60549,33.37425],[-116.6057,33.37071],[-116.61802,33.37056],[-116.61804,33.36695],[-116.61428,33.36734],[-116.61386,33.36336],[-116.57344,33.36304],[-116.57261,33.37658],[-116.56686,33.37658],[-116.56638,33.37767],[-116.56511,33.37658],[-116.55826,33.37659],[-116.55915,33.34956],[-116.55868,33.34152],[-116.50143,33.34123],[-116.50103,33.25255],[-116.49978,33.24295],[-116.49133,33.2429],[-116.4915,33.22866],[-116.49573,33.22854],[-116.49545,33.22487],[-116.49123,33.22485],[-116.49112,33.22165],[-116.49559,33.22166],[-116.49535,33.21053],[-116.50384,33.21046],[-116.50405,33.20308],[-116.49973,33.20311],[-116.49988,33.19574],[-116.50826,33.19561],[-116.50869,33.19217],[-116.51292,33.19242],[-116.51248,33.18502],[-116.50823,33.18489],[-116.50824,33.18084],[-116.49531,33.18118],[-116.49499,33.17782],[-116.51218,33.17816],[-116.51265,33.1812],[-116.51718,33.1816],[-116.51655,33.17081],[-116.51427,33.15354],[-116.51395,33.13811],[-116.51222,33.12661],[-116.5041,33.1194],[-116.50328,33.11035],[-116.49564,33.10663],[-116.49527,33.09404],[-116.48494,33.09411],[-116.46702,33.09993],[-116.45944,33.10008],[-116.45099,33.10575],[-116.44914,33.11001],[-116.43459,33.11969],[-116.43453,33.12086],[-116.43573,33.12223],[-116.4359,33.12588],[-116.43405,33.12872],[-116.42686,33.12838],[-116.41085,33.13122],[-116.40508,33.13113],[-116.40246,33.13203],[-116.39587,33.13228],[-116.38879,33.13487],[-116.38277,33.13476],[-116.37463,33.13693],[-116.36447,33.13396],[-116.35334,33.13553],[-116.33215,33.13278],[-116.31377,33.1333],[-116.31091,33.13201],[-116.30144,33.13098],[-116.30024,33.13173],[-116.29939,33.13512],[-116.29318,33.13858],[-116.27493,33.14337],[-116.27191,33.14268],[-116.26913,33.14302],[-116.2591,33.14971],[-116.24964,33.15497],[-116.24621,33.1566],[-116.23831,33.15863],[-116.22358,33.1593],[-116.20094,33.15652],[-116.17798,33.152],[-116.14905,33.14887],[-116.12991,33.14324],[-116.11937,33.14223],[-116.10464,33.13964],[-116.08108,33.13207],[-116.0811,33.0747],[-116.10328,33.07464],[-116.10301,32.97607],[-116.10374,32.88898],[-116.10244,32.85794],[-116.10355,32.82897],[-116.10303,32.7264],[-116.10556,32.72636],[-116.10628,32.61852]]]},"properties":{"id":"23","code":"A22","name":"San Diego Archery Either-Sex Deer Hunt","kind":"archery_hunt","group":"Archery","hunt_type":"EITHER-SEX","acreage":2167765}},{"type":"Feature","geometry":{"type":"Polygon","coordinates":[[[-121.69859,36.91671],[-121.70105,36.91366],[-121.70689,36.91134],[-121.70571,36.90953],[-121.70239,36.90826],[-121.69904,36.91121],[-121.69746,36.91165],[-121.6948,36.91007],[-121.68645,36.90792],[-121.68067,36.9033],[-121.6767,36.90533],[-121.67241,36.90917],[-121.66916,36.91022],[-121.66624,36.91281],[-121.66338,36.91381],[-121.66022,36.91455],[-121.65668,36.91412],[-121.65345,36.91254],[-121.65138,36.90916],[-121.65307,36.90406],[-121.65255,36.90225],[-121.65001,36.90038],[-121.64761,36.90264],[-121.64576,36.90247],[-121.64532,36.89807],[-121.64584,36.89511],[-121.6452,36.89403],[-121.64392,36.89417],[-121.64072,36.87896],[-121.64255,36.87351],[-121.62202,36.84614],[-121.59765,36.83725],[-121.50407,36.75728],[-121.50245,36.7605],[-121.4977,36.76037],[-121.49594,36.762],[-121.49282,36.76332],[-121.49159,36.76277],[-121.48943,36.76379],[-121.48589,36.76389],[-121.48172,36.76561],[-121.47978,36.76136],[-121.4774,36.76065],[-121.47495,36.75755],[-121.47478,36.75654],[-121.47692,36.7531],[-121.47573,36.74922],[-121.47435,36.74923],[-121.47306,36.74626],[-121.47186,36.74555],[-121.4682,36.74505],[-121.46688,36.7456],[-121.46592,36.74366],[-121.46254,36.74385],[-121.46211,36.74232],[-121.46025,36.74102],[-121.46032,36.73735],[-121.4575,36.73656],[-121.45973,36.73545],[-121.45952,36.73439],[-121.4569,36.73215],[-121.45474,36.73132],[-121.45492,36.73003],[-121.4529,36.72928],[-121.45233,36.7278],[-121.45266,36.72608],[-121.45143,36.7247],[-121.45332,36.72292],[-121.45299,36.72134],[-121.45601,36.72131],[-121.46143,36.71768],[-121.46263,36.71833],[-121.46382,36.71764],[-121.46598,36.71818],[-121.46926,36.71693],[-121.47457,36.71674],[-121.47731,36.71529],[-121.48353,36.71558],[-121.48419,36.71447],[-121.48466,36.71317],[-121.4836,36.7095],[-121.48244,36.70971],[-121.48207,36.7078],[-121.48075,36.70669],[-121.48171,36.7047],[-121.48039,36.70361],[-121.4777,36.703],[-121.47704,36.70013],[-121.47507,36.69893],[-121.47577,36.69818],[-121.47275,36.69689],[-121.4733,36.69596],[-121.47211,36.69447],[-121.47178,36.6924],[-121.46905,36.69032],[-121.46914,36.68753],[-121.46851,36.68639],[-121.46902,36.68562],[-121.46568,36.68483],[-121.46346,36.68511],[-121.4612,36.68674],[-121.45931,36.68583],[-121.4573,36.68206],[-121.45556,36.68194],[-121.45486,36.6805],[-121.45183,36.68001],[-121.44985,36.67878],[-121.44641,36.67396],[-121.44485,36.67323],[-121.44219,36.67357],[-121.4395,36.67573],[-121.43778,36.67571],[-121.43617,36.67732],[-121.43143,36.67883],[-121.42401,36.67457],[-121.42257,36.67464],[-121.41995,36.67322],[-121.4157,36.67319],[-121.41467,36.67227],[-121.41342,36.66815],[-121.41184,36.66641],[-121.41217,36.66514],[-121.4112,36.66285],[-121.40939,36.66156],[-121.40991,36.66],[-121.40938,36.65854],[-121.40816,36.65663],[-121.40665,36.65601],[-121.40212,36.65551],[-121.39887,36.65716],[-121.3966,36.65704],[-121.39585,36.65556],[-121.39398,36.65498],[-121.39116,36.65479],[-121.38991,36.65574],[-121.38835,36.65481],[-121.38549,36.6549],[-121.38368,36.65339],[-121.38095,36.65415],[-121.37866,36.65307],[-121.37328,36.65558],[-121.36634,36.65661],[-121.36613,36.65595],[-121.36205,36.65432],[-121.35698,36.65113],[-121.35649,36.64998],[-121.35255,36.64902],[-121.35215,36.64792],[-121.35028,36.64843],[-121.35092,36.64617],[-121.35,36.64562],[-121.34984,36.64359],[-121.34911,36.643],[-121.34668,36.64314],[-121.34585,36.64147],[-121.34244,36.63948],[-121.3418,36.63833],[-121.34371,36.63549],[-121.34179,36.63326],[-121.34227,36.63139],[-121.33859,36.62855],[-121.3359,36.62497],[-121.33574,36.62379],[-121.33257,36.62051],[-121.33007,36.61979],[-121.32897,36.61806],[-121.32437,36.61455],[-121.3235,36.61277],[-121.31843,36.61012],[-121.31855,36.60802],[-121.3197,36.6065],[-121.31871,36.60475],[-121.32189,36.60429],[-121.32382,36.60243],[-121.32494,36.59843],[-121.32531,36.59211],[-121.32432,36.59032],[-121.32428,36.58848],[-121.32734,36.58602],[-121.32732,36.58431],[-121.32555,36.58399],[-121.32501,36.58248],[-121.32625,36.58065],[-121.32503,36.58026],[-121.32362,36.57757],[-121.32647,36.57576],[-121.33043,36.57629],[-121.33434,36.57467],[-121.3335,36.57171],[-121.33185,36.57052],[-121.3314,36.56903],[-121.33177,36.56582],[-121.33074,36.56383],[-121.3321,36.56205],[-121.32889,36.56123],[-121.3298,36.55796],[-121.3292,36.55534],[-121.32595,36.55352],[-121.32048,36.55251],[-121.3167,36.54947],[-121.31338,36.54985],[-121.31019,36.54592],[-121.30798,36.54564],[-121.30817,36.5436],[-121.30564,36.54106],[-121.3013,36.5396],[-121.29994,36.53565],[-121.29862,36.53447],[-121.29864,36.53322],[-121.29699,36.53251],[-121.29661,36.53148],[-121.2972,36.53013],[-121.29614,36.52929],[-121.29557,36.52714],[-121.29708,36.52586],[-121.29732,36.52437],[-121.30045,36.52283],[-121.30055,36.52171],[-121.30293,36.52037],[-121.30374,36.519],[-121.3034,36.51817],[-121.30744,36.51625],[-121.30692,36.51202],[-121.30939,36.50969],[-121.31043,36.50964],[-121.31081,36.50853],[-121.30991,36.50593],[-121.31208,36.50468],[-121.31102,36.50149],[-121.30841,36.49936],[-121.3064,36.502],[-121.30456,36.50238],[-121.30159,36.50557],[-121.30001,36.50575],[-121.29697,36.504],[-121.2942,36.50623],[-121.2872,36.5048],[-121.28496,36.50568],[-121.28288,36.50296],[-121.27857,36.50236],[-121.27385,36.50333],[-121.27208,36.50308],[-121.27149,36.50232],[-121.26699,36.50228],[-121.26452,36.50394],[-121.26287,36.50354],[-121.259,36.50458],[-121.25511,36.50358],[-121.25204,36.50555],[-121.24961,36.50437],[-121.24735,36.50673],[-121.24506,36.50651],[-121.24339,36.50516],[-121.23952,36.50467],[-121.23681,36.49787],[-121.23417,36.49586],[-121.23279,36.4931],[-121.23079,36.4919],[-121.2323,36.48895],[-121.23101,36.48835],[-121.23035,36.48646],[-121.22803,36.48463],[-121.22893,36.48191],[-121.22792,36.48043],[-121.23039,36.4785],[-121.22935,36.47521],[-121.22544,36.47203],[-121.2235,36.47218],[-121.22195,36.47386],[-121.22016,36.47383],[-121.21898,36.47258],[-121.21674,36.47408],[-121.21508,36.47329],[-121.21332,36.46957],[-121.20988,36.46499],[-121.20554,36.4625],[-121.20211,36.45828],[-121.19876,36.45638],[-121.1975,36.45467],[-121.1979,36.45131],[-121.19521,36.44726],[-121.0409,36.32401],[-121.04043,36.27104],[-121.03642,36.27253],[-121.03567,36.27373],[-121.03628,36.27549],[-121.03216,36.2752],[-121.03008,36.27587],[-121.02722,36.275],[-121.0255,36.27146],[-121.0259,36.27044],[-121.02841,36.26994],[-121.02885,36.26895],[-121.02795,36.26456],[-121.02616,36.26338],[-121.02775,36.26171],[-121.02718,36.25986],[-121.02479,36.25971],[-121.02246,36.26161],[-121.01897,36.25965],[-121.01619,36.26413],[-121.01588,36.26749],[-121.01494,36.26868],[-121.01355,36.26806],[-121.01327,36.26592],[-121.01173,36.2645],[-121.01067,36.26559],[-121.01107,36.26835],[-121.01001,36.26915],[-121.00501,36.26718],[-121.00239,36.26832],[-121.00018,36.27085],[-120.99254,36.26989],[-120.99076,36.27138],[-120.98996,36.27375],[-120.98704,36.27592],[-120.98808,36.27982],[-120.98803,36.28479],[-120.98501,36.29034],[-120.98648,36.292],[-120.98577,36.29297],[-120.98277,36.29119],[-120.98067,36.29109],[-120.97878,36.29003],[-120.9764,36.29077],[-120.97374,36.29032],[-120.97239,36.2879],[-120.96918,36.28665],[-120.96435,36.28253],[-120.96438,36.28059],[-120.95957,36.28104],[-120.9568,36.27619],[-120.9549,36.27491],[-120.95308,36.27487],[-120.94879,36.27782],[-120.94258,36.2805],[-120.93938,36.28307],[-120.93921,36.28534],[-120.94114,36.2868],[-120.93615,36.28964],[-120.93423,36.28942],[-120.93645,36.29406],[-120.93395,36.29641],[-120.93322,36.29962],[-120.93039,36.30128],[-120.92773,36.30048],[-120.9264,36.301],[-120.92572,36.30191],[-120.92574,36.30776],[-120.9236,36.31014],[-120.91919,36.31095],[-120.91606,36.30886],[-120.91172,36.30829],[-120.91035,36.30543],[-120.909,36.30442],[-120.90709,36.30366],[-120.90507,36.3041],[-120.90461,36.30228],[-120.89893,36.30077],[-120.89853,36.2994],[-120.88985,36.29048],[-120.88846,36.29062],[-120.88688,36.29289],[-120.88398,36.29416],[-120.8815,36.29341],[-120.87907,36.29541],[-120.87506,36.29447],[-120.87417,36.29522],[-120.87186,36.29336],[-120.86946,36.29373],[-120.8666,36.2922],[-120.8646,36.29228],[-120.86249,36.28981],[-120.8599,36.2904],[-120.85992,36.2882],[-120.85698,36.28632],[-120.85662,36.2847],[-120.85158,36.2859],[-120.85096,36.28255],[-120.84939,36.2816],[-120.84523,36.28105],[-120.84361,36.27869],[-120.84009,36.27636],[-120.83952,36.27282],[-120.83686,36.2719],[-120.83728,36.27066],[-120.83886,36.27162],[-120.83941,36.27116],[-120.83768,36.26694],[-120.8363,36.26558],[-120.8371,36.26429],[-120.83695,36.26239],[-120.83353,36.26239],[-120.83304,36.26134],[-120.83354,36.26003],[-120.83285,36.25917],[-120.82946,36.25947],[-120.82821,36.25835],[-120.82964,36.25798],[-120.82967,36.25715],[-120.82695,36.25694],[-120.82667,36.25777],[-120.82571,36.25768],[-120.82615,36.25445],[-120.825,36.25462],[-120.82464,36.25633],[-120.82356,36.25715],[-120.82179,36.25616],[-120.82129,36.25419],[-120.82019,36.25366],[-120.81448,36.25314],[-120.81344,36.25007],[-120.81087,36.25168],[-120.81045,36.24871],[-120.81215,36.24697],[-120.81219,36.24516],[-120.8075,36.24389],[-120.80661,36.24109],[-120.80564,36.24024],[-120.80083,36.2403],[-120.80049,36.23895],[-120.80219,36.2377],[-120.79937,36.23564],[-120.79599,36.23662],[-120.795,36.23638],[-120.79483,36.23513],[-120.79373,36.2343],[-120.79139,36.23414],[-120.78932,36.23498],[-120.78884,36.23277],[-120.78929,36.23063],[-120.78316,36.22894],[-120.78073,36.22473],[-120.78144,36.22246],[-120.7788,36.22322],[-120.77601,36.2201],[-120.77245,36.22019],[-120.77045,36.21839],[-120.76852,36.21381],[-120.76541,36.21348],[-120.76717,36.21017],[-120.76401,36.20926],[-120.76111,36.20325],[-120.75828,36.20201],[-120.75593,36.20339],[-120.75498,36.20127],[-120.75283,36.19958],[-120.74878,36.19877],[-120.74663,36.19972],[-120.74522,36.19881],[-120.7409,36.20013],[-120.73732,36.20263],[-120.73197,36.20401],[-120.73086,36.20168],[-120.72866,36.20273],[-120.72668,36.20112],[-120.72433,36.20121],[-120.72291,36.19993],[-120.7205,36.1995],[-120.72081,36.19841],[-120.71907,36.19799],[-120.71887,36.19706],[-120.71802,36.19677],[-120.71501,36.19803],[-120.71168,36.19841],[-120.71091,36.20099],[-120.70958,36.20137],[-120.70703,36.2038],[-120.70578,36.20394],[-120.70628,36.20581],[-120.70505,36.20778],[-120.70574,36.20922],[-120.7048,36.20995],[-120.70472,36.21176],[-120.70583,36.21248],[-120.7051,36.21344],[-120.70586,36.21461],[-120.70538,36.21651],[-120.70574,36.21874],[-120.70694,36.22014],[-120.70628,36.2212],[-120.70694,36.22443],[-120.70633,36.22486],[-120.70727,36.22539],[-120.7063,36.22808],[-120.70722,36.2282],[-120.70657,36.22924],[-120.70725,36.23172],[-120.70819,36.23285],[-120.70932,36.23687],[-120.71022,36.23703],[-120.71194,36.23932],[-120.71081,36.24011],[-120.71223,36.24142],[-120.71161,36.24311],[-120.71329,36.24776],[-120.71468,36.24863],[-120.71394,36.24954],[-120.71522,36.25042],[-120.71626,36.25359],[-120.71755,36.25467],[-120.71772,36.26005],[-120.71947,36.26063],[-120.72147,36.26488],[-120.72437,36.26697],[-120.72474,36.27019],[-120.72847,36.27204],[-120.7292,36.27364],[-120.73057,36.27389],[-120.7322,36.27554],[-120.73201,36.27698],[-120.73336,36.27975],[-120.73383,36.28419],[-120.73621,36.28554],[-120.73718,36.28772],[-120.73793,36.28793],[-120.73934,36.29174],[-120.74319,36.29811],[-120.74491,36.29889],[-120.74574,36.30049],[-120.74812,36.30165],[-120.75064,36.30406],[-120.75548,36.30516],[-120.75849,36.30866],[-120.75627,36.30788],[-120.75283,36.30791],[-120.75048,36.31012],[-120.7464,36.31004],[-120.74015,36.30526],[-120.73687,36.30408],[-120.73486,36.30429],[-120.73481,36.30275],[-120.72644,36.29833],[-120.72279,36.29429],[-120.72239,36.29264],[-120.72105,36.29293],[-120.71807,36.29207],[-120.71694,36.29261],[-120.71572,36.28983],[-120.7121,36.28884],[-120.71145,36.28777],[-120.70769,36.28586],[-120.70532,36.28725],[-120.70232,36.28622],[-120.70135,36.28543],[-120.7011,36.28396],[-120.69937,36.28402],[-120.69739,36.28246],[-120.69503,36.27808],[-120.69315,36.27783],[-120.6905,36.27387],[-120.68829,36.2719],[-120.68426,36.27077],[-120.68307,36.272],[-120.68147,36.2714],[-120.67862,36.26722],[-120.68044,36.26708],[-120.67999,36.2654],[-120.67468,36.26151],[-120.67454,36.26],[-120.67373,36.25968],[-120.67305,36.25801],[-120.67331,36.2568],[-120.67451,36.25554],[-120.6798,36.25426],[-120.68178,36.25126],[-120.67971,36.24793],[-120.67989,36.24682],[-120.67741,36.24467],[-120.671,36.2423],[-120.66885,36.23787],[-120.66645,36.23564],[-120.66315,36.23584],[-120.65909,36.23428],[-120.65638,36.23408],[-120.65551,36.23199],[-120.65301,36.23181],[-120.65141,36.23082],[-120.65088,36.22749],[-120.649,36.22408],[-120.6464,36.22281],[-120.64681,36.22151],[-120.641,36.22032],[-120.63966,36.21867],[-120.6383,36.2149],[-120.63681,36.21478],[-120.636,36.21344],[-120.63454,36.21291],[-120.63289,36.2104],[-120.62952,36.20776],[-120.62973,36.20628],[-120.62669,36.20334],[-120.63282,36.19869],[-120.63836,36.19755],[-120.63919,36.19659],[-120.63895,36.19405],[-120.64117,36.192],[-120.64048,36.19048],[-120.64162,36.18845],[-120.6428,36.18799],[-120.64313,36.18683],[-120.64251,36.18579],[-120.64506,36.18365],[-120.6448,36.17918],[-120.64893,36.17951],[-120.64874,36.17759],[-120.65025,36.17723],[-120.65089,36.17532],[-120.65199,36.17447],[-120.65235,36.17286],[-120.65039,36.17086],[-120.65053,36.17023],[-120.64914,36.16954],[-120.65008,36.16808],[-120.65204,36.16839],[-120.65254,36.16776],[-120.65454,36.16761],[-120.6632,36.17118],[-120.66459,36.16742],[-120.66402,36.16597],[-120.66806,36.16578],[-120.66851,36.1649],[-120.66996,36.16505],[-120.67216,36.16401],[-120.671,36.16187],[-120.66787,36.16101],[-120.66754,36.1559],[-120.66586,36.15216],[-120.66676,36.15105],[-120.66667,36.14985],[-120.66485,36.14727],[-120.66431,36.14152],[-120.66496,36.14035],[-120.66753,36.13895],[-120.66753,36.13799],[-120.66348,36.13706],[-120.6566,36.13262],[-120.65383,36.12848],[-120.65268,36.12522],[-120.65416,36.12168],[-120.65282,36.12008],[-120.65232,36.11753],[-120.65067,36.11684],[-120.64909,36.11782],[-120.64589,36.11651],[-120.64641,36.11331],[-120.64534,36.11238],[-120.64607,36.11057],[-120.64843,36.10829],[-120.64672,36.10561],[-120.64093,36.10125],[-120.63837,36.10222],[-120.63499,36.10126],[-120.63334,36.10274],[-120.62738,36.09924],[-120.62638,36.09831],[-120.62646,36.09749],[-120.62351,36.098],[-120.61938,36.09655],[-120.61584,36.0962],[-120.61459,36.09518],[-120.61394,36.09596],[-120.6117,36.09613],[-120.61184,36.09922],[-120.6091,36.09957],[-120.60795,36.10268],[-120.60688,36.10284],[-120.60542,36.10175],[-120.60019,36.10161],[-120.59773,36.09958],[-120.58971,36.0897],[-120.59306,36.0881],[-120.59221,36.08604],[-120.59406,36.08514],[-120.59604,36.07854],[-120.59222,36.07406],[-120.59212,36.07136],[-120.5884,36.06898],[-120.58818,36.0668],[-120.58455,36.0661],[-120.58127,36.06274],[-120.57637,36.06063],[-120.5726,36.05687],[-120.56672,36.05298],[-120.5609,36.05147],[-120.55889,36.04985],[-120.55654,36.0503],[-120.55187,36.04957],[-120.55085,36.04766],[-120.54798,36.04741],[-120.54554,36.04621],[-120.54323,36.0434],[-120.54333,36.0402],[-120.54047,36.03674],[-120.53861,36.036],[-120.53644,36.0362],[-120.53534,36.03509],[-120.53071,36.03545],[-120.52932,36.03435],[-120.52778,36.03595],[-120.52708,36.03579],[-120.52734,36.03434],[-120.52899,36.0327],[-120.52993,36.02913],[-120.52923,36.02633],[-120.52995,36.02438],[-120.52842,36.02358],[-120.5262,36.02287],[-120.52251,36.02319],[-120.52012,36.02092],[-120.51901,36.02238],[-120.51991,36.02384],[-120.51984,36.0268],[-120.51769,36.02766],[-120.51468,36.02578],[-120.51323,36.02577],[-120.5134,36.02382],[-120.51071,36.02204],[-120.50963,36.02371],[-120.50829,36.02435],[-120.50727,36.0235],[-120.50847,36.02167],[-120.50503,36.02168],[-120.50494,36.02049],[-120.50277,36.02049],[-120.5022,36.02247],[-120.50069,36.02225],[-120.50003,36.02069],[-120.49539,36.01874],[-120.49385,36.01758],[-120.49357,36.01641],[-120.49145,36.01637],[-120.48829,36.01481],[-120.48862,36.01354],[-120.48633,36.01112],[-120.48328,36.01205],[-120.48064,36.01141],[-120.47848,36.00947],[-120.48064,36.00595],[-120.47817,36.0038],[-120.47763,36.00078],[-120.47284,35.99902],[-120.47341,35.9979],[-120.47236,35.99684],[-120.47048,35.99691],[-120.47038,35.99583],[-120.46841,35.99428],[-120.46709,35.99453],[-120.46397,35.99275],[-120.45992,35.99339],[-120.45369,35.98951],[-120.44977,35.98849],[-120.44902,35.98683],[-120.44926,35.98512],[-120.44656,35.98368],[-120.44367,35.98091],[-120.43973,35.97946],[-120.4378,35.97732],[-120.43713,35.97636],[-120.43661,35.97162],[-120.43491,35.96947],[-120.43195,35.96892],[-120.42725,35.97136],[-120.42562,35.97149],[-120.42541,35.97225],[-120.42388,35.97241],[-120.42228,35.97385],[-120.42049,35.97345],[-120.41659,35.97504],[-120.41341,35.97461],[-120.40895,35.97588],[-120.40697,35.97408],[-120.39662,35.9703],[-120.39372,35.96779],[-120.39096,35.96794],[-120.38898,35.96915],[-120.37285,35.96626],[-120.36855,35.96638],[-120.36011,35.96418],[-120.35995,35.96327],[-120.36247,35.95944],[-120.35952,35.95833],[-120.35789,35.95591],[-120.35667,35.94815],[-120.35426,35.94602],[-120.35042,35.94407],[-120.34568,35.94461],[-120.3402,35.93875],[-120.3362,35.93728],[-120.337,35.93584],[-120.33698,35.93182],[-120.33634,35.92954],[-120.3352,35.92856],[-120.33681,35.92629],[-120.33688,35.9236],[-120.33204,35.91796],[-120.3327,35.91674],[-120.33207,35.91517],[-120.32983,35.91328],[-120.3262,35.91299],[-120.32493,35.90958],[-120.32334,35.90795],[-120.31879,35.90668],[-120.31285,35.90787],[-120.30667,35.90804],[-120.29676,35.90761],[-120.29318,35.90622],[-120.28696,35.90557],[-120.28066,35.90682],[-120.27603,35.90596],[-120.27287,35.90236],[-120.26774,35.89839],[-120.26156,35.89512],[-120.25665,35.88923],[-120.25255,35.88708],[-120.2487,35.88382],[-120.24641,35.88003],[-120.24337,35.87786],[-120.24375,35.87452],[-120.2453,35.87309],[-120.24443,35.8724],[-120.24412,35.86983],[-120.2409,35.86746],[-120.24021,35.86587],[-120.24651,35.86391],[-120.24866,35.86174],[-120.24856,35.86018],[-120.25078,35.85916],[-120.25099,35.85749],[-120.25637,35.85547],[-120.25516,35.85322],[-120.25771,35.85205],[-120.25714,35.85142],[-120.25929,35.84514],[-120.25842,35.844],[-120.25533,35.84262],[-120.25215,35.8364],[-120.25195,35.83463],[-120.2504,35.83309],[-120.24939,35.82873],[-120.24771,35.82686],[-120.24585,35.82604],[-120.2449,35.82404],[-120.24259,35.82321],[-120.23879,35.82559],[-120.23483,35.82327],[-120.23097,35.82295],[-120.22967,35.821],[-120.22632,35.82127],[-120.21977,35.8187],[-120.21792,35.81393],[-120.2178,35.81092],[-120.21943,35.80583],[-120.21658,35.80363],[-120.21783,35.80199],[-120.21649,35.80095],[-120.21563,35.79801],[-120.21625,35.79671],[-120.21481,35.79499],[-120.21486,35.79352],[-120.21603,35.79203],[-120.21582,35.79006],[-120.21396,35.78904],[-121.08392,35.79294],[-121.34816,35.79523],[-121.35046,35.79767],[-121.35078,35.79909],[-121.35393,35.80134],[-121.35575,35.80175],[-121.35648,35.80374],[-121.35807,35.80416],[-121.36277,35.80803],[-121.36772,35.8093],[-121.37026,35.81157],[-121.3741,35.81178],[-121.37446,35.81272],[-121.3738,35.81463],[-121.37717,35.81724],[-121.38903,35.824],[-121.39198,35.82721],[-121.39211,35.82831],[-121.39659,35.83446],[-121.39901,35.83583],[-121.40121,35.83893],[-121.40274,35.83911],[-121.40237,35.84008],[-121.40349,35.84212],[-121.4072,35.84479],[-121.40819,35.84673],[-121.40749,35.84728],[-121.40796,35.8488],[-121.40991,35.85026],[-121.41062,35.8528],[-121.41263,35.85366],[-121.41202,35.85434],[-121.41315,35.85613],[-121.41698,35.85816],[-121.42533,35.85974],[-121.42881,35.86163],[-121.43014,35.86314],[-121.43994,35.8673],[-121.44141,35.87029],[-121.44428,35.87055],[-121.44672,35.87194],[-121.44645,35.87349],[-121.44732,35.8749],[-121.44935,35.87706],[-121.45052,35.87725],[-121.45232,35.88005],[-121.45941,35.88318],[-121.4624,35.88595],[-121.4617,35.8881],[-121.46514,35.88899],[-121.46208,35.8904],[-121.46131,35.89187],[-121.4619,35.89355],[-121.46087,35.89584],[-121.46108,35.89843],[-121.46511,35.90031],[-121.46266,35.9039],[-121.46778,35.91109],[-121.47009,35.91188],[-121.47038,35.91399],[-121.47295,35.91502],[-121.47248,35.91747],[-121.47157,35.91794],[-121.47502,35.9202],[-121.47201,35.91988],[-121.47213,35.92054],[-121.46898,35.92172],[-121.46802,35.926],[-121.47065,35.92906],[-121.47668,35.93157],[-121.47462,35.93257],[-121.47469,35.93396],[-121.4764,35.93529],[-121.475,35.93695],[-121.47667,35.93745],[-121.47559,35.93922],[-121.47724,35.94066],[-121.4768,35.94144],[-121.48027,35.94398],[-121.47881,35.94453],[-121.47904,35.94599],[-121.47987,35.94663],[-121.47975,35.94876],[-121.48116,35.94957],[-121.48321,35.94953],[-121.48168,35.95085],[-121.48314,35.95339],[-121.48266,35.95504],[-121.48365,35.95687],[-121.48325,35.95809],[-121.48469,35.95959],[-121.48465,35.96452],[-121.48651,35.96889],[-121.48572,35.97024],[-121.48596,35.9712],[-121.48872,35.97342],[-121.48846,35.97512],[-121.49053,35.97987],[-121.49044,35.98145],[-121.49202,35.98269],[-121.49218,35.98424],[-121.4944,35.98718],[-121.49632,35.98786],[-121.49719,35.99119],[-121.50086,35.99784],[-121.50202,35.99836],[-121.50453,36.00156],[-121.51131,36.00649],[-121.51767,36.00795],[-121.51976,36.00719],[-121.51976,36.00902],[-121.52469,36.00965],[-121.52665,36.012],[-121.5309,36.01417],[-121.53529,36.01533],[-121.53758,36.01498],[-121.53848,36.01566],[-121.54079,36.01503],[-121.54545,36.01794],[-121.5526,36.01896],[-121.55349,36.01965],[-121.56268,36.02045],[-121.56717,36.01945],[-121.5735,36.02345],[-121.57543,36.02612],[-121.57546,36.02802],[-121.57764,36.03068],[-121.57761,36.03231],[-121.57948,36.03415],[-121.57931,36.03514],[-121.58075,36.03634],[-121.58158,36.03876],[-121.58236,36.03875],[-121.58156,36.0397],[-121.5819,36.04082],[-121.58283,36.04172],[-121.5838,36.04143],[-121.58338,36.04206],[-121.58503,36.04267],[-121.58651,36.04558],[-121.59005,36.04776],[-121.59193,36.0501],[-121.59027,36.05029],[-121.58907,36.05363],[-121.59247,36.05607],[-121.59315,36.05801],[-121.59232,36.05878],[-121.59208,36.06064],[-121.59304,36.06544],[-121.59936,36.06951],[-121.60195,36.06962],[-121.60681,36.07198],[-121.60794,36.0742],[-121.60721,36.07527],[-121.60851,36.0758],[-121.60844,36.07667],[-121.61181,36.07845],[-121.6127,36.08016],[-121.61371,36.08018],[-121.61369,36.08202],[-121.61487,36.0821],[-121.61422,36.08234],[-121.61441,36.0834],[-121.61915,36.08645],[-121.61903,36.08943],[-121.61844,36.08991],[-121.6198,36.0918],[-121.61945,36.09294],[-121.62167,36.09633],[-121.62172,36.09976],[-121.62271,36.10057],[-121.62332,36.10302],[-121.62651,36.10569],[-121.62593,36.10744],[-121.63031,36.11072],[-121.63015,36.11238],[-121.63253,36.11475],[-121.63158,36.11713],[-121.63314,36.12096],[-121.6382,36.12304],[-121.63863,36.12401],[-121.64069,36.12478],[-121.64076,36.12562],[-121.64481,36.12778],[-121.64572,36.1307],[-121.64794,36.13244],[-121.64924,36.13512],[-121.64979,36.13512],[-121.64977,36.13663],[-121.65301,36.13815],[-121.65382,36.13954],[-121.65357,36.14058],[-121.65697,36.14232],[-121.65704,36.14344],[-121.65886,36.14531],[-121.65843,36.14582],[-121.66513,36.15033],[-121.66529,36.15192],[-121.66672,36.15249],[-121.66644,36.15312],[-121.66701,36.15269],[-121.66809,36.15336],[-121.66843,36.15464],[-121.67181,36.15581],[-121.67236,36.15712],[-121.67259,36.15653],[-121.67372,36.1574],[-121.6725,36.15744],[-121.67181,36.15863],[-121.67468,36.1596],[-121.67378,36.16064],[-121.67565,36.16307],[-121.67765,36.16387],[-121.67807,36.16506],[-121.67924,36.16569],[-121.68272,36.16643],[-121.68301,36.16582],[-121.68353,36.16654],[-121.68305,36.16724],[-121.68662,36.16797],[-121.68651,36.16854],[-121.68734,36.16838],[-121.68836,36.16964],[-121.68959,36.16964],[-121.68973,36.17074],[-121.6908,36.1706],[-121.69149,36.17195],[-121.693,36.1711],[-121.69425,36.17279],[-121.69385,36.17346],[-121.69432,36.17307],[-121.69507,36.17365],[-121.69479,36.17491],[-121.69552,36.17436],[-121.69616,36.17534],[-121.696,36.17401],[-121.69673,36.1736],[-121.69768,36.17423],[-121.69713,36.1753],[-121.69899,36.17483],[-121.69996,36.17632],[-121.69984,36.17821],[-121.70117,36.17865],[-121.70119,36.18103],[-121.70349,36.18264],[-121.70421,36.18241],[-121.70403,36.18303],[-121.70633,36.18492],[-121.70799,36.18503],[-121.70852,36.18795],[-121.71193,36.19069],[-121.71384,36.19081],[-121.71427,36.19175],[-121.71523,36.19193],[-121.7152,36.1935],[-121.7172,36.19538],[-121.72264,36.19815],[-121.72926,36.19991],[-121.73214,36.20289],[-121.73691,36.20347],[-121.73741,36.20431],[-121.73795,36.2039],[-121.7394,36.20497],[-121.74046,36.20717],[-121.74612,36.21013],[-121.74913,36.21091],[-121.75176,36.21039],[-121.75482,36.21138],[-121.75767,36.21495],[-121.75877,36.21493],[-121.76081,36.21701],[-121.76453,36.21856],[-121.76594,36.22043],[-121.76863,36.22104],[-121.76867,36.22199],[-121.77044,36.22299],[-121.77415,36.22437],[-121.77561,36.2238],[-121.77477,36.22446],[-121.77506,36.22516],[-121.77856,36.22709],[-121.78152,36.22802],[-121.78351,36.22778],[-121.7838,36.22839],[-121.78715,36.22825],[-121.78726,36.22977],[-121.79033,36.2306],[-121.79164,36.23206],[-121.79549,36.23261],[-121.79569,36.23372],[-121.79984,36.23476],[-121.80611,36.23285],[-121.80815,36.23293],[-121.80964,36.2339],[-121.8116,36.23339],[-121.8118,36.23399],[-121.81465,36.23476],[-121.81549,36.23641],[-121.81503,36.23758],[-121.81625,36.238],[-121.81638,36.23727],[-121.81708,36.23736],[-121.81702,36.23893],[-121.81968,36.24113],[-121.82241,36.24196],[-121.82667,36.24169],[-121.82812,36.24559],[-121.82946,36.2469],[-121.83109,36.2477],[-121.83341,36.24732],[-121.83351,36.24809],[-121.83587,36.24957],[-121.83829,36.2497],[-121.83643,36.25002],[-121.83583,36.25108],[-121.83769,36.25774],[-121.8414,36.26417],[-121.84247,36.26492],[-121.84258,36.2667],[-121.84409,36.26785],[-121.84418,36.26885],[-121.84552,36.26981],[-121.84566,36.27095],[-121.84826,36.27439],[-121.85033,36.27569],[-121.85153,36.27754],[-121.85644,36.28064],[-121.85935,36.28091],[-121.85991,36.28066],[-121.85945,36.28009],[-121.86024,36.27992],[-121.86274,36.28086],[-121.86301,36.28201],[-121.86835,36.28689],[-121.87196,36.28883],[-121.87472,36.28936],[-121.87648,36.29063],[-121.87645,36.29206],[-121.87772,36.29334],[-121.88014,36.29386],[-121.88262,36.29598],[-121.88216,36.29788],[-121.8855,36.30201],[-121.88881,36.30346],[-121.8929,36.30375],[-121.8966,36.30521],[-121.89962,36.30287],[-121.90294,36.30628],[-121.9026,36.30741],[-121.89979,36.30661],[-121.89884,36.3072],[-121.89614,36.31359],[-121.89477,36.32077],[-121.89532,36.32307],[-121.8961,36.32345],[-121.89467,36.32548],[-121.89677,36.32704],[-121.89533,36.32829],[-121.89402,36.33142],[-121.89332,36.33457],[-121.89393,36.33614],[-121.89331,36.33633],[-121.8927,36.33964],[-121.89281,36.34134],[-121.89433,36.34427],[-121.89656,36.34496],[-121.89889,36.34821],[-121.89879,36.34939],[-121.9044,36.35311],[-121.90323,36.35354],[-121.90421,36.35382],[-121.90421,36.35543],[-121.90707,36.35629],[-121.90683,36.35719],[-121.90765,36.35742],[-121.9066,36.35752],[-121.90655,36.35818],[-121.9061,36.35766],[-121.90523,36.35799],[-121.90558,36.35847],[-121.90485,36.35871],[-121.90573,36.35929],[-121.90403,36.36034],[-121.90523,36.36183],[-121.90247,36.36411],[-121.90334,36.36576],[-121.90259,36.36755],[-121.90346,36.36882],[-121.90248,36.37149],[-121.90449,36.37231],[-121.90677,36.37175],[-121.9079,36.37411],[-121.90674,36.37403],[-121.90698,36.37489],[-121.90567,36.37432],[-121.90497,36.37807],[-121.9037,36.37864],[-121.90343,36.37955],[-121.90208,36.37943],[-121.90265,36.37982],[-121.90153,36.38177],[-121.9027,36.38297],[-121.90226,36.38368],[-121.9031,36.38543],[-121.90225,36.38515],[-121.90144,36.38616],[-121.90219,36.38747],[-121.90445,36.38819],[-121.90409,36.39004],[-121.90571,36.39103],[-121.90449,36.39054],[-121.904,36.3931],[-121.90303,36.39337],[-121.90418,36.39425],[-121.90414,36.39517],[-121.90604,36.39558],[-121.90513,36.39686],[-121.90613,36.39725],[-121.90575,36.39852],[-121.90979,36.39992],[-121.91083,36.40129],[-121.91214,36.40033],[-121.91272,36.4008],[-121.91198,36.40105],[-121.91331,36.40117],[-121.91277,36.40178],[-121.91324,36.40295],[-121.91375,36.40181],[-121.91389,36.4027],[-121.91488,36.403],[-121.91423,36.40348],[-121.91457,36.40427],[-121.91395,36.40431],[-121.91371,36.40547],[-121.91301,36.40519],[-121.91316,36.406],[-121.9123,36.40667],[-121.91352,36.40686],[-121.91371,36.4083],[-121.91385,36.40782],[-121.91545,36.40834],[-121.91562,36.40984],[-121.91688,36.41044],[-121.91659,36.41211],[-121.91496,36.41161],[-121.91435,36.4123],[-121.91618,36.41321],[-121.91545,36.41358],[-121.91704,36.4139],[-121.91731,36.415],[-121.9161,36.41472],[-121.91657,36.41594],[-121.91735,36.41607],[-121.91649,36.41668],[-121.91727,36.41671],[-121.91722,36.41725],[-121.91556,36.41755],[-121.91602,36.4179],[-121.91515,36.41866],[-121.91425,36.42568],[-121.91492,36.4266],[-121.91578,36.42659],[-121.91557,36.42716],[-121.91644,36.42698],[-121.91589,36.42839],[-121.91735,36.42852],[-121.91706,36.42944],[-121.91892,36.43041],[-121.91909,36.43138],[-121.9179,36.43094],[-121.91819,36.432],[-121.91922,36.4325],[-121.91956,36.43368],[-121.91902,36.43349],[-121.92008,36.43542],[-121.91918,36.43584],[-121.92015,36.436],[-121.92047,36.43696],[-121.92143,36.43675],[-121.92112,36.43735],[-121.92151,36.43696],[-121.92206,36.43764],[-121.92302,36.44073],[-121.92405,36.43983],[-121.92409,36.44088],[-121.92345,36.4408],[-121.92443,36.44168],[-121.92312,36.44155],[-121.92678,36.44631],[-121.9269,36.44831],[-121.92813,36.44862],[-121.92887,36.44736],[-121.92978,36.44905],[-121.9287,36.451],[-121.93007,36.45328],[-121.92951,36.45365],[-121.92918,36.45296],[-121.92832,36.45372],[-121.92683,36.45316],[-121.92691,36.4538],[-121.92511,36.45427],[-121.92592,36.45602],[-121.92659,36.45603],[-121.92508,36.45637],[-121.92603,36.45876],[-121.92541,36.45957],[-121.92681,36.45971],[-121.92663,36.46085],[-121.92758,36.46085],[-121.92756,36.46159],[-121.92819,36.46079],[-121.92753,36.46219],[-121.92834,36.46193],[-121.92841,36.46292],[-121.92762,36.46321],[-121.92901,36.46357],[-121.92898,36.46505],[-121.92987,36.46491],[-121.92992,36.46595],[-121.93038,36.46553],[-121.92978,36.46647],[-121.93074,36.46626],[-121.93037,36.46671],[-121.93114,36.4667],[-121.93163,36.46796],[-121.93267,36.46791],[-121.93324,36.46896],[-121.93374,36.46863],[-121.93388,36.46972],[-121.93452,36.46874],[-121.93412,36.47023],[-121.93494,36.46984],[-121.93633,36.47155],[-121.93733,36.47158],[-121.93674,36.47348],[-121.9374,36.47318],[-121.93755,36.47407],[-121.93814,36.47407],[-121.93898,36.47659],[-121.93891,36.47762],[-121.93774,36.47746],[-121.9388,36.47801],[-121.93789,36.4786],[-121.93891,36.47872],[-121.93772,36.47913],[-121.93919,36.48002],[-121.93805,36.48098],[-121.93914,36.48216],[-121.93998,36.48188],[-121.94097,36.48272],[-121.94046,36.4831],[-121.94125,36.48355],[-121.94073,36.48467],[-121.94138,36.48442],[-121.94169,36.48548],[-121.94108,36.48522],[-121.94163,36.48583],[-121.941,36.48558],[-121.94086,36.48618],[-121.94136,36.48895],[-121.9423,36.48994],[-121.94367,36.48994],[-121.94432,36.48759],[-121.94418,36.48952],[-121.94502,36.48905],[-121.94511,36.4898],[-121.94391,36.49115],[-121.94595,36.49006],[-121.94639,36.49066],[-121.9445,36.49159],[-121.94547,36.49225],[-121.94458,36.49348],[-121.94224,36.49278],[-121.94118,36.49521],[-121.93964,36.49514],[-121.94011,36.49624],[-121.93889,36.49654],[-121.93922,36.49733],[-121.9367,36.49795],[-121.93656,36.4989],[-121.93778,36.49971],[-121.93784,36.49888],[-121.93954,36.50011],[-121.93997,36.4997],[-121.94037,36.50108],[-121.93994,36.50191],[-121.93843,36.50092],[-121.93832,36.50269],[-121.93893,36.50246],[-121.93952,36.50367],[-121.93793,36.50489],[-121.9392,36.50558],[-121.9386,36.50621],[-121.93919,36.50702],[-121.94116,36.50674],[-121.94221,36.50754],[-121.94078,36.508],[-121.94279,36.50911],[-121.94191,36.50917],[-121.94276,36.50969],[-121.94136,36.51044],[-121.94218,36.51078],[-121.94165,36.51129],[-121.94255,36.5114],[-121.94188,36.51146],[-121.94209,36.51191],[-121.94408,36.51213],[-121.94367,36.51259],[-121.9443,36.5133],[-121.94504,36.51277],[-121.94566,36.51369],[-121.94737,36.51354],[-121.94831,36.51523],[-121.94969,36.51598],[-121.94951,36.51709],[-121.95214,36.51668],[-121.95243,36.51824],[-121.95324,36.51822],[-121.95337,36.51741],[-121.95456,36.51894],[-121.95306,36.51958],[-121.95209,36.51862],[-121.95104,36.51935],[-121.95139,36.52052],[-121.95396,36.52125],[-121.95324,36.52123],[-121.95444,36.52275],[-121.95293,36.52243],[-121.95484,36.52362],[-121.95471,36.52436],[-121.9538,36.52323],[-121.95252,36.52284],[-121.95316,36.52404],[-121.95138,36.52296],[-121.94969,36.52105],[-121.94944,36.52268],[-121.94812,36.52224],[-121.9486,36.52356],[-121.948,36.52395],[-121.94458,36.52195],[-121.94472,36.52059],[-121.94235,36.52065],[-121.94239,36.52165],[-121.94149,36.52161],[-121.94009,36.52086],[-121.94079,36.51932],[-121.9385,36.51875],[-121.93664,36.51998],[-121.93782,36.52134],[-121.93683,36.52083],[-121.93627,36.52137],[-121.93799,36.52268],[-121.93716,36.52271],[-121.93771,36.5233],[-121.93681,36.52362],[-121.93444,36.52214],[-121.93345,36.5229],[-121.93373,36.52354],[-121.93035,36.52367],[-121.92966,36.52265],[-121.92847,36.52247],[-121.92542,36.5248],[-121.92506,36.52657],[-121.9262,36.52823],[-121.92564,36.53051],[-121.92807,36.53356],[-121.92869,36.53782],[-121.93036,36.53967],[-121.93258,36.53928],[-121.9339,36.5434],[-121.93375,36.54461],[-121.93077,36.54492],[-121.9292,36.54632],[-121.92892,36.54827],[-121.9299,36.55267],[-121.9332,36.5602],[-121.93421,36.56106],[-121.93579,36.56107],[-121.93535,36.56197],[-121.93745,36.56289],[-121.93898,36.56139],[-121.94067,36.56107],[-121.94087,36.56227],[-121.9395,36.56313],[-121.93937,36.5643],[-121.94206,36.56627],[-121.94388,36.56634],[-121.94531,36.56543],[-121.94859,36.56738],[-121.95078,36.56701],[-121.95129,36.56632],[-121.95067,36.56577],[-121.95166,36.56526],[-121.951,36.56451],[-121.95176,36.56355],[-121.95157,36.56136],[-121.95311,36.56086],[-121.95642,36.56231],[-121.95835,36.56515],[-121.96031,36.56597],[-121.96085,36.56556],[-121.96257,36.56725],[-121.96422,36.56697],[-121.96426,36.56862],[-121.96538,36.56845],[-121.9652,36.56897],[-121.96644,36.56942],[-121.96708,36.56885],[-121.97005,36.56886],[-121.97125,36.56966],[-121.97037,36.57079],[-121.97141,36.57103],[-121.97048,36.57115],[-121.97038,36.5718],[-121.97337,36.57419],[-121.97284,36.57404],[-121.97247,36.5752],[-121.97447,36.57688],[-121.9757,36.57597],[-121.97607,36.57675],[-121.97556,36.57694],[-121.97649,36.57751],[-121.97561,36.57772],[-121.97631,36.57796],[-121.9758,36.57795],[-121.97679,36.57952],[-121.97865,36.57941],[-121.97895,36.5801],[-121.97808,36.57971],[-121.97744,36.58034],[-121.97858,36.58151],[-121.9771,36.58105],[-121.97706,36.5802],[-121.97619,36.58051],[-121.97545,36.57992],[-121.9749,36.58041],[-121.97542,36.58185],[-121.97487,36.58198],[-121.97565,36.58228],[-121.97495,36.58218],[-121.97524,36.58281],[-121.97426,36.58211],[-121.97483,36.5835],[-121.97375,36.58304],[-121.97209,36.58383],[-121.97091,36.58235],[-121.96778,36.5825],[-121.96758,36.58374],[-121.9655,36.58533],[-121.96575,36.58616],[-121.96357,36.58879],[-121.96534,36.59093],[-121.96336,36.59261],[-121.96259,36.59431],[-121.96162,36.59461],[-121.96146,36.59709],[-121.96285,36.59812],[-121.96105,36.6019],[-121.96188,36.60278],[-121.95949,36.60416],[-121.95982,36.60582],[-121.95877,36.60718],[-121.95947,36.60901],[-121.95691,36.61016],[-121.95263,36.60854],[-121.94933,36.60922],[-121.9472,36.61125],[-121.94637,36.61404],[-121.94384,36.61539],[-121.94185,36.61777],[-121.94153,36.61968],[-121.94246,36.62111],[-121.94151,36.62245],[-121.94198,36.62315],[-121.94039,36.62406],[-121.94113,36.62481],[-121.93993,36.62532],[-121.94054,36.62681],[-121.93834,36.62711],[-121.93845,36.62956],[-121.93755,36.62994],[-121.93911,36.6305],[-121.93809,36.6307],[-121.93815,36.63179],[-121.93975,36.63283],[-121.93906,36.63299],[-121.93912,36.63432],[-121.93819,36.63473],[-121.93785,36.636],[-121.93639,36.63699],[-121.93828,36.63876],[-121.93607,36.6374],[-121.93031,36.63722],[-121.92785,36.63628],[-121.92751,36.63542],[-121.92561,36.63556],[-121.92439,36.63489],[-121.92191,36.63208],[-121.9223,36.63068],[-121.92142,36.6297],[-121.92152,36.62842],[-121.91751,36.62662],[-121.91531,36.62701],[-121.91656,36.62508],[-121.91445,36.62319],[-121.91165,36.62326],[-121.91124,36.62248],[-121.90993,36.62226],[-121.90987,36.62123],[-121.90882,36.62096],[-121.90775,36.62132],[-121.90609,36.62069],[-121.90558,36.622],[-121.90398,36.62171],[-121.90322,36.61928],[-121.90147,36.61888],[-121.89946,36.61646],[-121.89952,36.61569],[-121.89822,36.61539],[-121.89832,36.61468],[-121.89718,36.61376],[-121.89763,36.61207],[-121.89629,36.61129],[-121.89637,36.61052],[-121.89411,36.60764],[-121.89442,36.60504],[-121.89301,36.60304],[-121.88874,36.60146],[-121.88436,36.60089],[-121.87384,36.60292],[-121.86632,36.60646],[-121.86039,36.61035],[-121.85118,36.61826],[-121.84151,36.62957],[-121.83919,36.62799],[-121.83027,36.63823],[-121.82568,36.64237],[-121.81576,36.64849],[-121.8152,36.65018],[-121.8159,36.65242],[-121.81492,36.65291],[-121.81612,36.65291],[-121.81721,36.65683],[-121.81547,36.66584],[-121.81944,36.66756],[-121.81547,36.66584],[-121.81394,36.66948],[-121.80757,36.67934],[-121.81384,36.68233],[-121.81031,36.6945],[-121.80769,36.7078],[-121.80766,36.7109],[-121.80676,36.7132],[-121.80474,36.75056],[-121.80282,36.75809],[-121.80081,36.7627],[-121.79992,36.769],[-121.79637,36.78219],[-121.79212,36.79522],[-121.78865,36.8019],[-121.78821,36.80423],[-121.78971,36.80785],[-121.78977,36.81086],[-121.79119,36.81546],[-121.7972,36.82437],[-121.8072,36.84559],[-121.80593,36.84661],[-121.80631,36.84875],[-121.80776,36.85082],[-121.80764,36.85218],[-121.80129,36.85696],[-121.8003,36.86048],[-121.80327,36.86609],[-121.8034,36.86856],[-121.79738,36.87362],[-121.7938,36.87954],[-121.78969,36.88204],[-121.78719,36.88481],[-121.78368,36.88594],[-121.77974,36.88364],[-121.77418,36.88337],[-121.76941,36.88519],[-121.7654,36.888],[-121.76418,36.89148],[-121.76047,36.89444],[-121.75719,36.90033],[-121.74536,36.90939],[-121.73911,36.90848],[-121.73522,36.90873],[-121.72821,36.91163],[-121.7271,36.91403],[-121.72538,36.91448],[-121.72185,36.91313],[-121.71805,36.91019],[-121.71468,36.90885],[-121.71359,36.90956],[-121.71008,36.91541],[-121.70698,36.91521],[-121.69996,36.91977],[-121.69864,36.91855],[-121.69859,36.91671]],[[-121.75849,36.65401],[-121.75796,36.64914],[-121.75653,36.64701],[-121.76211,36.64447],[-121.7633,36.64198],[-121.77033,36.63689],[-121.77043,36.6347],[-121.7722,36.63298],[-121.77731,36.63255],[-121.77828,36.63069],[-121.78585,36.62705],[-121.78635,36.62166],[-121.78775,36.61868],[-121.78971,36.61792],[-121.79821,36.62199],[-121.79874,36.62307],[-121.8019,36.6245],[-121.80485,36.62324],[-121.80898,36.61978],[-121.81566,36.61737],[-121.81805,36.6152],[-121.81911,36.61272],[-121.81899,36.60664],[-121.82136,36.59977],[-121.82133,36.59647],[-121.81921,36.59265],[-121.81313,36.58761],[-121.81022,36.58247],[-121.8007,36.57946],[-121.79451,36.57856],[-121.78864,36.58047],[-121.78445,36.58056],[-121.77356,36.58261],[-121.77169,36.58373],[-121.77169,36.58588],[-121.76993,36.58695],[-121.76538,36.58685],[-121.76099,36.58565],[-121.76109,36.58675],[-121.76273,36.58798],[-121.76289,36.5899],[-121.76023,36.59296],[-121.7563,36.59088],[-121.75536,36.58962],[-121.75235,36.58955],[-121.75266,36.59078],[-121.75151,36.59199],[-121.75121,36.59553],[-121.74887,36.59737],[-121.74777,36.6004],[-121.74461,36.60359],[-121.74661,36.60998],[-121.74472,36.61429],[-121.74449,36.62091],[-121.74208,36.62448],[-121.74436,36.62089],[-121.74459,36.61425],[-121.74649,36.60949],[-121.74175,36.59941],[-121.74843,36.58848],[-121.74621,36.58827],[-121.74278,36.58976],[-121.74478,36.58759],[-121.74833,36.58542],[-121.74822,36.58123],[-121.74938,36.57937],[-121.74661,36.57114],[-121.73954,36.57279],[-121.73577,36.57433],[-121.72957,36.57838],[-121.7265,36.57867],[-121.72881,36.58112],[-121.72859,36.58432],[-121.72519,36.58668],[-121.71888,36.58215],[-121.71846,36.58119],[-121.71691,36.58266],[-121.71356,36.58397],[-121.71087,36.58873],[-121.71255,36.58994],[-121.71203,36.59196],[-121.70193,36.60175],[-121.70626,36.6024],[-121.70158,36.60504],[-121.7002,36.60909],[-121.69689,36.60869],[-121.69712,36.60792],[-121.69141,36.61488],[-121.68834,36.6172],[-121.68693,36.61928],[-121.6869,36.62159],[-121.68858,36.62247],[-121.68808,36.62373],[-121.68862,36.62712],[-121.69351,36.63131],[-121.69809,36.63328],[-121.69997,36.63215],[-121.70059,36.6307],[-121.70257,36.63016],[-121.70283,36.62655],[-121.70899,36.62519],[-121.7134,36.62809],[-121.71226,36.62885],[-121.71946,36.63134],[-121.71187,36.63447],[-121.7116,36.63534],[-121.70888,36.63651],[-121.70809,36.63969],[-121.70864,36.64161],[-121.71422,36.64154],[-121.71531,36.64277],[-121.71619,36.64186],[-121.72198,36.64294],[-121.72232,36.64211],[-121.7257,36.64258],[-121.72759,36.63982],[-121.7276,36.63706],[-121.72841,36.63671],[-121.72877,36.63541],[-121.73144,36.63477],[-121.73271,36.63364],[-121.73593,36.63329],[-121.73555,36.6366],[-121.7383,36.63623],[-121.73914,36.63687],[-121.73848,36.64111],[-121.73573,36.64384],[-121.73732,36.64572],[-121.74105,36.64703],[-121.7363,36.64792],[-121.73747,36.651],[-121.74121,36.65088],[-121.74169,36.65507],[-121.75792,36.65559],[-121.75849,36.65401]],[[-121.77732,36.67684],[-121.76982,36.67319],[-121.76596,36.67805],[-121.76989,36.68078],[-121.77189,36.67829],[-121.76992,36.68077],[-121.77064,36.68114],[-121.76921,36.68294],[-121.77358,36.68598],[-121.77162,36.68876],[-121.76913,36.68756],[-121.76849,36.68845],[-121.7672,36.68784],[-121.76358,36.68898],[-121.76505,36.69157],[-121.76691,36.69279],[-121.79116,36.68432],[-121.77656,36.67747],[-121.77732,36.67684]],[[-121.76485,36.67055],[-121.76615,36.66872],[-121.76797,36.66962],[-121.77191,36.66684],[-121.76034,36.66386],[-121.75065,36.65939],[-121.74827,36.66264],[-121.76485,36.67055]],[[-121.75537,36.6812],[-121.75536,36.67855],[-121.75392,36.67754],[-121.75355,36.6743],[-121.75248,36.67453],[-121.75196,36.67677],[-121.74913,36.6779],[-121.75258,36.68073],[-121.75596,36.68697],[-121.75792,36.68606],[-121.75537,36.6812]]]},"properties":{"id":"24","code":"A24","name":"Monterey Archery Either-Sex Deer Hunt","kind":"archery_hunt","group":"Archery","hunt_type":"EITHER-SEX","acreage":2103898}},{"type":"Feature","geometry":{"type":"Polygon","coordinates":[[[-121.72023,36.6032],[-121.71966,36.60254],[-121.71859,36.60446],[-121.71768,36.60368],[-121.71954,36.6021],[-121.71819,36.60084],[-121.7191,36.59916],[-121.72228,36.59848],[-121.72481,36.59899],[-121.72364,36.60188],[-121.72266,36.6021],[-121.72149,36.60538],[-121.71988,36.60491],[-121.72023,36.6032]]]},"properties":{"id":"24","code":"A24","name":"Monterey Archery Either-Sex Deer Hunt","kind":"archery_hunt","group":"Archery","hunt_type":"EITHER-SEX","acreage":2103898}},{"type":"Feature","geometry":{"type":"Polygon","coordinates":[[[-121.74797,36.61952],[-121.75135,36.61926],[-121.75241,36.61467],[-121.75348,36.61506],[-121.75373,36.61648],[-121.75603,36.61535],[-121.7568,36.61598],[-121.75367,36.61953],[-121.75144,36.61998],[-121.74879,36.62171],[-121.74789,36.62116],[-121.74797,36.61952]]]},"properties":{"id":"24","code":"A24","name":"Monterey Archery Either-Sex Deer Hunt","kind":"archery_hunt","group":"Archery","hunt_type":"EITHER-SEX","acreage":2103898}},{"type":"Feature","geometry":{"type":"Polygon","coordinates":[[[-121.04822,40.31081],[-121.01469,40.31396],[-120.94667,40.31739],[-120.94365,40.31883],[-120.93338,40.32808],[-120.93033,40.32952],[-120.92893,40.3311],[-120.92732,40.3354],[-120.92412,40.33849],[-120.89597,40.35026],[-120.88996,40.35451],[-120.8858,40.35644],[-120.88198,40.35568],[-120.87976,40.35266],[-120.87677,40.35216],[-120.87381,40.35484],[-120.86894,40.35694],[-120.8649,40.36064],[-120.85722,40.36227],[-120.85419,40.36371],[-120.84941,40.36384],[-120.8466,40.36565],[-120.84074,40.36702],[-120.84005,40.36906],[-120.83849,40.36988],[-120.83499,40.36791],[-120.8291,40.37088],[-120.81357,40.3754],[-120.80193,40.38118],[-120.78894,40.39087],[-120.77699,40.39699],[-120.77184,40.40083],[-120.76758,40.40689],[-120.76384,40.40892],[-120.73631,40.41445],[-120.72512,40.41478],[-120.70732,40.41875],[-120.69625,40.42234],[-120.68569,40.42228],[-120.6806,40.42507],[-120.67884,40.42494],[-120.67063,40.41849],[-120.66719,40.41707],[-120.66548,40.41728],[-120.66321,40.41881],[-120.6395,40.41305],[-120.63173,40.40703],[-120.62374,40.40454],[-120.62003,40.4001],[-120.59678,40.39473],[-120.59205,40.39222],[-120.58846,40.39293],[-120.58413,40.39867],[-120.58078,40.40016],[-120.57419,40.39737],[-120.52131,40.39567],[-120.51281,40.39718],[-120.48817,40.39801],[-120.4789,40.40075],[-120.45185,40.40071],[-120.44084,40.3966],[-120.41808,40.39671],[-120.39981,40.38705],[-120.39622,40.3871],[-120.3929,40.38328],[-120.36575,40.37722],[-120.35083,40.37632],[-120.31369,40.37761],[-120.31171,40.37874],[-120.29538,40.36635],[-120.23881,40.36641],[-120.23848,40.35534],[-120.23665,40.3525],[-120.23533,40.35207],[-120.19836,40.35224],[-120.19582,40.3513],[-120.18605,40.33822],[-120.18491,40.3331],[-120.18485,40.33179],[-120.19175,40.31974],[-120.19167,40.31871],[-120.1859,40.31085],[-120.18309,40.30541],[-120.17969,40.30111],[-120.17742,40.29989],[-120.17183,40.29982],[-120.16556,40.29815],[-120.15845,40.29765],[-120.14054,40.28941],[-120.12701,40.28901],[-120.10359,40.28169],[-120.09667,40.28148],[-120.07451,40.26875],[-120.0338,40.26315],[-119.99657,40.24558],[-119.99729,40.15341],[-120.05053,40.14528],[-120.05393,40.14343],[-120.05736,40.14265],[-120.12056,40.14483],[-120.12413,40.14479],[-120.12419,40.14355],[-120.1716,40.14377],[-120.20417,40.1381],[-120.21582,40.13265],[-120.24686,40.12489],[-120.25105,40.1265],[-120.26567,40.13468],[-120.30593,40.15276],[-120.35629,40.16692],[-120.36888,40.16888],[-120.36537,40.1655],[-120.35207,40.15602],[-120.35207,40.15327],[-120.35064,40.1514],[-120.35064,40.14868],[-120.35311,40.14488],[-120.34997,40.13669],[-120.3483,40.13512],[-120.3396,40.13134],[-120.34014,40.13045],[-120.34389,40.13104],[-120.34502,40.13006],[-120.34571,40.12716],[-120.34883,40.12761],[-120.34796,40.12293],[-120.34954,40.12378],[-120.3492,40.1226],[-120.36041,40.12261],[-120.36055,40.12992],[-120.37935,40.12968],[-120.37916,40.14075],[-120.3983,40.14071],[-120.39833,40.14745],[-120.40789,40.14749],[-120.40759,40.16223],[-120.41731,40.16216],[-120.41691,40.16949],[-120.43635,40.16968],[-120.43639,40.17683],[-120.44588,40.17685],[-120.4449,40.19134],[-120.45433,40.19141],[-120.45444,40.20576],[-120.48285,40.20574],[-120.48249,40.22024],[-120.49197,40.22029],[-120.49177,40.23482],[-120.5107,40.23474],[-120.51088,40.24906],[-120.52998,40.24918],[-120.52988,40.25636],[-120.54891,40.25641],[-120.54896,40.26371],[-120.57713,40.26399],[-120.57718,40.28555],[-120.6232,40.2859],[-120.62308,40.29312],[-120.64237,40.29331],[-120.64244,40.3005],[-120.65163,40.30058],[-120.65171,40.30776],[-120.67919,40.30857],[-120.72637,40.30848],[-120.72644,40.31575],[-120.76445,40.31597],[-120.76441,40.30869],[-120.77376,40.30856],[-120.77387,40.30134],[-120.79627,40.30168],[-120.79594,40.27764],[-120.81476,40.27786],[-120.81504,40.27056],[-120.83384,40.27068],[-120.83408,40.25616],[-120.84355,40.25614],[-120.8435,40.24888],[-120.85304,40.24886],[-120.85298,40.24162],[-120.87183,40.24169],[-120.87179,40.19943],[-120.89072,40.19941],[-120.89071,40.19216],[-120.92868,40.19198],[-120.92805,40.20647],[-120.94712,40.20653],[-120.9462,40.22092],[-121.00395,40.22094],[-121.0041,40.23488],[-121.04162,40.23472],[-121.04161,40.25632],[-121.06159,40.25629],[-121.06106,40.29413],[-121.05777,40.29631],[-121.052,40.29853],[-121.04734,40.298],[-121.04646,40.30273],[-121.04849,40.30923],[-121.04822,40.31081]]]},"properties":{"id":"25","code":"A26","name":"Bass Hill Archery Buck Hunt","kind":"archery_hunt","group":"Archery","hunt_type":"BUCK","acreage":366285}},{"type":"Feature","geometry":{"type":"Polygon","coordinates":[[[-118.17094,34.77681],[-118.17003,34.69098],[-118.16865,34.68666],[-118.15572,34.67267],[-118.15381,34.66822],[-118.15317,34.6109],[-118.15115,34.60799],[-118.13993,34.59961],[-118.13506,34.59485],[-118.13436,34.59228],[-118.13406,34.58129],[-118.12979,34.57973],[-118.11838,34.57941],[-118.04736,34.57994],[-118.04525,34.5784],[-118.04544,34.55449],[-118.04456,34.55307],[-118.01624,34.53251],[-118.01378,34.53033],[-118.00853,34.52274],[-118.0067,34.52171],[-118.00092,34.52111],[-117.96025,34.52127],[-117.93709,34.52046],[-117.92419,34.50659],[-117.81775,34.50585],[-117.81614,34.5054],[-117.80929,34.50001],[-117.80659,34.49881],[-117.73984,34.49859],[-117.73742,34.4977],[-117.73673,34.49858],[-117.6601,34.49908],[-117.6599,34.45245],[-117.64628,34.28918],[-117.67847,34.162],[-117.68214,34.1549],[-117.68673,34.13825],[-117.71037,34.08178],[-117.73324,34.08132],[-117.75768,34.07167],[-117.76178,34.07079],[-117.77593,34.07267],[-117.78812,34.07268],[-117.79377,34.07104],[-117.80715,34.06475],[-117.81618,34.06363],[-117.82592,34.06393],[-117.83269,34.06678],[-117.83954,34.06863],[-117.85823,34.06793],[-117.86809,34.07141],[-117.88091,34.07191],[-117.94144,34.07235],[-118.00862,34.06408],[-118.0142,34.06497],[-118.0207,34.06754],[-118.02359,34.06798],[-118.03385,34.06782],[-118.04285,34.06874],[-118.05265,34.07229],[-118.1441,34.07139],[-118.1468,34.07066],[-118.1645,34.06111],[-118.17045,34.06152],[-118.18481,34.0555],[-118.19742,34.05529],[-118.20589,34.0536],[-118.21412,34.05517],[-118.21445,34.04823],[-118.22414,34.02974],[-118.23224,34.02743],[-118.23928,34.0245],[-118.24453,34.02365],[-118.25614,34.02961],[-118.26264,34.03211],[-118.27243,34.03784],[-118.27394,34.03793],[-118.28588,34.03701],[-118.31463,34.03699],[-118.32918,34.03528],[-118.35799,34.03385],[-118.36228,34.03385],[-118.37944,34.03684],[-118.38211,34.03597],[-118.3924,34.02991],[-118.39529,34.02904],[-118.40544,34.0298],[-118.41427,34.03168],[-118.43215,34.03147],[-118.43419,34.032],[-118.43688,34.03117],[-118.43993,34.03639],[-118.44881,34.04695],[-118.45135,34.05226],[-118.47398,34.07887],[-118.47639,34.09215],[-118.47809,34.09609],[-118.47733,34.10135],[-118.48212,34.10854],[-118.48207,34.11119],[-118.48141,34.11884],[-118.47577,34.12573],[-118.47376,34.1296],[-118.47128,34.13714],[-118.47101,34.14495],[-118.46847,34.15106],[-118.46961,34.15657],[-118.46967,34.16138],[-118.46774,34.16772],[-118.46799,34.17324],[-118.47381,34.18229],[-118.47431,34.18739],[-118.47332,34.20075],[-118.47205,34.26957],[-118.46784,34.28397],[-118.46778,34.28862],[-118.482,34.30288],[-118.48617,34.30762],[-118.49067,34.31463],[-118.49631,34.31838],[-118.50345,34.32134],[-118.50788,34.33065],[-118.50992,34.3325],[-118.52021,34.33773],[-118.52816,34.33962],[-118.53442,34.34441],[-118.54718,34.34964],[-118.55355,34.3553],[-118.55697,34.3632],[-118.5674,34.37928],[-118.57387,34.40061],[-118.58652,34.4269],[-118.59702,34.43625],[-118.60553,34.44082],[-118.61181,34.43668],[-118.61131,34.44118],[-118.60984,34.44381],[-118.61207,34.4457],[-118.6165,34.4534],[-118.61523,34.45972],[-118.61686,34.46599],[-118.61412,34.47836],[-118.61473,34.48115],[-118.62708,34.49768],[-118.62915,34.50498],[-118.64221,34.52264],[-118.64567,34.53326],[-118.65389,34.54189],[-118.67203,34.55185],[-118.68449,34.56178],[-118.68864,34.56831],[-118.69931,34.57348],[-118.70355,34.57801],[-118.70928,34.58226],[-118.71178,34.58675],[-118.71101,34.59671],[-118.71257,34.6096],[-118.71891,34.62145],[-118.72961,34.63088],[-118.74097,34.63339],[-118.74832,34.63764],[-118.75099,34.64155],[-118.75442,34.64972],[-118.75485,34.65508],[-118.75671,34.65883],[-118.7621,34.66296],[-118.76695,34.66942],[-118.77587,34.67286],[-118.77769,34.67426],[-118.78079,34.67933],[-118.78755,34.68707],[-118.79267,34.69625],[-118.79845,34.71135],[-118.79925,34.72541],[-118.79587,34.74491],[-118.79587,34.75175],[-118.79738,34.75315],[-118.79783,34.76315],[-118.79584,34.75846],[-118.78948,34.76463],[-118.77729,34.77353],[-118.77362,34.77463],[-118.76516,34.7738],[-118.75598,34.77042],[-118.7392,34.76851],[-118.73492,34.76554],[-118.7327,34.76502],[-118.7155,34.76524],[-118.69677,34.77139],[-118.67796,34.77476],[-118.67444,34.77657],[-118.67086,34.77994],[-118.66792,34.78164],[-118.66459,34.78276],[-118.65823,34.78326],[-118.61814,34.78303],[-118.61526,34.7822],[-118.61182,34.77809],[-118.60811,34.77585],[-118.5725,34.77568],[-118.56293,34.77453],[-118.4757,34.77456],[-118.30537,34.77642],[-118.17094,34.77681]]]},"properties":{"id":"26","code":"A31","name":"Los Angeles Archery Either-Sex Deer Hunt","kind":"archery_hunt","group":"Archery","hunt_type":"EITHER-SEX","acreage":1377140}},{"type":"Feature","geometry":{"type":"Polygon","coordinates":[[[-118.43688,34.03117],[-118.45105,34.02762],[-118.45677,34.02746],[-118.47377,34.0232],[-118.48518,34.01516],[-118.49775,34.0087],[-118.50518,34.01553],[-118.51668,34.02438],[-118.52955,34.03224],[-118.54559,34.03879],[-118.54994,34.03932],[-118.55638,34.03794],[-118.56386,34.04089],[-118.56867,34.04177],[-118.57156,34.04176],[-118.5758,34.03939],[-118.57992,34.03969],[-118.58352,34.03789],[-118.59519,34.03971],[-118.60296,34.03924],[-118.60962,34.03652],[-118.6227,34.03776],[-118.62713,34.037],[-118.63379,34.03707],[-118.63622,34.03616],[-118.64608,34.03817],[-118.64889,34.03747],[-118.66115,34.03887],[-118.6708,34.0388],[-118.67722,34.03674],[-118.68006,34.032],[-118.68257,34.03088],[-118.69405,34.03269],[-118.7063,34.02961],[-118.7146,34.03155],[-118.71947,34.03129],[-118.7362,34.03331],[-118.74084,34.03301],[-118.75046,34.03065],[-118.7545,34.02841],[-118.75683,34.02586],[-118.76819,34.02504],[-118.78166,34.02237],[-118.78578,34.02074],[-118.79002,34.01661],[-118.79397,34.01076],[-118.79421,34.00769],[-118.80239,34.00544],[-118.80469,34.0031],[-118.80511,34.00047],[-118.8068,34.00018],[-118.80872,34.00134],[-118.81788,34.01115],[-118.82416,34.01633],[-118.83986,34.02751],[-118.85191,34.03383],[-118.85929,34.0356],[-118.86111,34.0353],[-118.86187,34.03427],[-118.86502,34.03575],[-118.87404,34.03792],[-118.89569,34.03928],[-118.90468,34.04193],[-118.90649,34.04157],[-118.9099,34.04231],[-118.91544,34.04176],[-118.92071,34.04471],[-118.92555,34.04608],[-118.93176,34.04573],[-118.93475,34.04378],[-118.93775,34.0431],[-118.93805,34.04382],[-118.94777,34.04693],[-118.95505,34.04847],[-118.96098,34.05212],[-118.96437,34.05267],[-118.96784,34.05587],[-118.97818,34.06097],[-118.98353,34.06069],[-118.98808,34.0632],[-118.99689,34.0661],[-119.00684,34.06604],[-119.01042,34.06778],[-119.01362,34.07042],[-119.01703,34.07121],[-119.02135,34.07472],[-119.02878,34.07922],[-119.03772,34.08368],[-119.04853,34.08528],[-119.05275,34.08437],[-119.05458,34.08551],[-119.05796,34.08599],[-119.06115,34.0853],[-119.0618,34.08636],[-119.06743,34.08976],[-119.08415,34.09861],[-119.0891,34.09924],[-119.08913,34.10116],[-119.09214,34.10242],[-119.0904,34.10332],[-119.08963,34.10542],[-119.09401,34.10661],[-119.09544,34.10441],[-119.09748,34.10391],[-119.09742,34.10116],[-119.09825,34.09995],[-119.10334,34.10022],[-119.10332,34.09749],[-119.10592,34.09585],[-119.11502,34.0963],[-119.12801,34.10066],[-119.14286,34.10818],[-119.1786,34.13233],[-119.18974,34.13863],[-119.20292,34.14476],[-119.20886,34.14501],[-119.20645,34.14525],[-119.20652,34.14866],[-119.20833,34.14879],[-119.2085,34.15081],[-119.21088,34.15034],[-119.21034,34.14591],[-119.21112,34.14507],[-119.21432,34.14604],[-119.2163,34.14528],[-119.21639,34.14695],[-119.21901,34.15121],[-119.22348,34.15593],[-119.22258,34.15651],[-119.22322,34.17347],[-119.22195,34.17796],[-119.22537,34.1781],[-119.22661,34.17732],[-119.23069,34.18226],[-119.23182,34.18152],[-119.233,34.17919],[-119.23052,34.17949],[-119.22953,34.17737],[-119.22955,34.17548],[-119.22801,34.17654],[-119.22847,34.16507],[-119.22437,34.15749],[-119.22464,34.15664],[-119.22559,34.15704],[-119.22911,34.15967],[-119.23168,34.16634],[-119.25941,34.21644],[-119.26442,34.22895],[-119.26285,34.22915],[-119.26348,34.23062],[-119.25808,34.23126],[-119.25689,34.23226],[-119.26433,34.23471],[-119.26544,34.23281],[-119.26767,34.24261],[-119.26725,34.2444],[-119.26812,34.24559],[-119.2664,34.24603],[-119.26452,34.23817],[-119.26169,34.23769],[-119.26155,34.24055],[-119.25755,34.2416],[-119.25807,34.24355],[-119.26369,34.24344],[-119.2643,34.2447],[-119.26262,34.2466],[-119.26691,34.24783],[-119.26719,34.25021],[-119.26884,34.25053],[-119.269,34.25004],[-119.26932,34.25385],[-119.27047,34.25436],[-119.27136,34.2573],[-119.27337,34.26053],[-119.28164,34.2698],[-119.28669,34.27338],[-119.2876,34.27324],[-119.29221,34.27565],[-119.29524,34.27556],[-119.29775,34.27441],[-119.30468,34.27318],[-119.31284,34.27667],[-119.32045,34.28349],[-119.3318,34.28768],[-119.33813,34.29126],[-119.34504,34.3001],[-119.35026,34.30528],[-119.35463,34.30862],[-119.35803,34.30996],[-119.36473,34.31641],[-119.36986,34.31952],[-119.37626,34.32118],[-119.38744,34.31782],[-119.3901,34.31804],[-119.40096,34.33129],[-119.41001,34.33717],[-119.41216,34.3378],[-119.41677,34.34207],[-119.41804,34.34213],[-119.42741,34.35209],[-119.43109,34.35477],[-119.43699,34.35604],[-119.44305,34.35514],[-119.44842,34.3624],[-119.45606,34.37067],[-119.46028,34.37392],[-119.47079,34.37614],[-119.47294,34.37565],[-119.47431,34.37415],[-119.4769,34.37323],[-119.47711,34.37436],[-119.47619,34.37528],[-119.47791,34.37605],[-119.47781,34.37972],[-119.47326,34.37943],[-119.47289,34.38015],[-119.47359,34.38102],[-119.47277,34.38363],[-119.46845,34.38676],[-119.46864,34.38859],[-119.46553,34.38883],[-119.46331,34.39055],[-119.45963,34.39181],[-119.45827,34.39356],[-119.45176,34.39712],[-119.45112,34.39933],[-119.44883,34.40203],[-119.44692,34.40204],[-119.44692,34.40388],[-119.44565,34.40439],[-119.44536,34.40876],[-119.4494,34.41207],[-119.45062,34.41511],[-119.45447,34.41853],[-119.45367,34.41943],[-119.45454,34.42173],[-119.453,34.4232],[-119.45341,34.42702],[-119.45262,34.42772],[-119.45341,34.42869],[-119.45157,34.42988],[-119.44468,34.42964],[-119.444,34.43197],[-119.44442,34.43363],[-119.4431,34.43437],[-119.44364,34.43673],[-119.44176,34.43878],[-119.44039,34.44195],[-119.44154,34.4481],[-119.44327,34.4496],[-119.44159,34.45183],[-119.44225,34.4544],[-119.4441,34.78753],[-119.44188,34.78416],[-119.43885,34.78192],[-119.43524,34.78069],[-119.43299,34.7776],[-119.42728,34.77416],[-119.42461,34.77112],[-119.42169,34.76622],[-119.4175,34.7562],[-119.41389,34.75071],[-119.40598,34.74268],[-119.40467,34.73941],[-119.39718,34.73261],[-119.39441,34.72867],[-119.39028,34.72524],[-119.38362,34.71641],[-119.37574,34.7016],[-119.37405,34.69702],[-119.37009,34.69441],[-119.36116,34.68624],[-119.35576,34.68406],[-119.35518,34.68317],[-119.35551,34.67871],[-119.35828,34.67603],[-119.37028,34.67548],[-119.37128,34.67488],[-119.37189,34.67037],[-119.37313,34.66806],[-119.37053,34.66687],[-119.36269,34.66653],[-119.36227,34.66508],[-119.36324,34.66446],[-119.36571,34.66483],[-119.3715,34.66367],[-119.37089,34.66092],[-119.37222,34.65831],[-119.37313,34.6611],[-119.37457,34.66174],[-119.37577,34.66124],[-119.37488,34.65986],[-119.37599,34.65693],[-119.3782,34.65542],[-119.3797,34.65593],[-119.38136,34.65536],[-119.38288,34.65377],[-119.38247,34.65263],[-119.38078,34.65192],[-119.38036,34.65098],[-119.38247,34.64888],[-119.3854,34.64755],[-119.38529,34.64649],[-119.38413,34.64583],[-119.37599,34.6465],[-119.37349,34.64521],[-119.37712,34.6429],[-119.3733,34.63626],[-119.37255,34.6304],[-119.37161,34.62818],[-119.37147,34.62029],[-119.37252,34.61664],[-119.37211,34.61271],[-119.36485,34.60536],[-119.35956,34.60341],[-119.354,34.60362],[-119.34727,34.59766],[-119.34553,34.59759],[-119.34107,34.60027],[-119.33957,34.60023],[-119.33504,34.5962],[-119.32715,34.59299],[-119.3218,34.59367],[-119.31364,34.5912],[-119.30896,34.59271],[-119.306,34.59165],[-119.30262,34.59222],[-119.30107,34.59176],[-119.29927,34.58938],[-119.29407,34.58904],[-119.29186,34.5875],[-119.2872,34.58841],[-119.28275,34.58662],[-119.28206,34.5852],[-119.27536,34.58394],[-119.27284,34.58103],[-119.2701,34.58101],[-119.26814,34.58226],[-119.2659,34.58159],[-119.26285,34.58196],[-119.25735,34.57477],[-119.25924,34.57136],[-119.2588,34.56891],[-119.2626,34.56407],[-119.26447,34.55856],[-119.26827,34.5563],[-119.26654,34.55485],[-119.26088,34.55445],[-119.25458,34.55561],[-119.24959,34.55508],[-119.2449,34.5563],[-119.24183,34.555],[-119.24124,34.55441],[-119.24134,34.55273],[-119.23739,34.55046],[-119.23651,34.55129],[-119.23216,34.55183],[-119.23123,34.55318],[-119.22796,34.55479],[-119.22388,34.55559],[-119.21932,34.55383],[-119.21764,34.5508],[-119.21619,34.55007],[-119.214,34.55162],[-119.21381,34.55424],[-119.21284,34.55505],[-119.2084,34.55419],[-119.20629,34.55277],[-119.20295,34.55274],[-119.20164,34.55321],[-119.20082,34.55524],[-119.19876,34.55669],[-119.19522,34.55575],[-119.1926,34.55737],[-119.19185,34.55673],[-119.19232,34.55543],[-119.18943,34.55457],[-119.18739,34.5554],[-119.18809,34.5572],[-119.18593,34.55641],[-119.18551,34.5537],[-119.18407,34.55309],[-119.18084,34.55607],[-119.18109,34.55668],[-119.17996,34.55778],[-119.17797,34.55904],[-119.17384,34.55901],[-119.17243,34.55775],[-119.16595,34.56003],[-119.16352,34.55979],[-119.15978,34.55652],[-119.15645,34.55589],[-119.1547,34.55636],[-119.14934,34.55464],[-119.14716,34.55474],[-119.1447,34.55626],[-119.14213,34.55596],[-119.13875,34.55408],[-119.13657,34.55382],[-119.13468,34.55465],[-119.13336,34.5591],[-119.13115,34.56061],[-119.12929,34.56027],[-119.12704,34.55784],[-119.12425,34.55616],[-119.11376,34.55533],[-119.11316,34.55677],[-119.11135,34.55735],[-119.10388,34.55573],[-119.10202,34.5575],[-119.0979,34.55949],[-119.09299,34.55719],[-119.08854,34.55999],[-119.08229,34.55839],[-119.08024,34.55724],[-119.08015,34.55326],[-119.07086,34.55444],[-119.0682,34.55346],[-119.06738,34.55399],[-119.06722,34.55821],[-119.06535,34.55708],[-119.06369,34.55727],[-119.06368,34.55978],[-119.06056,34.56322],[-119.05735,34.5639],[-119.0566,34.56141],[-119.05458,34.56094],[-119.05309,34.56138],[-119.0522,34.56477],[-119.04815,34.56239],[-119.04508,34.56257],[-119.04562,34.56526],[-119.04859,34.56905],[-119.04856,34.57049],[-119.03998,34.5702],[-119.03655,34.56833],[-119.03535,34.56691],[-119.03321,34.56649],[-119.03133,34.56724],[-119.03017,34.56874],[-119.02542,34.56713],[-119.0148,34.56874],[-119.01282,34.5702],[-119.01357,34.57284],[-119.01012,34.57286],[-119.00821,34.57164],[-119.00608,34.56897],[-118.99916,34.5669],[-118.99708,34.56829],[-118.99716,34.57166],[-118.993,34.5739],[-118.99079,34.57462],[-118.99003,34.57245],[-118.98822,34.57101],[-118.98524,34.57271],[-118.98376,34.57494],[-118.98192,34.57552],[-118.98021,34.57482],[-118.9739,34.56885],[-118.97255,34.56891],[-118.97149,34.56996],[-118.9711,34.57299],[-118.9689,34.57123],[-118.96802,34.56882],[-118.96481,34.56993],[-118.96436,34.56934],[-118.96521,34.56856],[-118.96519,34.56739],[-118.96391,34.56585],[-118.96207,34.56485],[-118.95972,34.56469],[-118.95694,34.56229],[-118.95373,34.56177],[-118.95484,34.55972],[-118.95357,34.55837],[-118.94991,34.55786],[-118.94735,34.55556],[-118.94408,34.55478],[-118.94347,34.55366],[-118.94695,34.54887],[-118.94662,34.54543],[-118.9452,34.54192],[-118.94881,34.53522],[-118.94809,34.53387],[-118.94448,34.53214],[-118.94333,34.53014],[-118.94637,34.52632],[-118.9498,34.52473],[-118.95182,34.51828],[-118.95338,34.51659],[-118.95464,34.51297],[-118.96153,34.51227],[-118.96408,34.506],[-118.96314,34.50118],[-118.95601,34.50141],[-118.95225,34.49837],[-118.94763,34.49763],[-118.9482,34.49499],[-118.94618,34.49029],[-118.94514,34.489],[-118.94225,34.48822],[-118.94163,34.48605],[-118.93928,34.48349],[-118.94061,34.48042],[-118.9397,34.4774],[-118.94053,34.47263],[-118.94417,34.46698],[-118.94383,34.46486],[-118.94472,34.46312],[-118.94304,34.45897],[-118.93279,34.455],[-118.932,34.45285],[-118.93085,34.45223],[-118.92903,34.45292],[-118.92896,34.45487],[-118.92759,34.45561],[-118.92533,34.45524],[-118.92459,34.4537],[-118.92494,34.45025],[-118.92717,34.44607],[-118.92774,34.44112],[-118.92561,34.43759],[-118.92583,34.43527],[-118.92493,34.43339],[-118.92568,34.41594],[-118.94074,34.39097],[-118.91201,34.39441],[-118.90308,34.39646],[-118.89496,34.39562],[-118.88383,34.39312],[-118.86921,34.39303],[-118.8459,34.39534],[-118.83689,34.3983],[-118.80537,34.39842],[-118.79852,34.40041],[-118.78296,34.40825],[-118.77323,34.4052],[-118.74263,34.40289],[-118.7371,34.40424],[-118.73122,34.4075],[-118.7276,34.40776],[-118.71721,34.4017],[-118.71041,34.40006],[-118.70615,34.39994],[-118.70129,34.40285],[-118.68864,34.40403],[-118.68334,34.40529],[-118.68049,34.40465],[-118.67295,34.40791],[-118.66779,34.40889],[-118.65886,34.41494],[-118.65326,34.4198],[-118.64861,34.42145],[-118.64074,34.42216],[-118.62864,34.42573],[-118.60553,34.44082],[-118.59702,34.43625],[-118.58652,34.4269],[-118.57387,34.40061],[-118.5674,34.37928],[-118.55697,34.3632],[-118.55355,34.3553],[-118.54718,34.34964],[-118.53442,34.34441],[-118.52816,34.33962],[-118.52021,34.33773],[-118.50992,34.3325],[-118.50788,34.33065],[-118.50345,34.32134],[-118.49631,34.31838],[-118.49067,34.31463],[-118.48617,34.30762],[-118.482,34.30288],[-118.46778,34.28862],[-118.46784,34.28397],[-118.47205,34.26957],[-118.47332,34.20075],[-118.47431,34.18739],[-118.47381,34.18229],[-118.46799,34.17324],[-118.46774,34.16772],[-118.46967,34.16138],[-118.46961,34.15657],[-118.46847,34.15106],[-118.47101,34.14495],[-118.47128,34.13714],[-118.47376,34.1296],[-118.47577,34.12573],[-118.48141,34.11884],[-118.48212,34.10854],[-118.47733,34.10135],[-118.47809,34.09609],[-118.47639,34.09215],[-118.47398,34.07887],[-118.45135,34.05226],[-118.44881,34.04695],[-118.43993,34.03639],[-118.43688,34.03117]]]},"properties":{"id":"27","code":"A32","name":"Ventura/Los Angeles Late Season Archery Either-Sex Deer Hunt","kind":"archery_hunt","group":"Archery","hunt_type":"EITHER-SEX","acreage":957917}},{"type":"Feature","geometry":{"type":"Polygon","coordinates":[[[-121.23797,36.10747],[-121.23379,36.10754],[-121.23357,36.1002],[-121.22929,36.10024],[-121.22909,36.08555],[-121.23335,36.08554],[-121.23331,36.08191],[-121.22904,36.08191],[-121.22801,36.07093],[-121.22379,36.07097],[-121.22313,36.06375],[-121.21428,36.06363],[-121.21386,36.0602],[-121.20518,36.05999],[-121.20461,36.0549],[-121.17896,36.04803],[-121.16742,36.00973],[-121.15326,36.00988],[-121.15325,36.00529],[-121.15473,36.0045],[-121.15544,36.00246],[-121.15325,36.0025],[-121.15328,35.98808],[-121.14886,35.9881],[-121.149,35.9808],[-121.14442,35.98079],[-121.14445,35.96628],[-121.13996,35.96628],[-121.14,35.95162],[-121.14735,35.95165],[-121.13555,35.94412],[-121.13107,35.94209],[-121.12372,35.93713],[-121.12416,35.93663],[-121.12266,35.9358],[-121.12232,35.93628],[-121.10888,35.92807],[-121.10886,35.92999],[-121.08222,35.92966],[-121.0822,35.92354],[-121.08388,35.92071],[-121.08401,35.91865],[-121.0778,35.91872],[-121.07777,35.91663],[-121.07327,35.9165],[-121.07328,35.915],[-121.0645,35.91507],[-121.06466,35.90792],[-121.04661,35.90818],[-121.04666,35.90513],[-121.03341,35.8995],[-121.03364,35.89026],[-121.0316,35.88965],[-121.03189,35.87789],[-121.03393,35.8785],[-121.03414,35.87013],[-121.0472,35.86881],[-121.06263,35.86875],[-121.06309,35.8716],[-121.06606,35.87788],[-121.06529,35.88288],[-121.06572,35.88507],[-121.0681,35.88683],[-121.07714,35.89033],[-121.07952,35.88984],[-121.08218,35.8906],[-121.08661,35.89066],[-121.08669,35.88323],[-121.09544,35.88327],[-121.09535,35.88682],[-121.10413,35.88661],[-121.10403,35.89377],[-121.11765,35.89364],[-121.11796,35.89932],[-121.12351,35.90094],[-121.12989,35.89352],[-121.12728,35.89354],[-121.12714,35.88996],[-121.12224,35.89006],[-121.12206,35.87946],[-121.12673,35.87941],[-121.12665,35.87589],[-121.12198,35.87594],[-121.12196,35.869],[-121.11736,35.86909],[-121.11735,35.86562],[-121.11302,35.86557],[-121.11351,35.85854],[-121.11796,35.85849],[-121.11857,35.85138],[-121.12293,35.85134],[-121.12307,35.84776],[-121.12743,35.84773],[-121.12757,35.84415],[-121.13634,35.84396],[-121.13658,35.84045],[-121.14109,35.84012],[-121.14111,35.83668],[-121.15845,35.83656],[-121.15859,35.83322],[-121.14971,35.83294],[-121.14973,35.82567],[-121.14554,35.82568],[-121.1455,35.81522],[-121.13691,35.81506],[-121.13662,35.80804],[-121.13226,35.80803],[-121.13241,35.80445],[-121.12806,35.80444],[-121.1282,35.80087],[-121.11914,35.80071],[-121.11909,35.79713],[-121.11514,35.79723],[-121.11516,35.79351],[-121.1851,35.7941],[-121.18709,35.79509],[-121.18939,35.79934],[-121.19143,35.8002],[-121.19238,35.80198],[-121.19378,35.8022],[-121.19389,35.80332],[-121.19948,35.80857],[-121.19947,35.81279],[-121.20857,35.81282],[-121.20875,35.80927],[-121.21272,35.80941],[-121.21389,35.81221],[-121.2174,35.81413],[-121.21697,35.82001],[-121.22131,35.82001],[-121.22188,35.8171],[-121.22421,35.81855],[-121.22405,35.81968],[-121.23557,35.82526],[-121.23551,35.82649],[-121.23896,35.82969],[-121.24031,35.8301],[-121.23951,35.83099],[-121.23931,35.8333],[-121.24332,35.83541],[-121.24521,35.83544],[-121.2478,35.8384],[-121.25152,35.84018],[-121.25182,35.84151],[-121.25563,35.84178],[-121.25671,35.84247],[-121.26095,35.84245],[-121.26428,35.8473],[-121.26666,35.8477],[-121.27407,35.84617],[-121.27576,35.84741],[-121.2804,35.84813],[-121.28106,35.84902],[-121.28723,35.84899],[-121.29388,35.84482],[-121.29765,35.84402],[-121.30129,35.84446],[-121.30752,35.84976],[-121.31463,35.85058],[-121.31705,35.85267],[-121.31882,35.85246],[-121.31976,35.85354],[-121.32122,35.85342],[-121.32546,35.85702],[-121.3279,35.85717],[-121.32883,35.85861],[-121.33383,35.86164],[-121.33696,35.86168],[-121.33941,35.8626],[-121.33903,35.86551],[-121.33961,35.86624],[-121.34139,35.8663],[-121.34373,35.86765],[-121.35117,35.86749],[-121.35661,35.86966],[-121.35809,35.87148],[-121.36034,35.87186],[-121.36333,35.87543],[-121.36499,35.8757],[-121.36686,35.87871],[-121.36901,35.87965],[-121.36975,35.88175],[-121.36931,35.88361],[-121.37181,35.89051],[-121.37158,35.89164],[-121.36936,35.89384],[-121.36939,35.89488],[-121.36735,35.89573],[-121.36756,35.89695],[-121.3657,35.89841],[-121.36553,35.90192],[-121.36408,35.90662],[-121.36518,35.90858],[-121.36329,35.91213],[-121.36454,35.91313],[-121.36451,35.91417],[-121.36743,35.91633],[-121.36752,35.91825],[-121.36895,35.91905],[-121.36914,35.92033],[-121.3741,35.92181],[-121.37818,35.92527],[-121.37987,35.92556],[-121.37987,35.92654],[-121.38216,35.92919],[-121.38455,35.92928],[-121.38528,35.92993],[-121.3863,35.93147],[-121.38604,35.93431],[-121.38758,35.93654],[-121.38671,35.93903],[-121.38737,35.93901],[-121.38772,35.93998],[-121.39091,35.94062],[-121.39134,35.94156],[-121.39279,35.9421],[-121.39268,35.94361],[-121.39338,35.94406],[-121.39288,35.94533],[-121.39548,35.94607],[-121.39704,35.94767],[-121.39899,35.94775],[-121.40567,35.94548],[-121.40733,35.94624],[-121.40845,35.94836],[-121.41379,35.94951],[-121.41718,35.94918],[-121.42015,35.95057],[-121.42092,35.94984],[-121.42293,35.95378],[-121.42238,35.95506],[-121.42518,35.95588],[-121.4263,35.95826],[-121.42582,35.96232],[-121.42449,35.96144],[-121.42114,35.96174],[-121.41824,35.96093],[-121.41501,35.96099],[-121.4114,35.96521],[-121.40775,35.96503],[-121.40756,35.96588],[-121.40468,35.96655],[-121.40466,35.9676],[-121.37355,35.96775],[-121.3735,35.97139],[-121.36907,35.9714],[-121.36904,35.97584],[-121.36791,35.97655],[-121.36313,35.97818],[-121.36107,35.97755],[-121.35819,35.97779],[-121.35509,35.97608],[-121.35235,35.97594],[-121.35174,35.97747],[-121.3522,35.97906],[-121.35125,35.9792],[-121.35123,35.98215],[-121.34616,35.98214],[-121.35178,35.98834],[-121.36365,35.99238],[-121.36501,35.99537],[-121.36625,35.99636],[-121.38057,35.99911],[-121.38124,36.00066],[-121.38545,36.00421],[-121.39106,36.00595],[-121.39262,36.00739],[-121.39548,36.00683],[-121.3993,36.00949],[-121.40368,36.0104],[-121.40876,36.01352],[-121.41065,36.01589],[-121.4134,36.01563],[-121.41847,36.01792],[-121.42014,36.01727],[-121.421,36.01555],[-121.42229,36.01604],[-121.42217,36.0183],[-121.4243,36.01832],[-121.42416,36.02546],[-121.42197,36.02545],[-121.42176,36.04004],[-121.41856,36.04004],[-121.41844,36.04183],[-121.4169,36.04334],[-121.41701,36.04599],[-121.41375,36.04821],[-121.41264,36.05012],[-121.40684,36.04874],[-121.40563,36.05089],[-121.40397,36.0516],[-121.40397,36.05441],[-121.39948,36.05441],[-121.39961,36.058],[-121.38615,36.05798],[-121.38663,36.07463],[-121.38718,36.07566],[-121.39121,36.07771],[-121.39233,36.07694],[-121.39678,36.07778],[-121.39798,36.08085],[-121.39654,36.08846],[-121.39699,36.08988],[-121.39946,36.09208],[-121.40341,36.09343],[-121.40457,36.0946],[-121.40858,36.09535],[-121.4144,36.09762],[-121.4137,36.09901],[-121.41468,36.10137],[-121.41415,36.10232],[-121.41219,36.10308],[-121.41214,36.10442],[-121.40969,36.10619],[-121.41029,36.10813],[-121.38807,36.1082],[-121.38788,36.10488],[-121.37459,36.10429],[-121.37457,36.10322],[-121.29976,36.09592],[-121.28189,36.09231],[-121.28196,36.09312],[-121.2768,36.0931],[-121.27689,36.09597],[-121.2544,36.09601],[-121.25453,36.09961],[-121.25039,36.09974],[-121.25051,36.10333],[-121.25458,36.10314],[-121.25462,36.11028],[-121.25049,36.11052],[-121.25069,36.11411],[-121.23824,36.11472],[-121.23797,36.10747]]]},"properties":{"id":"28","code":"A33","name":"Fort Hunter Liggett Late Season Archery Either-Sex Deer Hunt","kind":"archery_hunt","group":"Archery","hunt_type":"EITHER-SEX","acreage":161955}},{"type":"Feature","geometry":{"type":"Polygon","coordinates":[[[-123.78333,40.00177],[-123.54452,40.00198],[-123.54478,39.97697],[-122.93443,39.97794],[-122.93542,39.97709],[-122.93176,39.97399],[-122.92714,39.97145],[-122.92719,39.96973],[-122.92615,39.96885],[-122.92686,39.96736],[-122.9249,39.96],[-122.92749,39.95624],[-122.92657,39.95276],[-122.92688,39.94508],[-122.92405,39.94412],[-122.92257,39.94213],[-122.919,39.94019],[-122.91837,39.93818],[-122.9174,39.9375],[-122.91497,39.93715],[-122.91285,39.93588],[-122.91005,39.93638],[-122.91301,39.9319],[-122.91721,39.92998],[-122.91924,39.93017],[-122.92059,39.92906],[-122.92139,39.9227],[-122.92016,39.91841],[-122.92061,39.91621],[-122.92247,39.91505],[-122.92459,39.91498],[-122.9271,39.91276],[-122.93146,39.91142],[-122.93606,39.91119],[-122.94358,39.90887],[-122.94893,39.90833],[-122.95132,39.90579],[-122.94759,39.90085],[-122.94799,39.89215],[-122.94945,39.88961],[-122.95052,39.88505],[-122.94988,39.8786],[-122.95347,39.87264],[-122.95086,39.8693],[-122.95085,39.8677],[-122.95213,39.86503],[-122.95194,39.8639],[-122.95587,39.85869],[-122.9555,39.85589],[-122.95401,39.85448],[-122.95783,39.85039],[-122.95761,39.84866],[-122.96011,39.84509],[-122.95731,39.8422],[-122.95616,39.83887],[-122.95152,39.83757],[-122.94646,39.83302],[-122.9475,39.82684],[-122.94675,39.82547],[-122.94609,39.81641],[-122.94399,39.81258],[-122.94379,39.81029],[-122.94464,39.80743],[-122.94367,39.80189],[-122.94001,39.79885],[-122.93761,39.7982],[-122.93735,39.75496],[-122.93826,39.74777],[-122.91213,39.74774],[-122.91204,39.70939],[-122.8941,39.7091],[-122.8915,39.6818],[-122.89055,39.62467],[-122.8893,39.62468],[-122.88514,39.61114],[-122.88631,39.56547],[-122.89056,39.52937],[-122.93685,39.53095],[-122.93678,39.51658],[-122.99652,39.51797],[-123.01469,39.51937],[-123.0251,39.51884],[-123.02483,39.51136],[-123.04443,39.51132],[-123.04429,39.50362],[-123.06303,39.50355],[-123.06286,39.45238],[-123.07254,39.45241],[-123.0701,39.43652],[-123.07476,39.43652],[-123.07436,39.42178],[-123.07503,39.40755],[-123.05651,39.40741],[-123.05701,39.37848],[-123.04906,39.37849],[-123.0515,39.37557],[-123.05455,39.37609],[-123.06169,39.37528],[-123.06511,39.37411],[-123.06691,39.37453],[-123.07079,39.37167],[-123.07314,39.37191],[-123.0738,39.3706],[-123.07586,39.37038],[-123.07662,39.37139],[-123.07583,39.3747],[-123.07932,39.37549],[-123.08069,39.37855],[-123.08406,39.38083],[-123.10802,39.38301],[-123.11041,39.38219],[-123.11635,39.38501],[-123.11484,39.39212],[-123.11733,39.39774],[-123.11635,39.40108],[-123.11694,39.40205],[-123.11749,39.40279],[-123.12093,39.4033],[-123.12587,39.40703],[-123.12658,39.40977],[-123.12571,39.4106],[-123.12542,39.41254],[-123.12743,39.41519],[-123.12726,39.41713],[-123.12796,39.41785],[-123.13095,39.41797],[-123.1347,39.42035],[-123.1381,39.42089],[-123.13895,39.42231],[-123.13771,39.42421],[-123.1384,39.42517],[-123.14223,39.42507],[-123.14317,39.42612],[-123.14296,39.42717],[-123.14448,39.43032],[-123.1427,39.43221],[-123.14246,39.43342],[-123.14447,39.43672],[-123.14426,39.43966],[-123.14608,39.44335],[-123.14554,39.44605],[-123.14859,39.45187],[-123.14807,39.45522],[-123.15048,39.45711],[-123.15268,39.46183],[-123.15458,39.46366],[-123.1577,39.47112],[-123.15751,39.47202],[-123.15094,39.47505],[-123.15089,39.47648],[-123.15454,39.4804],[-123.1578,39.48253],[-123.15768,39.4875],[-123.15889,39.48884],[-123.16137,39.48995],[-123.1657,39.49007],[-123.17148,39.49376],[-123.17454,39.49222],[-123.1826,39.49415],[-123.1841,39.49357],[-123.19169,39.49484],[-123.2014,39.49425],[-123.20648,39.49601],[-123.20905,39.49476],[-123.20926,39.49429],[-123.20785,39.49379],[-123.21435,39.49106],[-123.21506,39.48933],[-123.21747,39.4881],[-123.21821,39.48628],[-123.21827,39.4848],[-123.21662,39.48211],[-123.21694,39.48026],[-123.21929,39.47668],[-123.21822,39.47496],[-123.21846,39.47342],[-123.2127,39.46931],[-123.21226,39.46774],[-123.21323,39.46628],[-123.21139,39.45957],[-123.21313,39.45803],[-123.21452,39.4589],[-123.21315,39.45946],[-123.2139,39.45985],[-123.21773,39.45947],[-123.21862,39.4586],[-123.22066,39.45856],[-123.22326,39.45739],[-123.2267,39.45729],[-123.22848,39.45568],[-123.23518,39.45442],[-123.23989,39.45477],[-123.24366,39.45695],[-123.24805,39.45526],[-123.25291,39.45699],[-123.25622,39.4565],[-123.26084,39.4575],[-123.26237,39.45914],[-123.26755,39.45984],[-123.26895,39.46305],[-123.2733,39.46452],[-123.27743,39.46379],[-123.2815,39.46155],[-123.28957,39.4609],[-123.29045,39.46143],[-123.29337,39.46073],[-123.29402,39.45961],[-123.29687,39.45953],[-123.29671,39.45787],[-123.29757,39.45725],[-123.30449,39.4548],[-123.30448,39.45281],[-123.30624,39.4515],[-123.30816,39.44825],[-123.30934,39.44947],[-123.31212,39.44806],[-123.31224,39.44496],[-123.31527,39.44214],[-123.31503,39.44112],[-123.31392,39.44163],[-123.3132,39.44028],[-123.31446,39.43839],[-123.31409,39.43666],[-123.31219,39.43508],[-123.31235,39.42763],[-123.32628,39.42747],[-123.32668,39.4134],[-123.33892,39.41275],[-123.33881,39.41649],[-123.34069,39.42019],[-123.34333,39.42189],[-123.34923,39.42363],[-123.35241,39.42536],[-123.35525,39.42805],[-123.35702,39.43136],[-123.3574,39.43512],[-123.35583,39.43991],[-123.34816,39.44989],[-123.34853,39.45625],[-123.35135,39.46515],[-123.35383,39.46666],[-123.35574,39.46895],[-123.36186,39.4709],[-123.36335,39.47232],[-123.36363,39.47742],[-123.36052,39.48558],[-123.3638,39.49257],[-123.36878,39.49707],[-123.37478,39.49987],[-123.37846,39.50273],[-123.38108,39.50653],[-123.38525,39.50986],[-123.38994,39.51499],[-123.39337,39.52192],[-123.39801,39.52342],[-123.40329,39.52889],[-123.40454,39.53091],[-123.40436,39.53415],[-123.40535,39.53565],[-123.40777,39.5362],[-123.41138,39.53462],[-123.41403,39.535],[-123.41713,39.5371],[-123.41872,39.541],[-123.42378,39.54429],[-123.42521,39.55108],[-123.43271,39.55764],[-123.43322,39.56227],[-123.43489,39.56519],[-123.43587,39.57002],[-123.43813,39.57265],[-123.43916,39.57578],[-123.44099,39.57868],[-123.44406,39.5808],[-123.44532,39.58376],[-123.45151,39.58917],[-123.45411,39.5934],[-123.45468,39.5988],[-123.45402,39.60252],[-123.45649,39.60774],[-123.45896,39.6102],[-123.45919,39.61461],[-123.46514,39.62001],[-123.46478,39.62336],[-123.46233,39.6277],[-123.46298,39.63028],[-123.46807,39.63408],[-123.47114,39.64012],[-123.47338,39.64247],[-123.47625,39.64764],[-123.47644,39.65591],[-123.47775,39.65919],[-123.4763,39.66266],[-123.47561,39.67277],[-123.47614,39.68045],[-123.47817,39.6839],[-123.48316,39.68774],[-123.4833,39.69168],[-123.4887,39.70648],[-123.49209,39.71096],[-123.49907,39.71606],[-123.50489,39.72741],[-123.51323,39.73436],[-123.5141,39.7384],[-123.51524,39.7402],[-123.52636,39.74723],[-123.53274,39.74966],[-123.53475,39.75115],[-123.53684,39.75436],[-123.5373,39.75776],[-123.543,39.76359],[-123.54388,39.76762],[-123.54533,39.76891],[-123.54532,39.77041],[-123.54643,39.77242],[-123.54577,39.77495],[-123.54393,39.77707],[-123.54379,39.77998],[-123.54271,39.78167],[-123.54461,39.78613],[-123.5425,39.7916],[-123.54213,39.79667],[-123.54408,39.80402],[-123.54676,39.80576],[-123.54969,39.80892],[-123.55501,39.81015],[-123.55976,39.81499],[-123.56319,39.81701],[-123.56411,39.8183],[-123.56478,39.82214],[-123.571,39.82721],[-123.57796,39.8282],[-123.58288,39.82648],[-123.58768,39.82812],[-123.5936,39.82592],[-123.60023,39.82919],[-123.60987,39.82756],[-123.61369,39.83016],[-123.62034,39.83251],[-123.62616,39.83295],[-123.63244,39.83464],[-123.64693,39.83296],[-123.65007,39.83164],[-123.65403,39.82852],[-123.66066,39.82922],[-123.66902,39.82609],[-123.67122,39.82595],[-123.67332,39.827],[-123.67453,39.8302],[-123.67559,39.83119],[-123.68435,39.83716],[-123.68885,39.83911],[-123.69466,39.84355],[-123.71578,39.85159],[-123.71684,39.85431],[-123.71503,39.85737],[-123.71473,39.86077],[-123.71298,39.86443],[-123.71358,39.86835],[-123.71074,39.87289],[-123.71051,39.87495],[-123.71233,39.87711],[-123.71543,39.87885],[-123.71807,39.87859],[-123.72049,39.87705],[-123.72354,39.87805],[-123.73155,39.87834],[-123.73284,39.87915],[-123.73735,39.88658],[-123.73958,39.8875],[-123.74677,39.88712],[-123.74763,39.88775],[-123.74846,39.89079],[-123.75371,39.89236],[-123.75379,39.89513],[-123.75102,39.89666],[-123.7505,39.89764],[-123.75121,39.89897],[-123.75443,39.90073],[-123.75475,39.9016],[-123.74994,39.90362],[-123.74955,39.90608],[-123.75377,39.90734],[-123.75714,39.90624],[-123.75849,39.90651],[-123.759,39.90757],[-123.75752,39.91008],[-123.75865,39.91306],[-123.76117,39.91484],[-123.76648,39.91657],[-123.76739,39.91776],[-123.76695,39.91897],[-123.7647,39.91994],[-123.76124,39.92327],[-123.76095,39.92842],[-123.76475,39.93185],[-123.77145,39.93491],[-123.77779,39.94051],[-123.78115,39.94871],[-123.77997,39.9549],[-123.78088,39.95748],[-123.7866,39.96163],[-123.79441,39.96518],[-123.80094,39.97617],[-123.80246,39.98043],[-123.80173,39.9828],[-123.79678,39.98581],[-123.79371,39.98861],[-123.78934,39.99078],[-123.78859,39.99223],[-123.78812,39.99706],[-123.78333,40.00177]]]},"properties":{"id":"29","code":"A30","name":"Covelo Archery Buck Hunt","kind":"archery_hunt","group":"Archery","hunt_type":"BUCK","acreage":773271}},{"type":"Feature","geometry":{"type":"Polygon","coordinates":[[[-123.06338,38.75704],[-123.06949,38.75896],[-123.07822,38.75865],[-123.08077,38.75984],[-123.0814,38.76084],[-123.08515,38.76174],[-123.08326,38.76483],[-123.08342,38.76597],[-123.07897,38.76976],[-123.08156,38.7696],[-123.08301,38.76877],[-123.08287,38.7675],[-123.08493,38.76598],[-123.08565,38.76309],[-123.08768,38.7626],[-123.08844,38.76142],[-123.09364,38.76247],[-123.093,38.7633],[-123.09428,38.76549],[-123.09266,38.76793],[-123.09212,38.77206],[-123.09285,38.77159],[-123.09493,38.77254],[-123.09466,38.77499],[-123.09259,38.77671],[-123.088,38.77543],[-123.08583,38.77682],[-123.08449,38.77963],[-123.08815,38.77596],[-123.09039,38.77652],[-123.09061,38.77827],[-123.09249,38.77743],[-123.09499,38.77957],[-123.09371,38.77716],[-123.09546,38.77508],[-123.09555,38.774],[-123.09629,38.77399],[-123.09576,38.7735],[-123.09608,38.77185],[-123.09398,38.77062],[-123.09437,38.76835],[-123.09514,38.76812],[-123.09665,38.76829],[-123.09803,38.77016],[-123.09884,38.76963],[-123.104,38.77372],[-123.10696,38.7744],[-123.11019,38.77715],[-123.11228,38.77786],[-123.11483,38.78134],[-123.11511,38.78065],[-123.11804,38.781],[-123.1198,38.78046],[-123.12875,38.78185],[-123.1308,38.77984],[-123.13313,38.78084],[-123.13516,38.77961],[-123.13785,38.77936],[-123.1393,38.78077],[-123.13937,38.78183],[-123.14232,38.78181],[-123.14014,38.78186],[-123.13907,38.77922],[-123.13758,38.77845],[-123.13239,38.77975],[-123.1317,38.77838],[-123.13036,38.77843],[-123.12731,38.78056],[-123.11539,38.77892],[-123.1118,38.77597],[-123.11108,38.77497],[-123.11121,38.7736],[-123.10749,38.77403],[-123.10641,38.77344],[-123.10639,38.77261],[-123.10536,38.77283],[-123.10051,38.768],[-123.10085,38.76752],[-123.09862,38.76441],[-123.09765,38.76121],[-123.09384,38.75923],[-123.0938,38.75722],[-123.09438,38.75704],[-123.09407,38.75591],[-123.09476,38.75479],[-123.09404,38.75417],[-123.09498,38.75356],[-123.09506,38.75177],[-123.09878,38.74998],[-123.10265,38.75011],[-123.10264,38.75846],[-123.10844,38.75839],[-123.11284,38.76153],[-123.11753,38.76151],[-123.11757,38.7649],[-123.12251,38.76519],[-123.12222,38.76932],[-123.11756,38.76939],[-123.11762,38.77239],[-123.12225,38.77237],[-123.12228,38.77429],[-123.12684,38.77423],[-123.12697,38.76538],[-123.13182,38.76569],[-123.13181,38.76932],[-123.13602,38.76934],[-123.13606,38.77275],[-123.15205,38.78017],[-123.15928,38.78127],[-123.15929,38.78734],[-123.16405,38.78834],[-123.16403,38.7903],[-123.16018,38.79064],[-123.15849,38.79147],[-123.15536,38.78963],[-123.15523,38.79097],[-123.15408,38.79107],[-123.15418,38.78892],[-123.14778,38.78893],[-123.14762,38.78498],[-123.1427,38.78349],[-123.13943,38.78469],[-123.13612,38.78294],[-123.13181,38.78582],[-123.12938,38.78583],[-123.12849,38.78504],[-123.12692,38.78743],[-123.12203,38.78688],[-123.12153,38.78612],[-123.11646,38.78595],[-123.11456,38.7868],[-123.11533,38.78727],[-123.11469,38.78833],[-123.09913,38.78851],[-123.09916,38.7904],[-123.09237,38.79044],[-123.09221,38.79421],[-123.09036,38.79421],[-123.09046,38.805],[-123.08587,38.80513],[-123.08574,38.80132],[-123.081,38.8012],[-123.07973,38.79052],[-123.07352,38.79038],[-123.07223,38.788],[-123.07301,38.78687],[-123.07658,38.7868],[-123.07649,38.78333],[-123.06294,38.78311],[-123.06294,38.7796],[-123.05614,38.77953],[-123.05623,38.77387],[-123.05858,38.7738],[-123.0586,38.7723],[-123.0608,38.77216],[-123.06092,38.77055],[-123.06308,38.77047],[-123.06338,38.75704]]]},"properties":{"id":"30","code":"A25","name":"Lake Sonoma Archery Either-Sex Deer Hunt","kind":"archery_hunt","group":"Archery","hunt_type":"EITHER-SEX","acreage":5227}},{"type":"Feature","geometry":{"type":"Polygon","coordinates":[[[-121.35996,41.99656],[-121.33835,41.99636],[-121.29953,41.99771],[-121.18891,41.99729],[-121.13486,41.99642],[-121.02904,41.99323],[-120.81906,41.99364],[-120.8144,41.98924],[-120.81221,41.98931],[-120.81243,41.99042],[-120.81136,41.99181],[-120.80942,41.99055],[-120.80847,41.98803],[-120.80887,41.97872],[-120.80617,41.97479],[-120.7984,41.9718],[-120.79379,41.96825],[-120.78774,41.96604],[-120.78522,41.96207],[-120.7871,41.95997],[-120.78725,41.95865],[-120.77973,41.94519],[-120.77907,41.94277],[-120.77931,41.94],[-120.77758,41.9375],[-120.77715,41.9354],[-120.76686,41.91812],[-120.76358,41.91566],[-120.76142,41.90874],[-120.75517,41.90327],[-120.75412,41.90039],[-120.7549,41.89471],[-120.75747,41.89077],[-120.75872,41.88663],[-120.7583,41.88256],[-120.75971,41.87999],[-120.76083,41.87542],[-120.75523,41.86511],[-120.75539,41.86025],[-120.75471,41.85814],[-120.75782,41.84844],[-120.75826,41.84032],[-120.76374,41.8303],[-120.7659,41.8243],[-120.76753,41.82566],[-120.77747,41.82657],[-120.78123,41.82983],[-120.78264,41.83373],[-120.78762,41.83767],[-120.78977,41.83731],[-120.7921,41.83509],[-120.79666,41.83619],[-120.79918,41.83533],[-120.80192,41.83535],[-120.81708,41.84017],[-120.82239,41.84465],[-120.82536,41.84472],[-120.82851,41.84602],[-120.83437,41.84541],[-120.83681,41.84588],[-120.84306,41.84345],[-120.84909,41.84345],[-120.84322,41.83984],[-120.83737,41.83756],[-120.83208,41.8285],[-120.82733,41.82662],[-120.82452,41.82469],[-120.82456,41.82017],[-120.82235,41.81711],[-120.82149,41.81396],[-120.8217,41.81054],[-120.8232,41.80761],[-120.83768,41.80193],[-120.8399,41.79857],[-120.84457,41.79512],[-120.847,41.79106],[-120.8492,41.78958],[-120.85848,41.7886],[-120.86565,41.79042],[-120.87772,41.78495],[-120.88062,41.78505],[-120.88255,41.78303],[-120.89669,41.78049],[-120.90291,41.77679],[-120.90746,41.77712],[-120.91339,41.77638],[-120.91775,41.77306],[-120.92935,41.76883],[-120.93562,41.7654],[-120.94147,41.7651],[-120.94569,41.7658],[-120.95025,41.76443],[-120.95317,41.76141],[-120.95528,41.75718],[-120.96012,41.75221],[-120.96351,41.73875],[-120.96694,41.73624],[-120.96702,41.73333],[-120.97085,41.72805],[-120.97163,41.72461],[-120.97134,41.72284],[-120.97542,41.71551],[-120.97704,41.70538],[-120.97894,41.69922],[-120.98559,41.68659],[-120.98423,41.6803],[-120.98564,41.66835],[-120.98318,41.66544],[-120.98267,41.66145],[-120.98035,41.65707],[-120.97997,41.65488],[-120.9806,41.64928],[-120.98255,41.6446],[-120.98339,41.63967],[-120.98261,41.6342],[-120.98294,41.63231],[-120.98161,41.62879],[-120.98319,41.62506],[-120.98622,41.62144],[-120.98858,41.61611],[-120.98879,41.60794],[-120.99237,41.59824],[-120.99138,41.59538],[-120.9871,41.59279],[-120.98628,41.59153],[-120.98719,41.58838],[-120.9914,41.58201],[-120.99001,41.58077],[-120.98592,41.57964],[-120.98455,41.57831],[-120.98339,41.57232],[-120.97394,41.56216],[-120.97414,41.55991],[-120.97621,41.55583],[-120.97626,41.54427],[-120.97463,41.53817],[-120.96843,41.53009],[-120.9708,41.52328],[-120.97061,41.51955],[-120.97542,41.50865],[-120.97779,41.5064],[-120.97832,41.50178],[-120.9799,41.49983],[-121.14622,41.53313],[-121.1498,41.53554],[-121.16047,41.55022],[-121.18953,41.58084],[-121.28018,41.70123],[-121.28191,41.70918],[-121.29388,41.72157],[-121.30202,41.74961],[-121.30709,41.83902],[-121.31057,41.84461],[-121.31874,41.86439],[-121.31807,41.86932],[-121.31847,41.87221],[-121.32341,41.87989],[-121.32954,41.90025],[-121.33304,41.90641],[-121.33112,41.91452],[-121.33431,41.92028],[-121.34568,41.96813],[-121.34787,41.97375],[-121.34779,41.9801],[-121.34956,41.98414],[-121.35477,41.99172],[-121.35996,41.99656]]]},"properties":{"id":"31","code":"A27","name":"Devil's Garden Archery Buck Hunt","kind":"archery_hunt","group":"Archery","hunt_type":"BUCK","acreage":419387}}]}