{"type": "FeatureCollection", "features": [{"type": "Feature", "geometry": {"type": "MultiPolygon", "coordinates": [[[[-118.88017, 34.80855], [-118.87535, 34.80419], [-118.87968, 34.80789], [-118.88017, 34.80855]]], [[[-118.88156, 34.81185], [-118.88141, 34.81118], [-118.88153, 34.81151], [-118.88156, 34.81185]]], [[[-116.41877, 36.40804], [-115.70208, 35.85375], [-115.25238, 35.49987], [-114.63004, 35.00174], [-114.62737, 34.99633], [-114.62626, 34.98318], [-114.6322, 34.96454], [-114.6266, 34.94355], [-114.63022, 34.92361], [-114.62739, 34.90916], [-114.63304, 34.89206], [-114.63346, 34.88136], [-114.62689, 34.86531], [-114.61794, 34.85739], [-114.60844, 34.85272], [-114.61114, 34.83989], [-114.59643, 34.82391], [-114.60144, 34.81695], [-114.59986, 34.81148], [-114.60622, 34.80353], [-114.60894, 34.79424], [-114.59596, 34.77016], [-114.5971, 34.75725], [-114.60222, 34.7456], [-114.60267, 34.73004], [-114.61429, 34.71133], [-114.61302, 34.69742], [-114.61665, 34.68339], [-114.62131, 34.68], [-114.62295, 34.67441], [-114.62913, 34.6696], [-114.62749, 34.64696], [-114.63633, 34.63208], [-114.63616, 34.62709], [-114.64131, 34.6172], [-114.63112, 34.59584], [-114.64289, 34.58076], [-114.64904, 34.52043], [-114.65259, 34.40106], [-114.65524, 34.37155], [-114.65132, 34.28215], [-114.64126, 34.23422], [-114.61709, 34.20801], [-114.60186, 34.19376], [-114.57437, 34.18869], [-114.56232, 34.19063], [-114.5974, 34.18348], [-114.67643, 34.12247], [-114.68908, 34.10756], [-114.73294, 34.0896], [-114.79335, 34.0796], [-114.83316, 34.0796], [-114.93706, 34.10758], [-115.11503, 34.08704], [-115.17181, 34.06732], [-115.19283, 34.06344], [-115.22005, 34.04696], [-115.23327, 34.03509], [-115.25591, 33.83774], [-115.28348, 33.81018], [-115.40023, 33.71392], [-115.39991, 33.71027], [-115.3796, 33.71036], [-115.30586, 33.70055], [-115.08412, 33.6364], [-115.07249, 33.63005], [-114.9905, 33.6065], [-114.89721, 33.60789], [-114.90135, 33.60748], [-114.90372, 33.59494], [-114.89379, 33.5834], [-114.89799, 33.56973], [-114.89747, 33.56444], [-114.89097, 33.54957], [-114.88031, 33.54], [-114.88341, 33.53036], [-114.88098, 33.52656], [-114.88558, 33.51479], [-114.88844, 33.48327], [-114.89621, 33.46262], [-114.89332, 33.44939], [-114.90529, 33.42493], [-114.90156, 33.41627], [-114.9032, 33.40668], [-114.90888, 33.4004], [-114.90926, 33.39621], [-114.91513, 33.39491], [-114.91675, 33.38905], [-114.92483, 33.38575], [-114.92611, 33.37058], [-114.92169, 33.36298], [-114.91686, 33.36069], [-114.91124, 33.3463], [-114.90227, 33.33902], [-114.89063, 33.32264], [-114.86681, 33.30345], [-114.8364, 33.29119], [-114.81363, 33.28856], [-114.79423, 33.28339], [-114.79733, 33.27516], [-114.82685, 33.25446], [-114.83167, 33.24916], [-114.83173, 33.24481], [-114.85077, 33.23223], [-114.85328, 33.22955], [-114.85298, 33.22579], [-114.86436, 33.21599], [-114.86914, 33.18972], [-114.8761, 33.18214], [-114.87422, 33.17797], [-114.87452, 33.16863], [-114.87809, 33.15992], [-114.88061, 33.13257], [-114.89239, 33.11156], [-114.89891, 33.11051], [-114.90473, 33.10501], [-114.90773, 33.09212], [-114.91097, 33.09061], [-114.91639, 33.04776], [-114.90073, 33.02704], [-114.90262, 33.01945], [-114.89532, 32.98119], [-114.8939, 32.94978], [-114.89015, 32.94644], [-114.84402, 32.92877], [-114.84106, 32.92538], [-114.83755, 32.83181], [-114.83737, 32.76006], [-114.76511, 32.74731], [-114.73918, 32.74684], [-114.72045, 32.74314], [-114.72058, 32.74059], [-114.71687, 32.73686], [-114.7169, 32.73242], [-114.72872, 32.71812], [-115.37583, 32.67367], [-115.85107, 32.63827], [-116.37586, 32.59709], [-117.12462, 32.53423], [-117.12615, 32.54617], [-117.13287, 32.56475], [-117.13282, 32.5933], [-117.13584, 32.61372], [-117.14152, 32.63109], [-117.15044, 32.64805], [-117.16449, 32.66717], [-117.1868, 32.68375], [-117.199, 32.68924], [-117.19892, 32.68751], [-117.21305, 32.68701], [-117.22359, 32.68312], [-117.22675, 32.68865], [-117.22696, 32.69834], [-117.22451, 32.70344], [-117.2172, 32.71017], [-117.20444, 32.71461], [-117.19018, 32.71271], [-117.19095, 32.70663], [-117.16685, 32.69797], [-117.16352, 32.6875], [-117.16595, 32.68002], [-117.16786, 32.67869], [-117.17326, 32.68242], [-117.17536, 32.67964], [-117.16662, 32.67472], [-117.15779, 32.6804], [-117.1543, 32.67771], [-117.16008, 32.67212], [-117.16131, 32.66764], [-117.15379, 32.65756], [-117.15023, 32.65811], [-117.14846, 32.65609], [-117.15011, 32.65168], [-117.14456, 32.65053], [-117.13817, 32.63808], [-117.14128, 32.6366], [-117.13791, 32.63074], [-117.13332, 32.63315], [-117.13174, 32.63163], [-117.13739, 32.63042], [-117.13596, 32.62568], [-117.13193, 32.62547], [-117.1314, 32.62197], [-117.12813, 32.61968], [-117.13234, 32.61492], [-117.13234, 32.60976], [-117.12232, 32.604], [-117.12227, 32.60222], [-117.11653, 32.60253], [-117.11546, 32.59951], [-117.10414, 32.60689], [-117.10092, 32.61262], [-117.09731, 32.61315], [-117.09788, 32.61999], [-117.09507, 32.62099], [-117.09906, 32.62051], [-117.09817, 32.62477], [-117.10598, 32.62529], [-117.10877, 32.63004], [-117.10582, 32.63233], [-117.10883, 32.63616], [-117.11478, 32.63848], [-117.11478, 32.64266], [-117.1178, 32.64383], [-117.11692, 32.64663], [-117.11002, 32.64981], [-117.11975, 32.64788], [-117.12254, 32.65692], [-117.11801, 32.65734], [-117.11961, 32.66914], [-117.12343, 32.66961], [-117.11549, 32.67437], [-117.1189, 32.67247], [-117.12848, 32.6842], [-117.13341, 32.68693], [-117.12819, 32.68749], [-117.12765, 32.68806], [-117.13878, 32.6867], [-117.13688, 32.68859], [-117.13857, 32.69], [-117.14303, 32.69023], [-117.15204, 32.69705], [-117.15492, 32.69618], [-117.16136, 32.70069], [-117.15852, 32.70238], [-117.16735, 32.70838], [-117.17147, 32.70852], [-117.17341, 32.71234], [-117.17578, 32.71119], [-117.17588, 32.71278], [-117.17347, 32.71265], [-117.17669, 32.71401], [-117.17352, 32.71478], [-117.17673, 32.71547], [-117.1735, 32.7159], [-117.17671, 32.7168], [-117.1735, 32.71795], [-117.17551, 32.72671], [-117.17928, 32.72727], [-117.18079, 32.72547], [-117.18605, 32.72841], [-117.19555, 32.7271], [-117.18815, 32.72392], [-117.2138, 32.72395], [-117.19861, 32.72655], [-117.20027, 32.72865], [-117.21395, 32.72811], [-117.20673, 32.73753], [-117.2089, 32.74094], [-117.20869, 32.73747], [-117.21444, 32.73182], [-117.21748, 32.72199], [-117.22414, 32.72475], [-117.2276, 32.72378], [-117.22703, 32.72072], [-117.22269, 32.7183], [-117.2202, 32.71948], [-117.22267, 32.71554], [-117.23473, 32.70799], [-117.22414, 32.71673], [-117.22744, 32.71999], [-117.23545, 32.71621], [-117.23567, 32.71407], [-117.23326, 32.71504], [-117.23685, 32.71149], [-117.23638, 32.70386], [-117.23942, 32.69927], [-117.23965, 32.69102], [-117.23769, 32.68693], [-117.233, 32.68626], [-117.23847, 32.68117], [-117.23623, 32.67155], [-117.2373, 32.6679], [-117.24263, 32.66483], [-117.24468, 32.66635], [-117.25029, 32.68926], [-117.25342, 32.69202], [-117.2556, 32.69948], [-117.25574, 32.71621], [-117.25842, 32.72538], [-117.25578, 32.72745], [-117.25732, 32.7333], [-117.25293, 32.7499], [-117.25385, 32.75662], [-117.24744, 32.75487], [-117.21203, 32.75933], [-117.21348, 32.76122], [-117.24536, 32.75765], [-117.24149, 32.76194], [-117.24048, 32.75931], [-117.23423, 32.76008], [-117.23817, 32.76457], [-117.24223, 32.76431], [-117.24057, 32.76714], [-117.23515, 32.76637], [-117.23416, 32.76952], [-117.23182, 32.76658], [-117.22748, 32.76775], [-117.21479, 32.76507], [-117.21083, 32.76664], [-117.20975, 32.76883], [-117.21675, 32.76727], [-117.22152, 32.77293], [-117.22111, 32.76798], [-117.22963, 32.77059], [-117.21512, 32.78975], [-117.21237, 32.78765], [-117.21696, 32.78311], [-117.21397, 32.77689], [-117.21944, 32.77751], [-117.21147, 32.77214], [-117.21105, 32.76926], [-117.208, 32.7701], [-117.21244, 32.78037], [-117.20812, 32.78689], [-117.21079, 32.78932], [-117.21034, 32.79687], [-117.21602, 32.79652], [-117.21612, 32.79482], [-117.21159, 32.79378], [-117.21843, 32.79271], [-117.21958, 32.79396], [-117.22067, 32.79889], [-117.22312, 32.80407], [-117.22074, 32.7951], [-117.22375, 32.79306], [-117.22451, 32.79509], [-117.23027, 32.7956], [-117.23151, 32.79193], [-117.2301, 32.79043], [-117.23491, 32.77973], [-117.23873, 32.78067], [-117.24241, 32.79041], [-117.24967, 32.79134], [-117.25257, 32.78727], [-117.25095, 32.78312], [-117.24838, 32.78504], [-117.24838, 32.78187], [-117.25083, 32.7824], [-117.25137, 32.77876], [-117.24835, 32.78005], [-117.24705, 32.77791], [-117.25125, 32.77813], [-117.25107, 32.77635], [-117.24908, 32.7724], [-117.24671, 32.77283], [-117.24614, 32.77584], [-117.24592, 32.77147], [-117.24284, 32.76969], [-117.24626, 32.76362], [-117.24599, 32.76846], [-117.24934, 32.76946], [-117.2497, 32.76363], [-117.24796, 32.76072], [-117.24539, 32.76185], [-117.24583, 32.76028], [-117.25416, 32.75893], [-117.25383, 32.78105], [-117.2589, 32.80032], [-117.26375, 32.80677], [-117.26791, 32.80779], [-117.27347, 32.81405], [-117.27392, 32.81798], [-117.28107, 32.82193], [-117.27993, 32.8261], [-117.28227, 32.83999], [-117.27875, 32.84772], [-117.27387, 32.85137], [-117.26534, 32.84862], [-117.26069, 32.85264], [-117.25616, 32.85977], [-117.25125, 32.87633], [-117.25451, 32.90275], [-117.25871, 32.91396], [-117.26055, 32.93405], [-117.26824, 32.95785], [-117.27996, 33.01163], [-117.29116, 33.03275], [-117.29604, 33.03705], [-117.31276, 33.08732], [-117.32564, 33.11657], [-117.3364, 33.13055], [-117.34357, 33.14538], [-117.38993, 33.20025], [-117.39719, 33.20745], [-117.39941, 33.2068], [-117.39656, 33.20774], [-117.39503, 33.20727], [-117.39147, 33.20404], [-117.38929, 33.20528], [-117.39443, 33.20805], [-117.39446, 33.21271], [-117.39797, 33.21041], [-117.39595, 33.20869], [-117.39969, 33.21165], [-117.40375, 33.21176], [-117.40123, 33.21474], [-117.397, 33.21553], [-117.40045, 33.21956], [-117.40302, 33.21825], [-117.40156, 33.21595], [-117.40559, 33.21347], [-117.40573, 33.20928], [-117.40286, 33.20624], [-117.4059, 33.20926], [-117.40582, 33.21382], [-117.40472, 33.21514], [-117.40734, 33.21975], [-117.47695, 33.30412], [-117.50993, 33.33677], [-117.54566, 33.36303], [-117.5641, 33.37161], [-117.57544, 33.38009], [-117.58926, 33.38249], [-117.5956, 33.38607], [-117.59579, 33.39232], [-117.60258, 33.40327], [-117.63732, 33.43704], [-117.67636, 33.46085], [-117.68619, 33.46202], [-117.68689, 33.4577], [-117.68918, 33.45658], [-117.68701, 33.45769], [-117.68777, 33.46089], [-117.68959, 33.45876], [-117.70355, 33.4622], [-117.70154, 33.45798], [-117.69178, 33.45551], [-117.68857, 33.45398], [-117.70159, 33.45788], [-117.70522, 33.46061], [-117.71178, 33.45992], [-117.71215, 33.46437], [-117.72295, 33.48276], [-117.7314, 33.48447], [-117.73062, 33.48678], [-117.73491, 33.48843], [-117.73876, 33.49794], [-117.74355, 33.50041], [-117.75239, 33.51263], [-117.75765, 33.51364], [-117.76305, 33.52329], [-117.76916, 33.52685], [-117.78135, 33.54119], [-117.80133, 33.54613], [-117.80753, 33.55204], [-117.81192, 33.55057], [-117.81296, 33.55361], [-117.81706, 33.55369], [-117.81751, 33.55866], [-117.83045, 33.56592], [-117.83812, 33.57416], [-117.86124, 33.58479], [-117.86928, 33.59255], [-117.87468, 33.59244], [-117.87654, 33.60002], [-117.88102, 33.60283], [-117.88392, 33.60881], [-117.89109, 33.60982], [-117.89121, 33.61132], [-117.89609, 33.61328], [-117.89635, 33.61173], [-117.89156, 33.6112], [-117.89154, 33.60983], [-117.89763, 33.61003], [-117.89817, 33.61568], [-117.90135, 33.61658], [-117.89459, 33.61962], [-117.90013, 33.61832], [-117.89937, 33.61977], [-117.89419, 33.62024], [-117.89126, 33.61915], [-117.89223, 33.61591], [-117.89003, 33.61528], [-117.88862, 33.62505], [-117.88265, 33.62708], [-117.88286, 33.62528], [-117.88614, 33.62408], [-117.88796, 33.62171], [-117.8877, 33.62081], [-117.88152, 33.62628], [-117.88324, 33.6298], [-117.88183, 33.63348], [-117.88494, 33.63747], [-117.87952, 33.64575], [-117.88556, 33.65113], [-117.88931, 33.64418], [-117.88671, 33.63832], [-117.88879, 33.63496], [-117.88702, 33.63297], [-117.88866, 33.63107], [-117.88742, 33.62676], [-117.89048, 33.62281], [-117.89305, 33.62423], [-117.89112, 33.62181], [-117.89345, 33.62304], [-117.89265, 33.62146], [-117.90117, 33.62035], [-117.90506, 33.61228], [-117.92411, 33.62071], [-117.93392, 33.62146], [-117.9281, 33.6161], [-117.92979, 33.61846], [-117.92574, 33.61954], [-117.92076, 33.61151], [-117.92201, 33.61019], [-117.92465, 33.61231], [-117.9239, 33.61507], [-117.92557, 33.61183], [-117.92314, 33.60934], [-117.90602, 33.60526], [-117.90111, 33.60592], [-117.88951, 33.59986], [-117.88175, 33.59988], [-117.8781, 33.59325], [-117.90272, 33.60146], [-117.92545, 33.60611], [-117.93692, 33.6196], [-117.95444, 33.62874], [-117.95104, 33.64344], [-117.9564, 33.62945], [-117.99874, 33.65471], [-118.02802, 33.67796], [-118.05921, 33.70891], [-118.09121, 33.73369], [-118.08161, 33.73146], [-118.0794, 33.72788], [-118.0688, 33.72392], [-118.06961, 33.72015], [-118.06484, 33.716], [-118.06409, 33.71812], [-118.06137, 33.71632], [-118.06361, 33.71872], [-118.0618, 33.72066], [-118.05793, 33.70975], [-118.05034, 33.70297], [-118.05748, 33.71217], [-118.0505, 33.71226], [-118.05558, 33.71639], [-118.05555, 33.72124], [-118.05288, 33.72166], [-118.05579, 33.72906], [-118.05843, 33.72866], [-118.05774, 33.72689], [-118.06605, 33.72791], [-118.06895, 33.72544], [-118.07104, 33.7264], [-118.06973, 33.72802], [-118.07435, 33.72707], [-118.0742, 33.72908], [-118.07779, 33.72938], [-118.07499, 33.73213], [-118.07552, 33.73364], [-118.07527, 33.73419], [-118.07364, 33.73006], [-118.07039, 33.73108], [-118.07267, 33.73318], [-118.07152, 33.73327], [-118.07069, 33.73401], [-118.06951, 33.7333], [-118.06824, 33.73381], [-118.0684, 33.73513], [-118.07206, 33.73369], [-118.07076, 33.7379], [-118.07623, 33.73449], [-118.07626, 33.73141], [-118.07725, 33.73408], [-118.07496, 33.73773], [-118.07451, 33.74098], [-118.07156, 33.73983], [-118.06822, 33.74166], [-118.07173, 33.74022], [-118.07308, 33.7418], [-118.07206, 33.74368], [-118.07255, 33.74446], [-118.07364, 33.74187], [-118.07484, 33.74331], [-118.0769, 33.74204], [-118.07498, 33.74161], [-118.07821, 33.73586], [-118.07717, 33.73115], [-118.08166, 33.73333], [-118.07885, 33.73473], [-118.0814, 33.73481], [-118.07996, 33.73575], [-118.07989, 33.73687], [-118.08156, 33.73529], [-118.08317, 33.7373], [-118.08095, 33.74053], [-118.07843, 33.74049], [-118.07776, 33.74139], [-118.07725, 33.74227], [-118.07734, 33.74399], [-118.07873, 33.74459], [-118.07838, 33.74071], [-118.08112, 33.74072], [-118.08031, 33.7441], [-118.08114, 33.74465], [-118.08348, 33.73741], [-118.08173, 33.73471], [-118.08208, 33.73214], [-118.09355, 33.73829], [-118.09614, 33.73564], [-118.09257, 33.73485], [-118.09354, 33.73389], [-118.0973, 33.73476], [-118.11199, 33.74219], [-118.10578, 33.74997], [-118.11043, 33.74763], [-118.11199, 33.74452], [-118.11343, 33.74267], [-118.11241, 33.74969], [-118.11133, 33.74788], [-118.10918, 33.74974], [-118.11125, 33.75034], [-118.11033, 33.75135], [-118.10899, 33.75008], [-118.1056, 33.75215], [-118.11696, 33.76084], [-118.1151, 33.76174], [-118.11194, 33.75772], [-118.11442, 33.76201], [-118.10994, 33.76451], [-118.10817, 33.76358], [-118.10196, 33.76331], [-118.10177, 33.76342], [-118.10187, 33.76493], [-118.10908, 33.76482], [-118.10126, 33.76724], [-118.1106, 33.76608], [-118.11779, 33.76159], [-118.1271, 33.76778], [-118.11956, 33.76031], [-118.12555, 33.75998], [-118.12838, 33.7542], [-118.1138, 33.74616], [-118.11439, 33.74439], [-118.14795, 33.75911], [-118.17651, 33.76391], [-118.18819, 33.75968], [-118.18759, 33.76167], [-118.19311, 33.7629], [-118.1934, 33.76103], [-118.18927, 33.76129], [-118.19266, 33.75979], [-118.19647, 33.76139], [-118.19604, 33.76321], [-118.19731, 33.76156], [-118.20045, 33.76326], [-118.20325, 33.76701], [-118.20021, 33.76012], [-118.19418, 33.75531], [-118.18465, 33.75169], [-118.18713, 33.74951], [-118.18312, 33.73848], [-118.19991, 33.73857], [-118.20174, 33.73879], [-118.19238, 33.74052], [-118.18944, 33.74492], [-118.19431, 33.74473], [-118.19434, 33.7512], [-118.19592, 33.75117], [-118.19609, 33.74391], [-118.2033, 33.74457], [-118.20394, 33.75073], [-118.21, 33.7476], [-118.20366, 33.74023], [-118.2126, 33.74635], [-118.21226, 33.75096], [-118.20465, 33.75493], [-118.20463, 33.76289], [-118.20672, 33.75801], [-118.20889, 33.76274], [-118.20899, 33.75631], [-118.21082, 33.75631], [-118.21094, 33.76275], [-118.21333, 33.75735], [-118.21753, 33.76499], [-118.21708, 33.7671], [-118.21378, 33.76746], [-118.21507, 33.76828], [-118.20601, 33.77066], [-118.20752, 33.77134], [-118.20576, 33.77308], [-118.21793, 33.76978], [-118.207, 33.77703], [-118.21401, 33.77414], [-118.2145, 33.77553], [-118.22227, 33.77062], [-118.23543, 33.76897], [-118.23533, 33.76723], [-118.24707, 33.76427], [-118.24781, 33.76784], [-118.24458, 33.76566], [-118.24705, 33.76833], [-118.24625, 33.77152], [-118.23842, 33.77671], [-118.24, 33.77723], [-118.24625, 33.77363], [-118.25648, 33.76109], [-118.25703, 33.76628], [-118.26083, 33.76566], [-118.25813, 33.75925], [-118.26432, 33.75303], [-118.26519, 33.75858], [-118.26257, 33.76274], [-118.26707, 33.75865], [-118.26669, 33.75391], [-118.26912, 33.75438], [-118.27141, 33.75733], [-118.26771, 33.76705], [-118.27354, 33.76637], [-118.2757, 33.7691], [-118.2771, 33.76822], [-118.27332, 33.76187], [-118.27377, 33.75849], [-118.28679, 33.75506], [-118.28518, 33.75254], [-118.2762, 33.75497], [-118.27688, 33.75367], [-118.27063, 33.75283], [-118.27151, 33.74853], [-118.27544, 33.74859], [-118.27209, 33.74671], [-118.27578, 33.74011], [-118.27136, 33.7291], [-118.27577, 33.73128], [-118.27094, 33.72779], [-118.26823, 33.72029], [-118.27012, 33.71985], [-118.27361, 33.72596], [-118.27007, 33.71617], [-118.27106, 33.71374], [-118.27358, 33.71521], [-118.27417, 33.72353], [-118.27551, 33.72019], [-118.27723, 33.72497], [-118.27917, 33.72443], [-118.2771, 33.71786], [-118.28052, 33.71692], [-118.28157, 33.7139], [-118.28021, 33.71007], [-118.2744, 33.708], [-118.28132, 33.7089], [-118.28554, 33.70547], [-118.2912, 33.70455], [-118.29552, 33.70986], [-118.31047, 33.71466], [-118.31447, 33.71363], [-118.3204, 33.71866], [-118.33987, 33.72612], [-118.34841, 33.72717], [-118.35759, 33.73722], [-118.36429, 33.73822], [-118.36662, 33.73635], [-118.3696, 33.73853], [-118.37096, 33.73689], [-118.37316, 33.74013], [-118.37896, 33.74222], [-118.39521, 33.73606], [-118.40077, 33.74089], [-118.40848, 33.74096], [-118.41186, 33.75157], [-118.41068, 33.75326], [-118.41572, 33.76018], [-118.41488, 33.76216], [-118.41955, 33.76339], [-118.41888, 33.76552], [-118.42151, 33.76682], [-118.41886, 33.7686], [-118.41947, 33.77124], [-118.42553, 33.77401], [-118.41575, 33.78642], [-118.4044, 33.79124], [-118.40592, 33.79664], [-118.40249, 33.79981], [-118.39051, 33.80533], [-118.38762, 33.8193], [-118.38931, 33.84125], [-118.38795, 33.84066], [-118.38891, 33.84249], [-118.39361, 33.84379], [-118.39521, 33.84591], [-118.39177, 33.84504], [-118.39301, 33.84842], [-118.39679, 33.84811], [-118.39391, 33.84914], [-118.39465, 33.85092], [-118.39884, 33.84815], [-118.3966, 33.84355], [-118.39233, 33.84084], [-118.39683, 33.8435], [-118.3991, 33.84834], [-118.39649, 33.85336], [-118.4011, 33.86625], [-118.43863, 33.93947], [-118.4508, 33.95872], [-118.45476, 33.96071], [-118.4504, 33.96273], [-118.45082, 33.96337], [-118.45724, 33.96033], [-118.45745, 33.96053], [-118.44399, 33.96741], [-118.44349, 33.97445], [-118.43826, 33.97699], [-118.44349, 33.97589], [-118.44351, 33.97732], [-118.43833, 33.97984], [-118.43927, 33.98119], [-118.44346, 33.97919], [-118.44016, 33.98249], [-118.45321, 33.9835], [-118.44684, 33.98213], [-118.45537, 33.98091], [-118.44682, 33.9795], [-118.45474, 33.9785], [-118.45471, 33.97689], [-118.44681, 33.97592], [-118.45476, 33.97585], [-118.44681, 33.97427], [-118.45323, 33.97321], [-118.44684, 33.9704], [-118.45684, 33.9637], [-118.45943, 33.9713], [-118.48894, 34.00498], [-118.49412, 34.00856], [-118.49717, 34.00758], [-118.49502, 34.00904], [-118.50082, 34.01502], [-118.51735, 34.02745], [-118.54249, 34.03867], [-118.55264, 34.03775], [-118.56716, 34.04155], [-118.58084, 34.03744], [-118.59186, 34.03951], [-118.60693, 34.03636], [-118.66725, 34.03877], [-118.67481, 34.03618], [-118.67981, 34.03067], [-118.69096, 34.03251], [-118.70367, 34.02951], [-118.73921, 34.03253], [-118.74766, 34.03024], [-118.7532, 34.02572], [-118.78181, 34.02115], [-118.78735, 34.0161], [-118.79133, 34.00734], [-118.79951, 34.0054], [-118.80367, 34.00003], [-118.82531, 34.01926], [-118.85116, 34.03418], [-118.90168, 34.04158], [-118.91262, 34.04149], [-118.92521, 34.04584], [-118.93436, 34.04282], [-118.95179, 34.04814], [-118.9754, 34.06015], [-118.99662, 34.06641], [-119.00554, 34.06667], [-119.0357, 34.08358], [-119.0583, 34.08523], [-119.08393, 34.09825], [-119.09546, 34.09919], [-119.1066, 34.09453], [-119.1266, 34.09965], [-119.18261, 34.13717], [-119.19994, 34.14479], [-119.2074, 34.1444], [-119.20582, 34.14786], [-119.20107, 34.14778], [-119.20344, 34.14866], [-119.20541, 34.15354], [-119.20801, 34.15366], [-119.20732, 34.14879], [-119.20992, 34.14584], [-119.21351, 34.14577], [-119.2232, 34.15678], [-119.21921, 34.16038], [-119.22074, 34.17603], [-119.2245, 34.1765], [-119.22508, 34.18105], [-119.23556, 34.20384], [-119.24402, 34.20709], [-119.24714, 34.20608], [-119.23617, 34.20388], [-119.22501, 34.17653], [-119.22112, 34.17598], [-119.22179, 34.16757], [-119.22558, 34.16794], [-119.22173, 34.15955], [-119.22456, 34.15759], [-119.22647, 34.15919], [-119.25523, 34.21596], [-119.26483, 34.24518], [-119.26686, 34.2457], [-119.26751, 34.2462], [-119.26547, 34.2457], [-119.26563, 34.24802], [-119.26344, 34.24886], [-119.2615, 34.24092], [-119.2587, 34.24038], [-119.25855, 34.24338], [-119.25447, 34.24452], [-119.25499, 34.24639], [-119.26049, 34.2456], [-119.25957, 34.2494], [-119.26383, 34.25033], [-119.26416, 34.252], [-119.25896, 34.25444], [-119.2625, 34.26072], [-119.26396, 34.26042], [-119.26099, 34.25523], [-119.26262, 34.25489], [-119.26429, 34.26028], [-119.26495, 34.25999], [-119.26284, 34.25375], [-119.26599, 34.2531], [-119.26526, 34.2504], [-119.26684, 34.24987], [-119.27157, 34.26177], [-119.28263, 34.27265], [-119.29027, 34.27564], [-119.30162, 34.27335], [-119.30756, 34.27502], [-119.31798, 34.28338], [-119.33442, 34.29045], [-119.34683, 34.30486], [-119.36827, 34.31983], [-119.37313, 34.32119], [-119.38685, 34.31794], [-119.39793, 34.33091], [-119.40942, 34.33796], [-119.42574, 34.35397], [-119.43036, 34.35606], [-119.44004, 34.35541], [-119.45741, 34.37385], [-119.46874, 34.37594], [-119.47532, 34.37286], [-119.48126, 34.37998], [-119.4888, 34.38334], [-119.50716, 34.38593], [-119.52614, 34.39518], [-119.53439, 34.39592], [-119.54986, 34.40942], [-119.55942, 34.41494], [-119.57371, 34.41244], [-119.59038, 34.41841], [-119.61328, 34.42116], [-119.618, 34.41858], [-119.62715, 34.4191], [-119.63478, 34.41565], [-119.64676, 34.41733], [-119.67249, 34.41565], [-119.68514, 34.41212], [-119.69028, 34.40686], [-119.69087, 34.40453], [-119.68886, 34.4031], [-119.70688, 34.39523], [-119.72652, 34.39589], [-119.74077, 34.40261], [-119.79254, 34.41801], [-119.82251, 34.4173], [-119.83221, 34.41508], [-119.83725, 34.41248], [-119.84129, 34.40413], [-119.85518, 34.40878], [-119.87103, 34.40867], [-119.87517, 34.4069], [-119.88754, 34.41898], [-119.89869, 34.42143], [-119.92189, 34.43403], [-119.95416, 34.43565], [-119.9805, 34.44992], [-119.98699, 34.44959], [-120.00522, 34.46056], [-120.01506, 34.46159], [-120.02095, 34.45774], [-120.03602, 34.46336], [-120.08586, 34.4602], [-120.1158, 34.47006], [-120.13771, 34.47355], [-120.14974, 34.47337], [-120.16594, 34.46972], [-120.22592, 34.47064], [-120.23589, 34.46809], [-120.26917, 34.46879], [-120.27525, 34.46681], [-120.29155, 34.47089], [-120.3002, 34.46659], [-120.33009, 34.4625], [-120.3394, 34.45866], [-120.40234, 34.45512], [-120.41479, 34.45297], [-120.42033, 34.44969], [-120.43909, 34.45157], [-120.44863, 34.44679], [-120.44988, 34.44217], [-120.46074, 34.44881], [-120.46904, 34.44833], [-120.46778, 34.45141], [-120.47491, 34.47818], [-120.49363, 34.49541], [-120.49936, 34.512], [-120.50856, 34.52327], [-120.53819, 34.53944], [-120.55029, 34.54118], [-120.57856, 34.55711], [-120.60175, 34.55716], [-120.60931, 34.55362], [-120.62066, 34.55404], [-120.62938, 34.56153], [-120.63327, 34.56032], [-120.63294, 34.56252], [-120.63684, 34.56356], [-120.63441, 34.56504], [-120.63686, 34.57124], [-120.63535, 34.57201], [-120.6387, 34.57277], [-120.6395, 34.57581], [-120.64768, 34.57694], [-120.64189, 34.5805], [-120.64313, 34.58775], [-120.63931, 34.58941], [-120.63689, 34.59641], [-120.64033, 34.60377], [-120.63481, 34.60805], [-120.61467, 34.65253], [-120.59765, 34.70458], [-120.59895, 34.70998], [-120.60421, 34.71401], [-120.60621, 34.7214], [-120.60923, 34.72308], [-120.61364, 34.73353], [-120.62323, 34.73809], [-120.62746, 34.74436], [-120.62661, 34.74919], [-120.62868, 34.75317], [-120.6347, 34.75602], [-120.62041, 34.79186], [-120.61194, 34.82192], [-120.60704, 34.84314], [-120.60751, 34.85834], [-120.61353, 34.86699], [-120.63635, 34.88038], [-120.63657, 34.8897], [-120.64369, 34.90077], [-120.66183, 34.90091], [-120.66871, 34.90287], [-120.66124, 34.92059], [-120.66096, 34.92838], [-120.66395, 34.93005], [-120.65989, 34.93417], [-120.64635, 34.97209], [-120.63851, 34.96153], [-120.63308, 34.96026], [-120.62768, 34.964], [-120.62164, 34.9639], [-120.60683, 34.97437], [-120.58874, 34.96616], [-120.57828, 34.9708], [-120.57471, 34.97596], [-120.56331, 34.97749], [-120.55174, 34.97281], [-120.53874, 34.98249], [-120.50382, 34.98539], [-120.49804, 34.98828], [-120.47665, 34.991], [-120.45598, 34.99655], [-120.45412, 34.99392], [-120.4426, 34.99514], [-120.43083, 34.9907], [-120.43147, 34.99587], [-120.4128, 34.99498], [-120.39071, 35.00057], [-120.3673, 34.99693], [-120.35745, 35.00077], [-120.3547, 35.01406], [-120.35, 35.01626], [-120.32772, 35.016], [-120.31997, 35.02133], [-120.31186, 35.01977], [-120.30672, 35.02377], [-120.30036, 35.02299], [-120.29413, 35.01759], [-120.28695, 35.01759], [-120.27389, 35.02747], [-120.25512, 35.02532], [-120.24723, 35.03034], [-120.22401, 35.02115], [-120.21618, 35.01963], [-120.20667, 35.02101], [-120.19792, 35.02782], [-120.18547, 35.03048], [-120.18364, 35.03438], [-120.17802, 35.03751], [-120.18032, 35.05062], [-120.17655, 35.05407], [-120.17471, 35.06031], [-120.16905, 35.06336], [-120.16806, 35.06927], [-120.16389, 35.0734], [-120.14123, 35.08478], [-120.13413, 35.09525], [-120.12361, 35.09404], [-120.11155, 35.10144], [-120.1048, 35.10261], [-120.10209, 35.10726], [-120.08985, 35.11105], [-120.0838, 35.11107], [-120.0703, 35.10566], [-120.06317, 35.09757], [-120.04516, 35.09544], [-120.02732, 35.08633], [-120.00291, 35.07842], [-119.99585, 35.07276], [-119.96783, 35.06109], [-119.95841, 35.05966], [-119.94847, 35.06097], [-119.93241, 35.05766], [-119.92312, 35.06007], [-119.8953, 35.0451], [-119.88434, 35.04135], [-119.88191, 35.03703], [-119.87572, 35.03732], [-119.83329, 35.00173], [-119.81577, 34.9997], [-119.80171, 34.99428], [-119.79127, 34.98658], [-119.76288, 34.98092], [-119.73608, 34.96685], [-119.72008, 34.96437], [-119.68887, 34.94863], [-119.59235, 34.93201], [-119.58599, 34.93412], [-119.53306, 34.93386], [-119.47126, 34.938], [-119.46568, 34.94022], [-119.45301, 34.95021], [-119.4453, 34.96462], [-119.4379, 34.96876], [-119.43089, 34.99191], [-119.42037, 34.9962], [-119.42066, 35.00414], [-119.41638, 35.00442], [-119.41318, 35.00028], [-119.4092, 35.00105], [-119.41881, 35.02868], [-119.42046, 35.04161], [-119.41971, 35.04464], [-119.40175, 35.05816], [-118.9736, 35.05959], [-118.96762, 35.05779], [-118.9312, 34.94242], [-118.92214, 34.92791], [-118.92364, 34.90698], [-118.92166, 34.89826], [-118.91458, 34.89099], [-118.90389, 34.88669], [-118.89188, 34.87489], [-118.87983, 34.86259], [-118.8628, 34.83903], [-118.86424, 34.83426], [-118.88512, 34.81447], [-118.88395, 34.80932], [-118.87068, 34.79839], [-118.86363, 34.81066], [-118.81813, 34.80532], [-118.86077, 34.81045], [-118.81784, 34.8056], [-118.74593, 34.87843], [-118.68607, 34.90755], [-118.64094, 34.92014], [-118.58822, 34.95049], [-118.5532, 34.96316], [-118.48704, 35.00998], [-118.43431, 35.03549], [-118.36657, 35.08222], [-118.34752, 35.09029], [-118.26215, 35.14147], [-118.23763, 35.1971], [-118.24226, 35.24959], [-118.23305, 35.2709], [-118.15996, 35.34482], [-118.15421, 35.40311], [-118.16816, 35.42954], [-118.15865, 35.46155], [-118.13883, 35.49697], [-118.1325, 35.51712], [-118.13923, 35.54106], [-118.13375, 35.58623], [-118.12134, 35.61581], [-118.10339, 35.6322], [-118.08303, 35.63142], [-118.06813, 35.63511], [-118.04734, 35.63255], [-118.035, 35.64219], [-118.03437, 35.65498], [-118.02653, 35.66305], [-118.0159, 35.65943], [-118.0085, 35.65282], [-117.99199, 35.64733], [-117.9292, 35.6068], [-117.91956, 35.60298], [-117.90409, 35.60173], [-117.88361, 35.63954], [-117.8649, 35.64504], [-117.82099, 35.64506], [-117.80046, 35.65201], [-117.71344, 35.55101], [-117.68826, 35.54241], [-117.67395, 35.52236], [-117.65358, 35.4776], [-117.65453, 35.45299], [-117.67104, 35.43518], [-117.67182, 35.4228], [-117.65623, 35.39745], [-117.64987, 35.38132], [-117.63935, 35.37486], [-117.61808, 35.36751], [-117.61372, 35.36244], [-117.61788, 35.3433], [-117.61529, 35.33038], [-117.60811, 35.32372], [-117.60562, 35.31753], [-117.6132, 35.2876], [-117.60592, 35.23381], [-117.56536, 35.08748], [-117.55765, 35.07416], [-117.55747, 35.05976], [-117.53809, 34.99116], [-117.49185, 34.98874], [-117.41538, 34.94916], [-117.33741, 34.9247], [-117.13449, 34.92037], [-117.09889, 34.92177], [-117.08569, 34.91233], [-117.06667, 34.90721], [-117.05441, 34.90975], [-117.03934, 34.90917], [-117.03266, 34.91333], [-117.02087, 34.91479], [-117.02084, 34.91671], [-117.00321, 34.91805], [-116.95488, 34.90636], [-116.92285, 34.90136], [-116.89887, 34.90102], [-116.82229, 34.91084], [-116.80552, 34.91051], [-116.72127, 34.92762], [-116.55846, 34.99965], [-116.46809, 35.03262], [-116.39827, 35.07784], [-116.38377, 35.07921], [-116.37353, 35.08319], [-116.31645, 35.08746], [-116.28987, 35.09753], [-116.26068, 35.10138], [-116.21172, 35.1297], [-116.16206, 35.18355], [-116.15087, 35.19246], [-116.12342, 35.19727], [-116.11761, 35.20078], [-116.08773, 35.25057], [-116.07954, 35.25973], [-116.07175, 35.26466], [-116.07167, 35.27684], [-116.07922, 35.29555], [-116.08066, 35.31249], [-116.07725, 35.32763], [-116.08041, 35.34438], [-116.1176, 35.375], [-116.12344, 35.38929], [-116.12557, 35.40571], [-116.15162, 35.44062], [-116.16242, 35.4607], [-116.16369, 35.48126], [-116.16748, 35.49882], [-116.18506, 35.55181], [-116.24695, 35.60923], [-116.28217, 35.62253], [-116.28539, 35.62554], [-116.31065, 35.74636], [-116.31989, 35.75924], [-116.32302, 35.78112], [-116.33734, 35.79425], [-116.32874, 35.81255], [-116.31778, 35.8255], [-116.31396, 35.84614], [-116.30339, 35.86111], [-116.29801, 35.86671], [-116.26571, 35.87614], [-116.25517, 35.88306], [-116.25372, 35.88562], [-116.25463, 35.89887], [-116.26261, 35.91193], [-116.26636, 35.94498], [-116.26364, 35.9571], [-116.26999, 35.9934], [-116.2747, 36.00218], [-116.2824, 36.00602], [-116.29062, 36.01849], [-116.28894, 36.03396], [-116.29219, 36.05895], [-116.29533, 36.06813], [-116.29138, 36.07825], [-116.29168, 36.08639], [-116.29569, 36.10981], [-116.30421, 36.13392], [-116.31261, 36.14539], [-116.32064, 36.16585], [-116.33037, 36.18251], [-116.33636, 36.18742], [-116.35939, 36.19152], [-116.36739, 36.19636], [-116.37862, 36.20908], [-116.39315, 36.21151], [-116.41984, 36.23683], [-116.431, 36.26619], [-116.41049, 36.3008], [-116.41945, 36.32799], [-116.41877, 36.40804]]]]}, "properties": {"id": "Southern California Zone", "name": "Southern California Zone", "kind": "waterfowl_zone"}}, {"type": "Feature", "geometry": {"type": "Polygon", "coordinates": [[[-114.61114, 34.83989], [-114.60844, 34.85272], [-114.58844, 34.84032], [-114.57613, 34.82181], [-114.56783, 34.79373], [-114.55016, 34.76728], [-114.52576, 34.74987], [-114.51197, 34.73578], [-114.48913, 34.72567], [-114.48467, 34.71651], [-114.47029, 34.71372], [-114.46692, 34.71029], [-114.46279, 34.6914], [-114.44768, 34.66661], [-114.455, 34.65687], [-114.43986, 34.64417], [-114.43753, 34.63869], [-114.43861, 34.63058], [-114.43499, 34.62014], [-114.42193, 34.61014], [-114.42209, 34.60025], [-114.43186, 34.59634], [-114.43299, 34.59369], [-114.41882, 34.57997], [-114.40374, 34.57151], [-114.37776, 34.52808], [-114.37487, 34.50832], [-114.37979, 34.49348], [-114.37876, 34.47591], [-114.38406, 34.46243], [-114.38284, 34.45677], [-114.37131, 34.44691], [-114.33969, 34.45127], [-114.33278, 34.45006], [-114.32356, 34.4374], [-114.31109, 34.43353], [-114.29244, 34.42173], [-114.28565, 34.40629], [-114.27917, 34.40328], [-114.26045, 34.40054], [-114.23211, 34.37681], [-114.22436, 34.36486], [-114.19704, 34.3613], [-114.17262, 34.3483], [-114.15448, 34.31766], [-114.13567, 34.30348], [-114.13651, 34.29578], [-114.13269, 34.28005], [-114.1337, 34.27449], [-114.12785, 34.26179], [-114.12925, 34.2586], [-114.13289, 34.2575], [-114.14143, 34.25949], [-114.1507, 34.25764], [-114.1622, 34.25938], [-114.16051, 34.25374], [-114.16216, 34.25069], [-114.17148, 34.24726], [-114.17412, 34.24049], [-114.20911, 34.21086], [-114.22206, 34.20371], [-114.22209, 34.19244], [-114.22629, 34.18694], [-114.2369, 34.18362], [-114.24227, 34.17881], [-114.25502, 34.17275], [-114.26568, 34.17025], [-114.27231, 34.17225], [-114.2842, 34.17073], [-114.30925, 34.14486], [-114.3203, 34.13712], [-114.34973, 34.1329], [-114.36421, 34.11821], [-114.37753, 34.1156], [-114.38749, 34.11001], [-114.40426, 34.11131], [-114.4138, 34.10687], [-114.43104, 34.08757], [-114.43247, 34.07957], [-114.43544, 34.07959], [-114.43729, 34.07333], [-114.43965, 34.05493], [-114.43494, 34.03665], [-114.43856, 34.02185], [-114.4505, 34.0125], [-114.46563, 34.01122], [-114.46716, 34.00513], [-114.45861, 33.99934], [-114.45894, 33.99512], [-114.4686, 33.99242], [-114.47428, 33.98557], [-114.48335, 33.98043], [-114.48902, 33.97156], [-114.50057, 33.96135], [-114.51046, 33.95695], [-114.51664, 33.95777], [-114.52305, 33.95388], [-114.5344, 33.93817], [-114.53551, 33.92593], [-114.526, 33.92278], [-114.51645, 33.91595], [-114.511, 33.9102], [-114.50815, 33.90316], [-114.50937, 33.90048], [-114.51541, 33.89768], [-114.52603, 33.90079], [-114.52277, 33.89219], [-114.50362, 33.87555], [-114.50301, 33.86782], [-114.5048, 33.86396], [-114.51515, 33.85846], [-114.52412, 33.86019], [-114.53018, 33.85692], [-114.52952, 33.84766], [-114.52001, 33.82502], [-114.52221, 33.81959], [-114.5282, 33.8147], [-114.51947, 33.79828], [-114.50509, 33.76213], [-114.50461, 33.75078], [-114.51223, 33.73386], [-114.4972, 33.7204], [-114.4941, 33.70737], [-114.49575, 33.70162], [-114.50105, 33.6951], [-114.5187, 33.68895], [-114.5279, 33.6829], [-114.53181, 33.67288], [-114.53112, 33.66776], [-114.52754, 33.66453], [-114.51684, 33.66281], [-114.51395, 33.65953], [-114.51827, 33.6561], [-114.52968, 33.65485], [-114.53338, 33.65153], [-114.53288, 33.64788], [-114.52617, 33.64202], [-114.52363, 33.63581], [-114.52507, 33.63153], [-114.53058, 33.62911], [-114.53131, 33.62468], [-114.52187, 33.61179], [-114.5316, 33.60394], [-114.54075, 33.59025], [-114.54013, 33.57976], [-114.53655, 33.57015], [-114.52419, 33.55297], [-114.55877, 33.53202], [-114.56092, 33.51699], [-114.56851, 33.50984], [-114.58235, 33.50563], [-114.59161, 33.49942], [-114.60118, 33.48221], [-114.62251, 33.45762], [-114.62253, 33.44804], [-114.62846, 33.42986], [-114.63883, 33.41969], [-114.65377, 33.41278], [-114.67372, 33.41799], [-114.68746, 33.41795], [-114.69513, 33.41541], [-114.70221, 33.40818], [-114.7207, 33.4083], [-114.72539, 33.40542], [-114.72401, 33.40007], [-114.70767, 33.38315], [-114.70689, 33.37543], [-114.69909, 33.36158], [-114.6981, 33.35258], [-114.70047, 33.33818], [-114.70721, 33.32422], [-114.72292, 33.31277], [-114.73149, 33.30328], [-114.72231, 33.28715], [-114.68422, 33.27593], [-114.67736, 33.2706], [-114.67225, 33.25927], [-114.67404, 33.25577], [-114.68952, 33.24647], [-114.67318, 33.22353], [-114.67858, 33.20399], [-114.67547, 33.18591], [-114.67925, 33.17326], [-114.67895, 33.16066], [-114.68728, 33.14143], [-114.69648, 33.13128], [-114.70411, 33.11201], [-114.7076, 33.0984], [-114.70683, 33.08885], [-114.689, 33.08421], [-114.68726, 33.07153], [-114.67432, 33.05736], [-114.67371, 33.04249], [-114.66963, 33.03713], [-114.66179, 33.03274], [-114.65684, 33.0349], [-114.64895, 33.04658], [-114.64515, 33.04903], [-114.63988, 33.04591], [-114.6281, 33.03128], [-114.61656, 33.02698], [-114.58956, 33.02631], [-114.58475, 33.02813], [-114.57816, 33.03554], [-114.57208, 33.03664], [-114.52559, 33.03135], [-114.51919, 33.02948], [-114.5096, 33.02201], [-114.50028, 33.00541], [-114.49313, 32.97192], [-114.48883, 32.96988], [-114.47415, 32.97502], [-114.47002, 32.9735], [-114.46771, 32.96836], [-114.46825, 32.95534], [-114.48109, 32.93562], [-114.47754, 32.92462], [-114.46312, 32.91014], [-114.46917, 32.8444], [-114.49423, 32.82329], [-114.51136, 32.81589], [-114.52231, 32.8015], [-114.52976, 32.79542], [-114.53266, 32.77737], [-114.52686, 32.75716], [-114.53905, 32.75702], [-114.53902, 32.74987], [-114.56449, 32.74969], [-114.56447, 32.74243], [-114.58163, 32.74246], [-114.58164, 32.73516], [-114.61506, 32.73452], [-114.61579, 32.72853], [-114.6175, 32.72826], [-114.68843, 32.73746], [-114.70133, 32.74554], [-114.71459, 32.72991], [-114.71946, 32.71874], [-114.7286, 32.71813], [-114.71659, 32.73235], [-114.71657, 32.73695], [-114.72029, 32.74071], [-114.72016, 32.74373], [-114.73918, 32.74684], [-114.76511, 32.74731], [-114.83737, 32.76006], [-114.83755, 32.83181], [-114.84106, 32.92538], [-114.84402, 32.92877], [-114.89015, 32.94644], [-114.8939, 32.94978], [-114.89532, 32.98119], [-114.90262, 33.01945], [-114.90073, 33.02704], [-114.91639, 33.04776], [-114.91097, 33.09061], [-114.90773, 33.09212], [-114.90473, 33.10501], [-114.89891, 33.11051], [-114.89239, 33.11156], [-114.88061, 33.13257], [-114.87809, 33.15992], [-114.87452, 33.16863], [-114.87422, 33.17797], [-114.8761, 33.18214], [-114.86914, 33.18972], [-114.86436, 33.21599], [-114.85298, 33.22579], [-114.85328, 33.22955], [-114.85077, 33.23223], [-114.83173, 33.24481], [-114.83167, 33.24916], [-114.82685, 33.25446], [-114.79733, 33.27516], [-114.79423, 33.28339], [-114.81363, 33.28856], [-114.8364, 33.29119], [-114.86681, 33.30345], [-114.89063, 33.32264], [-114.90227, 33.33902], [-114.91124, 33.3463], [-114.91686, 33.36069], [-114.92169, 33.36298], [-114.92611, 33.37058], [-114.92483, 33.38575], [-114.91675, 33.38905], [-114.91513, 33.39491], [-114.90926, 33.39621], [-114.90888, 33.4004], [-114.9032, 33.40668], [-114.90156, 33.41627], [-114.90529, 33.42493], [-114.89332, 33.44939], [-114.89621, 33.46262], [-114.88844, 33.48327], [-114.88558, 33.51479], [-114.88098, 33.52656], [-114.88341, 33.53036], [-114.88031, 33.54], [-114.89097, 33.54957], [-114.89747, 33.56444], [-114.89799, 33.56973], [-114.89379, 33.5834], [-114.90372, 33.59494], [-114.90135, 33.60748], [-114.89721, 33.60789], [-114.9905, 33.6065], [-115.07249, 33.63005], [-115.08412, 33.6364], [-115.30586, 33.70055], [-115.3796, 33.71036], [-115.39991, 33.71027], [-115.40023, 33.71392], [-115.28348, 33.81018], [-115.25591, 33.83774], [-115.23327, 34.03509], [-115.22005, 34.04696], [-115.19283, 34.06344], [-115.17181, 34.06732], [-115.11503, 34.08704], [-114.93706, 34.10758], [-114.83316, 34.0796], [-114.79335, 34.0796], [-114.73294, 34.0896], [-114.68908, 34.10756], [-114.67643, 34.12247], [-114.5974, 34.18348], [-114.56232, 34.19063], [-114.57437, 34.18869], [-114.60186, 34.19376], [-114.61709, 34.20801], [-114.64126, 34.23422], [-114.65132, 34.28215], [-114.65524, 34.37155], [-114.65259, 34.40106], [-114.64904, 34.52043], [-114.64289, 34.58076], [-114.63112, 34.59584], [-114.64131, 34.6172], [-114.63616, 34.62709], [-114.63633, 34.63208], [-114.62749, 34.64696], [-114.62913, 34.6696], [-114.62295, 34.67441], [-114.62131, 34.68], [-114.61665, 34.68339], [-114.61302, 34.69742], [-114.61429, 34.71133], [-114.60267, 34.73004], [-114.60222, 34.7456], [-114.5971, 34.75725], [-114.59596, 34.77016], [-114.60894, 34.79424], [-114.60622, 34.80353], [-114.59986, 34.81148], [-114.60144, 34.81695], [-114.59643, 34.82391], [-114.61114, 34.83989]], [[-114.14479, 34.28903], [-114.14489, 34.28877], [-114.14334, 34.28821], [-114.14479, 34.28903]]]}, "properties": {"id": "Colorado River Zone", "name": "Colorado River Zone", "kind": "waterfowl_zone"}}, {"type": "Feature", "geometry": {"type": "Polygon", "coordinates": [[[-118.36943, 36.75001], [-118.36184, 36.74802], [-118.35964, 36.74451], [-118.35096, 36.74169], [-118.34214, 36.72974], [-118.33872, 36.72856], [-118.33393, 36.70633], [-118.34872, 36.69594], [-118.36414, 36.69475], [-118.36604, 36.69047], [-118.35221, 36.68274], [-118.34695, 36.67245], [-118.33337, 36.6728], [-118.32893, 36.66773], [-118.33615, 36.66192], [-118.3375, 36.65596], [-118.33686, 36.65366], [-118.32559, 36.64768], [-118.32307, 36.64235], [-118.31799, 36.64001], [-118.3207, 36.63618], [-118.3216, 36.62829], [-118.3107, 36.62596], [-118.30865, 36.62211], [-118.30253, 36.61997], [-118.3031, 36.61641], [-118.29761, 36.60864], [-118.28877, 36.60345], [-118.28188, 36.60468], [-118.27503, 36.59758], [-118.27803, 36.59217], [-118.28911, 36.59036], [-118.28799, 36.58437], [-118.29427, 36.57625], [-118.29012, 36.57306], [-118.29257, 36.568], [-118.29144, 36.55892], [-118.27846, 36.55435], [-118.27641, 36.55092], [-118.26517, 36.55151], [-118.26173, 36.54873], [-118.26049, 36.54425], [-118.253, 36.54204], [-118.24922, 36.53741], [-118.24802, 36.53285], [-118.25109, 36.52697], [-118.2484, 36.52293], [-118.23951, 36.52344], [-118.2375, 36.52038], [-118.23717, 36.51143], [-118.24223, 36.49994], [-118.23496, 36.49359], [-118.24904, 36.4865], [-118.25042, 36.48416], [-118.2489, 36.48146], [-118.23682, 36.47677], [-118.23704, 36.47303], [-118.23198, 36.46535], [-118.22311, 36.46344], [-118.22103, 36.45851], [-118.21577, 36.4563], [-118.21507, 36.44882], [-118.20954, 36.44269], [-118.2106, 36.43798], [-118.21518, 36.43672], [-118.2117, 36.43135], [-118.20232, 36.43097], [-118.19357, 36.42632], [-118.18465, 36.42603], [-118.17953, 36.42777], [-118.17421, 36.42654], [-118.17236, 36.42887], [-118.15641, 36.43254], [-118.15504, 36.42698], [-118.14712, 36.42485], [-118.14566, 36.42146], [-118.13972, 36.41846], [-118.13846, 36.41505], [-118.14106, 36.40415], [-118.14982, 36.39756], [-118.16025, 36.39747], [-118.1638, 36.38892], [-118.15632, 36.38784], [-118.15293, 36.37956], [-118.14466, 36.37713], [-118.14144, 36.37167], [-118.13611, 36.36971], [-118.13165, 36.37065], [-118.13003, 36.36426], [-118.12248, 36.35477], [-118.12422, 36.35266], [-118.12229, 36.34996], [-118.10943, 36.34718], [-118.10608, 36.34825], [-118.10136, 36.34584], [-118.10284, 36.33755], [-118.10088, 36.3326], [-118.0982, 36.33151], [-118.10301, 36.32697], [-118.10232, 36.32446], [-118.10688, 36.32512], [-118.115, 36.32028], [-118.11027, 36.30904], [-118.11828, 36.30632], [-118.12188, 36.3041], [-118.12151, 36.30168], [-118.12814, 36.29942], [-118.12576, 36.29821], [-118.12696, 36.29367], [-118.1244, 36.29022], [-118.12778, 36.28169], [-118.12145, 36.27663], [-118.11823, 36.27093], [-118.11988, 36.25586], [-118.11713, 36.24999], [-118.1148, 36.24935], [-118.11233, 36.23982], [-118.10526, 36.23308], [-118.10503, 36.22868], [-118.11002, 36.2268], [-118.10819, 36.21626], [-118.10211, 36.20846], [-118.09455, 36.20493], [-118.09042, 36.19645], [-118.08032, 36.19503], [-118.07225, 36.18641], [-118.07017, 36.17852], [-118.06115, 36.17369], [-118.05852, 36.16972], [-118.06333, 36.16172], [-118.05906, 36.1574], [-118.05976, 36.14993], [-118.07046, 36.14455], [-118.07381, 36.13953], [-118.07115, 36.13363], [-118.07224, 36.12852], [-118.06836, 36.12605], [-118.06813, 36.12001], [-118.06588, 36.11956], [-118.06738, 36.11794], [-118.06527, 36.11104], [-118.06824, 36.10929], [-118.06658, 36.10192], [-118.0687, 36.1], [-118.06715, 36.09839], [-118.06814, 36.0951], [-118.06449, 36.09031], [-118.05896, 36.09162], [-118.05204, 36.08385], [-118.0502, 36.07685], [-118.05187, 36.0606], [-118.04806, 36.05582], [-118.04919, 36.0534], [-118.04206, 36.04908], [-118.04702, 36.04238], [-118.0397, 36.03404], [-118.04224, 36.03016], [-118.03725, 36.02874], [-118.03546, 36.01634], [-118.03789, 36.01397], [-118.03129, 36.00624], [-118.02169, 36.00402], [-118.01271, 35.99808], [-118.0109, 35.99163], [-118.00671, 35.98979], [-118.00396, 35.98444], [-118.00582, 35.98092], [-118.00366, 35.97744], [-118.00963, 35.97835], [-118.01486, 35.97287], [-118.0123, 35.96831], [-118.01808, 35.96344], [-118.01747, 35.95506], [-118.0109, 35.95479], [-118.01017, 35.9496], [-118.00584, 35.94637], [-117.99997, 35.94721], [-117.9977, 35.9447], [-117.99289, 35.94405], [-117.98713, 35.93559], [-117.98729, 35.93163], [-117.98437, 35.92689], [-117.99123, 35.91359], [-117.99013, 35.90804], [-117.98623, 35.90572], [-117.98905, 35.90133], [-117.98315, 35.89447], [-117.99036, 35.88082], [-117.98345, 35.87461], [-117.9808, 35.86707], [-117.98947, 35.86561], [-117.99333, 35.86953], [-117.99623, 35.86942], [-118.00831, 35.86159], [-118.00521, 35.84936], [-118.00625, 35.84549], [-118.00208, 35.84334], [-118.00582, 35.83035], [-117.99866, 35.823], [-118.0007, 35.81986], [-118.0085, 35.81687], [-118.0076, 35.81026], [-118.01076, 35.80448], [-118.00738, 35.79885], [-118.00938, 35.79522], [-118.00622, 35.78671], [-117.92305, 35.78659], [-117.92451, 35.79831], [-117.63342, 35.7968], [-117.63408, 35.70999], [-117.65193, 35.70995], [-117.65225, 35.68085], [-117.61642, 35.68075], [-117.61643, 35.65164], [-117.63429, 35.65168], [-117.63457, 35.56431], [-117.63009, 35.56426], [-117.63023, 35.45128], [-117.6337, 35.45125], [-117.63124, 35.41975], [-117.63273, 35.40556], [-117.63156, 35.37183], [-117.64987, 35.38132], [-117.65623, 35.39745], [-117.67233, 35.42427], [-117.67056, 35.43597], [-117.65453, 35.45299], [-117.65352, 35.47673], [-117.67396, 35.52238], [-117.68885, 35.54305], [-117.71344, 35.55101], [-117.80041, 35.65199], [-117.82099, 35.64506], [-117.8649, 35.64504], [-117.88361, 35.63954], [-117.90409, 35.60173], [-117.91956, 35.60298], [-117.9292, 35.6068], [-117.99199, 35.64733], [-118.0085, 35.65282], [-118.0159, 35.65943], [-118.02647, 35.66305], [-118.03437, 35.65498], [-118.035, 35.64219], [-118.04734, 35.63255], [-118.06813, 35.63511], [-118.08303, 35.63142], [-118.10339, 35.6322], [-118.12134, 35.61581], [-118.13375, 35.58623], [-118.13923, 35.54106], [-118.1325, 35.51712], [-118.13883, 35.49697], [-118.15865, 35.46155], [-118.16816, 35.42954], [-118.15421, 35.40311], [-118.15996, 35.34482], [-118.23305, 35.2709], [-118.24226, 35.24959], [-118.23763, 35.1971], [-118.26215, 35.14147], [-118.34752, 35.09029], [-118.36657, 35.08222], [-118.43431, 35.03549], [-118.48704, 35.00998], [-118.5532, 34.96316], [-118.58822, 34.95049], [-118.64094, 34.92014], [-118.68607, 34.90755], [-118.74593, 34.87843], [-118.81813, 34.80532], [-118.86363, 34.81066], [-118.87068, 34.79839], [-118.88395, 34.80932], [-118.88512, 34.81447], [-118.86424, 34.83426], [-118.8628, 34.83903], [-118.87983, 34.86259], [-118.89188, 34.87489], [-118.90389, 34.88669], [-118.91458, 34.89099], [-118.92166, 34.89826], [-118.92364, 34.90698], [-118.92214, 34.92791], [-118.9312, 34.94242], [-118.96762, 35.05779], [-118.9736, 35.05959], [-119.40175, 35.05816], [-119.41971, 35.04464], [-119.42046, 35.04161], [-119.41881, 35.02868], [-119.4092, 35.00105], [-119.41318, 35.00028], [-119.41638, 35.00442], [-119.42066, 35.00414], [-119.42037, 34.9962], [-119.43089, 34.99191], [-119.4379, 34.96876], [-119.4453, 34.96462], [-119.45551, 34.94751], [-119.46726, 34.93928], [-119.47275, 34.93796], [-119.47263, 35.07704], [-119.49064, 35.07732], [-119.49058, 35.0917], [-119.56099, 35.08771], [-119.5538, 35.17998], [-119.6671, 35.17483], [-119.6666, 35.26251], [-119.80938, 35.26349], [-119.80926, 35.35086], [-119.88019, 35.35115], [-119.88006, 35.43927], [-119.99732, 35.43957], [-119.99736, 35.46877], [-120.01528, 35.46887], [-120.01436, 35.4834], [-120.0331, 35.48348], [-120.03307, 35.49827], [-120.05095, 35.49825], [-120.05109, 35.51295], [-120.06908, 35.51294], [-120.0687, 35.52644], [-120.08675, 35.52639], [-120.08597, 35.61438], [-120.19391, 35.61438], [-120.19417, 35.78899], [-120.21559, 35.78979], [-120.21481, 35.79499], [-120.21783, 35.80199], [-120.21655, 35.80349], [-120.21946, 35.80602], [-120.2178, 35.81092], [-120.21969, 35.81859], [-120.23879, 35.82559], [-120.24259, 35.82321], [-120.2449, 35.82404], [-120.24939, 35.82873], [-120.25533, 35.84262], [-120.25919, 35.84492], [-120.25771, 35.85205], [-120.25516, 35.85322], [-120.25637, 35.85547], [-120.25099, 35.85749], [-120.24651, 35.86391], [-120.24016, 35.86602], [-120.2453, 35.87309], [-120.24337, 35.87786], [-120.2487, 35.88382], [-120.27715, 35.90656], [-120.31513, 35.90717], [-119.95904, 36.18154], [-119.9591, 36.40103], [-119.7515, 36.40217], [-119.75048, 36.40566], [-119.75253, 36.40963], [-119.74636, 36.41666], [-119.73839, 36.4178], [-119.73475, 36.41573], [-119.7303, 36.42053], [-119.72136, 36.41785], [-119.71388, 36.41866], [-119.70551, 36.42699], [-119.69534, 36.42475], [-119.67179, 36.43116], [-119.67039, 36.42949], [-119.67261, 36.42624], [-119.66792, 36.42317], [-119.66641, 36.41898], [-119.57339, 36.48876], [-119.55674, 36.50333], [-119.55354, 36.50332], [-119.46639, 36.5752], [-119.30508, 36.57363], [-119.30465, 36.66067], [-118.98479, 36.65706], [-118.98281, 36.74148], [-118.73346, 36.73878], [-118.55565, 36.73941], [-118.55546, 36.74636], [-118.43527, 36.74636], [-118.43523, 36.7531], [-118.36995, 36.75314], [-118.36943, 36.75001]]]}, "properties": {"id": "Southern San Joaquin Valley Zone", "name": "Southern San Joaquin Valley Zone", "kind": "waterfowl_zone"}}, {"type": "Feature", "geometry": {"type": "Polygon", "coordinates": [[[-121.7373, 41.19163], [-121.75371, 41.20125], [-121.77067, 41.20197], [-121.77987, 41.20456], [-121.79335, 41.22014], [-121.79732, 41.23293], [-121.80656, 41.24503], [-121.85701, 41.26621], [-121.91309, 41.26763], [-121.964, 41.26054], [-122.13628, 41.25101], [-122.14155, 41.25256], [-122.14994, 41.26067], [-122.17235, 41.26518], [-122.18117, 41.26932], [-122.19661, 41.26831], [-122.20652, 41.27168], [-122.23272, 41.26528], [-122.25929, 41.27585], [-122.2769, 41.28869], [-122.29607, 41.28814], [-122.30147, 41.28586], [-122.30696, 41.28778], [-122.33191, 41.33198], [-122.34454, 41.34634], [-122.37362, 41.37253], [-122.37522, 41.39215], [-122.3821, 41.39986], [-122.37974, 41.41132], [-122.38438, 41.41869], [-122.39649, 41.42259], [-122.4034, 41.42955], [-122.42223, 41.4289], [-122.4281, 41.43088], [-122.43188, 41.43825], [-122.45154, 41.44858], [-122.46792, 41.46724], [-122.49677, 41.48248], [-122.50972, 41.49251], [-122.51538, 41.50426], [-122.52547, 41.54085], [-122.52354, 41.6027], [-122.53004, 41.60921], [-122.52976, 41.63176], [-122.53407, 41.64217], [-122.53993, 41.64734], [-122.55295, 41.6517], [-122.57662, 41.65477], [-122.59771, 41.66067], [-122.61136, 41.66703], [-122.63712, 41.68453], [-122.63537, 41.6857], [-122.64279, 41.70673], [-122.63026, 41.73663], [-122.62008, 41.74695], [-122.59004, 41.76181], [-122.58294, 41.77164], [-122.58305, 41.77981], [-122.58863, 41.79255], [-122.58262, 41.79806], [-122.58101, 41.80403], [-122.57405, 41.80726], [-122.57202, 41.81066], [-122.5787, 41.82067], [-122.58004, 41.83138], [-122.57649, 41.83594], [-122.57558, 41.842], [-122.56862, 41.84693], [-122.57143, 41.8568], [-122.55953, 41.87152], [-122.55591, 41.88109], [-122.55621, 41.88534], [-122.56399, 41.89635], [-122.58421, 41.9406], [-122.60308, 41.97089], [-122.61008, 41.99876], [-122.61533, 42.00548], [-122.36334, 42.0085], [-122.14942, 42.0078], [-121.99598, 42.00403], [-121.35487, 41.99632], [-121.1667, 41.99699], [-121.0011, 41.99308], [-120.2887, 41.99284], [-119.9992, 41.99499], [-120.00025, 41.24403], [-119.99851, 40.75826], [-119.99567, 40.55526], [-119.99742, 40.01046], [-120.00136, 39.67342], [-120.01486, 39.68978], [-120.03172, 39.70041], [-120.03598, 39.711], [-120.03938, 39.73707], [-120.03863, 39.77499], [-120.08774, 39.78855], [-120.1111, 39.7912], [-120.12598, 39.79636], [-120.16611, 39.80071], [-120.19084, 39.8092], [-120.3097, 39.80966], [-120.33002, 39.81716], [-120.37163, 39.81751], [-120.40433, 39.82323], [-120.42462, 39.82439], [-120.44692, 39.82052], [-120.47925, 39.80565], [-120.4931, 39.80871], [-120.51446, 39.80308], [-120.56336, 39.77754], [-120.5732, 39.77745], [-120.58153, 39.77209], [-120.5943, 39.77005], [-120.62441, 39.78733], [-120.63129, 39.78647], [-120.63357, 39.78836], [-120.65286, 39.80669], [-120.65431, 39.81433], [-120.66424, 39.82053], [-120.66564, 39.82644], [-120.67833, 39.84037], [-120.6786, 39.84447], [-120.68456, 39.85419], [-120.69341, 39.86327], [-120.70252, 39.86848], [-120.72506, 39.8762], [-120.7483, 39.87392], [-120.75479, 39.87838], [-120.7683, 39.8791], [-120.77949, 39.88228], [-120.79077, 39.9033], [-120.80564, 39.91188], [-120.81509, 39.91182], [-120.82896, 39.91753], [-120.84754, 39.93199], [-120.86231, 39.93628], [-120.87606, 39.93268], [-120.88455, 39.93557], [-120.89285, 39.93368], [-120.9302, 39.93515], [-120.93686, 39.93785], [-120.94886, 39.93677], [-120.95924, 39.94896], [-120.95965, 39.95199], [-120.95401, 39.95871], [-120.94232, 39.96631], [-120.93724, 39.97461], [-120.94774, 39.99413], [-120.9555, 39.99742], [-120.95854, 40.00545], [-120.96648, 40.00867], [-120.96509, 40.0167], [-120.95962, 40.01977], [-120.96501, 40.02796], [-120.96179, 40.03279], [-120.96772, 40.03995], [-120.97736, 40.03523], [-120.98046, 40.03852], [-120.98447, 40.03852], [-120.98254, 40.042], [-120.97644, 40.04056], [-120.97766, 40.04639], [-120.98112, 40.04708], [-120.98139, 40.05008], [-120.97397, 40.05115], [-120.97118, 40.05534], [-120.96406, 40.0542], [-120.96276, 40.06189], [-120.95001, 40.06754], [-120.94567, 40.0731], [-120.93027, 40.07849], [-120.91907, 40.08563], [-120.91338, 40.08297], [-120.88492, 40.08075], [-120.86275, 40.08587], [-120.85694, 40.0843], [-120.84794, 40.07479], [-120.82838, 40.07406], [-120.83266, 40.08037], [-120.83156, 40.08435], [-120.83407, 40.09144], [-120.82186, 40.09895], [-120.81801, 40.11036], [-120.80535, 40.11427], [-120.80312, 40.11615], [-120.80315, 40.12017], [-120.79591, 40.11848], [-120.79075, 40.12059], [-120.79027, 40.12287], [-120.79877, 40.13039], [-120.80082, 40.1354], [-120.79015, 40.14587], [-120.78934, 40.14951], [-120.801, 40.14974], [-120.8199, 40.14295], [-120.82148, 40.13892], [-120.82002, 40.12645], [-120.82576, 40.10684], [-120.83464, 40.10121], [-120.84855, 40.10141], [-120.85278, 40.09951], [-120.85424, 40.10628], [-120.86172, 40.11305], [-120.8583, 40.12014], [-120.86265, 40.1249], [-120.85989, 40.1285], [-120.86338, 40.12944], [-120.86941, 40.14437], [-120.87487, 40.1483], [-120.87998, 40.14933], [-120.90517, 40.14358], [-120.92693, 40.14667], [-120.93241, 40.1498], [-120.94107, 40.14907], [-120.94068, 40.14594], [-120.95116, 40.13956], [-120.95593, 40.14381], [-120.95456, 40.15982], [-120.95677, 40.16444], [-120.97735, 40.17334], [-120.98865, 40.17539], [-121.02294, 40.17576], [-121.03502, 40.17196], [-121.04781, 40.17801], [-121.07301, 40.17183], [-121.09409, 40.174], [-121.10212, 40.18008], [-121.10105, 40.18661], [-121.10263, 40.18912], [-121.12609, 40.19629], [-121.17039, 40.20465], [-121.21073, 40.22838], [-121.22716, 40.24332], [-121.25358, 40.27853], [-121.26196, 40.26467], [-121.27182, 40.26033], [-121.28009, 40.26205], [-121.28752, 40.25999], [-121.30323, 40.2626], [-121.33157, 40.26045], [-121.34877, 40.26273], [-121.35851, 40.25984], [-121.39488, 40.26002], [-121.40339, 40.26444], [-121.42387, 40.28138], [-121.41933, 40.29792], [-121.42034, 40.3035], [-121.44362, 40.31638], [-121.46706, 40.32334], [-121.47169, 40.32835], [-121.48046, 40.34578], [-121.49638, 40.3619], [-121.50995, 40.36279], [-121.51647, 40.36044], [-121.51994, 40.35575], [-121.53032, 40.35358], [-121.53253, 40.35059], [-121.53711, 40.35123], [-121.53938, 40.34825], [-121.54273, 40.3489], [-121.54025, 40.35649], [-121.53612, 40.36024], [-121.53593, 40.36628], [-121.53237, 40.37406], [-121.52552, 40.38137], [-121.52474, 40.38701], [-121.5244, 40.39829], [-121.5308, 40.40731], [-121.53379, 40.42848], [-121.53657, 40.43179], [-121.53348, 40.43635], [-121.53576, 40.43941], [-121.53674, 40.44895], [-121.53336, 40.44937], [-121.52875, 40.44284], [-121.52659, 40.4452], [-121.51953, 40.44483], [-121.52018, 40.45078], [-121.52338, 40.45307], [-121.52431, 40.45691], [-121.52632, 40.45748], [-121.52557, 40.45483], [-121.52757, 40.45675], [-121.52443, 40.46309], [-121.52727, 40.46446], [-121.52344, 40.46632], [-121.51819, 40.46558], [-121.51729, 40.46787], [-121.51526, 40.46565], [-121.51271, 40.46739], [-121.5054, 40.46621], [-121.50611, 40.47482], [-121.49942, 40.47484], [-121.49687, 40.47164], [-121.49202, 40.47201], [-121.4924, 40.47023], [-121.47821, 40.4762], [-121.47839, 40.47295], [-121.46478, 40.46499], [-121.4765, 40.46684], [-121.47844, 40.46563], [-121.4776, 40.46343], [-121.46882, 40.45927], [-121.45439, 40.46076], [-121.45274, 40.4633], [-121.43998, 40.46609], [-121.43384, 40.47238], [-121.42943, 40.48341], [-121.42506, 40.48717], [-121.4255, 40.49391], [-121.4309, 40.49872], [-121.45167, 40.50361], [-121.45425, 40.50747], [-121.46219, 40.51054], [-121.466, 40.50958], [-121.46618, 40.51673], [-121.48223, 40.52449], [-121.49129, 40.53602], [-121.49325, 40.54377], [-121.49694, 40.54798], [-121.51226, 40.55306], [-121.51339, 40.55736], [-121.52871, 40.56983], [-121.5301, 40.56697], [-121.52869, 40.5626], [-121.53805, 40.55284], [-121.54145, 40.54256], [-121.55008, 40.53808], [-121.56874, 40.53646], [-121.57515, 40.53989], [-121.57987, 40.55375], [-121.56898, 40.57554], [-121.53816, 40.59171], [-121.52921, 40.60296], [-121.51704, 40.60955], [-121.48073, 40.62323], [-121.47143, 40.64254], [-121.46395, 40.64716], [-121.44467, 40.66704], [-121.44128, 40.6748], [-121.43196, 40.67487], [-121.42499, 40.67931], [-121.41792, 40.69633], [-121.41819, 40.70481], [-121.42639, 40.7239], [-121.43036, 40.72847], [-121.48143, 40.74645], [-121.49817, 40.75961], [-121.5072, 40.79255], [-121.51369, 40.80253], [-121.51343, 40.8309], [-121.51514, 40.83527], [-121.52508, 40.84568], [-121.53375, 40.85129], [-121.54944, 40.86864], [-121.56343, 40.87959], [-121.59464, 40.91896], [-121.60663, 40.93818], [-121.63335, 41.00604], [-121.6457, 41.00845], [-121.64932, 41.01117], [-121.64651, 41.01545], [-121.63171, 41.01682], [-121.62751, 41.01499], [-121.6213, 41.01842], [-121.62919, 41.03354], [-121.63135, 41.04386], [-121.64654, 41.05997], [-121.63787, 41.10083], [-121.64112, 41.10708], [-121.63812, 41.12504], [-121.64126, 41.13958], [-121.64471, 41.14171], [-121.6503, 41.15125], [-121.66458, 41.16233], [-121.7373, 41.19163]]]}, "properties": {"id": "Northeastern California Zone", "name": "Northeastern California Zone", "kind": "waterfowl_zone"}}, {"type": "Feature", "geometry": {"type": "Polygon", "coordinates": [[[-124.21147, 41.99854], [-123.7281, 41.99706], [-123.6571, 41.99523], [-123.62388, 41.99997], [-123.56544, 42.00094], [-123.34761, 41.99916], [-123.14593, 42.00877], [-123.04405, 42.00315], [-122.61532, 42.00548], [-122.61008, 41.99876], [-122.60308, 41.97089], [-122.58421, 41.9406], [-122.56399, 41.89635], [-122.55621, 41.88534], [-122.55591, 41.88109], [-122.55953, 41.87152], [-122.57143, 41.8568], [-122.56862, 41.84693], [-122.57558, 41.842], [-122.57649, 41.83594], [-122.58004, 41.83138], [-122.5787, 41.82067], [-122.57202, 41.81066], [-122.57405, 41.80726], [-122.58101, 41.80403], [-122.58262, 41.79806], [-122.58863, 41.79255], [-122.58305, 41.77981], [-122.58294, 41.77164], [-122.59004, 41.76181], [-122.62008, 41.74695], [-122.63026, 41.73663], [-122.64279, 41.70673], [-122.63537, 41.6857], [-122.63712, 41.68453], [-122.61136, 41.66703], [-122.59771, 41.66067], [-122.57662, 41.65477], [-122.55295, 41.6517], [-122.53993, 41.64734], [-122.53407, 41.64217], [-122.52976, 41.63176], [-122.53004, 41.60921], [-122.52354, 41.6027], [-122.52547, 41.54085], [-122.51538, 41.50426], [-122.50972, 41.49251], [-122.49677, 41.48248], [-122.46792, 41.46724], [-122.45154, 41.44858], [-122.43188, 41.43825], [-122.4281, 41.43088], [-122.42223, 41.4289], [-122.4034, 41.42955], [-122.39649, 41.42259], [-122.38438, 41.41869], [-122.37974, 41.41132], [-122.3821, 41.39986], [-122.37522, 41.39215], [-122.37362, 41.37253], [-122.34454, 41.34634], [-122.33191, 41.33198], [-122.30696, 41.28778], [-122.30147, 41.28586], [-122.29607, 41.28814], [-122.2769, 41.28869], [-122.25929, 41.27585], [-122.23272, 41.26528], [-122.20652, 41.27168], [-122.19661, 41.26831], [-122.18117, 41.26932], [-122.17235, 41.26518], [-122.14994, 41.26067], [-122.14155, 41.25256], [-122.13628, 41.25101], [-121.964, 41.26054], [-121.91309, 41.26763], [-121.85643, 41.26609], [-121.80656, 41.24503], [-121.79732, 41.23293], [-121.79335, 41.22014], [-121.77942, 41.20428], [-121.75174, 41.20061], [-121.74513, 41.19719], [-121.74123, 41.19243], [-121.66458, 41.16233], [-121.6503, 41.15125], [-121.64471, 41.14171], [-121.64126, 41.13958], [-121.63812, 41.12504], [-121.64112, 41.10708], [-121.63787, 41.10083], [-121.64654, 41.05997], [-121.63135, 41.04386], [-121.62919, 41.03354], [-121.6213, 41.01842], [-121.62751, 41.01499], [-121.63171, 41.01682], [-121.64651, 41.01545], [-121.64932, 41.01117], [-121.6457, 41.00845], [-121.63335, 41.00604], [-121.60663, 40.93818], [-121.59464, 40.91896], [-121.56343, 40.87959], [-121.54944, 40.86864], [-121.53375, 40.85129], [-121.52508, 40.84568], [-121.51514, 40.83527], [-121.51343, 40.8309], [-121.51369, 40.80253], [-121.5072, 40.79255], [-121.49817, 40.75961], [-121.48143, 40.74645], [-121.43036, 40.72847], [-121.42639, 40.7239], [-121.41819, 40.70481], [-121.41792, 40.69633], [-121.42499, 40.67931], [-121.43196, 40.67487], [-121.44128, 40.6748], [-121.44467, 40.66704], [-121.46395, 40.64716], [-121.47143, 40.64254], [-121.48073, 40.62323], [-121.51704, 40.60955], [-121.52921, 40.60296], [-121.53816, 40.59171], [-121.56898, 40.57554], [-121.57987, 40.55375], [-121.57515, 40.53989], [-121.56874, 40.53646], [-121.55008, 40.53808], [-121.54145, 40.54256], [-121.53805, 40.55284], [-121.52869, 40.5626], [-121.5301, 40.56697], [-121.52871, 40.56983], [-121.51339, 40.55736], [-121.51226, 40.55306], [-121.49694, 40.54798], [-121.49325, 40.54377], [-121.49129, 40.53602], [-121.48223, 40.52449], [-121.46618, 40.51673], [-121.466, 40.50958], [-121.46219, 40.51054], [-121.45425, 40.50747], [-121.45167, 40.50361], [-121.4309, 40.49872], [-121.4255, 40.49391], [-121.42506, 40.48717], [-121.42943, 40.48341], [-121.43384, 40.47238], [-121.43998, 40.46609], [-121.45274, 40.4633], [-121.45439, 40.46076], [-121.46882, 40.45927], [-121.4776, 40.46343], [-121.47844, 40.46563], [-121.4765, 40.46684], [-121.46478, 40.46499], [-121.47839, 40.47295], [-121.47821, 40.4762], [-121.4924, 40.47023], [-121.49202, 40.47201], [-121.49687, 40.47164], [-121.49942, 40.47484], [-121.50611, 40.47482], [-121.5054, 40.46621], [-121.51271, 40.46739], [-121.51526, 40.46565], [-121.51729, 40.46787], [-121.51819, 40.46558], [-121.52344, 40.46632], [-121.52727, 40.46446], [-121.52443, 40.46309], [-121.52757, 40.45675], [-121.52557, 40.45483], [-121.52632, 40.45748], [-121.52431, 40.45691], [-121.52338, 40.45307], [-121.52018, 40.45078], [-121.51953, 40.44483], [-121.52659, 40.4452], [-121.52875, 40.44284], [-121.53336, 40.44937], [-121.53674, 40.44895], [-121.53576, 40.43941], [-121.53348, 40.43635], [-121.53657, 40.43179], [-121.53379, 40.42848], [-121.5308, 40.40731], [-121.5244, 40.39829], [-121.52474, 40.38701], [-121.52552, 40.38137], [-121.53237, 40.37406], [-121.53593, 40.36628], [-121.53612, 40.36024], [-121.54025, 40.35649], [-121.54273, 40.3489], [-121.53938, 40.34825], [-121.53711, 40.35123], [-121.53253, 40.35059], [-121.53032, 40.35358], [-121.51994, 40.35575], [-121.51647, 40.36044], [-121.50995, 40.36279], [-121.49638, 40.3619], [-121.48046, 40.34578], [-121.47169, 40.32835], [-121.46706, 40.32334], [-121.44362, 40.31638], [-121.42034, 40.3035], [-121.41933, 40.29792], [-121.42387, 40.28138], [-121.40339, 40.26444], [-121.39488, 40.26002], [-121.35851, 40.25984], [-121.34877, 40.26273], [-121.33157, 40.26045], [-121.30323, 40.2626], [-121.28752, 40.25999], [-121.28009, 40.26205], [-121.27182, 40.26033], [-121.26196, 40.26467], [-121.25358, 40.27853], [-121.22716, 40.24332], [-121.21073, 40.22838], [-121.17039, 40.20465], [-121.12609, 40.19629], [-121.10263, 40.18912], [-121.10105, 40.18661], [-121.10212, 40.18008], [-121.09409, 40.174], [-121.07301, 40.17183], [-121.04781, 40.17801], [-121.03502, 40.17196], [-121.02294, 40.17576], [-120.98865, 40.17539], [-120.97735, 40.17334], [-120.95677, 40.16444], [-120.95456, 40.15982], [-120.95593, 40.14381], [-120.95116, 40.13956], [-120.94068, 40.14594], [-120.94107, 40.14907], [-120.93241, 40.1498], [-120.92693, 40.14667], [-120.90517, 40.14358], [-120.87998, 40.14933], [-120.87487, 40.1483], [-120.86941, 40.14437], [-120.86338, 40.12944], [-120.85989, 40.1285], [-120.86265, 40.1249], [-120.8583, 40.12014], [-120.86172, 40.11305], [-120.85424, 40.10628], [-120.85278, 40.09951], [-120.84855, 40.10141], [-120.83464, 40.10121], [-120.82576, 40.10684], [-120.82002, 40.12645], [-120.82148, 40.13892], [-120.8199, 40.14295], [-120.801, 40.14974], [-120.78934, 40.14951], [-120.79015, 40.14587], [-120.80082, 40.1354], [-120.79877, 40.13039], [-120.79027, 40.12287], [-120.79075, 40.12059], [-120.79591, 40.11848], [-120.80315, 40.12017], [-120.80312, 40.11615], [-120.80535, 40.11427], [-120.81801, 40.11036], [-120.82186, 40.09895], [-120.83407, 40.09144], [-120.83156, 40.08435], [-120.83266, 40.08037], [-120.82838, 40.07406], [-120.84794, 40.07479], [-120.85694, 40.0843], [-120.86275, 40.08587], [-120.88492, 40.08075], [-120.91338, 40.08297], [-120.91907, 40.08563], [-120.93027, 40.07849], [-120.94567, 40.0731], [-120.95001, 40.06754], [-120.96276, 40.06189], [-120.96406, 40.0542], [-120.97118, 40.05534], [-120.97397, 40.05115], [-120.98139, 40.05008], [-120.98112, 40.04708], [-120.97766, 40.04639], [-120.97644, 40.04056], [-120.98254, 40.042], [-120.98447, 40.03852], [-120.98046, 40.03852], [-120.97736, 40.03523], [-120.96772, 40.03995], [-120.96179, 40.03279], [-120.96501, 40.02796], [-120.95962, 40.01977], [-120.96509, 40.0167], [-120.96648, 40.00867], [-120.95854, 40.00545], [-120.9555, 39.99742], [-120.94774, 39.99413], [-120.93724, 39.97461], [-120.94232, 39.96631], [-120.95401, 39.95871], [-120.95965, 39.95199], [-120.95924, 39.94896], [-120.94886, 39.93677], [-120.93686, 39.93785], [-120.9302, 39.93515], [-120.89285, 39.93368], [-120.88455, 39.93557], [-120.87606, 39.93268], [-120.86231, 39.93628], [-120.84754, 39.93199], [-120.82896, 39.91753], [-120.81509, 39.91182], [-120.80564, 39.91188], [-120.79077, 39.9033], [-120.77949, 39.88228], [-120.7683, 39.8791], [-120.75479, 39.87838], [-120.7483, 39.87392], [-120.72506, 39.8762], [-120.70252, 39.86848], [-120.69341, 39.86327], [-120.68456, 39.85419], [-120.6786, 39.84447], [-120.67833, 39.84037], [-120.66564, 39.82644], [-120.66424, 39.82053], [-120.65431, 39.81433], [-120.65286, 39.80669], [-120.63357, 39.78836], [-120.63129, 39.78647], [-120.62441, 39.78733], [-120.5943, 39.77005], [-120.58153, 39.77209], [-120.5732, 39.77745], [-120.56336, 39.77754], [-120.51446, 39.80308], [-120.4931, 39.80871], [-120.47925, 39.80565], [-120.44692, 39.82052], [-120.42171, 39.82443], [-120.37163, 39.81751], [-120.33002, 39.81716], [-120.3097, 39.80966], [-120.19084, 39.8092], [-120.16611, 39.80071], [-120.12598, 39.79636], [-120.1111, 39.7912], [-120.08774, 39.78855], [-120.03863, 39.77499], [-120.03796, 39.71695], [-120.03172, 39.70041], [-120.01486, 39.68978], [-120.00136, 39.67342], [-120.00128, 39.69026], [-120.00173, 39.53439], [-120.00574, 39.22346], [-120.00103, 38.9996], [-119.58018, 38.70972], [-119.126, 38.3927], [-118.67837, 38.0755], [-118.25096, 37.76864], [-117.80685, 37.44561], [-117.35054, 37.10868], [-116.91252, 36.78086], [-116.41882, 36.40582], [-116.41945, 36.32799], [-116.41049, 36.3008], [-116.431, 36.26619], [-116.41984, 36.23683], [-116.39315, 36.21151], [-116.37862, 36.20908], [-116.36739, 36.19636], [-116.35939, 36.19152], [-116.33629, 36.1874], [-116.3252, 36.17485], [-116.31261, 36.14539], [-116.30288, 36.13103], [-116.29569, 36.10979], [-116.29118, 36.07965], [-116.29533, 36.06813], [-116.29219, 36.05895], [-116.28894, 36.03396], [-116.29039, 36.01757], [-116.28196, 36.00558], [-116.27431, 36.00165], [-116.2673, 35.98388], [-116.26692, 35.96833], [-116.26364, 35.9571], [-116.26636, 35.94498], [-116.26261, 35.91193], [-116.25497, 35.90003], [-116.25405, 35.88469], [-116.26571, 35.87614], [-116.29801, 35.86671], [-116.30339, 35.86111], [-116.31396, 35.84614], [-116.31778, 35.8255], [-116.32874, 35.81255], [-116.33734, 35.79425], [-116.32302, 35.78112], [-116.31989, 35.75924], [-116.31065, 35.74636], [-116.28568, 35.62633], [-116.28217, 35.62253], [-116.24695, 35.60923], [-116.18509, 35.55185], [-116.16748, 35.49882], [-116.16369, 35.48126], [-116.16242, 35.4607], [-116.15162, 35.44062], [-116.12557, 35.40571], [-116.12344, 35.38929], [-116.1176, 35.375], [-116.08264, 35.3471], [-116.07984, 35.3429], [-116.07725, 35.32763], [-116.08061, 35.31335], [-116.07981, 35.30106], [-116.07845, 35.29245], [-116.07167, 35.27684], [-116.07173, 35.2647], [-116.07954, 35.25973], [-116.08773, 35.25057], [-116.11757, 35.20082], [-116.12342, 35.19727], [-116.15087, 35.19246], [-116.16206, 35.18355], [-116.21172, 35.1297], [-116.2624, 35.1006], [-116.28987, 35.09753], [-116.31645, 35.08746], [-116.37353, 35.08319], [-116.38377, 35.07921], [-116.39721, 35.07823], [-116.46809, 35.03262], [-116.55846, 34.99965], [-116.72016, 34.92803], [-116.80552, 34.91051], [-116.82229, 34.91084], [-116.89181, 34.90132], [-116.92036, 34.90124], [-116.96532, 34.90832], [-117.00321, 34.91805], [-117.02084, 34.91671], [-117.02087, 34.91479], [-117.03266, 34.91333], [-117.03934, 34.90917], [-117.05441, 34.90975], [-117.06667, 34.90721], [-117.08569, 34.91233], [-117.09889, 34.92177], [-117.13449, 34.92037], [-117.2373, 34.9217], [-117.33894, 34.92487], [-117.41538, 34.94916], [-117.49185, 34.98874], [-117.53809, 34.99116], [-117.55747, 35.05976], [-117.55765, 35.07416], [-117.56536, 35.08748], [-117.60592, 35.23381], [-117.6132, 35.2876], [-117.60562, 35.31753], [-117.60811, 35.32372], [-117.61529, 35.33038], [-117.61788, 35.3433], [-117.61338, 35.36118], [-117.61808, 35.36751], [-117.63156, 35.37183], [-117.63273, 35.40556], [-117.63124, 35.41975], [-117.6337, 35.45125], [-117.63023, 35.45128], [-117.63009, 35.56426], [-117.63457, 35.56431], [-117.63429, 35.65168], [-117.61643, 35.65164], [-117.61642, 35.68075], [-117.65225, 35.68085], [-117.65193, 35.70995], [-117.63408, 35.70999], [-117.63342, 35.7968], [-117.92451, 35.79831], [-117.92305, 35.78659], [-118.00622, 35.78671], [-118.00938, 35.79522], [-118.00738, 35.79885], [-118.01076, 35.80448], [-118.0076, 35.81026], [-118.0085, 35.81687], [-118.0007, 35.81986], [-117.99866, 35.823], [-118.00582, 35.83035], [-118.00208, 35.84334], [-118.00625, 35.84549], [-118.00521, 35.84936], [-118.00831, 35.86159], [-117.99623, 35.86942], [-117.99333, 35.86953], [-117.98947, 35.86561], [-117.9808, 35.86707], [-117.98345, 35.87461], [-117.99036, 35.88082], [-117.98315, 35.89447], [-117.98905, 35.90133], [-117.98623, 35.90572], [-117.99013, 35.90804], [-117.99123, 35.91359], [-117.98437, 35.92689], [-117.98729, 35.93163], [-117.98713, 35.93559], [-117.99289, 35.94405], [-117.9977, 35.9447], [-117.99997, 35.94721], [-118.00584, 35.94637], [-118.01017, 35.9496], [-118.0109, 35.95479], [-118.01747, 35.95506], [-118.01808, 35.96344], [-118.0123, 35.96831], [-118.01486, 35.97287], [-118.00963, 35.97835], [-118.00366, 35.97744], [-118.00582, 35.98092], [-118.00396, 35.98444], [-118.00671, 35.98979], [-118.0109, 35.99163], [-118.01271, 35.99808], [-118.02169, 36.00402], [-118.03129, 36.00624], [-118.03789, 36.01397], [-118.03546, 36.01634], [-118.03725, 36.02874], [-118.04224, 36.03016], [-118.0397, 36.03404], [-118.04702, 36.04238], [-118.04206, 36.04908], [-118.04919, 36.0534], [-118.04806, 36.05582], [-118.05187, 36.0606], [-118.0502, 36.07685], [-118.05204, 36.08385], [-118.05896, 36.09162], [-118.06449, 36.09031], [-118.06814, 36.0951], [-118.06715, 36.09839], [-118.0687, 36.1], [-118.06658, 36.10192], [-118.06824, 36.10929], [-118.06527, 36.11104], [-118.06738, 36.11794], [-118.06588, 36.11956], [-118.06813, 36.12001], [-118.06836, 36.12605], [-118.07224, 36.12852], [-118.07115, 36.13363], [-118.07381, 36.13953], [-118.07046, 36.14455], [-118.05976, 36.14993], [-118.05906, 36.1574], [-118.06333, 36.16172], [-118.05852, 36.16972], [-118.06115, 36.17369], [-118.07017, 36.17852], [-118.07225, 36.18641], [-118.08032, 36.19503], [-118.09042, 36.19645], [-118.09455, 36.20493], [-118.10211, 36.20846], [-118.10819, 36.21626], [-118.11002, 36.2268], [-118.10503, 36.22868], [-118.10526, 36.23308], [-118.11233, 36.23982], [-118.1148, 36.24935], [-118.11713, 36.24999], [-118.11988, 36.25586], [-118.11823, 36.27093], [-118.12145, 36.27663], [-118.12778, 36.28169], [-118.1244, 36.29022], [-118.12696, 36.29367], [-118.12576, 36.29821], [-118.12814, 36.29942], [-118.12151, 36.30168], [-118.12188, 36.3041], [-118.11828, 36.30632], [-118.11027, 36.30904], [-118.115, 36.32028], [-118.10688, 36.32512], [-118.10232, 36.32446], [-118.10301, 36.32697], [-118.0982, 36.33151], [-118.10088, 36.3326], [-118.10284, 36.33755], [-118.10136, 36.34584], [-118.10608, 36.34825], [-118.10943, 36.34718], [-118.12229, 36.34996], [-118.12422, 36.35266], [-118.12248, 36.35477], [-118.13003, 36.36426], [-118.13165, 36.37065], [-118.13611, 36.36971], [-118.14144, 36.37167], [-118.14466, 36.37713], [-118.15293, 36.37956], [-118.15632, 36.38784], [-118.1638, 36.38892], [-118.16025, 36.39747], [-118.14982, 36.39756], [-118.14106, 36.40415], [-118.13846, 36.41505], [-118.13972, 36.41846], [-118.14566, 36.42146], [-118.14712, 36.42485], [-118.15504, 36.42698], [-118.15641, 36.43254], [-118.17236, 36.42887], [-118.17421, 36.42654], [-118.17953, 36.42777], [-118.18465, 36.42603], [-118.19357, 36.42632], [-118.20232, 36.43097], [-118.2117, 36.43135], [-118.21518, 36.43672], [-118.2106, 36.43798], [-118.20954, 36.44269], [-118.21507, 36.44882], [-118.21577, 36.4563], [-118.22103, 36.45851], [-118.22311, 36.46344], [-118.23198, 36.46535], [-118.23704, 36.47303], [-118.23682, 36.47677], [-118.24812, 36.48073], [-118.25025, 36.48351], [-118.24829, 36.48712], [-118.23503, 36.49337], [-118.24223, 36.49994], [-118.23717, 36.51143], [-118.2375, 36.52038], [-118.23951, 36.52344], [-118.2484, 36.52293], [-118.25109, 36.52697], [-118.24802, 36.53285], [-118.24922, 36.53741], [-118.253, 36.54204], [-118.26049, 36.54425], [-118.26173, 36.54873], [-118.26517, 36.55151], [-118.27641, 36.55092], [-118.27846, 36.55435], [-118.2911, 36.5585], [-118.29248, 36.56302], [-118.29012, 36.57306], [-118.29427, 36.57625], [-118.28799, 36.58437], [-118.28911, 36.59036], [-118.27803, 36.59217], [-118.27503, 36.59758], [-118.28188, 36.60468], [-118.28877, 36.60345], [-118.29761, 36.60864], [-118.3031, 36.61641], [-118.30253, 36.61997], [-118.30865, 36.62211], [-118.3107, 36.62596], [-118.3216, 36.62829], [-118.3207, 36.63618], [-118.31799, 36.64001], [-118.32307, 36.64235], [-118.32559, 36.64768], [-118.33686, 36.65366], [-118.3375, 36.65596], [-118.33615, 36.66192], [-118.32893, 36.66773], [-118.33337, 36.6728], [-118.34695, 36.67245], [-118.35221, 36.68274], [-118.36358, 36.6876], [-118.36662, 36.69184], [-118.36381, 36.6949], [-118.34841, 36.69607], [-118.34118, 36.70282], [-118.334, 36.7062], [-118.33872, 36.72856], [-118.34214, 36.72974], [-118.35096, 36.74169], [-118.35964, 36.74451], [-118.36184, 36.74802], [-118.36792, 36.74859], [-118.36995, 36.75314], [-118.43523, 36.7531], [-118.43527, 36.74636], [-118.55546, 36.74636], [-118.55565, 36.73941], [-118.73346, 36.73878], [-118.98281, 36.74148], [-118.98479, 36.65706], [-119.30465, 36.66067], [-119.30508, 36.57363], [-119.46639, 36.5752], [-119.55354, 36.50332], [-119.55674, 36.50333], [-119.57339, 36.48876], [-119.66641, 36.41898], [-119.66792, 36.42317], [-119.67261, 36.42624], [-119.67039, 36.42949], [-119.67179, 36.43116], [-119.69534, 36.42475], [-119.70551, 36.42699], [-119.71388, 36.41866], [-119.72136, 36.41785], [-119.7303, 36.42053], [-119.73475, 36.41573], [-119.73839, 36.4178], [-119.74636, 36.41666], [-119.75253, 36.40963], [-119.75048, 36.40566], [-119.7515, 36.40217], [-119.9591, 36.40103], [-119.95904, 36.18154], [-120.31513, 35.90717], [-120.27715, 35.90656], [-120.2487, 35.88382], [-120.24337, 35.87786], [-120.2453, 35.87309], [-120.24016, 35.86602], [-120.24651, 35.86391], [-120.25099, 35.85749], [-120.25637, 35.85547], [-120.25516, 35.85322], [-120.25771, 35.85205], [-120.25919, 35.84492], [-120.25533, 35.84262], [-120.24939, 35.82873], [-120.2449, 35.82404], [-120.24259, 35.82321], [-120.23879, 35.82559], [-120.21969, 35.81859], [-120.2178, 35.81092], [-120.21946, 35.80602], [-120.21655, 35.80349], [-120.21783, 35.80199], [-120.21481, 35.79499], [-120.21559, 35.78979], [-120.19417, 35.78899], [-120.19391, 35.61438], [-120.08597, 35.61438], [-120.08675, 35.52639], [-120.0687, 35.52644], [-120.06908, 35.51294], [-120.05109, 35.51295], [-120.05095, 35.49825], [-120.03307, 35.49827], [-120.0331, 35.48348], [-120.01436, 35.4834], [-120.01528, 35.46887], [-119.99736, 35.46877], [-119.99732, 35.43957], [-119.88006, 35.43927], [-119.88019, 35.35115], [-119.80926, 35.35086], [-119.80938, 35.26349], [-119.6666, 35.26251], [-119.6671, 35.17483], [-119.5538, 35.17998], [-119.56099, 35.08771], [-119.49058, 35.0917], [-119.49064, 35.07732], [-119.47263, 35.07704], [-119.47275, 34.93796], [-119.53308, 34.93386], [-119.58599, 34.93412], [-119.59235, 34.93201], [-119.68285, 34.94649], [-119.72008, 34.96437], [-119.73608, 34.96685], [-119.76288, 34.98092], [-119.79127, 34.98658], [-119.80171, 34.99428], [-119.81577, 34.9997], [-119.83329, 35.00173], [-119.87572, 35.03732], [-119.88191, 35.03703], [-119.88434, 35.04135], [-119.8953, 35.0451], [-119.92312, 35.06007], [-119.93241, 35.05766], [-119.94847, 35.06097], [-119.95841, 35.05966], [-119.96783, 35.06109], [-119.99585, 35.07276], [-120.00291, 35.07842], [-120.02732, 35.08633], [-120.04431, 35.09516], [-120.06317, 35.09757], [-120.0703, 35.10566], [-120.08546, 35.11131], [-120.10209, 35.10726], [-120.1048, 35.10261], [-120.11155, 35.10144], [-120.12361, 35.09404], [-120.13229, 35.09576], [-120.13626, 35.09398], [-120.14121, 35.0848], [-120.16389, 35.0734], [-120.16806, 35.06927], [-120.16908, 35.06332], [-120.17471, 35.06031], [-120.17622, 35.05467], [-120.18083, 35.04915], [-120.17872, 35.03673], [-120.18364, 35.03438], [-120.18547, 35.03048], [-120.19792, 35.02782], [-120.20667, 35.02101], [-120.21618, 35.01963], [-120.22401, 35.02115], [-120.24723, 35.03034], [-120.25509, 35.02532], [-120.27474, 35.02724], [-120.28695, 35.01759], [-120.29413, 35.01759], [-120.30036, 35.02299], [-120.30672, 35.02377], [-120.31186, 35.01977], [-120.31997, 35.02133], [-120.32772, 35.016], [-120.34697, 35.01679], [-120.3531, 35.01523], [-120.35742, 35.0008], [-120.36555, 34.99722], [-120.39071, 35.00057], [-120.4128, 34.99498], [-120.43147, 34.99587], [-120.43083, 34.9907], [-120.4426, 34.99514], [-120.45412, 34.99392], [-120.45598, 34.99655], [-120.47665, 34.991], [-120.49804, 34.98828], [-120.50382, 34.98539], [-120.53874, 34.98249], [-120.55174, 34.97281], [-120.56331, 34.97749], [-120.57471, 34.97596], [-120.57828, 34.9708], [-120.58874, 34.96616], [-120.60683, 34.97437], [-120.62305, 34.96323], [-120.62768, 34.964], [-120.63308, 34.96026], [-120.63851, 34.96153], [-120.64909, 34.97469], [-120.63507, 35.02399], [-120.62993, 35.06256], [-120.6299, 35.08688], [-120.6341, 35.11822], [-120.64756, 35.14423], [-120.66242, 35.15341], [-120.6752, 35.15316], [-120.68048, 35.15852], [-120.68663, 35.15948], [-120.69888, 35.1712], [-120.71448, 35.17597], [-120.71675, 35.17554], [-120.71614, 35.17382], [-120.72272, 35.17556], [-120.72508, 35.17426], [-120.7285, 35.17715], [-120.73802, 35.17932], [-120.74977, 35.1777], [-120.75562, 35.17444], [-120.75692, 35.17091], [-120.75663, 35.16107], [-120.75423, 35.15923], [-120.77109, 35.16355], [-120.77427, 35.1671], [-120.77913, 35.16822], [-120.78614, 35.17781], [-120.79434, 35.17853], [-120.79585, 35.18133], [-120.80719, 35.18466], [-120.80627, 35.18594], [-120.81295, 35.1879], [-120.81262, 35.18926], [-120.81832, 35.1894], [-120.82243, 35.1942], [-120.83698, 35.19752], [-120.84142, 35.20197], [-120.84634, 35.20211], [-120.84521, 35.20425], [-120.84974, 35.20631], [-120.8546, 35.20582], [-120.85613, 35.2066], [-120.85332, 35.20714], [-120.85648, 35.20779], [-120.85698, 35.206], [-120.85899, 35.20896], [-120.85648, 35.20931], [-120.85677, 35.2113], [-120.86205, 35.21379], [-120.85955, 35.21584], [-120.87403, 35.22235], [-120.87274, 35.22436], [-120.87486, 35.22813], [-120.8863, 35.23532], [-120.89747, 35.24727], [-120.89541, 35.24991], [-120.89709, 35.25429], [-120.89981, 35.25512], [-120.89479, 35.25946], [-120.89342, 35.26471], [-120.89617, 35.27011], [-120.89535, 35.27312], [-120.88849, 35.27415], [-120.88953, 35.27967], [-120.87976, 35.29378], [-120.86728, 35.32696], [-120.86271, 35.34694], [-120.86116, 35.36213], [-120.86301, 35.36799], [-120.8608, 35.36878], [-120.85698, 35.3657], [-120.85561, 35.35998], [-120.85887, 35.3579], [-120.85769, 35.33564], [-120.85967, 35.3344], [-120.86033, 35.32535], [-120.86269, 35.32328], [-120.86686, 35.31132], [-120.86446, 35.31552], [-120.85123, 35.32041], [-120.84842, 35.31888], [-120.85024, 35.32172], [-120.84195, 35.32212], [-120.84036, 35.32577], [-120.84477, 35.32865], [-120.8433, 35.33176], [-120.83347, 35.33135], [-120.82759, 35.33809], [-120.83344, 35.34036], [-120.84188, 35.34012], [-120.83872, 35.3413], [-120.83806, 35.34324], [-120.83911, 35.34129], [-120.84247, 35.34134], [-120.84465, 35.34535], [-120.84002, 35.34516], [-120.8449, 35.34643], [-120.84389, 35.34974], [-120.84679, 35.35521], [-120.85136, 35.358], [-120.85519, 35.36929], [-120.86045, 35.37212], [-120.8696, 35.36692], [-120.86981, 35.37106], [-120.86646, 35.37071], [-120.86425, 35.37402], [-120.86658, 35.39522], [-120.87436, 35.41332], [-120.88894, 35.43522], [-120.90766, 35.44904], [-120.9465, 35.44679], [-120.95096, 35.44808], [-120.95192, 35.45228], [-120.96864, 35.46001], [-120.97785, 35.45904], [-120.99287, 35.46377], [-120.99737, 35.46067], [-121.00388, 35.46072], [-121.02379, 35.48103], [-121.02317, 35.4839], [-121.02826, 35.48484], [-121.03265, 35.49001], [-121.0386, 35.49066], [-121.03826, 35.49353], [-121.0427, 35.49545], [-121.04228, 35.49768], [-121.04664, 35.50037], [-121.04855, 35.50495], [-121.06024, 35.51013], [-121.07491, 35.52587], [-121.09262, 35.54021], [-121.09786, 35.54795], [-121.10144, 35.54902], [-121.10508, 35.55494], [-121.10375, 35.55814], [-121.1072, 35.56075], [-121.11477, 35.57649], [-121.12166, 35.58175], [-121.12578, 35.59316], [-121.13265, 35.60011], [-121.14222, 35.60431], [-121.14856, 35.61469], [-121.15208, 35.61574], [-121.15109, 35.61782], [-121.15424, 35.61816], [-121.15587, 35.62352], [-121.16722, 35.63596], [-121.1758, 35.64035], [-121.19005, 35.64317], [-121.19561, 35.64075], [-121.19309, 35.63511], [-121.1953, 35.63455], [-121.20181, 35.64127], [-121.20846, 35.64177], [-121.2121, 35.64735], [-121.22117, 35.65192], [-121.242, 35.6524], [-121.25006, 35.65571], [-121.2598, 35.66408], [-121.2658, 35.66321], [-121.27119, 35.66693], [-121.27544, 35.66553], [-121.28027, 35.66716], [-121.28421, 35.6638], [-121.28673, 35.66486], [-121.28466, 35.67273], [-121.28763, 35.67608], [-121.28756, 35.6835], [-121.29042, 35.69102], [-121.29596, 35.69752], [-121.3068, 35.70442], [-121.31076, 35.70971], [-121.30796, 35.70992], [-121.31159, 35.70992], [-121.31647, 35.71335], [-121.31286, 35.71769], [-121.31405, 35.72354], [-121.31855, 35.72818], [-121.31525, 35.73137], [-121.31716, 35.73538], [-121.31591, 35.73905], [-121.31874, 35.74373], [-121.31603, 35.7466], [-121.31779, 35.74827], [-121.31569, 35.75097], [-121.31772, 35.75607], [-121.32591, 35.75716], [-121.32796, 35.75972], [-121.32492, 35.76148], [-121.32508, 35.76963], [-121.33333, 35.78086], [-121.33197, 35.78242], [-121.35663, 35.80388], [-121.36357, 35.80863], [-121.37359, 35.81179], [-121.3747, 35.81568], [-121.39076, 35.82546], [-121.40713, 35.84464], [-121.41342, 35.85621], [-121.44005, 35.86713], [-121.44174, 35.87011], [-121.44686, 35.87208], [-121.45264, 35.88019], [-121.45903, 35.88283], [-121.46222, 35.88569], [-121.4617, 35.8879], [-121.46491, 35.88883], [-121.46203, 35.89043], [-121.46099, 35.89602], [-121.46516, 35.90016], [-121.46297, 35.90388], [-121.47285, 35.91484], [-121.47221, 35.91872], [-121.47507, 35.92008], [-121.46903, 35.92239], [-121.46851, 35.92674], [-121.47656, 35.93104], [-121.47516, 35.93672], [-121.47995, 35.94404], [-121.47955, 35.94877], [-121.48281, 35.94958], [-121.48592, 35.97114], [-121.502, 35.99907], [-121.51153, 36.00667], [-121.51967, 36.00732], [-121.53103, 36.01407], [-121.55402, 36.01977], [-121.56745, 36.01971], [-121.57334, 36.0235], [-121.58202, 36.04074], [-121.59154, 36.04928], [-121.58914, 36.05334], [-121.5931, 36.05795], [-121.5927, 36.06495], [-121.60685, 36.07204], [-121.6085, 36.0765], [-121.61921, 36.08646], [-121.62176, 36.09944], [-121.63253, 36.11449], [-121.63331, 36.12097], [-121.64501, 36.12787], [-121.64982, 36.13665], [-121.65951, 36.14676], [-121.67368, 36.15758], [-121.6717, 36.15864], [-121.6748, 36.15973], [-121.67571, 36.16352], [-121.69317, 36.17146], [-121.69593, 36.17527], [-121.69863, 36.17486], [-121.70144, 36.18111], [-121.70812, 36.18513], [-121.70857, 36.18799], [-121.71538, 36.19193], [-121.71656, 36.19493], [-121.73837, 36.20407], [-121.74627, 36.21033], [-121.75342, 36.21074], [-121.76504, 36.21979], [-121.77934, 36.22734], [-121.78698, 36.2283], [-121.79139, 36.23229], [-121.79946, 36.23484], [-121.81108, 36.23347], [-121.81953, 36.24127], [-121.82655, 36.24193], [-121.82938, 36.24682], [-121.83804, 36.24946], [-121.83561, 36.25078], [-121.83677, 36.25592], [-121.85167, 36.27768], [-121.85985, 36.2809], [-121.85834, 36.28147], [-121.85794, 36.28214], [-121.86002, 36.28126], [-121.85966, 36.27984], [-121.86315, 36.28086], [-121.88144, 36.29495], [-121.88674, 36.30234], [-121.89688, 36.30527], [-121.89955, 36.30296], [-121.90256, 36.30614], [-121.89954, 36.30687], [-121.89447, 36.31745], [-121.89481, 36.32569], [-121.89657, 36.32721], [-121.89268, 36.34049], [-121.90742, 36.35733], [-121.90249, 36.36395], [-121.90309, 36.37118], [-121.90794, 36.37396], [-121.90572, 36.37426], [-121.9016, 36.38154], [-121.90289, 36.3852], [-121.90136, 36.38604], [-121.90559, 36.39104], [-121.90308, 36.39335], [-121.90585, 36.39538], [-121.90566, 36.39835], [-121.91261, 36.40046], [-121.9146, 36.40306], [-121.91236, 36.40649], [-121.91703, 36.41057], [-121.91448, 36.41218], [-121.91757, 36.41681], [-121.91448, 36.42569], [-121.91886, 36.43038], [-121.91976, 36.43574], [-121.92287, 36.44084], [-121.92407, 36.43992], [-121.92315, 36.44137], [-121.9271, 36.44835], [-121.9294, 36.44715], [-121.93018, 36.45297], [-121.9254, 36.4539], [-121.92563, 36.45975], [-121.92974, 36.46639], [-121.93705, 36.47193], [-121.93749, 36.47903], [-121.94066, 36.48282], [-121.94155, 36.48894], [-121.94347, 36.48988], [-121.94384, 36.48781], [-121.94445, 36.48761], [-121.94438, 36.49073], [-121.94632, 36.49033], [-121.93683, 36.49799], [-121.94047, 36.50026], [-121.9379, 36.50483], [-121.9424, 36.50701], [-121.94233, 36.51189], [-121.95401, 36.51778], [-121.95407, 36.51985], [-121.95127, 36.51972], [-121.95539, 36.52241], [-121.95325, 36.52258], [-121.95495, 36.52368], [-121.95485, 36.52451], [-121.94955, 36.52109], [-121.94795, 36.52386], [-121.93846, 36.51886], [-121.93674, 36.51995], [-121.93728, 36.52344], [-121.92861, 36.52292], [-121.9258, 36.52529], [-121.92873, 36.53726], [-121.93264, 36.53933], [-121.93384, 36.54344], [-121.9296, 36.54642], [-121.93071, 36.55439], [-121.9354, 36.56195], [-121.94061, 36.56102], [-121.93953, 36.56464], [-121.94223, 36.56623], [-121.94518, 36.56482], [-121.94976, 36.56741], [-121.95164, 36.56117], [-121.95375, 36.5609], [-121.96509, 36.56892], [-121.97099, 36.5696], [-121.97112, 36.57257], [-121.97351, 36.57388], [-121.97247, 36.57523], [-121.97886, 36.58011], [-121.97846, 36.58158], [-121.97523, 36.5802], [-121.97462, 36.58338], [-121.96803, 36.58272], [-121.96568, 36.58542], [-121.95901, 36.60941], [-121.94966, 36.60976], [-121.94308, 36.61628], [-121.94063, 36.62694], [-121.93841, 36.62708], [-121.93762, 36.63006], [-121.93905, 36.63434], [-121.93577, 36.63745], [-121.92521, 36.63558], [-121.92124, 36.62832], [-121.91514, 36.62689], [-121.91637, 36.62525], [-121.91438, 36.62312], [-121.9096, 36.62104], [-121.9042, 36.62176], [-121.89387, 36.60941], [-121.89243, 36.60285], [-121.88443, 36.60134], [-121.87561, 36.60271], [-121.85792, 36.6118], [-121.83149, 36.64561], [-121.82392, 36.6591], [-121.81115, 36.69462], [-121.80738, 36.71374], [-121.80575, 36.74969], [-121.78877, 36.8021], [-121.78955, 36.80587], [-121.78766, 36.80725], [-121.78972, 36.80763], [-121.80852, 36.85001], [-121.86624, 36.9371], [-121.88992, 36.95835], [-121.90589, 36.9691], [-121.9282, 36.97744], [-121.93725, 36.97855], [-121.94848, 36.97214], [-121.95277, 36.97196], [-121.97284, 36.95423], [-121.9765, 36.95404], [-121.98426, 36.96036], [-121.98892, 36.95991], [-121.98947, 36.96146], [-121.9927, 36.95863], [-121.998, 36.96264], [-122.00121, 36.96133], [-122.00252, 36.96798], [-122.00109, 36.97009], [-122.00359, 36.96741], [-122.00187, 36.96036], [-122.01201, 36.96314], [-122.01244, 36.96602], [-122.01336, 36.96358], [-122.02328, 36.96229], [-122.02652, 36.9503], [-122.04082, 36.95284], [-122.04661, 36.94922], [-122.05921, 36.9501], [-122.06594, 36.94808], [-122.07586, 36.95033], [-122.07802, 36.95317], [-122.08231, 36.95191], [-122.08644, 36.95243], [-122.08725, 36.9547], [-122.10587, 36.95605], [-122.11495, 36.96261], [-122.11965, 36.96215], [-122.12262, 36.9659], [-122.12665, 36.96422], [-122.13091, 36.96712], [-122.13469, 36.96686], [-122.13827, 36.9732], [-122.1439, 36.97696], [-122.15317, 36.97624], [-122.15511, 36.98146], [-122.1621, 36.98781], [-122.169, 36.98845], [-122.17269, 36.99469], [-122.18297, 36.99798], [-122.18151, 37.00034], [-122.18585, 37.00128], [-122.18542, 37.00385], [-122.18965, 37.00463], [-122.19986, 37.01264], [-122.2062, 37.01392], [-122.20854, 37.01849], [-122.21641, 37.02463], [-122.22286, 37.02502], [-122.23127, 37.0413], [-122.24734, 37.05674], [-122.25368, 37.06006], [-122.25636, 37.06731], [-122.25851, 37.06756], [-122.26424, 37.07737], [-122.26799, 37.07742], [-122.26882, 37.08337], [-122.27479, 37.08811], [-122.27658, 37.09482], [-122.27828, 37.09643], [-122.27691, 37.09264], [-122.29679, 37.11102], [-122.31146, 37.1179], [-122.32919, 37.11224], [-122.33214, 37.11702], [-122.33743, 37.11762], [-122.33948, 37.12098], [-122.33712, 37.1303], [-122.33799, 37.13607], [-122.34596, 37.14535], [-122.35181, 37.1452], [-122.35575, 37.14908], [-122.36056, 37.14929], [-122.36184, 37.16338], [-122.36721, 37.17301], [-122.37928, 37.18122], [-122.38671, 37.1834], [-122.39473, 37.18142], [-122.39796, 37.19213], [-122.40558, 37.19717], [-122.40514, 37.20682], [-122.40914, 37.21374], [-122.40718, 37.21868], [-122.41058, 37.22404], [-122.40886, 37.22535], [-122.41579, 37.23267], [-122.41568, 37.23698], [-122.41914, 37.24156], [-122.4129, 37.26708], [-122.40985, 37.26334], [-122.40617, 37.26338], [-122.41159, 37.26701], [-122.40653, 37.29141], [-122.40745, 37.29535], [-122.40101, 37.33973], [-122.40237, 37.34817], [-122.40002, 37.35659], [-122.40155, 37.36061], [-122.40825, 37.36399], [-122.40896, 37.37552], [-122.41091, 37.37893], [-122.41481, 37.37994], [-122.41554, 37.38554], [-122.42296, 37.39244], [-122.42322, 37.40065], [-122.42716, 37.40471], [-122.4274, 37.4095], [-122.43179, 37.41133], [-122.43645, 37.42374], [-122.44313, 37.43299], [-122.4456, 37.46147], [-122.44961, 37.47672], [-122.45796, 37.49066], [-122.47134, 37.50044], [-122.47959, 37.5032], [-122.48839, 37.50328], [-122.49579, 37.50013], [-122.4953, 37.49564], [-122.4994, 37.49566], [-122.50069, 37.49785], [-122.49876, 37.501], [-122.51185, 37.51314], [-122.51794, 37.52382], [-122.51708, 37.5294], [-122.51975, 37.53719], [-122.51539, 37.54586], [-122.5136, 37.55599], [-122.51591, 37.55855], [-122.5145, 37.56609], [-122.51817, 37.56761], [-122.51629, 37.56928], [-122.51838, 37.5712], [-122.51747, 37.57296], [-122.52056, 37.574], [-122.51806, 37.5769], [-122.51726, 37.58928], [-122.52096, 37.5942], [-122.51473, 37.59596], [-122.51495, 37.59871], [-122.50579, 37.59651], [-122.49987, 37.6031], [-122.50207, 37.60674], [-122.49851, 37.60826], [-122.49697, 37.61202], [-122.49903, 37.62018], [-122.49678, 37.62147], [-122.49504, 37.62958], [-122.49433, 37.66135], [-122.49639, 37.66634], [-122.49709, 37.68637], [-122.50726, 37.72484], [-122.51287, 37.77697], [-122.52908, 37.81623], [-122.5362, 37.82411], [-122.53436, 37.82536], [-122.53528, 37.8282], [-122.53994, 37.8318], [-122.54933, 37.83405], [-122.55155, 37.84077], [-122.55959, 37.84544], [-122.55888, 37.84788], [-122.56209, 37.85205], [-122.57034, 37.85357], [-122.57756, 37.85959], [-122.58185, 37.85704], [-122.58878, 37.86148], [-122.60227, 37.87558], [-122.61317, 37.87856], [-122.61789, 37.87698], [-122.62413, 37.88106], [-122.62774, 37.88095], [-122.62838, 37.88497], [-122.63508, 37.89166], [-122.6529, 37.9022], [-122.67991, 37.90733], [-122.68106, 37.90906], [-122.66114, 37.90919], [-122.64748, 37.90245], [-122.65147, 37.90661], [-122.66477, 37.91292], [-122.67545, 37.92408], [-122.6805, 37.92543], [-122.68284, 37.92979], [-122.6972, 37.93443], [-122.69845, 37.93332], [-122.69392, 37.92397], [-122.68798, 37.92176], [-122.6884, 37.91574], [-122.68213, 37.90976], [-122.68241, 37.90622], [-122.69755, 37.8988], [-122.70142, 37.89393], [-122.70972, 37.8959], [-122.71359, 37.90028], [-122.72708, 37.90362], [-122.73668, 37.92554], [-122.75467, 37.93536], [-122.76523, 37.9372], [-122.77115, 37.94392], [-122.77653, 37.94318], [-122.77589, 37.94559], [-122.77846, 37.94805], [-122.78327, 37.94812], [-122.78502, 37.95691], [-122.79521, 37.97396], [-122.80832, 37.98506], [-122.81186, 37.98476], [-122.82351, 37.9978], [-122.82813, 37.99805], [-122.8315, 38.00253], [-122.84247, 38.00906], [-122.86969, 38.02158], [-122.89622, 38.02776], [-122.92775, 38.02924], [-122.93107, 38.03411], [-122.92482, 38.02982], [-122.89459, 38.03032], [-122.88923, 38.02963], [-122.88822, 38.02792], [-122.88732, 38.02739], [-122.88614, 38.02732], [-122.87996, 38.03888], [-122.88742, 38.0298], [-122.88617, 38.02757], [-122.89147, 38.03244], [-122.89063, 38.03682], [-122.89284, 38.04314], [-122.89452, 38.03279], [-122.8995, 38.03149], [-122.90754, 38.03317], [-122.90867, 38.03495], [-122.90417, 38.04187], [-122.90713, 38.04456], [-122.90532, 38.04736], [-122.90933, 38.05166], [-122.91397, 38.03351], [-122.91721, 38.03381], [-122.91817, 38.03712], [-122.92044, 38.03293], [-122.92426, 38.0331], [-122.92702, 38.03598], [-122.93201, 38.0355], [-122.9319, 38.04193], [-122.93754, 38.04607], [-122.93418, 38.0536], [-122.92234, 38.05955], [-122.91959, 38.06353], [-122.9215, 38.06627], [-122.91221, 38.07028], [-122.91147, 38.07286], [-122.91815, 38.06939], [-122.92234, 38.07127], [-122.92313, 38.07474], [-122.92687, 38.0639], [-122.92912, 38.06238], [-122.93326, 38.06421], [-122.93503, 38.07508], [-122.93164, 38.081], [-122.93537, 38.08444], [-122.93126, 38.0862], [-122.9281, 38.09104], [-122.93506, 38.08915], [-122.93673, 38.08084], [-122.94029, 38.0773], [-122.9415, 38.06385], [-122.9443, 38.06083], [-122.95287, 38.06037], [-122.95433, 38.06196], [-122.9532, 38.07134], [-122.95713, 38.07748], [-122.95543, 38.06989], [-122.95746, 38.06818], [-122.95616, 38.06363], [-122.95829, 38.0616], [-122.95067, 38.05806], [-122.9482, 38.0537], [-122.94923, 38.04882], [-122.96412, 38.05596], [-122.95675, 38.04866], [-122.94926, 38.04609], [-122.94034, 38.03484], [-122.93659, 38.03559], [-122.93584, 38.03409], [-122.96555, 38.02483], [-122.97652, 38.01607], [-122.98334, 38.00531], [-122.98289, 37.99776], [-122.96728, 37.99365], [-122.96437, 37.98996], [-122.97268, 37.99012], [-122.97432, 37.99241], [-122.98659, 37.99205], [-122.99062, 37.99457], [-122.99472, 37.9927], [-123.00567, 37.99328], [-123.00803, 37.99556], [-123.01433, 37.99386], [-123.02404, 37.9948], [-123.02065, 37.99974], [-123.01624, 37.99901], [-123.01199, 38.00288], [-122.99624, 38.03314], [-122.96062, 38.11308], [-122.94867, 38.1545], [-122.94956, 38.16416], [-122.95211, 38.1665], [-122.95183, 38.16982], [-122.95468, 38.17059], [-122.953, 38.17214], [-122.95404, 38.17626], [-122.96661, 38.18317], [-122.96835, 38.18232], [-122.96517, 38.1884], [-122.96803, 38.20251], [-122.98066, 38.21412], [-122.9817, 38.22304], [-122.99187, 38.23262], [-122.99522, 38.24095], [-122.98288, 38.23434], [-122.95911, 38.20857], [-122.95003, 38.20513], [-122.95152, 38.20252], [-122.94643, 38.20192], [-122.94722, 38.19578], [-122.95143, 38.1956], [-122.95005, 38.19373], [-122.94305, 38.1942], [-122.93494, 38.18744], [-122.93164, 38.1877], [-122.93015, 38.18047], [-122.92294, 38.17516], [-122.92357, 38.17279], [-122.9153, 38.1648], [-122.9152, 38.16113], [-122.9068, 38.15663], [-122.91074, 38.15209], [-122.90386, 38.14932], [-122.90393, 38.14568], [-122.89643, 38.14068], [-122.89674, 38.13632], [-122.89365, 38.13272], [-122.88912, 38.13224], [-122.88253, 38.12337], [-122.8698, 38.1148], [-122.85034, 38.09541], [-122.84179, 38.09023], [-122.83204, 38.07802], [-122.82381, 38.0729], [-122.83188, 38.07813], [-122.83749, 38.08852], [-122.83216, 38.08506], [-122.8332, 38.08889], [-122.82766, 38.08254], [-122.82546, 38.09127], [-122.8419, 38.10461], [-122.84235, 38.10737], [-122.85148, 38.10696], [-122.85233, 38.115], [-122.85985, 38.11631], [-122.85938, 38.11783], [-122.86153, 38.11979], [-122.86049, 38.11657], [-122.86473, 38.11924], [-122.86294, 38.12732], [-122.87091, 38.13322], [-122.87291, 38.14047], [-122.88112, 38.14361], [-122.884, 38.14866], [-122.88784, 38.14895], [-122.89475, 38.15889], [-122.89411, 38.1619], [-122.90105, 38.16544], [-122.90397, 38.17456], [-122.90925, 38.17961], [-122.91341, 38.18853], [-122.9177, 38.19055], [-122.92166, 38.20106], [-122.926, 38.20622], [-122.92574, 38.21459], [-122.92249, 38.22122], [-122.93359, 38.21148], [-122.94074, 38.21896], [-122.94459, 38.22027], [-122.9489, 38.22], [-122.94775, 38.21886], [-122.95293, 38.21433], [-122.95255, 38.23024], [-122.95435, 38.23276], [-122.95873, 38.23538], [-122.95894, 38.23288], [-122.96291, 38.23388], [-122.96303, 38.23123], [-122.97192, 38.2317], [-122.96729, 38.24939], [-122.9685, 38.25345], [-122.97772, 38.26636], [-122.97779, 38.26986], [-122.98656, 38.27307], [-122.98875, 38.27999], [-122.99484, 38.28295], [-123.00277, 38.29573], [-123.02434, 38.31044], [-123.03159, 38.31248], [-123.04694, 38.31261], [-123.05142, 38.31049], [-123.05422, 38.30622], [-123.05498, 38.30851], [-123.05078, 38.31465], [-123.03887, 38.31488], [-123.03679, 38.31667], [-123.03988, 38.31875], [-123.03764, 38.32242], [-123.04062, 38.3261], [-123.04996, 38.33434], [-123.05177, 38.33299], [-123.05041, 38.33433], [-123.05257, 38.33353], [-123.05783, 38.33641], [-123.05998, 38.33382], [-123.05521, 38.32612], [-123.05474, 38.31947], [-123.05665, 38.31442], [-123.0614, 38.31197], [-123.05719, 38.3044], [-123.05205, 38.30245], [-123.05298, 38.29968], [-123.05821, 38.2982], [-123.06529, 38.30259], [-123.06519, 38.30584], [-123.07095, 38.31427], [-123.06918, 38.31642], [-123.07239, 38.31628], [-123.07856, 38.32336], [-123.07524, 38.32225], [-123.07323, 38.32385], [-123.06873, 38.33468], [-123.06762, 38.35659], [-123.06932, 38.36214], [-123.07866, 38.37639], [-123.0816, 38.37786], [-123.08554, 38.39059], [-123.0925, 38.39493], [-123.09514, 38.39262], [-123.09703, 38.39418], [-123.09819, 38.40639], [-123.10191, 38.4131], [-123.10889, 38.42029], [-123.11469, 38.42154], [-123.11717, 38.42877], [-123.12217, 38.43021], [-123.12066, 38.43163], [-123.12394, 38.44038], [-123.12844, 38.43972], [-123.12601, 38.44238], [-123.12877, 38.45101], [-123.14012, 38.45649], [-123.14451, 38.45594], [-123.14304, 38.45745], [-123.14639, 38.45786], [-123.14575, 38.45993], [-123.15139, 38.46226], [-123.15264, 38.46095], [-123.15226, 38.46437], [-123.15632, 38.46463], [-123.15571, 38.46621], [-123.15868, 38.46828], [-123.16311, 38.46808], [-123.1655, 38.4744], [-123.16972, 38.47505], [-123.16991, 38.47677], [-123.19334, 38.49003], [-123.21479, 38.49907], [-123.22132, 38.49889], [-123.23176, 38.50268], [-123.2311, 38.50495], [-123.23449, 38.50596], [-123.23524, 38.50925], [-123.24043, 38.50898], [-123.24608, 38.51318], [-123.24954, 38.50992], [-123.25419, 38.5116], [-123.25426, 38.51562], [-123.2691, 38.52529], [-123.26724, 38.52711], [-123.26797, 38.52971], [-123.27381, 38.53288], [-123.27881, 38.53149], [-123.27943, 38.53617], [-123.28243, 38.53581], [-123.28575, 38.53991], [-123.29867, 38.5441], [-123.29785, 38.54703], [-123.30429, 38.54788], [-123.3065, 38.55275], [-123.30367, 38.55538], [-123.32372, 38.56068], [-123.32395, 38.56395], [-123.33011, 38.56733], [-123.33395, 38.56589], [-123.33586, 38.57037], [-123.34025, 38.57233], [-123.3386, 38.57349], [-123.34053, 38.57691], [-123.33938, 38.58085], [-123.33559, 38.58255], [-123.34325, 38.58687], [-123.34334, 38.59016], [-123.34964, 38.5969], [-123.35388, 38.59853], [-123.35955, 38.59738], [-123.36096, 38.6009], [-123.36641, 38.60211], [-123.372, 38.60647], [-123.36683, 38.60833], [-123.36705, 38.61353], [-123.37457, 38.61607], [-123.38089, 38.62231], [-123.38124, 38.62506], [-123.38992, 38.62979], [-123.3874, 38.63195], [-123.3907, 38.63606], [-123.39554, 38.63765], [-123.39372, 38.63987], [-123.40047, 38.64439], [-123.40158, 38.64685], [-123.39794, 38.64723], [-123.39974, 38.64977], [-123.4032, 38.64947], [-123.4027, 38.6509], [-123.40844, 38.65448], [-123.40568, 38.65656], [-123.40924, 38.65911], [-123.40954, 38.66251], [-123.41665, 38.66768], [-123.41492, 38.66888], [-123.41959, 38.67466], [-123.42709, 38.67804], [-123.42921, 38.67702], [-123.42811, 38.6782], [-123.43039, 38.67998], [-123.43249, 38.67881], [-123.43152, 38.68062], [-123.4352, 38.68209], [-123.43245, 38.68307], [-123.43351, 38.68963], [-123.43738, 38.6908], [-123.44101, 38.69937], [-123.44587, 38.70053], [-123.44592, 38.70338], [-123.4483, 38.70285], [-123.454, 38.70707], [-123.45299, 38.70862], [-123.45608, 38.71314], [-123.46452, 38.71933], [-123.47172, 38.72252], [-123.47487, 38.72174], [-123.4832, 38.72642], [-123.49382, 38.73716], [-123.50693, 38.74117], [-123.51112, 38.74062], [-123.52126, 38.74959], [-123.52429, 38.74926], [-123.52737, 38.75242], [-123.52494, 38.75364], [-123.52662, 38.75696], [-123.53259, 38.75953], [-123.53096, 38.76094], [-123.53219, 38.76621], [-123.54093, 38.77207], [-123.54159, 38.77662], [-123.55825, 38.78577], [-123.56162, 38.78425], [-123.56108, 38.79031], [-123.56884, 38.79428], [-123.57423, 38.79993], [-123.58042, 38.80279], [-123.58454, 38.80065], [-123.58624, 38.80269], [-123.58996, 38.80225], [-123.59053, 38.80524], [-123.59582, 38.80864], [-123.60253, 38.80747], [-123.60275, 38.80943], [-123.59825, 38.81072], [-123.60499, 38.82238], [-123.61524, 38.82866], [-123.61888, 38.82768], [-123.61998, 38.83034], [-123.62567, 38.83149], [-123.6286, 38.83675], [-123.63553, 38.83959], [-123.6386, 38.84401], [-123.64246, 38.84404], [-123.64355, 38.84626], [-123.6472, 38.84522], [-123.64628, 38.84807], [-123.65114, 38.85275], [-123.65466, 38.86581], [-123.65994, 38.87267], [-123.68123, 38.88264], [-123.6871, 38.89277], [-123.70175, 38.90097], [-123.70661, 38.9087], [-123.71158, 38.91037], [-123.71126, 38.91552], [-123.72191, 38.91896], [-123.72451, 38.91725], [-123.72774, 38.91857], [-123.72755, 38.92558], [-123.73003, 38.92896], [-123.7272, 38.92924], [-123.72614, 38.93563], [-123.73144, 38.93922], [-123.73401, 38.94608], [-123.74213, 38.956], [-123.73833, 38.95433], [-123.73571, 38.95507], [-123.73592, 38.95721], [-123.73246, 38.95178], [-123.73262, 38.95376], [-123.73002, 38.95207], [-123.73085, 38.95438], [-123.73335, 38.95442], [-123.72144, 38.9634], [-123.7042, 38.98983], [-123.6905, 39.02221], [-123.69244, 39.02549], [-123.68961, 39.03402], [-123.69481, 39.03763], [-123.69215, 39.03882], [-123.6946, 39.04174], [-123.69092, 39.04407], [-123.69333, 39.04836], [-123.69144, 39.0514], [-123.69536, 39.05623], [-123.69317, 39.05815], [-123.69461, 39.06165], [-123.70288, 39.07323], [-123.70276, 39.07901], [-123.70592, 39.07994], [-123.7035, 39.08332], [-123.71027, 39.09782], [-123.70758, 39.0991], [-123.70887, 39.10316], [-123.70749, 39.10383], [-123.71461, 39.10838], [-123.71295, 39.11039], [-123.71519, 39.11369], [-123.71288, 39.11445], [-123.71687, 39.12093], [-123.72039, 39.1228], [-123.71765, 39.12455], [-123.71776, 39.12812], [-123.72072, 39.13004], [-123.72017, 39.13474], [-123.73043, 39.14194], [-123.73393, 39.13943], [-123.73554, 39.14211], [-123.73636, 39.13977], [-123.73817, 39.14522], [-123.73401, 39.14744], [-123.7392, 39.15375], [-123.7365, 39.15302], [-123.73446, 39.15839], [-123.73828, 39.1598], [-123.73797, 39.16283], [-123.74519, 39.16762], [-123.744, 39.16905], [-123.74685, 39.16995], [-123.7466, 39.17199], [-123.75371, 39.17605], [-123.75229, 39.17867], [-123.75609, 39.18173], [-123.76072, 39.19308], [-123.76378, 39.19154], [-123.7718, 39.19526], [-123.77084, 39.19728], [-123.77326, 39.19873], [-123.77029, 39.19929], [-123.76963, 39.20201], [-123.77699, 39.21377], [-123.76807, 39.21583], [-123.77789, 39.22529], [-123.77312, 39.22714], [-123.77107, 39.227], [-123.76926, 39.22587], [-123.76914, 39.22614], [-123.77083, 39.2292], [-123.77897, 39.2308], [-123.78032, 39.23348], [-123.77664, 39.23682], [-123.77777, 39.23877], [-123.77289, 39.2395], [-123.77954, 39.24149], [-123.78293, 39.25268], [-123.78678, 39.25322], [-123.78343, 39.25523], [-123.78485, 39.25696], [-123.78286, 39.25864], [-123.78685, 39.25999], [-123.79117, 39.27372], [-123.79907, 39.27147], [-123.80376, 39.27932], [-123.8011, 39.28436], [-123.80364, 39.28602], [-123.80284, 39.29192], [-123.79793, 39.29027], [-123.79491, 39.29159], [-123.7963, 39.29928], [-123.79222, 39.30222], [-123.80298, 39.30378], [-123.80461, 39.30089], [-123.80605, 39.30358], [-123.81091, 39.30497], [-123.80953, 39.30593], [-123.81116, 39.30975], [-123.80848, 39.31001], [-123.80798, 39.31252], [-123.80433, 39.31193], [-123.80472, 39.31385], [-123.80204, 39.31281], [-123.80029, 39.31907], [-123.80876, 39.32464], [-123.80392, 39.32525], [-123.80697, 39.32763], [-123.80513, 39.32941], [-123.81124, 39.32752], [-123.81308, 39.32995], [-123.81157, 39.3315], [-123.81394, 39.33091], [-123.81267, 39.33226], [-123.81795, 39.33483], [-123.81614, 39.33487], [-123.81628, 39.33927], [-123.81972, 39.3397], [-123.81954, 39.34309], [-123.82491, 39.34555], [-123.82633, 39.34722], [-123.8247, 39.34853], [-123.82642, 39.34789], [-123.82774, 39.34974], [-123.82552, 39.34909], [-123.82657, 39.35193], [-123.82444, 39.35374], [-123.82083, 39.35369], [-123.82466, 39.35912], [-123.82282, 39.36011], [-123.82526, 39.36088], [-123.81645, 39.36183], [-123.82621, 39.369], [-123.82249, 39.36959], [-123.82249, 39.37267], [-123.82008, 39.37279], [-123.82222, 39.37595], [-123.81727, 39.37684], [-123.82225, 39.37984], [-123.81975, 39.38197], [-123.82112, 39.3861], [-123.81736, 39.38763], [-123.82053, 39.39173], [-123.81631, 39.39267], [-123.82114, 39.39765], [-123.8189, 39.39799], [-123.82222, 39.40667], [-123.81947, 39.40697], [-123.81866, 39.40957], [-123.81597, 39.40896], [-123.8139, 39.41276], [-123.81527, 39.41522], [-123.81286, 39.4174], [-123.81913, 39.42411], [-123.80984, 39.42743], [-123.80586, 39.42619], [-123.80552, 39.42451], [-123.80428, 39.42328], [-123.80098, 39.42288], [-123.79532, 39.42911], [-123.796, 39.43238], [-123.79307, 39.43116], [-123.79072, 39.43117], [-123.78802, 39.43234], [-123.78637, 39.43456], [-123.78248, 39.43268], [-123.77937, 39.43386], [-123.77614, 39.43749], [-123.77275, 39.4366], [-123.77046, 39.43748], [-123.77633, 39.43767], [-123.78213, 39.43307], [-123.78626, 39.43478], [-123.7909, 39.43153], [-123.79607, 39.43297], [-123.79604, 39.429], [-123.80345, 39.42345], [-123.80569, 39.42778], [-123.81043, 39.42805], [-123.81034, 39.43067], [-123.81614, 39.4306], [-123.82043, 39.43957], [-123.81626, 39.43824], [-123.81236, 39.44204], [-123.81675, 39.44502], [-123.81279, 39.45095], [-123.81418, 39.45365], [-123.81083, 39.45499], [-123.8088, 39.45899], [-123.81017, 39.46158], [-123.80734, 39.46431], [-123.80807, 39.47047], [-123.80409, 39.47147], [-123.80196, 39.48698], [-123.80536, 39.48943], [-123.79631, 39.49105], [-123.78782, 39.50333], [-123.77704, 39.52415], [-123.76782, 39.55164], [-123.76614, 39.55303], [-123.76543, 39.54986], [-123.75741, 39.54428], [-123.75522, 39.54392], [-123.75369, 39.54122], [-123.75114, 39.5396], [-123.75114, 39.54025], [-123.76142, 39.5498], [-123.7655, 39.55175], [-123.76699, 39.5566], [-123.76555, 39.55937], [-123.76951, 39.5626], [-123.76723, 39.56307], [-123.7672, 39.56538], [-123.77828, 39.57588], [-123.77656, 39.57624], [-123.7788, 39.57798], [-123.77632, 39.57832], [-123.77717, 39.58439], [-123.78218, 39.58769], [-123.78001, 39.58754], [-123.78305, 39.59127], [-123.78628, 39.59187], [-123.78378, 39.59355], [-123.78757, 39.59726], [-123.78899, 39.60486], [-123.78352, 39.60971], [-123.78243, 39.62183], [-123.78746, 39.62715], [-123.78451, 39.62886], [-123.7871, 39.63683], [-123.78498, 39.6517], [-123.78729, 39.65633], [-123.78632, 39.66032], [-123.7929, 39.66725], [-123.79196, 39.68224], [-123.79548, 39.691], [-123.80378, 39.69994], [-123.80811, 39.71067], [-123.82481, 39.71817], [-123.83057, 39.7234], [-123.83158, 39.73053], [-123.82825, 39.73397], [-123.83496, 39.73874], [-123.83153, 39.73878], [-123.83201, 39.74398], [-123.83911, 39.75664], [-123.8371, 39.77428], [-123.83833, 39.78794], [-123.84149, 39.80082], [-123.84636, 39.80666], [-123.84545, 39.81263], [-123.8496, 39.82818], [-123.85396, 39.83436], [-123.88106, 39.84524], [-123.88926, 39.85217], [-123.89368, 39.85282], [-123.89403, 39.85538], [-123.89952, 39.85561], [-123.9017, 39.86019], [-123.90431, 39.85946], [-123.91273, 39.87047], [-123.91575, 39.88112], [-123.92985, 39.90947], [-123.93978, 39.91263], [-123.94181, 39.91587], [-123.955, 39.92242], [-123.95919, 39.92768], [-123.96113, 39.9354], [-123.97483, 39.9526], [-123.98021, 39.96283], [-123.99563, 39.9727], [-124.0066, 39.9859], [-124.0152, 39.99152], [-124.02027, 39.99927], [-124.037, 40.01435], [-124.05864, 40.02486], [-124.06477, 40.02503], [-124.06713, 40.02192], [-124.0711, 40.02188], [-124.08053, 40.02982], [-124.07853, 40.03647], [-124.08086, 40.03778], [-124.08065, 40.0664], [-124.08673, 40.07814], [-124.09269, 40.08236], [-124.11005, 40.10341], [-124.13911, 40.11621], [-124.18807, 40.13079], [-124.2158, 40.16187], [-124.23868, 40.17663], [-124.25724, 40.18346], [-124.27363, 40.19663], [-124.29027, 40.20342], [-124.32058, 40.22618], [-124.32739, 40.23698], [-124.35256, 40.24964], [-124.36327, 40.26045], [-124.36374, 40.27602], [-124.35663, 40.29235], [-124.35374, 40.30484], [-124.34836, 40.31236], [-124.34828, 40.31767], [-124.35373, 40.33246], [-124.36206, 40.3412], [-124.36409, 40.34829], [-124.36267, 40.35549], [-124.36395, 40.36843], [-124.36856, 40.38418], [-124.37918, 40.3992], [-124.39139, 40.40699], [-124.40278, 40.42244], [-124.40373, 40.43353], [-124.4097, 40.43824], [-124.40771, 40.44518], [-124.3937, 40.46861], [-124.385, 40.49032], [-124.3834, 40.49916], [-124.38707, 40.50295], [-124.38738, 40.51044], [-124.37011, 40.53599], [-124.33052, 40.61513], [-124.31497, 40.63957], [-124.31236, 40.64106], [-124.31618, 40.63446], [-124.31563, 40.63155], [-124.3111, 40.62805], [-124.30818, 40.62737], [-124.31433, 40.6324], [-124.31302, 40.63689], [-124.31056, 40.6372], [-124.30337, 40.62485], [-124.3004, 40.62748], [-124.30299, 40.6343], [-124.29417, 40.63167], [-124.28823, 40.62601], [-124.29306, 40.63221], [-124.28037, 40.63615], [-124.27571, 40.63157], [-124.28014, 40.63711], [-124.27205, 40.64005], [-124.29408, 40.63539], [-124.30589, 40.63941], [-124.30228, 40.64729], [-124.3041, 40.64912], [-124.30207, 40.65264], [-124.29947, 40.65302], [-124.29872, 40.6579], [-124.29087, 40.66069], [-124.29021, 40.66299], [-124.28125, 40.66286], [-124.28785, 40.6646], [-124.2873, 40.66635], [-124.29131, 40.66491], [-124.29313, 40.66861], [-124.30771, 40.64664], [-124.30761, 40.64126], [-124.31044, 40.6422], [-124.31108, 40.64498], [-124.28353, 40.68773], [-124.25051, 40.7317], [-124.23473, 40.7568], [-124.22945, 40.74876], [-124.22582, 40.74819], [-124.22778, 40.74684], [-124.22671, 40.74404], [-124.22931, 40.74609], [-124.23322, 40.74527], [-124.24112, 40.73771], [-124.24323, 40.73234], [-124.2498, 40.72798], [-124.25848, 40.71776], [-124.26278, 40.70927], [-124.26046, 40.70718], [-124.26714, 40.70082], [-124.25792, 40.69641], [-124.23212, 40.69038], [-124.22995, 40.68688], [-124.2241, 40.68433], [-124.22478, 40.68018], [-124.2228, 40.67775], [-124.21842, 40.67639], [-124.21537, 40.67734], [-124.21559, 40.67523], [-124.21285, 40.67473], [-124.21728, 40.67966], [-124.22117, 40.67763], [-124.22394, 40.67961], [-124.22229, 40.68565], [-124.21908, 40.68706], [-124.22256, 40.69028], [-124.22075, 40.69514], [-124.22337, 40.69943], [-124.21558, 40.70222], [-124.20867, 40.69933], [-124.20683, 40.69969], [-124.20367, 40.69838], [-124.20294, 40.69861], [-124.21337, 40.70223], [-124.21384, 40.70444], [-124.21118, 40.70694], [-124.22341, 40.72327], [-124.21915, 40.72777], [-124.21851, 40.73259], [-124.21667, 40.73336], [-124.21554, 40.73112], [-124.21462, 40.73571], [-124.21554, 40.7385], [-124.21759, 40.73621], [-124.22061, 40.73669], [-124.22209, 40.74023], [-124.20563, 40.74362], [-124.19782, 40.75299], [-124.19928, 40.76186], [-124.20278, 40.76675], [-124.2024, 40.77184], [-124.1982, 40.77058], [-124.20035, 40.76664], [-124.1948, 40.75612], [-124.19797, 40.76627], [-124.19454, 40.77909], [-124.18711, 40.78766], [-124.1882, 40.79278], [-124.18341, 40.80002], [-124.17556, 40.80445], [-124.15942, 40.80652], [-124.14914, 40.81035], [-124.14192, 40.80525], [-124.13948, 40.80572], [-124.14528, 40.8113], [-124.13211, 40.80559], [-124.12459, 40.8057], [-124.12209, 40.80823], [-124.12001, 40.80741], [-124.12185, 40.80914], [-124.1186, 40.80814], [-124.11948, 40.80945], [-124.11457, 40.81383], [-124.10554, 40.81471], [-124.08842, 40.8237], [-124.0828, 40.83275], [-124.08514, 40.84154], [-124.08429, 40.84269], [-124.08468, 40.84093], [-124.08285, 40.84037], [-124.08436, 40.84123], [-124.08273, 40.84353], [-124.08469, 40.84422], [-124.08264, 40.84638], [-124.08528, 40.84698], [-124.08429, 40.84879], [-124.09103, 40.85587], [-124.09329, 40.85361], [-124.09893, 40.85534], [-124.0978, 40.85978], [-124.10888, 40.85816], [-124.11489, 40.85286], [-124.11846, 40.8526], [-124.12548, 40.85825], [-124.1319, 40.85937], [-124.13577, 40.86465], [-124.1532, 40.86412], [-124.15011, 40.8587], [-124.15831, 40.85837], [-124.1586, 40.85073], [-124.16643, 40.84328], [-124.17108, 40.83437], [-124.17075, 40.82564], [-124.18765, 40.81038], [-124.19522, 40.78939], [-124.20028, 40.78231], [-124.22042, 40.76508], [-124.22148, 40.75964], [-124.22664, 40.76046], [-124.2341, 40.76533], [-124.22841, 40.76949], [-124.19402, 40.81683], [-124.15911, 40.87504], [-124.13687, 40.92713], [-124.11758, 40.9874], [-124.11137, 41.02751], [-124.12194, 41.03986], [-124.11996, 41.04148], [-124.12555, 41.04653], [-124.12531, 41.04868], [-124.12946, 41.05153], [-124.14213, 41.05717], [-124.14831, 41.05617], [-124.14717, 41.05317], [-124.15017, 41.05095], [-124.15343, 41.05353], [-124.14892, 41.06178], [-124.15168, 41.06733], [-124.15611, 41.06663], [-124.15948, 41.06947], [-124.15781, 41.07043], [-124.15967, 41.07373], [-124.15538, 41.07739], [-124.15779, 41.08127], [-124.15644, 41.08433], [-124.15955, 41.08571], [-124.15449, 41.08723], [-124.16055, 41.09918], [-124.16448, 41.10123], [-124.16059, 41.10448], [-124.16198, 41.10907], [-124.15949, 41.11206], [-124.16081, 41.11958], [-124.15899, 41.12101], [-124.16554, 41.12978], [-124.16074, 41.1333], [-124.16404, 41.13848], [-124.16194, 41.14123], [-124.15856, 41.14296], [-124.14804, 41.14112], [-124.14031, 41.14999], [-124.10713, 41.22873], [-124.1068, 41.23347], [-124.10897, 41.23649], [-124.10017, 41.25838], [-124.10005, 41.26611], [-124.09248, 41.28677], [-124.08455, 41.32863], [-124.07347, 41.36893], [-124.06325, 41.43909], [-124.06634, 41.45177], [-124.06611, 41.47061], [-124.07278, 41.49124], [-124.07538, 41.49396], [-124.07764, 41.50598], [-124.08156, 41.51003], [-124.08188, 41.5229], [-124.08505, 41.52436], [-124.08302, 41.52512], [-124.08248, 41.54574], [-124.0808, 41.54704], [-124.09242, 41.55305], [-124.0967, 41.56045], [-124.09596, 41.56259], [-124.09896, 41.56394], [-124.09804, 41.56573], [-124.10151, 41.56968], [-124.1025, 41.57417], [-124.09997, 41.57714], [-124.10224, 41.5791], [-124.09756, 41.58518], [-124.10488, 41.59446], [-124.10188, 41.59689], [-124.10091, 41.60241], [-124.11115, 41.614], [-124.11591, 41.61508], [-124.11344, 41.61766], [-124.12004, 41.64054], [-124.12776, 41.65125], [-124.13555, 41.65744], [-124.13801, 41.67029], [-124.14122, 41.67253], [-124.1383, 41.67924], [-124.14036, 41.68512], [-124.14365, 41.68784], [-124.14167, 41.68957], [-124.14387, 41.69578], [-124.14193, 41.69974], [-124.14761, 41.71842], [-124.16105, 41.73711], [-124.16843, 41.74258], [-124.17752, 41.74606], [-124.18306, 41.7399], [-124.18531, 41.73944], [-124.18704, 41.74318], [-124.18334, 41.7408], [-124.18082, 41.74409], [-124.1839, 41.74595], [-124.18304, 41.74733], [-124.19377, 41.74984], [-124.19973, 41.74632], [-124.19453, 41.737], [-124.19077, 41.73638], [-124.1945, 41.73671], [-124.2008, 41.74553], [-124.21239, 41.75101], [-124.21633, 41.7509], [-124.21551, 41.75387], [-124.22211, 41.75642], [-124.22444, 41.76089], [-124.23935, 41.77083], [-124.24347, 41.7722], [-124.24649, 41.77056], [-124.25437, 41.77075], [-124.24824, 41.77268], [-124.25034, 41.77635], [-124.25492, 41.77847], [-124.25317, 41.77994], [-124.25518, 41.78462], [-124.24603, 41.79043], [-124.23635, 41.80614], [-124.21746, 41.85278], [-124.2072, 41.89576], [-124.20375, 41.93573], [-124.20298, 41.92527], [-124.19963, 41.92237], [-124.19956, 41.91755], [-124.19682, 41.91422], [-124.19078, 41.91257], [-124.17564, 41.9132], [-124.16017, 41.90911], [-124.17204, 41.91379], [-124.19237, 41.91387], [-124.19734, 41.91691], [-124.20013, 41.93223], [-124.19345, 41.9239], [-124.1964, 41.9199], [-124.1921, 41.92228], [-124.1984, 41.9358], [-124.19776, 41.94182], [-124.19711, 41.93679], [-124.19512, 41.93573], [-124.19586, 41.94064], [-124.20255, 41.9474], [-124.20763, 41.94591], [-124.2101, 41.95062], [-124.20607, 41.96274], [-124.20493, 41.98146], [-124.21147, 41.99854]]]}, "properties": {"id": "Balance of State", "name": "Balance of State", "kind": "waterfowl_zone"}}]}