{"type":"FeatureCollection","features":[{"type":"Feature","geometry":{"type":"Point","coordinates":[-121.60978349370961,39.01862907758122]},"properties":{"id":"gnis-217937","name":"Abbott Lake","kind":"backcountry","county":"Sutter"}},{"type":"Feature","geometry":{"type":"Point","coordinates":[-122.08136525738735,37.71493476395827]},"properties":{"id":"gnis-218160","name":"Almond Reservoir","kind":"backcountry","county":"Alameda"}},{"type":"Feature","geometry":{"type":"Point","coordinates":[-119.30436644345926,37.96224359144646]},"properties":{"id":"gnis-218167","name":"Alpine Lake","kind":"backcountry","county":"Mono"}},{"type":"Feature","geometry":{"type":"Point","coordinates":[-122.99133512769619,40.943052286067]},"properties":{"id":"gnis-218168","name":"Alpine Lake","kind":"backcountry","county":"Trinity"}},{"type":"Feature","geometry":{"type":"Point","coordinates":[-121.06574418605173,39.231128167307986]},"properties":{"id":"gnis-218177","name":"Alta Hill Reservoir","kind":"backcountry","county":"Nevada"}},{"type":"Feature","geometry":{"type":"Point","coordinates":[-120.13899458573616,38.89360452234837]},"properties":{"id":"gnis-218182","name":"Alta Morris Lake","kind":"backcountry","county":"El Dorado"}},{"type":"Feature","geometry":{"type":"Point","coordinates":[-120.82063041571774,40.93421501317112]},"properties":{"id":"gnis-218221","name":"Ambrose Reservoir","kind":"backcountry","county":"Lassen"}},{"type":"Feature","geometry":{"type":"Point","coordinates":[-119.69032994808747,38.03899000879554]},"properties":{"id":"gnis-218277","name":"Andrews Lake","kind":"backcountry","county":"Tuolumne"}},{"type":"Feature","geometry":{"type":"Point","coordinates":[-121.8079502365037,37.97514067950581]},"properties":{"id":"gnis-218305","name":"Antioch Municipal Reservoir","kind":"backcountry","county":"Contra Costa"}},{"type":"Feature","geometry":{"type":"Point","coordinates":[-121.60129295181741,36.88944220900049]},"properties":{"id":"gnis-218315","name":"Anzar Lake","kind":"backcountry","county":"San Benito"}},{"type":"Feature","geometry":{"type":"Point","coordinates":[-119.69159058177345,38.05124049444749]},"properties":{"id":"gnis-218355","name":"Ardeth Lake","kind":"backcountry","county":"Tuolumne"}},{"type":"Feature","geometry":{"type":"Point","coordinates":[-121.02489751968992,38.964456155408065]},"properties":{"id":"gnis-218414","name":"Lake Arthur","kind":"backcountry","county":"Placer"}},{"type":"Feature","geometry":{"type":"Point","coordinates":[-119.64316488415675,38.05455016130454]},"properties":{"id":"gnis-218480","name":"Avonelle Lake","kind":"backcountry","county":"Tuolumne"}},{"type":"Feature","geometry":{"type":"Point","coordinates":[-123.0187699531543,41.45730813039569]},"properties":{"id":"gnis-218492","name":"Babs Lake","kind":"backcountry","county":"Siskiyou"}},{"type":"Feature","geometry":{"type":"Point","coordinates":[-119.03834037480796,37.47273478159331]},"properties":{"id":"gnis-218493","name":"Baby Lake","kind":"backcountry","county":"Fresno"}},{"type":"Feature","geometry":{"type":"Point","coordinates":[-121.24092447084315,41.081394301375866]},"properties":{"id":"gnis-218520","name":"Bagwell Reservoir","kind":"backcountry","county":"Lassen"}},{"type":"Feature","geometry":{"type":"Point","coordinates":[-121.11014042757947,40.925176299873414]},"properties":{"id":"gnis-218604","name":"Bald Mountain Reservoir","kind":"backcountry","county":"Lassen"}},{"type":"Feature","geometry":{"type":"Point","coordinates":[-121.1813294389873,38.71432284971095]},"properties":{"id":"gnis-218616","name":"Baldwin Reservoir","kind":"backcountry","county":"Sacramento"}},{"type":"Feature","geometry":{"type":"Point","coordinates":[-121.30010088418331,37.4730810664994]},"properties":{"id":"gnis-218627","name":"Ballard Flat","kind":"backcountry","county":"Stanislaus"}},{"type":"Feature","geometry":{"type":"Point","coordinates":[-121.2910476295123,40.74526007079808]},"properties":{"id":"gnis-218628","name":"Ballard Reservoir","kind":"backcountry","county":"Lassen"}},{"type":"Feature","geometry":{"type":"Point","coordinates":[-121.01723139766658,39.23770990276652]},"properties":{"id":"gnis-218651","name":"Banner Reservoir","kind":"backcountry","county":"Nevada"}},{"type":"Feature","geometry":{"type":"Point","coordinates":[-119.4906103577303,37.49548096570312]},"properties":{"id":"gnis-218665","name":"Bare Island Lake","kind":"backcountry","county":"Madera"}},{"type":"Feature","geometry":{"type":"Point","coordinates":[-119.43810731393853,38.14060446020699]},"properties":{"id":"gnis-218688","name":"Barney Lake","kind":"backcountry","county":"Mono"}},{"type":"Feature","geometry":{"type":"Point","coordinates":[-121.47307427422297,41.32169427163938]},"properties":{"id":"gnis-218691","name":"Barnum Flat Reservoir","kind":"backcountry","county":"Siskiyou"}},{"type":"Feature","geometry":{"type":"Point","coordinates":[-120.22980658036496,38.90476523115491]},"properties":{"id":"gnis-218697","name":"Barrett Lake","kind":"backcountry","county":"El Dorado"}},{"type":"Feature","geometry":{"type":"Point","coordinates":[-120.78174490097854,41.920141397173936]},"properties":{"id":"gnis-218717","name":"Baseball Reservoir","kind":"backcountry","county":"Modoc"}},{"type":"Feature","geometry":{"type":"Point","coordinates":[-121.17728830749458,37.15054696240815]},"properties":{"id":"gnis-218722","name":"Bass Lake","kind":"backcountry","county":"Merced"}},{"type":"Feature","geometry":{"type":"Point","coordinates":[-119.0387987123339,37.463767894045525]},"properties":{"id":"gnis-218730","name":"Bathtub Lake","kind":"backcountry","county":"Fresno"}},{"type":"Feature","geometry":{"type":"Point","coordinates":[-120.73011870004065,41.80027545753246]},"properties":{"id":"gnis-218746","name":"Bayley Tank","kind":"backcountry","county":"Modoc"}},{"type":"Feature","geometry":{"type":"Point","coordinates":[-122.0488137807845,36.97571236909279]},"properties":{"id":"gnis-218755","name":"Bay Street Reservoir","kind":"backcountry","county":"Santa Cruz"}},{"type":"Feature","geometry":{"type":"Point","coordinates":[-122.22820401925661,37.4332860993766]},"properties":{"id":"gnis-218853","name":"Bear Gulch Reservoir","kind":"backcountry","county":"San Mateo"}},{"type":"Feature","geometry":{"type":"Point","coordinates":[-121.20240758427236,37.02898311391788]},"properties":{"id":"gnis-218856","name":"Bear Hide Lake","kind":"backcountry","county":"Merced"}},{"type":"Feature","geometry":{"type":"Point","coordinates":[-120.04514709033754,38.47380993618961]},"properties":{"id":"gnis-218857","name":"Bear Lake","kind":"backcountry","county":"Alpine"}},{"type":"Feature","geometry":{"type":"Point","coordinates":[-121.10385863186679,40.76775351841142]},"properties":{"id":"gnis-218858","name":"Bear Lake","kind":"backcountry","county":"Lassen"}},{"type":"Feature","geometry":{"type":"Point","coordinates":[-119.51411440433847,38.19048839042682]},"properties":{"id":"gnis-218925","name":"Beartrap Lake","kind":"backcountry","county":"Mono"}},{"type":"Feature","geometry":{"type":"Point","coordinates":[-121.81228208258534,38.88880697205585]},"properties":{"id":"gnis-218946","name":"Beaver Lake","kind":"backcountry","county":"Yolo"}},{"type":"Feature","geometry":{"type":"Point","coordinates":[-121.10603926976113,41.51127253665735]},"properties":{"id":"gnis-218971","name":"Beeler Reservoir","kind":"backcountry","county":"Modoc"}},{"type":"Feature","geometry":{"type":"Point","coordinates":[-119.00482006876443,37.47254325101739]},"properties":{"id":"gnis-218974","name":"Beetlebug Lake","kind":"backcountry","county":"Fresno"}},{"type":"Feature","geometry":{"type":"Point","coordinates":[-120.440743462421,37.65572616926134]},"properties":{"id":"gnis-219017","name":"Beltz Lake","kind":"backcountry","county":"Stanislaus"}},{"type":"Feature","geometry":{"type":"Point","coordinates":[-119.65345087712923,36.531092222438346]},"properties":{"id":"gnis-219035","name":"Benight Pond","kind":"backcountry","county":"Fresno"}},{"type":"Feature","geometry":{"type":"Point","coordinates":[-122.26164890454552,37.884097164691696]},"properties":{"id":"gnis-219088","name":"Berryman Reservoir","kind":"backcountry","county":"Alameda"}},{"type":"Feature","geometry":{"type":"Point","coordinates":[-121.47616522530033,39.034941118878244]},"properties":{"id":"gnis-219094","name":"Best Slough","kind":"backcountry","county":"Yuba"}},{"type":"Feature","geometry":{"type":"Point","coordinates":[-118.78588095732654,37.67912683465585]},"properties":{"id":"gnis-219125","name":"Big Alkali Lake","kind":"backcountry","county":"Mono"}},{"type":"Feature","geometry":{"type":"Point","coordinates":[-120.7928553326845,37.13612302314168]},"properties":{"id":"gnis-219142","name":"Big Buttonwillow Lake","kind":"backcountry","county":"Merced"}},{"type":"Feature","geometry":{"type":"Point","coordinates":[-122.68874403821167,41.292057189049245]},"properties":{"id":"gnis-219155","name":"Big Carmen Lake","kind":"backcountry","county":"Siskiyou"}},{"type":"Feature","geometry":{"type":"Point","coordinates":[-119.2987333814004,37.95010475857955]},"properties":{"id":"gnis-219198","name":"Big Horn Lake","kind":"backcountry","county":"Mono"}},{"type":"Feature","geometry":{"type":"Point","coordinates":[-122.31072638110481,37.29311550915137]},"properties":{"id":"gnis-219207","name":"Big Lagoon","kind":"backcountry","county":"San Mateo"}},{"type":"Feature","geometry":{"type":"Point","coordinates":[-122.57554624858646,37.85993213946275]},"properties":{"id":"gnis-219208","name":"Big Lagoon","kind":"backcountry","county":"Marin"}},{"type":"Feature","geometry":{"type":"Point","coordinates":[-121.03034974369557,36.546457976079374]},"properties":{"id":"gnis-219221","name":"Big Oak Flat","kind":"backcountry","county":"San Benito"}},{"type":"Feature","geometry":{"type":"Point","coordinates":[-118.75674931221307,37.068679275772524]},"properties":{"id":"gnis-219285","name":"Bighorn Lake","kind":"backcountry","county":"Fresno"}},{"type":"Feature","geometry":{"type":"Point","coordinates":[-121.95085215230155,37.844550984054756]},"properties":{"id":"gnis-219371","name":"Black Hills Reservoir","kind":"backcountry","county":"Contra Costa"}},{"type":"Feature","geometry":{"type":"Point","coordinates":[-123.00427991112747,40.212236195833064]},"properties":{"id":"gnis-219405","name":"Black Rock Lake","kind":"backcountry","county":"Trinity"}},{"type":"Feature","geometry":{"type":"Point","coordinates":[-119.37827142039883,37.57943456900129]},"properties":{"id":"gnis-219421","name":"Blackie Lake","kind":"backcountry","county":"Madera"}},{"type":"Feature","geometry":{"type":"Point","coordinates":[-119.86272852414312,38.266426367446414]},"properties":{"id":"gnis-219467","name":"Bloomer Lake","kind":"backcountry","county":"Tuolumne"}},{"type":"Feature","geometry":{"type":"Point","coordinates":[-123.31080799670204,41.56600514149127]},"properties":{"id":"gnis-219490","name":"Blue Granite Lake","kind":"backcountry","county":"Siskiyou"}},{"type":"Feature","geometry":{"type":"Point","coordinates":[-118.88032678909488,37.44509418438097]},"properties":{"id":"gnis-219497","name":"Blue Jay Lakes","kind":"backcountry","county":"Fresno"}},{"type":"Feature","geometry":{"type":"Point","coordinates":[-122.77773754895631,38.88541339632809]},"properties":{"id":"gnis-219585","name":"Boggs Lake","kind":"backcountry","county":"Lake"}},{"type":"Feature","geometry":{"type":"Point","coordinates":[-120.91576634766038,41.776041860532786]},"properties":{"id":"gnis-219603","name":"Boles Tank","kind":"backcountry","county":"Modoc"}},{"type":"Feature","geometry":{"type":"Point","coordinates":[-119.57735488226224,38.18898960359624]},"properties":{"id":"gnis-219645","name":"Bonnie Lake","kind":"backcountry","county":"Mono"}},{"type":"Feature","geometry":{"type":"Point","coordinates":[-120.13700688350697,41.073989970399616]},"properties":{"id":"gnis-219651","name":"Boot Lake","kind":"backcountry","county":"Lassen"}},{"type":"Feature","geometry":{"type":"Point","coordinates":[-122.67454882505768,38.98595587651347]},"properties":{"id":"gnis-219659","name":"Borax Lake","kind":"backcountry","county":"Lake"}},{"type":"Feature","geometry":{"type":"Point","coordinates":[-118.45748284627255,37.090645121907144]},"properties":{"id":"gnis-219768","name":"Brainerd Lake","kind":"backcountry","county":"Inyo"}},{"type":"Feature","geometry":{"type":"Point","coordinates":[-120.51636330347502,40.72884133467312]},"properties":{"id":"gnis-219781","name":"Branham Reservoir","kind":"backcountry","county":"Lassen"}},{"type":"Feature","geometry":{"type":"Point","coordinates":[-119.6877257374687,38.030120381997165]},"properties":{"id":"gnis-219782","name":"Branigan Lake","kind":"backcountry","county":"Tuolumne"}},{"type":"Feature","geometry":{"type":"Point","coordinates":[-122.10858868590293,37.92437318059401]},"properties":{"id":"gnis-219881","name":"Brookwood Reservoir","kind":"backcountry","county":"Contra Costa"}},{"type":"Feature","geometry":{"type":"Point","coordinates":[-120.83673471593708,41.971086971084716]},"properties":{"id":"gnis-219969","name":"Buchanan Flat","kind":"backcountry","county":"Modoc"}},{"type":"Feature","geometry":{"type":"Point","coordinates":[-123.25763391947787,39.94481757592894]},"properties":{"id":"gnis-220000","name":"Buck Mountain Lake","kind":"backcountry","county":"Mendocino"}},{"type":"Feature","geometry":{"type":"Point","coordinates":[-120.02637168106189,40.9170070988057]},"properties":{"id":"gnis-220056","name":"Buckhorn Lake","kind":"backcountry","county":"Lassen"}},{"type":"Feature","geometry":{"type":"Point","coordinates":[-120.93639504604589,40.92766031030811]},"properties":{"id":"gnis-220065","name":"Buckhorn Waterhole","kind":"backcountry","county":"Lassen"}},{"type":"Feature","geometry":{"type":"Point","coordinates":[-123.11843700984794,41.46999394500681]},"properties":{"id":"gnis-220086","name":"Bug Lake","kind":"backcountry","county":"Siskiyou"}},{"type":"Feature","geometry":{"type":"Point","coordinates":[-120.32487632264088,39.022360670664774]},"properties":{"id":"gnis-220087","name":"Bugle Lake","kind":"backcountry","county":"El Dorado"}},{"type":"Feature","geometry":{"type":"Point","coordinates":[-121.31802846079886,37.16380271987777]},"properties":{"id":"gnis-220091","name":"Bulhead Reservoir","kind":"backcountry","county":"Santa Clara"}},{"type":"Feature","geometry":{"type":"Point","coordinates":[-122.59525582850249,41.31890691256841]},"properties":{"id":"gnis-220113","name":"Bull Lake","kind":"backcountry","county":"Trinity"}},{"type":"Feature","geometry":{"type":"Point","coordinates":[-119.91457827443274,38.48079786536968]},"properties":{"id":"gnis-220121","name":"Bull Run Lake","kind":"backcountry","county":"Alpine"}},{"type":"Feature","geometry":{"type":"Point","coordinates":[-122.93617573237157,39.07579007422849]},"properties":{"id":"gnis-220182","name":"Burger Lake","kind":"backcountry","county":"Lake"}},{"type":"Feature","geometry":{"type":"Point","coordinates":[-123.29205603076039,41.56240258149283]},"properties":{"id":"gnis-220203","name":"Burney Lake","kind":"backcountry","county":"Siskiyou"}},{"type":"Feature","geometry":{"type":"Point","coordinates":[-121.83411834398643,37.046433802379845]},"properties":{"id":"gnis-220315","name":"Buzzard Lagoon","kind":"backcountry","county":"Santa Cruz"}},{"type":"Feature","geometry":{"type":"Point","coordinates":[-120.40771521396425,39.37917804137933]},"properties":{"id":"gnis-220326","name":"Buzzard Roost Lake","kind":"backcountry","county":"Nevada"}},{"type":"Feature","geometry":{"type":"Point","coordinates":[-120.01487972227837,40.1637445252507]},"properties":{"id":"gnis-220414","name":"Calneva Lake","kind":"backcountry","county":"Lassen"}},{"type":"Feature","geometry":{"type":"Point","coordinates":[-121.53295272724587,39.61315870062738]},"properties":{"id":"gnis-220546","name":"Cannon Reservoir","kind":"backcountry","county":"Butte"}},{"type":"Feature","geometry":{"type":"Point","coordinates":[-121.15679739630062,41.54112038279335]},"properties":{"id":"gnis-220547","name":"Cannon Tank","kind":"backcountry","county":"Modoc"}},{"type":"Feature","geometry":{"type":"Point","coordinates":[-121.22025182328069,38.86185091757518]},"properties":{"id":"gnis-220585","name":"Caperton Reservoir","kind":"backcountry","county":"Placer"}},{"type":"Feature","geometry":{"type":"Point","coordinates":[-120.4562624186046,37.64593817591907]},"properties":{"id":"gnis-220592","name":"Cardoza Lake","kind":"backcountry","county":"Stanislaus"}},{"type":"Feature","geometry":{"type":"Point","coordinates":[-121.80227955569568,40.45253955433097]},"properties":{"id":"gnis-220628","name":"Carobe Lake","kind":"backcountry","county":"Shasta"}},{"type":"Feature","geometry":{"type":"Point","coordinates":[-120.46442330034711,39.33429692123978]},"properties":{"id":"gnis-220723","name":"Catfish Lake","kind":"backcountry","county":"Nevada"}},{"type":"Feature","geometry":{"type":"Point","coordinates":[-124.18251485332257,40.679976021301215]},"properties":{"id":"gnis-220724","name":"Catfish Lake","kind":"backcountry","county":"Humboldt"}},{"type":"Feature","geometry":{"type":"Point","coordinates":[-121.07316386964995,40.86755046798801]},"properties":{"id":"gnis-220725","name":"Catfish Reservoir","kind":"backcountry","county":"Lassen"}},{"type":"Feature","geometry":{"type":"Point","coordinates":[-120.82781016559177,40.91322331511355]},"properties":{"id":"gnis-220726","name":"Catfish Reservoir","kind":"backcountry","county":"Lassen"}},{"type":"Feature","geometry":{"type":"Point","coordinates":[-120.2274299444487,37.47359880690192]},"properties":{"id":"gnis-220730","name":"Cathey Pond","kind":"backcountry","county":"Mariposa"}},{"type":"Feature","geometry":{"type":"Point","coordinates":[-121.50958416993878,37.05983685293463]},"properties":{"id":"gnis-220750","name":"Cebada Flat","kind":"backcountry","county":"Santa Clara"}},{"type":"Feature","geometry":{"type":"Point","coordinates":[-121.90121996515599,39.092839047976746]},"properties":{"id":"gnis-220751","name":"Cecil Lake","kind":"backcountry","county":"Colusa"}},{"type":"Feature","geometry":{"type":"Point","coordinates":[-122.2234997433363,37.7975797361917]},"properties":{"id":"gnis-220847","name":"Central Reservoir","kind":"backcountry","county":"Alameda"}},{"type":"Feature","geometry":{"type":"Point","coordinates":[-120.22762473243996,40.488139313897285]},"properties":{"id":"gnis-220882","name":"Chalk Bluff Reservoir","kind":"backcountry","county":"Lassen"}},{"type":"Feature","geometry":{"type":"Point","coordinates":[-119.58662352868387,38.37791030158843]},"properties":{"id":"gnis-220908","name":"Chango Lake","kind":"backcountry","county":"Mono"}},{"type":"Feature","geometry":{"type":"Point","coordinates":[-121.91617614927198,37.861458988124554]},"properties":{"id":"gnis-220929","name":"Chase Pond","kind":"backcountry","county":"Contra Costa"}},{"type":"Feature","geometry":{"type":"Point","coordinates":[-121.75468108877635,37.398448885686435]},"properties":{"id":"gnis-220955","name":"Cherry Flat Reservoir","kind":"backcountry","county":"Santa Clara"}},{"type":"Feature","geometry":{"type":"Point","coordinates":[-120.72843540811517,38.93835500303434]},"properties":{"id":"gnis-221080","name":"Chiquita Lake","kind":"backcountry","county":"El Dorado"}},{"type":"Feature","geometry":{"type":"Point","coordinates":[-120.51423014334011,38.33401741061019]},"properties":{"id":"gnis-221165","name":"Clark Reservoir","kind":"backcountry","county":"Calaveras"}},{"type":"Feature","geometry":{"type":"Point","coordinates":[-120.69067574563336,41.26374403143397]},"properties":{"id":"gnis-221171","name":"Clarks Reservoir","kind":"backcountry","county":"Modoc"}},{"type":"Feature","geometry":{"type":"Point","coordinates":[-120.80521997063057,40.77614828301646]},"properties":{"id":"gnis-221205","name":"Cleghorn Reservoir","kind":"backcountry","county":"Lassen"}},{"type":"Feature","geometry":{"type":"Point","coordinates":[-120.14866500726188,38.975930216257844]},"properties":{"id":"gnis-221220","name":"Cliff Lake","kind":"backcountry","county":"El Dorado"}},{"type":"Feature","geometry":{"type":"Point","coordinates":[-121.19670106787105,38.86850244785043]},"properties":{"id":"gnis-221253","name":"Clover Valley Reservoir","kind":"backcountry","county":"Placer"}},{"type":"Feature","geometry":{"type":"Point","coordinates":[-120.45348613389652,39.55950576233709]},"properties":{"id":"gnis-221286","name":"Coburn Lake","kind":"backcountry","county":"Sierra"}},{"type":"Feature","geometry":{"type":"Point","coordinates":[-121.8014175943328,38.888348896149196]},"properties":{"id":"gnis-221391","name":"Collins Eddy","kind":"backcountry","county":"Sutter"}},{"type":"Feature","geometry":{"type":"Point","coordinates":[-121.49693721755007,40.44127572999047]},"properties":{"id":"gnis-221438","name":"Conard Lake","kind":"backcountry","county":"Tehama"}},{"type":"Feature","geometry":{"type":"Point","coordinates":[-122.47486723433538,38.59995961474746]},"properties":{"id":"gnis-221492","name":"Cooksley Lake","kind":"backcountry","county":"Napa"}},{"type":"Feature","geometry":{"type":"Point","coordinates":[-121.68150990965981,38.75265079913702]},"properties":{"id":"gnis-221513","name":"Coon Lake","kind":"backcountry","county":"Yolo"}},{"type":"Feature","geometry":{"type":"Point","coordinates":[-123.07406153018307,39.0176030227427]},"properties":{"id":"gnis-221514","name":"Coon Lake","kind":"backcountry","county":"Mendocino"}},{"type":"Feature","geometry":{"type":"Point","coordinates":[-120.65046679329174,37.985122501264996]},"properties":{"id":"gnis-221545","name":"Copperopolis Reservoir","kind":"backcountry","county":"Calaveras"}},{"type":"Feature","geometry":{"type":"Point","coordinates":[-121.9816267289331,36.96183970799651]},"properties":{"id":"gnis-221553","name":"Corcoran Lagoon","kind":"backcountry","county":"Santa Cruz"}},{"type":"Feature","geometry":{"type":"Point","coordinates":[-121.81470413642404,36.96621312161828]},"properties":{"id":"gnis-221596","name":"Corralitos Lagoon","kind":"backcountry","county":"Santa Cruz"}},{"type":"Feature","geometry":{"type":"Point","coordinates":[-120.22318127337924,41.391037278385056]},"properties":{"id":"gnis-221653","name":"Cottonwood Lake","kind":"backcountry","county":"Modoc"}},{"type":"Feature","geometry":{"type":"Point","coordinates":[-120.69376586127751,41.753127216950325]},"properties":{"id":"gnis-221669","name":"Cougar Pass Tank","kind":"backcountry","county":"Modoc"}},{"type":"Feature","geometry":{"type":"Point","coordinates":[-122.01241853974332,40.58110785160602]},"properties":{"id":"gnis-221698","name":"Cow Creek Forebay","kind":"backcountry","county":"Shasta"}},{"type":"Feature","geometry":{"type":"Point","coordinates":[-120.96180537158585,40.88616592395801]},"properties":{"id":"gnis-221705","name":"Cow Lake","kind":"backcountry","county":"Lassen"}},{"type":"Feature","geometry":{"type":"Point","coordinates":[-120.82039897017468,40.78801937482315]},"properties":{"id":"gnis-221753","name":"Coyote Hole","kind":"backcountry","county":"Lassen"}},{"type":"Feature","geometry":{"type":"Point","coordinates":[-119.05236570306697,37.4643334072523]},"properties":{"id":"gnis-221755","name":"Coyote Lake","kind":"backcountry","county":"Fresno"}},{"type":"Feature","geometry":{"type":"Point","coordinates":[-120.97701348013842,40.90549440914784]},"properties":{"id":"gnis-221764","name":"Coyote Reservoir","kind":"backcountry","county":"Lassen"}},{"type":"Feature","geometry":{"type":"Point","coordinates":[-120.15637223978592,38.9916869846324]},"properties":{"id":"gnis-221783","name":"Crag Lake","kind":"backcountry","county":"El Dorado"}},{"type":"Feature","geometry":{"type":"Point","coordinates":[-120.57081982098873,41.7846834511431]},"properties":{"id":"gnis-221869","name":"Crowder Mountain Reservoir","kind":"backcountry","county":"Modoc"}},{"type":"Feature","geometry":{"type":"Point","coordinates":[-122.24745570002453,38.476196802485326]},"properties":{"id":"gnis-221885","name":"Crystal Lake","kind":"backcountry","county":"Napa"}},{"type":"Feature","geometry":{"type":"Point","coordinates":[-121.32783454859374,41.36097940801063]},"properties":{"id":"gnis-221937","name":"Curtis Waterhole","kind":"backcountry","county":"Modoc"}},{"type":"Feature","geometry":{"type":"Point","coordinates":[-122.06301507193967,40.33135629162975]},"properties":{"id":"gnis-221984","name":"Dales Lake","kind":"backcountry","county":"Tehama"}},{"type":"Feature","geometry":{"type":"Point","coordinates":[-120.47831750781229,37.64699404648083]},"properties":{"id":"gnis-222064","name":"Dawson Lake","kind":"backcountry","county":"Stanislaus"}},{"type":"Feature","geometry":{"type":"Point","coordinates":[-120.74588092449474,41.70703708988101]},"properties":{"id":"gnis-222079","name":"DeCamp Stock Tank","kind":"backcountry","county":"Modoc"}},{"type":"Feature","geometry":{"type":"Point","coordinates":[-123.30919974105227,39.6442991033878]},"properties":{"id":"gnis-222093","name":"Dead Cow Lake","kind":"backcountry","county":"Mendocino"}},{"type":"Feature","geometry":{"type":"Point","coordinates":[-120.94643241589044,41.68060007213938]},"properties":{"id":"gnis-222109","name":"Deadhorse Flat Reservoir","kind":"backcountry","county":"Modoc"}},{"type":"Feature","geometry":{"type":"Point","coordinates":[-119.65929516634908,38.29242060107913]},"properties":{"id":"gnis-222124","name":"Deadman Lake","kind":"backcountry","county":"Tuolumne"}},{"type":"Feature","geometry":{"type":"Point","coordinates":[-123.31541082228408,41.54018368386504]},"properties":{"id":"gnis-222125","name":"Deadman Lake","kind":"backcountry","county":"Siskiyou"}},{"type":"Feature","geometry":{"type":"Point","coordinates":[-121.3790607575834,41.388989081728674]},"properties":{"id":"gnis-222165","name":"Deep Waterhole","kind":"backcountry","county":"Modoc"}},{"type":"Feature","geometry":{"type":"Point","coordinates":[-121.21870868470923,39.235640361589155]},"properties":{"id":"gnis-222178","name":"Deer Creek","kind":"backcountry","county":"Nevada"}},{"type":"Feature","geometry":{"type":"Point","coordinates":[-122.89319496174548,40.94391582068899]},"properties":{"id":"gnis-222192","name":"Deer Lake","kind":"backcountry","county":"Trinity"}},{"type":"Feature","geometry":{"type":"Point","coordinates":[-122.47341803708476,38.596777949057426]},"properties":{"id":"gnis-222193","name":"Deer Lake","kind":"backcountry","county":"Napa"}},{"type":"Feature","geometry":{"type":"Point","coordinates":[-121.87004643233377,36.59935544165566]},"properties":{"id":"gnis-222226","name":"Del Monte Lake","kind":"backcountry","county":"Monterey"}},{"type":"Feature","geometry":{"type":"Point","coordinates":[-123.04900532412138,39.96182449542318]},"properties":{"id":"gnis-222335","name":"Dewell Lake","kind":"backcountry","county":"Mendocino"}},{"type":"Feature","geometry":{"type":"Point","coordinates":[-122.9050479597299,40.9436226023012]},"properties":{"id":"gnis-222349","name":"Diamond Lake","kind":"backcountry","county":"Trinity"}},{"type":"Feature","geometry":{"type":"Point","coordinates":[-121.21355528438451,37.02602423680833]},"properties":{"id":"gnis-222350","name":"Diamond Lake","kind":"backcountry","county":"Merced"}},{"type":"Feature","geometry":{"type":"Point","coordinates":[-120.1429950280381,38.9119510621408]},"properties":{"id":"gnis-222365","name":"Dicks Lake","kind":"backcountry","county":"El Dorado"}},{"type":"Feature","geometry":{"type":"Point","coordinates":[-120.8902926441805,40.95830733349142]},"properties":{"id":"gnis-222388","name":"Dillion Lake","kind":"backcountry","county":"Lassen"}},{"type":"Feature","geometry":{"type":"Point","coordinates":[-122.21755766171803,37.82957858636539]},"properties":{"id":"gnis-222398","name":"Dingee Reservoir","kind":"backcountry","county":"Alameda"}},{"type":"Feature","geometry":{"type":"Point","coordinates":[-121.20399934505693,37.0533574523169]},"properties":{"id":"gnis-222405","name":"Dinosaur Lake","kind":"backcountry","county":"Merced"}},{"type":"Feature","geometry":{"type":"Point","coordinates":[-122.47388052123405,38.59418733428595]},"properties":{"id":"gnis-222459","name":"Doe Lake","kind":"backcountry","county":"Napa"}},{"type":"Feature","geometry":{"type":"Point","coordinates":[-120.68829636356728,41.40382716645714]},"properties":{"id":"gnis-222495","name":"Donovan Reservoir","kind":"backcountry","county":"Modoc"}},{"type":"Feature","geometry":{"type":"Point","coordinates":[-120.19599235993353,38.905357426853655]},"properties":{"id":"gnis-222524","name":"Lake Doris","kind":"backcountry","county":"El Dorado"}},{"type":"Feature","geometry":{"type":"Point","coordinates":[-120.68450621956829,41.714277514973325]},"properties":{"id":"gnis-222527","name":"Dorris Brothers Reservoir","kind":"backcountry","county":"Modoc"}},{"type":"Feature","geometry":{"type":"Point","coordinates":[-121.15081784146028,38.90987016276844]},"properties":{"id":"gnis-222539","name":"Doty Flat","kind":"backcountry","county":"Placer"}},{"type":"Feature","geometry":{"type":"Point","coordinates":[-120.40681973915308,40.14458264959399]},"properties":{"id":"gnis-222581","name":"Doyle Reservoir","kind":"backcountry","county":"Plumas"}},{"type":"Feature","geometry":{"type":"Point","coordinates":[-121.73262590704219,36.93671553013165]},"properties":{"id":"gnis-222591","name":"Drew Lake","kind":"backcountry","county":"Santa Cruz"}},{"type":"Feature","geometry":{"type":"Point","coordinates":[-120.57849033307888,41.849928033928215]},"properties":{"id":"gnis-222594","name":"Drift Fence Tank","kind":"backcountry","county":"Modoc"}},{"type":"Feature","geometry":{"type":"Point","coordinates":[-124.10514713506743,41.22500518306727]},"properties":{"id":"gnis-222647","name":"Dry Lagoon","kind":"backcountry","county":"Humboldt"}},{"type":"Feature","geometry":{"type":"Point","coordinates":[-121.1833106050745,37.15143742423902]},"properties":{"id":"gnis-222649","name":"Dry Lake","kind":"backcountry","county":"Merced"}},{"type":"Feature","geometry":{"type":"Point","coordinates":[-123.42030239892347,40.01242029494271]},"properties":{"id":"gnis-222651","name":"Dry Lake","kind":"backcountry","county":"Trinity"}},{"type":"Feature","geometry":{"type":"Point","coordinates":[-120.02123218935272,40.86749062054731]},"properties":{"id":"gnis-222653","name":"Dry Lake","kind":"backcountry","county":"Lassen"}},{"type":"Feature","geometry":{"type":"Point","coordinates":[-121.04566007244262,40.997826343523876]},"properties":{"id":"gnis-222654","name":"Dry Lake","kind":"backcountry","county":"Lassen"}},{"type":"Feature","geometry":{"type":"Point","coordinates":[-123.70031425738485,41.24101798614698]},"properties":{"id":"gnis-222655","name":"Dry Lake","kind":"backcountry","county":"Humboldt"}},{"type":"Feature","geometry":{"type":"Point","coordinates":[-121.28332081730834,41.682394138320994]},"properties":{"id":"gnis-222656","name":"Dry Lake","kind":"backcountry","county":"Modoc"}},{"type":"Feature","geometry":{"type":"Point","coordinates":[-120.48391015825977,40.83495548266474]},"properties":{"id":"gnis-222676","name":"Ducasse Reservoir","kind":"backcountry","county":"Lassen"}},{"type":"Feature","geometry":{"type":"Point","coordinates":[-118.89256277751248,36.99253505601429]},"properties":{"id":"gnis-222682","name":"Duck Lake","kind":"backcountry","county":"Fresno"}},{"type":"Feature","geometry":{"type":"Point","coordinates":[-120.04530143168313,40.186994733576114]},"properties":{"id":"gnis-222684","name":"Duck Lake","kind":"backcountry","county":"Lassen"}},{"type":"Feature","geometry":{"type":"Point","coordinates":[-121.46836462637727,40.39921445325748]},"properties":{"id":"gnis-222685","name":"Duck Lake","kind":"backcountry","county":"Plumas"}},{"type":"Feature","geometry":{"type":"Point","coordinates":[-121.99251302468744,41.517653111692944]},"properties":{"id":"gnis-222686","name":"Duck Lake","kind":"backcountry","county":"Siskiyou"}},{"type":"Feature","geometry":{"type":"Point","coordinates":[-122.0247980304343,38.230082081079836]},"properties":{"id":"gnis-222688","name":"Duck Slough","kind":"backcountry","county":"Solano"}},{"type":"Feature","geometry":{"type":"Point","coordinates":[-120.64683319869734,39.61938657688143]},"properties":{"id":"gnis-222705","name":"Dugan Pond","kind":"backcountry","county":"Sierra"}},{"type":"Feature","geometry":{"type":"Point","coordinates":[-123.11324551826024,38.55597882933506]},"properties":{"id":"gnis-222707","name":"Dugans Pond","kind":"backcountry","county":"Sonoma"}},{"type":"Feature","geometry":{"type":"Point","coordinates":[-120.1830075781159,40.92323637814378]},"properties":{"id":"gnis-222735","name":"Dunn Reservoir","kind":"backcountry","county":"Lassen"}},{"type":"Feature","geometry":{"type":"Point","coordinates":[-120.78242177615526,41.668481545518205]},"properties":{"id":"gnis-222763","name":"Dutch Flat","kind":"backcountry","county":"Modoc"}},{"type":"Feature","geometry":{"type":"Point","coordinates":[-119.22341809977043,38.149298626772556]},"properties":{"id":"gnis-222793","name":"Dynamo Pond","kind":"backcountry","county":"Mono"}},{"type":"Feature","geometry":{"type":"Point","coordinates":[-122.93470255459444,39.08543672525902]},"properties":{"id":"gnis-222797","name":"Eachus Lake","kind":"backcountry","county":"Lake"}},{"type":"Feature","geometry":{"type":"Point","coordinates":[-120.87031212428997,37.2709800691162]},"properties":{"id":"gnis-222862","name":"East Branch Salt Slough","kind":"backcountry","county":"Merced"}},{"type":"Feature","geometry":{"type":"Point","coordinates":[-122.97400281341547,40.849475737217624]},"properties":{"id":"gnis-222889","name":"East Fork Lakes","kind":"backcountry","county":"Trinity"}},{"type":"Feature","geometry":{"type":"Point","coordinates":[-122.26822275962502,38.30300612671527]},"properties":{"id":"gnis-222915","name":"East Napa Reservoir","kind":"backcountry","county":"Napa"}},{"type":"Feature","geometry":{"type":"Point","coordinates":[-122.26912228763477,38.32005376359608]},"properties":{"id":"gnis-222927","name":"East Side Reservoir","kind":"backcountry","county":"Napa"}},{"type":"Feature","geometry":{"type":"Point","coordinates":[-120.01311523253266,40.34079741219566]},"properties":{"id":"gnis-222928","name":"East Side Reservoir","kind":"backcountry","county":"Lassen"}},{"type":"Feature","geometry":{"type":"Point","coordinates":[-122.88284968265917,40.92242836017809]},"properties":{"id":"gnis-222957","name":"Echo Lake","kind":"backcountry","county":"Trinity"}},{"type":"Feature","geometry":{"type":"Point","coordinates":[-122.47479450583164,41.180603178289104]},"properties":{"id":"gnis-222958","name":"Echo Lake","kind":"backcountry","county":"Shasta"}},{"type":"Feature","geometry":{"type":"Point","coordinates":[-121.9748767402775,39.53872098141435]},"properties":{"id":"gnis-222966","name":"Eddy Lake","kind":"backcountry","county":"Butte"}},{"type":"Feature","geometry":{"type":"Point","coordinates":[-121.73725553565734,36.55639675271499]},"properties":{"id":"gnis-223065","name":"El Toro Lake","kind":"backcountry","county":"Monterey"}},{"type":"Feature","geometry":{"type":"Point","coordinates":[-118.48005042704479,37.095819861843914]},"properties":{"id":"gnis-223096","name":"Elinor Lake","kind":"backcountry","county":"Inyo"}},{"type":"Feature","geometry":{"type":"Point","coordinates":[-121.48011708761001,40.40175121819712]},"properties":{"id":"gnis-223100","name":"Elizabeth Lake","kind":"backcountry","county":"Plumas"}},{"type":"Feature","geometry":{"type":"Point","coordinates":[-122.42295262208897,38.55391038718451]},"properties":{"id":"gnis-223149","name":"Lake Ellen","kind":"backcountry","county":"Napa"}},{"type":"Feature","geometry":{"type":"Point","coordinates":[-119.16509001046883,37.72553544003005]},"properties":{"id":"gnis-223176","name":"Emerald Lake","kind":"backcountry","county":"Madera"}},{"type":"Feature","geometry":{"type":"Point","coordinates":[-121.37716539857219,40.544289204855204]},"properties":{"id":"gnis-223187","name":"Emigrant Lake","kind":"backcountry","county":"Shasta"}},{"type":"Feature","geometry":{"type":"Point","coordinates":[-121.71053284155589,36.74231029613469]},"properties":{"id":"gnis-223249","name":"Espinosa Lake","kind":"backcountry","county":"Monterey"}},{"type":"Feature","geometry":{"type":"Point","coordinates":[-124.02968620958043,40.911734356304216]},"properties":{"id":"gnis-223252","name":"Essex Pond","kind":"backcountry","county":"Humboldt"}},{"type":"Feature","geometry":{"type":"Point","coordinates":[-122.43300040161105,40.57500790068525]},"properties":{"id":"gnis-223361","name":"Falks Lake","kind":"backcountry","county":"Shasta"}},{"type":"Feature","geometry":{"type":"Point","coordinates":[-123.41175055689457,39.64770998491938]},"properties":{"id":"gnis-223396","name":"Farley Lake","kind":"backcountry","county":"Mendocino"}},{"type":"Feature","geometry":{"type":"Point","coordinates":[-120.93274730298572,37.90686716278905]},"properties":{"id":"gnis-223403","name":"Farmington Flood Control Basin","kind":"backcountry","county":"Stanislaus"}},{"type":"Feature","geometry":{"type":"Point","coordinates":[-122.47301202462745,38.59259652735309]},"properties":{"id":"gnis-223414","name":"Fawn Lake","kind":"backcountry","county":"Napa"}},{"type":"Feature","geometry":{"type":"Point","coordinates":[-121.37996876299451,40.525549834046714]},"properties":{"id":"gnis-223422","name":"Feather Lake","kind":"backcountry","county":"Shasta"}},{"type":"Feature","geometry":{"type":"Point","coordinates":[-122.18423052310497,37.391822611333524]},"properties":{"id":"gnis-223434","name":"Felt Lake","kind":"backcountry","county":"Santa Clara"}},{"type":"Feature","geometry":{"type":"Point","coordinates":[-120.2591331095894,39.03378534126545]},"properties":{"id":"gnis-223460","name":"Fern Lake","kind":"backcountry","county":"Placer"}},{"type":"Feature","geometry":{"type":"Point","coordinates":[-122.53339046197122,38.34478245696594]},"properties":{"id":"gnis-223461","name":"Fern Lake","kind":"backcountry","county":"Sonoma"}},{"type":"Feature","geometry":{"type":"Point","coordinates":[-122.60436063299608,38.57535589610548]},"properties":{"id":"gnis-223484","name":"Fiege Reservoir","kind":"backcountry","county":"Napa"}},{"type":"Feature","geometry":{"type":"Point","coordinates":[-119.29471374389746,37.949076187095024]},"properties":{"id":"gnis-223502","name":"Finger Lake","kind":"backcountry","county":"Mono"}},{"type":"Feature","geometry":{"type":"Point","coordinates":[-120.47944743033621,39.28459904040126]},"properties":{"id":"gnis-223544","name":"Fisher Lake","kind":"backcountry","county":"Placer"}},{"type":"Feature","geometry":{"type":"Point","coordinates":[-121.55497028843425,38.64852008091728]},"properties":{"id":"gnis-223551","name":"Fishermans Lake","kind":"backcountry","county":"Sacramento"}},{"type":"Feature","geometry":{"type":"Point","coordinates":[-119.36141368428605,37.574780959415556]},"properties":{"id":"gnis-223582","name":"Flat Lake","kind":"backcountry","county":"Madera"}},{"type":"Feature","geometry":{"type":"Point","coordinates":[-120.75962276780628,37.0424310145949]},"properties":{"id":"gnis-223583","name":"Flat Pond","kind":"backcountry","county":"Merced"}},{"type":"Feature","geometry":{"type":"Point","coordinates":[-120.48773081533402,37.63712747816758]},"properties":{"id":"gnis-223622","name":"Floto Lake","kind":"backcountry","county":"Stanislaus"}},{"type":"Feature","geometry":{"type":"Point","coordinates":[-120.47529732780961,41.25385866326829]},"properties":{"id":"gnis-223624","name":"Flournoy Reservoir","kind":"backcountry","county":"Modoc"}},{"type":"Feature","geometry":{"type":"Point","coordinates":[-120.15322628486369,38.920555537022096]},"properties":{"id":"gnis-223651","name":"Fontanillis Lake","kind":"backcountry","county":"El Dorado"}},{"type":"Feature","geometry":{"type":"Point","coordinates":[-121.9430705913743,36.59190789397817]},"properties":{"id":"gnis-223679","name":"Forest Lake","kind":"backcountry","county":"Monterey"}},{"type":"Feature","geometry":{"type":"Point","coordinates":[-121.29829469733708,38.22742096460867]},"properties":{"id":"gnis-223680","name":"Forest Lake","kind":"backcountry","county":"San Joaquin"}},{"type":"Feature","geometry":{"type":"Point","coordinates":[-122.81894606390108,41.041739292563584]},"properties":{"id":"gnis-223733","name":"Found Lake","kind":"backcountry","county":"Trinity"}},{"type":"Feature","geometry":{"type":"Point","coordinates":[-120.20304943138076,38.943171587328486]},"properties":{"id":"gnis-223749","name":"Four-Q Lakes","kind":"backcountry","county":"El Dorado"}},{"type":"Feature","geometry":{"type":"Point","coordinates":[-120.90987275710116,41.97506101977956]},"properties":{"id":"gnis-223759","name":"Fourmile Reservoir","kind":"backcountry","county":"Modoc"}},{"type":"Feature","geometry":{"type":"Point","coordinates":[-121.05647447153324,41.278618332906746]},"properties":{"id":"gnis-223784","name":"Fox Flat","kind":"backcountry","county":"Modoc"}},{"type":"Feature","geometry":{"type":"Point","coordinates":[-120.22778792039446,38.99342292009344]},"properties":{"id":"gnis-223787","name":"Fox Lake","kind":"backcountry","county":"El Dorado"}},{"type":"Feature","geometry":{"type":"Point","coordinates":[-120.53451630242967,40.69891533046706]},"properties":{"id":"gnis-223856","name":"Fredonyer Reservoir","kind":"backcountry","county":"Lassen"}},{"type":"Feature","geometry":{"type":"Point","coordinates":[-121.28931470836233,37.90790861429077]},"properties":{"id":"gnis-223897","name":"French Camp Slough","kind":"backcountry","county":"San Joaquin"}},{"type":"Feature","geometry":{"type":"Point","coordinates":[-120.33765003540101,36.7193249410337]},"properties":{"id":"gnis-223939","name":"Fresno Slough","kind":"backcountry","county":"Fresno"}},{"type":"Feature","geometry":{"type":"Point","coordinates":[-121.7107976693932,37.730722415201726]},"properties":{"id":"gnis-223949","name":"Frick Lake","kind":"backcountry","county":"Alameda"}},{"type":"Feature","geometry":{"type":"Point","coordinates":[-122.63458525292582,38.572567708771935]},"properties":{"id":"gnis-223955","name":"Frog Lake","kind":"backcountry","county":"Sonoma"}},{"type":"Feature","geometry":{"type":"Point","coordinates":[-121.89823617860046,37.865999179579035]},"properties":{"id":"gnis-223956","name":"Frog Pond","kind":"backcountry","county":"Contra Costa"}},{"type":"Feature","geometry":{"type":"Point","coordinates":[-121.39134145335608,41.38081907794653]},"properties":{"id":"gnis-223957","name":"Frog Waterhole","kind":"backcountry","county":"Modoc"}},{"type":"Feature","geometry":{"type":"Point","coordinates":[-121.94497077613522,38.15419830528437]},"properties":{"id":"gnis-223963","name":"Frost Slough","kind":"backcountry","county":"Solano"}},{"type":"Feature","geometry":{"type":"Point","coordinates":[-123.28341331515735,38.94803237749872]},"properties":{"id":"gnis-223967","name":"Fruit Lake","kind":"backcountry","county":"Mendocino"}},{"type":"Feature","geometry":{"type":"Point","coordinates":[-120.98068417695067,41.62963379175578]},"properties":{"id":"gnis-224087","name":"Gas Drum Flat","kind":"backcountry","county":"Modoc"}},{"type":"Feature","geometry":{"type":"Point","coordinates":[-121.44168482952554,41.2324507426726]},"properties":{"id":"gnis-224093","name":"Gassaway Reservoir","kind":"backcountry","county":"Modoc"}},{"type":"Feature","geometry":{"type":"Point","coordinates":[-120.16118128891274,38.99697426660622]},"properties":{"id":"gnis-224112","name":"Lake Genevieve","kind":"backcountry","county":"El Dorado"}},{"type":"Feature","geometry":{"type":"Point","coordinates":[-120.20108979072445,38.884462187221274]},"properties":{"id":"gnis-224135","name":"Gertrude Lake","kind":"backcountry","county":"El Dorado"}},{"type":"Feature","geometry":{"type":"Point","coordinates":[-120.23913859754002,37.4722545896543]},"properties":{"id":"gnis-224165","name":"Giles Pond","kind":"backcountry","county":"Mariposa"}},{"type":"Feature","geometry":{"type":"Point","coordinates":[-121.27929611151058,36.512564385369416]},"properties":{"id":"gnis-224235","name":"Gloria Lake","kind":"backcountry","county":"San Benito"}},{"type":"Feature","geometry":{"type":"Point","coordinates":[-120.88274943055265,38.37906111073766]},"properties":{"id":"gnis-224261","name":"Goffinet Reservoir","kind":"backcountry","county":"Amador"}},{"type":"Feature","geometry":{"type":"Point","coordinates":[-123.32566190133473,41.56130785078007]},"properties":{"id":"gnis-224269","name":"Gold Granite Lake","kind":"backcountry","county":"Siskiyou"}},{"type":"Feature","geometry":{"type":"Point","coordinates":[-122.48127118296037,38.20519259948487]},"properties":{"id":"gnis-224324","name":"Goose Lake","kind":"backcountry","county":"Sonoma"}},{"type":"Feature","geometry":{"type":"Point","coordinates":[-120.73768827562884,38.23696077693759]},"properties":{"id":"gnis-224362","name":"Gourley Reservoir","kind":"backcountry","county":"Calaveras"}},{"type":"Feature","geometry":{"type":"Point","coordinates":[-122.4705803767815,38.594228537519534]},"properties":{"id":"gnis-224411","name":"Granite Lake","kind":"backcountry","county":"Napa"}},{"type":"Feature","geometry":{"type":"Point","coordinates":[-119.27925360221215,37.92597625418298]},"properties":{"id":"gnis-224412","name":"Granite Lakes","kind":"backcountry","county":"Tuolumne"}},{"type":"Feature","geometry":{"type":"Point","coordinates":[-123.05369331358557,39.93601032241826]},"properties":{"id":"gnis-224463","name":"Grass Lake","kind":"backcountry","county":"Mendocino"}},{"type":"Feature","geometry":{"type":"Point","coordinates":[-121.0678645128545,39.22879955065594]},"properties":{"id":"gnis-224468","name":"Grass Valley Reservoir","kind":"backcountry","county":"Nevada"}},{"type":"Feature","geometry":{"type":"Point","coordinates":[-123.30263547908166,39.673892337180476]},"properties":{"id":"gnis-224480","name":"Grassy Lake","kind":"backcountry","county":"Mendocino"}},{"type":"Feature","geometry":{"type":"Point","coordinates":[-121.35351636208054,39.98173033059891]},"properties":{"id":"gnis-224481","name":"Grassy Lake","kind":"backcountry","county":"Plumas"}},{"type":"Feature","geometry":{"type":"Point","coordinates":[-122.49287852854552,38.2133191743497]},"properties":{"id":"gnis-224494","name":"Gravelly Lake","kind":"backcountry","county":"Sonoma"}},{"type":"Feature","geometry":{"type":"Point","coordinates":[-123.36503243086887,39.94960113875292]},"properties":{"id":"gnis-224495","name":"Gravelly Lake","kind":"backcountry","county":"Mendocino"}},{"type":"Feature","geometry":{"type":"Point","coordinates":[-120.66671100970987,41.28322960514749]},"properties":{"id":"gnis-224500","name":"Graven Reservoir","kind":"backcountry","county":"Modoc"}},{"type":"Feature","geometry":{"type":"Point","coordinates":[-120.64581802606948,41.36177417108286]},"properties":{"id":"gnis-224507","name":"Graves Reservoir","kind":"backcountry","county":"Modoc"}},{"type":"Feature","geometry":{"type":"Point","coordinates":[-123.32825575707321,41.561501551176356]},"properties":{"id":"gnis-224543","name":"Green Granite Lake","kind":"backcountry","county":"Siskiyou"}},{"type":"Feature","geometry":{"type":"Point","coordinates":[-120.61226710813602,41.836985749707836]},"properties":{"id":"gnis-224567","name":"Green Tank Reservoir","kind":"backcountry","county":"Modoc"}},{"type":"Feature","geometry":{"type":"Point","coordinates":[-119.2907189726599,37.95309097546975]},"properties":{"id":"gnis-224568","name":"Green Treble Lake","kind":"backcountry","county":"Mono"}},{"type":"Feature","geometry":{"type":"Point","coordinates":[-121.59759432189136,38.56024823815467]},"properties":{"id":"gnis-224593","name":"Greens Lake","kind":"backcountry","county":"Yolo"}},{"type":"Feature","geometry":{"type":"Point","coordinates":[-120.48627996159,41.560727102356246]},"properties":{"id":"gnis-224614","name":"Griener Reservoir","kind":"backcountry","county":"Modoc"}},{"type":"Feature","geometry":{"type":"Point","coordinates":[-122.67342992755725,41.29016971093881]},"properties":{"id":"gnis-224658","name":"Grouse Creek Lake","kind":"backcountry","county":"Siskiyou"}},{"type":"Feature","geometry":{"type":"Point","coordinates":[-118.58958912788776,36.8582765690057]},"properties":{"id":"gnis-224662","name":"Grouse Lake","kind":"backcountry","county":"Fresno"}},{"type":"Feature","geometry":{"type":"Point","coordinates":[-120.1352598147896,38.96126471511748]},"properties":{"id":"gnis-224664","name":"Grouse Lakes","kind":"backcountry","county":"El Dorado"}},{"type":"Feature","geometry":{"type":"Point","coordinates":[-121.13216138439961,41.557014959635055]},"properties":{"id":"gnis-224760","name":"Hackamore Reservoir","kind":"backcountry","county":"Modoc"}},{"type":"Feature","geometry":{"type":"Point","coordinates":[-123.08442294391017,39.018100793584786]},"properties":{"id":"gnis-224771","name":"Hagan Lake","kind":"backcountry","county":"Mendocino"}},{"type":"Feature","geometry":{"type":"Point","coordinates":[-120.5641683361973,40.56308492740399]},"properties":{"id":"gnis-224773","name":"Hagata Reservoir","kind":"backcountry","county":"Lassen"}},{"type":"Feature","geometry":{"type":"Point","coordinates":[-123.72602950616654,41.22391830312328]},"properties":{"id":"gnis-224791","name":"Half Lake","kind":"backcountry","county":"Humboldt"}},{"type":"Feature","geometry":{"type":"Point","coordinates":[-119.77734187862164,38.49041802740466]},"properties":{"id":"gnis-224792","name":"Half Moon Lake","kind":"backcountry","county":"Alpine"}},{"type":"Feature","geometry":{"type":"Point","coordinates":[-120.13673587256555,38.89647354273701]},"properties":{"id":"gnis-224793","name":"Half Moon Lake","kind":"backcountry","county":"El Dorado"}},{"type":"Feature","geometry":{"type":"Point","coordinates":[-121.46603081764216,40.50851264665929]},"properties":{"id":"gnis-225005","name":"Hat Lake","kind":"backcountry","county":"Shasta"}},{"type":"Feature","geometry":{"type":"Point","coordinates":[-120.85469548350576,40.94619517252986]},"properties":{"id":"gnis-225017","name":"Hatfield Reservoir","kind":"backcountry","county":"Lassen"}},{"type":"Feature","geometry":{"type":"Point","coordinates":[-121.30843958024981,36.957481543203976]},"properties":{"id":"gnis-225036","name":"Hawkins Lake","kind":"backcountry","county":"San Benito"}},{"type":"Feature","geometry":{"type":"Point","coordinates":[-119.76436251813674,38.30686265463983]},"properties":{"id":"gnis-225068","name":"Haypress Lake","kind":"backcountry","county":"Tuolumne"}},{"type":"Feature","geometry":{"type":"Point","coordinates":[-120.86131700229593,40.96461981412028]},"properties":{"id":"gnis-225090","name":"Hazelton Reservoir","kind":"backcountry","county":"Lassen"}},{"type":"Feature","geometry":{"type":"Point","coordinates":[-123.18487270271088,38.628561904601796]},"properties":{"id":"gnis-225115","name":"Hedgpeth Lake","kind":"backcountry","county":"Sonoma"}},{"type":"Feature","geometry":{"type":"Point","coordinates":[-119.07026100231604,37.43019188722742]},"properties":{"id":"gnis-225116","name":"Hedrick Meadow","kind":"backcountry","county":"Fresno"}},{"type":"Feature","geometry":{"type":"Point","coordinates":[-119.90640914166437,38.49460427605218]},"properties":{"id":"gnis-225120","name":"Heiser Lake","kind":"backcountry","county":"Alpine"}},{"type":"Feature","geometry":{"type":"Point","coordinates":[-122.49604019500205,41.18083761833257]},"properties":{"id":"gnis-225123","name":"Lake Helen","kind":"backcountry","county":"Shasta"}},{"type":"Feature","geometry":{"type":"Point","coordinates":[-119.6977956595642,36.5699470257399]},"properties":{"id":"gnis-225152","name":"Helmke Pond","kind":"backcountry","county":"Fresno"}},{"type":"Feature","geometry":{"type":"Point","coordinates":[-121.45660778945074,40.45765619181434]},"properties":{"id":"gnis-225156","name":"Hemlock Lake","kind":"backcountry","county":"Shasta"}},{"type":"Feature","geometry":{"type":"Point","coordinates":[-122.46246370382907,38.58814960188914]},"properties":{"id":"gnis-225175","name":"Lake Henne","kind":"backcountry","county":"Napa"}},{"type":"Feature","geometry":{"type":"Point","coordinates":[-123.11816194660625,40.01311565479893]},"properties":{"id":"gnis-225190","name":"Henthorne Lake","kind":"backcountry","county":"Trinity"}},{"type":"Feature","geometry":{"type":"Point","coordinates":[-121.0100489492534,39.23814975924252]},"properties":{"id":"gnis-225211","name":"Herring Reservoir","kind":"backcountry","county":"Nevada"}},{"type":"Feature","geometry":{"type":"Point","coordinates":[-121.79055339803273,38.894807015118054]},"properties":{"id":"gnis-225229","name":"Hiatt Lake","kind":"backcountry","county":"Sutter"}},{"type":"Feature","geometry":{"type":"Point","coordinates":[-120.96526150758915,41.61017076561493]},"properties":{"id":"gnis-225240","name":"Hidden Basin Stock Tank","kind":"backcountry","county":"Modoc"}},{"type":"Feature","geometry":{"type":"Point","coordinates":[-120.1522759562263,38.986610642966355]},"properties":{"id":"gnis-225243","name":"Hidden Lake","kind":"backcountry","county":"El Dorado"}},{"type":"Feature","geometry":{"type":"Point","coordinates":[-120.28014384439724,39.00378793296094]},"properties":{"id":"gnis-225244","name":"Hidden Lake","kind":"backcountry","county":"El Dorado"}},{"type":"Feature","geometry":{"type":"Point","coordinates":[-122.95645473458326,39.09700164215685]},"properties":{"id":"gnis-225245","name":"Hidden Lake","kind":"backcountry","county":"Lake"}},{"type":"Feature","geometry":{"type":"Point","coordinates":[-121.91044482319913,37.862063685612625]},"properties":{"id":"gnis-225249","name":"Hidden Pond","kind":"backcountry","county":"Contra Costa"}},{"type":"Feature","geometry":{"type":"Point","coordinates":[-120.24167950028746,38.95692958903539]},"properties":{"id":"gnis-225291","name":"Highland Lake","kind":"backcountry","county":"El Dorado"}},{"type":"Feature","geometry":{"type":"Point","coordinates":[-122.37907897457947,38.39201460881924]},"properties":{"id":"gnis-225361","name":"Lake Hinman","kind":"backcountry","county":"Napa"}},{"type":"Feature","geometry":{"type":"Point","coordinates":[-123.07883380946869,39.03162864400024]},"properties":{"id":"gnis-225403","name":"Hog Lake","kind":"backcountry","county":"Mendocino"}},{"type":"Feature","geometry":{"type":"Point","coordinates":[-122.1205572216059,40.28424905916071]},"properties":{"id":"gnis-225404","name":"Hog Lake","kind":"backcountry","county":"Tehama"}},{"type":"Feature","geometry":{"type":"Point","coordinates":[-121.02783888689946,41.55061255870042]},"properties":{"id":"gnis-225405","name":"Hog Lake","kind":"backcountry","county":"Modoc"}},{"type":"Feature","geometry":{"type":"Point","coordinates":[-121.01271212888072,41.038683616995705]},"properties":{"id":"gnis-225419","name":"Hog Valley Reservoir","kind":"backcountry","county":"Lassen"}},{"type":"Feature","geometry":{"type":"Point","coordinates":[-120.419199480474,39.355941813202456]},"properties":{"id":"gnis-225444","name":"Hole-In-Ground","kind":"backcountry","county":"Nevada"}},{"type":"Feature","geometry":{"type":"Point","coordinates":[-120.81710324543334,37.31938078831441]},"properties":{"id":"gnis-225513","name":"Lake Honda","kind":"backcountry","county":"Merced"}},{"type":"Feature","geometry":{"type":"Point","coordinates":[-123.31224889082453,41.51685154881224]},"properties":{"id":"gnis-225543","name":"Hooligan Lake","kind":"backcountry","county":"Siskiyou"}},{"type":"Feature","geometry":{"type":"Point","coordinates":[-121.08456253389966,40.98116191593384]},"properties":{"id":"gnis-225549","name":"Hoover Flat Reservoir","kind":"backcountry","county":"Lassen"}},{"type":"Feature","geometry":{"type":"Point","coordinates":[-121.4478080106068,37.15538759407008]},"properties":{"id":"gnis-225552","name":"Hoover Lake","kind":"backcountry","county":"Santa Clara"}},{"type":"Feature","geometry":{"type":"Point","coordinates":[-122.06083136090875,39.22935381199584]},"properties":{"id":"gnis-225573","name":"Hopkins Slough","kind":"backcountry","county":"Colusa"}},{"type":"Feature","geometry":{"type":"Point","coordinates":[-122.52828489424044,38.59868289201638]},"properties":{"id":"gnis-225620","name":"Horse Pond","kind":"backcountry","county":"Napa"}},{"type":"Feature","geometry":{"type":"Point","coordinates":[-123.42241649141816,39.99745790182204]},"properties":{"id":"gnis-225623","name":"Horse Ranch Lake","kind":"backcountry","county":"Trinity"}},{"type":"Feature","geometry":{"type":"Point","coordinates":[-120.16282249117391,40.430916548215464]},"properties":{"id":"gnis-225631","name":"Horsecamp Reservoir","kind":"backcountry","county":"Lassen"}},{"type":"Feature","geometry":{"type":"Point","coordinates":[-121.67939587825052,38.77047188633521]},"properties":{"id":"gnis-225645","name":"Horseshoe Lake","kind":"backcountry","county":"Sutter"}},{"type":"Feature","geometry":{"type":"Point","coordinates":[-121.80733557055876,38.88296859898475]},"properties":{"id":"gnis-225646","name":"Horseshoe Lake","kind":"backcountry","county":"Sutter"}},{"type":"Feature","geometry":{"type":"Point","coordinates":[-120.22149002148204,38.954093091798]},"properties":{"id":"gnis-225647","name":"Horseshoe Lake","kind":"backcountry","county":"El Dorado"}},{"type":"Feature","geometry":{"type":"Point","coordinates":[-120.83770254465453,40.72335053154414]},"properties":{"id":"gnis-225692","name":"Houseman Camp Reservoir","kind":"backcountry","county":"Lassen"}},{"type":"Feature","geometry":{"type":"Point","coordinates":[-123.2959165703383,39.680709202918884]},"properties":{"id":"gnis-225698","name":"Howard Lake","kind":"backcountry","county":"Mendocino"}},{"type":"Feature","geometry":{"type":"Point","coordinates":[-122.01422920199632,37.19021868033394]},"properties":{"id":"gnis-225713","name":"Lake Couzzens","kind":"backcountry","county":"Santa Clara"}},{"type":"Feature","geometry":{"type":"Point","coordinates":[-121.17305305725546,38.71338538257967]},"properties":{"id":"gnis-225777","name":"Hunkle Reservoir","kind":"backcountry","county":"Sacramento"}},{"type":"Feature","geometry":{"type":"Point","coordinates":[-120.35951804595922,38.20002271708272]},"properties":{"id":"gnis-225788","name":"Hunter Reservoir","kind":"backcountry","county":"Calaveras"}},{"type":"Feature","geometry":{"type":"Point","coordinates":[-120.45258233529593,39.268340382311564]},"properties":{"id":"gnis-225801","name":"Huntley Mill Lake","kind":"backcountry","county":"Placer"}},{"type":"Feature","geometry":{"type":"Point","coordinates":[-119.42369699739315,38.11440019218041]},"properties":{"id":"gnis-225818","name":"Ice Lake","kind":"backcountry","county":"Mono"}},{"type":"Feature","geometry":{"type":"Point","coordinates":[-120.80603911199883,38.40817124940096]},"properties":{"id":"gnis-225821","name":"Icehouse Pond","kind":"backcountry","county":"Amador"}},{"type":"Feature","geometry":{"type":"Point","coordinates":[-121.00912717626228,39.222955070733406]},"properties":{"id":"gnis-225826","name":"Idaho-Maryland Reservoir","kind":"backcountry","county":"Nevada"}},{"type":"Feature","geometry":{"type":"Point","coordinates":[-122.53546835864817,38.36803115383966]},"properties":{"id":"gnis-225827","name":"Lake Idell","kind":"backcountry","county":"Sonoma"}},{"type":"Feature","geometry":{"type":"Point","coordinates":[-121.94736914319654,39.73139535979394]},"properties":{"id":"gnis-225875","name":"Indian Fishery","kind":"backcountry","county":"Butte"}},{"type":"Feature","geometry":{"type":"Point","coordinates":[-119.49684372526602,37.4907331291344]},"properties":{"id":"gnis-225980","name":"Iron Lakes","kind":"backcountry","county":"Madera"}},{"type":"Feature","geometry":{"type":"Point","coordinates":[-121.97944758224213,38.162091649729035]},"properties":{"id":"gnis-226013","name":"Island Slough","kind":"backcountry","county":"Solano"}},{"type":"Feature","geometry":{"type":"Point","coordinates":[-121.02635630915115,40.80995220754415]},"properties":{"id":"gnis-226068","name":"Jacks Lake","kind":"backcountry","county":"Lassen"}},{"type":"Feature","geometry":{"type":"Point","coordinates":[-120.45655900727712,39.365998726121994]},"properties":{"id":"gnis-226213","name":"Jerry Lake","kind":"backcountry","county":"Nevada"}},{"type":"Feature","geometry":{"type":"Point","coordinates":[-122.2692043792787,37.91251945886704]},"properties":{"id":"gnis-226225","name":"Jewel Lake","kind":"backcountry","county":"Contra Costa"}},{"type":"Feature","geometry":{"type":"Point","coordinates":[-124.2916830009075,40.37393347907638]},"properties":{"id":"gnis-226255","name":"Joel Flat","kind":"backcountry","county":"Humboldt"}},{"type":"Feature","geometry":{"type":"Point","coordinates":[-121.22352250029698,41.29306531855811]},"properties":{"id":"gnis-226326","name":"Joiner Reservoir","kind":"backcountry","county":"Modoc"}},{"type":"Feature","geometry":{"type":"Point","coordinates":[-122.14439314181264,38.82307653089442]},"properties":{"id":"gnis-226335","name":"Jones Flat","kind":"backcountry","county":"Yolo"}},{"type":"Feature","geometry":{"type":"Point","coordinates":[-123.20390347337738,41.2710731848437]},"properties":{"id":"gnis-226339","name":"Jones Lake","kind":"backcountry","county":"Siskiyou"}},{"type":"Feature","geometry":{"type":"Point","coordinates":[-122.52393360771775,38.328927889319424]},"properties":{"id":"gnis-226358","name":"Lake Josephine","kind":"backcountry","county":"Sonoma"}},{"type":"Feature","geometry":{"type":"Point","coordinates":[-120.91814772847799,40.94772902922184]},"properties":{"id":"gnis-226395","name":"Juniper Lake","kind":"backcountry","county":"Lassen"}},{"type":"Feature","geometry":{"type":"Point","coordinates":[-120.80726996653311,41.931611243793526]},"properties":{"id":"gnis-226465","name":"Kellogg Tank","kind":"backcountry","county":"Modoc"}},{"type":"Feature","geometry":{"type":"Point","coordinates":[-121.73505201857107,36.93957292230211]},"properties":{"id":"gnis-226473","name":"Kelly Lake","kind":"backcountry","county":"Santa Cruz"}},{"type":"Feature","geometry":{"type":"Point","coordinates":[-120.74007100930925,41.41230199200325]},"properties":{"id":"gnis-226476","name":"Kelly Reservoir","kind":"backcountry","county":"Modoc"}},{"type":"Feature","geometry":{"type":"Point","coordinates":[-119.71578206594941,36.590048586726525]},"properties":{"id":"gnis-226506","name":"Kennedy Pond","kind":"backcountry","county":"Fresno"}},{"type":"Feature","geometry":{"type":"Point","coordinates":[-120.78712350086015,38.368569154149455]},"properties":{"id":"gnis-226508","name":"Kennedy Reservoir","kind":"backcountry","county":"Amador"}},{"type":"Feature","geometry":{"type":"Point","coordinates":[-123.72894023543498,40.44104909042701]},"properties":{"id":"gnis-226529","name":"Kergerson Lake","kind":"backcountry","county":"Humboldt"}},{"type":"Feature","geometry":{"type":"Point","coordinates":[-120.71716425343186,40.147492270572386]},"properties":{"id":"gnis-226550","name":"Kettle Rock Lake","kind":"backcountry","county":"Plumas"}},{"type":"Feature","geometry":{"type":"Point","coordinates":[-120.41566869986048,39.31767956348878]},"properties":{"id":"gnis-226572","name":"Kilborn Lake","kind":"backcountry","county":"Nevada"}},{"type":"Feature","geometry":{"type":"Point","coordinates":[-122.94327604961494,40.0331972208396]},"properties":{"id":"gnis-226612","name":"Kingsley Lake","kind":"backcountry","county":"Tehama"}},{"type":"Feature","geometry":{"type":"Point","coordinates":[-124.20668903055625,40.46056192329452]},"properties":{"id":"gnis-226617","name":"Kinman Pond","kind":"backcountry","county":"Humboldt"}},{"type":"Feature","geometry":{"type":"Point","coordinates":[-119.5088920646039,38.15577391483659]},"properties":{"id":"gnis-226634","name":"Kirkwood Lake","kind":"backcountry","county":"Mono"}},{"type":"Feature","geometry":{"type":"Point","coordinates":[-122.24179811755168,37.30479130057611]},"properties":{"id":"gnis-226666","name":"Knuedler Lake","kind":"backcountry","county":"San Mateo"}},{"type":"Feature","geometry":{"type":"Point","coordinates":[-119.6283028740253,38.281612877095945]},"properties":{"id":"gnis-226668","name":"Koenig Lake","kind":"backcountry","county":"Mono"}},{"type":"Feature","geometry":{"type":"Point","coordinates":[-121.21158103622336,41.18659706992165]},"properties":{"id":"gnis-226680","name":"Kramer Reservoir","kind":"backcountry","county":"Lassen"}},{"type":"Feature","geometry":{"type":"Point","coordinates":[-119.2525021970559,37.85152714669746]},"properties":{"id":"gnis-226694","name":"Kuna Lake","kind":"backcountry","county":"Tuolumne"}},{"type":"Feature","geometry":{"type":"Point","coordinates":[-120.4324804548071,37.68036844930713]},"properties":{"id":"gnis-226728","name":"La Grange Reservoir","kind":"backcountry","county":"Stanislaus"}},{"type":"Feature","geometry":{"type":"Point","coordinates":[-122.78344750860012,38.37792779649605]},"properties":{"id":"gnis-226766","name":"Laguna de Santa Rosa","kind":"backcountry","county":"Sonoma"}},{"type":"Feature","geometry":{"type":"Point","coordinates":[-121.85720493449888,36.60550244141166]},"properties":{"id":"gnis-226767","name":"Laguna Del Rey","kind":"backcountry","county":"Monterey"}},{"type":"Feature","geometry":{"type":"Point","coordinates":[-122.46199777194573,37.75266687337945]},"properties":{"id":"gnis-226775","name":"Laguna Honda","kind":"backcountry","county":"San Francisco"}},{"type":"Feature","geometry":{"type":"Point","coordinates":[-121.75562163655692,36.58396868329799]},"properties":{"id":"gnis-226783","name":"Laguna Seca","kind":"backcountry","county":"Monterey"}},{"type":"Feature","geometry":{"type":"Point","coordinates":[-122.17585668763952,37.42276527934793]},"properties":{"id":"gnis-226786","name":"Lagunita","kind":"backcountry","county":"Santa Clara"}},{"type":"Feature","geometry":{"type":"Point","coordinates":[-121.60284947798155,36.77531566554411]},"properties":{"id":"gnis-226787","name":"Lagunita Lake","kind":"backcountry","county":"Monterey"}},{"type":"Feature","geometry":{"type":"Point","coordinates":[-122.05119876654133,37.218978977838574]},"properties":{"id":"gnis-226806","name":"Lake Ranch Reservoir","kind":"backcountry","county":"Santa Clara"}},{"type":"Feature","geometry":{"type":"Point","coordinates":[-120.56206614278683,41.80684842245981]},"properties":{"id":"gnis-226815","name":"Lakeshore Reservoir","kind":"backcountry","county":"Modoc"}},{"type":"Feature","geometry":{"type":"Point","coordinates":[-120.75579495475247,41.07983588146391]},"properties":{"id":"gnis-226852","name":"Lane Reservoir","kind":"backcountry","county":"Lassen"}},{"type":"Feature","geometry":{"type":"Point","coordinates":[-120.69572564746092,38.75729475939038]},"properties":{"id":"gnis-226885","name":"Larsen Reservoir","kind":"backcountry","county":"El Dorado"}},{"type":"Feature","geometry":{"type":"Point","coordinates":[-119.63760793545362,38.288546355105886]},"properties":{"id":"gnis-226927","name":"Latopie Lake","kind":"backcountry","county":"Mono"}},{"type":"Feature","geometry":{"type":"Point","coordinates":[-120.21837396518741,40.46553345199454]},"properties":{"id":"gnis-226959","name":"Lava Rock Reservoir","kind":"backcountry","county":"Lassen"}},{"type":"Feature","geometry":{"type":"Point","coordinates":[-120.22564122444484,38.909018822955616]},"properties":{"id":"gnis-226964","name":"Lawrence Lake","kind":"backcountry","county":"El Dorado"}},{"type":"Feature","geometry":{"type":"Point","coordinates":[-122.49803527150138,38.219332398703415]},"properties":{"id":"gnis-226993","name":"Lee Lake","kind":"backcountry","county":"Sonoma"}},{"type":"Feature","geometry":{"type":"Point","coordinates":[-123.0869432267286,39.91779253323434]},"properties":{"id":"gnis-226997","name":"Leech Lake","kind":"backcountry","county":"Mendocino"}},{"type":"Feature","geometry":{"type":"Point","coordinates":[-120.21844183470377,38.93577847694379]},"properties":{"id":"gnis-227017","name":"Leland Lakes","kind":"backcountry","county":"El Dorado"}},{"type":"Feature","geometry":{"type":"Point","coordinates":[-122.08852567282155,37.895066418523605]},"properties":{"id":"gnis-227018","name":"Leland Reservoir","kind":"backcountry","county":"Contra Costa"}},{"type":"Feature","geometry":{"type":"Point","coordinates":[-119.9795165718368,38.23275945668286]},"properties":{"id":"gnis-227019","name":"Leland Reservoir","kind":"backcountry","county":"Tuolumne"}},{"type":"Feature","geometry":{"type":"Point","coordinates":[-122.20802549181285,38.341985293249465]},"properties":{"id":"gnis-227026","name":"Leoma Lakes","kind":"backcountry","county":"Napa"}},{"type":"Feature","geometry":{"type":"Point","coordinates":[-123.36680076630226,39.26786086189167]},"properties":{"id":"gnis-227028","name":"Leonard Lake","kind":"backcountry","county":"Mendocino"}},{"type":"Feature","geometry":{"type":"Point","coordinates":[-123.67351668421288,40.011663017545644]},"properties":{"id":"gnis-227046","name":"Lewis Opening","kind":"backcountry","county":"Humboldt"}},{"type":"Feature","geometry":{"type":"Point","coordinates":[-122.63499526827603,37.95381824315331]},"properties":{"id":"gnis-227094","name":"Lily Lake","kind":"backcountry","county":"Marin"}},{"type":"Feature","geometry":{"type":"Point","coordinates":[-119.96693618910219,38.15968054051777]},"properties":{"id":"gnis-227095","name":"Lily Lake","kind":"backcountry","county":"Tuolumne"}},{"type":"Feature","geometry":{"type":"Point","coordinates":[-123.2629461769791,39.61168015645015]},"properties":{"id":"gnis-227096","name":"Lily Lake","kind":"backcountry","county":"Mendocino"}},{"type":"Feature","geometry":{"type":"Point","coordinates":[-123.05096426319346,39.982176853157966]},"properties":{"id":"gnis-227097","name":"Lily Lake","kind":"backcountry","county":"Trinity"}},{"type":"Feature","geometry":{"type":"Point","coordinates":[-123.08054384873176,39.512716760065935]},"properties":{"id":"gnis-227098","name":"Lily Pad Lake","kind":"backcountry","county":"Mendocino"}},{"type":"Feature","geometry":{"type":"Point","coordinates":[-122.64679606785424,41.33588037288609]},"properties":{"id":"gnis-227099","name":"Lily Pad Lake","kind":"backcountry","county":"Siskiyou"}},{"type":"Feature","geometry":{"type":"Point","coordinates":[-120.43118432419269,39.36579704262148]},"properties":{"id":"gnis-227100","name":"Lily Pond","kind":"backcountry","county":"Nevada"}},{"type":"Feature","geometry":{"type":"Point","coordinates":[-122.80832972626264,41.02852469155005]},"properties":{"id":"gnis-227102","name":"Lilypad Lake","kind":"backcountry","county":"Trinity"}},{"type":"Feature","geometry":{"type":"Point","coordinates":[-118.79118275394627,37.6668300673574]},"properties":{"id":"gnis-227182","name":"Little Alkali Lake","kind":"backcountry","county":"Mono"}},{"type":"Feature","geometry":{"type":"Point","coordinates":[-120.79163378469654,37.13996171075926]},"properties":{"id":"gnis-227212","name":"Little Buttonwillow Lake","kind":"backcountry","county":"Merced"}},{"type":"Feature","geometry":{"type":"Point","coordinates":[-122.68476032523525,41.28931819222715]},"properties":{"id":"gnis-227215","name":"Little Carmen Lake","kind":"backcountry","county":"Siskiyou"}},{"type":"Feature","geometry":{"type":"Point","coordinates":[-120.79549840352418,40.78647624652543]},"properties":{"id":"gnis-227226","name":"Little Cleghorn Reservoir","kind":"backcountry","county":"Lassen"}},{"type":"Feature","geometry":{"type":"Point","coordinates":[-119.06470740432889,37.12770343959208]},"properties":{"id":"gnis-227248","name":"Little Doris Lake","kind":"backcountry","county":"Fresno"}},{"type":"Feature","geometry":{"type":"Point","coordinates":[-121.01958390303767,40.80475214532469]},"properties":{"id":"gnis-227284","name":"Little Jacks Lake","kind":"backcountry","county":"Lassen"}},{"type":"Feature","geometry":{"type":"Point","coordinates":[-120.47984150598,41.3428765409491]},"properties":{"id":"gnis-227287","name":"Little Juniper Reservoir","kind":"backcountry","county":"Modoc"}},{"type":"Feature","geometry":{"type":"Point","coordinates":[-122.30867287817938,37.294678351179805]},"properties":{"id":"gnis-227290","name":"Little Lagoon","kind":"backcountry","county":"San Mateo"}},{"type":"Feature","geometry":{"type":"Point","coordinates":[-120.30338643634195,39.77628317348639]},"properties":{"id":"gnis-227294","name":"Little Last Chance Lake","kind":"backcountry","county":"Plumas"}},{"type":"Feature","geometry":{"type":"Point","coordinates":[-120.22069011124741,40.4415492705608]},"properties":{"id":"gnis-227307","name":"Little Mud Flat","kind":"backcountry","county":"Lassen"}},{"type":"Feature","geometry":{"type":"Point","coordinates":[-120.02899119537983,41.80241265904542]},"properties":{"id":"gnis-227308","name":"Little Mud Lake","kind":"backcountry","county":"Modoc"}},{"type":"Feature","geometry":{"type":"Point","coordinates":[-119.65626872868214,38.08041531977781]},"properties":{"id":"gnis-227321","name":"Little Otter Lake","kind":"backcountry","county":"Tuolumne"}},{"type":"Feature","geometry":{"type":"Point","coordinates":[-120.79977090240654,36.78150806437766]},"properties":{"id":"gnis-227324","name":"Little Panoche Reservoir","kind":"backcountry","county":"Fresno"}},{"type":"Feature","geometry":{"type":"Point","coordinates":[-122.48197915601554,37.77059971717248]},"properties":{"id":"gnis-227443","name":"Lloyd Lake","kind":"backcountry","county":"San Francisco"}},{"type":"Feature","geometry":{"type":"Point","coordinates":[-122.71149104847872,41.2069644430305]},"properties":{"id":"gnis-227470","name":"Log Lake","kind":"backcountry","county":"Trinity"}},{"type":"Feature","geometry":{"type":"Point","coordinates":[-120.20041487746833,38.91637029324432]},"properties":{"id":"gnis-227485","name":"Lake Lois","kind":"backcountry","county":"El Dorado"}},{"type":"Feature","geometry":{"type":"Point","coordinates":[-121.62256144202632,37.19292860792512]},"properties":{"id":"gnis-227506","name":"Lone Lake","kind":"backcountry","county":"Santa Clara"}},{"type":"Feature","geometry":{"type":"Point","coordinates":[-120.26656799447888,39.03818263483291]},"properties":{"id":"gnis-227578","name":"Long Lake","kind":"backcountry","county":"Placer"}},{"type":"Feature","geometry":{"type":"Point","coordinates":[-120.43239367575404,39.292722511304106]},"properties":{"id":"gnis-227579","name":"Long Lake","kind":"backcountry","county":"Placer"}},{"type":"Feature","geometry":{"type":"Point","coordinates":[-121.36126372234831,39.991683468516335]},"properties":{"id":"gnis-227580","name":"Long Lake","kind":"backcountry","county":"Plumas"}},{"type":"Feature","geometry":{"type":"Point","coordinates":[-121.05930178144777,40.79585271152281]},"properties":{"id":"gnis-227583","name":"Long Lake","kind":"backcountry","county":"Lassen"}},{"type":"Feature","geometry":{"type":"Point","coordinates":[-121.84837226294252,39.111519542514856]},"properties":{"id":"gnis-227584","name":"Long Lake","kind":"backcountry","county":"Sutter"}},{"type":"Feature","geometry":{"type":"Point","coordinates":[-119.638171746872,36.54407472857527]},"properties":{"id":"gnis-227590","name":"Lang Pond","kind":"backcountry","county":"Fresno"}},{"type":"Feature","geometry":{"type":"Point","coordinates":[-120.83932066021288,40.89804667398532]},"properties":{"id":"gnis-227598","name":"Long Reservoir","kind":"backcountry","county":"Lassen"}},{"type":"Feature","geometry":{"type":"Point","coordinates":[-119.41785057736948,38.300356709784005]},"properties":{"id":"gnis-227623","name":"Long Valley Ponds","kind":"backcountry","county":"Mono"}},{"type":"Feature","geometry":{"type":"Point","coordinates":[-119.46199299901534,37.495107221273564]},"properties":{"id":"gnis-227705","name":"Lost Lake","kind":"backcountry","county":"Madera"}},{"type":"Feature","geometry":{"type":"Point","coordinates":[-120.09750880308398,38.86040475851047]},"properties":{"id":"gnis-227707","name":"Lost Lake","kind":"backcountry","county":"El Dorado"}},{"type":"Feature","geometry":{"type":"Point","coordinates":[-120.23484890939466,38.90818904281423]},"properties":{"id":"gnis-227708","name":"Lost Lake","kind":"backcountry","county":"El Dorado"}},{"type":"Feature","geometry":{"type":"Point","coordinates":[-123.43725879610557,40.04603263147009]},"properties":{"id":"gnis-227709","name":"Lost Lake","kind":"backcountry","county":"Trinity"}},{"type":"Feature","geometry":{"type":"Point","coordinates":[-122.38898681813986,41.5326776349138]},"properties":{"id":"gnis-227710","name":"Lost Lake","kind":"backcountry","county":"Trinity"}},{"type":"Feature","geometry":{"type":"Point","coordinates":[-121.29287351012451,41.28460031329412]},"properties":{"id":"gnis-227718","name":"Lost Reservoir","kind":"backcountry","county":"Modoc"}},{"type":"Feature","geometry":{"type":"Point","coordinates":[-120.97796431183234,40.94128202654148]},"properties":{"id":"gnis-227721","name":"Lost Valley Reservoir","kind":"backcountry","county":"Lassen"}},{"type":"Feature","geometry":{"type":"Point","coordinates":[-122.49024080358011,41.2033841617181]},"properties":{"id":"gnis-227763","name":"Lower Cliff Lake","kind":"backcountry","county":"Siskiyou"}},{"type":"Feature","geometry":{"type":"Point","coordinates":[-123.49194114109854,40.01620815202339]},"properties":{"id":"gnis-227774","name":"Lower Lake","kind":"backcountry","county":"Trinity"}},{"type":"Feature","geometry":{"type":"Point","coordinates":[-121.44900002558147,40.45801643210688]},"properties":{"id":"gnis-227781","name":"Lower Kings Creek Meadow","kind":"backcountry","county":"Shasta"}},{"type":"Feature","geometry":{"type":"Point","coordinates":[-119.41886321495159,37.64323488631839]},"properties":{"id":"gnis-227784","name":"Lower Ottoway Lake","kind":"backcountry","county":"Madera"}},{"type":"Feature","geometry":{"type":"Point","coordinates":[-120.81526314808346,37.121343889526635]},"properties":{"id":"gnis-227788","name":"Lower Ruth Lake","kind":"backcountry","county":"Merced"}},{"type":"Feature","geometry":{"type":"Point","coordinates":[-121.5959242890995,40.704876068337924]},"properties":{"id":"gnis-227796","name":"Lower Twin Lake","kind":"backcountry","county":"Shasta"}},{"type":"Feature","geometry":{"type":"Point","coordinates":[-120.14112005808887,38.93876245364649]},"properties":{"id":"gnis-227797","name":"Lower Velma Lake","kind":"backcountry","county":"El Dorado"}},{"type":"Feature","geometry":{"type":"Point","coordinates":[-123.31827733198267,38.59932627032179]},"properties":{"id":"gnis-227801","name":"Lake Lower","kind":"backcountry","county":"Sonoma"}},{"type":"Feature","geometry":{"type":"Point","coordinates":[-123.31631466310552,39.89715030968763]},"properties":{"id":"gnis-227804","name":"Lowrey Lake","kind":"backcountry","county":"Mendocino"}},{"type":"Feature","geometry":{"type":"Point","coordinates":[-122.4017524550456,37.22405568896143]},"properties":{"id":"gnis-227815","name":"Lake Lucerne","kind":"backcountry","county":"San Mateo"}},{"type":"Feature","geometry":{"type":"Point","coordinates":[-123.08784192289838,40.013654385303475]},"properties":{"id":"gnis-227821","name":"Lucky Lake","kind":"backcountry","county":"Trinity"}},{"type":"Feature","geometry":{"type":"Point","coordinates":[-121.92851419259406,38.2149910165973]},"properties":{"id":"gnis-227829","name":"Luco Slough","kind":"backcountry","county":"Solano"}},{"type":"Feature","geometry":{"type":"Point","coordinates":[-122.90212109941392,40.95222219728619]},"properties":{"id":"gnis-227835","name":"Luella Lake","kind":"backcountry","county":"Trinity"}},{"type":"Feature","geometry":{"type":"Point","coordinates":[-119.93505893944257,37.066928288188606]},"properties":{"id":"gnis-227909","name":"Madera Equalization Reservoir","kind":"backcountry","county":"Madera"}},{"type":"Feature","geometry":{"type":"Point","coordinates":[-119.36212935680157,37.54233139535206]},"properties":{"id":"gnis-227911","name":"Madera Lakes","kind":"backcountry","county":"Madera"}},{"type":"Feature","geometry":{"type":"Point","coordinates":[-119.6693022198494,38.05475950349217]},"properties":{"id":"gnis-227947","name":"Mahan Lake","kind":"backcountry","county":"Tuolumne"}},{"type":"Feature","geometry":{"type":"Point","coordinates":[-120.34630980282478,40.95408916481739]},"properties":{"id":"gnis-227955","name":"Maiden Flat","kind":"backcountry","county":"Lassen"}},{"type":"Feature","geometry":{"type":"Point","coordinates":[-122.48611799456683,37.766363190834326]},"properties":{"id":"gnis-227981","name":"Mallard Lake","kind":"backcountry","county":"San Francisco"}},{"type":"Feature","geometry":{"type":"Point","coordinates":[-122.04095398108755,38.01773540484418]},"properties":{"id":"gnis-227982","name":"Mallard Reservoir","kind":"backcountry","county":"Contra Costa"}},{"type":"Feature","geometry":{"type":"Point","coordinates":[-122.2989841040724,37.998145667562866]},"properties":{"id":"gnis-227988","name":"Maloney Reservoir","kind":"backcountry","county":"Contra Costa"}},{"type":"Feature","geometry":{"type":"Point","coordinates":[-119.42424941278387,38.11914898449034]},"properties":{"id":"gnis-227991","name":"Maltby Lake","kind":"backcountry","county":"Mono"}},{"type":"Feature","geometry":{"type":"Point","coordinates":[-121.19290101725112,37.04364477275714]},"properties":{"id":"gnis-227995","name":"Mammoth Lake","kind":"backcountry","county":"Merced"}},{"type":"Feature","geometry":{"type":"Point","coordinates":[-119.0510795922612,37.45831429273288]},"properties":{"id":"gnis-228083","name":"Margaret Lakes","kind":"backcountry","county":"Fresno"}},{"type":"Feature","geometry":{"type":"Point","coordinates":[-120.08694921651364,38.72367367221218]},"properties":{"id":"gnis-228084","name":"Lake Margaret","kind":"backcountry","county":"El Dorado"}},{"type":"Feature","geometry":{"type":"Point","coordinates":[-119.70317272961488,36.56641296943116]},"properties":{"id":"gnis-228177","name":"Martin Pond","kind":"backcountry","county":"Fresno"}},{"type":"Feature","geometry":{"type":"Point","coordinates":[-122.10756280266195,38.00956538215909]},"properties":{"id":"gnis-228184","name":"Martinez Reservoir","kind":"backcountry","county":"Contra Costa"}},{"type":"Feature","geometry":{"type":"Point","coordinates":[-121.68734824843916,38.79022016665889]},"properties":{"id":"gnis-228193","name":"Mary Lake","kind":"backcountry","county":"Sutter"}},{"type":"Feature","geometry":{"type":"Point","coordinates":[-121.2933649640434,41.87261377938778]},"properties":{"id":"gnis-228201","name":"Mason Reservoir","kind":"backcountry","county":"Modoc"}},{"type":"Feature","geometry":{"type":"Point","coordinates":[-122.67081641578203,41.28116305747142]},"properties":{"id":"gnis-228213","name":"Masterson Meadow Lake","kind":"backcountry","county":"Trinity"}},{"type":"Feature","geometry":{"type":"Point","coordinates":[-119.39824696541932,37.810511375600726]},"properties":{"id":"gnis-228230","name":"Matthes Lake","kind":"backcountry","county":"Mariposa"}},{"type":"Feature","geometry":{"type":"Point","coordinates":[-119.43962703253221,37.93378543018423]},"properties":{"id":"gnis-228234","name":"Mattie Lake","kind":"backcountry","county":"Tuolumne"}},{"type":"Feature","geometry":{"type":"Point","coordinates":[-120.21092263034849,38.89002597319451]},"properties":{"id":"gnis-228241","name":"Maude Lake","kind":"backcountry","county":"El Dorado"}},{"type":"Feature","geometry":{"type":"Point","coordinates":[-119.28725654216139,37.95326588009029]},"properties":{"id":"gnis-228242","name":"Maul Lake","kind":"backcountry","county":"Mono"}},{"type":"Feature","geometry":{"type":"Point","coordinates":[-121.78965481145742,36.83576941542977]},"properties":{"id":"gnis-228310","name":"McClusky Slough","kind":"backcountry","county":"Monterey"}},{"type":"Feature","geometry":{"type":"Point","coordinates":[-120.22704789006006,38.94419911402284]},"properties":{"id":"gnis-228314","name":"McConnell Lake","kind":"backcountry","county":"El Dorado"}},{"type":"Feature","geometry":{"type":"Point","coordinates":[-118.71580096554425,37.14698738245938]},"properties":{"id":"gnis-228364","name":"McGee Lake","kind":"backcountry","county":"Fresno"}},{"type":"Feature","geometry":{"type":"Point","coordinates":[-120.52264052406792,41.806298344958066]},"properties":{"id":"gnis-228370","name":"McGinty Reservoir","kind":"backcountry","county":"Modoc"}},{"type":"Feature","geometry":{"type":"Point","coordinates":[-121.69335311600761,38.80338984432649]},"properties":{"id":"gnis-228375","name":"McGriff Lakes","kind":"backcountry","county":"Sutter"}},{"type":"Feature","geometry":{"type":"Point","coordinates":[-120.33121397290293,39.04166375616495]},"properties":{"id":"gnis-228417","name":"McKinstry Lake","kind":"backcountry","county":"Placer"}},{"type":"Feature","geometry":{"type":"Point","coordinates":[-121.29357046444441,37.95576224179486]},"properties":{"id":"gnis-228426","name":"McLeod Lake","kind":"backcountry","county":"San Joaquin"}},{"type":"Feature","geometry":{"type":"Point","coordinates":[-119.43650055937357,38.24001416154226]},"properties":{"id":"gnis-228430","name":"McMillan Lake","kind":"backcountry","county":"Mono"}},{"type":"Feature","geometry":{"type":"Point","coordinates":[-119.6363375622333,37.85538393960515]},"properties":{"id":"gnis-228453","name":"McSwain Meadows","kind":"backcountry","county":"Tuolumne"}},{"type":"Feature","geometry":{"type":"Point","coordinates":[-121.64197708329992,38.30918324722411]},"properties":{"id":"gnis-228478","name":"Medora Lake","kind":"backcountry","county":"Solano"}},{"type":"Feature","geometry":{"type":"Point","coordinates":[-120.01290587027424,38.735620868668136]},"properties":{"id":"gnis-228481","name":"Meiss Lake","kind":"backcountry","county":"Alpine"}},{"type":"Feature","geometry":{"type":"Point","coordinates":[-121.59248362208537,39.03693788481123]},"properties":{"id":"gnis-228540","name":"Messick Lake","kind":"backcountry","county":"Yuba"}},{"type":"Feature","geometry":{"type":"Point","coordinates":[-119.6782618143723,38.032136818816]},"properties":{"id":"gnis-228576","name":"Middle Branigan Lake","kind":"backcountry","county":"Tuolumne"}},{"type":"Feature","geometry":{"type":"Point","coordinates":[-122.49955797429847,37.76740919638875]},"properties":{"id":"gnis-228606","name":"Middle Lake","kind":"backcountry","county":"San Francisco"}},{"type":"Feature","geometry":{"type":"Point","coordinates":[-120.15025135569682,38.93653842518258]},"properties":{"id":"gnis-228623","name":"Middle Velma Lake","kind":"backcountry","county":"El Dorado"}},{"type":"Feature","geometry":{"type":"Point","coordinates":[-121.94760627687198,37.529460887910446]},"properties":{"id":"gnis-228624","name":"Middlefield Reservoir","kind":"backcountry","county":"Alameda"}},{"type":"Feature","geometry":{"type":"Point","coordinates":[-119.01221287656598,37.48305736440065]},"properties":{"id":"gnis-228629","name":"Midge Lake","kind":"backcountry","county":"Fresno"}},{"type":"Feature","geometry":{"type":"Point","coordinates":[-119.44152123181843,37.82061387243449]},"properties":{"id":"gnis-228650","name":"Mildred Lake","kind":"backcountry","county":"Mariposa"}},{"type":"Feature","geometry":{"type":"Point","coordinates":[-120.71325924095916,38.75451861218197]},"properties":{"id":"gnis-228718","name":"Mill Pond","kind":"backcountry","county":"El Dorado"}},{"type":"Feature","geometry":{"type":"Point","coordinates":[-119.41932296642581,37.99223434823577]},"properties":{"id":"gnis-228740","name":"Miller Lake","kind":"backcountry","county":"Tuolumne"}},{"type":"Feature","geometry":{"type":"Point","coordinates":[-121.20630288775347,37.66878449235338]},"properties":{"id":"gnis-228741","name":"Miller Lake","kind":"backcountry","county":"Stanislaus"}},{"type":"Feature","geometry":{"type":"Point","coordinates":[-121.9263470599717,37.05132891819279]},"properties":{"id":"gnis-228764","name":"Millpond Lake","kind":"backcountry","county":"Santa Cruz"}},{"type":"Feature","geometry":{"type":"Point","coordinates":[-122.2318881225262,37.315117124542176]},"properties":{"id":"gnis-228784","name":"Mindego Lake","kind":"backcountry","county":"San Mateo"}},{"type":"Feature","geometry":{"type":"Point","coordinates":[-122.95924475722697,40.0306537878346]},"properties":{"id":"gnis-228808","name":"Minnie Lake","kind":"backcountry","county":"Trinity"}},{"type":"Feature","geometry":{"type":"Point","coordinates":[-121.91087563993803,37.530932569563745]},"properties":{"id":"gnis-228841","name":"Mission Reservoir","kind":"backcountry","county":"Alameda"}},{"type":"Feature","geometry":{"type":"Point","coordinates":[-119.70145748012317,38.05595738007227]},"properties":{"id":"gnis-228879","name":"Miwok Lake","kind":"backcountry","county":"Tuolumne"}},{"type":"Feature","geometry":{"type":"Point","coordinates":[-120.776719485429,41.10360897137544]},"properties":{"id":"gnis-228908","name":"Moll Reservoir","kind":"backcountry","county":"Lassen"}},{"type":"Feature","geometry":{"type":"Point","coordinates":[-123.10620641671193,38.549147845650545]},"properties":{"id":"gnis-229013","name":"Moonshine Pond","kind":"backcountry","county":"Sonoma"}},{"type":"Feature","geometry":{"type":"Point","coordinates":[-123.01336926639483,41.01602534698185]},"properties":{"id":"gnis-229041","name":"Moraine Lake","kind":"backcountry","county":"Siskiyou"}},{"type":"Feature","geometry":{"type":"Point","coordinates":[-121.97698785934861,36.95689372996224]},"properties":{"id":"gnis-229045","name":"Moran Lake","kind":"backcountry","county":"Santa Cruz"}},{"type":"Feature","geometry":{"type":"Point","coordinates":[-123.30059866865088,39.36721151018871]},"properties":{"id":"gnis-229072","name":"Morris Dam","kind":"backcountry","county":"Mendocino"}},{"type":"Feature","geometry":{"type":"Point","coordinates":[-122.1915219623149,38.457938617025924]},"properties":{"id":"gnis-229105","name":"Moskowite Reservoir","kind":"backcountry","county":"Napa"}},{"type":"Feature","geometry":{"type":"Point","coordinates":[-120.1968600750058,41.40029980639818]},"properties":{"id":"gnis-229114","name":"Mosquito Lake","kind":"backcountry","county":"Modoc"}},{"type":"Feature","geometry":{"type":"Point","coordinates":[-120.47021698387373,39.37845454830911]},"properties":{"id":"gnis-229126","name":"Mossy Pond","kind":"backcountry","county":"Nevada"}},{"type":"Feature","geometry":{"type":"Point","coordinates":[-122.47094880462562,37.78803927976546]},"properties":{"id":"gnis-229186","name":"Mountain Lake","kind":"backcountry","county":"San Francisco"}},{"type":"Feature","geometry":{"type":"Point","coordinates":[-122.17568650360559,40.30715816308256]},"properties":{"id":"gnis-229187","name":"Table Mountain Lake","kind":"backcountry","county":"Tehama"}},{"type":"Feature","geometry":{"type":"Point","coordinates":[-121.32299997114315,37.08772646342154]},"properties":{"id":"gnis-229209","name":"Lake Mountain","kind":"backcountry","county":"Santa Clara"}},{"type":"Feature","geometry":{"type":"Point","coordinates":[-123.55199896253086,40.681533475115195]},"properties":{"id":"gnis-229210","name":"Lake Mountain","kind":"backcountry","county":"Humboldt"}},{"type":"Feature","geometry":{"type":"Point","coordinates":[-120.98699521192754,41.67534214455123]},"properties":{"id":"gnis-229213","name":"Mowitz Butte Tank","kind":"backcountry","county":"Modoc"}},{"type":"Feature","geometry":{"type":"Point","coordinates":[-120.17078090612613,40.43935103944903]},"properties":{"id":"gnis-229228","name":"Mud Flat Reservoir","kind":"backcountry","county":"Lassen"}},{"type":"Feature","geometry":{"type":"Point","coordinates":[-121.57553713781242,37.13946974088829]},"properties":{"id":"gnis-229231","name":"Mud Lake","kind":"backcountry","county":"Santa Clara"}},{"type":"Feature","geometry":{"type":"Point","coordinates":[-119.9677386891798,38.42611757335955]},"properties":{"id":"gnis-229232","name":"Mud Lake","kind":"backcountry","county":"Alpine"}},{"type":"Feature","geometry":{"type":"Point","coordinates":[-120.0202844218122,38.43676165914356]},"properties":{"id":"gnis-229233","name":"Mud Lake","kind":"backcountry","county":"Alpine"}},{"type":"Feature","geometry":{"type":"Point","coordinates":[-120.27142523103417,39.0193563366627]},"properties":{"id":"gnis-229234","name":"Mud Lake","kind":"backcountry","county":"El Dorado"}},{"type":"Feature","geometry":{"type":"Point","coordinates":[-120.25759881672855,39.05159872193591]},"properties":{"id":"gnis-229235","name":"Mud Lake","kind":"backcountry","county":"Placer"}},{"type":"Feature","geometry":{"type":"Point","coordinates":[-123.36832348257408,39.27548413109144]},"properties":{"id":"gnis-229236","name":"Mud Lake","kind":"backcountry","county":"Mendocino"}},{"type":"Feature","geometry":{"type":"Point","coordinates":[-120.64393002426043,39.62266844305721]},"properties":{"id":"gnis-229237","name":"Mud Lake","kind":"backcountry","county":"Sierra"}},{"type":"Feature","geometry":{"type":"Point","coordinates":[-121.33581390147857,39.996034014261106]},"properties":{"id":"gnis-229238","name":"Mud Lake","kind":"backcountry","county":"Plumas"}},{"type":"Feature","geometry":{"type":"Point","coordinates":[-123.12364131680148,40.10154486990489]},"properties":{"id":"gnis-229239","name":"Mud Lake","kind":"backcountry","county":"Trinity"}},{"type":"Feature","geometry":{"type":"Point","coordinates":[-120.71496325701824,40.17628817361561]},"properties":{"id":"gnis-229240","name":"Mud Lake","kind":"backcountry","county":"Plumas"}},{"type":"Feature","geometry":{"type":"Point","coordinates":[-123.19941044887256,41.27584532505486]},"properties":{"id":"gnis-229242","name":"Mud Lake","kind":"backcountry","county":"Siskiyou"}},{"type":"Feature","geometry":{"type":"Point","coordinates":[-120.59286709036184,41.824811672163754]},"properties":{"id":"gnis-229244","name":"Mud Lake","kind":"backcountry","county":"Modoc"}},{"type":"Feature","geometry":{"type":"Point","coordinates":[-123.56320106192166,41.90963015368259]},"properties":{"id":"gnis-229245","name":"Mud Lake","kind":"backcountry","county":"Del Norte"}},{"type":"Feature","geometry":{"type":"Point","coordinates":[-122.16000492540613,38.399844776571314]},"properties":{"id":"gnis-229246","name":"Mud Lake","kind":"backcountry","county":"Napa"}},{"type":"Feature","geometry":{"type":"Point","coordinates":[-120.42529046054558,41.20209329646824]},"properties":{"id":"gnis-229247","name":"Mud Lake","kind":"backcountry","county":"Modoc"}},{"type":"Feature","geometry":{"type":"Point","coordinates":[-120.49546955357171,41.55241479006332]},"properties":{"id":"gnis-229248","name":"Mud Lake Reservoir","kind":"backcountry","county":"Modoc"}},{"type":"Feature","geometry":{"type":"Point","coordinates":[-120.28395635914177,39.01951592121338]},"properties":{"id":"gnis-229249","name":"Mud Lakes","kind":"backcountry","county":"El Dorado"}},{"type":"Feature","geometry":{"type":"Point","coordinates":[-120.79523327924278,37.08844169783727]},"properties":{"id":"gnis-229253","name":"Mud Slough","kind":"backcountry","county":"Merced"}},{"type":"Feature","geometry":{"type":"Point","coordinates":[-121.73117334560082,36.62704478473698]},"properties":{"id":"gnis-229281","name":"Mudhen Lake","kind":"backcountry","county":"Monterey"}},{"type":"Feature","geometry":{"type":"Point","coordinates":[-121.45398260137345,40.847066230293315]},"properties":{"id":"gnis-229343","name":"Murken Lake","kind":"backcountry","county":"Shasta"}},{"type":"Feature","geometry":{"type":"Point","coordinates":[-119.26095105891555,38.362014694046145]},"properties":{"id":"gnis-229350","name":"Murphy Flat","kind":"backcountry","county":"Mono"}},{"type":"Feature","geometry":{"type":"Point","coordinates":[-121.31971692432543,39.9902907441602]},"properties":{"id":"gnis-229353","name":"Murphy Lake","kind":"backcountry","county":"Plumas"}},{"type":"Feature","geometry":{"type":"Point","coordinates":[-121.96960638469268,39.670518130911645]},"properties":{"id":"gnis-229359","name":"Murphy Slough","kind":"backcountry","county":"Butte"}},{"type":"Feature","geometry":{"type":"Point","coordinates":[-121.81197825618656,38.880883080289294]},"properties":{"id":"gnis-229403","name":"Mystic Lake","kind":"backcountry","county":"Sutter"}},{"type":"Feature","geometry":{"type":"Point","coordinates":[-120.46182038869223,39.289290214519]},"properties":{"id":"gnis-229410","name":"Nancy Lake","kind":"backcountry","county":"Placer"}},{"type":"Feature","geometry":{"type":"Point","coordinates":[-120.08485741661102,41.09377515547666]},"properties":{"id":"gnis-229518","name":"Newland Reservoir","kind":"backcountry","county":"Lassen"}},{"type":"Feature","geometry":{"type":"Point","coordinates":[-122.47037597502008,38.59240316630164]},"properties":{"id":"gnis-229527","name":"Lake Newton","kind":"backcountry","county":"Napa"}},{"type":"Feature","geometry":{"type":"Point","coordinates":[-121.96078157788664,37.582311036632134]},"properties":{"id":"gnis-229555","name":"Niles Reservoir","kind":"backcountry","county":"Alameda"}},{"type":"Feature","geometry":{"type":"Point","coordinates":[-123.4147464320789,41.19960878349698]},"properties":{"id":"gnis-229584","name":"Nordheimer Lake","kind":"backcountry","county":"Siskiyou"}},{"type":"Feature","geometry":{"type":"Point","coordinates":[-122.41289841242609,37.72639906895088]},"properties":{"id":"gnis-229598","name":"North Basin","kind":"backcountry","county":"San Francisco"}},{"type":"Feature","geometry":{"type":"Point","coordinates":[-122.5025353127469,37.770019172387364]},"properties":{"id":"gnis-229738","name":"North Lake","kind":"backcountry","county":"San Francisco"}},{"type":"Feature","geometry":{"type":"Point","coordinates":[-122.32793355287993,37.97294613343784]},"properties":{"id":"gnis-229748","name":"North Reservoir","kind":"backcountry","county":"Contra Costa"}},{"type":"Feature","geometry":{"type":"Point","coordinates":[-121.23281657353272,37.025992350223525]},"properties":{"id":"gnis-229810","name":"Nun Lake","kind":"backcountry","county":"Merced"}},{"type":"Feature","geometry":{"type":"Point","coordinates":[-121.59246786563529,38.99836279482657]},"properties":{"id":"gnis-229826","name":"O'Connor Lakes","kind":"backcountry","county":"Sutter"}},{"type":"Feature","geometry":{"type":"Point","coordinates":[-120.43767617745982,37.96952428040878]},"properties":{"id":"gnis-229833","name":"O'Neil Reservoir","kind":"backcountry","county":"Tuolumne"}},{"type":"Feature","geometry":{"type":"Point","coordinates":[-121.26639229574782,37.14760356577265]},"properties":{"id":"gnis-229879","name":"Oak Springs Reservoir","kind":"backcountry","county":"Santa Clara"}},{"type":"Feature","geometry":{"type":"Point","coordinates":[-120.80739400321264,38.081833088695184]},"properties":{"id":"gnis-229974","name":"Old McCormick Reservoir","kind":"backcountry","county":"Calaveras"}},{"type":"Feature","geometry":{"type":"Point","coordinates":[-122.41334111657116,40.439311131782304]},"properties":{"id":"gnis-230002","name":"Olinda Reservoir","kind":"backcountry","county":"Shasta"}},{"type":"Feature","geometry":{"type":"Point","coordinates":[-121.32997937874251,39.980425098050496]},"properties":{"id":"gnis-230014","name":"Oliver Lake","kind":"backcountry","county":"Plumas"}},{"type":"Feature","geometry":{"type":"Point","coordinates":[-123.31294154221423,38.594202958307775]},"properties":{"id":"gnis-230016","name":"Lake Oliver","kind":"backcountry","county":"Sonoma"}},{"type":"Feature","geometry":{"type":"Point","coordinates":[-120.87923591286392,39.79317699659954]},"properties":{"id":"gnis-230057","name":"Onion Valley Reservoir","kind":"backcountry","county":"Plumas"}},{"type":"Feature","geometry":{"type":"Point","coordinates":[-122.98073116345246,39.0647692207682]},"properties":{"id":"gnis-230069","name":"Ora Lake","kind":"backcountry","county":"Lake"}},{"type":"Feature","geometry":{"type":"Point","coordinates":[-122.65342402756498,38.569119958770585]},"properties":{"id":"gnis-230120","name":"Lake Orth","kind":"backcountry","county":"Sonoma"}},{"type":"Feature","geometry":{"type":"Point","coordinates":[-122.4656417205221,38.58911759250051]},"properties":{"id":"gnis-230127","name":"Lake Orville","kind":"backcountry","county":"Napa"}},{"type":"Feature","geometry":{"type":"Point","coordinates":[-119.65531885099902,38.0883786158118]},"properties":{"id":"gnis-230147","name":"Otter Lake","kind":"backcountry","county":"Tuolumne"}},{"type":"Feature","geometry":{"type":"Point","coordinates":[-121.29453318893441,37.06231081775757]},"properties":{"id":"gnis-230195","name":"Pacheco Lake","kind":"backcountry","county":"Santa Clara"}},{"type":"Feature","geometry":{"type":"Point","coordinates":[-120.79735464000645,38.18866641795793]},"properties":{"id":"gnis-230210","name":"Pacific Placer Reservoir","kind":"backcountry","county":"Calaveras"}},{"type":"Feature","geometry":{"type":"Point","coordinates":[-122.00475500846126,39.44918165670704]},"properties":{"id":"gnis-230221","name":"Packer Lake","kind":"backcountry","county":"Glenn"}},{"type":"Feature","geometry":{"type":"Point","coordinates":[-120.41445862515533,39.29879044112145]},"properties":{"id":"gnis-230254","name":"Palisade Lake","kind":"backcountry","county":"Placer"}},{"type":"Feature","geometry":{"type":"Point","coordinates":[-121.48401404309293,40.40169605982129]},"properties":{"id":"gnis-230397","name":"Patricia Lake","kind":"backcountry","county":"Tehama"}},{"type":"Feature","geometry":{"type":"Point","coordinates":[-121.68333553335383,37.69769516935232]},"properties":{"id":"gnis-230414","name":"Patterson Reservoir","kind":"backcountry","county":"Alameda"}},{"type":"Feature","geometry":{"type":"Point","coordinates":[-121.05482936699048,37.47068060397487]},"properties":{"id":"gnis-230442","name":"Pear Slough","kind":"backcountry","county":"Stanislaus"}},{"type":"Feature","geometry":{"type":"Point","coordinates":[-119.68991553368735,38.09993023146737]},"properties":{"id":"gnis-230480","name":"Peninsula Lake","kind":"backcountry","county":"Tuolumne"}},{"type":"Feature","geometry":{"type":"Point","coordinates":[-123.26985189667403,39.847016310150444]},"properties":{"id":"gnis-230541","name":"Perry Ridge Lake","kind":"backcountry","county":"Mendocino"}},{"type":"Feature","geometry":{"type":"Point","coordinates":[-122.57740595615901,38.29784090464978]},"properties":{"id":"gnis-230559","name":"Petaluma Reservoir","kind":"backcountry","county":"Sonoma"}},{"type":"Feature","geometry":{"type":"Point","coordinates":[-120.20750183137352,37.41252707188396]},"properties":{"id":"gnis-230578","name":"Petes Pond","kind":"backcountry","county":"Mariposa"}},{"type":"Feature","geometry":{"type":"Point","coordinates":[-120.1464272598717,38.96104046210706]},"properties":{"id":"gnis-230603","name":"Phipps Lake","kind":"backcountry","county":"El Dorado"}},{"type":"Feature","geometry":{"type":"Point","coordinates":[-120.8355059203414,41.91774123037925]},"properties":{"id":"gnis-230624","name":"Picnic Grove Reservoir","kind":"backcountry","county":"Modoc"}},{"type":"Feature","geometry":{"type":"Point","coordinates":[-122.70478194933824,38.46616806548415]},"properties":{"id":"gnis-230687","name":"Pine Creek Reservoir","kind":"backcountry","county":"Sonoma"}},{"type":"Feature","geometry":{"type":"Point","coordinates":[-122.6576846632957,38.9081088559743]},"properties":{"id":"gnis-230738","name":"Pinkeye Lake","kind":"backcountry","county":"Lake"}},{"type":"Feature","geometry":{"type":"Point","coordinates":[-119.75433481057138,38.20702296221752]},"properties":{"id":"gnis-230750","name":"Pinto Lakes","kind":"backcountry","county":"Tuolumne"}},{"type":"Feature","geometry":{"type":"Point","coordinates":[-123.31830542050496,41.52957899641127]},"properties":{"id":"gnis-230808","name":"Pleasant Lake","kind":"backcountry","county":"Siskiyou"}},{"type":"Feature","geometry":{"type":"Point","coordinates":[-119.01801790850956,37.48193034381671]},"properties":{"id":"gnis-230838","name":"Pocket Lake","kind":"backcountry","county":"Fresno"}},{"type":"Feature","geometry":{"type":"Point","coordinates":[-120.52887143291468,41.85204821342803]},"properties":{"id":"gnis-230842","name":"Poindexter Reservoir","kind":"backcountry","county":"Modoc"}},{"type":"Feature","geometry":{"type":"Point","coordinates":[-119.6534554235029,38.48119744860949]},"properties":{"id":"gnis-230887","name":"Poison Lake","kind":"backcountry","county":"Alpine"}},{"type":"Feature","geometry":{"type":"Point","coordinates":[-119.4512847601301,37.86354006762437]},"properties":{"id":"gnis-230904","name":"Polly Dome Lakes","kind":"backcountry","county":"Mariposa"}},{"type":"Feature","geometry":{"type":"Point","coordinates":[-122.31182806508778,37.28852960863804]},"properties":{"id":"gnis-230915","name":"Pomponio Reservoir","kind":"backcountry","county":"San Mateo"}},{"type":"Feature","geometry":{"type":"Point","coordinates":[-123.33443313171891,39.715896780480904]},"properties":{"id":"gnis-230930","name":"Poonkinny Lake","kind":"backcountry","county":"Mendocino"}},{"type":"Feature","geometry":{"type":"Point","coordinates":[-120.24725601878907,41.45549015572205]},"properties":{"id":"gnis-230953","name":"Porter Reservoir","kind":"backcountry","county":"Modoc"}},{"type":"Feature","geometry":{"type":"Point","coordinates":[-120.41994368797451,41.50886578707512]},"properties":{"id":"gnis-230954","name":"Porter Reservoir","kind":"backcountry","county":"Modoc"}},{"type":"Feature","geometry":{"type":"Point","coordinates":[-119.85799857527033,38.204070061564835]},"properties":{"id":"gnis-231013","name":"Powell Lake","kind":"backcountry","county":"Tuolumne"}},{"type":"Feature","geometry":{"type":"Point","coordinates":[-120.00834971935775,40.93195484776924]},"properties":{"id":"gnis-231014","name":"Powell Reservoir","kind":"backcountry","county":"Lassen"}},{"type":"Feature","geometry":{"type":"Point","coordinates":[-122.03810058230056,39.17395894943025]},"properties":{"id":"gnis-231017","name":"Powell Slough","kind":"backcountry","county":"Colusa"}},{"type":"Feature","geometry":{"type":"Point","coordinates":[-123.01514936796181,38.85012202264879]},"properties":{"id":"gnis-231042","name":"Preston Lake","kind":"backcountry","county":"Sonoma"}},{"type":"Feature","geometry":{"type":"Point","coordinates":[-120.50857483270659,41.608805372831824]},"properties":{"id":"gnis-231049","name":"Pretty Tree Reservoir","kind":"backcountry","county":"Modoc"}},{"type":"Feature","geometry":{"type":"Point","coordinates":[-122.1385911111404,38.10297959184037]},"properties":{"id":"gnis-231081","name":"Puddy Lake","kind":"backcountry","county":"Solano"}},{"type":"Feature","geometry":{"type":"Point","coordinates":[-121.78783827332418,39.03790809528737]},"properties":{"id":"gnis-231097","name":"Purdue Lake","kind":"backcountry","county":"Sutter"}},{"type":"Feature","geometry":{"type":"Point","coordinates":[-120.21414279150306,40.975192230237695]},"properties":{"id":"gnis-231164","name":"Rager Reservoir","kind":"backcountry","county":"Lassen"}},{"type":"Feature","geometry":{"type":"Point","coordinates":[-122.6941581350217,40.507543700313335]},"properties":{"id":"gnis-231182","name":"Rainbow Lake","kind":"backcountry","county":"Shasta"}},{"type":"Feature","geometry":{"type":"Point","coordinates":[-121.07135910932838,37.47887102250504]},"properties":{"id":"gnis-231202","name":"Lake Ramona","kind":"backcountry","county":"Stanislaus"}},{"type":"Feature","geometry":{"type":"Point","coordinates":[-119.75357322246676,38.14339206882208]},"properties":{"id":"gnis-231315","name":"Red Can Lake","kind":"backcountry","county":"Tuolumne"}},{"type":"Feature","geometry":{"type":"Point","coordinates":[-123.41491826002982,41.172725671767736]},"properties":{"id":"gnis-231317","name":"Red Cap Lake","kind":"backcountry","county":"Humboldt"}},{"type":"Feature","geometry":{"type":"Point","coordinates":[-119.38724072660823,37.665126153235775]},"properties":{"id":"gnis-231323","name":"Red Devil Lake","kind":"backcountry","county":"Madera"}},{"type":"Feature","geometry":{"type":"Point","coordinates":[-122.46199613162203,38.590786339183644]},"properties":{"id":"gnis-231340","name":"Red Lake","kind":"backcountry","county":"Napa"}},{"type":"Feature","geometry":{"type":"Point","coordinates":[-120.20840016731889,41.04926343755889]},"properties":{"id":"gnis-231380","name":"Red Rock Lake","kind":"backcountry","county":"Lassen"}},{"type":"Feature","geometry":{"type":"Point","coordinates":[-121.82405657050884,41.824057358944444]},"properties":{"id":"gnis-231381","name":"Red Rock Lakes","kind":"backcountry","county":"Siskiyou"}},{"type":"Feature","geometry":{"type":"Point","coordinates":[-122.39363347791448,40.59265576576667]},"properties":{"id":"gnis-231401","name":"Lake Redding","kind":"backcountry","county":"Shasta"}},{"type":"Feature","geometry":{"type":"Point","coordinates":[-123.01024390714711,38.565604471515016]},"properties":{"id":"gnis-231441","name":"Redwood Lake","kind":"backcountry","county":"Sonoma"}},{"type":"Feature","geometry":{"type":"Point","coordinates":[-119.02002304344515,37.483762814134856]},"properties":{"id":"gnis-231468","name":"Reef Lake","kind":"backcountry","county":"Fresno"}},{"type":"Feature","geometry":{"type":"Point","coordinates":[-122.46261622069632,40.530308343246126]},"properties":{"id":"gnis-231471","name":"Reese Reservoir","kind":"backcountry","county":"Shasta"}},{"type":"Feature","geometry":{"type":"Point","coordinates":[-122.27095317815132,37.31738920757786]},"properties":{"id":"gnis-231477","name":"Reflection Lake","kind":"backcountry","county":"San Mateo"}},{"type":"Feature","geometry":{"type":"Point","coordinates":[-120.81150828901052,41.714687119802285]},"properties":{"id":"gnis-231501","name":"Reservoir G","kind":"backcountry","county":"Modoc"}},{"type":"Feature","geometry":{"type":"Point","coordinates":[-121.13741972142422,39.207371802579246]},"properties":{"id":"gnis-231508","name":"Rex Reservoir","kind":"backcountry","county":"Nevada"}},{"type":"Feature","geometry":{"type":"Point","coordinates":[-119.35994713697401,37.82008763783427]},"properties":{"id":"gnis-231509","name":"Reymann Lake","kind":"backcountry","county":"Mariposa"}},{"type":"Feature","geometry":{"type":"Point","coordinates":[-121.46292130467607,40.41364709674384]},"properties":{"id":"gnis-231567","name":"Ridge Lake","kind":"backcountry","county":"Plumas"}},{"type":"Feature","geometry":{"type":"Point","coordinates":[-121.22620309196941,37.65790677568421]},"properties":{"id":"gnis-231590","name":"Riley Slough","kind":"backcountry","county":"Stanislaus"}},{"type":"Feature","geometry":{"type":"Point","coordinates":[-120.59408233666808,41.81532129068579]},"properties":{"id":"gnis-231596","name":"Rimrock Valley Reservoir","kind":"backcountry","county":"Modoc"}},{"type":"Feature","geometry":{"type":"Point","coordinates":[-119.08016596138602,37.46888085940061]},"properties":{"id":"gnis-231729","name":"Rock Creek Lake","kind":"backcountry","county":"Fresno"}},{"type":"Feature","geometry":{"type":"Point","coordinates":[-121.08750371875117,38.94605911679113]},"properties":{"id":"gnis-231730","name":"Rock Creek Lake","kind":"backcountry","county":"Placer"}},{"type":"Feature","geometry":{"type":"Point","coordinates":[-120.83726100472607,41.88325564412736]},"properties":{"id":"gnis-231731","name":"Rock Creek Reservoir","kind":"backcountry","county":"Modoc"}},{"type":"Feature","geometry":{"type":"Point","coordinates":[-122.61079271685576,41.334912285956854]},"properties":{"id":"gnis-231733","name":"Rock Fence Lake","kind":"backcountry","county":"Siskiyou"}},{"type":"Feature","geometry":{"type":"Point","coordinates":[-123.64671577110467,40.609276956066466]},"properties":{"id":"gnis-231739","name":"Rock Lake","kind":"backcountry","county":"Humboldt"}},{"type":"Feature","geometry":{"type":"Point","coordinates":[-123.0538210612055,39.05850594761629]},"properties":{"id":"gnis-231775","name":"Rocky Lake","kind":"backcountry","county":"Lake"}},{"type":"Feature","geometry":{"type":"Point","coordinates":[-120.76356339398839,37.82018930150248]},"properties":{"id":"gnis-231797","name":"Rodden Lake","kind":"backcountry","county":"Stanislaus"}},{"type":"Feature","geometry":{"type":"Point","coordinates":[-119.3344911051524,37.970707313880055]},"properties":{"id":"gnis-231854","name":"Roosevelt Lake","kind":"backcountry","county":"Tuolumne"}},{"type":"Feature","geometry":{"type":"Point","coordinates":[-121.73968556384084,36.9662792531931]},"properties":{"id":"gnis-231890","name":"Rose Reservoir","kind":"backcountry","county":"Santa Cruz"}},{"type":"Feature","geometry":{"type":"Point","coordinates":[-121.23385115336399,38.76879501534972]},"properties":{"id":"gnis-231902","name":"Roseville Reservoir","kind":"backcountry","county":"Placer"}},{"type":"Feature","geometry":{"type":"Point","coordinates":[-121.13435334645638,39.235614579042526]},"properties":{"id":"gnis-231921","name":"Rough and Ready Reservoir","kind":"backcountry","county":"Nevada"}},{"type":"Feature","geometry":{"type":"Point","coordinates":[-120.13412411789503,38.9665885408074]},"properties":{"id":"gnis-231996","name":"Rubicon Lake","kind":"backcountry","county":"El Dorado"}},{"type":"Feature","geometry":{"type":"Point","coordinates":[-120.97636601400748,41.379280516717735]},"properties":{"id":"gnis-232006","name":"Rucker Hill Tank","kind":"backcountry","county":"Modoc"}},{"type":"Feature","geometry":{"type":"Point","coordinates":[-122.97186174900436,40.83584935585879]},"properties":{"id":"gnis-232026","name":"Rush Creek Lakes","kind":"backcountry","county":"Trinity"}},{"type":"Feature","geometry":{"type":"Point","coordinates":[-120.53584691307964,37.67465507204148]},"properties":{"id":"gnis-232031","name":"Rushing Lake","kind":"backcountry","county":"Stanislaus"}},{"type":"Feature","geometry":{"type":"Point","coordinates":[-121.86297364126736,41.74238465520496]},"properties":{"id":"gnis-232041","name":"Russell Lake","kind":"backcountry","county":"Siskiyou"}},{"type":"Feature","geometry":{"type":"Point","coordinates":[-119.57569396826884,38.17374732808512]},"properties":{"id":"gnis-232058","name":"Lake Ruth","kind":"backcountry","county":"Mono"}},{"type":"Feature","geometry":{"type":"Point","coordinates":[-122.01110306211262,39.23568576821058]},"properties":{"id":"gnis-232076","name":"Sabin Lake","kind":"backcountry","county":"Colusa"}},{"type":"Feature","geometry":{"type":"Point","coordinates":[-121.35028321218529,39.98670770027864]},"properties":{"id":"gnis-232102","name":"Saddle Lake","kind":"backcountry","county":"Plumas"}},{"type":"Feature","geometry":{"type":"Point","coordinates":[-117.80960402661525,36.70400516819618]},"properties":{"id":"gnis-232323","name":"Salt Lake","kind":"backcountry","county":"Inyo"}},{"type":"Feature","geometry":{"type":"Point","coordinates":[-122.33868606523399,39.36834951874444]},"properties":{"id":"gnis-232324","name":"Salt Lake","kind":"backcountry","county":"Colusa"}},{"type":"Feature","geometry":{"type":"Point","coordinates":[-121.462297603476,36.980396260342694]},"properties":{"id":"gnis-232386","name":"San Felipe Lake","kind":"backcountry","county":"Santa Clara"}},{"type":"Feature","geometry":{"type":"Point","coordinates":[-119.01879706496621,37.47987698995425]},"properties":{"id":"gnis-232504","name":"Sand Lake","kind":"backcountry","county":"Fresno"}},{"type":"Feature","geometry":{"type":"Point","coordinates":[-120.38889838337086,39.37606774215792]},"properties":{"id":"gnis-232509","name":"Sand Ridge Lake","kind":"backcountry","county":"Nevada"}},{"type":"Feature","geometry":{"type":"Point","coordinates":[-123.77535235125748,39.514577033231085]},"properties":{"id":"gnis-232514","name":"Sandhill Lake","kind":"backcountry","county":"Mendocino"}},{"type":"Feature","geometry":{"type":"Point","coordinates":[-119.01501008752857,37.480381957147436]},"properties":{"id":"gnis-232637","name":"Scarab Lake","kind":"backcountry","county":"Fresno"}},{"type":"Feature","geometry":{"type":"Point","coordinates":[-122.25674544966884,37.38948957253064]},"properties":{"id":"gnis-232649","name":"Schilling Lake","kind":"backcountry","county":"San Mateo"}},{"type":"Feature","geometry":{"type":"Point","coordinates":[-120.20886741433584,38.929169798918906]},"properties":{"id":"gnis-232653","name":"Lake Schmidell","kind":"backcountry","county":"El Dorado"}},{"type":"Feature","geometry":{"type":"Point","coordinates":[-121.04462143671788,40.78024259757806]},"properties":{"id":"gnis-232693","name":"Schoonamaker Lake","kind":"backcountry","county":"Lassen"}},{"type":"Feature","geometry":{"type":"Point","coordinates":[-121.11942205465694,40.80031658082265]},"properties":{"id":"gnis-232698","name":"Schrode Lake","kind":"backcountry","county":"Lassen"}},{"type":"Feature","geometry":{"type":"Point","coordinates":[-123.04426362348802,41.741621069556885]},"properties":{"id":"gnis-232719","name":"Scott Bar Pond","kind":"backcountry","county":"Siskiyou"}},{"type":"Feature","geometry":{"type":"Point","coordinates":[-122.20811093776602,37.19063311780908]},"properties":{"id":"gnis-232800","name":"Sempervirens Reservoir","kind":"backcountry","county":"Santa Cruz"}},{"type":"Feature","geometry":{"type":"Point","coordinates":[-122.15612335716573,37.75549863962093]},"properties":{"id":"gnis-232803","name":"Seneca Reservoir","kind":"backcountry","county":"Alameda"}},{"type":"Feature","geometry":{"type":"Point","coordinates":[-120.14731206808722,38.98828988037739]},"properties":{"id":"gnis-232837","name":"Shadow Lake","kind":"backcountry","county":"El Dorado"}},{"type":"Feature","geometry":{"type":"Point","coordinates":[-121.32050226388615,37.09278857763918]},"properties":{"id":"gnis-232842","name":"Shaeirn Lake","kind":"backcountry","county":"Santa Clara"}},{"type":"Feature","geometry":{"type":"Point","coordinates":[-120.14712023285827,38.65348065934695]},"properties":{"id":"gnis-232890","name":"Shealor Lakes","kind":"backcountry","county":"El Dorado"}},{"type":"Feature","geometry":{"type":"Point","coordinates":[-123.06266676821498,41.47536649117812]},"properties":{"id":"gnis-232945","name":"Shelly Lake","kind":"backcountry","county":"Siskiyou"}},{"type":"Feature","geometry":{"type":"Point","coordinates":[-119.02986516625933,37.475360728881846]},"properties":{"id":"gnis-233056","name":"Shorty Lake","kind":"backcountry","county":"Fresno"}},{"type":"Feature","geometry":{"type":"Point","coordinates":[-119.66011655979374,37.85053612495516]},"properties":{"id":"gnis-233104","name":"Siesta Lake","kind":"backcountry","county":"Tuolumne"}},{"type":"Feature","geometry":{"type":"Point","coordinates":[-120.79474776767947,40.74911785312719]},"properties":{"id":"gnis-233109","name":"Signal Butte Reservoir","kind":"backcountry","county":"Lassen"}},{"type":"Feature","geometry":{"type":"Point","coordinates":[-120.90720151150093,40.95628902282075]},"properties":{"id":"gnis-233121","name":"Silva Flat Reservoir","kind":"backcountry","county":"Lassen"}},{"type":"Feature","geometry":{"type":"Point","coordinates":[-121.73941267631876,36.997491644436195]},"properties":{"id":"gnis-233154","name":"Simas Lake","kind":"backcountry","county":"Santa Cruz"}},{"type":"Feature","geometry":{"type":"Point","coordinates":[-122.14194923286139,37.9457159737346]},"properties":{"id":"gnis-233172","name":"Sindicich Lagoons","kind":"backcountry","county":"Contra Costa"}},{"type":"Feature","geometry":{"type":"Point","coordinates":[-119.47531286321372,38.01909121206011]},"properties":{"id":"gnis-233181","name":"Sister Lake","kind":"backcountry","county":"Tuolumne"}},{"type":"Feature","geometry":{"type":"Point","coordinates":[-120.91392604998619,41.542909571566504]},"properties":{"id":"gnis-233186","name":"Six-Shooter Stock Tank","kind":"backcountry","county":"Modoc"}},{"type":"Feature","geometry":{"type":"Point","coordinates":[-120.3949720169743,40.96582425094564]},"properties":{"id":"gnis-233194","name":"Skeleton Flat","kind":"backcountry","county":"Lassen"}},{"type":"Feature","geometry":{"type":"Point","coordinates":[-119.30495727709973,37.93195098960732]},"properties":{"id":"gnis-233195","name":"Skelton Lakes","kind":"backcountry","county":"Tuolumne"}},{"type":"Feature","geometry":{"type":"Point","coordinates":[-123.0457756417231,39.71301988572162]},"properties":{"id":"gnis-233213","name":"Skunk Lake","kind":"backcountry","county":"Mendocino"}},{"type":"Feature","geometry":{"type":"Point","coordinates":[-122.58515757174627,41.29934454434349]},"properties":{"id":"gnis-233284","name":"Slide Lake","kind":"backcountry","county":"Trinity"}},{"type":"Feature","geometry":{"type":"Point","coordinates":[-122.99468106466863,40.963957094348295]},"properties":{"id":"gnis-233338","name":"Smith Lake","kind":"backcountry","county":"Trinity"}},{"type":"Feature","geometry":{"type":"Point","coordinates":[-122.58896532002989,41.34111746618413]},"properties":{"id":"gnis-233593","name":"Cabin Meadow Lake","kind":"backcountry","county":"Siskiyou"}},{"type":"Feature","geometry":{"type":"Point","coordinates":[-122.25341675406163,38.277330620840516]},"properties":{"id":"gnis-233614","name":"Lake Camille","kind":"backcountry","county":"Napa"}},{"type":"Feature","geometry":{"type":"Point","coordinates":[-122.47330285689564,38.64321667163725]},"properties":{"id":"gnis-233812","name":"Duvall Lake","kind":"backcountry","county":"Napa"}},{"type":"Feature","geometry":{"type":"Point","coordinates":[-120.4273702643459,37.144316682623405]},"properties":{"id":"gnis-233839","name":"El Nido Reservoir","kind":"backcountry","county":"Merced"}},{"type":"Feature","geometry":{"type":"Point","coordinates":[-121.64983309390298,39.45052711817231]},"properties":{"id":"gnis-233978","name":"Hamilton Slough","kind":"backcountry","county":"Butte"}},{"type":"Feature","geometry":{"type":"Point","coordinates":[-120.35411264933269,37.541306419984394]},"properties":{"id":"gnis-234106","name":"Kelsey Reservoir","kind":"backcountry","county":"Merced"}},{"type":"Feature","geometry":{"type":"Point","coordinates":[-120.53660685097908,38.10951789875965]},"properties":{"id":"gnis-234109","name":"Kiefer Reservoir","kind":"backcountry","county":"Calaveras"}},{"type":"Feature","geometry":{"type":"Point","coordinates":[-123.3741412580183,41.16066555133077]},"properties":{"id":"gnis-234114","name":"Knownothing Lake","kind":"backcountry","county":"Siskiyou"}},{"type":"Feature","geometry":{"type":"Point","coordinates":[-122.4681993885277,38.73834668471198]},"properties":{"id":"gnis-234206","name":"Lower Bohn Lake","kind":"backcountry","county":"Lake"}},{"type":"Feature","geometry":{"type":"Point","coordinates":[-119.96348327176257,38.32960421124988]},"properties":{"id":"gnis-234292","name":"Middle Fork Stanislaus River","kind":"backcountry","county":"Tuolumne"}},{"type":"Feature","geometry":{"type":"Point","coordinates":[-122.21204449780011,37.11809359572952]},"properties":{"id":"gnis-234300","name":"Mill Creek","kind":"backcountry","county":"Santa Cruz"}},{"type":"Feature","geometry":{"type":"Point","coordinates":[-122.757002532262,37.9727493076131]},"properties":{"id":"gnis-234340","name":"Mud Lake","kind":"backcountry","county":"Marin"}},{"type":"Feature","geometry":{"type":"Point","coordinates":[-122.78582087644538,37.962255596221965]},"properties":{"id":"gnis-234403","name":"Ocean Lake","kind":"backcountry","county":"Marin"}},{"type":"Feature","geometry":{"type":"Point","coordinates":[-120.18546811757803,37.314946664123795]},"properties":{"id":"gnis-234422","name":"Owens Reservoir","kind":"backcountry","county":"Mariposa"}},{"type":"Feature","geometry":{"type":"Point","coordinates":[-121.7602254934049,38.53006116472318]},"properties":{"id":"gnis-234522","name":"Putah Creek","kind":"backcountry","county":"Yolo"}},{"type":"Feature","geometry":{"type":"Point","coordinates":[-123.37577503570363,41.15324424576377]},"properties":{"id":"gnis-234581","name":"Rock Lake","kind":"backcountry","county":"Siskiyou"}},{"type":"Feature","geometry":{"type":"Point","coordinates":[-122.02861009691948,39.48592843077473]},"properties":{"id":"gnis-234689","name":"Shepard Slough","kind":"backcountry","county":"Glenn"}},{"type":"Feature","geometry":{"type":"Point","coordinates":[-123.23812336310968,41.36811367452489]},"properties":{"id":"gnis-234729","name":"Smiths Lake","kind":"backcountry","county":"Siskiyou"}},{"type":"Feature","geometry":{"type":"Point","coordinates":[-123.75932005999131,40.74831805108119]},"properties":{"id":"gnis-234766","name":"Snow Camp Lake","kind":"backcountry","county":"Humboldt"}},{"type":"Feature","geometry":{"type":"Point","coordinates":[-119.46045084499742,38.10145973944089]},"properties":{"id":"gnis-234775","name":"Snow Lake","kind":"backcountry","county":"Mono"}},{"type":"Feature","geometry":{"type":"Point","coordinates":[-122.6442509340418,38.86707779311763]},"properties":{"id":"gnis-234785","name":"Snows Lake","kind":"backcountry","county":"Lake"}},{"type":"Feature","geometry":{"type":"Point","coordinates":[-123.32786376821582,41.581295119803656]},"properties":{"id":"gnis-234795","name":"Snyder Lake","kind":"backcountry","county":"Siskiyou"}},{"type":"Feature","geometry":{"type":"Point","coordinates":[-120.90835471117052,40.991888188363696]},"properties":{"id":"gnis-234796","name":"Snider Waterhole","kind":"backcountry","county":"Lassen"}},{"type":"Feature","geometry":{"type":"Point","coordinates":[-122.44745940414987,41.1970432653253]},"properties":{"id":"gnis-234810","name":"Soapstone Pond","kind":"backcountry","county":"Siskiyou"}},{"type":"Feature","geometry":{"type":"Point","coordinates":[-122.29040091533169,37.98326121972981]},"properties":{"id":"gnis-234813","name":"Sobrante Reservoir","kind":"backcountry","county":"Contra Costa"}},{"type":"Feature","geometry":{"type":"Point","coordinates":[-121.60765646906809,36.908812907085014]},"properties":{"id":"gnis-234835","name":"Soda Lake","kind":"backcountry","county":"Santa Cruz"}},{"type":"Feature","geometry":{"type":"Point","coordinates":[-121.08422779287869,41.61500502952824]},"properties":{"id":"gnis-234899","name":"Sorholus Tank","kind":"backcountry","county":"Modoc"}},{"type":"Feature","geometry":{"type":"Point","coordinates":[-120.10374446940848,38.20804362244493]},"properties":{"id":"gnis-234917","name":"Sourgrass Lake","kind":"backcountry","county":"Tuolumne"}},{"type":"Feature","geometry":{"type":"Point","coordinates":[-122.41176821411938,37.724458287413036]},"properties":{"id":"gnis-234924","name":"South Basin","kind":"backcountry","county":"San Francisco"}},{"type":"Feature","geometry":{"type":"Point","coordinates":[-120.17810532608338,41.25184440563065]},"properties":{"id":"gnis-234958","name":"South Emerson Lake","kind":"backcountry","county":"Modoc"}},{"type":"Feature","geometry":{"type":"Point","coordinates":[-120.05596824745399,40.32508761422898]},"properties":{"id":"gnis-235047","name":"South Fork Reservoir","kind":"backcountry","county":"Lassen"}},{"type":"Feature","geometry":{"type":"Point","coordinates":[-120.64809564428523,41.80649337094928]},"properties":{"id":"gnis-235091","name":"South Mountain Reservoir","kind":"backcountry","county":"Modoc"}},{"type":"Feature","geometry":{"type":"Point","coordinates":[-122.0849688967603,37.686709315511436]},"properties":{"id":"gnis-235103","name":"South Reservoir","kind":"backcountry","county":"Alameda"}},{"type":"Feature","geometry":{"type":"Point","coordinates":[-120.27274181808428,39.01236207097456]},"properties":{"id":"gnis-235196","name":"Spider Lake","kind":"backcountry","county":"El Dorado"}},{"type":"Feature","geometry":{"type":"Point","coordinates":[-119.2323631891964,37.84192613345978]},"properties":{"id":"gnis-235201","name":"Spillway Lake","kind":"backcountry","county":"Tuolumne"}},{"type":"Feature","geometry":{"type":"Point","coordinates":[-122.49420040846925,37.771111031163166]},"properties":{"id":"gnis-235220","name":"Spreckels Lake","kind":"backcountry","county":"San Francisco"}},{"type":"Feature","geometry":{"type":"Point","coordinates":[-121.51203807713915,39.6235980434009]},"properties":{"id":"gnis-235282","name":"Spring Valley Reservoir","kind":"backcountry","county":"Butte"}},{"type":"Feature","geometry":{"type":"Point","coordinates":[-119.76177950326709,38.18598331613839]},"properties":{"id":"gnis-235399","name":"Starvation Lake","kind":"backcountry","county":"Tuolumne"}},{"type":"Feature","geometry":{"type":"Point","coordinates":[-119.57834026136541,38.18180901166592]},"properties":{"id":"gnis-235441","name":"Stella Lake","kind":"backcountry","county":"Mono"}},{"type":"Feature","geometry":{"type":"Point","coordinates":[-119.78569220427775,38.75237381551662]},"properties":{"id":"gnis-235456","name":"Stevens Lake","kind":"backcountry","county":"Alpine"}},{"type":"Feature","geometry":{"type":"Point","coordinates":[-123.0849415530018,39.9357301349553]},"properties":{"id":"gnis-235475","name":"Stick Lake","kind":"backcountry","county":"Mendocino"}},{"type":"Feature","geometry":{"type":"Point","coordinates":[-122.54606300376912,38.846101110599655]},"properties":{"id":"gnis-235478","name":"Stienhart Lakes","kind":"backcountry","county":"Lake"}},{"type":"Feature","geometry":{"type":"Point","coordinates":[-122.39753713752434,37.52640940835485]},"properties":{"id":"gnis-235518","name":"Stone Dam Reservoir","kind":"backcountry","county":"San Mateo"}},{"type":"Feature","geometry":{"type":"Point","coordinates":[-120.13897704074034,38.97951391461307]},"properties":{"id":"gnis-235552","name":"Stony Ridge Lake","kind":"backcountry","county":"El Dorado"}},{"type":"Feature","geometry":{"type":"Point","coordinates":[-121.0055811224923,41.5801082622827]},"properties":{"id":"gnis-235562","name":"Stovepipe Flat Tank","kind":"backcountry","county":"Modoc"}},{"type":"Feature","geometry":{"type":"Point","coordinates":[-121.08223456241726,40.81507787593011]},"properties":{"id":"gnis-235590","name":"Straylor Lake","kind":"backcountry","county":"Lassen"}},{"type":"Feature","geometry":{"type":"Point","coordinates":[-120.5963105223904,40.531570601812]},"properties":{"id":"gnis-235592","name":"Streshley Reservoir","kind":"backcountry","county":"Lassen"}},{"type":"Feature","geometry":{"type":"Point","coordinates":[-119.84210305879435,38.14536979214446]},"properties":{"id":"gnis-235618","name":"Studhorse Meadow","kind":"backcountry","county":"Tuolumne"}},{"type":"Feature","geometry":{"type":"Point","coordinates":[-122.145472409236,38.298360625600395]},"properties":{"id":"gnis-235688","name":"Suisun Reservoir","kind":"backcountry","county":"Solano"}},{"type":"Feature","geometry":{"type":"Point","coordinates":[-118.99064554650643,37.20372066290528]},"properties":{"id":"gnis-235748","name":"Summit Lake","kind":"backcountry","county":"Fresno"}},{"type":"Feature","geometry":{"type":"Point","coordinates":[-119.97348464970695,38.43272803566497]},"properties":{"id":"gnis-235749","name":"Summit Lake","kind":"backcountry","county":"Alpine"}},{"type":"Feature","geometry":{"type":"Point","coordinates":[-123.01132105993632,39.51300912748829]},"properties":{"id":"gnis-235750","name":"Summit Lake","kind":"backcountry","county":"Lake"}},{"type":"Feature","geometry":{"type":"Point","coordinates":[-120.83969061878624,40.76517217639015]},"properties":{"id":"gnis-235752","name":"Summit Lake","kind":"backcountry","county":"Lassen"}},{"type":"Feature","geometry":{"type":"Point","coordinates":[-122.89689054997598,40.93877700517899]},"properties":{"id":"gnis-235753","name":"Summit Lake","kind":"backcountry","county":"Trinity"}},{"type":"Feature","geometry":{"type":"Point","coordinates":[-122.27123540815234,37.90517048160604]},"properties":{"id":"gnis-235757","name":"Summit Reservoir","kind":"backcountry","county":"Alameda"}},{"type":"Feature","geometry":{"type":"Point","coordinates":[-121.09425319087546,39.22994516460622]},"properties":{"id":"gnis-235821","name":"Sunset View Reservoir","kind":"backcountry","county":"Nevada"}},{"type":"Feature","geometry":{"type":"Point","coordinates":[-120.9104461238992,41.67861151661716]},"properties":{"id":"gnis-235833","name":"Surveyors Valley Reservoir","kind":"backcountry","county":"Modoc"}},{"type":"Feature","geometry":{"type":"Point","coordinates":[-122.45444920525706,37.752336277919134]},"properties":{"id":"gnis-235840","name":"Sutro Reservoir","kind":"backcountry","county":"San Francisco"}},{"type":"Feature","geometry":{"type":"Point","coordinates":[-121.26889866995067,40.681599838701494]},"properties":{"id":"gnis-235864","name":"Swains Hole","kind":"backcountry","county":"Lassen"}},{"type":"Feature","geometry":{"type":"Point","coordinates":[-119.45598972505822,37.547164037411655]},"properties":{"id":"gnis-235871","name":"Swamp Lake","kind":"backcountry","county":"Madera"}},{"type":"Feature","geometry":{"type":"Point","coordinates":[-120.96322322392128,39.05052462182392]},"properties":{"id":"gnis-235873","name":"Swan Lake Junior","kind":"backcountry","county":"Placer"}},{"type":"Feature","geometry":{"type":"Point","coordinates":[-120.81211465721721,40.859128381441316]},"properties":{"id":"gnis-235874","name":"Swanberger Reservoir","kind":"backcountry","county":"Lassen"}},{"type":"Feature","geometry":{"type":"Point","coordinates":[-123.67565055940673,40.467388956842576]},"properties":{"id":"gnis-235881","name":"Sweasey Lake","kind":"backcountry","county":"Humboldt"}},{"type":"Feature","geometry":{"type":"Point","coordinates":[-119.93469103441797,38.407012009240624]},"properties":{"id":"gnis-235914","name":"Sword Lake","kind":"backcountry","county":"Alpine"}},{"type":"Feature","geometry":{"type":"Point","coordinates":[-120.10171530364076,41.18862728641984]},"properties":{"id":"gnis-235915","name":"Sworinger Reservoir","kind":"backcountry","county":"Modoc"}},{"type":"Feature","geometry":{"type":"Point","coordinates":[-121.52040312797942,39.524022133265674]},"properties":{"id":"gnis-235926","name":"Sycamore Reservoir","kind":"backcountry","county":"Butte"}},{"type":"Feature","geometry":{"type":"Point","coordinates":[-121.72395104163347,38.297102569608924]},"properties":{"id":"gnis-235929","name":"Sycamore Slough","kind":"backcountry","county":"Solano"}},{"type":"Feature","geometry":{"type":"Point","coordinates":[-120.78826159625656,38.382306238912406]},"properties":{"id":"gnis-236012","name":"Tanner Reservoir","kind":"backcountry","county":"Amador"}},{"type":"Feature","geometry":{"type":"Point","coordinates":[-120.674474577382,41.77374005561526]},"properties":{"id":"gnis-236088","name":"Telephone Flat Reservoir","kind":"backcountry","county":"Modoc"}},{"type":"Feature","geometry":{"type":"Point","coordinates":[-122.48380497464403,41.19786339403504]},"properties":{"id":"gnis-236127","name":"Terrace Lake","kind":"backcountry","county":"Siskiyou"}},{"type":"Feature","geometry":{"type":"Point","coordinates":[-121.01166070833284,38.97409472904647]},"properties":{"id":"gnis-236230","name":"Lake Theodore","kind":"backcountry","county":"Placer"}},{"type":"Feature","geometry":{"type":"Point","coordinates":[-121.16494345404433,41.04685330514005]},"properties":{"id":"gnis-236281","name":"Thompson Reservoir","kind":"backcountry","county":"Lassen"}},{"type":"Feature","geometry":{"type":"Point","coordinates":[-120.46410151662582,40.95033298395545]},"properties":{"id":"gnis-236327","name":"Threemile Reservoir","kind":"backcountry","county":"Lassen"}},{"type":"Feature","geometry":{"type":"Point","coordinates":[-121.69010231870858,38.11468330294378]},"properties":{"id":"gnis-236328","name":"Threemile Slough","kind":"backcountry","county":"Sacramento"}},{"type":"Feature","geometry":{"type":"Point","coordinates":[-122.67184991943158,38.92978404334591]},"properties":{"id":"gnis-236335","name":"Thurston Lake","kind":"backcountry","county":"Lake"}},{"type":"Feature","geometry":{"type":"Point","coordinates":[-123.33162791407219,41.57838839616213]},"properties":{"id":"gnis-236345","name":"Tickner Lake","kind":"backcountry","county":"Siskiyou"}},{"type":"Feature","geometry":{"type":"Point","coordinates":[-120.73268403696382,41.73371245699651]},"properties":{"id":"gnis-236365","name":"Timbered Mountain Stock Tank","kind":"backcountry","county":"Modoc"}},{"type":"Feature","geometry":{"type":"Point","coordinates":[-120.87854152413246,41.79968605516333]},"properties":{"id":"gnis-236366","name":"Timbered Ridge Reservoir","kind":"backcountry","county":"Modoc"}},{"type":"Feature","geometry":{"type":"Point","coordinates":[-118.42088346128645,37.04300952038077]},"properties":{"id":"gnis-236382","name":"Tinemaha Lake","kind":"backcountry","county":"Inyo"}},{"type":"Feature","geometry":{"type":"Point","coordinates":[-119.80116637405456,38.189334959206505]},"properties":{"id":"gnis-236411","name":"Toejam Lake","kind":"backcountry","county":"Tuolumne"}},{"type":"Feature","geometry":{"type":"Point","coordinates":[-120.23123340956504,37.462469674322705]},"properties":{"id":"gnis-236418","name":"Toledo Pond","kind":"backcountry","county":"Mariposa"}},{"type":"Feature","geometry":{"type":"Point","coordinates":[-120.22357613504892,41.44596415691504]},"properties":{"id":"gnis-236432","name":"Tom Lee Meadows","kind":"backcountry","county":"Modoc"}},{"type":"Feature","geometry":{"type":"Point","coordinates":[-123.26509357541127,41.565558304967716]},"properties":{"id":"gnis-236459","name":"Toms Lake","kind":"backcountry","county":"Siskiyou"}},{"type":"Feature","geometry":{"type":"Point","coordinates":[-123.10965133994387,38.52138488443551]},"properties":{"id":"gnis-236463","name":"Toole Pond","kind":"backcountry","county":"Sonoma"}},{"type":"Feature","geometry":{"type":"Point","coordinates":[-120.2172076617928,38.905139528290384]},"properties":{"id":"gnis-236466","name":"Top Lake","kind":"backcountry","county":"El Dorado"}},{"type":"Feature","geometry":{"type":"Point","coordinates":[-119.55147756662353,38.1600829295772]},"properties":{"id":"gnis-236474","name":"Tower Lake","kind":"backcountry","county":"Mono"}},{"type":"Feature","geometry":{"type":"Point","coordinates":[-121.32582280565094,38.21473345280022]},"properties":{"id":"gnis-236505","name":"Tracy Lake","kind":"backcountry","county":"San Joaquin"}},{"type":"Feature","geometry":{"type":"Point","coordinates":[-121.61546964799841,37.17934732622507]},"properties":{"id":"gnis-236599","name":"Tule Lake","kind":"backcountry","county":"Santa Clara"}},{"type":"Feature","geometry":{"type":"Point","coordinates":[-119.47157847225454,38.35896793736339]},"properties":{"id":"gnis-236600","name":"Tule Lake","kind":"backcountry","county":"Mono"}},{"type":"Feature","geometry":{"type":"Point","coordinates":[-123.03524506624485,39.48915954871169]},"properties":{"id":"gnis-236601","name":"Tule Lake","kind":"backcountry","county":"Lake"}},{"type":"Feature","geometry":{"type":"Point","coordinates":[-121.1282929459354,37.12883298132506]},"properties":{"id":"gnis-236602","name":"Tule Lake","kind":"backcountry","county":"Merced"}},{"type":"Feature","geometry":{"type":"Point","coordinates":[-122.941152827542,39.17142416733677]},"properties":{"id":"gnis-236603","name":"Tule Lake","kind":"backcountry","county":"Lake"}},{"type":"Feature","geometry":{"type":"Point","coordinates":[-121.97538017143408,37.558626000260965]},"properties":{"id":"gnis-236606","name":"Tule Pond","kind":"backcountry","county":"Alameda"}},{"type":"Feature","geometry":{"type":"Point","coordinates":[-121.63163669554034,40.29456983725611]},"properties":{"id":"gnis-236658","name":"Turner Lake","kind":"backcountry","county":"Tehama"}},{"type":"Feature","geometry":{"type":"Point","coordinates":[-123.43486413998468,40.076558563880184]},"properties":{"id":"gnis-236667","name":"Turtle Lake","kind":"backcountry","county":"Trinity"}},{"type":"Feature","geometry":{"type":"Point","coordinates":[-123.72234485672128,41.22873421723484]},"properties":{"id":"gnis-236669","name":"Turtle Lake","kind":"backcountry","county":"Humboldt"}},{"type":"Feature","geometry":{"type":"Point","coordinates":[-123.37061976867975,39.431862555868186]},"properties":{"id":"gnis-236694","name":"Twin Lakes","kind":"backcountry","county":"Mendocino"}},{"type":"Feature","geometry":{"type":"Point","coordinates":[-123.43760824254771,39.63358440076814]},"properties":{"id":"gnis-236695","name":"Twin Lakes","kind":"backcountry","county":"Mendocino"}},{"type":"Feature","geometry":{"type":"Point","coordinates":[-121.61106812588841,37.17967055167604]},"properties":{"id":"gnis-236697","name":"Turnbull Learning Academy","kind":"backcountry","county":"Santa Clara"}},{"type":"Feature","geometry":{"type":"Point","coordinates":[-121.09625748678457,41.33772433304531]},"properties":{"id":"gnis-236699","name":"Twin Lakes","kind":"backcountry","county":"Modoc"}},{"type":"Feature","geometry":{"type":"Point","coordinates":[-119.96303128352903,38.39106095220565]},"properties":{"id":"gnis-236706","name":"Twin Meadows Lake","kind":"backcountry","county":"Tuolumne"}},{"type":"Feature","geometry":{"type":"Point","coordinates":[-122.05859010919065,38.18464310434926]},"properties":{"id":"gnis-236719","name":"Twin Sloughs","kind":"backcountry","county":"Solano"}},{"type":"Feature","geometry":{"type":"Point","coordinates":[-122.20816820536537,40.50302897955748]},"properties":{"id":"gnis-236737","name":"Tule Lake","kind":"backcountry","county":"Shasta"}},{"type":"Feature","geometry":{"type":"Point","coordinates":[-120.19874453116441,38.880685154101315]},"properties":{"id":"gnis-236741","name":"Tyler Lake","kind":"backcountry","county":"El Dorado"}},{"type":"Feature","geometry":{"type":"Point","coordinates":[-121.72787496094793,36.93093034146263]},"properties":{"id":"gnis-236744","name":"Lake Tynan","kind":"backcountry","county":"Santa Cruz"}},{"type":"Feature","geometry":{"type":"Point","coordinates":[-122.21775889062988,37.8221542625484]},"properties":{"id":"gnis-236749","name":"Tyson Lake","kind":"backcountry","county":"Alameda"}},{"type":"Feature","geometry":{"type":"Point","coordinates":[-121.93772020308421,38.287196022376826]},"properties":{"id":"gnis-236791","name":"Union Creek","kind":"backcountry","county":"Solano"}},{"type":"Feature","geometry":{"type":"Point","coordinates":[-121.28290158165008,39.19652875954661]},"properties":{"id":"gnis-236837","name":"Union Reservoir","kind":"backcountry","county":"Yuba"}},{"type":"Feature","geometry":{"type":"Point","coordinates":[-120.152377270919,40.91165338013384]},"properties":{"id":"gnis-236838","name":"Union Reservoir","kind":"backcountry","county":"Lassen"}},{"type":"Feature","geometry":{"type":"Point","coordinates":[-119.67220688908297,38.039357547117945]},"properties":{"id":"gnis-236875","name":"Upper Branigan Lake","kind":"backcountry","county":"Tuolumne"}},{"type":"Feature","geometry":{"type":"Point","coordinates":[-122.49374887029168,41.19577794824584]},"properties":{"id":"gnis-236878","name":"Upper Cliff Lake","kind":"backcountry","county":"Siskiyou"}},{"type":"Feature","geometry":{"type":"Point","coordinates":[-120.64274944573762,41.54252738852523]},"properties":{"id":"gnis-236880","name":"Upper Cummings Reservoir","kind":"backcountry","county":"Modoc"}},{"type":"Feature","geometry":{"type":"Point","coordinates":[-122.25961545201723,37.45929859855557]},"properties":{"id":"gnis-236884","name":"Upper Emerald Lake","kind":"backcountry","county":"San Mateo"}},{"type":"Feature","geometry":{"type":"Point","coordinates":[-123.47266886106283,40.00980810724968]},"properties":{"id":"gnis-236895","name":"Upper Lake","kind":"backcountry","county":"Trinity"}},{"type":"Feature","geometry":{"type":"Point","coordinates":[-119.40480339408063,37.64090560000154]},"properties":{"id":"gnis-236908","name":"Upper Ottoway Lake","kind":"backcountry","county":"Madera"}},{"type":"Feature","geometry":{"type":"Point","coordinates":[-119.67989051477963,38.10064768167441]},"properties":{"id":"gnis-236910","name":"Upper Peninsula Lake","kind":"backcountry","county":"Tuolumne"}},{"type":"Feature","geometry":{"type":"Point","coordinates":[-121.20298881312583,41.280219231457856]},"properties":{"id":"gnis-236915","name":"Upper Roberts Reservoir","kind":"backcountry","county":"Modoc"}},{"type":"Feature","geometry":{"type":"Point","coordinates":[-120.81513475187991,37.113698416486606]},"properties":{"id":"gnis-236918","name":"Upper Ruth Lake","kind":"backcountry","county":"Merced"}},{"type":"Feature","geometry":{"type":"Point","coordinates":[-121.59996360330038,40.70728688510535]},"properties":{"id":"gnis-236930","name":"Upper Twin Lake","kind":"backcountry","county":"Shasta"}},{"type":"Feature","geometry":{"type":"Point","coordinates":[-120.14895938068892,38.92828278549094]},"properties":{"id":"gnis-236931","name":"Upper Velma Lake","kind":"backcountry","county":"El Dorado"}},{"type":"Feature","geometry":{"type":"Point","coordinates":[-121.24718120086443,38.9665995484044]},"properties":{"id":"gnis-236979","name":"Valley View Reservoir","kind":"backcountry","county":"Placer"}},{"type":"Feature","geometry":{"type":"Point","coordinates":[-123.11054042683507,39.38268284680986]},"properties":{"id":"gnis-236993","name":"Van Arsdale Reservoir","kind":"backcountry","county":"Mendocino"}},{"type":"Feature","geometry":{"type":"Point","coordinates":[-120.46181277457188,40.980326707367595]},"properties":{"id":"gnis-237008","name":"Van Loan Reservoir","kind":"backcountry","county":"Lassen"}},{"type":"Feature","geometry":{"type":"Point","coordinates":[-120.89114767414267,40.904887453837134]},"properties":{"id":"gnis-237014","name":"Van Sickle Lake","kind":"backcountry","county":"Lassen"}},{"type":"Feature","geometry":{"type":"Point","coordinates":[-123.37550581151129,39.72308380617293]},"properties":{"id":"gnis-237102","name":"Vinton Lake","kind":"backcountry","county":"Mendocino"}},{"type":"Feature","geometry":{"type":"Point","coordinates":[-121.3123453769517,39.36301522781523]},"properties":{"id":"gnis-237107","name":"Virginia Ranch Reservoir","kind":"backcountry","county":"Yuba"}},{"type":"Feature","geometry":{"type":"Point","coordinates":[-121.0687179177643,40.950940013872575]},"properties":{"id":"gnis-237155","name":"Wagontire Reservoir","kind":"backcountry","county":"Lassen"}},{"type":"Feature","geometry":{"type":"Point","coordinates":[-119.40044927247493,36.680673019684924]},"properties":{"id":"gnis-237158","name":"Wahtoke Lake","kind":"backcountry","county":"Fresno"}},{"type":"Feature","geometry":{"type":"Point","coordinates":[-122.19810495505749,39.60017957550722]},"properties":{"id":"gnis-237172","name":"Walker Creek","kind":"backcountry","county":"Glenn"}},{"type":"Feature","geometry":{"type":"Point","coordinates":[-123.34278198683296,39.321822472552874]},"properties":{"id":"gnis-237177","name":"Walker Lake","kind":"backcountry","county":"Mendocino"}},{"type":"Feature","geometry":{"type":"Point","coordinates":[-120.43162184505856,40.40614510724411]},"properties":{"id":"gnis-237236","name":"Wards Lake","kind":"backcountry","county":"Lassen"}},{"type":"Feature","geometry":{"type":"Point","coordinates":[-120.4889871820224,39.26603140500621]},"properties":{"id":"gnis-237240","name":"Warm Lake","kind":"backcountry","county":"Placer"}},{"type":"Feature","geometry":{"type":"Point","coordinates":[-121.7427418076089,36.88033631428587]},"properties":{"id":"gnis-237253","name":"Warner Lake","kind":"backcountry","county":"Monterey"}},{"type":"Feature","geometry":{"type":"Point","coordinates":[-121.02385349497179,41.5977555591044]},"properties":{"id":"gnis-237262","name":"Wart on Tree Tank","kind":"backcountry","county":"Modoc"}},{"type":"Feature","geometry":{"type":"Point","coordinates":[-123.48035319014038,41.107015011582696]},"properties":{"id":"gnis-237322","name":"Water Dog Lakes","kind":"backcountry","county":"Humboldt"}},{"type":"Feature","geometry":{"type":"Point","coordinates":[-120.137722215561,39.22483115634664]},"properties":{"id":"gnis-237349","name":"Watson Lake","kind":"backcountry","county":"Placer"}},{"type":"Feature","geometry":{"type":"Point","coordinates":[-123.49644905967077,40.250440141634485]},"properties":{"id":"gnis-237360","name":"Watts Lake","kind":"backcountry","county":"Trinity"}},{"type":"Feature","geometry":{"type":"Point","coordinates":[-121.29078894345656,37.77187742639185]},"properties":{"id":"gnis-237371","name":"Weatherbee Lake","kind":"backcountry","county":"San Joaquin"}},{"type":"Feature","geometry":{"type":"Point","coordinates":[-119.53673886014627,37.84145518264301]},"properties":{"id":"gnis-237400","name":"Wegner Lake","kind":"backcountry","county":"Mariposa"}},{"type":"Feature","geometry":{"type":"Point","coordinates":[-120.76170818428048,37.03773133637579]},"properties":{"id":"gnis-237408","name":"Well Pond","kind":"backcountry","county":"Merced"}},{"type":"Feature","geometry":{"type":"Point","coordinates":[-120.7622247002975,41.719922418596305]},"properties":{"id":"gnis-237423","name":"West Black Rock Reservoir","kind":"backcountry","county":"Modoc"}},{"type":"Feature","geometry":{"type":"Point","coordinates":[-122.31474165459208,38.293413823250155]},"properties":{"id":"gnis-237503","name":"West Napa Reservoir","kind":"backcountry","county":"Napa"}},{"type":"Feature","geometry":{"type":"Point","coordinates":[-120.86462928747952,38.22342456251535]},"properties":{"id":"gnis-237512","name":"West Portal","kind":"backcountry","county":"Calaveras"}},{"type":"Feature","geometry":{"type":"Point","coordinates":[-120.77851772667655,41.37194665731679]},"properties":{"id":"gnis-237655","name":"White Reservoir","kind":"backcountry","county":"Modoc"}},{"type":"Feature","geometry":{"type":"Point","coordinates":[-122.46609491429473,38.591998895706745]},"properties":{"id":"gnis-237689","name":"Lake Whitehead","kind":"backcountry","county":"Napa"}},{"type":"Feature","geometry":{"type":"Point","coordinates":[-123.22363330042158,40.95681718428756]},"properties":{"id":"gnis-237693","name":"Whites Creek Lake","kind":"backcountry","county":"Trinity"}},{"type":"Feature","geometry":{"type":"Point","coordinates":[-121.8795514937786,37.046920836506935]},"properties":{"id":"gnis-237695","name":"Whites Lagoon","kind":"backcountry","county":"Santa Cruz"}},{"type":"Feature","geometry":{"type":"Point","coordinates":[-123.30006502355803,39.91757681895348]},"properties":{"id":"gnis-237723","name":"Who Who Lake","kind":"backcountry","county":"Mendocino"}},{"type":"Feature","geometry":{"type":"Point","coordinates":[-120.0398780328183,40.44671374622692]},"properties":{"id":"gnis-237760","name":"Wild Horse Reservoir","kind":"backcountry","county":"Lassen"}},{"type":"Feature","geometry":{"type":"Point","coordinates":[-120.85966325057026,41.95040652655178]},"properties":{"id":"gnis-237761","name":"Wild Horse Reservoir","kind":"backcountry","county":"Modoc"}},{"type":"Feature","geometry":{"type":"Point","coordinates":[-122.48639458494446,38.6063508082938]},"properties":{"id":"gnis-237767","name":"Wild Lake","kind":"backcountry","county":"Napa"}},{"type":"Feature","geometry":{"type":"Point","coordinates":[-122.49039856121875,38.77020813349237]},"properties":{"id":"gnis-237797","name":"Wildcat Lake","kind":"backcountry","county":"Lake"}},{"type":"Feature","geometry":{"type":"Point","coordinates":[-121.90718706395666,37.12073992561435]},"properties":{"id":"gnis-237854","name":"Williams Reservoir","kind":"backcountry","county":"Santa Clara"}},{"type":"Feature","geometry":{"type":"Point","coordinates":[-120.7819023891226,41.02142533573347]},"properties":{"id":"gnis-237855","name":"Williams Reservoir","kind":"backcountry","county":"Lassen"}},{"type":"Feature","geometry":{"type":"Point","coordinates":[-120.94874231596425,41.54618002472996]},"properties":{"id":"gnis-237856","name":"Williams Reservoir","kind":"backcountry","county":"Modoc"}},{"type":"Feature","geometry":{"type":"Point","coordinates":[-120.72679972150986,41.665953494436856]},"properties":{"id":"gnis-237862","name":"Williams Valley Stock Tank","kind":"backcountry","county":"Modoc"}},{"type":"Feature","geometry":{"type":"Point","coordinates":[-119.72184966197581,36.55962302445006]},"properties":{"id":"gnis-237920","name":"Willow Lake","kind":"backcountry","county":"Fresno"}},{"type":"Feature","geometry":{"type":"Point","coordinates":[-120.00265981280603,40.916245203015926]},"properties":{"id":"gnis-237922","name":"Willow Lake","kind":"backcountry","county":"Lassen"}},{"type":"Feature","geometry":{"type":"Point","coordinates":[-120.87202312564867,41.41990566976295]},"properties":{"id":"gnis-237985","name":"Wilson Reservoir","kind":"backcountry","county":"Modoc"}},{"type":"Feature","geometry":{"type":"Point","coordinates":[-121.55703498616474,38.438148558146224]},"properties":{"id":"gnis-238002","name":"Winchester Lake","kind":"backcountry","county":"Yolo"}},{"type":"Feature","geometry":{"type":"Point","coordinates":[-120.77733423761222,40.9537919643697]},"properties":{"id":"gnis-238041","name":"Wing Reservoir","kind":"backcountry","county":"Lassen"}},{"type":"Feature","geometry":{"type":"Point","coordinates":[-120.27104236367019,39.00182192804543]},"properties":{"id":"gnis-238042","name":"Lake Winifred","kind":"backcountry","county":"El Dorado"}},{"type":"Feature","geometry":{"type":"Point","coordinates":[-119.77850717680144,38.17509453948561]},"properties":{"id":"gnis-238064","name":"Wire Lakes","kind":"backcountry","county":"Tuolumne"}},{"type":"Feature","geometry":{"type":"Point","coordinates":[-119.67348962761312,38.59901601390785]},"properties":{"id":"gnis-238090","name":"Wolf Creek Lake","kind":"backcountry","county":"Alpine"}},{"type":"Feature","geometry":{"type":"Point","coordinates":[-121.18277854820306,37.05069815225767]},"properties":{"id":"gnis-238094","name":"Wolf Lake","kind":"backcountry","county":"Merced"}},{"type":"Feature","geometry":{"type":"Point","coordinates":[-120.51959071044067,41.58970934645398]},"properties":{"id":"gnis-238110","name":"Wood Flat Reservoir","kind":"backcountry","county":"Modoc"}},{"type":"Feature","geometry":{"type":"Point","coordinates":[-121.93454027208129,39.17685348596137]},"properties":{"id":"gnis-238113","name":"Wood Lake","kind":"backcountry","county":"Sutter"}},{"type":"Feature","geometry":{"type":"Point","coordinates":[-121.30827970707868,37.96724772073105]},"properties":{"id":"gnis-238275","name":"Yosemite Lake","kind":"backcountry","county":"San Joaquin"}},{"type":"Feature","geometry":{"type":"Point","coordinates":[-123.71614484003882,41.22049050730285]},"properties":{"id":"gnis-238284","name":"Youngs Lake","kind":"backcountry","county":"Humboldt"}},{"type":"Feature","geometry":{"type":"Point","coordinates":[-120.22553757952231,38.95921984200992]},"properties":{"id":"gnis-238323","name":"Lake Zitella","kind":"backcountry","county":"El Dorado"}},{"type":"Feature","geometry":{"type":"Point","coordinates":[-120.58761520054603,36.256331505755085]},"properties":{"id":"gnis-238427","name":"Adobe Flat","kind":"backcountry","county":"Fresno"}},{"type":"Feature","geometry":{"type":"Point","coordinates":[-120.79756897713494,36.309919906872004]},"properties":{"id":"gnis-238460","name":"Airstrip Pond","kind":"backcountry","county":"San Benito"}},{"type":"Feature","geometry":{"type":"Point","coordinates":[-117.86604922372513,33.90404865273008]},"properties":{"id":"gnis-238604","name":"Anaheim Union Reservoir","kind":"backcountry","county":"Orange"}},{"type":"Feature","geometry":{"type":"Point","coordinates":[-117.78616223595124,33.9927573928409]},"properties":{"id":"gnis-238718","name":"Arnold Reservoir","kind":"backcountry","county":"San Bernardino"}},{"type":"Feature","geometry":{"type":"Point","coordinates":[-118.18920425024969,34.07766485696493]},"properties":{"id":"gnis-238796","name":"Ascot Reservoir","kind":"backcountry","county":"Los Angeles"}},{"type":"Feature","geometry":{"type":"Point","coordinates":[-118.45925711597674,33.971127434733305]},"properties":{"id":"gnis-238945","name":"Ballona Lagoon","kind":"backcountry","county":"Los Angeles"}},{"type":"Feature","geometry":{"type":"Point","coordinates":[-114.556557992004,32.771628331474695]},"properties":{"id":"gnis-238982","name":"Bard Lake","kind":"backcountry","county":"Imperial"}},{"type":"Feature","geometry":{"type":"Point","coordinates":[-114.66996777954468,33.016711625447044]},"properties":{"id":"gnis-239087","name":"Bear Canyon Tank","kind":"backcountry","county":"Imperial"}},{"type":"Feature","geometry":{"type":"Point","coordinates":[-120.53440221908349,35.49116765612501]},"properties":{"id":"gnis-239135","name":"Beck Lake","kind":"backcountry","county":"San Luis Obispo"}},{"type":"Feature","geometry":{"type":"Point","coordinates":[-116.13256038071239,33.149085808859155]},"properties":{"id":"gnis-239229","name":"Benson Lake","kind":"backcountry","county":"San Diego"}},{"type":"Feature","geometry":{"type":"Point","coordinates":[-116.69333469664892,33.268803268192215]},"properties":{"id":"gnis-239289","name":"Big Lake","kind":"backcountry","county":"San Diego"}},{"type":"Feature","geometry":{"type":"Point","coordinates":[-118.46195802754092,33.43369808647766]},"properties":{"id":"gnis-239312","name":"Big Springs Reservoir","kind":"backcountry","county":"Los Angeles"}},{"type":"Feature","geometry":{"type":"Point","coordinates":[-120.61022577019618,35.06994534656221]},"properties":{"id":"gnis-239316","name":"Big Twin Lake","kind":"backcountry","county":"San Luis Obispo"}},{"type":"Feature","geometry":{"type":"Point","coordinates":[-120.60334929964691,35.057514203412396]},"properties":{"id":"gnis-239414","name":"Black Lake","kind":"backcountry","county":"San Luis Obispo"}},{"type":"Feature","geometry":{"type":"Point","coordinates":[-115.72867999660703,35.28736555063229]},"properties":{"id":"gnis-239453","name":"Black Tank","kind":"backcountry","county":"San Bernardino"}},{"type":"Feature","geometry":{"type":"Point","coordinates":[-120.60438808539031,35.067171082623815]},"properties":{"id":"gnis-239538","name":"Bolsa Chica Lake","kind":"backcountry","county":"San Luis Obispo"}},{"type":"Feature","geometry":{"type":"Point","coordinates":[-117.32219311668969,35.77691543527669]},"properties":{"id":"gnis-239575","name":"Borax Flat","kind":"backcountry","county":"San Bernardino"}},{"type":"Feature","geometry":{"type":"Point","coordinates":[-118.1484524819145,33.834590622214435]},"properties":{"id":"gnis-239608","name":"Bouton Lake","kind":"backcountry","county":"Los Angeles"}},{"type":"Feature","geometry":{"type":"Point","coordinates":[-117.97628656143259,34.830534786145854]},"properties":{"id":"gnis-239773","name":"Buckhorn Lake","kind":"backcountry","county":"Los Angeles"}},{"type":"Feature","geometry":{"type":"Point","coordinates":[-118.41803369438813,33.40693750549947]},"properties":{"id":"gnis-239804","name":"Buffalo Springs Reservoirs","kind":"backcountry","county":"Los Angeles"}},{"type":"Feature","geometry":{"type":"Point","coordinates":[-117.30894697093845,34.5636101679916]},"properties":{"id":"gnis-239852","name":"Burkhardt Lake","kind":"backcountry","county":"San Bernardino"}},{"type":"Feature","geometry":{"type":"Point","coordinates":[-116.48364820299302,32.60904914435417]},"properties":{"id":"gnis-240128","name":"Campo Lake","kind":"backcountry","county":"San Diego"}},{"type":"Feature","geometry":{"type":"Point","coordinates":[-118.3932434166,33.3776417216937]},"properties":{"id":"gnis-240223","name":"Cape Canyon Reservoir","kind":"backcountry","county":"Los Angeles"}},{"type":"Feature","geometry":{"type":"Point","coordinates":[-120.446500181172,35.96355189078887]},"properties":{"id":"gnis-240359","name":"Catfish Lake","kind":"backcountry","county":"Monterey"}},{"type":"Feature","geometry":{"type":"Point","coordinates":[-120.60120645477491,35.070776999034486]},"properties":{"id":"gnis-240395","name":"Celery Lake","kind":"backcountry","county":"San Luis Obispo"}},{"type":"Feature","geometry":{"type":"Point","coordinates":[-116.6646808133328,33.27896669553173]},"properties":{"id":"gnis-240540","name":"Chimney Lake","kind":"backcountry","county":"San Diego"}},{"type":"Feature","geometry":{"type":"Point","coordinates":[-116.28038905458372,33.33664869436863]},"properties":{"id":"gnis-240660","name":"Clark Lake","kind":"backcountry","county":"San Diego"}},{"type":"Feature","geometry":{"type":"Point","coordinates":[-120.52150382375518,35.47542924103738]},"properties":{"id":"gnis-240682","name":"Clear Lake","kind":"backcountry","county":"San Luis Obispo"}},{"type":"Feature","geometry":{"type":"Point","coordinates":[-115.79558804790086,34.272840529202945]},"properties":{"id":"gnis-240684","name":"Cleghorn Lakes","kind":"backcountry","county":"San Bernardino"}},{"type":"Feature","geometry":{"type":"Point","coordinates":[-118.13383723270336,33.77141988058478]},"properties":{"id":"gnis-240801","name":"Colorado Lagoon","kind":"backcountry","county":"Los Angeles"}},{"type":"Feature","geometry":{"type":"Point","coordinates":[-117.36144623911112,34.072795107949865]},"properties":{"id":"gnis-240812","name":"Colton Recreation Lake","kind":"backcountry","county":"San Bernardino"}},{"type":"Feature","geometry":{"type":"Point","coordinates":[-119.16011062728937,35.16422748691496]},"properties":{"id":"gnis-240859","name":"Connecting Slough","kind":"backcountry","county":"Kern"}},{"type":"Feature","geometry":{"type":"Point","coordinates":[-117.68195069206678,33.49707516399866]},"properties":{"id":"gnis-240876","name":"Cook Reservoir","kind":"backcountry","county":"Orange"}},{"type":"Feature","geometry":{"type":"Point","coordinates":[-117.03224854750422,33.78514761234649]},"properties":{"id":"gnis-240987","name":"Cottonwood Lake","kind":"backcountry","county":"Riverside"}},{"type":"Feature","geometry":{"type":"Point","coordinates":[-120.40678829182993,35.856448621184384]},"properties":{"id":"gnis-241014","name":"Covington Lake","kind":"backcountry","county":"Monterey"}},{"type":"Feature","geometry":{"type":"Point","coordinates":[-115.96002502986654,35.64081327045394]},"properties":{"id":"gnis-241047","name":"Coyote Holes","kind":"backcountry","county":"San Bernardino"}},{"type":"Feature","geometry":{"type":"Point","coordinates":[-116.2245593372924,34.16822044230273]},"properties":{"id":"gnis-241048","name":"Coyote Lake","kind":"backcountry","county":"San Bernardino"}},{"type":"Feature","geometry":{"type":"Point","coordinates":[-117.10843295635809,34.059076429086396]},"properties":{"id":"gnis-241065","name":"Crafton Reservoir","kind":"backcountry","county":"San Bernardino"}},{"type":"Feature","geometry":{"type":"Point","coordinates":[-117.95308833009324,33.84038764944279]},"properties":{"id":"gnis-241089","name":"Crescent Retarding Basin","kind":"backcountry","county":"Orange"}},{"type":"Feature","geometry":{"type":"Point","coordinates":[-114.7290125115423,33.313553960041]},"properties":{"id":"gnis-241286","name":"Davis Lake","kind":"backcountry","county":"Imperial"}},{"type":"Feature","geometry":{"type":"Point","coordinates":[-116.7768242736652,34.23187881544704]},"properties":{"id":"gnis-241330","name":"Deadmans Lake","kind":"backcountry","county":"San Bernardino"}},{"type":"Feature","geometry":{"type":"Point","coordinates":[-118.45077218675841,33.42580875664039]},"properties":{"id":"gnis-241350","name":"Deep Tank Reservoir","kind":"backcountry","county":"Los Angeles"}},{"type":"Feature","geometry":{"type":"Point","coordinates":[-117.80184162046477,36.03749626262823]},"properties":{"id":"gnis-241470","name":"Devils Kitchen","kind":"backcountry","county":"Inyo"}},{"type":"Feature","geometry":{"type":"Point","coordinates":[-116.85286561323367,34.12265941938185]},"properties":{"id":"gnis-241537","name":"Dollar Lake","kind":"backcountry","county":"San Bernardino"}},{"type":"Feature","geometry":{"type":"Point","coordinates":[-114.6833937168118,33.1606590463204]},"properties":{"id":"gnis-241607","name":"Draper Lake","kind":"backcountry","county":"Imperial"}},{"type":"Feature","geometry":{"type":"Point","coordinates":[-118.5222413764152,34.53061960555091]},"properties":{"id":"gnis-241616","name":"Drinkwater Reservoir","kind":"backcountry","county":"Los Angeles"}},{"type":"Feature","geometry":{"type":"Point","coordinates":[-116.82778039877482,34.120333122906885]},"properties":{"id":"gnis-241641","name":"Dry Lake","kind":"backcountry","county":"San Bernardino"}},{"type":"Feature","geometry":{"type":"Point","coordinates":[-120.84794122964922,36.320522953179974]},"properties":{"id":"gnis-241642","name":"Dry Lake","kind":"backcountry","county":"San Benito"}},{"type":"Feature","geometry":{"type":"Point","coordinates":[-121.07379961096977,36.480491162774584]},"properties":{"id":"gnis-241643","name":"Dry Lake","kind":"backcountry","county":"San Benito"}},{"type":"Feature","geometry":{"type":"Point","coordinates":[-118.54654272814366,35.84279708562705]},"properties":{"id":"gnis-241647","name":"Dry Meadow","kind":"backcountry","county":"Tulare"}},{"type":"Feature","geometry":{"type":"Point","coordinates":[-118.18958650855593,34.14638501864179]},"properties":{"id":"gnis-241721","name":"Eagle Rock Reservoir","kind":"backcountry","county":"Los Angeles"}},{"type":"Feature","geometry":{"type":"Point","coordinates":[-115.58694361255097,33.89168328684466]},"properties":{"id":"gnis-241726","name":"Eagle Tank","kind":"backcountry","county":"Riverside"}},{"type":"Feature","geometry":{"type":"Point","coordinates":[-118.39089396280592,33.400400027431715]},"properties":{"id":"gnis-241820","name":"Echo Lake","kind":"backcountry","county":"Los Angeles"}},{"type":"Feature","geometry":{"type":"Point","coordinates":[-117.11004729899224,33.976366964940944]},"properties":{"id":"gnis-241883","name":"El Casco Lake","kind":"backcountry","county":"Riverside"}},{"type":"Feature","geometry":{"type":"Point","coordinates":[-118.63093349415466,34.56193929049528]},"properties":{"id":"gnis-241939","name":"Elderberry Lake","kind":"backcountry","county":"Los Angeles"}},{"type":"Feature","geometry":{"type":"Point","coordinates":[-120.81409037053058,35.31666285286189]},"properties":{"id":"gnis-242076","name":"Eto Lake","kind":"backcountry","county":"San Luis Obispo"}},{"type":"Feature","geometry":{"type":"Point","coordinates":[-120.67441504243486,36.3328901118488]},"properties":{"id":"gnis-242185","name":"Fawn Lake","kind":"backcountry","county":"San Benito"}},{"type":"Feature","geometry":{"type":"Point","coordinates":[-117.85967095434087,33.82846306986237]},"properties":{"id":"gnis-242314","name":"Fletcher Retarding Basin","kind":"backcountry","county":"Orange"}},{"type":"Feature","geometry":{"type":"Point","coordinates":[-115.26342148768894,35.06549703728388]},"properties":{"id":"gnis-242361","name":"Ford Lake","kind":"backcountry","county":"San Bernardino"}},{"type":"Feature","geometry":{"type":"Point","coordinates":[-116.72627966049906,33.75691629796277]},"properties":{"id":"gnis-242393","name":"Foster Lake","kind":"backcountry","county":"Riverside"}},{"type":"Feature","geometry":{"type":"Point","coordinates":[-118.41212760646667,34.09735923556211]},"properties":{"id":"gnis-242438","name":"Franklin Canyon Reservoir","kind":"backcountry","county":"Los Angeles"}},{"type":"Feature","geometry":{"type":"Point","coordinates":[-115.4762370703976,33.02261114847641]},"properties":{"id":"gnis-242701","name":"Gieselmann Lake","kind":"backcountry","county":"Imperial"}},{"type":"Feature","geometry":{"type":"Point","coordinates":[-117.96618422363005,33.8389087476087]},"properties":{"id":"gnis-242704","name":"Gilbert Retarding Basin","kind":"backcountry","county":"Orange"}},{"type":"Feature","geometry":{"type":"Point","coordinates":[-118.61037605642572,34.151121645942865]},"properties":{"id":"gnis-242713","name":"Girard Reservoir","kind":"backcountry","county":"Los Angeles"}},{"type":"Feature","geometry":{"type":"Point","coordinates":[-115.05665177525155,34.62000830436853]},"properties":{"id":"gnis-242922","name":"Granite Tank","kind":"backcountry","county":"San Bernardino"}},{"type":"Feature","geometry":{"type":"Point","coordinates":[-118.33593262084864,34.256948789416064]},"properties":{"id":"gnis-243005","name":"Green Verdugo Reservoir","kind":"backcountry","county":"Los Angeles"}},{"type":"Feature","geometry":{"type":"Point","coordinates":[-116.23111559617213,35.854824319629486]},"properties":{"id":"gnis-243042","name":"Grimshaw Lake","kind":"backcountry","county":"Inyo"}},{"type":"Feature","geometry":{"type":"Point","coordinates":[-116.1061031037431,33.09246982891639]},"properties":{"id":"gnis-243118","name":"Halfhill Lake","kind":"backcountry","county":"San Diego"}},{"type":"Feature","geometry":{"type":"Point","coordinates":[-118.38352502054651,34.268181451068905]},"properties":{"id":"gnis-243179","name":"Hansen Flood Control Basin","kind":"backcountry","county":"Los Angeles"}},{"type":"Feature","geometry":{"type":"Point","coordinates":[-117.9089589088662,33.77891024389405]},"properties":{"id":"gnis-243270","name":"Haster Retarding Basin","kind":"backcountry","county":"Orange"}},{"type":"Feature","geometry":{"type":"Point","coordinates":[-114.5820384436283,32.77471495320539]},"properties":{"id":"gnis-243276","name":"Haughtelin Lake","kind":"backcountry","county":"Imperial"}},{"type":"Feature","geometry":{"type":"Point","coordinates":[-118.36119029926563,33.35281768795482]},"properties":{"id":"gnis-243312","name":"Haypress Reservoir","kind":"backcountry","county":"Los Angeles"}},{"type":"Feature","geometry":{"type":"Point","coordinates":[-118.20491688320853,34.05847506022061]},"properties":{"id":"gnis-243317","name":"Hazard Reservoir","kind":"backcountry","county":"Los Angeles"}},{"type":"Feature","geometry":{"type":"Point","coordinates":[-116.64130592739453,33.79986164797887]},"properties":{"id":"gnis-243416","name":"Hidden Lake","kind":"backcountry","county":"Riverside"}},{"type":"Feature","geometry":{"type":"Point","coordinates":[-116.01917859455746,33.95862316984434]},"properties":{"id":"gnis-243427","name":"Hidden Tank","kind":"backcountry","county":"Riverside"}},{"type":"Feature","geometry":{"type":"Point","coordinates":[-117.05589874012763,33.23312798136353]},"properties":{"id":"gnis-243435","name":"Hideaway Lake","kind":"backcountry","county":"San Diego"}},{"type":"Feature","geometry":{"type":"Point","coordinates":[-120.77498689126578,36.300496308610214]},"properties":{"id":"gnis-243516","name":"Hog Hole","kind":"backcountry","county":"San Benito"}},{"type":"Feature","geometry":{"type":"Point","coordinates":[-117.46179640708614,33.95469956992185]},"properties":{"id":"gnis-243531","name":"Hole Lake","kind":"backcountry","county":"Riverside"}},{"type":"Feature","geometry":{"type":"Point","coordinates":[-117.476484450378,33.97093046730083]},"properties":{"id":"gnis-243667","name":"Horseshoe Lake","kind":"backcountry","county":"Riverside"}},{"type":"Feature","geometry":{"type":"Point","coordinates":[-120.612314955103,35.07152596322499]},"properties":{"id":"gnis-243684","name":"Hospital Lake","kind":"backcountry","county":"San Luis Obispo"}},{"type":"Feature","geometry":{"type":"Point","coordinates":[-117.35524948421146,33.22662101599248]},"properties":{"id":"gnis-243710","name":"Hubbert Lake","kind":"backcountry","county":"San Diego"}},{"type":"Feature","geometry":{"type":"Point","coordinates":[-118.26535207790856,34.10301327722467]},"properties":{"id":"gnis-243938","name":"Ivanhoe Reservoir","kind":"backcountry","county":"Los Angeles"}},{"type":"Feature","geometry":{"type":"Point","coordinates":[-116.04877560651394,33.99823724677454]},"properties":{"id":"gnis-243942","name":"Ivanpah Tank","kind":"backcountry","county":"Riverside"}},{"type":"Feature","geometry":{"type":"Point","coordinates":[-120.60379465561867,35.038592219700725]},"properties":{"id":"gnis-243951","name":"Jack Lake","kind":"backcountry","county":"San Luis Obispo"}},{"type":"Feature","geometry":{"type":"Point","coordinates":[-116.73252321762502,33.34930658651544]},"properties":{"id":"gnis-244016","name":"Lake Jean","kind":"backcountry","county":"San Diego"}},{"type":"Feature","geometry":{"type":"Point","coordinates":[-118.55376757793651,35.385534307355925]},"properties":{"id":"gnis-244164","name":"Julia Lake","kind":"backcountry","county":"Kern"}},{"type":"Feature","geometry":{"type":"Point","coordinates":[-120.8494644849102,36.268206004547466]},"properties":{"id":"gnis-244251","name":"Kenner Lake","kind":"backcountry","county":"Monterey"}},{"type":"Feature","geometry":{"type":"Point","coordinates":[-120.3600242052993,35.77544176583647]},"properties":{"id":"gnis-244278","name":"Kerr Lake","kind":"backcountry","county":"San Luis Obispo"}},{"type":"Feature","geometry":{"type":"Point","coordinates":[-117.64525736486151,33.484773782268924]},"properties":{"id":"gnis-244372","name":"Krum Reservoir","kind":"backcountry","county":"Orange"}},{"type":"Feature","geometry":{"type":"Point","coordinates":[-120.80825180986733,36.31042692845664]},"properties":{"id":"gnis-244506","name":"Laguna Lake","kind":"backcountry","county":"San Benito"}},{"type":"Feature","geometry":{"type":"Point","coordinates":[-117.75891233857583,33.640740080201894]},"properties":{"id":"gnis-244515","name":"Laguna Reservoir","kind":"backcountry","county":"Orange"}},{"type":"Feature","geometry":{"type":"Point","coordinates":[-116.27097614052407,32.615228577843915]},"properties":{"id":"gnis-244524","name":"Lake Domingo","kind":"backcountry","county":"San Diego"}},{"type":"Feature","geometry":{"type":"Point","coordinates":[-118.77936934741136,34.114454282041784]},"properties":{"id":"gnis-244526","name":"Lake Enchanto","kind":"backcountry","county":"Los Angeles"}},{"type":"Feature","geometry":{"type":"Point","coordinates":[-116.341776258669,34.670201294097765]},"properties":{"id":"gnis-244667","name":"Lavic Lake","kind":"backcountry","county":"San Bernardino"}},{"type":"Feature","geometry":{"type":"Point","coordinates":[-118.62898936560667,34.22139785280951]},"properties":{"id":"gnis-244713","name":"Lees Lake","kind":"backcountry","county":"Los Angeles"}},{"type":"Feature","geometry":{"type":"Point","coordinates":[-120.60907275557953,35.036370019396166]},"properties":{"id":"gnis-244754","name":"Lettuce Lake","kind":"backcountry","county":"San Luis Obispo"}},{"type":"Feature","geometry":{"type":"Point","coordinates":[-120.73435790556195,36.33001137785319]},"properties":{"id":"gnis-244763","name":"Lewis Flat","kind":"backcountry","county":"San Benito"}},{"type":"Feature","geometry":{"type":"Point","coordinates":[-116.23840304865884,33.336343215134114]},"properties":{"id":"gnis-244907","name":"Little Clark Lake","kind":"backcountry","county":"San Diego"}},{"type":"Feature","geometry":{"type":"Point","coordinates":[-117.59662419773669,35.43057434532642]},"properties":{"id":"gnis-244911","name":"Little Dry Lake","kind":"backcountry","county":"San Bernardino"}},{"type":"Feature","geometry":{"type":"Point","coordinates":[-117.90315773877998,35.94737991641014]},"properties":{"id":"gnis-244921","name":"Little Lake","kind":"backcountry","county":"Inyo"}},{"type":"Feature","geometry":{"type":"Point","coordinates":[-117.30764867448588,33.25114162658129]},"properties":{"id":"gnis-244925","name":"Little Libby Lake","kind":"backcountry","county":"San Diego"}},{"type":"Feature","geometry":{"type":"Point","coordinates":[-120.61056371640606,35.03160431954469]},"properties":{"id":"gnis-244935","name":"Little Oso Flaco Lake","kind":"backcountry","county":"San Luis Obispo"}},{"type":"Feature","geometry":{"type":"Point","coordinates":[-116.05330988345324,33.99897003769869]},"properties":{"id":"gnis-244980","name":"Live Oak Tank","kind":"backcountry","county":"Riverside"}},{"type":"Feature","geometry":{"type":"Point","coordinates":[-116.64163418257912,33.42784699942528]},"properties":{"id":"gnis-245044","name":"Lone Pine Reservoir","kind":"backcountry","county":"Riverside"}},{"type":"Feature","geometry":{"type":"Point","coordinates":[-120.23320809700238,35.679870849120455]},"properties":{"id":"gnis-245076","name":"Long Lake","kind":"backcountry","county":"San Luis Obispo"}},{"type":"Feature","geometry":{"type":"Point","coordinates":[-120.26780299114495,36.211716561520504]},"properties":{"id":"gnis-245180","name":"Lake los Nietos","kind":"backcountry","county":"Fresno"}},{"type":"Feature","geometry":{"type":"Point","coordinates":[-116.70125175496206,33.27047891208816]},"properties":{"id":"gnis-245214","name":"Lost Lake","kind":"backcountry","county":"San Diego"}},{"type":"Feature","geometry":{"type":"Point","coordinates":[-118.47207937099991,33.41269810652816]},"properties":{"id":"gnis-245255","name":"Lower Buffalo Corral Reservoir","kind":"backcountry","county":"Los Angeles"}},{"type":"Feature","geometry":{"type":"Point","coordinates":[-117.77136945628376,33.76008561757242]},"properties":{"id":"gnis-245269","name":"Lower Peters Canyon Reservoir","kind":"backcountry","county":"Orange"}},{"type":"Feature","geometry":{"type":"Point","coordinates":[-120.79451083792162,36.34444565348365]},"properties":{"id":"gnis-245388","name":"Mail Trail Pond","kind":"backcountry","county":"San Benito"}},{"type":"Feature","geometry":{"type":"Point","coordinates":[-117.21767839768505,33.390152547999925]},"properties":{"id":"gnis-245567","name":"Martin Reservoir","kind":"backcountry","county":"San Diego"}},{"type":"Feature","geometry":{"type":"Point","coordinates":[-117.66506284352737,33.47864312367366]},"properties":{"id":"gnis-245663","name":"McCracken Reservoir","kind":"backcountry","county":"Orange"}},{"type":"Feature","geometry":{"type":"Point","coordinates":[-116.57080919188057,34.446831375471916]},"properties":{"id":"gnis-245758","name":"Melville Lake","kind":"backcountry","county":"San Bernardino"}},{"type":"Feature","geometry":{"type":"Point","coordinates":[-120.80768230762158,36.43860604695052]},"properties":{"id":"gnis-245789","name":"Merrill Lake","kind":"backcountry","county":"San Benito"}},{"type":"Feature","geometry":{"type":"Point","coordinates":[-120.45488882356828,36.006354222577045]},"properties":{"id":"gnis-245790","name":"Merrill Pools","kind":"backcountry","county":"Fresno"}},{"type":"Feature","geometry":{"type":"Point","coordinates":[-116.0663025012751,34.21832435621764]},"properties":{"id":"gnis-245823","name":"Mesquite Lake","kind":"backcountry","county":"San Bernardino"}},{"type":"Feature","geometry":{"type":"Point","coordinates":[-118.37992472200811,34.26180415929123]},"properties":{"id":"gnis-245869","name":"Middle Lake","kind":"backcountry","county":"Los Angeles"}},{"type":"Feature","geometry":{"type":"Point","coordinates":[-117.41692766609202,33.893909085591304]},"properties":{"id":"gnis-246046","name":"Mockingbird Reservoir","kind":"backcountry","county":"Riverside"}},{"type":"Feature","geometry":{"type":"Point","coordinates":[-117.62338295919679,33.71486734008861]},"properties":{"id":"gnis-246050","name":"Modjeska Reservoir","kind":"backcountry","county":"Orange"}},{"type":"Feature","geometry":{"type":"Point","coordinates":[-114.83747897607564,33.89668902846127]},"properties":{"id":"gnis-246065","name":"Mojave Tank","kind":"backcountry","county":"Riverside"}},{"type":"Feature","geometry":{"type":"Point","coordinates":[-120.72011869562031,36.14631803326905]},"properties":{"id":"gnis-246086","name":"Monroe Lake","kind":"backcountry","county":"Monterey"}},{"type":"Feature","geometry":{"type":"Point","coordinates":[-118.57140764245717,34.26856551708612]},"properties":{"id":"gnis-246136","name":"Monteria Lake","kind":"backcountry","county":"Los Angeles"}},{"type":"Feature","geometry":{"type":"Point","coordinates":[-118.32796863544334,33.95571775747387]},"properties":{"id":"gnis-246211","name":"Morningside Park Reservoir","kind":"backcountry","county":"Los Angeles"}},{"type":"Feature","geometry":{"type":"Point","coordinates":[-116.5197101825385,34.07256615156928]},"properties":{"id":"gnis-246215","name":"Morongo Lakes","kind":"backcountry","county":"San Bernardino"}},{"type":"Feature","geometry":{"type":"Point","coordinates":[-116.98478450628065,32.77227213339123]},"properties":{"id":"gnis-246261","name":"Mount Helix Reservoir","kind":"backcountry","county":"San Diego"}},{"type":"Feature","geometry":{"type":"Point","coordinates":[-120.61145478677743,35.06298343065044]},"properties":{"id":"gnis-246323","name":"Mud Lake","kind":"backcountry","county":"San Luis Obispo"}},{"type":"Feature","geometry":{"type":"Point","coordinates":[-116.1610969332726,33.32011514818691]},"properties":{"id":"gnis-246442","name":"Natural Rock Tanks","kind":"backcountry","county":"San Diego"}},{"type":"Feature","geometry":{"type":"Point","coordinates":[-118.90882280877116,34.06449828169456]},"properties":{"id":"gnis-246528","name":"Nicholas Flat","kind":"backcountry","county":"Los Angeles"}},{"type":"Feature","geometry":{"type":"Point","coordinates":[-120.22783079967793,35.672881777109765]},"properties":{"id":"gnis-246694","name":"O'Brien Lake","kind":"backcountry","county":"San Luis Obispo"}},{"type":"Feature","geometry":{"type":"Point","coordinates":[-117.27288858645072,33.142513765591616]},"properties":{"id":"gnis-246741","name":"Oak Lake","kind":"backcountry","county":"San Diego"}},{"type":"Feature","geometry":{"type":"Point","coordinates":[-117.82308377027294,33.83474095208553]},"properties":{"id":"gnis-246879","name":"Olive Hills Reservoir","kind":"backcountry","county":"Orange"}},{"type":"Feature","geometry":{"type":"Point","coordinates":[-116.69090969453943,35.728024425637784]},"properties":{"id":"gnis-247049","name":"Owl Lake","kind":"backcountry","county":"San Bernardino"}},{"type":"Feature","geometry":{"type":"Point","coordinates":[-117.65119110831733,33.464510694296735]},"properties":{"id":"gnis-247124","name":"Palisades Reservoir","kind":"backcountry","county":"Orange"}},{"type":"Feature","geometry":{"type":"Point","coordinates":[-114.51415527199187,33.73279461567848]},"properties":{"id":"gnis-247177","name":"Palo Verde Intake","kind":"backcountry","county":"Riverside"}},{"type":"Feature","geometry":{"type":"Point","coordinates":[-118.36486788795277,33.34969669287864]},"properties":{"id":"gnis-247306","name":"Patrick Reservoir","kind":"backcountry","county":"Los Angeles"}},{"type":"Feature","geometry":{"type":"Point","coordinates":[-118.9540027028235,35.179135134768856]},"properties":{"id":"gnis-247313","name":"Lake Paulina","kind":"backcountry","county":"Kern"}},{"type":"Feature","geometry":{"type":"Point","coordinates":[-120.60810539937596,35.0749762478625]},"properties":{"id":"gnis-247576","name":"Pipeline Lake","kind":"backcountry","county":"San Luis Obispo"}},{"type":"Feature","geometry":{"type":"Point","coordinates":[-115.9283588330947,35.740255783534025]},"properties":{"id":"gnis-247693","name":"Porcupine Tank","kind":"backcountry","county":"San Bernardino"}},{"type":"Feature","geometry":{"type":"Point","coordinates":[-118.27223844070573,34.11039266012825]},"properties":{"id":"gnis-247761","name":"Powena Reservoir","kind":"backcountry","county":"Los Angeles"}},{"type":"Feature","geometry":{"type":"Point","coordinates":[-117.64342719030225,33.897041844493415]},"properties":{"id":"gnis-247767","name":"Prado Flood Control Basin","kind":"backcountry","county":"San Bernardino"}},{"type":"Feature","geometry":{"type":"Point","coordinates":[-120.74977858515514,36.23797084296592]},"properties":{"id":"gnis-247777","name":"Pretty Flat","kind":"backcountry","county":"San Benito"}},{"type":"Feature","geometry":{"type":"Point","coordinates":[-118.34826313179707,35.11560842819967]},"properties":{"id":"gnis-247795","name":"Proctor Lake","kind":"backcountry","county":"Kern"}},{"type":"Feature","geometry":{"type":"Point","coordinates":[-117.43894189453069,33.34364702015429]},"properties":{"id":"gnis-247820","name":"Pulgas Lake","kind":"backcountry","county":"San Diego"}},{"type":"Feature","geometry":{"type":"Point","coordinates":[-119.55442122992692,34.990657070953645]},"properties":{"id":"gnis-247861","name":"Quail Spring Reservoir","kind":"backcountry","county":"San Luis Obispo"}},{"type":"Feature","geometry":{"type":"Point","coordinates":[-117.02112294594806,34.45583701012057]},"properties":{"id":"gnis-247905","name":"Rabbit Lake","kind":"backcountry","county":"San Bernardino"}},{"type":"Feature","geometry":{"type":"Point","coordinates":[-115.51190748329385,33.07740981875203]},"properties":{"id":"gnis-247931","name":"Ramer Lake","kind":"backcountry","county":"Imperial"}},{"type":"Feature","geometry":{"type":"Point","coordinates":[-117.90753826187192,33.84841816251307]},"properties":{"id":"gnis-248016","name":"Raymond Retarding Basin","kind":"backcountry","county":"Orange"}},{"type":"Feature","geometry":{"type":"Point","coordinates":[-116.35889803120334,35.266217469762154]},"properties":{"id":"gnis-248065","name":"Red Pass Lake","kind":"backcountry","county":"San Bernardino"}},{"type":"Feature","geometry":{"type":"Point","coordinates":[-118.37425942660023,34.26306287178504]},"properties":{"id":"gnis-248098","name":"Redwing Lake","kind":"backcountry","county":"Los Angeles"}},{"type":"Feature","geometry":{"type":"Point","coordinates":[-117.63867294020437,33.492809226205736]},"properties":{"id":"gnis-248108","name":"Reed Reservoir","kind":"backcountry","county":"Orange"}},{"type":"Feature","geometry":{"type":"Point","coordinates":[-117.30155311390463,34.24253448369615]},"properties":{"id":"gnis-248154","name":"Rialto Spring","kind":"backcountry","county":"San Bernardino"}},{"type":"Feature","geometry":{"type":"Point","coordinates":[-116.98044187412741,32.58679920059781]},"properties":{"id":"gnis-248231","name":"River Botton Reservoir","kind":"backcountry","county":"San Diego"}},{"type":"Feature","geometry":{"type":"Point","coordinates":[-118.0709990509065,34.83063886544735]},"properties":{"id":"gnis-248369","name":"Rosamond Lake","kind":"backcountry","county":"Los Angeles"}},{"type":"Feature","geometry":{"type":"Point","coordinates":[-118.73171825448775,34.244198278364706]},"properties":{"id":"gnis-248472","name":"Runkle Reservoir","kind":"backcountry","county":"Ventura"}},{"type":"Feature","geometry":{"type":"Point","coordinates":[-118.55195121856801,34.04368523275382]},"properties":{"id":"gnis-249133","name":"Santa Ynez Lake","kind":"backcountry","county":"Los Angeles"}},{"type":"Feature","geometry":{"type":"Point","coordinates":[-117.63656732960258,35.62821418530898]},"properties":{"id":"gnis-249158","name":"Satellite Lake","kind":"backcountry","county":"San Bernardino"}},{"type":"Feature","geometry":{"type":"Point","coordinates":[-119.69272673591051,34.44540860568921]},"properties":{"id":"gnis-249382","name":"Sheffield Reservoir","kind":"backcountry","county":"Santa Barbara"}},{"type":"Feature","geometry":{"type":"Point","coordinates":[-118.44981951172151,35.111638058556366]},"properties":{"id":"gnis-249396","name":"Sherm Chitwood Reservoir","kind":"backcountry","county":"Kern"}},{"type":"Feature","geometry":{"type":"Point","coordinates":[-116.16691215390819,35.52666318361106]},"properties":{"id":"gnis-249464","name":"Silurian Lake","kind":"backcountry","county":"San Bernardino"}},{"type":"Feature","geometry":{"type":"Point","coordinates":[-120.5229197581875,35.48119122943019]},"properties":{"id":"gnis-249475","name":"Silver Lake","kind":"backcountry","county":"San Luis Obispo"}},{"type":"Feature","geometry":{"type":"Point","coordinates":[-120.60518176401183,35.06883205346333]},"properties":{"id":"gnis-249579","name":"Small Twin Lake","kind":"backcountry","county":"San Luis Obispo"}},{"type":"Feature","geometry":{"type":"Point","coordinates":[-116.68890397659723,34.45243981010171]},"properties":{"id":"gnis-249641","name":"Soggy Lake","kind":"backcountry","county":"San Bernardino"}},{"type":"Feature","geometry":{"type":"Point","coordinates":[-120.86189986967644,36.29743948520035]},"properties":{"id":"gnis-249787","name":"Spanish Flats","kind":"backcountry","county":"San Benito"}},{"type":"Feature","geometry":{"type":"Point","coordinates":[-120.5754539771129,36.33082291958885]},"properties":{"id":"gnis-249788","name":"Spanish Lake","kind":"backcountry","county":"Fresno"}},{"type":"Feature","geometry":{"type":"Point","coordinates":[-116.07540880236198,33.929161963149646]},"properties":{"id":"gnis-249845","name":"Paac K\u00fc\u0331v\u00fc\u0331h\u00fc\u0331'k","kind":"backcountry","county":"Riverside"}},{"type":"Feature","geometry":{"type":"Point","coordinates":[-120.18949058387577,35.63631397233888]},"properties":{"id":"gnis-249927","name":"Still Lake","kind":"backcountry","county":"Kern"}},{"type":"Feature","geometry":{"type":"Point","coordinates":[-116.01751199422827,33.958900870282]},"properties":{"id":"gnis-249933","name":"Stirrup Tank","kind":"backcountry","county":"Riverside"}},{"type":"Feature","geometry":{"type":"Point","coordinates":[-118.48210916086012,33.43796565852579]},"properties":{"id":"gnis-250075","name":"Summit Reservoir","kind":"backcountry","county":"Los Angeles"}},{"type":"Feature","geometry":{"type":"Point","coordinates":[-116.69060878766537,33.274644081555294]},"properties":{"id":"gnis-250167","name":"Swan Lake","kind":"backcountry","county":"San Diego"}},{"type":"Feature","geometry":{"type":"Point","coordinates":[-117.55327417461305,33.98166531569072]},"properties":{"id":"gnis-250168","name":"Swan Lake","kind":"backcountry","county":"Riverside"}},{"type":"Feature","geometry":{"type":"Point","coordinates":[-115.54666567588376,33.51641954175321]},"properties":{"id":"gnis-250223","name":"Tabaseca Tank","kind":"backcountry","county":"Riverside"}},{"type":"Feature","geometry":{"type":"Point","coordinates":[-120.89795295500228,36.354878899012554]},"properties":{"id":"gnis-250252","name":"Lake Tanganyika","kind":"backcountry","county":"San Benito"}},{"type":"Feature","geometry":{"type":"Point","coordinates":[-117.6576503931638,33.52924757966913]},"properties":{"id":"gnis-250348","name":"Terminal Reservoir","kind":"backcountry","county":"Orange"}},{"type":"Feature","geometry":{"type":"Point","coordinates":[-121.42467991702989,36.27422655282158]},"properties":{"id":"gnis-250374","name":"The Dry Lake","kind":"backcountry","county":"Monterey"}},{"type":"Feature","geometry":{"type":"Point","coordinates":[-116.82386417532739,34.092094520397396]},"properties":{"id":"gnis-250412","name":"The Tarn","kind":"backcountry","county":"San Bernardino"}},{"type":"Feature","geometry":{"type":"Point","coordinates":[-118.49252924625335,35.15082633028316]},"properties":{"id":"gnis-250530","name":"Tom Sawyer Lake","kind":"backcountry","county":"Kern"}},{"type":"Feature","geometry":{"type":"Point","coordinates":[-116.6665228699083,33.418165055307405]},"properties":{"id":"gnis-250743","name":"Twin Lakes","kind":"backcountry","county":"San Diego"}},{"type":"Feature","geometry":{"type":"Point","coordinates":[-116.68271286940578,33.41860586972688]},"properties":{"id":"gnis-250744","name":"Twin Lakes","kind":"backcountry","county":"San Diego"}},{"type":"Feature","geometry":{"type":"Point","coordinates":[-116.03758856737888,33.98787468605916]},"properties":{"id":"gnis-250754","name":"Twin Tanks","kind":"backcountry","county":"Riverside"}},{"type":"Feature","geometry":{"type":"Point","coordinates":[-120.21426683357244,35.66178084978557]},"properties":{"id":"gnis-250758","name":"Twisselmann Lake","kind":"backcountry","county":"San Luis Obispo"}},{"type":"Feature","geometry":{"type":"Point","coordinates":[-118.46900698899778,33.426961628099065]},"properties":{"id":"gnis-250837","name":"Upper Buffalo Corral Reservoir","kind":"backcountry","county":"Los Angeles"}},{"type":"Feature","geometry":{"type":"Point","coordinates":[-118.45528028140046,34.12092898735487]},"properties":{"id":"gnis-250858","name":"Upper Stone Canyon Reservoir","kind":"backcountry","county":"Los Angeles"}},{"type":"Feature","geometry":{"type":"Point","coordinates":[-114.68367721703062,33.2018729965771]},"properties":{"id":"gnis-251137","name":"Walker Lake","kind":"backcountry","county":"Imperial"}},{"type":"Feature","geometry":{"type":"Point","coordinates":[-118.23019315585358,35.22443297610928]},"properties":{"id":"gnis-251293","name":"Weldon Pond","kind":"backcountry","county":"Kern"}},{"type":"Feature","geometry":{"type":"Point","coordinates":[-120.60904584744353,35.06581057304681]},"properties":{"id":"gnis-251472","name":"White Lake","kind":"backcountry","county":"San Luis Obispo"}},{"type":"Feature","geometry":{"type":"Point","coordinates":[-120.61551095157643,35.07905709801662]},"properties":{"id":"gnis-251620","name":"Willow Lake","kind":"backcountry","county":"San Luis Obispo"}},{"type":"Feature","geometry":{"type":"Point","coordinates":[-118.82534665528017,34.238359929404524]},"properties":{"id":"gnis-251775","name":"Wood Ranch Reservoir","kind":"backcountry","county":"Ventura"}},{"type":"Feature","geometry":{"type":"Point","coordinates":[-118.35216704024026,33.353521858536695]},"properties":{"id":"gnis-251826","name":"Wrigley Reservoir","kind":"backcountry","county":"Los Angeles"}},{"type":"Feature","geometry":{"type":"Point","coordinates":[-119.19630777723397,38.369257233381056]},"properties":{"id":"gnis-251930","name":"Murphy Pond","kind":"backcountry","county":"Mono"}},{"type":"Feature","geometry":{"type":"Point","coordinates":[-116.0164006901869,33.90112626389171]},"properties":{"id":"gnis-251943","name":"Grand Tank","kind":"backcountry","county":"Riverside"}},{"type":"Feature","geometry":{"type":"Point","coordinates":[-116.01519443152507,33.98562899074199]},"properties":{"id":"gnis-251944","name":"White Tank","kind":"backcountry","county":"Riverside"}},{"type":"Feature","geometry":{"type":"Point","coordinates":[-121.00865456989636,41.57807466047615]},"properties":{"id":"gnis-251970","name":"Stovepipe Flat","kind":"backcountry","county":"Modoc"}},{"type":"Feature","geometry":{"type":"Point","coordinates":[-120.61245362174519,41.52911622815304]},"properties":{"id":"gnis-251990","name":"Indian Spring Reservoir","kind":"backcountry","county":"Modoc"}},{"type":"Feature","geometry":{"type":"Point","coordinates":[-120.69202053080022,41.526904624706525]},"properties":{"id":"gnis-251997","name":"Kelley Reservoir","kind":"backcountry","county":"Modoc"}},{"type":"Feature","geometry":{"type":"Point","coordinates":[-122.95389975074376,39.051288704963866]},"properties":{"id":"gnis-252102","name":"Lakeport Lake","kind":"backcountry","county":"Lake"}},{"type":"Feature","geometry":{"type":"Point","coordinates":[-121.41459419626348,39.20974433517631]},"properties":{"id":"gnis-252105","name":"Marysville Lake","kind":"backcountry","county":"Yuba"}},{"type":"Feature","geometry":{"type":"Point","coordinates":[-121.57453687631998,40.45192200651542]},"properties":{"id":"gnis-252149","name":"Heart Lake","kind":"backcountry","county":"Shasta"}},{"type":"Feature","geometry":{"type":"Point","coordinates":[-118.704277503742,36.64717030137583]},"properties":{"id":"gnis-252154","name":"Little Lake","kind":"backcountry","county":"Tulare"}},{"type":"Feature","geometry":{"type":"Point","coordinates":[-121.35666210410206,40.48968690649532]},"properties":{"id":"gnis-252182","name":"Crater Pool","kind":"backcountry","county":"Shasta"}},{"type":"Feature","geometry":{"type":"Point","coordinates":[-123.90451302830999,40.777637951063184]},"properties":{"id":"gnis-252186","name":"Blue Lake","kind":"backcountry","county":"Humboldt"}},{"type":"Feature","geometry":{"type":"Point","coordinates":[-122.25656055931539,37.35269595203405]},"properties":{"id":"gnis-252203","name":"Pearsons Pond","kind":"backcountry","county":"San Mateo"}},{"type":"Feature","geometry":{"type":"Point","coordinates":[-119.33205912852307,37.79440500159547]},"properties":{"id":"gnis-252229","name":"Upper Fletcher Lake","kind":"backcountry","county":"Mariposa"}},{"type":"Feature","geometry":{"type":"Point","coordinates":[-119.69696589022783,38.096751832132234]},"properties":{"id":"gnis-252263","name":"Bear Lake","kind":"backcountry","county":"Tuolumne"}},{"type":"Feature","geometry":{"type":"Point","coordinates":[-119.33205912852307,37.79440500159547]},"properties":{"id":"gnis-252266","name":"Townsley Lake","kind":"backcountry","county":"Mariposa"}},{"type":"Feature","geometry":{"type":"Point","coordinates":[-119.46579448244815,37.58348586211478]},"properties":{"id":"gnis-252268","name":"Givens Lake","kind":"backcountry","county":"Madera"}},{"type":"Feature","geometry":{"type":"Point","coordinates":[-119.77511520027235,38.14807673848871]},"properties":{"id":"gnis-252433","name":"Coyote Lake","kind":"backcountry","county":"Tuolumne"}},{"type":"Feature","geometry":{"type":"Point","coordinates":[-119.7673345448469,38.13515621951889]},"properties":{"id":"gnis-252434","name":"Five Acre Lake","kind":"backcountry","county":"Tuolumne"}},{"type":"Feature","geometry":{"type":"Point","coordinates":[-119.77942667525826,38.1399721464419]},"properties":{"id":"gnis-252435","name":"Kole Lake","kind":"backcountry","county":"Tuolumne"}},{"type":"Feature","geometry":{"type":"Point","coordinates":[-119.44638729521971,38.146244243173896]},"properties":{"id":"gnis-252447","name":"Little Lake","kind":"backcountry","county":"Mono"}},{"type":"Feature","geometry":{"type":"Point","coordinates":[-119.44793063681044,38.120003066798]},"properties":{"id":"gnis-252449","name":"Robinson Lakes","kind":"backcountry","county":"Mono"}},{"type":"Feature","geometry":{"type":"Point","coordinates":[-119.34937814324601,38.062656056345524]},"properties":{"id":"gnis-252451","name":"Return Lake","kind":"backcountry","county":"Tuolumne"}},{"type":"Feature","geometry":{"type":"Point","coordinates":[-119.27262383149781,37.94621666543646]},"properties":{"id":"gnis-252455","name":"Fantail Lake","kind":"backcountry","county":"Mono"}},{"type":"Feature","geometry":{"type":"Point","coordinates":[-119.26464782304075,37.94019046237107]},"properties":{"id":"gnis-252457","name":"Shell Lake","kind":"backcountry","county":"Mono"}},{"type":"Feature","geometry":{"type":"Point","coordinates":[-119.53164810024464,37.735856956539116]},"properties":{"id":"gnis-252484","name":"Lost Lake","kind":"backcountry","county":"Mariposa"}},{"type":"Feature","geometry":{"type":"Point","coordinates":[-119.53646655652915,37.513024780502654]},"properties":{"id":"gnis-252496","name":"Dutchman Lake","kind":"backcountry","county":"Madera"}},{"type":"Feature","geometry":{"type":"Point","coordinates":[-123.11879686147603,40.333151612980615]},"properties":{"id":"gnis-252539","name":"Hell to Find Lake","kind":"backcountry","county":"Trinity"}},{"type":"Feature","geometry":{"type":"Point","coordinates":[-122.25873530875302,37.08839558805031]},"properties":{"id":"gnis-252548","name":"Laguna de las Trancas","kind":"backcountry","county":"Santa Cruz"}},{"type":"Feature","geometry":{"type":"Point","coordinates":[-123.676253000179,41.65637424260704]},"properties":{"id":"gnis-252549","name":"Solitaire Lake","kind":"backcountry","county":"Siskiyou"}},{"type":"Feature","geometry":{"type":"Point","coordinates":[-123.67636705567736,41.675059329896655]},"properties":{"id":"gnis-252553","name":"Lost Spoon Lake","kind":"backcountry","county":"Siskiyou"}},{"type":"Feature","geometry":{"type":"Point","coordinates":[-123.70991986546284,41.59376054247311]},"properties":{"id":"gnis-252555","name":"Flatiron Lake","kind":"backcountry","county":"Del Norte"}},{"type":"Feature","geometry":{"type":"Point","coordinates":[-120.39596737546194,41.7054720192199]},"properties":{"id":"gnis-252588","name":"Davis Creek Orchards Reservoir","kind":"backcountry","county":"Modoc"}},{"type":"Feature","geometry":{"type":"Point","coordinates":[-120.56794195299166,41.67081580478686]},"properties":{"id":"gnis-252591","name":"Stock Tank Five","kind":"backcountry","county":"Modoc"}},{"type":"Feature","geometry":{"type":"Point","coordinates":[-120.54541015032059,41.67517630717198]},"properties":{"id":"gnis-252592","name":"Stock Tank Two","kind":"backcountry","county":"Modoc"}},{"type":"Feature","geometry":{"type":"Point","coordinates":[-120.60449536040493,41.678306502090706]},"properties":{"id":"gnis-252593","name":"Stock Tank Eleven","kind":"backcountry","county":"Modoc"}},{"type":"Feature","geometry":{"type":"Point","coordinates":[-120.52095354904978,41.694433610676924]},"properties":{"id":"gnis-252594","name":"Stock Tank Ten","kind":"backcountry","county":"Modoc"}},{"type":"Feature","geometry":{"type":"Point","coordinates":[-120.54021535562761,41.717983910597205]},"properties":{"id":"gnis-252595","name":"Stock Tank Twelve","kind":"backcountry","county":"Modoc"}},{"type":"Feature","geometry":{"type":"Point","coordinates":[-120.54299115883869,41.73544131181572]},"properties":{"id":"gnis-252596","name":"Stock Tank Thirteen","kind":"backcountry","county":"Modoc"}},{"type":"Feature","geometry":{"type":"Point","coordinates":[-120.06522179050079,41.95590732915328]},"properties":{"id":"gnis-252606","name":"Ninemile Reservoir","kind":"backcountry","county":"Modoc"}},{"type":"Feature","geometry":{"type":"Point","coordinates":[-120.07417289235094,41.941318612301956]},"properties":{"id":"gnis-252607","name":"Schadler Reservoir","kind":"backcountry","county":"Modoc"}},{"type":"Feature","geometry":{"type":"Point","coordinates":[-120.14166354242904,41.94941611310161]},"properties":{"id":"gnis-252609","name":"Snow Lake","kind":"backcountry","county":"Modoc"}},{"type":"Feature","geometry":{"type":"Point","coordinates":[-120.15988345509254,41.902660768328545]},"properties":{"id":"gnis-252612","name":"Burger Reservoir","kind":"backcountry","county":"Modoc"}},{"type":"Feature","geometry":{"type":"Point","coordinates":[-121.77709165391838,41.39050357821426]},"properties":{"id":"gnis-253132","name":"Dry Lake","kind":"backcountry","county":"Siskiyou"}},{"type":"Feature","geometry":{"type":"Point","coordinates":[-121.29971701789275,41.33128021527522]},"properties":{"id":"gnis-253133","name":"Duck Hole","kind":"backcountry","county":"Modoc"}},{"type":"Feature","geometry":{"type":"Point","coordinates":[-122.44475297872647,38.73198568186671]},"properties":{"id":"gnis-253239","name":"Upper Bohn Lake","kind":"backcountry","county":"Napa"}},{"type":"Feature","geometry":{"type":"Point","coordinates":[-119.40734110511387,37.68297776545961]},"properties":{"id":"gnis-253411","name":"Adair Lake","kind":"backcountry","county":"Madera"}},{"type":"Feature","geometry":{"type":"Point","coordinates":[-119.37694949645764,37.59983300180951]},"properties":{"id":"gnis-253413","name":"Alpine Lake","kind":"backcountry","county":"Madera"}},{"type":"Feature","geometry":{"type":"Point","coordinates":[-119.70067082722552,38.09086917061723]},"properties":{"id":"gnis-253415","name":"Big Island Lake","kind":"backcountry","county":"Tuolumne"}},{"type":"Feature","geometry":{"type":"Point","coordinates":[-119.3659675453969,37.53241687746753]},"properties":{"id":"gnis-253427","name":"Burro Lake","kind":"backcountry","county":"Madera"}},{"type":"Feature","geometry":{"type":"Point","coordinates":[-119.5611201799013,38.24294715749751]},"properties":{"id":"gnis-253436","name":"Chain of Lakes","kind":"backcountry","county":"Mono"}},{"type":"Feature","geometry":{"type":"Point","coordinates":[-119.43751154854714,37.53580865876413]},"properties":{"id":"gnis-253440","name":"Chiquito Lake","kind":"backcountry","county":"Madera"}},{"type":"Feature","geometry":{"type":"Point","coordinates":[-119.5671150411358,38.18221526956574]},"properties":{"id":"gnis-253447","name":"Cora Lake","kind":"backcountry","county":"Mono"}},{"type":"Feature","geometry":{"type":"Point","coordinates":[-119.44410971742813,38.11219593952321]},"properties":{"id":"gnis-253450","name":"Crown Lake","kind":"backcountry","county":"Mono"}},{"type":"Feature","geometry":{"type":"Point","coordinates":[-119.40866977989441,37.817366224542965]},"properties":{"id":"gnis-253460","name":"Echo Lake","kind":"backcountry","county":"Mariposa"}},{"type":"Feature","geometry":{"type":"Point","coordinates":[-119.52361570813049,37.63159409662719]},"properties":{"id":"gnis-253461","name":"Edson Lake","kind":"backcountry","county":"Mariposa"}},{"type":"Feature","geometry":{"type":"Point","coordinates":[-119.32512819940631,37.80619580539343]},"properties":{"id":"gnis-253463","name":"Evelyn Lake","kind":"backcountry","county":"Tuolumne"}},{"type":"Feature","geometry":{"type":"Point","coordinates":[-119.70710434749132,38.11356109249396]},"properties":{"id":"gnis-253465","name":"Fawn Lake","kind":"backcountry","county":"Tuolumne"}},{"type":"Feature","geometry":{"type":"Point","coordinates":[-119.80791359769569,38.049694006579514]},"properties":{"id":"gnis-253468","name":"Flora Lake","kind":"backcountry","county":"Tuolumne"}},{"type":"Feature","geometry":{"type":"Point","coordinates":[-119.3643920557971,37.62082549494754]},"properties":{"id":"gnis-253472","name":"Frying Pan Lake","kind":"backcountry","county":"Madera"}},{"type":"Feature","geometry":{"type":"Point","coordinates":[-119.38165061390141,37.56095251615921]},"properties":{"id":"gnis-253473","name":"Gale Lake","kind":"backcountry","county":"Madera"}},{"type":"Feature","geometry":{"type":"Point","coordinates":[-119.32751115856387,37.7751894032325]},"properties":{"id":"gnis-253474","name":"Gallison Lake","kind":"backcountry","county":"Mariposa"}},{"type":"Feature","geometry":{"type":"Point","coordinates":[-119.402787030204,38.11575972829574]},"properties":{"id":"gnis-253477","name":"Glacier Lake","kind":"backcountry","county":"Mono"}},{"type":"Feature","geometry":{"type":"Point","coordinates":[-119.53919374291705,37.8865564193094]},"properties":{"id":"gnis-253485","name":"Grant Lakes","kind":"backcountry","county":"Mariposa"}},{"type":"Feature","geometry":{"type":"Point","coordinates":[-119.44841888643873,37.661143032968624]},"properties":{"id":"gnis-253489","name":"Grayling Lake","kind":"backcountry","county":"Madera"}},{"type":"Feature","geometry":{"type":"Point","coordinates":[-119.6035615759797,38.19620119064741]},"properties":{"id":"gnis-253493","name":"Grizzly Lake","kind":"backcountry","county":"Mono"}},{"type":"Feature","geometry":{"type":"Point","coordinates":[-119.56937557788645,38.18626098068554]},"properties":{"id":"gnis-253502","name":"Lake Harriet","kind":"backcountry","county":"Mono"}},{"type":"Feature","geometry":{"type":"Point","coordinates":[-119.4339491157946,37.3241835767763]},"properties":{"id":"gnis-253503","name":"Haskell Meadow","kind":"backcountry","county":"Madera"}},{"type":"Feature","geometry":{"type":"Point","coordinates":[-119.56655516344003,38.17293003271668]},"properties":{"id":"gnis-253505","name":"Lake Helen","kind":"backcountry","county":"Mono"}},{"type":"Feature","geometry":{"type":"Point","coordinates":[-119.49586000894448,37.80519861865669]},"properties":{"id":"gnis-253508","name":"Hidden Lake","kind":"backcountry","county":"Mariposa"}},{"type":"Feature","geometry":{"type":"Point","coordinates":[-119.52999804149312,37.493125222065515]},"properties":{"id":"gnis-253511","name":"Hoggem Lake","kind":"backcountry","county":"Madera"}},{"type":"Feature","geometry":{"type":"Point","coordinates":[-119.47843949267924,37.60825424569719]},"properties":{"id":"gnis-253513","name":"Hoover Lakes","kind":"backcountry","county":"Madera"}},{"type":"Feature","geometry":{"type":"Point","coordinates":[-119.36445791578211,37.540283069520775]},"properties":{"id":"gnis-253521","name":"Lady Lake","kind":"backcountry","county":"Madera"}},{"type":"Feature","geometry":{"type":"Point","coordinates":[-119.56198071204457,38.14377019850827]},"properties":{"id":"gnis-253538","name":"Mary Lake","kind":"backcountry","county":"Tuolumne"}},{"type":"Feature","geometry":{"type":"Point","coordinates":[-119.33551885958413,37.99157705176494]},"properties":{"id":"gnis-253541","name":"McCabe Lakes","kind":"backcountry","county":"Tuolumne"}},{"type":"Feature","geometry":{"type":"Point","coordinates":[-119.43031498670258,37.902303063950626]},"properties":{"id":"gnis-253543","name":"McGee Lake","kind":"backcountry","county":"Tuolumne"}},{"type":"Feature","geometry":{"type":"Point","coordinates":[-119.79865428476984,38.13441950625255]},"properties":{"id":"gnis-253566","name":"Pingree Lake","kind":"backcountry","county":"Tuolumne"}},{"type":"Feature","geometry":{"type":"Point","coordinates":[-119.37179083200537,37.57639691135684]},"properties":{"id":"gnis-253573","name":"Ruth Lake","kind":"backcountry","county":"Madera"}},{"type":"Feature","geometry":{"type":"Point","coordinates":[-119.37174715681456,37.59809927037356]},"properties":{"id":"gnis-253574","name":"Rutherford Lake","kind":"backcountry","county":"Madera"}},{"type":"Feature","geometry":{"type":"Point","coordinates":[-119.37637319396522,37.55969734304084]},"properties":{"id":"gnis-253580","name":"Shirley Lake","kind":"backcountry","county":"Madera"}},{"type":"Feature","geometry":{"type":"Point","coordinates":[-119.35848838703865,37.61702639071794]},"properties":{"id":"gnis-253584","name":"Slab Lakes","kind":"backcountry","county":"Madera"}},{"type":"Feature","geometry":{"type":"Point","coordinates":[-119.28527154386124,37.94857597319979]},"properties":{"id":"gnis-253604","name":"Spuller Lake","kind":"backcountry","county":"Mono"}},{"type":"Feature","geometry":{"type":"Point","coordinates":[-119.35916457410585,37.555521317271825]},"properties":{"id":"gnis-253606","name":"Staniford Lakes","kind":"backcountry","county":"Madera"}},{"type":"Feature","geometry":{"type":"Point","coordinates":[-119.34141218693699,37.57559532924853]},"properties":{"id":"gnis-253622","name":"Twin Lakes","kind":"backcountry","county":"Madera"}},{"type":"Feature","geometry":{"type":"Point","coordinates":[-119.36454389892788,37.62296286388702]},"properties":{"id":"gnis-253626","name":"Walton Lake","kind":"backcountry","county":"Madera"}},{"type":"Feature","geometry":{"type":"Point","coordinates":[-121.38810333667558,40.48347293219796]},"properties":{"id":"gnis-253666","name":"Deer Lake","kind":"backcountry","county":"Shasta"}},{"type":"Feature","geometry":{"type":"Point","coordinates":[-120.35780157565704,39.39070606194349]},"properties":{"id":"gnis-253673","name":"Devils Oven Lake","kind":"backcountry","county":"Nevada"}},{"type":"Feature","geometry":{"type":"Point","coordinates":[-120.80218714953527,40.018231153298466]},"properties":{"id":"gnis-253674","name":"Devils Punchbowl","kind":"backcountry","county":"Plumas"}},{"type":"Feature","geometry":{"type":"Point","coordinates":[-119.46794658356086,38.036096056393774]},"properties":{"id":"gnis-253684","name":"Doe Lake","kind":"backcountry","county":"Tuolumne"}},{"type":"Feature","geometry":{"type":"Point","coordinates":[-119.58927273232199,38.176398927489494]},"properties":{"id":"gnis-253687","name":"Dorothy Lake","kind":"backcountry","county":"Tuolumne"}},{"type":"Feature","geometry":{"type":"Point","coordinates":[-121.42740665426017,40.43001218701177]},"properties":{"id":"gnis-253690","name":"Drake Lake","kind":"backcountry","county":"Plumas"}},{"type":"Feature","geometry":{"type":"Point","coordinates":[-121.39294405500947,40.49657431522025]},"properties":{"id":"gnis-253713","name":"Echo Lake","kind":"backcountry","county":"Shasta"}},{"type":"Feature","geometry":{"type":"Point","coordinates":[-119.38210899095323,37.64348042089119]},"properties":{"id":"gnis-253715","name":"Edna Lake","kind":"backcountry","county":"Madera"}},{"type":"Feature","geometry":{"type":"Point","coordinates":[-119.54239635907582,37.72770914827438]},"properties":{"id":"gnis-253729","name":"Emerald Pool","kind":"backcountry","county":"Mariposa"}},{"type":"Feature","geometry":{"type":"Point","coordinates":[-120.93806061600743,38.36900554952484]},"properties":{"id":"gnis-253790","name":"Preston Reservoir","kind":"backcountry","county":"Amador"}},{"type":"Feature","geometry":{"type":"Point","coordinates":[-119.57007648030203,37.99624190436645]},"properties":{"id":"gnis-253809","name":"Saddle Horse Lake","kind":"backcountry","county":"Tuolumne"}},{"type":"Feature","geometry":{"type":"Point","coordinates":[-121.46898038826686,40.4798723993874]},"properties":{"id":"gnis-253843","name":"Shadow Lake","kind":"backcountry","county":"Shasta"}},{"type":"Feature","geometry":{"type":"Point","coordinates":[-119.45480822666055,38.02422006305743]},"properties":{"id":"gnis-253845","name":"Shamrock Lake","kind":"backcountry","county":"Tuolumne"}},{"type":"Feature","geometry":{"type":"Point","coordinates":[-121.4475612865174,40.44987784082584]},"properties":{"id":"gnis-253853","name":"Sifford Lakes","kind":"backcountry","county":"Shasta"}},{"type":"Feature","geometry":{"type":"Point","coordinates":[-121.38711980720365,40.52798236295801]},"properties":{"id":"gnis-253854","name":"Silver Lake","kind":"backcountry","county":"Shasta"}},{"type":"Feature","geometry":{"type":"Point","coordinates":[-119.2538248800735,37.89402009375281]},"properties":{"id":"gnis-253875","name":"Dana Meadows","kind":"backcountry","county":"Tuolumne"}},{"type":"Feature","geometry":{"type":"Point","coordinates":[-121.38034527657449,40.55161288308162]},"properties":{"id":"gnis-253906","name":"Soap Lake","kind":"backcountry","county":"Shasta"}},{"type":"Feature","geometry":{"type":"Point","coordinates":[-119.4055795663339,37.551713087711185]},"properties":{"id":"gnis-253922","name":"Spotted Lakes","kind":"backcountry","county":"Madera"}},{"type":"Feature","geometry":{"type":"Point","coordinates":[-119.50986715709871,37.71753159864711]},"properties":{"id":"gnis-253926","name":"Starr King Lake","kind":"backcountry","county":"Mariposa"}},{"type":"Feature","geometry":{"type":"Point","coordinates":[-119.48880420322345,38.02224857733258]},"properties":{"id":"gnis-253950","name":"Surprise Lake","kind":"backcountry","county":"Tuolumne"}},{"type":"Feature","geometry":{"type":"Point","coordinates":[-122.22614230393285,38.076529905506995]},"properties":{"id":"gnis-253953","name":"Swanzy Reservoir","kind":"backcountry","county":"Solano"}},{"type":"Feature","geometry":{"type":"Point","coordinates":[-119.56281568981298,37.98355759345754]},"properties":{"id":"gnis-253957","name":"Table Lake","kind":"backcountry","county":"Tuolumne"}},{"type":"Feature","geometry":{"type":"Point","coordinates":[-119.45114929418524,38.030837105465444]},"properties":{"id":"gnis-253961","name":"Tallulah Lake","kind":"backcountry","county":"Tuolumne"}},{"type":"Feature","geometry":{"type":"Point","coordinates":[-122.81312416698636,41.04566070870058]},"properties":{"id":"gnis-253964","name":"Tapie Lake","kind":"backcountry","county":"Trinity"}},{"type":"Feature","geometry":{"type":"Point","coordinates":[-118.16833905150104,34.723867053221475]},"properties":{"id":"gnis-254165","name":"Pond Two","kind":"backcountry","county":"Los Angeles"}},{"type":"Feature","geometry":{"type":"Point","coordinates":[-120.09536354084555,35.52057821354798]},"properties":{"id":"gnis-254166","name":"Poso Ortega","kind":"backcountry","county":"San Luis Obispo"}},{"type":"Feature","geometry":{"type":"Point","coordinates":[-118.74576367177143,35.03502903057637]},"properties":{"id":"gnis-254327","name":"Tejon Reservoir Number One","kind":"backcountry","county":"Kern"}},{"type":"Feature","geometry":{"type":"Point","coordinates":[-118.71790833235241,35.02212809032319]},"properties":{"id":"gnis-254328","name":"Tejon Reservoir Number Two","kind":"backcountry","county":"Kern"}},{"type":"Feature","geometry":{"type":"Point","coordinates":[-119.50450657293015,38.07570239318213]},"properties":{"id":"gnis-254574","name":"Arndt Lake","kind":"backcountry","county":"Tuolumne"}},{"type":"Feature","geometry":{"type":"Point","coordinates":[-119.39652330320497,37.75709845746108]},"properties":{"id":"gnis-254581","name":"Babcock Lake","kind":"backcountry","county":"Mariposa"}},{"type":"Feature","geometry":{"type":"Point","coordinates":[-119.70227635738672,38.0620716919505]},"properties":{"id":"gnis-254595","name":"Bearup Lake","kind":"backcountry","county":"Tuolumne"}},{"type":"Feature","geometry":{"type":"Point","coordinates":[-121.27472691436122,41.35978125244242]},"properties":{"id":"gnis-254601","name":"Ben Eberli Waterhole","kind":"backcountry","county":"Modoc"}},{"type":"Feature","geometry":{"type":"Point","coordinates":[-123.80059701039104,40.065706110881656]},"properties":{"id":"gnis-254602","name":"Benbow Lake","kind":"backcountry","county":"Humboldt"}},{"type":"Feature","geometry":{"type":"Point","coordinates":[-121.43676403985882,40.45297883513447]},"properties":{"id":"gnis-254603","name":"Bench Lake","kind":"backcountry","county":"Shasta"}},{"type":"Feature","geometry":{"type":"Point","coordinates":[-119.33254381992448,37.76621840057403]},"properties":{"id":"gnis-254608","name":"Bernice Lake","kind":"backcountry","county":"Mariposa"}},{"type":"Feature","geometry":{"type":"Point","coordinates":[-121.40073136605285,40.52540373957987]},"properties":{"id":"gnis-254614","name":"Big Bear Lake","kind":"backcountry","county":"Shasta"}},{"type":"Feature","geometry":{"type":"Point","coordinates":[-119.66549714495208,38.29774594141251]},"properties":{"id":"gnis-254630","name":"Blue Canyon Lake","kind":"backcountry","county":"Tuolumne"}},{"type":"Feature","geometry":{"type":"Point","coordinates":[-121.39716308347117,40.435583276589185]},"properties":{"id":"gnis-254641","name":"Boiling Springs Lake","kind":"backcountry","county":"Plumas"}},{"type":"Feature","geometry":{"type":"Point","coordinates":[-121.57194569217117,40.721176242195874]},"properties":{"id":"gnis-254658","name":"Box Lake","kind":"backcountry","county":"Shasta"}},{"type":"Feature","geometry":{"type":"Point","coordinates":[-119.3919670822199,37.57606842896653]},"properties":{"id":"gnis-254661","name":"Breeze Lake","kind":"backcountry","county":"Madera"}},{"type":"Feature","geometry":{"type":"Point","coordinates":[-119.39568313047931,37.84161395263623]},"properties":{"id":"gnis-254673","name":"Budd Lake","kind":"backcountry","county":"Tuolumne"}},{"type":"Feature","geometry":{"type":"Point","coordinates":[-121.35978777147189,39.996783926002735]},"properties":{"id":"gnis-254697","name":"Campbell Lake","kind":"backcountry","county":"Plumas"}},{"type":"Feature","geometry":{"type":"Point","coordinates":[-119.40647303610537,37.56941137286055]},"properties":{"id":"gnis-254736","name":"Chain Lakes","kind":"backcountry","county":"Madera"}},{"type":"Feature","geometry":{"type":"Point","coordinates":[-121.45610802162389,40.47705107313676]},"properties":{"id":"gnis-254749","name":"Cliff Lake","kind":"backcountry","county":"Shasta"}},{"type":"Feature","geometry":{"type":"Point","coordinates":[-121.4837631391425,40.4564348715167]},"properties":{"id":"gnis-254759","name":"Cold Boiling Lake","kind":"backcountry","county":"Shasta"}},{"type":"Feature","geometry":{"type":"Point","coordinates":[-121.489472451101,40.44736439630428]},"properties":{"id":"gnis-254799","name":"Crumbaugh Lake","kind":"backcountry","county":"Shasta"}},{"type":"Feature","geometry":{"type":"Point","coordinates":[-120.38262803578819,39.29786487908533]},"properties":{"id":"gnis-254806","name":"Ice Lakes","kind":"backcountry","county":"Placer"}},{"type":"Feature","geometry":{"type":"Point","coordinates":[-119.30455408714909,37.788782314355025]},"properties":{"id":"gnis-254818","name":"Ireland Lake","kind":"backcountry","county":"Tuolumne"}},{"type":"Feature","geometry":{"type":"Point","coordinates":[-119.55990104209327,37.98920373527805]},"properties":{"id":"gnis-254821","name":"Irwin Bright Lake","kind":"backcountry","county":"Tuolumne"}},{"type":"Feature","geometry":{"type":"Point","coordinates":[-120.94134205394248,38.329919400266725]},"properties":{"id":"gnis-254867","name":"Lake Flint","kind":"backcountry","county":"Amador"}},{"type":"Feature","geometry":{"type":"Point","coordinates":[-120.1971991980087,41.38024083214212]},"properties":{"id":"gnis-254911","name":"Lindemenn Lake","kind":"backcountry","county":"Modoc"}},{"type":"Feature","geometry":{"type":"Point","coordinates":[-120.04169590674637,38.43660795110484]},"properties":{"id":"gnis-254913","name":"Lion Lake","kind":"backcountry","county":"Calaveras"}},{"type":"Feature","geometry":{"type":"Point","coordinates":[-121.40689786569375,40.52314115889006]},"properties":{"id":"gnis-254916","name":"Little Bear Lake","kind":"backcountry","county":"Shasta"}},{"type":"Feature","geometry":{"type":"Point","coordinates":[-123.01481605166892,41.0182856412349]},"properties":{"id":"gnis-254925","name":"Little South Fork Lake","kind":"backcountry","county":"Siskiyou"}},{"type":"Feature","geometry":{"type":"Point","coordinates":[-121.3898269333129,40.411370801300485]},"properties":{"id":"gnis-254928","name":"Little Willow Lake","kind":"backcountry","county":"Plumas"}},{"type":"Feature","geometry":{"type":"Point","coordinates":[-119.9037384395449,38.1511087132733]},"properties":{"id":"gnis-254958","name":"Mud Lake","kind":"backcountry","county":"Tuolumne"}},{"type":"Feature","geometry":{"type":"Point","coordinates":[-119.50508660522765,38.00289635165611]},"properties":{"id":"gnis-254961","name":"Murdock Lake","kind":"backcountry","county":"Tuolumne"}},{"type":"Feature","geometry":{"type":"Point","coordinates":[-119.50454521486041,37.98720332456271]},"properties":{"id":"gnis-254966","name":"Neall Lake","kind":"backcountry","county":"Tuolumne"}},{"type":"Feature","geometry":{"type":"Point","coordinates":[-120.23161991780087,38.91516712211108]},"properties":{"id":"gnis-254977","name":"Lake Number Five","kind":"backcountry","county":"El Dorado"}},{"type":"Feature","geometry":{"type":"Point","coordinates":[-120.21825179880037,38.90885677201257]},"properties":{"id":"gnis-254978","name":"Lake Number Nine","kind":"backcountry","county":"El Dorado"}},{"type":"Feature","geometry":{"type":"Point","coordinates":[-119.4154485865043,37.70395514005884]},"properties":{"id":"gnis-254995","name":"Obelisk Lake","kind":"backcountry","county":"Mariposa"}},{"type":"Feature","geometry":{"type":"Point","coordinates":[-119.47389735907446,38.07384971959697]},"properties":{"id":"gnis-255042","name":"Rock Island Lake","kind":"backcountry","county":"Tuolumne"}},{"type":"Feature","geometry":{"type":"Point","coordinates":[-119.4942613517935,37.99527364898489]},"properties":{"id":"gnis-255048","name":"Rodgers Lake","kind":"backcountry","county":"Tuolumne"}},{"type":"Feature","geometry":{"type":"Point","coordinates":[-120.12156832115141,37.159132398843774]},"properties":{"id":"gnis-255066","name":"Berenda Slough","kind":"backcountry","county":"Madera"}},{"type":"Feature","geometry":{"type":"Point","coordinates":[-120.51360422689454,38.11704929625096]},"properties":{"id":"gnis-255120","name":"Ross Reservoir","kind":"backcountry","county":"Calaveras"}},{"type":"Feature","geometry":{"type":"Point","coordinates":[-121.58948493876747,38.14925463329736]},"properties":{"id":"gnis-255134","name":"The Oxbow","kind":"backcountry","county":"Sacramento"}},{"type":"Feature","geometry":{"type":"Point","coordinates":[-119.3770268701497,37.87756511002259]},"properties":{"id":"gnis-255168","name":"Tuolumne Meadows","kind":"backcountry","county":"Tuolumne"}},{"type":"Feature","geometry":{"type":"Point","coordinates":[-119.32321292384692,37.99571182732776]},"properties":{"id":"gnis-255183","name":"Upper McCabe Lake","kind":"backcountry","county":"Tuolumne"}},{"type":"Feature","geometry":{"type":"Point","coordinates":[-119.42731265891953,37.96186948837032]},"properties":{"id":"gnis-255197","name":"Virginia Lake","kind":"backcountry","county":"Tuolumne"}},{"type":"Feature","geometry":{"type":"Point","coordinates":[-119.64151703346417,38.071097885730396]},"properties":{"id":"gnis-255238","name":"Wilma Lake","kind":"backcountry","county":"Tuolumne"}},{"type":"Feature","geometry":{"type":"Point","coordinates":[-118.73682264812045,36.460038105030634]},"properties":{"id":"gnis-255681","name":"Oriole Lake","kind":"backcountry","county":"Tulare"}},{"type":"Feature","geometry":{"type":"Point","coordinates":[-117.33797791401024,33.24266623807434]},"properties":{"id":"gnis-255864","name":"Whelan Lake","kind":"backcountry","county":"San Diego"}},{"type":"Feature","geometry":{"type":"Point","coordinates":[-117.92507282016075,33.88974135444261]},"properties":{"id":"gnis-255959","name":"Brea Reservoir","kind":"backcountry","county":"Orange"}},{"type":"Feature","geometry":{"type":"Point","coordinates":[-118.69870976447565,34.064734031817366]},"properties":{"id":"gnis-256062","name":"Malibu Reservoir","kind":"backcountry","county":"Los Angeles"}},{"type":"Feature","geometry":{"type":"Point","coordinates":[-123.18659849483075,41.41649735503569]},"properties":{"id":"gnis-256097","name":"Abbott Lake","kind":"backcountry","county":"Siskiyou"}},{"type":"Feature","geometry":{"type":"Point","coordinates":[-122.35541196369732,41.336876943998405]},"properties":{"id":"gnis-256102","name":"Abrams Lake","kind":"backcountry","county":"Siskiyou"}},{"type":"Feature","geometry":{"type":"Point","coordinates":[-120.93560346139729,41.33635434680528]},"properties":{"id":"gnis-256122","name":"Adin Summit Pond","kind":"backcountry","county":"Modoc"}},{"type":"Feature","geometry":{"type":"Point","coordinates":[-118.64321563801157,37.970173236025026]},"properties":{"id":"gnis-256128","name":"Adobe Lake","kind":"backcountry","county":"Mono"}},{"type":"Feature","geometry":{"type":"Point","coordinates":[-118.73188980845251,37.875943672296714]},"properties":{"id":"gnis-256129","name":"Adobe Reservoir","kind":"backcountry","county":"Mono"}},{"type":"Feature","geometry":{"type":"Point","coordinates":[-119.09818182442768,37.685046076979134]},"properties":{"id":"gnis-256137","name":"Agnew Meadows","kind":"backcountry","county":"Madera"}},{"type":"Feature","geometry":{"type":"Point","coordinates":[-120.49368328327363,41.837216772036406]},"properties":{"id":"gnis-256144","name":"Ake Reservoir","kind":"backcountry","county":"Modoc"}},{"type":"Feature","geometry":{"type":"Point","coordinates":[-122.96957652205813,41.343943926082254]},"properties":{"id":"gnis-256151","name":"Albert Lake","kind":"backcountry","county":"Siskiyou"}},{"type":"Feature","geometry":{"type":"Point","coordinates":[-121.38271901093238,40.807982410910896]},"properties":{"id":"gnis-256153","name":"Alcohol Jacks Reservoir","kind":"backcountry","county":"Shasta"}},{"type":"Feature","geometry":{"type":"Point","coordinates":[-120.81633047420175,39.20401355216396]},"properties":{"id":"gnis-256209","name":"Lake Alta","kind":"backcountry","county":"Placer"}},{"type":"Feature","geometry":{"type":"Point","coordinates":[-120.13553223159445,38.85573345318117]},"properties":{"id":"gnis-256225","name":"American Lake","kind":"backcountry","county":"El Dorado"}},{"type":"Feature","geometry":{"type":"Point","coordinates":[-123.11927601476374,41.52751707121654]},"properties":{"id":"gnis-256253","name":"Angel Lake","kind":"backcountry","county":"Siskiyou"}},{"type":"Feature","geometry":{"type":"Point","coordinates":[-120.32644954219793,39.32408217385067]},"properties":{"id":"gnis-256256","name":"Lake Angela","kind":"backcountry","county":"Nevada"}},{"type":"Feature","geometry":{"type":"Point","coordinates":[-122.87641444840781,40.92975470028722]},"properties":{"id":"gnis-256263","name":"Lake Anna","kind":"backcountry","county":"Trinity"}},{"type":"Feature","geometry":{"type":"Point","coordinates":[-119.14869131526287,37.609204034933974]},"properties":{"id":"gnis-256266","name":"Anona Lake","kind":"backcountry","county":"Madera"}},{"type":"Feature","geometry":{"type":"Point","coordinates":[-121.98194055807255,41.47079292839576]},"properties":{"id":"gnis-256272","name":"Antelope Creek Lakes","kind":"backcountry","county":"Siskiyou"}},{"type":"Feature","geometry":{"type":"Point","coordinates":[-118.5704999316935,37.891431139755554]},"properties":{"id":"gnis-256273","name":"Antelope Lake","kind":"backcountry","county":"Mono"}},{"type":"Feature","geometry":{"type":"Point","coordinates":[-120.78356194037175,41.581214654038746]},"properties":{"id":"gnis-256279","name":"Antelope Reservoir","kind":"backcountry","county":"Modoc"}},{"type":"Feature","geometry":{"type":"Point","coordinates":[-123.2149776921976,40.03828110833575]},"properties":{"id":"gnis-256295","name":"Antone Lake","kind":"backcountry","county":"Trinity"}},{"type":"Feature","geometry":{"type":"Point","coordinates":[-118.94835882415029,37.42560276985825]},"properties":{"id":"gnis-256330","name":"Arrowhead Lake","kind":"backcountry","county":"Fresno"}},{"type":"Feature","geometry":{"type":"Point","coordinates":[-121.82628947238642,40.7292562844318]},"properties":{"id":"gnis-256333","name":"Arthur Lake","kind":"backcountry","county":"Shasta"}},{"type":"Feature","geometry":{"type":"Point","coordinates":[-119.769895240175,38.50322452904173]},"properties":{"id":"gnis-256340","name":"Asa Lake","kind":"backcountry","county":"Alpine"}},{"type":"Feature","geometry":{"type":"Point","coordinates":[-119.15617219928474,37.61692719948295]},"properties":{"id":"gnis-256346","name":"Ashley Lake","kind":"backcountry","county":"Madera"}},{"type":"Feature","geometry":{"type":"Point","coordinates":[-123.10806694085308,41.56491426729383]},"properties":{"id":"gnis-256355","name":"Aspen Lake","kind":"backcountry","county":"Siskiyou"}},{"type":"Feature","geometry":{"type":"Point","coordinates":[-120.04391992248914,38.81893773985902]},"properties":{"id":"gnis-256375","name":"Lake Audrian","kind":"backcountry","county":"El Dorado"}},{"type":"Feature","geometry":{"type":"Point","coordinates":[-119.39111926213623,38.11493854674633]},"properties":{"id":"gnis-256380","name":"Avalanche Lake","kind":"backcountry","county":"Mono"}},{"type":"Feature","geometry":{"type":"Point","coordinates":[-120.12342869168067,38.83337072113635]},"properties":{"id":"gnis-256381","name":"Avalanche Lake","kind":"backcountry","county":"El Dorado"}},{"type":"Feature","geometry":{"type":"Point","coordinates":[-120.7937442426076,41.78735198694342]},"properties":{"id":"gnis-256384","name":"Avanzino Reservoir","kind":"backcountry","county":"Modoc"}},{"type":"Feature","geometry":{"type":"Point","coordinates":[-120.3286588067054,39.334838050369974]},"properties":{"id":"gnis-256389","name":"Azalea Lake","kind":"backcountry","county":"Nevada"}},{"type":"Feature","geometry":{"type":"Point","coordinates":[-123.30051178539323,41.96990497399087]},"properties":{"id":"gnis-256390","name":"Azalea Lake","kind":"backcountry","county":"Siskiyou"}},{"type":"Feature","geometry":{"type":"Point","coordinates":[-121.6753793381387,40.67657941650536]},"properties":{"id":"gnis-256406","name":"Backbone Lake","kind":"backcountry","county":"Shasta"}},{"type":"Feature","geometry":{"type":"Point","coordinates":[-119.14931785963081,37.727236170975]},"properties":{"id":"gnis-256420","name":"Badger Lakes","kind":"backcountry","county":"Madera"}},{"type":"Feature","geometry":{"type":"Point","coordinates":[-121.37301845003056,40.79711726793553]},"properties":{"id":"gnis-256435","name":"Bainbridge Reservoir","kind":"backcountry","county":"Shasta"}},{"type":"Feature","geometry":{"type":"Point","coordinates":[-121.37779240287756,40.64770555031444]},"properties":{"id":"gnis-256446","name":"Baker Lake","kind":"backcountry","county":"Shasta"}},{"type":"Feature","geometry":{"type":"Point","coordinates":[-121.24500606964278,41.920978586110394]},"properties":{"id":"gnis-256449","name":"Baker Reservoir","kind":"backcountry","county":"Modoc"}},{"type":"Feature","geometry":{"type":"Point","coordinates":[-121.24681370367496,39.94156819708964]},"properties":{"id":"gnis-256451","name":"Bald Eagle Lake","kind":"backcountry","county":"Plumas"}},{"type":"Feature","geometry":{"type":"Point","coordinates":[-121.32320227264346,41.14287594000393]},"properties":{"id":"gnis-256479","name":"Baldy Reservoir","kind":"backcountry","county":"Lassen"}},{"type":"Feature","geometry":{"type":"Point","coordinates":[-122.97880700624987,39.590616296871225]},"properties":{"id":"gnis-256531","name":"Barley Lake","kind":"backcountry","county":"Mendocino"}},{"type":"Feature","geometry":{"type":"Point","coordinates":[-121.00137138350895,40.74337729519525]},"properties":{"id":"gnis-256552","name":"Barrell Pit Reservoir","kind":"backcountry","county":"Lassen"}},{"type":"Feature","geometry":{"type":"Point","coordinates":[-121.0487478084496,41.8632114225108]},"properties":{"id":"gnis-256560","name":"Barry Tank","kind":"backcountry","county":"Modoc"}},{"type":"Feature","geometry":{"type":"Point","coordinates":[-121.29790968928779,40.570314265886985]},"properties":{"id":"gnis-256590","name":"Bathtub Lake","kind":"backcountry","county":"Lassen"}},{"type":"Feature","geometry":{"type":"Point","coordinates":[-118.73073241904044,37.3728258895274]},"properties":{"id":"gnis-256672","name":"Bear Lake","kind":"backcountry","county":"Inyo"}},{"type":"Feature","geometry":{"type":"Point","coordinates":[-119.86422878702442,38.175425484167135]},"properties":{"id":"gnis-256673","name":"Bear Lake","kind":"backcountry","county":"Tuolumne"}},{"type":"Feature","geometry":{"type":"Point","coordinates":[-120.22825141245352,39.04934308153179]},"properties":{"id":"gnis-256674","name":"Bear Lake","kind":"backcountry","county":"Placer"}},{"type":"Feature","geometry":{"type":"Point","coordinates":[-121.68231257592572,39.917622471400854]},"properties":{"id":"gnis-256675","name":"Bear Lake","kind":"backcountry","county":"Butte"}},{"type":"Feature","geometry":{"type":"Point","coordinates":[-121.3948170217156,39.99364791532674]},"properties":{"id":"gnis-256676","name":"Bear Lake","kind":"backcountry","county":"Plumas"}},{"type":"Feature","geometry":{"type":"Point","coordinates":[-121.72604603055534,41.271493417534366]},"properties":{"id":"gnis-256677","name":"Bear Lake","kind":"backcountry","county":"Siskiyou"}},{"type":"Feature","geometry":{"type":"Point","coordinates":[-123.22284769136628,41.62919229515236]},"properties":{"id":"gnis-256678","name":"Bear Lake","kind":"backcountry","county":"Siskiyou"}},{"type":"Feature","geometry":{"type":"Point","coordinates":[-119.9092398615837,38.09198315523234]},"properties":{"id":"gnis-256682","name":"Bear Meadow","kind":"backcountry","county":"Tuolumne"}},{"type":"Feature","geometry":{"type":"Point","coordinates":[-118.88595321979031,37.352463904036014]},"properties":{"id":"gnis-256712","name":"Bear Twin Lakes","kind":"backcountry","county":"Fresno"}},{"type":"Feature","geometry":{"type":"Point","coordinates":[-123.65480297302757,41.950397952176466]},"properties":{"id":"gnis-256730","name":"Bear Wallow","kind":"backcountry","county":"Del Norte"}},{"type":"Feature","geometry":{"type":"Point","coordinates":[-123.71816812812966,41.681773338729975]},"properties":{"id":"gnis-256740","name":"Bear Wallows","kind":"backcountry","county":"Del Norte"}},{"type":"Feature","geometry":{"type":"Point","coordinates":[-120.23588349371751,38.85583884420334]},"properties":{"id":"gnis-256758","name":"Beauty Lake","kind":"backcountry","county":"El Dorado"}},{"type":"Feature","geometry":{"type":"Point","coordinates":[-120.72472339239309,41.950678430659046]},"properties":{"id":"gnis-256770","name":"Beaver Mountain Reservoir","kind":"backcountry","county":"Modoc"}},{"type":"Feature","geometry":{"type":"Point","coordinates":[-119.15687623232911,37.637493344402806]},"properties":{"id":"gnis-256772","name":"Beck Lakes","kind":"backcountry","county":"Madera"}},{"type":"Feature","geometry":{"type":"Point","coordinates":[-123.72896731514923,41.28767797475051]},"properties":{"id":"gnis-256781","name":"Bee Lake","kind":"backcountry","county":"Humboldt"}},{"type":"Feature","geometry":{"type":"Point","coordinates":[-120.0598871658473,38.60590433867295]},"properties":{"id":"gnis-256787","name":"Beebe Lake","kind":"backcountry","county":"Alpine"}},{"type":"Feature","geometry":{"type":"Point","coordinates":[-119.33257878684694,38.092648691664444]},"properties":{"id":"gnis-256841","name":"Bergona Lake","kind":"backcountry","county":"Mono"}},{"type":"Feature","geometry":{"type":"Point","coordinates":[-120.33029158456583,38.97594117351795]},"properties":{"id":"gnis-256853","name":"Berts Lake","kind":"backcountry","county":"El Dorado"}},{"type":"Feature","geometry":{"type":"Point","coordinates":[-120.55504952247684,39.3851302188773]},"properties":{"id":"gnis-256864","name":"Beyers Lakes","kind":"backcountry","county":"Nevada"}},{"type":"Feature","geometry":{"type":"Point","coordinates":[-122.9810844277346,41.34204591057528]},"properties":{"id":"gnis-256892","name":"Big Blue Lake","kind":"backcountry","county":"Siskiyou"}},{"type":"Feature","geometry":{"type":"Point","coordinates":[-118.82253992487047,37.26683556057624]},"properties":{"id":"gnis-256905","name":"Big Chief Lake","kind":"backcountry","county":"Fresno"}},{"type":"Feature","geometry":{"type":"Point","coordinates":[-120.66063857086576,40.583174317670206]},"properties":{"id":"gnis-256919","name":"Big Dry Lake","kind":"backcountry","county":"Lassen"}},{"type":"Feature","geometry":{"type":"Point","coordinates":[-123.22423229525643,41.5461078008864]},"properties":{"id":"gnis-256923","name":"Big Elk Lake","kind":"backcountry","county":"Siskiyou"}},{"type":"Feature","geometry":{"type":"Point","coordinates":[-120.9885108144406,40.8034505595949]},"properties":{"id":"gnis-256947","name":"Big Jack Lake","kind":"backcountry","county":"Lassen"}},{"type":"Feature","geometry":{"type":"Point","coordinates":[-123.47699886649644,40.778199087675716]},"properties":{"id":"gnis-256952","name":"Big Lake","kind":"backcountry","county":"Trinity"}},{"type":"Feature","geometry":{"type":"Point","coordinates":[-123.602451186665,40.782039589407084]},"properties":{"id":"gnis-256953","name":"Big Lake","kind":"backcountry","county":"Humboldt"}},{"type":"Feature","geometry":{"type":"Point","coordinates":[-122.7637326977942,41.22177986769871]},"properties":{"id":"gnis-256956","name":"Big Marshy Lake","kind":"backcountry","county":"Trinity"}},{"type":"Feature","geometry":{"type":"Point","coordinates":[-120.33516327860733,41.02916815919886]},"properties":{"id":"gnis-256969","name":"Big Meadows Reservoir","kind":"backcountry","county":"Lassen"}},{"type":"Feature","geometry":{"type":"Point","coordinates":[-118.8002794610259,37.27576592908107]},"properties":{"id":"gnis-256973","name":"Big Moccasin Lake","kind":"backcountry","county":"Fresno"}},{"type":"Feature","geometry":{"type":"Point","coordinates":[-118.48789641783917,37.126882064302634]},"properties":{"id":"gnis-256984","name":"Big Pine Lake","kind":"backcountry","county":"Inyo"}},{"type":"Feature","geometry":{"type":"Point","coordinates":[-118.37276109869006,36.770975819005834]},"properties":{"id":"gnis-256987","name":"Big Pothole Lake","kind":"backcountry","county":"Inyo"}},{"type":"Feature","geometry":{"type":"Point","coordinates":[-120.55658441092072,38.54732501089537]},"properties":{"id":"gnis-256991","name":"Big Reservoir","kind":"backcountry","county":"El Dorado"}},{"type":"Feature","geometry":{"type":"Point","coordinates":[-121.3241165464986,41.49429632546419]},"properties":{"id":"gnis-257042","name":"Big Waterhole","kind":"backcountry","county":"Modoc"}},{"type":"Feature","geometry":{"type":"Point","coordinates":[-119.63706600699552,38.155495646014884]},"properties":{"id":"gnis-257046","name":"Bigelow Lake","kind":"backcountry","county":"Tuolumne"}},{"type":"Feature","geometry":{"type":"Point","coordinates":[-118.88006306438871,37.529181299536894]},"properties":{"id":"gnis-257051","name":"Bighorn Lake","kind":"backcountry","county":"Mono"}},{"type":"Feature","geometry":{"type":"Point","coordinates":[-119.16229264499597,37.75410795797099]},"properties":{"id":"gnis-257063","name":"Billy Lake","kind":"backcountry","county":"Mono"}},{"type":"Feature","geometry":{"type":"Point","coordinates":[-119.24603976541097,37.84572119284194]},"properties":{"id":"gnis-257072","name":"Bingaman Lake","kind":"backcountry","county":"Tuolumne"}},{"type":"Feature","geometry":{"type":"Point","coordinates":[-119.8558156700282,37.87962498806982]},"properties":{"id":"gnis-257077","name":"Birch Lake","kind":"backcountry","county":"Tuolumne"}},{"type":"Feature","geometry":{"type":"Point","coordinates":[-118.73853434118192,37.348120840581366]},"properties":{"id":"gnis-257078","name":"Birchim Lake","kind":"backcountry","county":"Inyo"}},{"type":"Feature","geometry":{"type":"Point","coordinates":[-119.71273076381372,38.210990639658654]},"properties":{"id":"gnis-257119","name":"Black Hawk Lake","kind":"backcountry","county":"Tuolumne"}},{"type":"Feature","geometry":{"type":"Point","coordinates":[-118.57764740420106,37.81823618372501]},"properties":{"id":"gnis-257124","name":"Black Lake","kind":"backcountry","county":"Mono"}},{"type":"Feature","geometry":{"type":"Point","coordinates":[-120.55125421406329,41.94356509317229]},"properties":{"id":"gnis-257152","name":"Black Reservoir","kind":"backcountry","county":"Modoc"}},{"type":"Feature","geometry":{"type":"Point","coordinates":[-120.07304204276564,38.59157105149119]},"properties":{"id":"gnis-257160","name":"Black Rock Lake","kind":"backcountry","county":"Alpine"}},{"type":"Feature","geometry":{"type":"Point","coordinates":[-119.67337683245111,38.17772218060133]},"properties":{"id":"gnis-257169","name":"Blackbird Lake","kind":"backcountry","county":"Tuolumne"}},{"type":"Feature","geometry":{"type":"Point","coordinates":[-121.19947869196722,40.817635013120295]},"properties":{"id":"gnis-257180","name":"Blacks Lake","kind":"backcountry","county":"Lassen"}},{"type":"Feature","geometry":{"type":"Point","coordinates":[-120.70675305237674,38.74056964618883]},"properties":{"id":"gnis-257195","name":"Blakeley Reservoir","kind":"backcountry","county":"El Dorado"}},{"type":"Feature","geometry":{"type":"Point","coordinates":[-120.21052539892312,38.83590336977255]},"properties":{"id":"gnis-257207","name":"Bloodsucker Lake","kind":"backcountry","county":"El Dorado"}},{"type":"Feature","geometry":{"type":"Point","coordinates":[-118.91895866271695,37.5594745594112]},"properties":{"id":"gnis-257210","name":"Bloody Lake","kind":"backcountry","county":"Mono"}},{"type":"Feature","geometry":{"type":"Point","coordinates":[-120.18893879820409,39.981263098534384]},"properties":{"id":"gnis-257218","name":"Bloomer Lake","kind":"backcountry","county":"Plumas"}},{"type":"Feature","geometry":{"type":"Point","coordinates":[-120.34375832421149,41.059636375684484]},"properties":{"id":"gnis-257240","name":"Blue Door Flat","kind":"backcountry","county":"Lassen"}},{"type":"Feature","geometry":{"type":"Point","coordinates":[-118.66067553552054,37.169615508574985]},"properties":{"id":"gnis-257243","name":"Blue Heaven Lake","kind":"backcountry","county":"Inyo"}},{"type":"Feature","geometry":{"type":"Point","coordinates":[-120.13701502224346,38.497476185219526]},"properties":{"id":"gnis-257245","name":"Blue Hole","kind":"backcountry","county":"Calaveras"}},{"type":"Feature","geometry":{"type":"Point","coordinates":[-119.27034025565506,38.051140847572576]},"properties":{"id":"gnis-257252","name":"Blue Lake","kind":"backcountry","county":"Mono"}},{"type":"Feature","geometry":{"type":"Point","coordinates":[-120.63275674821384,39.357246821658116]},"properties":{"id":"gnis-257253","name":"Blue Lake","kind":"backcountry","county":"Nevada"}},{"type":"Feature","geometry":{"type":"Point","coordinates":[-121.21549266748306,39.9373442400624]},"properties":{"id":"gnis-257254","name":"Blue Lake","kind":"backcountry","county":"Plumas"}},{"type":"Feature","geometry":{"type":"Point","coordinates":[-121.29914967968854,40.38822284200892]},"properties":{"id":"gnis-257255","name":"Blue Lake","kind":"backcountry","county":"Plumas"}},{"type":"Feature","geometry":{"type":"Point","coordinates":[-121.55289244206296,40.47630665016626]},"properties":{"id":"gnis-257256","name":"Blue Lake","kind":"backcountry","county":"Shasta"}},{"type":"Feature","geometry":{"type":"Point","coordinates":[-120.82548251929953,41.82714439385879]},"properties":{"id":"gnis-257266","name":"Blue Mountain Meadows Tank","kind":"backcountry","county":"Modoc"}},{"type":"Feature","geometry":{"type":"Point","coordinates":[-122.78135165370232,39.3226242583945]},"properties":{"id":"gnis-257282","name":"Blue Slides Lake","kind":"backcountry","county":"Lake"}},{"type":"Feature","geometry":{"type":"Point","coordinates":[-120.92035538859439,40.83403367176357]},"properties":{"id":"gnis-257285","name":"Blue Water","kind":"backcountry","county":"Lassen"}},{"type":"Feature","geometry":{"type":"Point","coordinates":[-123.14071324182069,41.496528140273]},"properties":{"id":"gnis-257286","name":"Blueberry Lake","kind":"backcountry","county":"Siskiyou"}},{"type":"Feature","geometry":{"type":"Point","coordinates":[-118.54953652193147,37.177321809032534]},"properties":{"id":"gnis-257291","name":"Bluff Lake","kind":"backcountry","county":"Inyo"}},{"type":"Feature","geometry":{"type":"Point","coordinates":[-121.36057070893754,40.46411339410338]},"properties":{"id":"gnis-257292","name":"Bluff Lake","kind":"backcountry","county":"Shasta"}},{"type":"Feature","geometry":{"type":"Point","coordinates":[-121.66822912666784,41.753996852261096]},"properties":{"id":"gnis-257342","name":"Bonita Lake","kind":"backcountry","county":"Siskiyou"}},{"type":"Feature","geometry":{"type":"Point","coordinates":[-120.19405657403958,38.872560725705625]},"properties":{"id":"gnis-257351","name":"Boomerang Lake","kind":"backcountry","county":"El Dorado"}},{"type":"Feature","geometry":{"type":"Point","coordinates":[-121.3058554335029,40.75431726999938]},"properties":{"id":"gnis-257354","name":"Bootleg Reservoir","kind":"backcountry","county":"Lassen"}},{"type":"Feature","geometry":{"type":"Point","coordinates":[-118.64680617096452,37.18576092308756]},"properties":{"id":"gnis-257373","name":"Bottleneck Lake","kind":"backcountry","county":"Inyo"}},{"type":"Feature","geometry":{"type":"Point","coordinates":[-119.78970476934445,38.08858539085726]},"properties":{"id":"gnis-257390","name":"Boundary Lake","kind":"backcountry","county":"Tuolumne"}},{"type":"Feature","geometry":{"type":"Point","coordinates":[-123.34006481935539,41.26744213213436]},"properties":{"id":"gnis-257441","name":"Brazille Flat","kind":"backcountry","county":"Siskiyou"}},{"type":"Feature","geometry":{"type":"Point","coordinates":[-118.86173490473345,37.54522597103856]},"properties":{"id":"gnis-257459","name":"Bright Dot Lake","kind":"backcountry","county":"Mono"}},{"type":"Feature","geometry":{"type":"Point","coordinates":[-121.60571139010251,41.57697147209959]},"properties":{"id":"gnis-257499","name":"Brownell Meadow","kind":"backcountry","county":"Siskiyou"}},{"type":"Feature","geometry":{"type":"Point","coordinates":[-122.32820915331418,41.301359417974524]},"properties":{"id":"gnis-257511","name":"Browns Lake","kind":"backcountry","county":"Siskiyou"}},{"type":"Feature","geometry":{"type":"Point","coordinates":[-123.2328640648877,39.60364350511279]},"properties":{"id":"gnis-257545","name":"Brushy Lake","kind":"backcountry","county":"Mendocino"}},{"type":"Feature","geometry":{"type":"Point","coordinates":[-118.70859372093432,37.40990446698417]},"properties":{"id":"gnis-257567","name":"Buck Lake","kind":"backcountry","county":"Inyo"}},{"type":"Feature","geometry":{"type":"Point","coordinates":[-120.19114506413513,39.05102207502014]},"properties":{"id":"gnis-257568","name":"Buck Lake","kind":"backcountry","county":"Placer"}},{"type":"Feature","geometry":{"type":"Point","coordinates":[-122.90306282219085,41.19189712246087]},"properties":{"id":"gnis-257569","name":"Buck Lake","kind":"backcountry","county":"Trinity"}},{"type":"Feature","geometry":{"type":"Point","coordinates":[-119.74043903195275,38.161824621334645]},"properties":{"id":"gnis-257571","name":"Buck Lakes","kind":"backcountry","county":"Tuolumne"}},{"type":"Feature","geometry":{"type":"Point","coordinates":[-121.79408053418119,40.70107539407449]},"properties":{"id":"gnis-257619","name":"Buckhorn Lake","kind":"backcountry","county":"Shasta"}},{"type":"Feature","geometry":{"type":"Point","coordinates":[-119.75377340843455,38.51823698136014]},"properties":{"id":"gnis-257665","name":"Bull Lake","kind":"backcountry","county":"Alpine"}},{"type":"Feature","geometry":{"type":"Point","coordinates":[-120.9028299392225,40.76915621211911]},"properties":{"id":"gnis-257673","name":"Bullard Lake","kind":"backcountry","county":"Lassen"}},{"type":"Feature","geometry":{"type":"Point","coordinates":[-118.40399707430602,36.7714005372716]},"properties":{"id":"gnis-257676","name":"Bullfrog Lake","kind":"backcountry","county":"Fresno"}},{"type":"Feature","geometry":{"type":"Point","coordinates":[-124.00611018546016,41.74020538373505]},"properties":{"id":"gnis-257682","name":"Bummer Lake","kind":"backcountry","county":"Del Norte"}},{"type":"Feature","geometry":{"type":"Point","coordinates":[-120.38643407637444,39.05357876666205]},"properties":{"id":"gnis-257695","name":"Bunker Lake","kind":"backcountry","county":"Placer"}},{"type":"Feature","geometry":{"type":"Point","coordinates":[-118.89862538699074,37.54003396040325]},"properties":{"id":"gnis-257699","name":"Bunny Lake","kind":"backcountry","county":"Mono"}},{"type":"Feature","geometry":{"type":"Point","coordinates":[-119.94829013543084,38.35939730296533]},"properties":{"id":"gnis-257708","name":"Burgson Lake","kind":"backcountry","county":"Tuolumne"}},{"type":"Feature","geometry":{"type":"Point","coordinates":[-119.28657095242815,38.03212661563012]},"properties":{"id":"gnis-257735","name":"Burro Lake","kind":"backcountry","county":"Mono"}},{"type":"Feature","geometry":{"type":"Point","coordinates":[-121.15578141878228,40.81126528737302]},"properties":{"id":"gnis-257745","name":"Busters Reservoir","kind":"backcountry","county":"Lassen"}},{"type":"Feature","geometry":{"type":"Point","coordinates":[-123.0953082793655,41.52462354065594]},"properties":{"id":"gnis-257785","name":"Buzzard Lake","kind":"backcountry","county":"Siskiyou"}},{"type":"Feature","geometry":{"type":"Point","coordinates":[-119.15210497891955,37.68441391183409]},"properties":{"id":"gnis-257802","name":"Cabin Lake","kind":"backcountry","county":"Madera"}},{"type":"Feature","geometry":{"type":"Point","coordinates":[-120.09522783774547,38.84218089481122]},"properties":{"id":"gnis-257812","name":"Cagwin Lake","kind":"backcountry","county":"El Dorado"}},{"type":"Feature","geometry":{"type":"Point","coordinates":[-120.49030742431736,38.325217972551016]},"properties":{"id":"gnis-257821","name":"Redhawk Lake","kind":"backcountry","county":"Calaveras"}},{"type":"Feature","geometry":{"type":"Point","coordinates":[-123.09765189590686,41.56140063179369]},"properties":{"id":"gnis-257828","name":"Calf Lake","kind":"backcountry","county":"Siskiyou"}},{"type":"Feature","geometry":{"type":"Point","coordinates":[-120.07127090997842,41.32903213982636]},"properties":{"id":"gnis-257837","name":"Cambron Lake","kind":"backcountry","county":"Modoc"}},{"type":"Feature","geometry":{"type":"Point","coordinates":[-120.53715985117302,38.82824227387226]},"properties":{"id":"gnis-257845","name":"Camino Reservoir","kind":"backcountry","county":"El Dorado"}},{"type":"Feature","geometry":{"type":"Point","coordinates":[-119.09039363842521,37.30775613988135]},"properties":{"id":"gnis-257855","name":"Camp Sixty One Lake","kind":"backcountry","county":"Fresno"}},{"type":"Feature","geometry":{"type":"Point","coordinates":[-122.9767579203407,41.02018140595355]},"properties":{"id":"gnis-258000","name":"Caribou Lake","kind":"backcountry","county":"Siskiyou"}},{"type":"Feature","geometry":{"type":"Point","coordinates":[-120.99877248552677,41.10539809742468]},"properties":{"id":"gnis-258025","name":"Cary Reservoir","kind":"backcountry","county":"Lassen"}},{"type":"Feature","geometry":{"type":"Point","coordinates":[-120.09199792268353,38.940195294048905]},"properties":{"id":"gnis-258038","name":"Cascade Lake","kind":"backcountry","county":"El Dorado"}},{"type":"Feature","geometry":{"type":"Point","coordinates":[-119.1203333334081,37.66961219718554]},"properties":{"id":"gnis-258058","name":"Castle Lake","kind":"backcountry","county":"Madera"}},{"type":"Feature","geometry":{"type":"Point","coordinates":[-120.55474727172307,39.47031258628426]},"properties":{"id":"gnis-258075","name":"Catfish Lake","kind":"backcountry","county":"Nevada"}},{"type":"Feature","geometry":{"type":"Point","coordinates":[-122.78299939210547,39.35128915353401]},"properties":{"id":"gnis-258076","name":"Catfish Pond","kind":"backcountry","county":"Lake"}},{"type":"Feature","geometry":{"type":"Point","coordinates":[-120.08178727590551,38.893794133687194]},"properties":{"id":"gnis-258079","name":"Cathedral Lake","kind":"backcountry","county":"El Dorado"}},{"type":"Feature","geometry":{"type":"Point","coordinates":[-119.20750553596534,37.69918953117114]},"properties":{"id":"gnis-258083","name":"Lake Catherine","kind":"backcountry","county":"Madera"}},{"type":"Feature","geometry":{"type":"Point","coordinates":[-118.88911903915842,37.5056319344968]},"properties":{"id":"gnis-258102","name":"Cecil Lake","kind":"backcountry","county":"Fresno"}},{"type":"Feature","geometry":{"type":"Point","coordinates":[-123.13795273422396,41.0803004109757]},"properties":{"id":"gnis-258103","name":"Cecil Lake","kind":"backcountry","county":"Siskiyou"}},{"type":"Feature","geometry":{"type":"Point","coordinates":[-119.1667686356464,37.66416514399533]},"properties":{"id":"gnis-258105","name":"Cecile Lake","kind":"backcountry","county":"Madera"}},{"type":"Feature","geometry":{"type":"Point","coordinates":[-118.76160949703913,37.3480836001972]},"properties":{"id":"gnis-258179","name":"Chalfant Lakes","kind":"backcountry","county":"Inyo"}},{"type":"Feature","geometry":{"type":"Point","coordinates":[-121.53841226982615,40.99844861969749]},"properties":{"id":"gnis-258184","name":"Chalk Reservoir","kind":"backcountry","county":"Shasta"}},{"type":"Feature","geometry":{"type":"Point","coordinates":[-120.13199718937324,38.85245465227054]},"properties":{"id":"gnis-258198","name":"Channel Lake","kind":"backcountry","county":"El Dorado"}},{"type":"Feature","geometry":{"type":"Point","coordinates":[-123.20086837056125,41.41330470328073]},"properties":{"id":"gnis-258224","name":"Charmaine Lake","kind":"backcountry","county":"Siskiyou"}},{"type":"Feature","geometry":{"type":"Point","coordinates":[-122.95195213673244,39.87737093206448]},"properties":{"id":"gnis-258252","name":"Cherry Lake","kind":"backcountry","county":"Mendocino"}},{"type":"Feature","geometry":{"type":"Point","coordinates":[-119.84995523269284,38.194460775049556]},"properties":{"id":"gnis-258258","name":"Chewing Gum Lake","kind":"backcountry","county":"Tuolumne"}},{"type":"Feature","geometry":{"type":"Point","coordinates":[-123.27379149787839,41.37017501253659]},"properties":{"id":"gnis-258295","name":"Chimney Rock Lake","kind":"backcountry","county":"Siskiyou"}},{"type":"Feature","geometry":{"type":"Point","coordinates":[-123.1107192266109,41.56233647486618]},"properties":{"id":"gnis-258329","name":"Chinquapin Lake","kind":"backcountry","county":"Siskiyou"}},{"type":"Feature","geometry":{"type":"Point","coordinates":[-121.32567379850151,40.00874181524761]},"properties":{"id":"gnis-258340","name":"Chips Lake","kind":"backcountry","county":"Plumas"}},{"type":"Feature","geometry":{"type":"Point","coordinates":[-118.54392226969634,37.14610062818413]},"properties":{"id":"gnis-258342","name":"Chocolate Lakes","kind":"backcountry","county":"Inyo"}},{"type":"Feature","geometry":{"type":"Point","coordinates":[-120.61479158878176,39.32411912029521]},"properties":{"id":"gnis-258358","name":"Chubb Lake","kind":"backcountry","county":"Nevada"}},{"type":"Feature","geometry":{"type":"Point","coordinates":[-122.22420167432288,41.41237224091578]},"properties":{"id":"gnis-258395","name":"Clarence King Lake","kind":"backcountry","county":"Siskiyou"}},{"type":"Feature","geometry":{"type":"Point","coordinates":[-119.14382350553667,37.70535226481951]},"properties":{"id":"gnis-258397","name":"Clarice Lake","kind":"backcountry","county":"Madera"}},{"type":"Feature","geometry":{"type":"Point","coordinates":[-119.14460159659137,37.73882577776381]},"properties":{"id":"gnis-258404","name":"Clark Lakes","kind":"backcountry","county":"Mono"}},{"type":"Feature","geometry":{"type":"Point","coordinates":[-121.33128261592915,41.12657794317023]},"properties":{"id":"gnis-258405","name":"Clark Reservoir","kind":"backcountry","county":"Lassen"}},{"type":"Feature","geometry":{"type":"Point","coordinates":[-123.6969670268384,40.815432088432686]},"properties":{"id":"gnis-258439","name":"Clear Lake","kind":"backcountry","county":"Humboldt"}},{"type":"Feature","geometry":{"type":"Point","coordinates":[-123.27475231344842,41.383751300334914]},"properties":{"id":"gnis-258440","name":"Clear Lake","kind":"backcountry","county":"Siskiyou"}},{"type":"Feature","geometry":{"type":"Point","coordinates":[-123.11296491151492,41.523726292127385]},"properties":{"id":"gnis-258458","name":"Cliff Lake","kind":"backcountry","county":"Siskiyou"}},{"type":"Feature","geometry":{"type":"Point","coordinates":[-122.43803932512752,41.64135573069599]},"properties":{"id":"gnis-258467","name":"Cloak Lake","kind":"backcountry","county":"Siskiyou"}},{"type":"Feature","geometry":{"type":"Point","coordinates":[-118.89673134490974,37.54928191817744]},"properties":{"id":"gnis-258484","name":"Cloverleaf Lake","kind":"backcountry","county":"Mono"}},{"type":"Feature","geometry":{"type":"Point","coordinates":[-120.09108690701794,38.58262074187733]},"properties":{"id":"gnis-258586","name":"Cole Creek Lakes","kind":"backcountry","county":"Amador"}},{"type":"Feature","geometry":{"type":"Point","coordinates":[-118.86792754984069,37.51821551003444]},"properties":{"id":"gnis-258652","name":"Constance Lake","kind":"backcountry","county":"Mono"}},{"type":"Feature","geometry":{"type":"Point","coordinates":[-121.1395594150062,40.818670289153694]},"properties":{"id":"gnis-258717","name":"Corders Reservoir","kind":"backcountry","county":"Lassen"}},{"type":"Feature","geometry":{"type":"Point","coordinates":[-121.54464455129866,40.78994530360878]},"properties":{"id":"gnis-258719","name":"Cornaz Lake","kind":"backcountry","county":"Shasta"}},{"type":"Feature","geometry":{"type":"Point","coordinates":[-118.80614442048044,37.28568687863844]},"properties":{"id":"gnis-258782","name":"Council Lake","kind":"backcountry","county":"Fresno"}},{"type":"Feature","geometry":{"type":"Point","coordinates":[-121.1536870290367,41.47371636534232]},"properties":{"id":"gnis-258787","name":"Courtright Reservoir","kind":"backcountry","county":"Modoc"}},{"type":"Feature","geometry":{"type":"Point","coordinates":[-120.03218290419441,41.91934037102831]},"properties":{"id":"gnis-258809","name":"Cow Head Lake","kind":"backcountry","county":"Modoc"}},{"type":"Feature","geometry":{"type":"Point","coordinates":[-119.73577347970938,38.143251914056584]},"properties":{"id":"gnis-258812","name":"Cow Meadow Lake","kind":"backcountry","county":"Tuolumne"}},{"type":"Feature","geometry":{"type":"Point","coordinates":[-121.5907925202068,41.039894268025435]},"properties":{"id":"gnis-258833","name":"Coyote Flat Reservoir","kind":"backcountry","county":"Shasta"}},{"type":"Feature","geometry":{"type":"Point","coordinates":[-118.52081936038843,37.209324801784945]},"properties":{"id":"gnis-258841","name":"Coyote Lake","kind":"backcountry","county":"Inyo"}},{"type":"Feature","geometry":{"type":"Point","coordinates":[-121.53023843617389,40.53231723420412]},"properties":{"id":"gnis-258862","name":"Crags Lake","kind":"backcountry","county":"Shasta"}},{"type":"Feature","geometry":{"type":"Point","coordinates":[-119.97610629033717,38.7230352492808]},"properties":{"id":"gnis-258886","name":"Crater Lake","kind":"backcountry","county":"Alpine"}},{"type":"Feature","geometry":{"type":"Point","coordinates":[-120.3562277946529,39.32485344759159]},"properties":{"id":"gnis-258887","name":"Crater Lake","kind":"backcountry","county":"Nevada"}},{"type":"Feature","geometry":{"type":"Point","coordinates":[-122.5793224489356,41.38329838917759]},"properties":{"id":"gnis-258889","name":"Crater Lake","kind":"backcountry","county":"Siskiyou"}},{"type":"Feature","geometry":{"type":"Point","coordinates":[-118.83041776453494,37.487384166127946]},"properties":{"id":"gnis-258919","name":"Crocker Lake","kind":"backcountry","county":"Mono"}},{"type":"Feature","geometry":{"type":"Point","coordinates":[-120.60453359000846,39.40783194620973]},"properties":{"id":"gnis-258933","name":"Crooked Lakes","kind":"backcountry","county":"Nevada"}},{"type":"Feature","geometry":{"type":"Point","coordinates":[-121.31395862004797,41.10398721338246]},"properties":{"id":"gnis-258949","name":"Crum Reservoir","kind":"backcountry","county":"Lassen"}},{"type":"Feature","geometry":{"type":"Point","coordinates":[-120.5748148769922,39.3195306919451]},"properties":{"id":"gnis-258965","name":"Crystal Lake","kind":"backcountry","county":"Nevada"}},{"type":"Feature","geometry":{"type":"Point","coordinates":[-121.34091754771296,41.48442732342899]},"properties":{"id":"gnis-258975","name":"Crystal Waterholes","kind":"backcountry","county":"Modoc"}},{"type":"Feature","geometry":{"type":"Point","coordinates":[-121.24558027906062,41.705774493952674]},"properties":{"id":"gnis-258986","name":"Cummins Lake","kind":"backcountry","county":"Modoc"}},{"type":"Feature","geometry":{"type":"Point","coordinates":[-120.09448879465954,38.827459650457655]},"properties":{"id":"gnis-258990","name":"Cup Lake","kind":"backcountry","county":"El Dorado"}},{"type":"Feature","geometry":{"type":"Point","coordinates":[-121.7884605668642,41.145510259002705]},"properties":{"id":"gnis-258995","name":"Curtis Lake","kind":"backcountry","county":"Shasta"}},{"type":"Feature","geometry":{"type":"Point","coordinates":[-119.78880017663313,38.72521581078966]},"properties":{"id":"gnis-258998","name":"Curtz Lake","kind":"backcountry","county":"Alpine"}},{"type":"Feature","geometry":{"type":"Point","coordinates":[-122.95760071628952,39.61671001340187]},"properties":{"id":"gnis-259001","name":"Cushman Lake","kind":"backcountry","county":"Mendocino"}},{"type":"Feature","geometry":{"type":"Point","coordinates":[-118.7640229144747,37.379839435210215]},"properties":{"id":"gnis-259008","name":"Dade Lake","kind":"backcountry","county":"Inyo"}},{"type":"Feature","geometry":{"type":"Point","coordinates":[-121.03130782389555,41.73104733510188]},"properties":{"id":"gnis-259023","name":"Dalton Reservoir","kind":"backcountry","county":"Modoc"}},{"type":"Feature","geometry":{"type":"Point","coordinates":[-119.2202034946959,37.90830013077482]},"properties":{"id":"gnis-259036","name":"Dana Lake","kind":"backcountry","county":"Mono"}},{"type":"Feature","geometry":{"type":"Point","coordinates":[-120.48484541137007,41.406612006318134]},"properties":{"id":"gnis-259043","name":"Dannhauser Reservoir","kind":"backcountry","county":"Modoc"}},{"type":"Feature","geometry":{"type":"Point","coordinates":[-119.21582180020084,37.72967723092863]},"properties":{"id":"gnis-259095","name":"Davis Lakes","kind":"backcountry","county":"Mono"}},{"type":"Feature","geometry":{"type":"Point","coordinates":[-120.5877934613327,41.699518405262836]},"properties":{"id":"gnis-259115","name":"Dead Horse Reservoir","kind":"backcountry","county":"Modoc"}},{"type":"Feature","geometry":{"type":"Point","coordinates":[-122.6726455141596,39.8455200879136]},"properties":{"id":"gnis-259120","name":"Dead Rabbit Lake","kind":"backcountry","county":"Tehama"}},{"type":"Feature","geometry":{"type":"Point","coordinates":[-119.16064668256215,37.651607491071175]},"properties":{"id":"gnis-259127","name":"Deadhorse Lake","kind":"backcountry","county":"Madera"}},{"type":"Feature","geometry":{"type":"Point","coordinates":[-119.9908380950581,38.6011177050643]},"properties":{"id":"gnis-259155","name":"Deadwood Lake","kind":"backcountry","county":"Alpine"}},{"type":"Feature","geometry":{"type":"Point","coordinates":[-118.04413648731868,37.2762907245545]},"properties":{"id":"gnis-259197","name":"Deep Springs Lake","kind":"backcountry","county":"Inyo"}},{"type":"Feature","geometry":{"type":"Point","coordinates":[-119.76279622099722,38.164504476012475]},"properties":{"id":"gnis-259232","name":"Deer Lake","kind":"backcountry","county":"Tuolumne"}},{"type":"Feature","geometry":{"type":"Point","coordinates":[-123.69621182216216,41.40228536823576]},"properties":{"id":"gnis-259240","name":"Deer Lick Lake","kind":"backcountry","county":"Del Norte"}},{"type":"Feature","geometry":{"type":"Point","coordinates":[-120.98704069812193,40.2372696818564]},"properties":{"id":"gnis-259254","name":"Deerheart Lake","kind":"backcountry","county":"Lassen"}},{"type":"Feature","geometry":{"type":"Point","coordinates":[-120.8871514682956,39.75114869678149]},"properties":{"id":"gnis-259263","name":"Delahunty Lake","kind":"backcountry","county":"Sierra"}},{"type":"Feature","geometry":{"type":"Point","coordinates":[-118.79427868887683,37.32251663320619]},"properties":{"id":"gnis-259275","name":"Den Lake","kind":"backcountry","county":"Fresno"}},{"type":"Feature","geometry":{"type":"Point","coordinates":[-119.01946712552314,36.63925106208112]},"properties":{"id":"gnis-259280","name":"Depot Flat","kind":"backcountry","county":"Tulare"}},{"type":"Feature","geometry":{"type":"Point","coordinates":[-118.91580950619904,37.328061320522494]},"properties":{"id":"gnis-259281","name":"Depressed Lake","kind":"backcountry","county":"Fresno"}},{"type":"Feature","geometry":{"type":"Point","coordinates":[-120.12639535365196,38.846613558658575]},"properties":{"id":"gnis-259288","name":"Desolation Lake","kind":"backcountry","county":"El Dorado"}},{"type":"Feature","geometry":{"type":"Point","coordinates":[-120.0778222290224,38.632441051770506]},"properties":{"id":"gnis-259319","name":"Devils Hole Lake","kind":"backcountry","county":"Amador"}},{"type":"Feature","geometry":{"type":"Point","coordinates":[-121.6286211176069,40.29231880729934]},"properties":{"id":"gnis-259343","name":"Diamond Lake","kind":"backcountry","county":"Tehama"}},{"type":"Feature","geometry":{"type":"Point","coordinates":[-123.21985191769156,41.41180967483159]},"properties":{"id":"gnis-259344","name":"Diamond Lake","kind":"backcountry","county":"Siskiyou"}},{"type":"Feature","geometry":{"type":"Point","coordinates":[-123.71552107775328,41.257630746230866]},"properties":{"id":"gnis-259399","name":"Divide Lake","kind":"backcountry","county":"Humboldt"}},{"type":"Feature","geometry":{"type":"Point","coordinates":[-120.83781261073473,41.545585775236056]},"properties":{"id":"gnis-259420","name":"Dobe Swale","kind":"backcountry","county":"Modoc"}},{"type":"Feature","geometry":{"type":"Point","coordinates":[-122.48091936945744,41.34044074540577]},"properties":{"id":"gnis-259421","name":"Dobkins Lake","kind":"backcountry","county":"Siskiyou"}},{"type":"Feature","geometry":{"type":"Point","coordinates":[-122.80150186804497,41.168168028380265]},"properties":{"id":"gnis-259431","name":"Doe Lake","kind":"backcountry","county":"Trinity"}},{"type":"Feature","geometry":{"type":"Point","coordinates":[-123.11145579573655,41.559941576217824]},"properties":{"id":"gnis-259453","name":"Dogwood Lake","kind":"backcountry","county":"Siskiyou"}},{"type":"Feature","geometry":{"type":"Point","coordinates":[-118.61733372030363,37.173043177522764]},"properties":{"id":"gnis-259472","name":"Donkey Lake","kind":"backcountry","county":"Inyo"}},{"type":"Feature","geometry":{"type":"Point","coordinates":[-118.69939991226067,37.4389095550268]},"properties":{"id":"gnis-259492","name":"Dorothy Lake","kind":"backcountry","county":"Inyo"}},{"type":"Feature","geometry":{"type":"Point","coordinates":[-119.82050118491887,38.548709889370606]},"properties":{"id":"gnis-259493","name":"Dorothy Lake","kind":"backcountry","county":"Alpine"}},{"type":"Feature","geometry":{"type":"Point","coordinates":[-120.5967988313075,39.3952218191]},"properties":{"id":"gnis-259517","name":"Downey Lake","kind":"backcountry","county":"Nevada"}},{"type":"Feature","geometry":{"type":"Point","coordinates":[-121.18854890248173,40.70033476625098]},"properties":{"id":"gnis-259572","name":"Dry Lake","kind":"backcountry","county":"Lassen"}},{"type":"Feature","geometry":{"type":"Point","coordinates":[-119.72871423254253,38.72946239861053]},"properties":{"id":"gnis-259573","name":"Dry Lake","kind":"backcountry","county":"Alpine"}},{"type":"Feature","geometry":{"type":"Point","coordinates":[-120.23843786310937,38.81823447872287]},"properties":{"id":"gnis-259574","name":"Dry Lake","kind":"backcountry","county":"El Dorado"}},{"type":"Feature","geometry":{"type":"Point","coordinates":[-120.0870941354302,39.32693954120433]},"properties":{"id":"gnis-259575","name":"Dry Lake","kind":"backcountry","county":"Nevada"}},{"type":"Feature","geometry":{"type":"Point","coordinates":[-121.20487769797882,39.932431666331276]},"properties":{"id":"gnis-259576","name":"Dry Lake","kind":"backcountry","county":"Plumas"}},{"type":"Feature","geometry":{"type":"Point","coordinates":[-122.72883011449714,40.055245877676455]},"properties":{"id":"gnis-259577","name":"Dry Lake","kind":"backcountry","county":"Tehama"}},{"type":"Feature","geometry":{"type":"Point","coordinates":[-123.6045049887294,40.80375287882288]},"properties":{"id":"gnis-259578","name":"Dry Lake","kind":"backcountry","county":"Humboldt"}},{"type":"Feature","geometry":{"type":"Point","coordinates":[-121.7033425688166,40.806641792655526]},"properties":{"id":"gnis-259579","name":"Dry Lake","kind":"backcountry","county":"Shasta"}},{"type":"Feature","geometry":{"type":"Point","coordinates":[-120.97136596688156,40.81740802111095]},"properties":{"id":"gnis-259580","name":"Dry Lake","kind":"backcountry","county":"Lassen"}},{"type":"Feature","geometry":{"type":"Point","coordinates":[-123.21093282101835,41.398112153476355]},"properties":{"id":"gnis-259581","name":"Dry Lake","kind":"backcountry","county":"Siskiyou"}},{"type":"Feature","geometry":{"type":"Point","coordinates":[-123.52945346234833,41.658528887274606]},"properties":{"id":"gnis-259582","name":"Dry Lake","kind":"backcountry","county":"Siskiyou"}},{"type":"Feature","geometry":{"type":"Point","coordinates":[-120.41165924745624,38.992140120442684]},"properties":{"id":"gnis-259586","name":"Dry Lakes","kind":"backcountry","county":"El Dorado"}},{"type":"Feature","geometry":{"type":"Point","coordinates":[-120.7656747771642,41.84006598666127]},"properties":{"id":"gnis-259588","name":"Dry Valley Reservoir","kind":"backcountry","county":"Modoc"}},{"type":"Feature","geometry":{"type":"Point","coordinates":[-118.18955203930014,36.85993775763935]},"properties":{"id":"gnis-259594","name":"Duck Lake","kind":"backcountry","county":"Inyo"}},{"type":"Feature","geometry":{"type":"Point","coordinates":[-120.18020536353714,39.00986440171692]},"properties":{"id":"gnis-259596","name":"Duck Lake","kind":"backcountry","county":"El Dorado"}},{"type":"Feature","geometry":{"type":"Point","coordinates":[-121.28181658926339,40.57593919134531]},"properties":{"id":"gnis-259597","name":"Duck Lake","kind":"backcountry","county":"Lassen"}},{"type":"Feature","geometry":{"type":"Point","coordinates":[-122.47831985882425,41.33464932137455]},"properties":{"id":"gnis-259618","name":"Durney Lake","kind":"backcountry","county":"Siskiyou"}},{"type":"Feature","geometry":{"type":"Point","coordinates":[-121.32898754344743,41.46790032300391]},"properties":{"id":"gnis-259619","name":"Dustys Waterhole","kind":"backcountry","county":"Modoc"}},{"type":"Feature","geometry":{"type":"Point","coordinates":[-121.53899347981498,40.82553825603783]},"properties":{"id":"gnis-259630","name":"Dutch Flat","kind":"backcountry","county":"Shasta"}},{"type":"Feature","geometry":{"type":"Point","coordinates":[-120.1222239889009,38.942119059791644]},"properties":{"id":"gnis-259661","name":"Eagle Lake","kind":"backcountry","county":"El Dorado"}},{"type":"Feature","geometry":{"type":"Point","coordinates":[-120.57490651413434,39.353545178960836]},"properties":{"id":"gnis-259664","name":"Eagle Lakes","kind":"backcountry","county":"Nevada"}},{"type":"Feature","geometry":{"type":"Point","coordinates":[-122.78426664907003,41.231228484232396]},"properties":{"id":"gnis-259685","name":"East Boulder Lake","kind":"backcountry","county":"Siskiyou"}},{"type":"Feature","geometry":{"type":"Point","coordinates":[-121.25674166859939,40.4508327860288]},"properties":{"id":"gnis-259764","name":"East Lake","kind":"backcountry","county":"Lassen"}},{"type":"Feature","geometry":{"type":"Point","coordinates":[-118.74252632494715,37.43118897873616]},"properties":{"id":"gnis-259776","name":"Eastern Brook Lakes","kind":"backcountry","county":"Inyo"}},{"type":"Feature","geometry":{"type":"Point","coordinates":[-121.49018609432227,41.109190774984214]},"properties":{"id":"gnis-259778","name":"Eastman Lake","kind":"backcountry","county":"Shasta"}},{"type":"Feature","geometry":{"type":"Point","coordinates":[-122.92627613534552,41.3145359075258]},"properties":{"id":"gnis-259781","name":"Eaton Lakes","kind":"backcountry","county":"Siskiyou"}},{"type":"Feature","geometry":{"type":"Point","coordinates":[-121.22229467667843,40.69500261390991]},"properties":{"id":"gnis-259785","name":"Ebey Lake","kind":"backcountry","county":"Lassen"}},{"type":"Feature","geometry":{"type":"Point","coordinates":[-123.17320037209976,41.93637320366772]},"properties":{"id":"gnis-259789","name":"Echo Lake","kind":"backcountry","county":"Siskiyou"}},{"type":"Feature","geometry":{"type":"Point","coordinates":[-118.89200081033533,37.55519095317095]},"properties":{"id":"gnis-259796","name":"Edith Lake","kind":"backcountry","county":"Mono"}},{"type":"Feature","geometry":{"type":"Point","coordinates":[-119.63545687369171,37.723820641134914]},"properties":{"id":"gnis-259810","name":"El Capitan Meadow","kind":"backcountry","county":"Mariposa"}},{"type":"Feature","geometry":{"type":"Point","coordinates":[-120.03397750636674,38.77485047780351]},"properties":{"id":"gnis-259817","name":"Elbert Lake","kind":"backcountry","county":"El Dorado"}},{"type":"Feature","geometry":{"type":"Point","coordinates":[-123.70790353302723,41.611576854950165]},"properties":{"id":"gnis-259848","name":"Elk Hole","kind":"backcountry","county":"Siskiyou"}},{"type":"Feature","geometry":{"type":"Point","coordinates":[-122.92525000327119,39.998361255665316]},"properties":{"id":"gnis-259851","name":"Elk Lake","kind":"backcountry","county":"Tehama"}},{"type":"Feature","geometry":{"type":"Point","coordinates":[-122.23496496196876,40.66401324048852]},"properties":{"id":"gnis-259865","name":"Elks Lake","kind":"backcountry","county":"Shasta"}},{"type":"Feature","geometry":{"type":"Point","coordinates":[-120.20172029396787,39.06779178679874]},"properties":{"id":"gnis-259874","name":"Ellis Lake","kind":"backcountry","county":"Placer"}},{"type":"Feature","geometry":{"type":"Point","coordinates":[-121.51865963725183,40.468016284924204]},"properties":{"id":"gnis-259892","name":"Emerald Lake","kind":"backcountry","county":"Shasta"}},{"type":"Feature","geometry":{"type":"Point","coordinates":[-118.62971854788573,37.17936915958766]},"properties":{"id":"gnis-259894","name":"Emerald Lakes","kind":"backcountry","county":"Inyo"}},{"type":"Feature","geometry":{"type":"Point","coordinates":[-118.66721045492069,37.23011713276532]},"properties":{"id":"gnis-259898","name":"Emerson Lake","kind":"backcountry","county":"Inyo"}},{"type":"Feature","geometry":{"type":"Point","coordinates":[-120.64394697187657,40.36637637978164]},"properties":{"id":"gnis-259899","name":"Emerson Lake","kind":"backcountry","county":"Lassen"}},{"type":"Feature","geometry":{"type":"Point","coordinates":[-120.03859430254808,38.66059471137642]},"properties":{"id":"gnis-259911","name":"Emigrant Lake","kind":"backcountry","county":"Alpine"}},{"type":"Feature","geometry":{"type":"Point","coordinates":[-119.64789055345555,38.201414861688015]},"properties":{"id":"gnis-259913","name":"Emigrant Meadow Lake","kind":"backcountry","county":"Tuolumne"}},{"type":"Feature","geometry":{"type":"Point","coordinates":[-119.12183316150477,37.672172774782474]},"properties":{"id":"gnis-259916","name":"Emily Lake","kind":"backcountry","county":"Madera"}},{"type":"Feature","geometry":{"type":"Point","coordinates":[-120.5371870449733,41.91015444874384]},"properties":{"id":"gnis-259943","name":"Enquist Reservoir","kind":"backcountry","county":"Modoc"}},{"type":"Feature","geometry":{"type":"Point","coordinates":[-120.8681696046081,41.5418512997306]},"properties":{"id":"gnis-259965","name":"Essex Tank","kind":"backcountry","county":"Modoc"}},{"type":"Feature","geometry":{"type":"Point","coordinates":[-123.20713608248687,41.450531209467755]},"properties":{"id":"gnis-259968","name":"Lake Ethel","kind":"backcountry","county":"Siskiyou"}},{"type":"Feature","geometry":{"type":"Point","coordinates":[-120.56703517288265,41.89143157194222]},"properties":{"id":"gnis-259999","name":"Everly Reservoir","kind":"backcountry","county":"Modoc"}},{"type":"Feature","geometry":{"type":"Point","coordinates":[-121.18595599266924,39.841396608704365]},"properties":{"id":"gnis-260018","name":"Faggs Reservoir","kind":"backcountry","county":"Plumas"}},{"type":"Feature","geometry":{"type":"Point","coordinates":[-118.93767296319707,37.437426308337]},"properties":{"id":"gnis-260067","name":"Feather Lake","kind":"backcountry","county":"Fresno"}},{"type":"Feature","geometry":{"type":"Point","coordinates":[-121.01801107155279,40.53422368333594]},"properties":{"id":"gnis-260068","name":"Feather Lake","kind":"backcountry","county":"Lassen"}},{"type":"Feature","geometry":{"type":"Point","coordinates":[-119.1349482170049,37.607086502916204]},"properties":{"id":"gnis-260085","name":"Fern Lake","kind":"backcountry","county":"Madera"}},{"type":"Feature","geometry":{"type":"Point","coordinates":[-118.73604435135152,37.37623347132524]},"properties":{"id":"gnis-260106","name":"Finch Lake","kind":"backcountry","county":"Inyo"}},{"type":"Feature","geometry":{"type":"Point","coordinates":[-122.96219827235407,41.193524511095404]},"properties":{"id":"gnis-260154","name":"Fish Lake","kind":"backcountry","county":"Siskiyou"}},{"type":"Feature","geometry":{"type":"Point","coordinates":[-119.72034484912764,38.14389168608356]},"properties":{"id":"gnis-260164","name":"Fisher Lakes","kind":"backcountry","county":"Tuolumne"}},{"type":"Feature","geometry":{"type":"Point","coordinates":[-118.64231231282312,37.19244992876317]},"properties":{"id":"gnis-260166","name":"Fishgut Lakes","kind":"backcountry","county":"Inyo"}},{"type":"Feature","geometry":{"type":"Point","coordinates":[-118.85452378568971,37.29514461006016]},"properties":{"id":"gnis-260192","name":"Flat Note Lake","kind":"backcountry","county":"Fresno"}},{"type":"Feature","geometry":{"type":"Point","coordinates":[-120.0788088747501,38.90220746423689]},"properties":{"id":"gnis-260210","name":"Floating Island Lake","kind":"backcountry","county":"El Dorado"}},{"type":"Feature","geometry":{"type":"Point","coordinates":[-120.32606908860713,39.33221283282353]},"properties":{"id":"gnis-260212","name":"Flora Lake","kind":"backcountry","county":"Nevada"}},{"type":"Feature","geometry":{"type":"Point","coordinates":[-121.55076881035826,40.439836655124715]},"properties":{"id":"gnis-260255","name":"Forest Lake","kind":"backcountry","county":"Tehama"}},{"type":"Feature","geometry":{"type":"Point","coordinates":[-122.64764709312684,39.69226022510345]},"properties":{"id":"gnis-260270","name":"Forks Reservoir","kind":"backcountry","county":"Glenn"}},{"type":"Feature","geometry":{"type":"Point","coordinates":[-120.16476627387054,38.81333357716073]},"properties":{"id":"gnis-260272","name":"Forni Lake","kind":"backcountry","county":"El Dorado"}},{"type":"Feature","geometry":{"type":"Point","coordinates":[-120.26281019791494,38.95471870890013]},"properties":{"id":"gnis-260273","name":"Forni Lake","kind":"backcountry","county":"El Dorado"}},{"type":"Feature","geometry":{"type":"Point","coordinates":[-120.01530074648234,38.7439523519883]},"properties":{"id":"gnis-260300","name":"Four Lakes","kind":"backcountry","county":"El Dorado"}},{"type":"Feature","geometry":{"type":"Point","coordinates":[-121.00524971961094,39.77408077092777]},"properties":{"id":"gnis-260318","name":"Fowler Lake","kind":"backcountry","county":"Plumas"}},{"type":"Feature","geometry":{"type":"Point","coordinates":[-122.84891135907293,41.21043738887299]},"properties":{"id":"gnis-260323","name":"Fox Creek Lake","kind":"backcountry","county":"Siskiyou"}},{"type":"Feature","geometry":{"type":"Point","coordinates":[-119.3530822771498,38.09712595469188]},"properties":{"id":"gnis-260330","name":"Lake Frances","kind":"backcountry","county":"Mono"}},{"type":"Feature","geometry":{"type":"Point","coordinates":[-120.33985318866961,38.99233806255684]},"properties":{"id":"gnis-260334","name":"Francis Lake","kind":"backcountry","county":"El Dorado"}},{"type":"Feature","geometry":{"type":"Point","coordinates":[-119.69751984712758,38.16886075116221]},"properties":{"id":"gnis-260344","name":"Fraser Lakes","kind":"backcountry","county":"Tuolumne"}},{"type":"Feature","geometry":{"type":"Point","coordinates":[-120.12189428832701,38.84537698920795]},"properties":{"id":"gnis-260345","name":"Frata Lake","kind":"backcountry","county":"El Dorado"}},{"type":"Feature","geometry":{"type":"Point","coordinates":[-120.47677370808076,41.38300347300893]},"properties":{"id":"gnis-260403","name":"French Reservoir","kind":"backcountry","county":"Modoc"}},{"type":"Feature","geometry":{"type":"Point","coordinates":[-123.37045512275954,40.48377511021038]},"properties":{"id":"gnis-260418","name":"Friend Lake","kind":"backcountry","county":"Trinity"}},{"type":"Feature","geometry":{"type":"Point","coordinates":[-118.82698592885839,37.42401182986391]},"properties":{"id":"gnis-260422","name":"Frog Lake","kind":"backcountry","county":"Fresno"}},{"type":"Feature","geometry":{"type":"Point","coordinates":[-119.71134764843204,38.14182415275893]},"properties":{"id":"gnis-260423","name":"Frog Lake","kind":"backcountry","county":"Tuolumne"}},{"type":"Feature","geometry":{"type":"Point","coordinates":[-120.00351968378924,38.547748181751096]},"properties":{"id":"gnis-260424","name":"Frog Lake","kind":"backcountry","county":"Alpine"}},{"type":"Feature","geometry":{"type":"Point","coordinates":[-120.32269801407807,39.368237679294005]},"properties":{"id":"gnis-260426","name":"Frog Lake","kind":"backcountry","county":"Nevada"}},{"type":"Feature","geometry":{"type":"Point","coordinates":[-121.36891152862134,40.0520928885504]},"properties":{"id":"gnis-260427","name":"Frog Lake","kind":"backcountry","county":"Plumas"}},{"type":"Feature","geometry":{"type":"Point","coordinates":[-121.91670562348695,41.49620036410977]},"properties":{"id":"gnis-260428","name":"Frog Lake","kind":"backcountry","county":"Siskiyou"}},{"type":"Feature","geometry":{"type":"Point","coordinates":[-123.1804188312777,41.55207480903382]},"properties":{"id":"gnis-260437","name":"Frying Pan Lake","kind":"backcountry","county":"Siskiyou"}},{"type":"Feature","geometry":{"type":"Point","coordinates":[-118.69443300398558,37.330174240125686]},"properties":{"id":"gnis-260455","name":"Gable Lakes","kind":"backcountry","county":"Inyo"}},{"type":"Feature","geometry":{"type":"Point","coordinates":[-120.82631377534767,41.789998826103684]},"properties":{"id":"gnis-260474","name":"Garden Tank","kind":"backcountry","county":"Modoc"}},{"type":"Feature","geometry":{"type":"Point","coordinates":[-123.18325577562364,41.55844172874658]},"properties":{"id":"gnis-260506","name":"Gate Lake","kind":"backcountry","county":"Siskiyou"}},{"type":"Feature","geometry":{"type":"Point","coordinates":[-120.14096061071923,38.8414181473513]},"properties":{"id":"gnis-260509","name":"Gefo Lake","kind":"backcountry","county":"El Dorado"}},{"type":"Feature","geometry":{"type":"Point","coordinates":[-123.13339043164441,41.54541627056003]},"properties":{"id":"gnis-260512","name":"Gem Lake","kind":"backcountry","county":"Siskiyou"}},{"type":"Feature","geometry":{"type":"Point","coordinates":[-118.88527228782179,37.558087734158015]},"properties":{"id":"gnis-260518","name":"Lake Genevieve","kind":"backcountry","county":"Mono"}},{"type":"Feature","geometry":{"type":"Point","coordinates":[-118.60370099355305,37.18478095272551]},"properties":{"id":"gnis-260522","name":"George Lake","kind":"backcountry","county":"Inyo"}},{"type":"Feature","geometry":{"type":"Point","coordinates":[-119.14676443706327,37.6191146101956]},"properties":{"id":"gnis-260539","name":"Gertrude Lake","kind":"backcountry","county":"Madera"}},{"type":"Feature","geometry":{"type":"Point","coordinates":[-119.18375813844168,37.89964308393539]},"properties":{"id":"gnis-260544","name":"Gibbs Lake","kind":"backcountry","county":"Mono"}},{"type":"Feature","geometry":{"type":"Point","coordinates":[-119.29224902726928,38.06373622284448]},"properties":{"id":"gnis-260568","name":"Gilman Lake","kind":"backcountry","county":"Mono"}},{"type":"Feature","geometry":{"type":"Point","coordinates":[-120.11572915322702,38.89580161473955]},"properties":{"id":"gnis-260569","name":"Gilmore Lake","kind":"backcountry","county":"El Dorado"}},{"type":"Feature","geometry":{"type":"Point","coordinates":[-120.55730432168777,39.3980794398371]},"properties":{"id":"gnis-260583","name":"Glacier Lake","kind":"backcountry","county":"Nevada"}},{"type":"Feature","geometry":{"type":"Point","coordinates":[-121.28244538660607,40.45379424890455]},"properties":{"id":"gnis-260600","name":"Glen Lake","kind":"backcountry","county":"Lassen"}},{"type":"Feature","geometry":{"type":"Point","coordinates":[-119.34216134415472,38.09896459067128]},"properties":{"id":"gnis-260604","name":"Glenberry Lake","kind":"backcountry","county":"Mono"}},{"type":"Feature","geometry":{"type":"Point","coordinates":[-118.74800045796427,37.333900545924]},"properties":{"id":"gnis-260678","name":"Golden Lake","kind":"backcountry","county":"Inyo"}},{"type":"Feature","geometry":{"type":"Point","coordinates":[-118.82473715374978,37.49350437687083]},"properties":{"id":"gnis-260680","name":"Golden Lake","kind":"backcountry","county":"Mono"}},{"type":"Feature","geometry":{"type":"Point","coordinates":[-122.98717176873095,41.27418316582079]},"properties":{"id":"gnis-260683","name":"Golden Russian Lake","kind":"backcountry","county":"Siskiyou"}},{"type":"Feature","geometry":{"type":"Point","coordinates":[-118.18202911951286,36.887754820067165]},"properties":{"id":"gnis-260707","name":"Goose Lake","kind":"backcountry","county":"Inyo"}},{"type":"Feature","geometry":{"type":"Point","coordinates":[-120.8835411023378,40.76739337867348]},"properties":{"id":"gnis-260718","name":"Gordon Lake","kind":"backcountry","county":"Lassen"}},{"type":"Feature","geometry":{"type":"Point","coordinates":[-123.52565269307615,40.22270304499903]},"properties":{"id":"gnis-260731","name":"Graham Lake","kind":"backcountry","county":"Trinity"}},{"type":"Feature","geometry":{"type":"Point","coordinates":[-118.64926093336106,37.19805076999901]},"properties":{"id":"gnis-260750","name":"Granite Lake","kind":"backcountry","county":"Inyo"}},{"type":"Feature","geometry":{"type":"Point","coordinates":[-119.83325594951472,38.18363589009302]},"properties":{"id":"gnis-260751","name":"Granite Lake","kind":"backcountry","county":"Tuolumne"}},{"type":"Feature","geometry":{"type":"Point","coordinates":[-120.10973704263395,38.65018681188121]},"properties":{"id":"gnis-260753","name":"Granite Lake","kind":"backcountry","county":"Amador"}},{"type":"Feature","geometry":{"type":"Point","coordinates":[-120.1101951043771,38.93765494275842]},"properties":{"id":"gnis-260754","name":"Granite Lake","kind":"backcountry","county":"El Dorado"}},{"type":"Feature","geometry":{"type":"Point","coordinates":[-122.82071040362811,41.178169935446604]},"properties":{"id":"gnis-260756","name":"Granite Lake","kind":"backcountry","county":"Trinity"}},{"type":"Feature","geometry":{"type":"Point","coordinates":[-118.63081195928325,37.2171438072668]},"properties":{"id":"gnis-260782","name":"Grass Lake","kind":"backcountry","county":"Inyo"}},{"type":"Feature","geometry":{"type":"Point","coordinates":[-118.8155617398782,37.50716085510075]},"properties":{"id":"gnis-260783","name":"Grass Lake","kind":"backcountry","county":"Mono"}},{"type":"Feature","geometry":{"type":"Point","coordinates":[-119.96542115701934,38.794367933692165]},"properties":{"id":"gnis-260784","name":"Grass Lake","kind":"backcountry","county":"El Dorado"}},{"type":"Feature","geometry":{"type":"Point","coordinates":[-120.1126684547135,38.87272982386397]},"properties":{"id":"gnis-260785","name":"Grass Lake","kind":"backcountry","county":"El Dorado"}},{"type":"Feature","geometry":{"type":"Point","coordinates":[-120.65671682098271,39.6407412464305]},"properties":{"id":"gnis-260786","name":"Grass Lake","kind":"backcountry","county":"Sierra"}},{"type":"Feature","geometry":{"type":"Point","coordinates":[-120.66403533811024,39.70191491592644]},"properties":{"id":"gnis-260787","name":"Grass Lake","kind":"backcountry","county":"Plumas"}},{"type":"Feature","geometry":{"type":"Point","coordinates":[-121.40124995448325,40.74897363607556]},"properties":{"id":"gnis-260807","name":"Grassy Lake","kind":"backcountry","county":"Shasta"}},{"type":"Feature","geometry":{"type":"Point","coordinates":[-121.21451913985346,39.97365081983008]},"properties":{"id":"gnis-260808","name":"Grassy Lakes","kind":"backcountry","county":"Plumas"}},{"type":"Feature","geometry":{"type":"Point","coordinates":[-119.82886133814421,37.96486039628679]},"properties":{"id":"gnis-260814","name":"Gravel Pit Lake","kind":"backcountry","county":"Tuolumne"}},{"type":"Feature","geometry":{"type":"Point","coordinates":[-121.36254209686285,40.049764367037625]},"properties":{"id":"gnis-260852","name":"Green Island Lake","kind":"backcountry","county":"Plumas"}},{"type":"Feature","geometry":{"type":"Point","coordinates":[-122.42537242474958,41.1201137472339]},"properties":{"id":"gnis-260889","name":"Grey Rock Lake","kind":"backcountry","county":"Shasta"}},{"type":"Feature","geometry":{"type":"Point","coordinates":[-120.4300549577259,39.83985854246309]},"properties":{"id":"gnis-260925","name":"Grizzly Ice Pond","kind":"backcountry","county":"Plumas"}},{"type":"Feature","geometry":{"type":"Point","coordinates":[-119.54592075266764,37.571519405258876]},"properties":{"id":"gnis-260951","name":"Grouse Lake","kind":"backcountry","county":"Madera"}},{"type":"Feature","geometry":{"type":"Point","coordinates":[-120.00872893686676,38.62189504117132]},"properties":{"id":"gnis-260953","name":"Grouse Lake","kind":"backcountry","county":"Alpine"}},{"type":"Feature","geometry":{"type":"Point","coordinates":[-120.19941248876529,38.85735796592627]},"properties":{"id":"gnis-260954","name":"Grouse Lake","kind":"backcountry","county":"El Dorado"}},{"type":"Feature","geometry":{"type":"Point","coordinates":[-121.53317940003986,39.63925358044094]},"properties":{"id":"gnis-260974","name":"Grub Flat Reservoir","kind":"backcountry","county":"Butte"}},{"type":"Feature","geometry":{"type":"Point","coordinates":[-118.7978758226505,37.315331050419935]},"properties":{"id":"gnis-260976","name":"Gruff Lake","kind":"backcountry","county":"Fresno"}},{"type":"Feature","geometry":{"type":"Point","coordinates":[-123.62465749826761,40.58256886263576]},"properties":{"id":"gnis-260990","name":"Guy Lake","kind":"backcountry","county":"Humboldt"}},{"type":"Feature","geometry":{"type":"Point","coordinates":[-120.76162449992356,41.77205339537964]},"properties":{"id":"gnis-261006","name":"Hager Basin Reservoir","kind":"backcountry","county":"Modoc"}},{"type":"Feature","geometry":{"type":"Point","coordinates":[-121.23313365906509,40.683316430000986]},"properties":{"id":"gnis-261015","name":"Half Cabin Reservoir","kind":"backcountry","county":"Lassen"}},{"type":"Feature","geometry":{"type":"Point","coordinates":[-118.99894072189231,37.5772659877727]},"properties":{"id":"gnis-261055","name":"Hammil Lake","kind":"backcountry","county":"Mono"}},{"type":"Feature","geometry":{"type":"Point","coordinates":[-119.30704748249272,37.673723571228116]},"properties":{"id":"gnis-261102","name":"Harriet Lake","kind":"backcountry","county":"Madera"}},{"type":"Feature","geometry":{"type":"Point","coordinates":[-123.69074184115829,41.67316248678818]},"properties":{"id":"gnis-261103","name":"Harrington Lake","kind":"backcountry","county":"Del Norte"}},{"type":"Feature","geometry":{"type":"Point","coordinates":[-119.52883792210089,37.620477859300856]},"properties":{"id":"gnis-261117","name":"Hart Lakes","kind":"backcountry","county":"Mariposa"}},{"type":"Feature","geometry":{"type":"Point","coordinates":[-118.3666859118995,36.76870448033054]},"properties":{"id":"gnis-261205","name":"Heart Lake","kind":"backcountry","county":"Inyo"}},{"type":"Feature","geometry":{"type":"Point","coordinates":[-118.9782285089315,37.588541767109085]},"properties":{"id":"gnis-261208","name":"Heart Lake","kind":"backcountry","county":"Mono"}},{"type":"Feature","geometry":{"type":"Point","coordinates":[-123.13947882366963,41.487834165852455]},"properties":{"id":"gnis-261215","name":"Heather Lake","kind":"backcountry","county":"Siskiyou"}},{"type":"Feature","geometry":{"type":"Point","coordinates":[-119.22878626751663,37.83060796156285]},"properties":{"id":"gnis-261234","name":"Helen Lake","kind":"backcountry","county":"Tuolumne"}},{"type":"Feature","geometry":{"type":"Point","coordinates":[-121.51048772868921,40.46864888165408]},"properties":{"id":"gnis-261236","name":"Lake Helen","kind":"backcountry","county":"Shasta"}},{"type":"Feature","geometry":{"type":"Point","coordinates":[-118.65432839186252,37.17398294656113]},"properties":{"id":"gnis-261241","name":"Hell Diver Lakes","kind":"backcountry","county":"Inyo"}},{"type":"Feature","geometry":{"type":"Point","coordinates":[-118.97412877584122,37.30709597907394]},"properties":{"id":"gnis-261245","name":"Hell Hole Meadow","kind":"backcountry","county":"Fresno"}},{"type":"Feature","geometry":{"type":"Point","coordinates":[-119.88417593001057,38.61718513254137]},"properties":{"id":"gnis-261248","name":"Hellhole Lake","kind":"backcountry","county":"Alpine"}},{"type":"Feature","geometry":{"type":"Point","coordinates":[-123.19780294870593,41.9344765892908]},"properties":{"id":"gnis-261250","name":"Hello Lake","kind":"backcountry","county":"Siskiyou"}},{"type":"Feature","geometry":{"type":"Point","coordinates":[-120.1946772811548,38.861254930244606]},"properties":{"id":"gnis-261261","name":"Hemlock Lake","kind":"backcountry","county":"El Dorado"}},{"type":"Feature","geometry":{"type":"Point","coordinates":[-121.92704628882593,41.47886517288747]},"properties":{"id":"gnis-261262","name":"Hemlock Lake","kind":"backcountry","county":"Siskiyou"}},{"type":"Feature","geometry":{"type":"Point","coordinates":[-118.48870912098178,37.15777047629834]},"properties":{"id":"gnis-261297","name":"Hidden Lake","kind":"backcountry","county":"Inyo"}},{"type":"Feature","geometry":{"type":"Point","coordinates":[-119.53639322345924,38.26115101858726]},"properties":{"id":"gnis-261299","name":"Hidden Lake","kind":"backcountry","county":"Mono"}},{"type":"Feature","geometry":{"type":"Point","coordinates":[-120.10963436340035,38.627175581388606]},"properties":{"id":"gnis-261300","name":"Hidden Lake","kind":"backcountry","county":"Amador"}},{"type":"Feature","geometry":{"type":"Point","coordinates":[-120.6237644118955,39.40164332753736]},"properties":{"id":"gnis-261301","name":"Hidden Lake","kind":"backcountry","county":"Nevada"}},{"type":"Feature","geometry":{"type":"Point","coordinates":[-120.97956822951762,40.2308195488862]},"properties":{"id":"gnis-261302","name":"Hidden Lake","kind":"backcountry","county":"Lassen"}},{"type":"Feature","geometry":{"type":"Point","coordinates":[-121.33098128505026,40.491263902030276]},"properties":{"id":"gnis-261303","name":"Hidden Lake","kind":"backcountry","county":"Shasta"}},{"type":"Feature","geometry":{"type":"Point","coordinates":[-123.48036204663076,40.7673358696719]},"properties":{"id":"gnis-261304","name":"Hidden Lake","kind":"backcountry","county":"Trinity"}},{"type":"Feature","geometry":{"type":"Point","coordinates":[-122.90635682126856,41.20964045124176]},"properties":{"id":"gnis-261305","name":"Hidden Lake","kind":"backcountry","county":"Siskiyou"}},{"type":"Feature","geometry":{"type":"Point","coordinates":[-119.63151042283327,38.20933203067708]},"properties":{"id":"gnis-261317","name":"High Emigrant Lake","kind":"backcountry","county":"Tuolumne"}},{"type":"Feature","geometry":{"type":"Point","coordinates":[-122.95788884732366,41.297767409696405]},"properties":{"id":"gnis-261320","name":"High Lake","kind":"backcountry","county":"Siskiyou"}},{"type":"Feature","geometry":{"type":"Point","coordinates":[-120.19749876010482,39.41599370794278]},"properties":{"id":"gnis-261378","name":"Hobart Reservoir","kind":"backcountry","county":"Nevada"}},{"type":"Feature","geometry":{"type":"Point","coordinates":[-119.15405870596635,37.62831292169734]},"properties":{"id":"gnis-261415","name":"Holcomb Lake","kind":"backcountry","county":"Madera"}},{"type":"Feature","geometry":{"type":"Point","coordinates":[-121.28791867161355,41.4798989477206]},"properties":{"id":"gnis-261422","name":"Hollenbeck Flat","kind":"backcountry","county":"Modoc"}},{"type":"Feature","geometry":{"type":"Point","coordinates":[-120.16531860212464,41.19809994403133]},"properties":{"id":"gnis-261432","name":"Homestead Flat","kind":"backcountry","county":"Modoc"}},{"type":"Feature","geometry":{"type":"Point","coordinates":[-118.7434615457181,37.33963931538432]},"properties":{"id":"gnis-261439","name":"Honeymoon Lake","kind":"backcountry","county":"Inyo"}},{"type":"Feature","geometry":{"type":"Point","coordinates":[-118.81957441543767,37.271766658694375]},"properties":{"id":"gnis-261446","name":"Hoopal Lake","kind":"backcountry","county":"Fresno"}},{"type":"Feature","geometry":{"type":"Point","coordinates":[-120.65821548576109,39.65340222068316]},"properties":{"id":"gnis-261487","name":"Horse Lake","kind":"backcountry","county":"Sierra"}},{"type":"Feature","geometry":{"type":"Point","coordinates":[-121.82272888118018,41.162531638296535]},"properties":{"id":"gnis-261488","name":"Horse Lake","kind":"backcountry","county":"Shasta"}},{"type":"Feature","geometry":{"type":"Point","coordinates":[-123.20640882529747,41.42676659807409]},"properties":{"id":"gnis-261503","name":"Horse Range Lake","kind":"backcountry","county":"Siskiyou"}},{"type":"Feature","geometry":{"type":"Point","coordinates":[-122.96208777059095,41.315954169753184]},"properties":{"id":"gnis-261504","name":"Horse Range Lakes","kind":"backcountry","county":"Siskiyou"}},{"type":"Feature","geometry":{"type":"Point","coordinates":[-122.94638077006897,41.32319017132056]},"properties":{"id":"gnis-261531","name":"Horseshoe Lake","kind":"backcountry","county":"Siskiyou"}},{"type":"Feature","geometry":{"type":"Point","coordinates":[-118.91650809365618,37.4913686441637]},"properties":{"id":"gnis-261541","name":"Hortense Lake","kind":"backcountry","county":"Fresno"}},{"type":"Feature","geometry":{"type":"Point","coordinates":[-120.55887761221173,41.89515855466188]},"properties":{"id":"gnis-261566","name":"Householder Reservoir","kind":"backcountry","county":"Modoc"}},{"type":"Feature","geometry":{"type":"Point","coordinates":[-121.54786557303926,40.40725269690189]},"properties":{"id":"gnis-261587","name":"Huckleberry Lake","kind":"backcountry","county":"Tehama"}},{"type":"Feature","geometry":{"type":"Point","coordinates":[-121.65559333674483,40.64583810056462]},"properties":{"id":"gnis-261588","name":"Huckleberry Lake","kind":"backcountry","county":"Shasta"}},{"type":"Feature","geometry":{"type":"Point","coordinates":[-120.80728232375819,41.872655199143274]},"properties":{"id":"gnis-261596","name":"Stock Pond","kind":"backcountry","county":"Modoc"}},{"type":"Feature","geometry":{"type":"Point","coordinates":[-119.3183349281237,38.11259746386325]},"properties":{"id":"gnis-261627","name":"Hunewill Lake","kind":"backcountry","county":"Mono"}},{"type":"Feature","geometry":{"type":"Point","coordinates":[-118.56273634964833,37.15541179701542]},"properties":{"id":"gnis-261654","name":"Hurd Lake","kind":"backcountry","county":"Inyo"}},{"type":"Feature","geometry":{"type":"Point","coordinates":[-120.53599772135121,39.287870427367146]},"properties":{"id":"gnis-261666","name":"Huysink Lake","kind":"backcountry","county":"Placer"}},{"type":"Feature","geometry":{"type":"Point","coordinates":[-119.16908915740014,37.670549341310334]},"properties":{"id":"gnis-261678","name":"Iceberg Lake","kind":"backcountry","county":"Madera"}},{"type":"Feature","geometry":{"type":"Point","coordinates":[-119.74465827780678,38.22815760466226]},"properties":{"id":"gnis-261680","name":"Iceland Lake","kind":"backcountry","county":"Tuolumne"}},{"type":"Feature","geometry":{"type":"Point","coordinates":[-121.32938193978977,40.4566712718905]},"properties":{"id":"gnis-261751","name":"Indian Lake","kind":"backcountry","county":"Shasta"}},{"type":"Feature","geometry":{"type":"Point","coordinates":[-121.34706586904574,41.14378999800129]},"properties":{"id":"gnis-261756","name":"Indian Reservoir","kind":"backcountry","county":"Shasta"}},{"type":"Feature","geometry":{"type":"Point","coordinates":[-119.7590556577137,38.08677643706739]},"properties":{"id":"gnis-261786","name":"Inferno Lakes","kind":"backcountry","county":"Tuolumne"}},{"type":"Feature","geometry":{"type":"Point","coordinates":[-121.51759145593739,40.45191324105048]},"properties":{"id":"gnis-261790","name":"Ink Lake","kind":"backcountry","county":"Shasta"}},{"type":"Feature","geometry":{"type":"Point","coordinates":[-119.01171121778545,37.69154246187201]},"properties":{"id":"gnis-261796","name":"Inyo Crater Lakes","kind":"backcountry","county":"Mono"}},{"type":"Feature","geometry":{"type":"Point","coordinates":[-119.16924433507724,37.61218362494145]},"properties":{"id":"gnis-261814","name":"Iron Lake","kind":"backcountry","county":"Madera"}},{"type":"Feature","geometry":{"type":"Point","coordinates":[-123.05231475266238,41.60855070516505]},"properties":{"id":"gnis-261827","name":"Isinglass Lake","kind":"backcountry","county":"Siskiyou"}},{"type":"Feature","geometry":{"type":"Point","coordinates":[-121.26481675224909,40.44982055969194]},"properties":{"id":"gnis-261830","name":"Island Lake","kind":"backcountry","county":"Lassen"}},{"type":"Feature","geometry":{"type":"Point","coordinates":[-120.12240969492466,38.865472082551086]},"properties":{"id":"gnis-261847","name":"Jabu Lake","kind":"backcountry","county":"El Dorado"}},{"type":"Feature","geometry":{"type":"Point","coordinates":[-118.96196861421673,37.282817146666794]},"properties":{"id":"gnis-261863","name":"Jackass Meadow","kind":"backcountry","county":"Fresno"}},{"type":"Feature","geometry":{"type":"Point","coordinates":[-120.83785699200132,41.58823501067142]},"properties":{"id":"gnis-261872","name":"Jacks Butte Tank","kind":"backcountry","county":"Modoc"}},{"type":"Feature","geometry":{"type":"Point","coordinates":[-121.13164009204023,39.94850492080218]},"properties":{"id":"gnis-261874","name":"Jacks Meadow Pond","kind":"backcountry","county":"Plumas"}},{"type":"Feature","geometry":{"type":"Point","coordinates":[-122.94223707522531,41.26006585289781]},"properties":{"id":"gnis-261882","name":"Jackson Lake","kind":"backcountry","county":"Siskiyou"}},{"type":"Feature","geometry":{"type":"Point","coordinates":[-120.56171142053903,39.46261961198432]},"properties":{"id":"gnis-261883","name":"Jackson Lake","kind":"backcountry","county":"Nevada"}},{"type":"Feature","geometry":{"type":"Point","coordinates":[-123.86446880902518,40.68890904912049]},"properties":{"id":"gnis-261903","name":"Jarnigan Pond","kind":"backcountry","county":"Humboldt"}},{"type":"Feature","geometry":{"type":"Point","coordinates":[-118.80131507212309,37.28834449527078]},"properties":{"id":"gnis-261905","name":"Jawbone Lake","kind":"backcountry","county":"Fresno"}},{"type":"Feature","geometry":{"type":"Point","coordinates":[-119.96201433313523,38.0332620071023]},"properties":{"id":"gnis-261907","name":"Jawbone Pass Pond","kind":"backcountry","county":"Tuolumne"}},{"type":"Feature","geometry":{"type":"Point","coordinates":[-123.13436598946654,41.542523465998066]},"properties":{"id":"gnis-261940","name":"Jewel Lake","kind":"backcountry","county":"Siskiyou"}},{"type":"Feature","geometry":{"type":"Point","coordinates":[-119.0996494398366,37.64554070811944]},"properties":{"id":"gnis-261991","name":"Johnston Lake","kind":"backcountry","county":"Madera"}},{"type":"Feature","geometry":{"type":"Point","coordinates":[-119.10251808752555,37.64579616606819]},"properties":{"id":"gnis-261992","name":"Johnston Meadow","kind":"backcountry","county":"Madera"}},{"type":"Feature","geometry":{"type":"Point","coordinates":[-121.44946099606953,39.988590203010844]},"properties":{"id":"gnis-262003","name":"Jones Meadow","kind":"backcountry","county":"Butte"}},{"type":"Feature","geometry":{"type":"Point","coordinates":[-122.94526653123161,41.01853232455065]},"properties":{"id":"gnis-262025","name":"Josephine Lake","kind":"backcountry","county":"Siskiyou"}},{"type":"Feature","geometry":{"type":"Point","coordinates":[-122.95144099353915,41.31650936348482]},"properties":{"id":"gnis-262026","name":"Josephine Lake","kind":"backcountry","county":"Siskiyou"}},{"type":"Feature","geometry":{"type":"Point","coordinates":[-119.1182956893407,37.31126777859335]},"properties":{"id":"gnis-262066","name":"Kaiser Peak Meadows","kind":"backcountry","county":"Fresno"}},{"type":"Feature","geometry":{"type":"Point","coordinates":[-119.76301370851742,38.14584720275434]},"properties":{"id":"gnis-262077","name":"Karls Lake","kind":"backcountry","county":"Tuolumne"}},{"type":"Feature","geometry":{"type":"Point","coordinates":[-123.21705810236072,41.4531642491786]},"properties":{"id":"gnis-262080","name":"Lake Katherine","kind":"backcountry","county":"Siskiyou"}},{"type":"Feature","geometry":{"type":"Point","coordinates":[-122.89066444711598,39.71957245560492]},"properties":{"id":"gnis-262098","name":"Keller Lake","kind":"backcountry","county":"Glenn"}},{"type":"Feature","geometry":{"type":"Point","coordinates":[-121.21342950497339,39.981502871785956]},"properties":{"id":"gnis-262103","name":"Kellogg Lake","kind":"backcountry","county":"Plumas"}},{"type":"Feature","geometry":{"type":"Point","coordinates":[-118.71276753449284,37.44271182799449]},"properties":{"id":"gnis-262138","name":"Kenneth Lake","kind":"backcountry","county":"Inyo"}},{"type":"Feature","geometry":{"type":"Point","coordinates":[-119.19790729497099,37.89770453373046]},"properties":{"id":"gnis-262169","name":"Kidney Lake","kind":"backcountry","county":"Mono"}},{"type":"Feature","geometry":{"type":"Point","coordinates":[-123.1372549130298,41.5011057589884]},"properties":{"id":"gnis-262210","name":"Kleaver Lake","kind":"backcountry","county":"Siskiyou"}},{"type":"Feature","geometry":{"type":"Point","coordinates":[-121.21110078160112,41.184337411300255]},"properties":{"id":"gnis-262242","name":"Kramer Reservoir","kind":"backcountry","county":"Modoc"}},{"type":"Feature","geometry":{"type":"Point","coordinates":[-121.57458584438443,39.71405117354142]},"properties":{"id":"gnis-262246","name":"Kunkle Reservoir","kind":"backcountry","county":"Butte"}},{"type":"Feature","geometry":{"type":"Point","coordinates":[-118.96609626964103,37.4934899195818]},"properties":{"id":"gnis-262268","name":"Lagoon Lake","kind":"backcountry","county":"Fresno"}},{"type":"Feature","geometry":{"type":"Point","coordinates":[-120.37933478590544,39.09068611602471]},"properties":{"id":"gnis-262269","name":"Lagoon Lake","kind":"backcountry","county":"Placer"}},{"type":"Feature","geometry":{"type":"Point","coordinates":[-123.16884068004097,41.41708196037725]},"properties":{"id":"gnis-262276","name":"Lake of the Island","kind":"backcountry","county":"Siskiyou"}},{"type":"Feature","geometry":{"type":"Point","coordinates":[-118.86471007554711,38.19931893107692]},"properties":{"id":"gnis-262319","name":"Larkin Lake","kind":"backcountry","county":"Mono"}},{"type":"Feature","geometry":{"type":"Point","coordinates":[-120.97226304967711,39.23754835576821]},"properties":{"id":"gnis-262361","name":"Lava Cap Reservoir","kind":"backcountry","county":"Nevada"}},{"type":"Feature","geometry":{"type":"Point","coordinates":[-121.29123673386277,41.457006328227855]},"properties":{"id":"gnis-262363","name":"Lava Lake","kind":"backcountry","county":"Modoc"}},{"type":"Feature","geometry":{"type":"Point","coordinates":[-120.47562133306464,41.66284694039631]},"properties":{"id":"gnis-262371","name":"Lauer Reservoir","kind":"backcountry","county":"Modoc"}},{"type":"Feature","geometry":{"type":"Point","coordinates":[-120.13756443995605,38.8704306233321]},"properties":{"id":"gnis-262381","name":"Lake Le Conte","kind":"backcountry","county":"El Dorado"}},{"type":"Feature","geometry":{"type":"Point","coordinates":[-118.55630699846374,37.12919388537041]},"properties":{"id":"gnis-262394","name":"Ledge Lake","kind":"backcountry","county":"Inyo"}},{"type":"Feature","geometry":{"type":"Point","coordinates":[-123.19158920756256,39.3825255474052]},"properties":{"id":"gnis-262405","name":"Lake Lee","kind":"backcountry","county":"Mendocino"}},{"type":"Feature","geometry":{"type":"Point","coordinates":[-119.76855337004126,38.141674412554366]},"properties":{"id":"gnis-262409","name":"Leighton Lake","kind":"backcountry","county":"Tuolumne"}},{"type":"Feature","geometry":{"type":"Point","coordinates":[-120.4785476157639,38.607411958905416]},"properties":{"id":"gnis-262412","name":"Leoni Fire Tank","kind":"backcountry","county":"El Dorado"}},{"type":"Feature","geometry":{"type":"Point","coordinates":[-119.805133610132,38.17731288302114]},"properties":{"id":"gnis-262414","name":"Leopold Lake","kind":"backcountry","county":"Tuolumne"}},{"type":"Feature","geometry":{"type":"Point","coordinates":[-119.72046194811819,38.13904985052294]},"properties":{"id":"gnis-262416","name":"Lertora Lake","kind":"backcountry","county":"Tuolumne"}},{"type":"Feature","geometry":{"type":"Point","coordinates":[-119.72748721561109,38.2194966450504]},"properties":{"id":"gnis-262431","name":"Lewis Lakes","kind":"backcountry","county":"Tuolumne"}},{"type":"Feature","geometry":{"type":"Point","coordinates":[-119.23153539435705,37.60410935902795]},"properties":{"id":"gnis-262457","name":"Lily Lake","kind":"backcountry","county":"Madera"}},{"type":"Feature","geometry":{"type":"Point","coordinates":[-120.18879065703057,39.03872117694571]},"properties":{"id":"gnis-262458","name":"Lily Lake","kind":"backcountry","county":"Placer"}},{"type":"Feature","geometry":{"type":"Point","coordinates":[-123.42108656797939,40.55777955319758]},"properties":{"id":"gnis-262460","name":"Lily Lake","kind":"backcountry","county":"Trinity"}},{"type":"Feature","geometry":{"type":"Point","coordinates":[-123.26859398757829,41.38043113657512]},"properties":{"id":"gnis-262461","name":"Lily Lake","kind":"backcountry","county":"Siskiyou"}},{"type":"Feature","geometry":{"type":"Point","coordinates":[-119.88707157476877,38.60522574521523]},"properties":{"id":"gnis-262465","name":"Lily Pad Lake","kind":"backcountry","county":"Alpine"}},{"type":"Feature","geometry":{"type":"Point","coordinates":[-123.18596944236654,41.921389156967805]},"properties":{"id":"gnis-262466","name":"Lily Pad Lake","kind":"backcountry","county":"Siskiyou"}},{"type":"Feature","geometry":{"type":"Point","coordinates":[-122.70890934874264,39.312588744154034]},"properties":{"id":"gnis-262467","name":"Lily Pond","kind":"backcountry","county":"Colusa"}},{"type":"Feature","geometry":{"type":"Point","coordinates":[-121.56252571915,40.53966241099186]},"properties":{"id":"gnis-262468","name":"Lily Pond","kind":"backcountry","county":"Shasta"}},{"type":"Feature","geometry":{"type":"Point","coordinates":[-122.96176793711217,41.33170211282226]},"properties":{"id":"gnis-262502","name":"Lipstick Lake","kind":"backcountry","county":"Siskiyou"}},{"type":"Feature","geometry":{"type":"Point","coordinates":[-119.7846721717642,38.080814813316195]},"properties":{"id":"gnis-262531","name":"Little Bear Lake","kind":"backcountry","county":"Tuolumne"}},{"type":"Feature","geometry":{"type":"Point","coordinates":[-122.9689832863226,41.04387142019088]},"properties":{"id":"gnis-262562","name":"Little Caribou Lake","kind":"backcountry","county":"Siskiyou"}},{"type":"Feature","geometry":{"type":"Point","coordinates":[-122.46369970301501,41.33704172447206]},"properties":{"id":"gnis-262576","name":"Little Crater Lake","kind":"backcountry","county":"Siskiyou"}},{"type":"Feature","geometry":{"type":"Point","coordinates":[-122.95301767071173,41.307774116216144]},"properties":{"id":"gnis-262595","name":"Little Duck Lake","kind":"backcountry","county":"Siskiyou"}},{"type":"Feature","geometry":{"type":"Point","coordinates":[-123.13292071875202,41.56323197660741]},"properties":{"id":"gnis-262597","name":"Little Elk Lake","kind":"backcountry","county":"Siskiyou"}},{"type":"Feature","geometry":{"type":"Point","coordinates":[-120.66577880009176,39.66654478244187]},"properties":{"id":"gnis-262605","name":"Little Gold Lake","kind":"backcountry","county":"Sierra"}},{"type":"Feature","geometry":{"type":"Point","coordinates":[-118.86138937584427,37.47482605453929]},"properties":{"id":"gnis-262615","name":"Little Grinnell Lake","kind":"backcountry","county":"Fresno"}},{"type":"Feature","geometry":{"type":"Point","coordinates":[-123.22501710031953,41.41560930064722]},"properties":{"id":"gnis-262625","name":"Little Hancock Lake","kind":"backcountry","county":"Siskiyou"}},{"type":"Feature","geometry":{"type":"Point","coordinates":[-122.91378523289806,41.24075053051464]},"properties":{"id":"gnis-262642","name":"Little Jackson Lake","kind":"backcountry","county":"Siskiyou"}},{"type":"Feature","geometry":{"type":"Point","coordinates":[-118.72146306115309,37.295717622775435]},"properties":{"id":"gnis-262651","name":"Little Lake","kind":"backcountry","county":"Fresno"}},{"type":"Feature","geometry":{"type":"Point","coordinates":[-123.0130486280255,40.98151124178353]},"properties":{"id":"gnis-262652","name":"Little Lake","kind":"backcountry","county":"Trinity"}},{"type":"Feature","geometry":{"type":"Point","coordinates":[-118.75365817787939,37.40298519601989]},"properties":{"id":"gnis-262654","name":"Little Lakes","kind":"backcountry","county":"Inyo"}},{"type":"Feature","geometry":{"type":"Point","coordinates":[-122.75959348284886,41.22057007632277]},"properties":{"id":"gnis-262663","name":"Little Marshy Lake","kind":"backcountry","county":"Trinity"}},{"type":"Feature","geometry":{"type":"Point","coordinates":[-118.8514402259505,37.493001953075535]},"properties":{"id":"gnis-262664","name":"Little McGee Lake","kind":"backcountry","county":"Mono"}},{"type":"Feature","geometry":{"type":"Point","coordinates":[-118.23482441670761,36.56605082323686]},"properties":{"id":"gnis-262670","name":"Little Meysan Lake","kind":"backcountry","county":"Inyo"}},{"type":"Feature","geometry":{"type":"Point","coordinates":[-118.80224021918644,37.273118407153085]},"properties":{"id":"gnis-262674","name":"Little Moccasin Lake","kind":"backcountry","county":"Fresno"}},{"type":"Feature","geometry":{"type":"Point","coordinates":[-120.29928825733708,39.181018922930456]},"properties":{"id":"gnis-262677","name":"Little Needle Lake","kind":"backcountry","county":"Placer"}},{"type":"Feature","geometry":{"type":"Point","coordinates":[-120.76046523482918,41.55956480407386]},"properties":{"id":"gnis-262690","name":"Little Porcupine Tank","kind":"backcountry","county":"Modoc"}},{"type":"Feature","geometry":{"type":"Point","coordinates":[-118.35053002143337,36.76928006777635]},"properties":{"id":"gnis-262691","name":"Little Pothole Lake","kind":"backcountry","county":"Inyo"}},{"type":"Feature","geometry":{"type":"Point","coordinates":[-120.58305387533352,38.553504740790366]},"properties":{"id":"gnis-262699","name":"Little Reservoir","kind":"backcountry","county":"El Dorado"}},{"type":"Feature","geometry":{"type":"Point","coordinates":[-120.64703992529871,39.93823004044483]},"properties":{"id":"gnis-262736","name":"Little Summit Lake","kind":"backcountry","county":"Plumas"}},{"type":"Feature","geometry":{"type":"Point","coordinates":[-121.16401684901528,40.508404823788226]},"properties":{"id":"gnis-262740","name":"Little Tule Lake","kind":"backcountry","county":"Lassen"}},{"type":"Feature","geometry":{"type":"Point","coordinates":[-121.53237328334492,39.629130648137924]},"properties":{"id":"gnis-262754","name":"Littlefield Reservoir","kind":"backcountry","county":"Butte"}},{"type":"Feature","geometry":{"type":"Point","coordinates":[-123.09973350981247,41.54558632049129]},"properties":{"id":"gnis-262773","name":"Log Lake","kind":"backcountry","county":"Siskiyou"}},{"type":"Feature","geometry":{"type":"Point","coordinates":[-122.37086250059563,41.43682182953931]},"properties":{"id":"gnis-262775","name":"Log Pond","kind":"backcountry","county":"Siskiyou"}},{"type":"Feature","geometry":{"type":"Point","coordinates":[-121.48439435205498,40.66187361236208]},"properties":{"id":"gnis-262785","name":"Logan Lake","kind":"backcountry","county":"Shasta"}},{"type":"Feature","geometry":{"type":"Point","coordinates":[-120.59573279786488,39.385568187327955]},"properties":{"id":"gnis-262817","name":"Loney Lake","kind":"backcountry","county":"Nevada"}},{"type":"Feature","geometry":{"type":"Point","coordinates":[-122.91915046764485,41.19172875759888]},"properties":{"id":"gnis-262844","name":"Trail Gulch Lake","kind":"backcountry","county":"Siskiyou"}},{"type":"Feature","geometry":{"type":"Point","coordinates":[-123.09491082964952,41.56484717521411]},"properties":{"id":"gnis-262846","name":"Long High Lake","kind":"backcountry","county":"Siskiyou"}},{"type":"Feature","geometry":{"type":"Point","coordinates":[-118.7591332163983,37.405605477817424]},"properties":{"id":"gnis-262851","name":"Long Lake","kind":"backcountry","county":"Inyo"}},{"type":"Feature","geometry":{"type":"Point","coordinates":[-120.08121393515859,38.575069298278805]},"properties":{"id":"gnis-262852","name":"Long Lake","kind":"backcountry","county":"Amador"}},{"type":"Feature","geometry":{"type":"Point","coordinates":[-121.0208803157231,40.51159806179798]},"properties":{"id":"gnis-262855","name":"Long Lake","kind":"backcountry","county":"Lassen"}},{"type":"Feature","geometry":{"type":"Point","coordinates":[-121.14332779462248,40.959825791787146]},"properties":{"id":"gnis-262914","name":"Loomis Reservoir","kind":"backcountry","county":"Lassen"}},{"type":"Feature","geometry":{"type":"Point","coordinates":[-119.11833109733593,37.639197847860586]},"properties":{"id":"gnis-262940","name":"Lost Dog Lake","kind":"backcountry","county":"Madera"}},{"type":"Feature","geometry":{"type":"Point","coordinates":[-118.93987028370454,37.59381596375576]},"properties":{"id":"gnis-262945","name":"Lost Lake","kind":"backcountry","county":"Mono"}},{"type":"Feature","geometry":{"type":"Point","coordinates":[-119.24189900266838,37.636025662255875]},"properties":{"id":"gnis-262946","name":"Lost Lake","kind":"backcountry","county":"Madera"}},{"type":"Feature","geometry":{"type":"Point","coordinates":[-119.12872836372433,37.6754604960976]},"properties":{"id":"gnis-262947","name":"Lois Lake","kind":"backcountry","county":"Madera"}},{"type":"Feature","geometry":{"type":"Point","coordinates":[-119.64846697093233,38.23040245290747]},"properties":{"id":"gnis-262948","name":"Lost Lake","kind":"backcountry","county":"Tuolumne"}},{"type":"Feature","geometry":{"type":"Point","coordinates":[-120.65245173859131,39.64369977443861]},"properties":{"id":"gnis-262950","name":"Lost Lake","kind":"backcountry","county":"Sierra"}},{"type":"Feature","geometry":{"type":"Point","coordinates":[-121.17525300174188,39.97072621929048]},"properties":{"id":"gnis-262951","name":"Lost Lake","kind":"backcountry","county":"Plumas"}},{"type":"Feature","geometry":{"type":"Point","coordinates":[-121.39752933290072,40.136077631554116]},"properties":{"id":"gnis-262952","name":"Lost Lake","kind":"backcountry","county":"Plumas"}},{"type":"Feature","geometry":{"type":"Point","coordinates":[-120.13953167137653,41.154675113000714]},"properties":{"id":"gnis-262953","name":"Lost Lake","kind":"backcountry","county":"Lassen"}},{"type":"Feature","geometry":{"type":"Point","coordinates":[-123.2702125424128,41.39593468132494]},"properties":{"id":"gnis-262954","name":"Lost Lake","kind":"backcountry","county":"Siskiyou"}},{"type":"Feature","geometry":{"type":"Point","coordinates":[-119.20971858327846,37.77400638145159]},"properties":{"id":"gnis-262957","name":"Lost Lakes","kind":"backcountry","county":"Mono"}},{"type":"Feature","geometry":{"type":"Point","coordinates":[-121.39553294396275,40.0228984623162]},"properties":{"id":"gnis-262967","name":"Lotts Lake","kind":"backcountry","county":"Plumas"}},{"type":"Feature","geometry":{"type":"Point","coordinates":[-120.18738356022406,39.0743588480868]},"properties":{"id":"gnis-262971","name":"Lake Louise","kind":"backcountry","county":"Placer"}},{"type":"Feature","geometry":{"type":"Point","coordinates":[-120.05137186279259,38.59920325765402]},"properties":{"id":"gnis-263003","name":"Lower Beebe Lake","kind":"backcountry","county":"Alpine"}},{"type":"Feature","geometry":{"type":"Point","coordinates":[-122.7943367553202,41.23884478110896]},"properties":{"id":"gnis-263005","name":"Lower Boulder Lake","kind":"backcountry","county":"Siskiyou"}},{"type":"Feature","geometry":{"type":"Point","coordinates":[-122.97680059570659,41.02831197418823]},"properties":{"id":"gnis-263009","name":"Lower Caribou Lake","kind":"backcountry","county":"Siskiyou"}},{"type":"Feature","geometry":{"type":"Point","coordinates":[-120.67391147114108,40.610026978081855]},"properties":{"id":"gnis-263012","name":"Lower Dry Lake","kind":"backcountry","county":"Lassen"}},{"type":"Feature","geometry":{"type":"Point","coordinates":[-121.69073182212708,41.90364604235745]},"properties":{"id":"gnis-263024","name":"Lower Klamath Lake Sump","kind":"backcountry","county":"Siskiyou"}},{"type":"Feature","geometry":{"type":"Point","coordinates":[-122.75710921888009,41.2659356718222]},"properties":{"id":"gnis-263032","name":"Lower Mill Lake","kind":"backcountry","county":"Siskiyou"}},{"type":"Feature","geometry":{"type":"Point","coordinates":[-118.73290279458095,37.38564314307543]},"properties":{"id":"gnis-263034","name":"Lower Morgan Lake","kind":"backcountry","county":"Inyo"}},{"type":"Feature","geometry":{"type":"Point","coordinates":[-120.69285893384478,41.98443155902188]},"properties":{"id":"gnis-263035","name":"Lower Muldoon Tank","kind":"backcountry","county":"Modoc"}},{"type":"Feature","geometry":{"type":"Point","coordinates":[-121.1483835534657,41.237469598908106]},"properties":{"id":"gnis-263039","name":"Lower Roberts Reservoir","kind":"backcountry","county":"Modoc"}},{"type":"Feature","geometry":{"type":"Point","coordinates":[-122.98001974176489,41.268132119685255]},"properties":{"id":"gnis-263043","name":"Lower Russian Lake","kind":"backcountry","county":"Siskiyou"}},{"type":"Feature","geometry":{"type":"Point","coordinates":[-119.19965972303737,37.85855023898549]},"properties":{"id":"gnis-263045","name":"Lower Sardine Lake","kind":"backcountry","county":"Mono"}},{"type":"Feature","geometry":{"type":"Point","coordinates":[-123.17736792529904,41.54976431692421]},"properties":{"id":"gnis-263046","name":"Lower Sky High Lake","kind":"backcountry","county":"Siskiyou"}},{"type":"Feature","geometry":{"type":"Point","coordinates":[-118.83433444522483,37.257548846304736]},"properties":{"id":"gnis-263049","name":"Lower Turret Lake","kind":"backcountry","county":"Fresno"}},{"type":"Feature","geometry":{"type":"Point","coordinates":[-121.36437732354727,40.507045247113716]},"properties":{"id":"gnis-263051","name":"Lower Twin Lake","kind":"backcountry","county":"Shasta"}},{"type":"Feature","geometry":{"type":"Point","coordinates":[-123.08693849170872,41.583588016997595]},"properties":{"id":"gnis-263053","name":"Lower Wright Lake","kind":"backcountry","county":"Siskiyou"}},{"type":"Feature","geometry":{"type":"Point","coordinates":[-120.11208674166811,38.86076621097418]},"properties":{"id":"gnis-263057","name":"Lake Lucille","kind":"backcountry","county":"El Dorado"}},{"type":"Feature","geometry":{"type":"Point","coordinates":[-120.18116351200908,38.85042067993319]},"properties":{"id":"gnis-263088","name":"Lyons Lake","kind":"backcountry","county":"El Dorado"}},{"type":"Feature","geometry":{"type":"Point","coordinates":[-120.33994921767514,39.325577331889214]},"properties":{"id":"gnis-263091","name":"Lytton Lake","kind":"backcountry","county":"Nevada"}},{"type":"Feature","geometry":{"type":"Point","coordinates":[-118.90921129060567,37.48449936009776]},"properties":{"id":"gnis-263092","name":"Mace Lake","kind":"backcountry","county":"Fresno"}},{"type":"Feature","geometry":{"type":"Point","coordinates":[-123.42112318780192,40.55395534936764]},"properties":{"id":"gnis-263108","name":"Maddox Lake","kind":"backcountry","county":"Trinity"}},{"type":"Feature","geometry":{"type":"Point","coordinates":[-120.73287368299837,40.533561319926655]},"properties":{"id":"gnis-263123","name":"Mahogany Lake","kind":"backcountry","county":"Lassen"}},{"type":"Feature","geometry":{"type":"Point","coordinates":[-119.01125555813735,37.60466417429723]},"properties":{"id":"gnis-263142","name":"Mammoth Lakes","kind":"backcountry","county":"Mono"}},{"type":"Feature","geometry":{"type":"Point","coordinates":[-119.812856638632,38.082655891765604]},"properties":{"id":"gnis-263157","name":"Many Island Lake","kind":"backcountry","county":"Tuolumne"}},{"type":"Feature","geometry":{"type":"Point","coordinates":[-120.76227849950152,41.603327035335134]},"properties":{"id":"gnis-263166","name":"Mapes Reservoir","kind":"backcountry","county":"Modoc"}},{"type":"Feature","geometry":{"type":"Point","coordinates":[-118.91417802730255,37.34768987634107]},"properties":{"id":"gnis-263203","name":"Marcella Lake","kind":"backcountry","county":"Fresno"}},{"type":"Feature","geometry":{"type":"Point","coordinates":[-118.55914512409429,37.135133490142664]},"properties":{"id":"gnis-263206","name":"Margaret Lake","kind":"backcountry","county":"Inyo"}},{"type":"Feature","geometry":{"type":"Point","coordinates":[-120.11655911120964,38.858728612914405]},"properties":{"id":"gnis-263207","name":"Lake Margery","kind":"backcountry","county":"El Dorado"}},{"type":"Feature","geometry":{"type":"Point","coordinates":[-119.24097299142575,37.73854841316001]},"properties":{"id":"gnis-263210","name":"Marie Lakes","kind":"backcountry","county":"Mono"}},{"type":"Feature","geometry":{"type":"Point","coordinates":[-118.75294850880493,37.421718483146606]},"properties":{"id":"gnis-263224","name":"Marsh Lake","kind":"backcountry","county":"Inyo"}},{"type":"Feature","geometry":{"type":"Point","coordinates":[-118.97967164165566,37.50596916696604]},"properties":{"id":"gnis-263225","name":"Marsh Lake","kind":"backcountry","county":"Fresno"}},{"type":"Feature","geometry":{"type":"Point","coordinates":[-118.55429687877664,37.15441353597099]},"properties":{"id":"gnis-263247","name":"Marie Louise Lakes","kind":"backcountry","county":"Inyo"}},{"type":"Feature","geometry":{"type":"Point","coordinates":[-120.32998404632829,39.311972728875496]},"properties":{"id":"gnis-263250","name":"Lake Mary","kind":"backcountry","county":"Placer"}},{"type":"Feature","geometry":{"type":"Point","coordinates":[-120.39384385155506,38.05149840312653]},"properties":{"id":"gnis-263263","name":"Matelot Reservoir","kind":"backcountry","county":"Tuolumne"}},{"type":"Feature","geometry":{"type":"Point","coordinates":[-118.35793545775117,36.76340613640404]},"properties":{"id":"gnis-263267","name":"Matlock Lake","kind":"backcountry","county":"Inyo"}},{"type":"Feature","geometry":{"type":"Point","coordinates":[-122.8386927074074,41.20985169103724]},"properties":{"id":"gnis-263274","name":"Mavis Lake","kind":"backcountry","county":"Siskiyou"}},{"type":"Feature","geometry":{"type":"Point","coordinates":[-119.67544522135908,38.15724941522929]},"properties":{"id":"gnis-263281","name":"Maxwell Lake","kind":"backcountry","county":"Tuolumne"}},{"type":"Feature","geometry":{"type":"Point","coordinates":[-120.96347350623753,41.07465292146442]},"properties":{"id":"gnis-263312","name":"McClelland Reservoir","kind":"backcountry","county":"Lassen"}},{"type":"Feature","geometry":{"type":"Point","coordinates":[-119.03059883023334,37.60797389542024]},"properties":{"id":"gnis-263317","name":"McCloud Lake","kind":"backcountry","county":"Mono"}},{"type":"Feature","geometry":{"type":"Point","coordinates":[-119.3143086727321,37.6415251227359]},"properties":{"id":"gnis-263319","name":"McClure Lake","kind":"backcountry","county":"Madera"}},{"type":"Feature","geometry":{"type":"Point","coordinates":[-120.88163975515688,40.6768419995101]},"properties":{"id":"gnis-263330","name":"McCoy Water Pit","kind":"backcountry","county":"Lassen"}},{"type":"Feature","geometry":{"type":"Point","coordinates":[-120.57817579606697,41.312174640704505]},"properties":{"id":"gnis-263346","name":"McGarva Reservoir","kind":"backcountry","county":"Modoc"}},{"type":"Feature","geometry":{"type":"Point","coordinates":[-120.58129033600541,41.301800505012416]},"properties":{"id":"gnis-263347","name":"McGarva Reservoir Two","kind":"backcountry","county":"Modoc"}},{"type":"Feature","geometry":{"type":"Point","coordinates":[-118.6612722872621,37.28408347576893]},"properties":{"id":"gnis-263354","name":"Longley Lake","kind":"backcountry","county":"Inyo"}},{"type":"Feature","geometry":{"type":"Point","coordinates":[-119.30086591361292,37.65459567470482]},"properties":{"id":"gnis-263355","name":"McGee Lake","kind":"backcountry","county":"Madera"}},{"type":"Feature","geometry":{"type":"Point","coordinates":[-121.55384870137785,40.392898105237606]},"properties":{"id":"gnis-263366","name":"McGowan Lake","kind":"backcountry","county":"Tehama"}},{"type":"Feature","geometry":{"type":"Point","coordinates":[-120.17726827141006,39.04070304997441]},"properties":{"id":"gnis-263396","name":"McKinney Lake","kind":"backcountry","county":"Placer"}},{"type":"Feature","geometry":{"type":"Point","coordinates":[-120.54886892916745,41.97435995095795]},"properties":{"id":"gnis-263473","name":"Meteorite Tank","kind":"backcountry","county":"Modoc"}},{"type":"Feature","geometry":{"type":"Point","coordinates":[-122.80060837222236,41.21663364687736]},"properties":{"id":"gnis-263492","name":"Middle Boulder Lake","kind":"backcountry","county":"Siskiyou"}},{"type":"Feature","geometry":{"type":"Point","coordinates":[-120.60534913631894,39.411086218382046]},"properties":{"id":"gnis-263542","name":"Middle Lake","kind":"backcountry","county":"Nevada"}},{"type":"Feature","geometry":{"type":"Point","coordinates":[-118.83293628935034,37.26812763503903]},"properties":{"id":"gnis-263551","name":"Middle Turret Lakes","kind":"backcountry","county":"Fresno"}},{"type":"Feature","geometry":{"type":"Point","coordinates":[-118.64731045462233,37.166082834880335]},"properties":{"id":"gnis-263556","name":"Midnight Lake","kind":"backcountry","county":"Inyo"}},{"type":"Feature","geometry":{"type":"Point","coordinates":[-120.32901056002123,39.1613764186678]},"properties":{"id":"gnis-263565","name":"Mildred Lakes","kind":"backcountry","county":"Placer"}},{"type":"Feature","geometry":{"type":"Point","coordinates":[-120.28298445386955,41.27758073332019]},"properties":{"id":"gnis-263612","name":"Mill Creek","kind":"backcountry","county":"Modoc"}},{"type":"Feature","geometry":{"type":"Point","coordinates":[-122.7754497312688,41.23816218025169]},"properties":{"id":"gnis-263617","name":"Mill Creek Lake","kind":"backcountry","county":"Siskiyou"}},{"type":"Feature","geometry":{"type":"Point","coordinates":[-123.08180747111271,41.5302447281288]},"properties":{"id":"gnis-263619","name":"Mill Creek Ponds","kind":"backcountry","county":"Siskiyou"}},{"type":"Feature","geometry":{"type":"Point","coordinates":[-120.20007842695341,39.035261144598465]},"properties":{"id":"gnis-263635","name":"Miller Lake","kind":"backcountry","county":"Placer"}},{"type":"Feature","geometry":{"type":"Point","coordinates":[-119.54017172978372,38.33730637582751]},"properties":{"id":"gnis-263644","name":"Millie Lake","kind":"backcountry","county":"Mono"}},{"type":"Feature","geometry":{"type":"Point","coordinates":[-118.77614859606365,37.402932706685185]},"properties":{"id":"gnis-263652","name":"Mills Lake","kind":"backcountry","county":"Inyo"}},{"type":"Feature","geometry":{"type":"Point","coordinates":[-123.13158054912911,41.499031763328894]},"properties":{"id":"gnis-263656","name":"Milne Lake","kind":"backcountry","county":"Siskiyou"}},{"type":"Feature","geometry":{"type":"Point","coordinates":[-119.515175912967,37.57888625844724]},"properties":{"id":"gnis-263690","name":"Minnow Lake","kind":"backcountry","county":"Madera"}},{"type":"Feature","geometry":{"type":"Point","coordinates":[-123.02845903718007,40.99557084740726]},"properties":{"id":"gnis-263698","name":"Mirror Lake","kind":"backcountry","county":"Trinity"}},{"type":"Feature","geometry":{"type":"Point","coordinates":[-122.2290958136701,40.66994660119361]},"properties":{"id":"gnis-263699","name":"Mirror Lake","kind":"backcountry","county":"Shasta"}},{"type":"Feature","geometry":{"type":"Point","coordinates":[-118.83696858052238,37.38125698605739]},"properties":{"id":"gnis-263708","name":"Mist Lake","kind":"backcountry","county":"Fresno"}},{"type":"Feature","geometry":{"type":"Point","coordinates":[-119.57222942583108,37.267190787592455]},"properties":{"id":"gnis-263728","name":"Lake Moic","kind":"backcountry","county":"Madera"}},{"type":"Feature","geometry":{"type":"Point","coordinates":[-121.39806008990992,40.858880770542825]},"properties":{"id":"gnis-263790","name":"Moon Springs Reservoir","kind":"backcountry","county":"Shasta"}},{"type":"Feature","geometry":{"type":"Point","coordinates":[-118.63518825580176,37.16236870174258]},"properties":{"id":"gnis-263793","name":"Moonlight Lake","kind":"backcountry","county":"Inyo"}},{"type":"Feature","geometry":{"type":"Point","coordinates":[-120.13037342969994,38.382948358044125]},"properties":{"id":"gnis-263812","name":"Lake Moran","kind":"backcountry","county":"Tuolumne"}},{"type":"Feature","geometry":{"type":"Point","coordinates":[-121.35317947408606,40.006540419747004]},"properties":{"id":"gnis-263840","name":"Morris Lake","kind":"backcountry","county":"Plumas"}},{"type":"Feature","geometry":{"type":"Point","coordinates":[-121.11728707004369,39.35853998066925]},"properties":{"id":"gnis-263842","name":"Morris Reservoir","kind":"backcountry","county":"Nevada"}},{"type":"Feature","geometry":{"type":"Point","coordinates":[-120.94501375956283,40.767709754852646]},"properties":{"id":"gnis-263865","name":"Mosquito Flat","kind":"backcountry","county":"Lassen"}},{"type":"Feature","geometry":{"type":"Point","coordinates":[-119.67317078946763,38.202524885713984]},"properties":{"id":"gnis-263869","name":"Mosquito Lake","kind":"backcountry","county":"Tuolumne"}},{"type":"Feature","geometry":{"type":"Point","coordinates":[-120.11719838201022,38.57617221973663]},"properties":{"id":"gnis-263871","name":"Mosquito Lake","kind":"backcountry","county":"Amador"}},{"type":"Feature","geometry":{"type":"Point","coordinates":[-122.75454403826377,41.23253298185379]},"properties":{"id":"gnis-263872","name":"Mosquito Lake","kind":"backcountry","county":"Trinity"}},{"type":"Feature","geometry":{"type":"Point","coordinates":[-123.68394493619037,41.37372735229401]},"properties":{"id":"gnis-263873","name":"Mosquito Lake","kind":"backcountry","county":"Humboldt"}},{"type":"Feature","geometry":{"type":"Point","coordinates":[-120.27425605875136,39.21691522812339]},"properties":{"id":"gnis-263903","name":"Mountain Meadow Lake","kind":"backcountry","county":"Placer"}},{"type":"Feature","geometry":{"type":"Point","coordinates":[-119.52298276057118,38.33753232825618]},"properties":{"id":"gnis-263928","name":"Mud Lake","kind":"backcountry","county":"Mono"}},{"type":"Feature","geometry":{"type":"Point","coordinates":[-121.20819402468285,39.93650569981294]},"properties":{"id":"gnis-263930","name":"Mud Lake","kind":"backcountry","county":"Plumas"}},{"type":"Feature","geometry":{"type":"Point","coordinates":[-121.14330709204845,39.94517141936949]},"properties":{"id":"gnis-263931","name":"Mud Lake","kind":"backcountry","county":"Plumas"}},{"type":"Feature","geometry":{"type":"Point","coordinates":[-120.99257334919331,40.51320127776381]},"properties":{"id":"gnis-263932","name":"Mud Lake","kind":"backcountry","county":"Lassen"}},{"type":"Feature","geometry":{"type":"Point","coordinates":[-123.6897633745913,40.79710316234188]},"properties":{"id":"gnis-263934","name":"Mud Lake","kind":"backcountry","county":"Humboldt"}},{"type":"Feature","geometry":{"type":"Point","coordinates":[-121.1834645242119,41.49170833752432]},"properties":{"id":"gnis-263935","name":"Mud Lake","kind":"backcountry","county":"Modoc"}},{"type":"Feature","geometry":{"type":"Point","coordinates":[-122.06929404604399,41.75175801897009]},"properties":{"id":"gnis-263936","name":"Mud Lake","kind":"backcountry","county":"Siskiyou"}},{"type":"Feature","geometry":{"type":"Point","coordinates":[-118.34348300662573,36.88986084425904]},"properties":{"id":"gnis-263953","name":"Mule Lake","kind":"backcountry","county":"Inyo"}},{"type":"Feature","geometry":{"type":"Point","coordinates":[-123.2346961636383,41.06479931730924]},"properties":{"id":"gnis-263957","name":"Mullane Lake","kind":"backcountry","county":"Trinity"}},{"type":"Feature","geometry":{"type":"Point","coordinates":[-120.4377129059785,38.59074626161499]},"properties":{"id":"gnis-263993","name":"Myers Fire Tank","kind":"backcountry","county":"El Dorado"}},{"type":"Feature","geometry":{"type":"Point","coordinates":[-120.29732305970242,39.20083822453868]},"properties":{"id":"gnis-264019","name":"Needle Lake","kind":"backcountry","county":"Placer"}},{"type":"Feature","geometry":{"type":"Point","coordinates":[-118.80373528980537,37.28165441083285]},"properties":{"id":"gnis-264025","name":"Negit Lake","kind":"backcountry","county":"Fresno"}},{"type":"Feature","geometry":{"type":"Point","coordinates":[-120.9460721564272,41.297771942967024]},"properties":{"id":"gnis-264094","name":"Niles Flat","kind":"backcountry","county":"Modoc"}},{"type":"Feature","geometry":{"type":"Point","coordinates":[-119.77733925194771,38.528073889493314]},"properties":{"id":"gnis-264104","name":"Noble Lake","kind":"backcountry","county":"Alpine"}},{"type":"Feature","geometry":{"type":"Point","coordinates":[-119.14798889379614,37.62729547152935]},"properties":{"id":"gnis-264113","name":"Noname Lake","kind":"backcountry","county":"Madera"}},{"type":"Feature","geometry":{"type":"Point","coordinates":[-119.29679560124652,38.066791414989545]},"properties":{"id":"gnis-264261","name":"Nutter Lake","kind":"backcountry","county":"Mono"}},{"type":"Feature","geometry":{"type":"Point","coordinates":[-119.17200978879794,37.69370261747368]},"properties":{"id":"gnis-264262","name":"Nydiver Lakes","kind":"backcountry","county":"Madera"}},{"type":"Feature","geometry":{"type":"Point","coordinates":[-120.68363509089794,39.67715395560378]},"properties":{"id":"gnis-264297","name":"Oakland Pond","kind":"backcountry","county":"Sierra"}},{"type":"Feature","geometry":{"type":"Point","coordinates":[-119.1139247189335,37.69435302204909]},"properties":{"id":"gnis-264314","name":"Olaine Lake","kind":"backcountry","county":"Madera"}},{"type":"Feature","geometry":{"type":"Point","coordinates":[-118.82763547908077,37.27328412791672]},"properties":{"id":"gnis-264336","name":"Tubbe Paa Lake","kind":"backcountry","county":"Fresno"}},{"type":"Feature","geometry":{"type":"Point","coordinates":[-121.59729197861112,41.882279137311485]},"properties":{"id":"gnis-264357","name":"Lake One","kind":"backcountry","county":"Siskiyou"}},{"type":"Feature","geometry":{"type":"Point","coordinates":[-119.31933321961075,38.04249350677722]},"properties":{"id":"gnis-264369","name":"Onion Lake","kind":"backcountry","county":"Tuolumne"}},{"type":"Feature","geometry":{"type":"Point","coordinates":[-123.74913762749974,41.378532823344955]},"properties":{"id":"gnis-264370","name":"Onion Lake","kind":"backcountry","county":"Humboldt"}},{"type":"Feature","geometry":{"type":"Point","coordinates":[-120.63600160136062,41.97269104085502]},"properties":{"id":"gnis-264393","name":"Oregon Rim Reservoir","kind":"backcountry","county":"Modoc"}},{"type":"Feature","geometry":{"type":"Point","coordinates":[-120.13558636227687,38.8380642927121]},"properties":{"id":"gnis-264407","name":"Osma Lake","kind":"backcountry","county":"El Dorado"}},{"type":"Feature","geometry":{"type":"Point","coordinates":[-123.1297588241234,41.49632116732206]},"properties":{"id":"gnis-264409","name":"Osprey Lake","kind":"backcountry","county":"Siskiyou"}},{"type":"Feature","geometry":{"type":"Point","coordinates":[-121.72420066278968,41.10777333787559]},"properties":{"id":"gnis-264424","name":"Owl Lake","kind":"backcountry","county":"Shasta"}},{"type":"Feature","geometry":{"type":"Point","coordinates":[-120.30788308554895,39.65285240045005]},"properties":{"id":"gnis-264456","name":"Palen Reservoir","kind":"backcountry","county":"Sierra"}},{"type":"Feature","geometry":{"type":"Point","coordinates":[-121.65883839470752,41.7804012054796]},"properties":{"id":"gnis-264464","name":"Panhandle Lake","kind":"backcountry","county":"Siskiyou"}},{"type":"Feature","geometry":{"type":"Point","coordinates":[-118.80966023156803,37.28244522027909]},"properties":{"id":"gnis-264496","name":"Paoha Lake","kind":"backcountry","county":"Fresno"}},{"type":"Feature","geometry":{"type":"Point","coordinates":[-123.06721601378186,40.97201142136914]},"properties":{"id":"gnis-264501","name":"Papoose Lake","kind":"backcountry","county":"Trinity"}},{"type":"Feature","geometry":{"type":"Point","coordinates":[-119.33058026081692,38.086561639006945]},"properties":{"id":"gnis-264504","name":"Par Value Lakes","kind":"backcountry","county":"Mono"}},{"type":"Feature","geometry":{"type":"Point","coordinates":[-120.36182384522373,39.399546885770356]},"properties":{"id":"gnis-264510","name":"Paradise Lake","kind":"backcountry","county":"Nevada"}},{"type":"Feature","geometry":{"type":"Point","coordinates":[-120.10732695974471,38.59129373672394]},"properties":{"id":"gnis-264517","name":"Pardoe Lake","kind":"backcountry","county":"Amador"}},{"type":"Feature","geometry":{"type":"Point","coordinates":[-118.35970961696258,36.80099109695404]},"properties":{"id":"gnis-264528","name":"Parker Lakes","kind":"backcountry","county":"Inyo"}},{"type":"Feature","geometry":{"type":"Point","coordinates":[-119.21117905169098,37.83506116547037]},"properties":{"id":"gnis-264530","name":"Parker Pass Lake","kind":"backcountry","county":"Tuolumne"}},{"type":"Feature","geometry":{"type":"Point","coordinates":[-120.46127315747901,41.39691510633582]},"properties":{"id":"gnis-264577","name":"Payne Reservoir","kind":"backcountry","county":"Modoc"}},{"type":"Feature","geometry":{"type":"Point","coordinates":[-122.10068362369208,40.301776492216675]},"properties":{"id":"gnis-264579","name":"Paynes Creek","kind":"backcountry","county":"Tehama"}},{"type":"Feature","geometry":{"type":"Point","coordinates":[-121.621138541159,40.307413722382115]},"properties":{"id":"gnis-264594","name":"Pear Lake","kind":"backcountry","county":"Tehama"}},{"type":"Feature","geometry":{"type":"Point","coordinates":[-120.25696520351765,38.89190841611136]},"properties":{"id":"gnis-264599","name":"Pearl Lake","kind":"backcountry","county":"El Dorado"}},{"type":"Feature","geometry":{"type":"Point","coordinates":[-120.59636313761492,41.898621246758715]},"properties":{"id":"gnis-264603","name":"Pease Flat","kind":"backcountry","county":"Modoc"}},{"type":"Feature","geometry":{"type":"Point","coordinates":[-118.81508287135644,37.260315887740944]},"properties":{"id":"gnis-264631","name":"Pemmican Lake","kind":"backcountry","county":"Fresno"}},{"type":"Feature","geometry":{"type":"Point","coordinates":[-118.82185058826414,37.259474154409446]},"properties":{"id":"gnis-264632","name":"Pendant Lake","kind":"backcountry","county":"Fresno"}},{"type":"Feature","geometry":{"type":"Point","coordinates":[-120.61505656124783,39.41917201227797]},"properties":{"id":"gnis-264637","name":"Penner Lake","kind":"backcountry","county":"Nevada"}},{"type":"Feature","geometry":{"type":"Point","coordinates":[-121.95952037197381,39.58887812562849]},"properties":{"id":"gnis-264652","name":"Perkins Lake","kind":"backcountry","county":"Butte"}},{"type":"Feature","geometry":{"type":"Point","coordinates":[-122.93633619573583,40.41586019710088]},"properties":{"id":"gnis-264685","name":"Philpot Lake","kind":"backcountry","county":"Shasta"}},{"type":"Feature","geometry":{"type":"Point","coordinates":[-122.52419803310985,41.221906379353456]},"properties":{"id":"gnis-264693","name":"Picayune Lake","kind":"backcountry","county":"Trinity"}},{"type":"Feature","geometry":{"type":"Point","coordinates":[-123.2579400240042,41.26495560862122]},"properties":{"id":"gnis-264694","name":"Picayune Lake","kind":"backcountry","county":"Siskiyou"}},{"type":"Feature","geometry":{"type":"Point","coordinates":[-121.1650858504916,40.51317493843134]},"properties":{"id":"gnis-264764","name":"Pine Lake","kind":"backcountry","county":"Lassen"}},{"type":"Feature","geometry":{"type":"Point","coordinates":[-123.23302097002514,41.40276899673608]},"properties":{"id":"gnis-264765","name":"Pine Lake","kind":"backcountry","county":"Siskiyou"}},{"type":"Feature","geometry":{"type":"Point","coordinates":[-121.04825662222865,41.764246743798466]},"properties":{"id":"gnis-264791","name":"Pinnacle Lake","kind":"backcountry","county":"Modoc"}},{"type":"Feature","geometry":{"type":"Point","coordinates":[-121.2003840769926,40.6614618890833]},"properties":{"id":"gnis-264892","name":"Poison Lake","kind":"backcountry","county":"Lassen"}},{"type":"Feature","geometry":{"type":"Point","coordinates":[-122.96507480096302,41.18044218303279]},"properties":{"id":"gnis-264893","name":"Poison Lake","kind":"backcountry","county":"Siskiyou"}},{"type":"Feature","geometry":{"type":"Point","coordinates":[-120.24700595296682,41.95559030696243]},"properties":{"id":"gnis-264894","name":"Poison Lake","kind":"backcountry","county":"Modoc"}},{"type":"Feature","geometry":{"type":"Point","coordinates":[-119.1026599584584,37.54229812060274]},"properties":{"id":"gnis-264920","name":"Pond Lily Lake","kind":"backcountry","county":"Madera"}},{"type":"Feature","geometry":{"type":"Point","coordinates":[-123.24559289871459,41.05245961770243]},"properties":{"id":"gnis-264935","name":"Pony Lake","kind":"backcountry","county":"Trinity"}},{"type":"Feature","geometry":{"type":"Point","coordinates":[-121.61223081895393,41.40619568460984]},"properties":{"id":"gnis-264955","name":"Porcupine Lake","kind":"backcountry","county":"Siskiyou"}},{"type":"Feature","geometry":{"type":"Point","coordinates":[-121.3771164457791,40.76185826499626]},"properties":{"id":"gnis-264956","name":"Porcupine Reservoir","kind":"backcountry","county":"Shasta"}},{"type":"Feature","geometry":{"type":"Point","coordinates":[-119.33535433673309,37.62805494839178]},"properties":{"id":"gnis-264958","name":"Porphyry Lake","kind":"backcountry","county":"Madera"}},{"type":"Feature","geometry":{"type":"Point","coordinates":[-119.34677131763145,37.62639009943556]},"properties":{"id":"gnis-264987","name":"Post Lakes","kind":"backcountry","county":"Madera"}},{"type":"Feature","geometry":{"type":"Point","coordinates":[-123.79498935268845,40.78726572250587]},"properties":{"id":"gnis-265023","name":"Lake Prairie","kind":"backcountry","county":"Humboldt"}},{"type":"Feature","geometry":{"type":"Point","coordinates":[-119.76191952546705,38.11228937671309]},"properties":{"id":"gnis-265053","name":"Pruett Lake","kind":"backcountry","county":"Tuolumne"}},{"type":"Feature","geometry":{"type":"Point","coordinates":[-122.06922766862934,41.729724148211204]},"properties":{"id":"gnis-265064","name":"Pumpkinseed Lake","kind":"backcountry","county":"Siskiyou"}},{"type":"Feature","geometry":{"type":"Point","coordinates":[-120.68707350763225,39.28939574151983]},"properties":{"id":"gnis-265072","name":"Lake Putt","kind":"backcountry","county":"Placer"}},{"type":"Feature","geometry":{"type":"Point","coordinates":[-120.14102476300691,38.847601358779464]},"properties":{"id":"gnis-265076","name":"Pyramid Lake","kind":"backcountry","county":"El Dorado"}},{"type":"Feature","geometry":{"type":"Point","coordinates":[-123.36570682669534,41.28884113237291]},"properties":{"id":"gnis-265082","name":"Quail Flat","kind":"backcountry","county":"Siskiyou"}},{"type":"Feature","geometry":{"type":"Point","coordinates":[-120.166035012157,39.07009431336157]},"properties":{"id":"gnis-265086","name":"Quail Lake","kind":"backcountry","county":"Placer"}},{"type":"Feature","geometry":{"type":"Point","coordinates":[-120.23096699620123,41.983400979572444]},"properties":{"id":"gnis-265124","name":"Rack Lake","kind":"backcountry","county":"Modoc"}},{"type":"Feature","geometry":{"type":"Point","coordinates":[-118.7653015450091,37.08428058685992]},"properties":{"id":"gnis-265141","name":"Rainbow Lake","kind":"backcountry","county":"Fresno"}},{"type":"Feature","geometry":{"type":"Point","coordinates":[-119.0834691771785,37.15308104467907]},"properties":{"id":"gnis-265142","name":"Rainbow Lake","kind":"backcountry","county":"Fresno"}},{"type":"Feature","geometry":{"type":"Point","coordinates":[-121.34928481469704,40.51213516065067]},"properties":{"id":"gnis-265143","name":"Rainbow Lake","kind":"backcountry","county":"Shasta"}},{"type":"Feature","geometry":{"type":"Point","coordinates":[-121.9382049286216,41.45588208779707]},"properties":{"id":"gnis-265144","name":"Rainbow Lake","kind":"backcountry","county":"Siskiyou"}},{"type":"Feature","geometry":{"type":"Point","coordinates":[-123.23865014058217,41.560542196987456]},"properties":{"id":"gnis-265152","name":"Rainy Lake","kind":"backcountry","county":"Siskiyou"}},{"type":"Feature","geometry":{"type":"Point","coordinates":[-120.09961941550527,38.841651466434335]},"properties":{"id":"gnis-265156","name":"Ralston Lake","kind":"backcountry","county":"El Dorado"}},{"type":"Feature","geometry":{"type":"Point","coordinates":[-119.19000229294727,37.4776712934377]},"properties":{"id":"gnis-265217","name":"Rattlesnake Lake","kind":"backcountry","county":"Madera"}},{"type":"Feature","geometry":{"type":"Point","coordinates":[-123.19312276110996,41.024339129442154]},"properties":{"id":"gnis-265218","name":"Rattlesnake Lake","kind":"backcountry","county":"Trinity"}},{"type":"Feature","geometry":{"type":"Point","coordinates":[-123.94899097610437,41.7007831086666]},"properties":{"id":"gnis-265219","name":"Rattlesnake Lake","kind":"backcountry","county":"Del Norte"}},{"type":"Feature","geometry":{"type":"Point","coordinates":[-118.96862911450035,37.56723099674415]},"properties":{"id":"gnis-265285","name":"Red Lake","kind":"backcountry","county":"Mono"}},{"type":"Feature","geometry":{"type":"Point","coordinates":[-121.60638655668353,40.5937747319552]},"properties":{"id":"gnis-265287","name":"Red Lake","kind":"backcountry","county":"Shasta"}},{"type":"Feature","geometry":{"type":"Point","coordinates":[-121.0748255957204,41.795066022551254]},"properties":{"id":"gnis-265288","name":"Red Lake","kind":"backcountry","county":"Modoc"}},{"type":"Feature","geometry":{"type":"Point","coordinates":[-119.54019780338484,38.262391253013796]},"properties":{"id":"gnis-265338","name":"Red Top Lake","kind":"backcountry","county":"Mono"}},{"type":"Feature","geometry":{"type":"Point","coordinates":[-121.56558947912205,40.53731629066381]},"properties":{"id":"gnis-265364","name":"Reflection Lake","kind":"backcountry","county":"Shasta"}},{"type":"Feature","geometry":{"type":"Point","coordinates":[-120.02110998793135,38.369928040242065]},"properties":{"id":"gnis-265389","name":"Rhodes Lake","kind":"backcountry","county":"Tuolumne"}},{"type":"Feature","geometry":{"type":"Point","coordinates":[-119.9599184818307,38.60989008758637]},"properties":{"id":"gnis-265396","name":"Rice Lake","kind":"backcountry","county":"Alpine"}},{"type":"Feature","geometry":{"type":"Point","coordinates":[-120.2122479831591,39.022858445001475]},"properties":{"id":"gnis-265410","name":"Richardson Lake","kind":"backcountry","county":"El Dorado"}},{"type":"Feature","geometry":{"type":"Point","coordinates":[-120.65212627447231,40.368868294363885]},"properties":{"id":"gnis-265414","name":"Ridenoure Reservoir","kind":"backcountry","county":"Lassen"}},{"type":"Feature","geometry":{"type":"Point","coordinates":[-119.74373786127171,38.22113357134009]},"properties":{"id":"gnis-265417","name":"Ridge Lake","kind":"backcountry","county":"Tuolumne"}},{"type":"Feature","geometry":{"type":"Point","coordinates":[-121.2001122503809,41.70719835251616]},"properties":{"id":"gnis-265427","name":"Rimrock Lake","kind":"backcountry","county":"Modoc"}},{"type":"Feature","geometry":{"type":"Point","coordinates":[-121.5255456928252,40.90004266416034]},"properties":{"id":"gnis-265434","name":"Rising River Lake","kind":"backcountry","county":"Shasta"}},{"type":"Feature","geometry":{"type":"Point","coordinates":[-118.6160944000461,37.93003686787763]},"properties":{"id":"gnis-265438","name":"River Spring Lakes","kind":"backcountry","county":"Mono"}},{"type":"Feature","geometry":{"type":"Point","coordinates":[-121.85044338811886,39.832735153512154]},"properties":{"id":"gnis-265489","name":"Rock Creek","kind":"backcountry","county":"Butte"}},{"type":"Feature","geometry":{"type":"Point","coordinates":[-121.14191809180332,39.94100472034676]},"properties":{"id":"gnis-265505","name":"Rock Lake","kind":"backcountry","county":"Plumas"}},{"type":"Feature","geometry":{"type":"Point","coordinates":[-121.23651545408873,40.2339721052152]},"properties":{"id":"gnis-265506","name":"Rock Lake","kind":"backcountry","county":"Plumas"}},{"type":"Feature","geometry":{"type":"Point","coordinates":[-120.71756987871525,41.970536168754144]},"properties":{"id":"gnis-265533","name":"Rocky Flat Tank","kind":"backcountry","county":"Modoc"}},{"type":"Feature","geometry":{"type":"Point","coordinates":[-119.22736710633582,37.735219991668274]},"properties":{"id":"gnis-265551","name":"Rodgers Lakes","kind":"backcountry","county":"Mono"}},{"type":"Feature","geometry":{"type":"Point","coordinates":[-120.1313581440498,38.838957744670445]},"properties":{"id":"gnis-265566","name":"Ropi Lake","kind":"backcountry","county":"El Dorado"}},{"type":"Feature","geometry":{"type":"Point","coordinates":[-118.87334993720249,37.31868420831828]},"properties":{"id":"gnis-265578","name":"Rosemarie Meadow","kind":"backcountry","county":"Fresno"}},{"type":"Feature","geometry":{"type":"Point","coordinates":[-118.87075058197784,37.46495898849544]},"properties":{"id":"gnis-265583","name":"Rosy Finch Lake","kind":"backcountry","county":"Fresno"}},{"type":"Feature","geometry":{"type":"Point","coordinates":[-120.61365067087873,39.395982270343595]},"properties":{"id":"gnis-265598","name":"Round Lake","kind":"backcountry","county":"Nevada"}},{"type":"Feature","geometry":{"type":"Point","coordinates":[-120.66617929150331,40.512253611887466]},"properties":{"id":"gnis-265630","name":"Round Valley Reservoir","kind":"backcountry","county":"Lassen"}},{"type":"Feature","geometry":{"type":"Point","coordinates":[-120.65213304058302,39.355467443771865]},"properties":{"id":"gnis-265659","name":"Rucker Lake","kind":"backcountry","county":"Nevada"}},{"type":"Feature","geometry":{"type":"Point","coordinates":[-122.96745871323311,41.38237707855658]},"properties":{"id":"gnis-265668","name":"Ruffey Lakes","kind":"backcountry","county":"Siskiyou"}},{"type":"Feature","geometry":{"type":"Point","coordinates":[-122.96265957881204,41.15152818928556]},"properties":{"id":"gnis-265682","name":"Rush Creek Lake","kind":"backcountry","county":"Siskiyou"}},{"type":"Feature","geometry":{"type":"Point","coordinates":[-118.548173485693,37.137986804105346]},"properties":{"id":"gnis-265697","name":"Ruwau Lake","kind":"backcountry","county":"Inyo"}},{"type":"Feature","geometry":{"type":"Point","coordinates":[-120.56184950417462,39.30498340367593]},"properties":{"id":"gnis-265699","name":"S P Lakes","kind":"backcountry","county":"Placer"}},{"type":"Feature","geometry":{"type":"Point","coordinates":[-119.30395189970173,37.6424968195263]},"properties":{"id":"gnis-265717","name":"Sadler Lake","kind":"backcountry","county":"Madera"}},{"type":"Feature","geometry":{"type":"Point","coordinates":[-121.25492805268574,41.90244884094856]},"properties":{"id":"gnis-265725","name":"Sage Lake","kind":"backcountry","county":"Modoc"}},{"type":"Feature","geometry":{"type":"Point","coordinates":[-118.63852700984519,37.16575123659073]},"properties":{"id":"gnis-265735","name":"Sailor Lake","kind":"backcountry","county":"Inyo"}},{"type":"Feature","geometry":{"type":"Point","coordinates":[-120.51566514810756,39.28233951170943]},"properties":{"id":"gnis-265757","name":"Salmon Lake","kind":"backcountry","county":"Placer"}},{"type":"Feature","geometry":{"type":"Point","coordinates":[-120.1403181940185,38.49537198285378]},"properties":{"id":"gnis-265791","name":"Salt Springs","kind":"backcountry","county":"Calaveras"}},{"type":"Feature","geometry":{"type":"Point","coordinates":[-118.51218934157362,37.115197563600546]},"properties":{"id":"gnis-265793","name":"Sam Mack Lake","kind":"backcountry","county":"Inyo"}},{"type":"Feature","geometry":{"type":"Point","coordinates":[-120.38923596486474,38.03100452468222]},"properties":{"id":"gnis-265798","name":"San Diego Reservoir","kind":"backcountry","county":"Tuolumne"}},{"type":"Feature","geometry":{"type":"Point","coordinates":[-120.62163049268416,39.61684339980759]},"properties":{"id":"gnis-265813","name":"Sand Pond","kind":"backcountry","county":"Sierra"}},{"type":"Feature","geometry":{"type":"Point","coordinates":[-120.60373027246393,39.38773803334924]},"properties":{"id":"gnis-265827","name":"Sanford Lake","kind":"backcountry","county":"Nevada"}},{"type":"Feature","geometry":{"type":"Point","coordinates":[-119.73498537243928,38.22268383494789]},"properties":{"id":"gnis-265837","name":"Sardella Lake","kind":"backcountry","county":"Tuolumne"}},{"type":"Feature","geometry":{"type":"Point","coordinates":[-118.35213739853081,36.79690954018728]},"properties":{"id":"gnis-265845","name":"Sardine Lake","kind":"backcountry","county":"Inyo"}},{"type":"Feature","geometry":{"type":"Point","coordinates":[-120.07788218527942,38.83334143603857]},"properties":{"id":"gnis-265851","name":"Saucer Lake","kind":"backcountry","county":"El Dorado"}},{"type":"Feature","geometry":{"type":"Point","coordinates":[-121.34916068908434,40.050430731483836]},"properties":{"id":"gnis-265852","name":"Saucer Lake","kind":"backcountry","county":"Plumas"}},{"type":"Feature","geometry":{"type":"Point","coordinates":[-123.268903822808,41.278849710585575]},"properties":{"id":"gnis-265889","name":"Sawpit Flat","kind":"backcountry","county":"Siskiyou"}},{"type":"Feature","geometry":{"type":"Point","coordinates":[-118.65579092370523,37.18539304636557]},"properties":{"id":"gnis-265916","name":"Schober Lakes","kind":"backcountry","county":"Inyo"}},{"type":"Feature","geometry":{"type":"Point","coordinates":[-122.64286837202232,41.08662523549961]},"properties":{"id":"gnis-265932","name":"Scorpion Lake","kind":"backcountry","county":"Trinity"}},{"type":"Feature","geometry":{"type":"Point","coordinates":[-120.05441194317372,38.647756307924865]},"properties":{"id":"gnis-265948","name":"Scout Carson Lake","kind":"backcountry","county":"Alpine"}},{"type":"Feature","geometry":{"type":"Point","coordinates":[-120.19824914891278,38.853082559161656]},"properties":{"id":"gnis-265976","name":"Secret Lake","kind":"backcountry","county":"El Dorado"}},{"type":"Feature","geometry":{"type":"Point","coordinates":[-120.53843970521282,39.45646713853787]},"properties":{"id":"gnis-265977","name":"Secret Lake","kind":"backcountry","county":"Nevada"}},{"type":"Feature","geometry":{"type":"Point","coordinates":[-122.84503081401367,41.20200849119584]},"properties":{"id":"gnis-265982","name":"Section Line Lake","kind":"backcountry","county":"Siskiyou"}},{"type":"Feature","geometry":{"type":"Point","coordinates":[-118.74433878472901,37.43839262720762]},"properties":{"id":"gnis-266001","name":"Serene Lake","kind":"backcountry","county":"Inyo"}},{"type":"Feature","geometry":{"type":"Point","coordinates":[-121.78272714861502,40.74740705186321]},"properties":{"id":"gnis-266010","name":"Seven Lakes","kind":"backcountry","county":"Shasta"}},{"type":"Feature","geometry":{"type":"Point","coordinates":[-118.51687904682004,37.13783289491861]},"properties":{"id":"gnis-266015","name":"Seventh Lake","kind":"backcountry","county":"Inyo"}},{"type":"Feature","geometry":{"type":"Point","coordinates":[-120.2729695014829,38.96983985217564]},"properties":{"id":"gnis-266022","name":"Shadow Lake","kind":"backcountry","county":"El Dorado"}},{"type":"Feature","geometry":{"type":"Point","coordinates":[-123.17515859341793,41.54698149522337]},"properties":{"id":"gnis-266023","name":"Shadow Lake","kind":"backcountry","county":"Siskiyou"}},{"type":"Feature","geometry":{"type":"Point","coordinates":[-119.70000583496339,38.161224177163405]},"properties":{"id":"gnis-266038","name":"Shallow Lake","kind":"backcountry","county":"Tuolumne"}},{"type":"Feature","geometry":{"type":"Point","coordinates":[-118.85613822085034,37.28459738505729]},"properties":{"id":"gnis-266047","name":"Sharp Note Lake","kind":"backcountry","county":"Fresno"}},{"type":"Feature","geometry":{"type":"Point","coordinates":[-120.90567504206788,40.74328969511432]},"properties":{"id":"gnis-266061","name":"Shays Hole Reservoir","kind":"backcountry","county":"Lassen"}},{"type":"Feature","geometry":{"type":"Point","coordinates":[-121.65711972802445,41.80995219056452]},"properties":{"id":"gnis-266065","name":"Sheep Camp Lake","kind":"backcountry","county":"Siskiyou"}},{"type":"Feature","geometry":{"type":"Point","coordinates":[-119.19495573906953,37.64277491990404]},"properties":{"id":"gnis-266087","name":"Shellenbarger Lake","kind":"backcountry","county":"Madera"}},{"type":"Feature","geometry":{"type":"Point","coordinates":[-119.31900833400677,38.0187651027806]},"properties":{"id":"gnis-266096","name":"Shepherd Lake","kind":"backcountry","county":"Tuolumne"}},{"type":"Feature","geometry":{"type":"Point","coordinates":[-119.81551743323219,38.5497232597187]},"properties":{"id":"gnis-266107","name":"Sherrold Lake","kind":"backcountry","county":"Alpine"}},{"type":"Feature","geometry":{"type":"Point","coordinates":[-120.26993885610719,39.202127026695045]},"properties":{"id":"gnis-266125","name":"Shirley Lake","kind":"backcountry","county":"Placer"}},{"type":"Feature","geometry":{"type":"Point","coordinates":[-120.56209025716232,40.35217529987276]},"properties":{"id":"gnis-266148","name":"Shugru Reservoir","kind":"backcountry","county":"Lassen"}},{"type":"Feature","geometry":{"type":"Point","coordinates":[-120.67972406959433,39.690827540918036]},"properties":{"id":"gnis-266194","name":"Silver Lake","kind":"backcountry","county":"Plumas"}},{"type":"Feature","geometry":{"type":"Point","coordinates":[-121.83654548678123,40.7355956132983]},"properties":{"id":"gnis-266195","name":"Silver Lake","kind":"backcountry","county":"Shasta"}},{"type":"Feature","geometry":{"type":"Point","coordinates":[-122.96951300038776,41.257570228270254]},"properties":{"id":"gnis-266212","name":"Siphon Lake","kind":"backcountry","county":"Siskiyou"}},{"type":"Feature","geometry":{"type":"Point","coordinates":[-122.21696777310524,41.40988054157127]},"properties":{"id":"gnis-266216","name":"Sisson Lake","kind":"backcountry","county":"Siskiyou"}},{"type":"Feature","geometry":{"type":"Point","coordinates":[-118.51197817280317,37.1360795025816]},"properties":{"id":"gnis-266228","name":"Sixth Lake","kind":"backcountry","county":"Inyo"}},{"type":"Feature","geometry":{"type":"Point","coordinates":[-119.60156828263618,38.27292977149752]},"properties":{"id":"gnis-266235","name":"Ski Lake","kind":"backcountry","county":"Mono"}},{"type":"Feature","geometry":{"type":"Point","coordinates":[-123.01975001962084,40.73560265016365]},"properties":{"id":"gnis-266281","name":"Slattery Pond","kind":"backcountry","county":"Trinity"}},{"type":"Feature","geometry":{"type":"Point","coordinates":[-118.35603029632357,36.76193300743806]},"properties":{"id":"gnis-266302","name":"Slim Lake","kind":"backcountry","county":"Inyo"}},{"type":"Feature","geometry":{"type":"Point","coordinates":[-120.18837797278567,38.85803454346795]},"properties":{"id":"gnis-266327","name":"Smith Lake","kind":"backcountry","county":"El Dorado"}},{"type":"Feature","geometry":{"type":"Point","coordinates":[-120.72216051146391,39.65518897275797]},"properties":{"id":"gnis-266328","name":"Smith Lake","kind":"backcountry","county":"Sierra"}},{"type":"Feature","geometry":{"type":"Point","coordinates":[-120.67348922971989,39.73222609431634]},"properties":{"id":"gnis-266329","name":"Smith Lake","kind":"backcountry","county":"Plumas"}},{"type":"Feature","geometry":{"type":"Point","coordinates":[-122.96114673951678,41.36965764771572]},"properties":{"id":"gnis-266331","name":"Smith Lake","kind":"backcountry","county":"Siskiyou"}},{"type":"Feature","geometry":{"type":"Point","coordinates":[-118.80713440165276,37.293253384573845]},"properties":{"id":"gnis-266393","name":"Aweetasal Lake","kind":"backcountry","county":"Fresno"}},{"type":"Feature","geometry":{"type":"Point","coordinates":[-121.21039030134797,39.92631421145344]},"properties":{"id":"gnis-266534","name":"Cape Lake","kind":"backcountry","county":"Plumas"}},{"type":"Feature","geometry":{"type":"Point","coordinates":[-119.42383034331394,37.07993868012343]},"properties":{"id":"gnis-266600","name":"Corlew Meadows","kind":"backcountry","county":"Fresno"}},{"type":"Feature","geometry":{"type":"Point","coordinates":[-123.56320990134407,40.29926407931123]},"properties":{"id":"gnis-266661","name":"Dry Lake","kind":"backcountry","county":"Humboldt"}},{"type":"Feature","geometry":{"type":"Point","coordinates":[-122.6131045276462,39.68949997040517]},"properties":{"id":"gnis-266662","name":"Dry Lake Reservoir","kind":"backcountry","county":"Glenn"}},{"type":"Feature","geometry":{"type":"Point","coordinates":[-122.61522448524137,39.69268008077649]},"properties":{"id":"gnis-266683","name":"East Reservoir","kind":"backcountry","county":"Glenn"}},{"type":"Feature","geometry":{"type":"Point","coordinates":[-120.31520947551167,38.5001941619774]},"properties":{"id":"gnis-266689","name":"Ellis Fire Tank","kind":"backcountry","county":"Amador"}},{"type":"Feature","geometry":{"type":"Point","coordinates":[-123.33214781763614,41.263893132573834]},"properties":{"id":"gnis-266818","name":"Horn Field","kind":"backcountry","county":"Siskiyou"}},{"type":"Feature","geometry":{"type":"Point","coordinates":[-119.60103598950785,37.15935079561037]},"properties":{"id":"gnis-266852","name":"Ironton Flats","kind":"backcountry","county":"Madera"}},{"type":"Feature","geometry":{"type":"Point","coordinates":[-120.3491703629812,39.49261546980732]},"properties":{"id":"gnis-266929","name":"Little Truckee River","kind":"backcountry","county":"Sierra"}},{"type":"Feature","geometry":{"type":"Point","coordinates":[-123.55268870607402,40.286029047126995]},"properties":{"id":"gnis-266949","name":"Lost Lake","kind":"backcountry","county":"Humboldt"}},{"type":"Feature","geometry":{"type":"Point","coordinates":[-121.12732975971136,39.31942605891538]},"properties":{"id":"gnis-267125","name":"Pine Grove Reservoir","kind":"backcountry","county":"Nevada"}},{"type":"Feature","geometry":{"type":"Point","coordinates":[-121.74017836433434,41.114788202118355]},"properties":{"id":"gnis-267277","name":"Smokey Lake","kind":"backcountry","county":"Shasta"}},{"type":"Feature","geometry":{"type":"Point","coordinates":[-121.4517043309808,40.077951540961884]},"properties":{"id":"gnis-267284","name":"Snag Lake","kind":"backcountry","county":"Butte"}},{"type":"Feature","geometry":{"type":"Point","coordinates":[-120.92403125071954,41.01841195404699]},"properties":{"id":"gnis-267299","name":"Snider Lake","kind":"backcountry","county":"Lassen"}},{"type":"Feature","geometry":{"type":"Point","coordinates":[-120.11463398741977,38.917612796785406]},"properties":{"id":"gnis-267318","name":"Snow Lake","kind":"backcountry","county":"El Dorado"}},{"type":"Feature","geometry":{"type":"Point","coordinates":[-120.12182393496892,39.87033586965898]},"properties":{"id":"gnis-267319","name":"Snow Lake","kind":"backcountry","county":"Plumas"}},{"type":"Feature","geometry":{"type":"Point","coordinates":[-122.97145230408438,41.0287647820804]},"properties":{"id":"gnis-267346","name":"Snowslide Lake","kind":"backcountry","county":"Siskiyou"}},{"type":"Feature","geometry":{"type":"Point","coordinates":[-121.53859905292992,40.47357663003575]},"properties":{"id":"gnis-267364","name":"Soda Lake","kind":"backcountry","county":"Shasta"}},{"type":"Feature","geometry":{"type":"Point","coordinates":[-119.35609874621201,38.04709762272191]},"properties":{"id":"gnis-267383","name":"Soldier Lake","kind":"backcountry","county":"Tuolumne"}},{"type":"Feature","geometry":{"type":"Point","coordinates":[-121.56560627132963,41.04173960558597]},"properties":{"id":"gnis-267386","name":"Soldier Mountain Reservoir","kind":"backcountry","county":"Shasta"}},{"type":"Feature","geometry":{"type":"Point","coordinates":[-121.11720913849784,39.64963603945885]},"properties":{"id":"gnis-267458","name":"South Fork Feather River","kind":"backcountry","county":"Plumas"}},{"type":"Feature","geometry":{"type":"Point","coordinates":[-122.90291044096922,41.20088176756751]},"properties":{"id":"gnis-267468","name":"South Fork Lakes","kind":"backcountry","county":"Siskiyou"}},{"type":"Feature","geometry":{"type":"Point","coordinates":[-122.94374790768421,41.279910032769344]},"properties":{"id":"gnis-267535","name":"South Sugar Lake","kind":"backcountry","county":"Siskiyou"}},{"type":"Feature","geometry":{"type":"Point","coordinates":[-120.58839712471205,39.34011121390278]},"properties":{"id":"gnis-267540","name":"South Yuba River","kind":"backcountry","county":"Nevada"}},{"type":"Feature","geometry":{"type":"Point","coordinates":[-118.55400503680208,37.13689003963293]},"properties":{"id":"gnis-267559","name":"Spearhead Lake","kind":"backcountry","county":"Inyo"}},{"type":"Feature","geometry":{"type":"Point","coordinates":[-118.81904648812164,37.26362170404839]},"properties":{"id":"gnis-267560","name":"Spearpoint Lake","kind":"backcountry","county":"Fresno"}},{"type":"Feature","geometry":{"type":"Point","coordinates":[-119.37064898434605,38.047535222467566]},"properties":{"id":"gnis-267571","name":"Spiller Lake","kind":"backcountry","county":"Tuolumne"}},{"type":"Feature","geometry":{"type":"Point","coordinates":[-119.7776970572136,38.07279940252043]},"properties":{"id":"gnis-267582","name":"Spotted Fawn Lake","kind":"backcountry","county":"Tuolumne"}},{"type":"Feature","geometry":{"type":"Point","coordinates":[-118.92333211247431,37.477024632599445]},"properties":{"id":"gnis-267633","name":"N\u00fc\u00fcm\u00fc Hu Hupi","kind":"backcountry","county":"Fresno"}},{"type":"Feature","geometry":{"type":"Point","coordinates":[-120.65261625695076,39.66887309133608]},"properties":{"id":"gnis-267634","name":"Damalusung Lake","kind":"backcountry","county":"Sierra"}},{"type":"Feature","geometry":{"type":"Point","coordinates":[-123.2814691767279,41.367924110695064]},"properties":{"id":"gnis-267719","name":"Steinacher Lake","kind":"backcountry","county":"Siskiyou"}},{"type":"Feature","geometry":{"type":"Point","coordinates":[-120.59147485258845,38.89897856015237]},"properties":{"id":"gnis-267825","name":"Stumpy Meadows Lake","kind":"backcountry","county":"El Dorado"}},{"type":"Feature","geometry":{"type":"Point","coordinates":[-123.61545310115172,40.81981935595591]},"properties":{"id":"gnis-267830","name":"Sucker Lake","kind":"backcountry","county":"Humboldt"}},{"type":"Feature","geometry":{"type":"Point","coordinates":[-122.94102707867356,41.296995889962645]},"properties":{"id":"gnis-267836","name":"Sugar Lake","kind":"backcountry","county":"Siskiyou"}},{"type":"Feature","geometry":{"type":"Point","coordinates":[-119.16692431009186,37.74167603958966]},"properties":{"id":"gnis-267883","name":"Sullivan Lake","kind":"backcountry","county":"Mono"}},{"type":"Feature","geometry":{"type":"Point","coordinates":[-118.69017486826628,37.239852341173666]},"properties":{"id":"gnis-267923","name":"Summit Lake","kind":"backcountry","county":"Fresno"}},{"type":"Feature","geometry":{"type":"Point","coordinates":[-119.14436428684613,37.73295603000316]},"properties":{"id":"gnis-267925","name":"Summit Lake","kind":"backcountry","county":"Madera"}},{"type":"Feature","geometry":{"type":"Point","coordinates":[-119.3166301404118,38.052428369030196]},"properties":{"id":"gnis-267926","name":"Summit Lake","kind":"backcountry","county":"Mono"}},{"type":"Feature","geometry":{"type":"Point","coordinates":[-119.87154091623196,38.6039788042938]},"properties":{"id":"gnis-267927","name":"Summit Lake","kind":"backcountry","county":"Alpine"}},{"type":"Feature","geometry":{"type":"Point","coordinates":[-119.79433565110944,38.735395758169766]},"properties":{"id":"gnis-267928","name":"Summit Lake","kind":"backcountry","county":"Alpine"}},{"type":"Feature","geometry":{"type":"Point","coordinates":[-120.3239520451467,39.34984377360564]},"properties":{"id":"gnis-267929","name":"Summit Lake","kind":"backcountry","county":"Nevada"}},{"type":"Feature","geometry":{"type":"Point","coordinates":[-120.67539702860117,39.6608969251627]},"properties":{"id":"gnis-267930","name":"Summit Lake","kind":"backcountry","county":"Sierra"}},{"type":"Feature","geometry":{"type":"Point","coordinates":[-121.41368425318635,40.07659292448608]},"properties":{"id":"gnis-267931","name":"Summit Lake","kind":"backcountry","county":"Butte"}},{"type":"Feature","geometry":{"type":"Point","coordinates":[-120.66090904191972,40.575108873045224]},"properties":{"id":"gnis-267932","name":"Summit Lake","kind":"backcountry","county":"Lassen"}},{"type":"Feature","geometry":{"type":"Point","coordinates":[-122.37166295880259,41.38597568803762]},"properties":{"id":"gnis-267933","name":"Summit Lake","kind":"backcountry","county":"Siskiyou"}},{"type":"Feature","geometry":{"type":"Point","coordinates":[-120.06900921170613,38.63921140257867]},"properties":{"id":"gnis-267942","name":"Summit Meadow Lake","kind":"backcountry","county":"Alpine"}},{"type":"Feature","geometry":{"type":"Point","coordinates":[-123.12644276421898,41.53299903914964]},"properties":{"id":"gnis-267943","name":"Summit Meadow Lake","kind":"backcountry","county":"Siskiyou"}},{"type":"Feature","geometry":{"type":"Point","coordinates":[-118.61694363138308,37.15413477660912]},"properties":{"id":"gnis-267973","name":"Sunset Lake","kind":"backcountry","county":"Inyo"}},{"type":"Feature","geometry":{"type":"Point","coordinates":[-119.14121850979032,37.63469824238304]},"properties":{"id":"gnis-267981","name":"Superior Lake","kind":"backcountry","county":"Madera"}},{"type":"Feature","geometry":{"type":"Point","coordinates":[-122.05611453911719,41.46470099225545]},"properties":{"id":"gnis-267986","name":"Surprise Lake","kind":"backcountry","county":"Siskiyou"}},{"type":"Feature","geometry":{"type":"Point","coordinates":[-119.82877310292207,37.95025130537404]},"properties":{"id":"gnis-268005","name":"Swamp Lake","kind":"backcountry","county":"Tuolumne"}},{"type":"Feature","geometry":{"type":"Point","coordinates":[-120.14450402883215,38.376354040694636]},"properties":{"id":"gnis-268006","name":"Swamp Lake","kind":"backcountry","county":"Tuolumne"}},{"type":"Feature","geometry":{"type":"Point","coordinates":[-121.36321297219176,40.497782619210284]},"properties":{"id":"gnis-268008","name":"Swan Lake","kind":"backcountry","county":"Shasta"}},{"type":"Feature","geometry":{"type":"Point","coordinates":[-120.17328622660513,38.84283011129026]},"properties":{"id":"gnis-268040","name":"Lake Sylvia","kind":"backcountry","county":"El Dorado"}},{"type":"Feature","geometry":{"type":"Point","coordinates":[-118.64143247498606,36.61613312072798]},"properties":{"id":"gnis-268047","name":"Table Meadows","kind":"backcountry","county":"Tulare"}},{"type":"Feature","geometry":{"type":"Point","coordinates":[-120.11211021913809,38.912046591646615]},"properties":{"id":"gnis-268071","name":"Tallac Lake","kind":"backcountry","county":"El Dorado"}},{"type":"Feature","geometry":{"type":"Point","coordinates":[-120.09861601619752,38.84680837680633]},"properties":{"id":"gnis-268081","name":"Tamarack Lake","kind":"backcountry","county":"El Dorado"}},{"type":"Feature","geometry":{"type":"Point","coordinates":[-121.79288758136532,41.54518022912774]},"properties":{"id":"gnis-268083","name":"Tamarack Lake","kind":"backcountry","county":"Siskiyou"}},{"type":"Feature","geometry":{"type":"Point","coordinates":[-118.70932985886863,37.411762382018146]},"properties":{"id":"gnis-268084","name":"Tamarack Lakes","kind":"backcountry","county":"Inyo"}},{"type":"Feature","geometry":{"type":"Point","coordinates":[-121.19435536095001,41.229277568770584]},"properties":{"id":"gnis-268109","name":"Taylor Reservoir","kind":"backcountry","county":"Modoc"}},{"type":"Feature","geometry":{"type":"Point","coordinates":[-121.28881755283632,40.512974014201944]},"properties":{"id":"gnis-268115","name":"Teal Lake","kind":"backcountry","county":"Lassen"}},{"type":"Feature","geometry":{"type":"Point","coordinates":[-122.80444917401685,41.21130336896003]},"properties":{"id":"gnis-268130","name":"Telephone Lake","kind":"backcountry","county":"Siskiyou"}},{"type":"Feature","geometry":{"type":"Point","coordinates":[-121.76035669325046,40.825051271160895]},"properties":{"id":"gnis-268157","name":"Terry Lake","kind":"backcountry","county":"Shasta"}},{"type":"Feature","geometry":{"type":"Point","coordinates":[-118.82380359037053,37.27554315557707]},"properties":{"id":"gnis-268159","name":"Tether Lake","kind":"backcountry","county":"Fresno"}},{"type":"Feature","geometry":{"type":"Point","coordinates":[-120.69390521513093,40.286509458751674]},"properties":{"id":"gnis-268174","name":"The Beaver Ponds","kind":"backcountry","county":"Plumas"}},{"type":"Feature","geometry":{"type":"Point","coordinates":[-118.6037668409617,37.168176888377374]},"properties":{"id":"gnis-268234","name":"Thompson Lake","kind":"backcountry","county":"Inyo"}},{"type":"Feature","geometry":{"type":"Point","coordinates":[-121.20064387695932,39.87725281847323]},"properties":{"id":"gnis-268235","name":"Thompson Lake","kind":"backcountry","county":"Plumas"}},{"type":"Feature","geometry":{"type":"Point","coordinates":[-120.4769029963114,38.45332514568771]},"properties":{"id":"gnis-268276","name":"Tiger Creek Forbay","kind":"backcountry","county":"Amador"}},{"type":"Feature","geometry":{"type":"Point","coordinates":[-120.45124079484387,38.47915204982983]},"properties":{"id":"gnis-268277","name":"Tiger Creek Regulator Reservoir","kind":"backcountry","county":"Amador"}},{"type":"Feature","geometry":{"type":"Point","coordinates":[-122.77706546629165,39.363638131780895]},"properties":{"id":"gnis-268286","name":"Timber Lake","kind":"backcountry","county":"Lake"}},{"type":"Feature","geometry":{"type":"Point","coordinates":[-118.5494801113249,37.132431695147886]},"properties":{"id":"gnis-268292","name":"Timberline Tarns","kind":"backcountry","county":"Inyo"}},{"type":"Feature","geometry":{"type":"Point","coordinates":[-123.23329182735463,41.41787515274153]},"properties":{"id":"gnis-268311","name":"Tobacco Lake","kind":"backcountry","county":"Siskiyou"}},{"type":"Feature","geometry":{"type":"Point","coordinates":[-120.13614392052257,38.84026797560835]},"properties":{"id":"gnis-268317","name":"Toem Lake","kind":"backcountry","county":"El Dorado"}},{"type":"Feature","geometry":{"type":"Point","coordinates":[-121.26877060432716,41.1077164398651]},"properties":{"id":"gnis-268322","name":"Toll House Reservoir","kind":"backcountry","county":"Lassen"}},{"type":"Feature","geometry":{"type":"Point","coordinates":[-121.53341336805221,39.62708588668621]},"properties":{"id":"gnis-268333","name":"Tom Jones Reservoir","kind":"backcountry","county":"Butte"}},{"type":"Feature","geometry":{"type":"Point","coordinates":[-123.22508452067827,41.40712989173735]},"properties":{"id":"gnis-268351","name":"Toms Lake","kind":"backcountry","county":"Siskiyou"}},{"type":"Feature","geometry":{"type":"Point","coordinates":[-118.63554384492383,37.173190587264415]},"properties":{"id":"gnis-268358","name":"Topsy Turvy Lake","kind":"backcountry","county":"Inyo"}},{"type":"Feature","geometry":{"type":"Point","coordinates":[-122.93678368071484,41.18224133378659]},"properties":{"id":"gnis-268378","name":"Long Gulch Lake","kind":"backcountry","county":"Siskiyou"}},{"type":"Feature","geometry":{"type":"Point","coordinates":[-118.76520120948008,37.387802423487486]},"properties":{"id":"gnis-268393","name":"Treasure Lakes","kind":"backcountry","county":"Inyo"}},{"type":"Feature","geometry":{"type":"Point","coordinates":[-120.09237433026232,38.85950014874791]},"properties":{"id":"gnis-268404","name":"Triangle Lake","kind":"backcountry","county":"El Dorado"}},{"type":"Feature","geometry":{"type":"Point","coordinates":[-119.10792868090599,37.67021747411659]},"properties":{"id":"gnis-268409","name":"Trinity Lakes","kind":"backcountry","county":"Madera"}},{"type":"Feature","geometry":{"type":"Point","coordinates":[-118.32058981710576,36.6480668177849]},"properties":{"id":"gnis-268437","name":"Lake Helen of Troy","kind":"backcountry","county":"Inyo"}},{"type":"Feature","geometry":{"type":"Point","coordinates":[-118.28014756240337,36.59766841735622]},"properties":{"id":"gnis-268450","name":"Tulainyo Lake","kind":"backcountry","county":"Tulare"}},{"type":"Feature","geometry":{"type":"Point","coordinates":[-122.63996674358602,39.240184975521494]},"properties":{"id":"gnis-268458","name":"Tule Pond","kind":"backcountry","county":"Colusa"}},{"type":"Feature","geometry":{"type":"Point","coordinates":[-118.88367155196926,37.48741935073057]},"properties":{"id":"gnis-268463","name":"Tully Lake","kind":"backcountry","county":"Fresno"}},{"type":"Feature","geometry":{"type":"Point","coordinates":[-121.89003828716655,40.99846469128516]},"properties":{"id":"gnis-268479","name":"Tunnel Reservoir","kind":"backcountry","county":"Shasta"}},{"type":"Feature","geometry":{"type":"Point","coordinates":[-123.20937077830004,41.62628455028831]},"properties":{"id":"gnis-268487","name":"Turk Lake","kind":"backcountry","county":"Siskiyou"}},{"type":"Feature","geometry":{"type":"Point","coordinates":[-119.34745665583645,37.64086279686411]},"properties":{"id":"gnis-268494","name":"Turner Lake","kind":"backcountry","county":"Madera"}},{"type":"Feature","geometry":{"type":"Point","coordinates":[-119.34987189864866,38.09735948181308]},"properties":{"id":"gnis-268500","name":"Turquoise Lake","kind":"backcountry","county":"Mono"}},{"type":"Feature","geometry":{"type":"Point","coordinates":[-120.52650254676436,39.318820075897605]},"properties":{"id":"gnis-268508","name":"Tuttle Lake","kind":"backcountry","county":"Nevada"}},{"type":"Feature","geometry":{"type":"Point","coordinates":[-120.37298829622101,38.5943583670444]},"properties":{"id":"gnis-268519","name":"Twin Gulch Fire Tank","kind":"backcountry","county":"El Dorado"}},{"type":"Feature","geometry":{"type":"Point","coordinates":[-119.23382187804633,37.69365343238551]},"properties":{"id":"gnis-268520","name":"Twin Island Lakes","kind":"backcountry","county":"Madera"}},{"type":"Feature","geometry":{"type":"Point","coordinates":[-118.39170585746476,36.91168149700884]},"properties":{"id":"gnis-268522","name":"Twin Lakes","kind":"backcountry","county":"Fresno"}},{"type":"Feature","geometry":{"type":"Point","coordinates":[-119.68217508685402,38.13179765668799]},"properties":{"id":"gnis-268524","name":"Twin Lakes","kind":"backcountry","county":"Tuolumne"}},{"type":"Feature","geometry":{"type":"Point","coordinates":[-120.19187233390095,38.86980638692514]},"properties":{"id":"gnis-268525","name":"Twin Lakes","kind":"backcountry","county":"El Dorado"}},{"type":"Feature","geometry":{"type":"Point","coordinates":[-120.61915693393861,39.287274576630885]},"properties":{"id":"gnis-268526","name":"Twin Lakes","kind":"backcountry","county":"Placer"}},{"type":"Feature","geometry":{"type":"Point","coordinates":[-123.74518733005527,40.72382613536148]},"properties":{"id":"gnis-268528","name":"Twin Lakes","kind":"backcountry","county":"Humboldt"}},{"type":"Feature","geometry":{"type":"Point","coordinates":[-120.9531420612066,40.804025772629615]},"properties":{"id":"gnis-268529","name":"Twin Lakes","kind":"backcountry","county":"Lassen"}},{"type":"Feature","geometry":{"type":"Point","coordinates":[-122.81982123678685,40.995071160318226]},"properties":{"id":"gnis-268530","name":"Twin Lakes","kind":"backcountry","county":"Trinity"}},{"type":"Feature","geometry":{"type":"Point","coordinates":[-120.92219341532754,41.0487303257294]},"properties":{"id":"gnis-268531","name":"Twin Lakes","kind":"backcountry","county":"Lassen"}},{"type":"Feature","geometry":{"type":"Point","coordinates":[-122.47040952709592,41.101550493379854]},"properties":{"id":"gnis-268532","name":"Twin Lakes","kind":"backcountry","county":"Trinity"}},{"type":"Feature","geometry":{"type":"Point","coordinates":[-122.9740945466773,41.19602640312038]},"properties":{"id":"gnis-268533","name":"Twin Lakes","kind":"backcountry","county":"Siskiyou"}},{"type":"Feature","geometry":{"type":"Point","coordinates":[-123.66784440979355,41.31946358633896]},"properties":{"id":"gnis-268534","name":"Twin Lakes","kind":"backcountry","county":"Humboldt"}},{"type":"Feature","geometry":{"type":"Point","coordinates":[-122.97813668787644,41.35156348669857]},"properties":{"id":"gnis-268535","name":"Twin Lakes","kind":"backcountry","county":"Siskiyou"}},{"type":"Feature","geometry":{"type":"Point","coordinates":[-120.20182378887174,38.872190003455614]},"properties":{"id":"gnis-268575","name":"Umpa Lake","kind":"backcountry","county":"El Dorado"}},{"type":"Feature","geometry":{"type":"Point","coordinates":[-123.20506177727441,41.40410502339142]},"properties":{"id":"gnis-268579","name":"Uncles Lake","kind":"backcountry","county":"Siskiyou"}},{"type":"Feature","geometry":{"type":"Point","coordinates":[-122.97146477629377,41.34189617059905]},"properties":{"id":"gnis-268598","name":"Upper Albert Lake","kind":"backcountry","county":"Siskiyou"}},{"type":"Feature","geometry":{"type":"Point","coordinates":[-119.94846593932517,38.63202177620012]},"properties":{"id":"gnis-268599","name":"Upper Blue Lake","kind":"backcountry","county":"Alpine"}},{"type":"Feature","geometry":{"type":"Point","coordinates":[-118.27368421896843,36.58190667477056]},"properties":{"id":"gnis-268600","name":"Upper Boy Scout Lake","kind":"backcountry","county":"Inyo"}},{"type":"Feature","geometry":{"type":"Point","coordinates":[-123.21277257790675,41.41078072923295]},"properties":{"id":"gnis-268608","name":"Upper English Lake","kind":"backcountry","county":"Siskiyou"}},{"type":"Feature","geometry":{"type":"Point","coordinates":[-118.68041547849316,37.30318180525787]},"properties":{"id":"gnis-268617","name":"Upper Horton Lakes","kind":"backcountry","county":"Inyo"}},{"type":"Feature","geometry":{"type":"Point","coordinates":[-119.82857190814619,38.557829863589454]},"properties":{"id":"gnis-268620","name":"Upper Kinney Lake","kind":"backcountry","county":"Alpine"}},{"type":"Feature","geometry":{"type":"Point","coordinates":[-118.65094909325705,37.210308065833495]},"properties":{"id":"gnis-268621","name":"Upper Lamarck Lake","kind":"backcountry","county":"Inyo"}},{"type":"Feature","geometry":{"type":"Point","coordinates":[-118.74461374735937,37.388466155386936]},"properties":{"id":"gnis-268628","name":"Upper Morgan Lake","kind":"backcountry","county":"Inyo"}},{"type":"Feature","geometry":{"type":"Point","coordinates":[-121.21148427419251,39.94120000574541]},"properties":{"id":"gnis-268629","name":"Upper Mud Lake","kind":"backcountry","county":"Plumas"}},{"type":"Feature","geometry":{"type":"Point","coordinates":[-120.70803292617948,41.99377881728744]},"properties":{"id":"gnis-268631","name":"Upper Muldoon Tank","kind":"backcountry","county":"Modoc"}},{"type":"Feature","geometry":{"type":"Point","coordinates":[-119.2051787664288,37.85523799320176]},"properties":{"id":"gnis-268638","name":"Upper Sardine Lake","kind":"backcountry","county":"Mono"}},{"type":"Feature","geometry":{"type":"Point","coordinates":[-123.18184640877439,41.549334615589856]},"properties":{"id":"gnis-268639","name":"Upper Sky High Lake","kind":"backcountry","county":"Siskiyou"}},{"type":"Feature","geometry":{"type":"Point","coordinates":[-119.87969894223019,38.60621632098865]},"properties":{"id":"gnis-268642","name":"Upper Sunset Lake","kind":"backcountry","county":"Alpine"}},{"type":"Feature","geometry":{"type":"Point","coordinates":[-118.83536256077932,37.276571037954426]},"properties":{"id":"gnis-268643","name":"Upper Turret Lakes","kind":"backcountry","county":"Fresno"}},{"type":"Feature","geometry":{"type":"Point","coordinates":[-123.07777889267776,41.585768414167354]},"properties":{"id":"gnis-268648","name":"Upper Wright Lake","kind":"backcountry","county":"Siskiyou"}},{"type":"Feature","geometry":{"type":"Point","coordinates":[-118.92674190798537,37.43113229476231]},"properties":{"id":"gnis-268685","name":"Vermilion Lake","kind":"backcountry","county":"Fresno"}},{"type":"Feature","geometry":{"type":"Point","coordinates":[-122.85778668443561,41.20528516081122]},"properties":{"id":"gnis-268706","name":"Virginia Lake","kind":"backcountry","county":"Siskiyou"}},{"type":"Feature","geometry":{"type":"Point","coordinates":[-118.93497972055049,37.511238477527634]},"properties":{"id":"gnis-268711","name":"Lake Virginia","kind":"backcountry","county":"Fresno"}},{"type":"Feature","geometry":{"type":"Point","coordinates":[-119.67867583261538,38.17141317960657]},"properties":{"id":"gnis-268721","name":"W Lake","kind":"backcountry","county":"Tuolumne"}},{"type":"Feature","geometry":{"type":"Point","coordinates":[-120.14135877818909,38.854890373246995]},"properties":{"id":"gnis-268722","name":"Waca Lake","kind":"backcountry","county":"El Dorado"}},{"type":"Feature","geometry":{"type":"Point","coordinates":[-120.53049048990746,39.38532656218397]},"properties":{"id":"gnis-268737","name":"Wagon Wheel Lake","kind":"backcountry","county":"Nevada"}},{"type":"Feature","geometry":{"type":"Point","coordinates":[-118.8251853870254,37.277831407816656]},"properties":{"id":"gnis-268771","name":"Wampum Lake","kind":"backcountry","county":"Fresno"}},{"type":"Feature","geometry":{"type":"Point","coordinates":[-119.32212367434413,37.63710106639609]},"properties":{"id":"gnis-268777","name":"Ward Lakes","kind":"backcountry","county":"Madera"}},{"type":"Feature","geometry":{"type":"Point","coordinates":[-121.55920832255244,41.01573876274018]},"properties":{"id":"gnis-268782","name":"Warner Grade Reservoir","kind":"backcountry","county":"Shasta"}},{"type":"Feature","geometry":{"type":"Point","coordinates":[-118.3315207950623,37.19509089371283]},"properties":{"id":"gnis-268788","name":"Warren Lake","kind":"backcountry","county":"Inyo"}},{"type":"Feature","geometry":{"type":"Point","coordinates":[-122.76262592036356,41.244270210041755]},"properties":{"id":"gnis-268792","name":"Washbasin Lake","kind":"backcountry","county":"Siskiyou"}},{"type":"Feature","geometry":{"type":"Point","coordinates":[-118.99750297816155,37.583475970488045]},"properties":{"id":"gnis-268824","name":"Way Lake","kind":"backcountry","county":"Mono"}},{"type":"Feature","geometry":{"type":"Point","coordinates":[-121.19264551392644,41.41256533071478]},"properties":{"id":"gnis-268831","name":"Webb Flat Reservoir","kind":"backcountry","county":"Modoc"}},{"type":"Feature","geometry":{"type":"Point","coordinates":[-119.17607247536591,37.74163886386977]},"properties":{"id":"gnis-268834","name":"Weber Lake","kind":"backcountry","county":"Mono"}},{"type":"Feature","geometry":{"type":"Point","coordinates":[-120.68634617318774,38.71626105078739]},"properties":{"id":"gnis-268835","name":"Weber Reservoir","kind":"backcountry","county":"El Dorado"}},{"type":"Feature","geometry":{"type":"Point","coordinates":[-120.54764653047494,39.42534005046798]},"properties":{"id":"gnis-268843","name":"Weil Lake","kind":"backcountry","county":"Nevada"}},{"type":"Feature","geometry":{"type":"Point","coordinates":[-118.56366746961,37.176442064952695]},"properties":{"id":"gnis-268845","name":"Weir Lake","kind":"backcountry","county":"Inyo"}},{"type":"Feature","geometry":{"type":"Point","coordinates":[-122.81799082956394,41.21033947783222]},"properties":{"id":"gnis-268859","name":"West Boulder Lake","kind":"backcountry","county":"Siskiyou"}},{"type":"Feature","geometry":{"type":"Point","coordinates":[-119.86724178948792,38.60516456372505]},"properties":{"id":"gnis-268948","name":"Wet Meadows Reservoir","kind":"backcountry","county":"Alpine"}},{"type":"Feature","geometry":{"type":"Point","coordinates":[-119.98139402922106,38.518842786330715]},"properties":{"id":"gnis-268960","name":"Wheeler Lake","kind":"backcountry","county":"Alpine"}},{"type":"Feature","geometry":{"type":"Point","coordinates":[-123.64527666283298,41.92219994402004]},"properties":{"id":"gnis-268978","name":"Whisky Lake","kind":"backcountry","county":"Del Norte"}},{"type":"Feature","geometry":{"type":"Point","coordinates":[-121.74199180058491,41.33913660451421]},"properties":{"id":"gnis-268994","name":"White Deer Lake","kind":"backcountry","county":"Siskiyou"}},{"type":"Feature","geometry":{"type":"Point","coordinates":[-121.07648714033117,40.66806570773801]},"properties":{"id":"gnis-269005","name":"White Horse Reservoir","kind":"backcountry","county":"Lassen"}},{"type":"Feature","geometry":{"type":"Point","coordinates":[-122.97802933830165,41.38864811922205]},"properties":{"id":"gnis-269055","name":"Wicks Lake","kind":"backcountry","county":"Siskiyou"}},{"type":"Feature","geometry":{"type":"Point","coordinates":[-123.1842997293749,41.458676705935034]},"properties":{"id":"gnis-269082","name":"Wild Lake","kind":"backcountry","county":"Siskiyou"}},{"type":"Feature","geometry":{"type":"Point","coordinates":[-123.66730143300151,41.68929033313398]},"properties":{"id":"gnis-269130","name":"Willis Hole","kind":"backcountry","county":"Siskiyou"}},{"type":"Feature","geometry":{"type":"Point","coordinates":[-121.36024710792442,40.40368312152956]},"properties":{"id":"gnis-269175","name":"Willow Lake","kind":"backcountry","county":"Plumas"}},{"type":"Feature","geometry":{"type":"Point","coordinates":[-121.4327377036188,40.3395742851287]},"properties":{"id":"gnis-269206","name":"Wilson Lake","kind":"backcountry","county":"Tehama"}},{"type":"Feature","geometry":{"type":"Point","coordinates":[-120.4637889891452,38.432805243234576]},"properties":{"id":"gnis-269207","name":"Wilson Lake","kind":"backcountry","county":"Calaveras"}},{"type":"Feature","geometry":{"type":"Point","coordinates":[-119.5118179960619,37.612698977747925]},"properties":{"id":"gnis-269232","name":"Windy Lake","kind":"backcountry","county":"Madera"}},{"type":"Feature","geometry":{"type":"Point","coordinates":[-119.62133271817504,38.3566614111408]},"properties":{"id":"gnis-269269","name":"Wolf Creek Lake","kind":"backcountry","county":"Mono"}},{"type":"Feature","geometry":{"type":"Point","coordinates":[-123.11679943857716,41.56314622009043]},"properties":{"id":"gnis-269276","name":"Wolverine Lake","kind":"backcountry","county":"Siskiyou"}},{"type":"Feature","geometry":{"type":"Point","coordinates":[-118.66205087688176,37.218665381984245]},"properties":{"id":"gnis-269279","name":"Wonder Lakes","kind":"backcountry","county":"Inyo"}},{"type":"Feature","geometry":{"type":"Point","coordinates":[-120.119438521614,38.85023254653732]},"properties":{"id":"gnis-269306","name":"Lake of the Woods","kind":"backcountry","county":"El Dorado"}},{"type":"Feature","geometry":{"type":"Point","coordinates":[-120.98841476028223,39.22338538757504]},"properties":{"id":"gnis-269382","name":"Yuba Reservoir","kind":"backcountry","county":"Nevada"}},{"type":"Feature","geometry":{"type":"Point","coordinates":[-116.8101819505063,34.27434852052301]},"properties":{"id":"gnis-269648","name":"Baldwin Lake","kind":"backcountry","county":"San Bernardino"}},{"type":"Feature","geometry":{"type":"Point","coordinates":[-118.94344523358227,34.414723455469314]},"properties":{"id":"gnis-270040","name":"Brownstone Reservoir","kind":"backcountry","county":"Ventura"}},{"type":"Feature","geometry":{"type":"Point","coordinates":[-119.57013963815474,34.44388852165639]},"properties":{"id":"gnis-270071","name":"Buell Reservoir","kind":"backcountry","county":"Santa Barbara"}},{"type":"Feature","geometry":{"type":"Point","coordinates":[-119.61210234537438,34.449057820050946]},"properties":{"id":"gnis-270072","name":"Buena Vista Reservoir","kind":"backcountry","county":"Santa Barbara"}},{"type":"Feature","geometry":{"type":"Point","coordinates":[-118.58324224833447,35.41075525215269]},"properties":{"id":"gnis-270076","name":"Bull Flat","kind":"backcountry","county":"Kern"}},{"type":"Feature","geometry":{"type":"Point","coordinates":[-116.94129641209781,34.23102799406571]},"properties":{"id":"gnis-270369","name":"Cedar Lake","kind":"backcountry","county":"San Bernardino"}},{"type":"Feature","geometry":{"type":"Point","coordinates":[-116.44530598754105,32.88922151802363]},"properties":{"id":"gnis-270454","name":"Chula Vista Reservoir","kind":"backcountry","county":"San Diego"}},{"type":"Feature","geometry":{"type":"Point","coordinates":[-116.41947258245173,32.858111615642635]},"properties":{"id":"gnis-270734","name":"Cuyapaipe Reservoir","kind":"backcountry","county":"San Diego"}},{"type":"Feature","geometry":{"type":"Point","coordinates":[-117.08671640355342,34.21445724003048]},"properties":{"id":"gnis-270794","name":"Deep Creek Lake","kind":"backcountry","county":"San Bernardino"}},{"type":"Feature","geometry":{"type":"Point","coordinates":[-116.60389882850889,33.05374983026811]},"properties":{"id":"gnis-270804","name":"Deer Lake","kind":"backcountry","county":"San Diego"}},{"type":"Feature","geometry":{"type":"Point","coordinates":[-120.18624098672596,38.582581967990784]},"properties":{"id":"gnis-270864","name":"Devils Lake","kind":"backcountry","county":"Amador"}},{"type":"Feature","geometry":{"type":"Point","coordinates":[-118.52858458904552,34.485079223614115]},"properties":{"id":"gnis-270921","name":"Dry Canyon Reservoir","kind":"backcountry","county":"Los Angeles"}},{"type":"Feature","geometry":{"type":"Point","coordinates":[-117.16820544141515,34.127061487278944]},"properties":{"id":"gnis-271005","name":"East Highland Reservoir","kind":"backcountry","county":"San Bernardino"}},{"type":"Feature","geometry":{"type":"Point","coordinates":[-118.64652955363741,35.63270356434952]},"properties":{"id":"gnis-271065","name":"Lake Engle","kind":"backcountry","county":"Kern"}},{"type":"Feature","geometry":{"type":"Point","coordinates":[-118.7460365763615,35.69842282483931]},"properties":{"id":"gnis-271068","name":"Ercil Lake","kind":"backcountry","county":"Kern"}},{"type":"Feature","geometry":{"type":"Point","coordinates":[-119.88144195505406,34.47289811957476]},"properties":{"id":"gnis-271306","name":"Glen Annie Reservoir","kind":"backcountry","county":"Santa Barbara"}},{"type":"Feature","geometry":{"type":"Point","coordinates":[-118.63048187512872,34.743365808905345]},"properties":{"id":"gnis-271361","name":"Gookins Dry Lake","kind":"backcountry","county":"Los Angeles"}},{"type":"Feature","geometry":{"type":"Point","coordinates":[-117.21868863317206,34.261404120035884]},"properties":{"id":"gnis-271410","name":"Grass Valley Lake","kind":"backcountry","county":"San Bernardino"}},{"type":"Feature","geometry":{"type":"Point","coordinates":[-117.94956206261573,36.15539879578554]},"properties":{"id":"gnis-271472","name":"South Haiwee Reservoir","kind":"backcountry","county":"Inyo"}},{"type":"Feature","geometry":{"type":"Point","coordinates":[-118.11312080754217,36.28738069645186]},"properties":{"id":"gnis-271569","name":"Higgins Lake","kind":"backcountry","county":"Inyo"}},{"type":"Feature","geometry":{"type":"Point","coordinates":[-116.70910658967043,33.615316791340256]},"properties":{"id":"gnis-271597","name":"Hog Lake","kind":"backcountry","county":"Riverside"}},{"type":"Feature","geometry":{"type":"Point","coordinates":[-118.53385881906414,35.998147515298974]},"properties":{"id":"gnis-271704","name":"Ida Lake","kind":"backcountry","county":"Tulare"}},{"type":"Feature","geometry":{"type":"Point","coordinates":[-118.7414499150647,35.69495420162119]},"properties":{"id":"gnis-271794","name":"Johnnycakes Lake","kind":"backcountry","county":"Kern"}},{"type":"Feature","geometry":{"type":"Point","coordinates":[-119.75977439528097,34.43140260021522]},"properties":{"id":"gnis-271952","name":"Laguna Blanca","kind":"backcountry","county":"Santa Barbara"}},{"type":"Feature","geometry":{"type":"Point","coordinates":[-117.70956933439159,33.69374890081138]},"properties":{"id":"gnis-271971","name":"Lambert Reservoir","kind":"backcountry","county":"Orange"}},{"type":"Feature","geometry":{"type":"Point","coordinates":[-120.51275104476692,40.36767021181678]},"properties":{"id":"gnis-272010","name":"Lake Leavitt","kind":"backcountry","county":"Lassen"}},{"type":"Feature","geometry":{"type":"Point","coordinates":[-116.45363020635841,32.88568317430439]},"properties":{"id":"gnis-272098","name":"Little Laguna Lake","kind":"backcountry","county":"San Diego"}},{"type":"Feature","geometry":{"type":"Point","coordinates":[-118.22695237117672,36.487378259601805]},"properties":{"id":"gnis-272185","name":"Long Lake","kind":"backcountry","county":"Inyo"}},{"type":"Feature","geometry":{"type":"Point","coordinates":[-116.43975038631082,32.879499617411234]},"properties":{"id":"gnis-272222","name":"Los Huecos Reservoir","kind":"backcountry","county":"San Diego"}},{"type":"Feature","geometry":{"type":"Point","coordinates":[-118.96529422680591,36.48950865914149]},"properties":{"id":"gnis-272326","name":"Mankins Flat","kind":"backcountry","county":"Tulare"}},{"type":"Feature","geometry":{"type":"Point","coordinates":[-118.66578389162196,35.63191299721897]},"properties":{"id":"gnis-272355","name":"Lake Marion","kind":"backcountry","county":"Kern"}},{"type":"Feature","geometry":{"type":"Point","coordinates":[-119.29006886099047,34.423926369847365]},"properties":{"id":"gnis-272498","name":"Mirror Lake","kind":"backcountry","county":"Ventura"}},{"type":"Feature","geometry":{"type":"Point","coordinates":[-120.1491416569449,38.60985435947018]},"properties":{"id":"gnis-272591","name":"Mud Lake","kind":"backcountry","county":"Amador"}},{"type":"Feature","geometry":{"type":"Point","coordinates":[-116.42502808396898,32.87366661714502]},"properties":{"id":"gnis-272790","name":"Ole Reservoir","kind":"backcountry","county":"San Diego"}},{"type":"Feature","geometry":{"type":"Point","coordinates":[-120.66744670028315,35.41849085265461]},"properties":{"id":"gnis-272806","name":"Orange Flat","kind":"backcountry","county":"San Luis Obispo"}},{"type":"Feature","geometry":{"type":"Point","coordinates":[-119.61736494670167,34.44750031914515]},"properties":{"id":"gnis-272876","name":"Park Lane Reservoir","kind":"backcountry","county":"Santa Barbara"}},{"type":"Feature","geometry":{"type":"Point","coordinates":[-117.09727230523451,34.21223503898164]},"properties":{"id":"gnis-273174","name":"Rainbow Lake","kind":"backcountry","county":"San Bernardino"}},{"type":"Feature","geometry":{"type":"Point","coordinates":[-118.73733174674815,35.70786942748117]},"properties":{"id":"gnis-273177","name":"Raljon Lake","kind":"backcountry","county":"Kern"}},{"type":"Feature","geometry":{"type":"Point","coordinates":[-119.59688562197825,34.447166073549944]},"properties":{"id":"gnis-273341","name":"Romero Reservoir","kind":"backcountry","county":"Santa Barbara"}},{"type":"Feature","geometry":{"type":"Point","coordinates":[-117.28547399436103,33.44006660486858]},"properties":{"id":"gnis-273360","name":"Ross Lake","kind":"backcountry","county":"San Diego"}},{"type":"Feature","geometry":{"type":"Point","coordinates":[-118.65396748830723,36.36436083940019]},"properties":{"id":"gnis-273530","name":"Sand Meadows","kind":"backcountry","county":"Tulare"}},{"type":"Feature","geometry":{"type":"Point","coordinates":[-117.7092908683316,33.77459435453178]},"properties":{"id":"gnis-273581","name":"Santiago Reservoir","kind":"backcountry","county":"Orange"}},{"type":"Feature","geometry":{"type":"Point","coordinates":[-116.98674698022337,34.14234293714519]},"properties":{"id":"gnis-273647","name":"Shadow Lake","kind":"backcountry","county":"San Bernardino"}},{"type":"Feature","geometry":{"type":"Point","coordinates":[-116.87953090678512,34.24375818977723]},"properties":{"id":"gnis-273718","name":"Simmons Trout Lake","kind":"backcountry","county":"San Bernardino"}},{"type":"Feature","geometry":{"type":"Point","coordinates":[-117.73074953008953,33.71061996638817]},"properties":{"id":"gnis-273720","name":"Siphon Reservoir","kind":"backcountry","county":"Orange"}},{"type":"Feature","geometry":{"type":"Point","coordinates":[-118.65322596587116,35.631947273139254]},"properties":{"id":"gnis-273906","name":"Lake Stockton","kind":"backcountry","county":"Kern"}},{"type":"Feature","geometry":{"type":"Point","coordinates":[-118.15452808103177,34.16112257278523]},"properties":{"id":"gnis-273971","name":"Sunset Reservoir","kind":"backcountry","county":"Los Angeles"}},{"type":"Feature","geometry":{"type":"Point","coordinates":[-119.58020553939102,34.43134021949389]},"properties":{"id":"gnis-274165","name":"Toro Canyon Reservoir","kind":"backcountry","county":"Santa Barbara"}},{"type":"Feature","geometry":{"type":"Point","coordinates":[-118.62107332508474,36.29905738145153]},"properties":{"id":"gnis-274245","name":"Twin Lakes","kind":"backcountry","county":"Tulare"}},{"type":"Feature","geometry":{"type":"Point","coordinates":[-117.63251610913088,34.355150924388354]},"properties":{"id":"gnis-274246","name":"Twin Lakes","kind":"backcountry","county":"San Bernardino"}},{"type":"Feature","geometry":{"type":"Point","coordinates":[-121.77333673016678,36.411450928573146]},"properties":{"id":"gnis-274481","name":"White Rock Lake","kind":"backcountry","county":"Monterey"}},{"type":"Feature","geometry":{"type":"Point","coordinates":[-117.64196210005758,34.36005638787541]},"properties":{"id":"gnis-274577","name":"Wright Lake","kind":"backcountry","county":"San Bernardino"}},{"type":"Feature","geometry":{"type":"Point","coordinates":[-119.21514769902173,37.855113573111495]},"properties":{"id":"gnis-274610","name":"Summit Lake","kind":"backcountry","county":"Tuolumne"}},{"type":"Feature","geometry":{"type":"Point","coordinates":[-123.03172711447189,40.988606670737106]},"properties":{"id":"gnis-274660","name":"Kalmia Lake","kind":"backcountry","county":"Trinity"}},{"type":"Feature","geometry":{"type":"Point","coordinates":[-121.31517569083255,40.76359419556557]},"properties":{"id":"gnis-274675","name":"Freebe Reservoir","kind":"backcountry","county":"Lassen"}},{"type":"Feature","geometry":{"type":"Point","coordinates":[-121.35743793679212,40.7674572360042]},"properties":{"id":"gnis-274677","name":"Twin Ponds","kind":"backcountry","county":"Shasta"}},{"type":"Feature","geometry":{"type":"Point","coordinates":[-121.36930644418995,40.76449126598522]},"properties":{"id":"gnis-274679","name":"Cone Reservoir","kind":"backcountry","county":"Shasta"}},{"type":"Feature","geometry":{"type":"Point","coordinates":[-123.18644731016506,41.93547723525566]},"properties":{"id":"gnis-274682","name":"Elk Lake","kind":"backcountry","county":"Siskiyou"}},{"type":"Feature","geometry":{"type":"Point","coordinates":[-123.1954398378246,41.92741202414516]},"properties":{"id":"gnis-274684","name":"Towhead Lake","kind":"backcountry","county":"Siskiyou"}},{"type":"Feature","geometry":{"type":"Point","coordinates":[-118.98005053487283,38.267608312609]},"properties":{"id":"gnis-274790","name":"Dry Lake","kind":"backcountry","county":"Mono"}},{"type":"Feature","geometry":{"type":"Point","coordinates":[-121.76972092670653,40.908263074551094]},"properties":{"id":"gnis-274881","name":"Lake Margaret","kind":"backcountry","county":"Shasta"}},{"type":"Feature","geometry":{"type":"Point","coordinates":[-118.53085306331,35.53471238243404]},"properties":{"id":"gnis-274899","name":"Golf Meadow","kind":"backcountry","county":"Kern"}},{"type":"Feature","geometry":{"type":"Point","coordinates":[-120.61991464940603,38.81327849657177]},"properties":{"id":"gnis-274935","name":"Brush Creek Reservoir","kind":"backcountry","county":"El Dorado"}},{"type":"Feature","geometry":{"type":"Point","coordinates":[-120.45090403081687,38.85599073286221]},"properties":{"id":"gnis-275023","name":"Junction Reservoir","kind":"backcountry","county":"El Dorado"}},{"type":"Feature","geometry":{"type":"Point","coordinates":[-121.46640604034306,40.827251140440865]},"properties":{"id":"gnis-275052","name":"Bidwell Pond","kind":"backcountry","county":"Shasta"}},{"type":"Feature","geometry":{"type":"Point","coordinates":[-118.60454633698149,36.14856185750015]},"properties":{"id":"gnis-275053","name":"Big Tree Water Tanks","kind":"backcountry","county":"Tulare"}},{"type":"Feature","geometry":{"type":"Point","coordinates":[-117.69232419352434,34.36640164228712]},"properties":{"id":"gnis-275177","name":"Pacific Crest Reservoir","kind":"backcountry","county":"Los Angeles"}},{"type":"Feature","geometry":{"type":"Point","coordinates":[-119.18210719844282,34.534785284839536]},"properties":{"id":"gnis-275226","name":"Upper Rose Lake","kind":"backcountry","county":"Ventura"}},{"type":"Feature","geometry":{"type":"Point","coordinates":[-119.19524517715239,34.47193976349329]},"properties":{"id":"gnis-275250","name":"Senior Canyon Reservoir","kind":"backcountry","county":"Ventura"}},{"type":"Feature","geometry":{"type":"Point","coordinates":[-119.43190483766884,34.497588586576946]},"properties":{"id":"gnis-275335","name":"Murietta Dam","kind":"backcountry","county":"Ventura"}},{"type":"Feature","geometry":{"type":"Point","coordinates":[-121.28280302298867,36.08256747253144]},"properties":{"id":"gnis-275444","name":"Coleman Reservoir","kind":"backcountry","county":"Monterey"}},{"type":"Feature","geometry":{"type":"Point","coordinates":[-121.30356814851635,36.07059275536263]},"properties":{"id":"gnis-275445","name":"Milpitas Reservoir","kind":"backcountry","county":"Monterey"}},{"type":"Feature","geometry":{"type":"Point","coordinates":[-119.1787543085101,37.60050105683996]},"properties":{"id":"gnis-275600","name":"Alstot Lake","kind":"backcountry","county":"Madera"}},{"type":"Feature","geometry":{"type":"Point","coordinates":[-119.41751683168187,37.54583549461757]},"properties":{"id":"gnis-275712","name":"Mud Lakes","kind":"backcountry","county":"Madera"}},{"type":"Feature","geometry":{"type":"Point","coordinates":[-119.2590377371919,38.04715246882833]},"properties":{"id":"gnis-275727","name":"Little Valley","kind":"backcountry","county":"Mono"}},{"type":"Feature","geometry":{"type":"Point","coordinates":[-119.26511642920872,38.04697201607684]},"properties":{"id":"gnis-275728","name":"Big Valley Lake","kind":"backcountry","county":"Mono"}},{"type":"Feature","geometry":{"type":"Point","coordinates":[-119.11255778310839,37.67538497398806]},"properties":{"id":"gnis-275735","name":"Vivian Lake","kind":"backcountry","county":"Madera"}},{"type":"Feature","geometry":{"type":"Point","coordinates":[-120.85751497089078,39.76203337402857]},"properties":{"id":"gnis-275973","name":"Duck Soup Pond","kind":"backcountry","county":"Sierra"}},{"type":"Feature","geometry":{"type":"Point","coordinates":[-123.44992551861706,40.146686297074226]},"properties":{"id":"gnis-275997","name":"Bollman Lake","kind":"backcountry","county":"Trinity"}},{"type":"Feature","geometry":{"type":"Point","coordinates":[-123.46142847727124,40.180152347475165]},"properties":{"id":"gnis-276003","name":"French Lake","kind":"backcountry","county":"Trinity"}},{"type":"Feature","geometry":{"type":"Point","coordinates":[-123.47895601971773,41.1351358122407]},"properties":{"id":"gnis-276013","name":"Lost Lake","kind":"backcountry","county":"Humboldt"}},{"type":"Feature","geometry":{"type":"Point","coordinates":[-121.27905484738146,35.95802186443597]},"properties":{"id":"gnis-276020","name":"Lower Stoney Creek Reservoir","kind":"backcountry","county":"Monterey"}},{"type":"Feature","geometry":{"type":"Point","coordinates":[-120.45635487770521,39.36601617812556]},"properties":{"id":"gnis-276077","name":"Derry Lake","kind":"backcountry","county":"Nevada"}},{"type":"Feature","geometry":{"type":"Point","coordinates":[-121.21440360303319,41.961729370210065]},"properties":{"id":"gnis-276366","name":"Johnson Reservoir","kind":"backcountry","county":"Modoc"}},{"type":"Feature","geometry":{"type":"Point","coordinates":[-120.9751044676332,41.01905244817621]},"properties":{"id":"gnis-276599","name":"Packwood Reservoir","kind":"backcountry","county":"Lassen"}},{"type":"Feature","geometry":{"type":"Point","coordinates":[-121.49444483370942,41.23544549127261]},"properties":{"id":"gnis-276611","name":"Adobe Flat Reservoir","kind":"backcountry","county":"Siskiyou"}},{"type":"Feature","geometry":{"type":"Point","coordinates":[-123.09088545909844,41.11153294425516]},"properties":{"id":"gnis-276749","name":"Luther Lake","kind":"backcountry","county":"Siskiyou"}},{"type":"Feature","geometry":{"type":"Point","coordinates":[-122.87389794120853,41.0402823780954]},"properties":{"id":"gnis-276789","name":"Union Lakes","kind":"backcountry","county":"Trinity"}},{"type":"Feature","geometry":{"type":"Point","coordinates":[-121.05148306260709,39.61595990903149]},"properties":{"id":"gnis-276832","name":"Slate Creek Reservoir","kind":"backcountry","county":"Plumas"}},{"type":"Feature","geometry":{"type":"Point","coordinates":[-123.33728946530198,41.56513315403892]},"properties":{"id":"gnis-276857","name":"Granite Lakes","kind":"backcountry","county":"Siskiyou"}},{"type":"Feature","geometry":{"type":"Point","coordinates":[-122.99051812431831,41.016091464528316]},"properties":{"id":"gnis-276906","name":"Moraine Lake","kind":"backcountry","county":"Siskiyou"}},{"type":"Feature","geometry":{"type":"Point","coordinates":[-122.78307527549246,41.22484402472149]},"properties":{"id":"gnis-276911","name":"Upper Boulder Lake","kind":"backcountry","county":"Siskiyou"}},{"type":"Feature","geometry":{"type":"Point","coordinates":[-123.04478364383296,40.944090978373275]},"properties":{"id":"gnis-276941","name":"Forbidden Lakes","kind":"backcountry","county":"Trinity"}},{"type":"Feature","geometry":{"type":"Point","coordinates":[-122.48230075737887,40.63048246200706]},"properties":{"id":"gnis-276984","name":"Spring Creek Reservoir","kind":"backcountry","county":"Shasta"}},{"type":"Feature","geometry":{"type":"Point","coordinates":[-121.29966089474703,41.116131971521106]},"properties":{"id":"gnis-277079","name":"Van Sickle Reservoir","kind":"backcountry","county":"Lassen"}},{"type":"Feature","geometry":{"type":"Point","coordinates":[-123.11035924382877,39.38082591732415]},"properties":{"id":"gnis-277161","name":"Mill Pond","kind":"backcountry","county":"Mendocino"}},{"type":"Feature","geometry":{"type":"Point","coordinates":[-119.23488979166284,38.439088137355405]},"properties":{"id":"gnis-862147","name":"Murphy Pond","kind":"backcountry","county":"Mineral"}},{"type":"Feature","geometry":{"type":"Point","coordinates":[-122.21553219072104,37.827366963383554]},"properties":{"id":"gnis-1652825","name":"Reservoir Number One","kind":"backcountry","county":"Alameda"}},{"type":"Feature","geometry":{"type":"Point","coordinates":[-122.22353748515465,37.82766052366985]},"properties":{"id":"gnis-1652826","name":"Reservoir Number Two","kind":"backcountry","county":"Alameda"}},{"type":"Feature","geometry":{"type":"Point","coordinates":[-119.29807227075862,38.05717129980317]},"properties":{"id":"gnis-1652846","name":"Hoover Lakes","kind":"backcountry","county":"Mono"}},{"type":"Feature","geometry":{"type":"Point","coordinates":[-121.39900348534992,41.01080428189878]},"properties":{"id":"gnis-1652847","name":"Knoch Reservoir","kind":"backcountry","county":"Shasta"}},{"type":"Feature","geometry":{"type":"Point","coordinates":[-120.64781087654353,41.38046048423077]},"properties":{"id":"gnis-1652857","name":"Signal Reservoir","kind":"backcountry","county":"Modoc"}},{"type":"Feature","geometry":{"type":"Point","coordinates":[-119.29174442920113,37.99624666865698]},"properties":{"id":"gnis-1652865","name":"Twin Lakes","kind":"backcountry","county":"Mono"}},{"type":"Feature","geometry":{"type":"Point","coordinates":[-119.65935202880826,38.162421579858304]},"properties":{"id":"gnis-1652892","name":"Horse Meadow Reservoir","kind":"backcountry","county":"Tuolumne"}},{"type":"Feature","geometry":{"type":"Point","coordinates":[-120.33495143430378,38.245920561982196]},"properties":{"id":"gnis-1652902","name":"Fly in Acres Reservoir","kind":"backcountry","county":"Calaveras"}},{"type":"Feature","geometry":{"type":"Point","coordinates":[-120.34236687965044,38.23607533951509]},"properties":{"id":"gnis-1652903","name":"Pinebrook Reservoir","kind":"backcountry","county":"Calaveras"}},{"type":"Feature","geometry":{"type":"Point","coordinates":[-120.00677325508586,41.733614089607535]},"properties":{"id":"gnis-1654143","name":"Hawk Reservoir","kind":"backcountry","county":"Modoc"}},{"type":"Feature","geometry":{"type":"Point","coordinates":[-120.0469860225725,41.66055481754981]},"properties":{"id":"gnis-1654145","name":"Mud Lake","kind":"backcountry","county":"Modoc"}},{"type":"Feature","geometry":{"type":"Point","coordinates":[-120.02931175739234,41.71232492670153]},"properties":{"id":"gnis-1654149","name":"Level Reservoir","kind":"backcountry","county":"Modoc"}},{"type":"Feature","geometry":{"type":"Point","coordinates":[-120.01158728626929,41.68081088387098]},"properties":{"id":"gnis-1654150","name":"Boggs Reservoir","kind":"backcountry","county":"Modoc"}},{"type":"Feature","geometry":{"type":"Point","coordinates":[-121.78024624883702,38.031870012821585]},"properties":{"id":"gnis-1654898","name":"Donlon Lake","kind":"backcountry","county":"Sacramento"}},{"type":"Feature","geometry":{"type":"Point","coordinates":[-121.99494189763747,36.9653262102422]},"properties":{"id":"gnis-1655095","name":"Schwan Lagoon","kind":"backcountry","county":"Santa Cruz"}},{"type":"Feature","geometry":{"type":"Point","coordinates":[-120.47188041764153,38.65185566342463]},"properties":{"id":"gnis-1655126","name":"Harrel Fire Tank","kind":"backcountry","county":"El Dorado"}},{"type":"Feature","geometry":{"type":"Point","coordinates":[-121.29949042684548,40.38853441849953]},"properties":{"id":"gnis-1655187","name":"Fleischmann Lake","kind":"backcountry","county":"Plumas"}},{"type":"Feature","geometry":{"type":"Point","coordinates":[-120.33395963404297,41.64631401800635]},"properties":{"id":"gnis-1655188","name":"Halls Meadows Reservoir","kind":"backcountry","county":"Modoc"}},{"type":"Feature","geometry":{"type":"Point","coordinates":[-122.46165754940492,37.77077056694054]},"properties":{"id":"gnis-1655433","name":"Lily Pond","kind":"backcountry","county":"San Francisco"}},{"type":"Feature","geometry":{"type":"Point","coordinates":[-122.42011228570452,37.80147896955819]},"properties":{"id":"gnis-1655437","name":"Lombard Street Reservoir","kind":"backcountry","county":"San Francisco"}},{"type":"Feature","geometry":{"type":"Point","coordinates":[-122.48944648715475,37.76711936971679]},"properties":{"id":"gnis-1655454","name":"Metson Lake","kind":"backcountry","county":"San Francisco"}},{"type":"Feature","geometry":{"type":"Point","coordinates":[-122.41447758511856,37.722043799379314]},"properties":{"id":"gnis-1655696","name":"McNab Lake","kind":"backcountry","county":"San Francisco"}},{"type":"Feature","geometry":{"type":"Point","coordinates":[-122.48203192305536,37.76749672802992]},"properties":{"id":"gnis-1656798","name":"Elk Glen Lake","kind":"backcountry","county":"San Francisco"}},{"type":"Feature","geometry":{"type":"Point","coordinates":[-122.48883959433196,37.736193736657135]},"properties":{"id":"gnis-1656831","name":"Laguna Puerca","kind":"backcountry","county":"San Francisco"}},{"type":"Feature","geometry":{"type":"Point","coordinates":[-122.5377729119494,38.74462210886877]},"properties":{"id":"gnis-1657217","name":"Lake Bordeaux","kind":"backcountry","county":"Lake"}},{"type":"Feature","geometry":{"type":"Point","coordinates":[-122.99460639849885,38.693490798733606]},"properties":{"id":"gnis-1657222","name":"Merlo Lake","kind":"backcountry","county":"Sonoma"}},{"type":"Feature","geometry":{"type":"Point","coordinates":[-122.92179596932564,38.74482290425005]},"properties":{"id":"gnis-1657224","name":"Vineyard Lake","kind":"backcountry","county":"Sonoma"}},{"type":"Feature","geometry":{"type":"Point","coordinates":[-122.40729931836306,38.650516016337356]},"properties":{"id":"gnis-1657248","name":"Weeks Lake","kind":"backcountry","county":"Napa"}},{"type":"Feature","geometry":{"type":"Point","coordinates":[-122.44859551696442,37.756324140602636]},"properties":{"id":"gnis-1657308","name":"Twin Peaks Reservoir","kind":"backcountry","county":"San Francisco"}},{"type":"Feature","geometry":{"type":"Point","coordinates":[-123.67784569341481,41.73694446428106]},"properties":{"id":"gnis-1657338","name":"Prescott Lake","kind":"backcountry","county":"Del Norte"}},{"type":"Feature","geometry":{"type":"Point","coordinates":[-123.79318309128205,41.749103064324636]},"properties":{"id":"gnis-1657347","name":"Ship Mountain Lake","kind":"backcountry","county":"Del Norte"}},{"type":"Feature","geometry":{"type":"Point","coordinates":[-121.87416493123033,41.95240941464077]},"properties":{"id":"gnis-1657360","name":"Beal Lake","kind":"backcountry","county":"Siskiyou"}},{"type":"Feature","geometry":{"type":"Point","coordinates":[-121.93556620203468,41.78681588646157]},"properties":{"id":"gnis-1657404","name":"Lough Lake","kind":"backcountry","county":"Siskiyou"}},{"type":"Feature","geometry":{"type":"Point","coordinates":[-122.86750024485794,41.581795804247086]},"properties":{"id":"gnis-1657406","name":"Marlahan Pond","kind":"backcountry","county":"Siskiyou"}},{"type":"Feature","geometry":{"type":"Point","coordinates":[-121.98387301031848,41.98570576095323]},"properties":{"id":"gnis-1657412","name":"Mud Lake","kind":"backcountry","county":"Siskiyou"}},{"type":"Feature","geometry":{"type":"Point","coordinates":[-122.91482556194713,41.58342609259246]},"properties":{"id":"gnis-1657414","name":"Oro Fino Pond","kind":"backcountry","county":"Siskiyou"}},{"type":"Feature","geometry":{"type":"Point","coordinates":[-121.7975081369961,41.85371460019094]},"properties":{"id":"gnis-1657426","name":"Souza Lake","kind":"backcountry","county":"Siskiyou"}},{"type":"Feature","geometry":{"type":"Point","coordinates":[-121.81696710221921,41.84108908389263]},"properties":{"id":"gnis-1657434","name":"Wild Horse Lake","kind":"backcountry","county":"Siskiyou"}},{"type":"Feature","geometry":{"type":"Point","coordinates":[-122.92154471143903,40.99699508517726]},"properties":{"id":"gnis-1657563","name":"Salmon Lake","kind":"backcountry","county":"Siskiyou"}},{"type":"Feature","geometry":{"type":"Point","coordinates":[-123.17548489656343,41.91513719185998]},"properties":{"id":"gnis-1657617","name":"Goodbye Lake","kind":"backcountry","county":"Siskiyou"}},{"type":"Feature","geometry":{"type":"Point","coordinates":[-122.44594800665064,41.642820343178904]},"properties":{"id":"gnis-1657742","name":"Barton Lake","kind":"backcountry","county":"Siskiyou"}},{"type":"Feature","geometry":{"type":"Point","coordinates":[-122.40653633158156,41.59843365748225]},"properties":{"id":"gnis-1657748","name":"Big Springs Lake","kind":"backcountry","county":"Siskiyou"}},{"type":"Feature","geometry":{"type":"Point","coordinates":[-122.48264742892509,41.53303618221495]},"properties":{"id":"gnis-1657770","name":"Freeway Lake","kind":"backcountry","county":"Siskiyou"}},{"type":"Feature","geometry":{"type":"Point","coordinates":[-122.48959100901598,41.531730947918554]},"properties":{"id":"gnis-1657784","name":"Hole in the Ground Lake","kind":"backcountry","county":"Siskiyou"}},{"type":"Feature","geometry":{"type":"Point","coordinates":[-122.38919771831405,41.53265373505203]},"properties":{"id":"gnis-1657805","name":"Lost Lake","kind":"backcountry","county":"Siskiyou"}},{"type":"Feature","geometry":{"type":"Point","coordinates":[-122.41308971495405,41.38580803556542]},"properties":{"id":"gnis-1657857","name":"Dwight Hammond Reservoir","kind":"backcountry","county":"Siskiyou"}},{"type":"Feature","geometry":{"type":"Point","coordinates":[-122.98577929290398,41.34281246551917]},"properties":{"id":"gnis-1657874","name":"Neil Lake","kind":"backcountry","county":"Siskiyou"}},{"type":"Feature","geometry":{"type":"Point","coordinates":[-121.40134542832996,40.88082223813254]},"properties":{"id":"gnis-1661766","name":"Antelope Reservoir","kind":"backcountry","county":"Shasta"}},{"type":"Feature","geometry":{"type":"Point","coordinates":[-121.68211249685744,40.620666720616995]},"properties":{"id":"gnis-1661788","name":"Cirque Lake","kind":"backcountry","county":"Shasta"}},{"type":"Feature","geometry":{"type":"Point","coordinates":[-121.37739353112849,40.78417578529961]},"properties":{"id":"gnis-1661804","name":"Government Lake","kind":"backcountry","county":"Shasta"}},{"type":"Feature","geometry":{"type":"Point","coordinates":[-121.34972489935474,40.68729977642357]},"properties":{"id":"gnis-1661816","name":"Juniper Hole","kind":"backcountry","county":"Shasta"}},{"type":"Feature","geometry":{"type":"Point","coordinates":[-121.39704356352095,40.720418294164624]},"properties":{"id":"gnis-1661851","name":"Plum Valley Reservoir","kind":"backcountry","county":"Shasta"}},{"type":"Feature","geometry":{"type":"Point","coordinates":[-120.10905533991092,39.201269070248095]},"properties":{"id":"gnis-1662296","name":"Dollar Reservoir","kind":"backcountry","county":"Placer"}},{"type":"Feature","geometry":{"type":"Point","coordinates":[-120.50604706512522,38.97546548929118]},"properties":{"id":"gnis-1662398","name":"Jerrys Pool","kind":"backcountry","county":"Placer"}},{"type":"Feature","geometry":{"type":"Point","coordinates":[-120.47069703188345,39.27698297550886]},"properties":{"id":"gnis-1662481","name":"Natalie Lake","kind":"backcountry","county":"Placer"}},{"type":"Feature","geometry":{"type":"Point","coordinates":[-118.47926334565072,34.28500646779672]},"properties":{"id":"gnis-1663292","name":"Lower Van Norman Lake","kind":"backcountry","county":"Los Angeles"}},{"type":"Feature","geometry":{"type":"Point","coordinates":[-122.45276241619018,37.74160243899138]},"properties":{"id":"gnis-1663357","name":"Twin Peaks Reservoir","kind":"backcountry","county":"San Francisco"}},{"type":"Feature","geometry":{"type":"Point","coordinates":[-118.0445151784149,33.997381780185584]},"properties":{"id":"gnis-1663381","name":"Hoover Reservoir","kind":"backcountry","county":"Los Angeles"}},{"type":"Feature","geometry":{"type":"Point","coordinates":[-122.70444398336544,37.99659514133608]},"properties":{"id":"gnis-1663440","name":"Kent Lake","kind":"backcountry","county":"Marin"}},{"type":"Feature","geometry":{"type":"Point","coordinates":[-121.0420551475805,38.95632714638445]},"properties":{"id":"gnis-1663596","name":"Halsey Afterbay","kind":"backcountry","county":"Placer"}},{"type":"Feature","geometry":{"type":"Point","coordinates":[-120.04936425748996,38.706579600348206]},"properties":{"id":"gnis-1663634","name":"Twin Lakes Reservoir","kind":"backcountry","county":"Alpine"}},{"type":"Feature","geometry":{"type":"Point","coordinates":[-121.7694484398331,40.98821974858043]},"properties":{"id":"gnis-1663656","name":"Pit Four Reservoir","kind":"backcountry","county":"Shasta"}},{"type":"Feature","geometry":{"type":"Point","coordinates":[-120.81272608832882,38.7715740481106]},"properties":{"id":"gnis-1663682","name":"Oma 6 300 Reservoir","kind":"backcountry","county":"El Dorado"}},{"type":"Feature","geometry":{"type":"Point","coordinates":[-120.64780388765064,41.516183902871546]},"properties":{"id":"gnis-1663756","name":"Lower Cummings Reservoir","kind":"backcountry","county":"Modoc"}},{"type":"Feature","geometry":{"type":"Point","coordinates":[-120.17439607627406,40.91990307881209]},"properties":{"id":"gnis-1663792","name":"Dunn Reservoir","kind":"backcountry","county":"Lassen"}},{"type":"Feature","geometry":{"type":"Point","coordinates":[-122.37913920033108,38.560289016216046]},"properties":{"id":"gnis-1663863","name":"Catacoula 411 Dam","kind":"backcountry","county":"Napa"}},{"type":"Feature","geometry":{"type":"Point","coordinates":[-120.99939936586462,38.35491849805462]},"properties":{"id":"gnis-1663907","name":"Loch Lane Lake","kind":"backcountry","county":"Amador"}},{"type":"Feature","geometry":{"type":"Point","coordinates":[-122.36401259592425,37.200026279249215]},"properties":{"id":"gnis-1663967","name":"Arroyo de los Frijoles","kind":"backcountry","county":"San Mateo"}},{"type":"Feature","geometry":{"type":"Point","coordinates":[-122.01531158837035,37.19092552398233]},"properties":{"id":"gnis-1663982","name":"Howell Reservoirs","kind":"backcountry","county":"Santa Clara"}},{"type":"Feature","geometry":{"type":"Point","coordinates":[-122.01722707593217,37.19070052882354]},"properties":{"id":"gnis-1663984","name":"Lake Kittredge","kind":"backcountry","county":"Santa Clara"}},{"type":"Feature","geometry":{"type":"Point","coordinates":[-122.56002661597147,37.90259328644937]},"properties":{"id":"gnis-1664230","name":"Mill Valley Reservoir","kind":"backcountry","county":"Marin"}},{"type":"Feature","geometry":{"type":"Point","coordinates":[-121.15000848633875,41.269200322596156]},"properties":{"id":"gnis-1664243","name":"Hines Reservoir","kind":"backcountry","county":"Modoc"}},{"type":"Feature","geometry":{"type":"Point","coordinates":[-120.50440385602774,40.40823640924016]},"properties":{"id":"gnis-1664487","name":"Off Stream Reservoir","kind":"backcountry","county":"Lassen"}},{"type":"Feature","geometry":{"type":"Point","coordinates":[-122.77566331201582,38.147049947987924]},"properties":{"id":"gnis-1664489","name":"Arroyo Sausal Reservoir","kind":"backcountry","county":"Marin"}},{"type":"Feature","geometry":{"type":"Point","coordinates":[-121.05763275387069,38.63665970191583]},"properties":{"id":"gnis-1664491","name":"Carson Creek Watershed Reservoir","kind":"backcountry","county":"El Dorado"}},{"type":"Feature","geometry":{"type":"Point","coordinates":[-119.11261954677576,36.40662134979596]},"properties":{"id":"gnis-1664493","name":"Wutchumna Ditch Reservoir","kind":"backcountry","county":"Tulare"}},{"type":"Feature","geometry":{"type":"Point","coordinates":[-117.72090738302084,35.043312095479244]},"properties":{"id":"gnis-1664495","name":"Watershed Reservoir","kind":"backcountry","county":"Kern"}},{"type":"Feature","geometry":{"type":"Point","coordinates":[-117.59690135584958,33.84607385787643]},"properties":{"id":"gnis-1664497","name":"Oak Street Creek Reservoir","kind":"backcountry","county":"Riverside"}},{"type":"Feature","geometry":{"type":"Point","coordinates":[-119.22762849182901,36.6616205674266]},"properties":{"id":"gnis-1664499","name":"Sand Creek Reservoir","kind":"backcountry","county":"Fresno"}},{"type":"Feature","geometry":{"type":"Point","coordinates":[-117.57589294049183,33.633360045885155]},"properties":{"id":"gnis-1664502","name":"Canada Gobernador Reservoir","kind":"backcountry","county":"Orange"}},{"type":"Feature","geometry":{"type":"Point","coordinates":[-120.27376283874462,37.37729006391144]},"properties":{"id":"gnis-1664526","name":"Burns Lake","kind":"backcountry","county":"Merced"}},{"type":"Feature","geometry":{"type":"Point","coordinates":[-121.33764056811664,39.10886824022331]},"properties":{"id":"gnis-1664550","name":"Beale Lake","kind":"backcountry","county":"Yuba"}},{"type":"Feature","geometry":{"type":"Point","coordinates":[-121.38441792635727,39.158231536392286]},"properties":{"id":"gnis-1664552","name":"Blackwelder Lake","kind":"backcountry","county":"Yuba"}},{"type":"Feature","geometry":{"type":"Point","coordinates":[-121.36108442580412,39.1782314395]},"properties":{"id":"gnis-1664554","name":"Frisky Lake","kind":"backcountry","county":"Yuba"}},{"type":"Feature","geometry":{"type":"Point","coordinates":[-121.38452259715585,39.1325692634027]},"properties":{"id":"gnis-1664556","name":"Lower Blackwelder Lake","kind":"backcountry","county":"Yuba"}},{"type":"Feature","geometry":{"type":"Point","coordinates":[-121.39958635991701,39.17154908404414]},"properties":{"id":"gnis-1664558","name":"Miller Lake","kind":"backcountry","county":"Yuba"}},{"type":"Feature","geometry":{"type":"Point","coordinates":[-117.30421546708189,33.27670531954436]},"properties":{"id":"gnis-1664575","name":"Pilgrim Creek Lake","kind":"backcountry","county":"San Diego"}},{"type":"Feature","geometry":{"type":"Point","coordinates":[-119.48596722204655,34.406666122834736]},"properties":{"id":"gnis-1664585","name":"Carpinteria Reservoir","kind":"backcountry","county":"Santa Barbara"}},{"type":"Feature","geometry":{"type":"Point","coordinates":[-121.17110607026824,41.79822206158991]},"properties":{"id":"gnis-1664593","name":"Clear Lake","kind":"backcountry","county":"Modoc"}},{"type":"Feature","geometry":{"type":"Point","coordinates":[-121.80607984526749,37.97826050595285]},"properties":{"id":"gnis-1664595","name":"Contra Loma Reservoir","kind":"backcountry","county":"Contra Costa"}},{"type":"Feature","geometry":{"type":"Point","coordinates":[-119.91431949585056,34.471665104047645]},"properties":{"id":"gnis-1664619","name":"Glen Anne Reservoir","kind":"backcountry","county":"Santa Barbara"}},{"type":"Feature","geometry":{"type":"Point","coordinates":[-119.59278500943729,34.43237643642992]},"properties":{"id":"gnis-1664649","name":"Ortega Reservoir","kind":"backcountry","county":"Santa Barbara"}},{"type":"Feature","geometry":{"type":"Point","coordinates":[-122.96112304824781,38.21992434030964]},"properties":{"id":"gnis-1664671","name":"Terminal Reservoir","kind":"backcountry","county":"Solano"}},{"type":"Feature","geometry":{"type":"Point","coordinates":[-114.48615211119959,32.90822946314837]},"properties":{"id":"gnis-1664675","name":"Senator Wash Reservoir","kind":"backcountry","county":"Imperial"}},{"type":"Feature","geometry":{"type":"Point","coordinates":[-122.1600181189627,38.220658872697]},"properties":{"id":"gnis-1664683","name":"Terminal Reservoir","kind":"backcountry","county":"Solano"}},{"type":"Feature","geometry":{"type":"Point","coordinates":[-123.18279580316387,39.1998962979495]},"properties":{"id":"gnis-1664691","name":"Russian River Reservoir","kind":"backcountry","county":"Mendocino"}},{"type":"Feature","geometry":{"type":"Point","coordinates":[-120.80852569451933,39.24601144990167]},"properties":{"id":"gnis-1664704","name":"Liberty Hill Reservoir","kind":"backcountry","county":"Nevada"}},{"type":"Feature","geometry":{"type":"Point","coordinates":[-117.08088340346178,34.23167894253357]},"properties":{"id":"gnis-1664709","name":"Arrowbear Reservoir","kind":"backcountry","county":"San Bernardino"}},{"type":"Feature","geometry":{"type":"Point","coordinates":[-119.82802879301362,38.19352803166947]},"properties":{"id":"gnis-1664711","name":"Y Meadows Reservoir","kind":"backcountry","county":"Tuolumne"}},{"type":"Feature","geometry":{"type":"Point","coordinates":[-120.68107102149763,39.9549005580936]},"properties":{"id":"gnis-1664713","name":"Walker Mine Tailings Reservoir","kind":"backcountry","county":"Plumas"}},{"type":"Feature","geometry":{"type":"Point","coordinates":[-119.65101842888438,38.17325468151006]},"properties":{"id":"gnis-1664723","name":"Snowlake Reservoir","kind":"backcountry","county":"Tuolumne"}},{"type":"Feature","geometry":{"type":"Point","coordinates":[-119.65466199208349,38.19034298074662]},"properties":{"id":"gnis-1664725","name":"Middle Emigrant Lake","kind":"backcountry","county":"Tuolumne"}},{"type":"Feature","geometry":{"type":"Point","coordinates":[-119.71768743848111,38.16658757609734]},"properties":{"id":"gnis-1664727","name":"Buck Lake","kind":"backcountry","county":"Tuolumne"}},{"type":"Feature","geometry":{"type":"Point","coordinates":[-119.91769428132002,38.249919868978125]},"properties":{"id":"gnis-1664731","name":"Herring Creek Reservoir","kind":"backcountry","county":"Tuolumne"}},{"type":"Feature","geometry":{"type":"Point","coordinates":[-119.76768924463681,38.14992107137925]},"properties":{"id":"gnis-1664735","name":"Leighton Lake","kind":"backcountry","county":"Tuolumne"}},{"type":"Feature","geometry":{"type":"Point","coordinates":[-122.72812096195395,37.975360262851645]},"properties":{"id":"gnis-1664776","name":"Hagmaier Pond North","kind":"backcountry","county":"Marin"}},{"type":"Feature","geometry":{"type":"Point","coordinates":[-122.72633046508247,37.974169483762495]},"properties":{"id":"gnis-1664778","name":"Hagmaier Pond South","kind":"backcountry","county":"Marin"}},{"type":"Feature","geometry":{"type":"Point","coordinates":[-122.76038010520381,37.99831480096025]},"properties":{"id":"gnis-1664780","name":"Mill Pond","kind":"backcountry","county":"Marin"}},{"type":"Feature","geometry":{"type":"Point","coordinates":[-116.16751945187116,34.33333690618343]},"properties":{"id":"gnis-1664787","name":"Keys Lake","kind":"backcountry","county":"San Bernardino"}},{"type":"Feature","geometry":{"type":"Point","coordinates":[-121.00450114899313,40.493984479812326]},"properties":{"id":"gnis-1664818","name":"Lake Norvell","kind":"backcountry","county":"Lassen"}},{"type":"Feature","geometry":{"type":"Point","coordinates":[-122.87821364815775,40.925480075712535]},"properties":{"id":"gnis-1665315","name":"Billy-Be-Damn Lake","kind":"backcountry","county":"Trinity"}},{"type":"Feature","geometry":{"type":"Point","coordinates":[-122.84160369808559,40.95114315472278]},"properties":{"id":"gnis-1665355","name":"Gibson Lake","kind":"backcountry","county":"Trinity"}},{"type":"Feature","geometry":{"type":"Point","coordinates":[-123.06758635144426,40.75574100444922]},"properties":{"id":"gnis-1665393","name":"McCartneys Pond","kind":"backcountry","county":"Trinity"}},{"type":"Feature","geometry":{"type":"Point","coordinates":[-122.89482160680745,40.95203400623788]},"properties":{"id":"gnis-1665416","name":"Round Lake","kind":"backcountry","county":"Trinity"}},{"type":"Feature","geometry":{"type":"Point","coordinates":[-122.85464970188646,40.96418815409876]},"properties":{"id":"gnis-1665423","name":"Seven Up Lake","kind":"backcountry","county":"Trinity"}},{"type":"Feature","geometry":{"type":"Point","coordinates":[-122.93204229179688,40.65865293903395]},"properties":{"id":"gnis-1665452","name":"Union Hill Pond","kind":"backcountry","county":"Trinity"}},{"type":"Feature","geometry":{"type":"Point","coordinates":[-121.74787152564777,38.53744754905019]},"properties":{"id":"gnis-1665508","name":"Lake Spafford","kind":"backcountry","county":"Yolo"}},{"type":"Feature","geometry":{"type":"Point","coordinates":[-119.68843476873933,36.883959840175386]},"properties":{"id":"gnis-1665622","name":"Gates Lake","kind":"backcountry","county":"Fresno"}},{"type":"Feature","geometry":{"type":"Point","coordinates":[-121.84413551611016,37.66910247744799]},"properties":{"id":"gnis-1665767","name":"Heron Pond","kind":"backcountry","county":"Alameda"}},{"type":"Feature","geometry":{"type":"Point","coordinates":[-120.8606911343594,40.906131517723324]},"properties":{"id":"gnis-1665823","name":"Abbott Reservoir","kind":"backcountry","county":"Lassen"}},{"type":"Feature","geometry":{"type":"Point","coordinates":[-120.86051153687959,40.890359228730716]},"properties":{"id":"gnis-1665824","name":"Acre Foot Reservoir","kind":"backcountry","county":"Lassen"}},{"type":"Feature","geometry":{"type":"Point","coordinates":[-120.94726552695967,40.9409745891594]},"properties":{"id":"gnis-1665828","name":"Bald Ridges Reservoir","kind":"backcountry","county":"Lassen"}},{"type":"Feature","geometry":{"type":"Point","coordinates":[-121.2562340171576,40.81691543238614]},"properties":{"id":"gnis-1665831","name":"Beaver Creek Reservoir","kind":"backcountry","county":"Lassen"}},{"type":"Feature","geometry":{"type":"Point","coordinates":[-120.50795470769965,40.76743993869435]},"properties":{"id":"gnis-1665833","name":"Bill Reservoir Number One","kind":"backcountry","county":"Lassen"}},{"type":"Feature","geometry":{"type":"Point","coordinates":[-120.82050000728796,40.89469500949344]},"properties":{"id":"gnis-1665836","name":"Boffengers Reservoir","kind":"backcountry","county":"Lassen"}},{"type":"Feature","geometry":{"type":"Point","coordinates":[-120.74764895899253,40.76522273790012]},"properties":{"id":"gnis-1665838","name":"Bull Pine Reservoir","kind":"backcountry","county":"Lassen"}},{"type":"Feature","geometry":{"type":"Point","coordinates":[-121.0920406942296,40.85342239626786]},"properties":{"id":"gnis-1665846","name":"Chico Flat Reservoir","kind":"backcountry","county":"Lassen"}},{"type":"Feature","geometry":{"type":"Point","coordinates":[-120.87007848416268,40.9401494394633]},"properties":{"id":"gnis-1665848","name":"Clay Flat Reservoir","kind":"backcountry","county":"Lassen"}},{"type":"Feature","geometry":{"type":"Point","coordinates":[-121.11164619803174,40.72294978408217]},"properties":{"id":"gnis-1665851","name":"Cone Two Water Tank","kind":"backcountry","county":"Lassen"}},{"type":"Feature","geometry":{"type":"Point","coordinates":[-120.89590646342769,40.88475249020896]},"properties":{"id":"gnis-1665852","name":"Corral Valley Reservoir","kind":"backcountry","county":"Lassen"}},{"type":"Feature","geometry":{"type":"Point","coordinates":[-121.12687704923235,40.631915663773114]},"properties":{"id":"gnis-1665854","name":"Coyote Hole","kind":"backcountry","county":"Lassen"}},{"type":"Feature","geometry":{"type":"Point","coordinates":[-121.12072016964984,40.862840156578656]},"properties":{"id":"gnis-1665856","name":"Davis Pond","kind":"backcountry","county":"Lassen"}},{"type":"Feature","geometry":{"type":"Point","coordinates":[-120.97185069691054,40.92018474431232]},"properties":{"id":"gnis-1665857","name":"Deadhorse Reservoir","kind":"backcountry","county":"Lassen"}},{"type":"Feature","geometry":{"type":"Point","coordinates":[-120.9205149976608,40.932670134050326]},"properties":{"id":"gnis-1665858","name":"Dobe Flat Reservoir","kind":"backcountry","county":"Lassen"}},{"type":"Feature","geometry":{"type":"Point","coordinates":[-120.87252571508388,40.97384510090729]},"properties":{"id":"gnis-1665859","name":"Drift Fence Reservoir","kind":"backcountry","county":"Lassen"}},{"type":"Feature","geometry":{"type":"Point","coordinates":[-120.52277750457235,40.819521044044095]},"properties":{"id":"gnis-1665860","name":"Elmers Reservoir","kind":"backcountry","county":"Lassen"}},{"type":"Feature","geometry":{"type":"Point","coordinates":[-120.79169656525681,40.84296026355911]},"properties":{"id":"gnis-1665866","name":"Heath Dam Reservoir","kind":"backcountry","county":"Lassen"}},{"type":"Feature","geometry":{"type":"Point","coordinates":[-120.77104546288814,40.87409351083958]},"properties":{"id":"gnis-1665869","name":"Horse Meadow Reservoir","kind":"backcountry","county":"Lassen"}},{"type":"Feature","geometry":{"type":"Point","coordinates":[-120.91521885413914,40.911233787837425]},"properties":{"id":"gnis-1665874","name":"Indian Reservoir","kind":"backcountry","county":"Lassen"}},{"type":"Feature","geometry":{"type":"Point","coordinates":[-120.82632348344096,40.90548619535157]},"properties":{"id":"gnis-1665877","name":"Juniper Spring Reservoir","kind":"backcountry","county":"Lassen"}},{"type":"Feature","geometry":{"type":"Point","coordinates":[-120.95803461502733,40.91995193133695]},"properties":{"id":"gnis-1665881","name":"Little Coyote Reservoir","kind":"backcountry","county":"Lassen"}},{"type":"Feature","geometry":{"type":"Point","coordinates":[-120.94668848515376,40.88929275512192]},"properties":{"id":"gnis-1665882","name":"Log Cabin Reservoir Number 1","kind":"backcountry","county":"Lassen"}},{"type":"Feature","geometry":{"type":"Point","coordinates":[-120.95453188251193,40.89721788033407]},"properties":{"id":"gnis-1665883","name":"Log Cabin Reservoir Number 2","kind":"backcountry","county":"Lassen"}},{"type":"Feature","geometry":{"type":"Point","coordinates":[-120.85941922681658,40.92264480490576]},"properties":{"id":"gnis-1665884","name":"Long Flat Reservoir","kind":"backcountry","county":"Lassen"}},{"type":"Feature","geometry":{"type":"Point","coordinates":[-120.79145231422937,40.90842092091286]},"properties":{"id":"gnis-1665888","name":"Mapes Lake","kind":"backcountry","county":"Lassen"}},{"type":"Feature","geometry":{"type":"Point","coordinates":[-120.5444093166013,40.786233336903585]},"properties":{"id":"gnis-1665894","name":"Pinecone Reservoir","kind":"backcountry","county":"Lassen"}},{"type":"Feature","geometry":{"type":"Point","coordinates":[-121.14978211268377,40.77771618512504]},"properties":{"id":"gnis-1665898","name":"Railroad Reservoir","kind":"backcountry","county":"Lassen"}},{"type":"Feature","geometry":{"type":"Point","coordinates":[-120.65633233036299,40.759859325368936]},"properties":{"id":"gnis-1665902","name":"Saddle Horse Flat Reservoir","kind":"backcountry","county":"Lassen"}},{"type":"Feature","geometry":{"type":"Point","coordinates":[-121.01066948928204,40.703679231399455]},"properties":{"id":"gnis-1665903","name":"Shoestring Reservoir","kind":"backcountry","county":"Lassen"}},{"type":"Feature","geometry":{"type":"Point","coordinates":[-120.98647221726068,40.917694482729814]},"properties":{"id":"gnis-1665907","name":"Spaulding Reservoir","kind":"backcountry","county":"Lassen"}},{"type":"Feature","geometry":{"type":"Point","coordinates":[-121.13613114384472,40.981145443403925]},"properties":{"id":"gnis-1665908","name":"Spring Gulch Reservoir","kind":"backcountry","county":"Lassen"}},{"type":"Feature","geometry":{"type":"Point","coordinates":[-120.84037755150084,40.98863660883158]},"properties":{"id":"gnis-1665909","name":"Spring Hill Reservoir","kind":"backcountry","county":"Lassen"}},{"type":"Feature","geometry":{"type":"Point","coordinates":[-120.54204831226929,40.75704833487058]},"properties":{"id":"gnis-1665910","name":"Steel Post Reservoir","kind":"backcountry","county":"Lassen"}},{"type":"Feature","geometry":{"type":"Point","coordinates":[-120.78188808435002,40.938942437978554]},"properties":{"id":"gnis-1665912","name":"Stratton Reservoir","kind":"backcountry","county":"Lassen"}},{"type":"Feature","geometry":{"type":"Point","coordinates":[-121.30038808276616,40.65421803029439]},"properties":{"id":"gnis-1665915","name":"Tamarack Reservoir","kind":"backcountry","county":"Lassen"}},{"type":"Feature","geometry":{"type":"Point","coordinates":[-120.9708711173309,40.879557734388]},"properties":{"id":"gnis-1665918","name":"Tire Body Reservoir","kind":"backcountry","county":"Lassen"}},{"type":"Feature","geometry":{"type":"Point","coordinates":[-120.72247334077845,40.75403531939865]},"properties":{"id":"gnis-1665919","name":"Tom Spring Reservoir","kind":"backcountry","county":"Lassen"}},{"type":"Feature","geometry":{"type":"Point","coordinates":[-121.1700494044574,40.50911102434658]},"properties":{"id":"gnis-1665920","name":"Tule Lake","kind":"backcountry","county":"Lassen"}},{"type":"Feature","geometry":{"type":"Point","coordinates":[-120.94452747455007,41.082406590283156]},"properties":{"id":"gnis-1665924","name":"Whit Flat Reservoir","kind":"backcountry","county":"Lassen"}},{"type":"Feature","geometry":{"type":"Point","coordinates":[-120.52641029247964,40.56152845603744]},"properties":{"id":"gnis-1665936","name":"Morton Reservoir","kind":"backcountry","county":"Lassen"}},{"type":"Feature","geometry":{"type":"Point","coordinates":[-120.69884367286265,41.82311870731551]},"properties":{"id":"gnis-1665952","name":"Deer Hill Reservoir","kind":"backcountry","county":"Modoc"}},{"type":"Feature","geometry":{"type":"Point","coordinates":[-120.55371680617583,41.59358795215476]},"properties":{"id":"gnis-1665954","name":"Emigrant Spring Reservoir","kind":"backcountry","county":"Modoc"}},{"type":"Feature","geometry":{"type":"Point","coordinates":[-120.6822723690698,41.45769270040318]},"properties":{"id":"gnis-1665967","name":"McBrien Reservoir","kind":"backcountry","county":"Modoc"}},{"type":"Feature","geometry":{"type":"Point","coordinates":[-121.33006216388584,41.34300018172733]},"properties":{"id":"gnis-1665980","name":"Wet Weather Pond","kind":"backcountry","county":"Modoc"}},{"type":"Feature","geometry":{"type":"Point","coordinates":[-121.29616818204032,38.14746141547278]},"properties":{"id":"gnis-1666010","name":"Smith Lake","kind":"backcountry","county":"San Joaquin"}},{"type":"Feature","geometry":{"type":"Point","coordinates":[-120.43823734064475,40.48045390468162]},"properties":{"id":"gnis-1666081","name":"Adobe Reservoir","kind":"backcountry","county":"Lassen"}},{"type":"Feature","geometry":{"type":"Point","coordinates":[-120.99670851363501,40.35704783163174]},"properties":{"id":"gnis-1666091","name":"Duck Lake","kind":"backcountry","county":"Lassen"}},{"type":"Feature","geometry":{"type":"Point","coordinates":[-120.30861852369566,40.36343042596497]},"properties":{"id":"gnis-1666093","name":"Fleming Reservoir","kind":"backcountry","county":"Lassen"}},{"type":"Feature","geometry":{"type":"Point","coordinates":[-120.9905916863378,40.34406352125504]},"properties":{"id":"gnis-1666105","name":"Rice Lake","kind":"backcountry","county":"Lassen"}},{"type":"Feature","geometry":{"type":"Point","coordinates":[-121.3633721177275,40.396563405668445]},"properties":{"id":"gnis-1666177","name":"Domingo Lake","kind":"backcountry","county":"Plumas"}},{"type":"Feature","geometry":{"type":"Point","coordinates":[-121.96818530021888,40.137370033682465]},"properties":{"id":"gnis-1666413","name":"Arts Pond","kind":"backcountry","county":"Tehama"}},{"type":"Feature","geometry":{"type":"Point","coordinates":[-121.96423803997835,40.084959464015725]},"properties":{"id":"gnis-1666418","name":"Horseshoe Pond","kind":"backcountry","county":"Tehama"}},{"type":"Feature","geometry":{"type":"Point","coordinates":[-122.00113217658225,40.13313396231828]},"properties":{"id":"gnis-1666420","name":"Norvell Pond","kind":"backcountry","county":"Tehama"}},{"type":"Feature","geometry":{"type":"Point","coordinates":[-121.53246025823071,39.92311411800389]},"properties":{"id":"gnis-1666432","name":"Breedlove Reservoir","kind":"backcountry","county":"Butte"}},{"type":"Feature","geometry":{"type":"Point","coordinates":[-121.16297337406607,39.84092423784154]},"properties":{"id":"gnis-1666495","name":"Faggs Debris Pond","kind":"backcountry","county":"Plumas"}},{"type":"Feature","geometry":{"type":"Point","coordinates":[-121.21926539314867,39.85746542625575]},"properties":{"id":"gnis-1666503","name":"Grizzly Lake","kind":"backcountry","county":"Plumas"}},{"type":"Feature","geometry":{"type":"Point","coordinates":[-121.22253529312222,39.85451520559433]},"properties":{"id":"gnis-1666525","name":"Rogers Lake","kind":"backcountry","county":"Plumas"}},{"type":"Feature","geometry":{"type":"Point","coordinates":[-116.68930099602021,34.94718404703817]},"properties":{"id":"gnis-1666725","name":"Dolores Lake","kind":"backcountry","county":"San Bernardino"}},{"type":"Feature","geometry":{"type":"Point","coordinates":[-116.82900345054256,34.63281858963911]},"properties":{"id":"gnis-1666727","name":"Ericksen Dry Lake","kind":"backcountry","county":"San Bernardino"}},{"type":"Feature","geometry":{"type":"Point","coordinates":[-116.66861982793729,34.903486436652216]},"properties":{"id":"gnis-1666737","name":"Lake Jodie","kind":"backcountry","county":"San Bernardino"}},{"type":"Feature","geometry":{"type":"Point","coordinates":[-116.47269173534026,34.99483797418268]},"properties":{"id":"gnis-1666744","name":"Ninemile Waterhole","kind":"backcountry","county":"San Bernardino"}},{"type":"Feature","geometry":{"type":"Point","coordinates":[-116.65170898611989,34.903602144183175]},"properties":{"id":"gnis-1666749","name":"Twin Lakes","kind":"backcountry","county":"San Bernardino"}},{"type":"Feature","geometry":{"type":"Point","coordinates":[-115.4844495091492,35.255269454347484]},"properties":{"id":"gnis-1667014","name":"Cut Tank","kind":"backcountry","county":"San Bernardino"}},{"type":"Feature","geometry":{"type":"Point","coordinates":[-115.35361249313152,35.339992172373925]},"properties":{"id":"gnis-1667015","name":"Fourteenmile Tank","kind":"backcountry","county":"San Bernardino"}},{"type":"Feature","geometry":{"type":"Point","coordinates":[-115.34839793011237,35.49601702398937]},"properties":{"id":"gnis-1667027","name":"Mesquite Holes","kind":"backcountry","county":"San Bernardino"}},{"type":"Feature","geometry":{"type":"Point","coordinates":[-115.58917633746042,35.366655461577075]},"properties":{"id":"gnis-1667030","name":"Ord Tank","kind":"backcountry","county":"San Bernardino"}},{"type":"Feature","geometry":{"type":"Point","coordinates":[-115.70223595990667,35.38804295679347]},"properties":{"id":"gnis-1667031","name":"Rock Tank","kind":"backcountry","county":"San Bernardino"}},{"type":"Feature","geometry":{"type":"Point","coordinates":[-115.45444900810307,35.30943556306457]},"properties":{"id":"gnis-1667034","name":"Sixmile Tank","kind":"backcountry","county":"San Bernardino"}},{"type":"Feature","geometry":{"type":"Point","coordinates":[-115.39778039818535,35.30999196651568]},"properties":{"id":"gnis-1667036","name":"Tenmile Tank","kind":"backcountry","county":"San Bernardino"}},{"type":"Feature","geometry":{"type":"Point","coordinates":[-115.49445021425542,35.29360195839809]},"properties":{"id":"gnis-1667037","name":"Threemile Tank","kind":"backcountry","county":"San Bernardino"}},{"type":"Feature","geometry":{"type":"Point","coordinates":[-115.33574493206177,35.2057673849308]},"properties":{"id":"gnis-1667069","name":"Martin Pond","kind":"backcountry","county":"San Bernardino"}},{"type":"Feature","geometry":{"type":"Point","coordinates":[-118.21974764454454,36.98703346451731]},"properties":{"id":"gnis-1667214","name":"Calvert Lake","kind":"backcountry","county":"Inyo"}},{"type":"Feature","geometry":{"type":"Point","coordinates":[-118.50928602250795,37.13215996282599]},"properties":{"id":"gnis-1667269","name":"Big Pine Lakes","kind":"backcountry","county":"Inyo"}},{"type":"Feature","geometry":{"type":"Point","coordinates":[-118.56430464553935,37.233461798722765]},"properties":{"id":"gnis-1667273","name":"Ems Pond","kind":"backcountry","county":"Inyo"}},{"type":"Feature","geometry":{"type":"Point","coordinates":[-118.54960804848935,37.15310099974154]},"properties":{"id":"gnis-1667274","name":"Inconsolable Lake","kind":"backcountry","county":"Inyo"}},{"type":"Feature","geometry":{"type":"Point","coordinates":[-118.61064703951939,37.18909742794674]},"properties":{"id":"gnis-1667277","name":"Little George Lake","kind":"backcountry","county":"Inyo"}},{"type":"Feature","geometry":{"type":"Point","coordinates":[-118.56020246004832,37.163374033030934]},"properties":{"id":"gnis-1667278","name":"Mule Lake","kind":"backcountry","county":"Inyo"}},{"type":"Feature","geometry":{"type":"Point","coordinates":[-118.63571819714066,37.17564003568189]},"properties":{"id":"gnis-1667281","name":"Pee Wee Lake","kind":"backcountry","county":"Inyo"}},{"type":"Feature","geometry":{"type":"Point","coordinates":[-118.6697239743233,37.208600702678794]},"properties":{"id":"gnis-1667287","name":"Sky High Lake","kind":"backcountry","county":"Inyo"}},{"type":"Feature","geometry":{"type":"Point","coordinates":[-118.66261881875384,37.20559788689661]},"properties":{"id":"gnis-1667291","name":"Wishbone Lake","kind":"backcountry","county":"Inyo"}},{"type":"Feature","geometry":{"type":"Point","coordinates":[-118.7311618451873,37.278754144472735]},"properties":{"id":"gnis-1667314","name":"Blanc Lake","kind":"backcountry","county":"Fresno"}},{"type":"Feature","geometry":{"type":"Point","coordinates":[-118.98363075696297,37.064417087589185]},"properties":{"id":"gnis-1667322","name":"Clear Lake","kind":"backcountry","county":"Fresno"}},{"type":"Feature","geometry":{"type":"Point","coordinates":[-118.76134844841422,37.098503068618555]},"properties":{"id":"gnis-1667324","name":"Lake Confusion","kind":"backcountry","county":"Fresno"}},{"type":"Feature","geometry":{"type":"Point","coordinates":[-118.7622340363674,37.021149662469206]},"properties":{"id":"gnis-1667337","name":"Hummingbird Lake","kind":"backcountry","county":"Fresno"}},{"type":"Feature","geometry":{"type":"Point","coordinates":[-118.70651033016108,37.30800996279814]},"properties":{"id":"gnis-1667340","name":"La Tete Lake","kind":"backcountry","county":"Fresno"}},{"type":"Feature","geometry":{"type":"Point","coordinates":[-118.74731154536279,37.46487543868956]},"properties":{"id":"gnis-1667383","name":"Patricia Lake","kind":"backcountry","county":"Mono"}},{"type":"Feature","geometry":{"type":"Point","coordinates":[-119.15333577057179,37.08257182673701]},"properties":{"id":"gnis-1667397","name":"Honeymoon Pool","kind":"backcountry","county":"Fresno"}},{"type":"Feature","geometry":{"type":"Point","coordinates":[-119.33118264319866,37.215515732183945]},"properties":{"id":"gnis-1667437","name":"Dam Six Lake","kind":"backcountry","county":"Madera"}},{"type":"Feature","geometry":{"type":"Point","coordinates":[-118.74340588610309,36.24349830309276]},"properties":{"id":"gnis-1667564","name":"Carl Lake","kind":"backcountry","county":"Tulare"}},{"type":"Feature","geometry":{"type":"Point","coordinates":[-119.23044163800644,37.388880278147695]},"properties":{"id":"gnis-1667641","name":"Mill Creek Meadow","kind":"backcountry","county":"Fresno"}},{"type":"Feature","geometry":{"type":"Point","coordinates":[-119.10427615791022,37.35091511641534]},"properties":{"id":"gnis-1667643","name":"Portuguese Flat","kind":"backcountry","county":"Fresno"}},{"type":"Feature","geometry":{"type":"Point","coordinates":[-119.02037379064782,37.48249803067426]},"properties":{"id":"gnis-1667646","name":"Tub Lake","kind":"backcountry","county":"Fresno"}},{"type":"Feature","geometry":{"type":"Point","coordinates":[-119.02946847472143,37.47326336530834]},"properties":{"id":"gnis-1667648","name":"Useless Lake","kind":"backcountry","county":"Fresno"}},{"type":"Feature","geometry":{"type":"Point","coordinates":[-115.39217841154712,33.67674327711125]},"properties":{"id":"gnis-1667776","name":"Long Tank","kind":"backcountry","county":"Riverside"}},{"type":"Feature","geometry":{"type":"Point","coordinates":[-115.37888285755693,33.66835897004303]},"properties":{"id":"gnis-1667806","name":"Spring Tank","kind":"backcountry","county":"Riverside"}},{"type":"Feature","geometry":{"type":"Point","coordinates":[-114.90830985163761,33.40364576176139]},"properties":{"id":"gnis-1667825","name":"Tadpole Tank","kind":"backcountry","county":"Imperial"}},{"type":"Feature","geometry":{"type":"Point","coordinates":[-119.72193938390976,38.44775056174557]},"properties":{"id":"gnis-1667830","name":"Golden Lake","kind":"backcountry","county":"Alpine"}},{"type":"Feature","geometry":{"type":"Point","coordinates":[-119.62733782559367,38.45586142752334]},"properties":{"id":"gnis-1667833","name":"Tamarack Lake","kind":"backcountry","county":"Alpine"}},{"type":"Feature","geometry":{"type":"Point","coordinates":[-119.63538909760015,38.43813923501983]},"properties":{"id":"gnis-1667834","name":"Whitecliff Lake","kind":"backcountry","county":"Alpine"}},{"type":"Feature","geometry":{"type":"Point","coordinates":[-119.70028141922795,38.27580680565288]},"properties":{"id":"gnis-1667843","name":"Sharon Lake","kind":"backcountry","county":"Tuolumne"}},{"type":"Feature","geometry":{"type":"Point","coordinates":[-119.28018050368527,37.7552306579555]},"properties":{"id":"gnis-1667950","name":"Maclure Lake","kind":"backcountry","county":"Tuolumne"}},{"type":"Feature","geometry":{"type":"Point","coordinates":[-118.34255051673327,33.84537569950126]},"properties":{"id":"gnis-1670035","name":"Dominguez Reservoir","kind":"backcountry","county":"Los Angeles"}},{"type":"Feature","geometry":{"type":"Point","coordinates":[-120.58767568052083,39.478207097457805]},"properties":{"id":"gnis-1670054","name":"Mud Lake","kind":"backcountry","county":"Nevada"}},{"type":"Feature","geometry":{"type":"Point","coordinates":[-120.2751149442827,38.29253514627301]},"properties":{"id":"gnis-1675898","name":"Snowshoe Lake","kind":"backcountry","county":"Calaveras"}},{"type":"Feature","geometry":{"type":"Point","coordinates":[-121.89421046040138,40.488547037822165]},"properties":{"id":"gnis-1682169","name":"Woodridge Lake","kind":"backcountry","county":"Shasta"}},{"type":"Feature","geometry":{"type":"Point","coordinates":[-120.23475246985906,35.74135351011036]},"properties":{"id":"gnis-1682808","name":"Poison Water Pond","kind":"backcountry","county":"San Luis Obispo"}},{"type":"Feature","geometry":{"type":"Point","coordinates":[-120.92417863730822,39.36844673173661]},"properties":{"id":"gnis-1682874","name":"Diggins Pond","kind":"backcountry","county":"Nevada"}},{"type":"Feature","geometry":{"type":"Point","coordinates":[-123.12809871771543,40.00808379976658]},"properties":{"id":"gnis-1683058","name":"Swan Lake","kind":"backcountry","county":"Trinity"}},{"type":"Feature","geometry":{"type":"Point","coordinates":[-118.4755724340496,34.04385706295645]},"properties":{"id":"gnis-1693160","name":"Mount Olivet Reservoir","kind":"backcountry","county":"Los Angeles"}},{"type":"Feature","geometry":{"type":"Point","coordinates":[-120.33288000998843,39.34190280100301]},"properties":{"id":"gnis-1693426","name":"West Lakes","kind":"backcountry","county":"Nevada"}},{"type":"Feature","geometry":{"type":"Point","coordinates":[-120.38299318657812,39.29768752614888]},"properties":{"id":"gnis-1701092","name":"Dulzura Lake","kind":"backcountry","county":"Placer"}},{"type":"Feature","geometry":{"type":"Point","coordinates":[-120.3863267869868,39.3012986261683]},"properties":{"id":"gnis-1701094","name":"Serena Lake","kind":"backcountry","county":"Placer"}},{"type":"Feature","geometry":{"type":"Point","coordinates":[-117.17980218328668,33.002545166870455]},"properties":{"id":"gnis-1701233","name":"Fairbanks Lake","kind":"backcountry","county":"San Diego"}},{"type":"Feature","geometry":{"type":"Point","coordinates":[-116.84903845056017,33.53534880648305]},"properties":{"id":"gnis-1701422","name":"Cahuilla Lake","kind":"backcountry","county":"Riverside"}},{"type":"Feature","geometry":{"type":"Point","coordinates":[-122.24192642033046,38.04742607974817]},"properties":{"id":"gnis-1701692","name":"Selby Reservoir","kind":"backcountry","county":"Contra Costa"}},{"type":"Feature","geometry":{"type":"Point","coordinates":[-122.36973779099527,37.20852052749016]},"properties":{"id":"gnis-1701695","name":"Bean Hollow Lake","kind":"backcountry","county":"San Mateo"}},{"type":"Feature","geometry":{"type":"Point","coordinates":[-121.59762701877108,37.90812776426746]},"properties":{"id":"gnis-1701831","name":"Willow Lake","kind":"backcountry","county":"Contra Costa"}},{"type":"Feature","geometry":{"type":"Point","coordinates":[-117.8859050143351,33.896408059776746]},"properties":{"id":"gnis-1701981","name":"Fullerton Reservoir","kind":"backcountry","county":"Orange"}},{"type":"Feature","geometry":{"type":"Point","coordinates":[-120.02457212557906,38.64982423602078]},"properties":{"id":"gnis-1702067","name":"Corrie Lochan","kind":"backcountry","county":"Alpine"}},{"type":"Feature","geometry":{"type":"Point","coordinates":[-120.11766885847058,38.67127092331306]},"properties":{"id":"gnis-1702084","name":"Oyster Lake","kind":"backcountry","county":"Amador"}},{"type":"Feature","geometry":{"type":"Point","coordinates":[-120.52533288007731,41.46979386947884]},"properties":{"id":"gnis-1702395","name":"Duck Pond","kind":"backcountry","county":"Modoc"}},{"type":"Feature","geometry":{"type":"Point","coordinates":[-120.52616062011948,41.46182009524299]},"properties":{"id":"gnis-1702398","name":"Goose Pond","kind":"backcountry","county":"Modoc"}},{"type":"Feature","geometry":{"type":"Point","coordinates":[-120.5150069650753,41.46080730200489]},"properties":{"id":"gnis-1702412","name":"Teal Pond","kind":"backcountry","county":"Modoc"}},{"type":"Feature","geometry":{"type":"Point","coordinates":[-124.1115324283789,41.00303635138471]},"properties":{"id":"gnis-1702450","name":"Clam Beach Ponds","kind":"backcountry","county":"Humboldt"}},{"type":"Feature","geometry":{"type":"Point","coordinates":[-124.12288706529822,40.79638345890614]},"properties":{"id":"gnis-1702451","name":"Dead Mouse Marsh","kind":"backcountry","county":"Humboldt"}},{"type":"Feature","geometry":{"type":"Point","coordinates":[-124.07242349634036,41.357666926989076]},"properties":{"id":"gnis-1702453","name":"Espa Lagoon","kind":"backcountry","county":"Humboldt"}},{"type":"Feature","geometry":{"type":"Point","coordinates":[-122.04905065125355,39.46759593599152]},"properties":{"id":"gnis-1702578","name":"Rasnor Lakes","kind":"backcountry","county":"Glenn"}},{"type":"Feature","geometry":{"type":"Point","coordinates":[-118.29353291468429,33.714443866400536]},"properties":{"id":"gnis-1702662","name":"Gaffey Pool","kind":"backcountry","county":"Los Angeles"}},{"type":"Feature","geometry":{"type":"Point","coordinates":[-117.2531040322428,32.92949468131113]},"properties":{"id":"gnis-1702719","name":"Los Penasquitos Lagoon","kind":"backcountry","county":"San Diego"}},{"type":"Feature","geometry":{"type":"Point","coordinates":[-117.3683301683722,33.17780276928886]},"properties":{"id":"gnis-1702720","name":"Loma Alta Marsh","kind":"backcountry","county":"San Diego"}},{"type":"Feature","geometry":{"type":"Point","coordinates":[-117.26199313686362,32.970604885907136]},"properties":{"id":"gnis-1702723","name":"San Dieguito Lagoon","kind":"backcountry","county":"San Diego"}},{"type":"Feature","geometry":{"type":"Point","coordinates":[-119.18746101111077,37.597622170418035]},"properties":{"id":"gnis-1702741","name":"Straube Lake","kind":"backcountry","county":"Madera"}},{"type":"Feature","geometry":{"type":"Point","coordinates":[-118.68269722356933,34.03392067312982]},"properties":{"id":"gnis-1702792","name":"Malibu Lagoon","kind":"backcountry","county":"Los Angeles"}},{"type":"Feature","geometry":{"type":"Point","coordinates":[-119.8473880811728,34.40881889857763]},"properties":{"id":"gnis-1702872","name":"Campus Lagoon","kind":"backcountry","county":"Santa Barbara"}},{"type":"Feature","geometry":{"type":"Point","coordinates":[-120.60935015893254,35.0680365221206]},"properties":{"id":"gnis-1703079","name":"Dune Lakes","kind":"backcountry","county":"San Luis Obispo"}},{"type":"Feature","geometry":{"type":"Point","coordinates":[-121.78989102346138,38.55236139418591]},"properties":{"id":"gnis-1703199","name":"Stonegate Lake","kind":"backcountry","county":"Yolo"}},{"type":"Feature","geometry":{"type":"Point","coordinates":[-121.85829880224058,36.60746478401467]},"properties":{"id":"gnis-1703294","name":"Roberts Lake","kind":"backcountry","county":"Monterey"}},{"type":"Feature","geometry":{"type":"Point","coordinates":[-121.99251014918019,36.96083498417355]},"properties":{"id":"gnis-1723294","name":"Bonita Lagoon","kind":"backcountry","county":"Santa Cruz"}},{"type":"Feature","geometry":{"type":"Point","coordinates":[-123.10457610382865,38.43663703916866]},"properties":{"id":"gnis-1723328","name":"Jenner Pond","kind":"backcountry","county":"Sonoma"}},{"type":"Feature","geometry":{"type":"Point","coordinates":[-121.09139718517751,38.83025144133272]},"properties":{"id":"gnis-1723480","name":"Averys Pond","kind":"backcountry","county":"Placer"}},{"type":"Feature","geometry":{"type":"Point","coordinates":[-124.21768174433244,40.68573142820964]},"properties":{"id":"gnis-1723636","name":"Long Pond","kind":"backcountry","county":"Humboldt"}},{"type":"Feature","geometry":{"type":"Point","coordinates":[-123.38473056085826,39.433337836724945]},"properties":{"id":"gnis-1724143","name":"Lake Ada Rose","kind":"backcountry","county":"Mendocino"}},{"type":"Feature","geometry":{"type":"Point","coordinates":[-123.38038585629165,39.43245277561849]},"properties":{"id":"gnis-1724255","name":"Summer Lake","kind":"backcountry","county":"Mendocino"}},{"type":"Feature","geometry":{"type":"Point","coordinates":[-118.0906368707027,34.16917767725705]},"properties":{"id":"gnis-1732268","name":"Eaton Canyon Reservoir","kind":"backcountry","county":"Los Angeles"}},{"type":"Feature","geometry":{"type":"Point","coordinates":[-118.48613276801827,34.29237665541034]},"properties":{"id":"gnis-1732632","name":"Van Norman Bypass Reservoir","kind":"backcountry","county":"Los Angeles"}},{"type":"Feature","geometry":{"type":"Point","coordinates":[-118.17952868227572,34.11973556683712]},"properties":{"id":"gnis-1732694","name":"Highland Reservoir","kind":"backcountry","county":"Los Angeles"}},{"type":"Feature","geometry":{"type":"Point","coordinates":[-118.0539386404926,34.14190484232699]},"properties":{"id":"gnis-1733490","name":"Baldwin Lake","kind":"backcountry","county":"Los Angeles"}},{"type":"Feature","geometry":{"type":"Point","coordinates":[-120.1624690687883,39.03473184053064]},"properties":{"id":"gnis-1733775","name":"Lily Pond","kind":"backcountry","county":"El Dorado"}},{"type":"Feature","geometry":{"type":"Point","coordinates":[-120.83532616385979,38.75252809662427]},"properties":{"id":"gnis-1733876","name":"Teal Pond","kind":"backcountry","county":"El Dorado"}},{"type":"Feature","geometry":{"type":"Point","coordinates":[-120.91956467800657,38.725915058621574]},"properties":{"id":"gnis-1733984","name":"Indian Creek Reservoir","kind":"backcountry","county":"El Dorado"}},{"type":"Feature","geometry":{"type":"Point","coordinates":[-121.4505469586367,40.771277159445134]},"properties":{"id":"gnis-1744591","name":"Wilson Reservoir","kind":"backcountry","county":"Shasta"}},{"type":"Feature","geometry":{"type":"Point","coordinates":[-121.27682345018201,40.90411228472276]},"properties":{"id":"gnis-1744592","name":"Mule Deer Flat Reservoir","kind":"backcountry","county":"Lassen"}},{"type":"Feature","geometry":{"type":"Point","coordinates":[-121.39582274855825,40.7660003634172]},"properties":{"id":"gnis-1744593","name":"Little Lake","kind":"backcountry","county":"Shasta"}},{"type":"Feature","geometry":{"type":"Point","coordinates":[-121.02552876404343,40.78183928529483]},"properties":{"id":"gnis-1744594","name":"Double Take Reservoir","kind":"backcountry","county":"Lassen"}},{"type":"Feature","geometry":{"type":"Point","coordinates":[-121.29521133612555,40.7399241822498]},"properties":{"id":"gnis-1744595","name":"Bufflehead Reservoir","kind":"backcountry","county":"Lassen"}},{"type":"Feature","geometry":{"type":"Point","coordinates":[-121.25416443349027,40.81240127891575]},"properties":{"id":"gnis-1744596","name":"Beaver Creek Wetlands","kind":"backcountry","county":"Lassen"}},{"type":"Feature","geometry":{"type":"Point","coordinates":[-120.7349573019437,38.58668742320734]},"properties":{"id":"gnis-1744689","name":"D'Agostini Reservoir","kind":"backcountry","county":"El Dorado"}},{"type":"Feature","geometry":{"type":"Point","coordinates":[-120.82242395069152,38.70531145851306]},"properties":{"id":"gnis-1744691","name":"Depot Lake","kind":"backcountry","county":"El Dorado"}},{"type":"Feature","geometry":{"type":"Point","coordinates":[-120.84922558784181,38.69171103727916]},"properties":{"id":"gnis-1744721","name":"Hagen Pond","kind":"backcountry","county":"El Dorado"}},{"type":"Feature","geometry":{"type":"Point","coordinates":[-120.83087337489654,38.68447532778655]},"properties":{"id":"gnis-1744747","name":"Patterson Lake","kind":"backcountry","county":"El Dorado"}},{"type":"Feature","geometry":{"type":"Point","coordinates":[-120.67840819939985,38.60767304979552]},"properties":{"id":"gnis-1744749","name":"Perry Reservoir","kind":"backcountry","county":"El Dorado"}},{"type":"Feature","geometry":{"type":"Point","coordinates":[-117.8842267511786,33.936763103614844]},"properties":{"id":"gnis-1762943","name":"Humble Reservoir","kind":"backcountry","county":"Orange"}},{"type":"Feature","geometry":{"type":"Point","coordinates":[-118.13174917248728,34.10140276800354]},"properties":{"id":"gnis-1763015","name":"Garfield Reservoirs","kind":"backcountry","county":"Los Angeles"}},{"type":"Feature","geometry":{"type":"Point","coordinates":[-117.9220871121088,33.7875168446106]},"properties":{"id":"gnis-1763510","name":"West Street Basin","kind":"backcountry","county":"Orange"}},{"type":"Feature","geometry":{"type":"Point","coordinates":[-120.33248079148963,37.95536725439624]},"properties":{"id":"gnis-1785565","name":"Lambert Lake","kind":"backcountry","county":"Tuolumne"}},{"type":"Feature","geometry":{"type":"Point","coordinates":[-119.26738979479993,37.92259826525557]},"properties":{"id":"gnis-1785634","name":"Upper Gaylor Lake","kind":"backcountry","county":"Tuolumne"}},{"type":"Feature","geometry":{"type":"Point","coordinates":[-122.37970738564658,37.57049713036653]},"properties":{"id":"gnis-1785883","name":"Spencer Lake","kind":"backcountry","county":"San Mateo"}},{"type":"Feature","geometry":{"type":"Point","coordinates":[-122.26520440230408,37.55405151177409]},"properties":{"id":"gnis-1785983","name":"Central Lake","kind":"backcountry","county":"San Mateo"}},{"type":"Feature","geometry":{"type":"Point","coordinates":[-122.34464906053039,37.591128984340415]},"properties":{"id":"gnis-1786093","name":"Anza Lagoon","kind":"backcountry","county":"San Mateo"}},{"type":"Feature","geometry":{"type":"Point","coordinates":[-122.67129029775566,38.48692046414867]},"properties":{"id":"gnis-1799324","name":"Brush Creek Reservoir","kind":"backcountry","county":"Sonoma"}},{"type":"Feature","geometry":{"type":"Point","coordinates":[-122.2247052303453,38.153256489828195]},"properties":{"id":"gnis-1800081","name":"Summit Reservoir","kind":"backcountry","county":"Solano"}},{"type":"Feature","geometry":{"type":"Point","coordinates":[-122.34776726918845,38.317696693542565]},"properties":{"id":"gnis-1800214","name":"Hacienda Water Tank","kind":"backcountry","county":"Napa"}},{"type":"Feature","geometry":{"type":"Point","coordinates":[-122.34360046877735,38.32408539465689]},"properties":{"id":"gnis-1800225","name":"Pacifica Water Tank","kind":"backcountry","county":"Napa"}},{"type":"Feature","geometry":{"type":"Point","coordinates":[-122.54737493125782,37.979134577175245]},"properties":{"id":"gnis-1800552","name":"Forbes Hill Reservoir","kind":"backcountry","county":"Marin"}},{"type":"Feature","geometry":{"type":"Point","coordinates":[-118.24518816066458,36.560146345954365]},"properties":{"id":"gnis-1804720","name":"Camp Lake","kind":"backcountry","county":"Inyo"}},{"type":"Feature","geometry":{"type":"Point","coordinates":[-118.26918322730533,36.57775041655439]},"properties":{"id":"gnis-1804725","name":"Frog Pond","kind":"backcountry","county":"Inyo"}},{"type":"Feature","geometry":{"type":"Point","coordinates":[-118.23778491354112,36.5619747295726]},"properties":{"id":"gnis-1804736","name":"Peanut Lake","kind":"backcountry","county":"Inyo"}},{"type":"Feature","geometry":{"type":"Point","coordinates":[-122.54568358234258,37.862675724091424]},"properties":{"id":"gnis-1809086","name":"Haypress Pond","kind":"backcountry","county":"Marin"}},{"type":"Feature","geometry":{"type":"Point","coordinates":[-120.22536916876274,38.04942273857165]},"properties":{"id":"gnis-1809400","name":"Lakewood Park Lake","kind":"backcountry","county":"Tuolumne"}},{"type":"Feature","geometry":{"type":"Point","coordinates":[-120.44217421725887,36.847408659679274]},"properties":{"id":"gnis-1811557","name":"Lake Joallan","kind":"backcountry","county":"Fresno"}},{"type":"Feature","geometry":{"type":"Point","coordinates":[-119.63625735166158,36.593011033466574]},"properties":{"id":"gnis-1811871","name":"Young Pond","kind":"backcountry","county":"Fresno"}},{"type":"Feature","geometry":{"type":"Point","coordinates":[-119.77485452354995,37.16166516247941]},"properties":{"id":"gnis-1812707","name":"Black Hawk Lake","kind":"backcountry","county":"Madera"}},{"type":"Feature","geometry":{"type":"Point","coordinates":[-120.9602826535174,37.682373682483416]},"properties":{"id":"gnis-1816946","name":"Naraghi Lake","kind":"backcountry","county":"Stanislaus"}},{"type":"Feature","geometry":{"type":"Point","coordinates":[-121.36704172488334,38.0082248557291]},"properties":{"id":"gnis-1827317","name":"North Lake","kind":"backcountry","county":"San Joaquin"}},{"type":"Feature","geometry":{"type":"Point","coordinates":[-121.29202243903781,37.77719869228111]},"properties":{"id":"gnis-1827420","name":"Oakwood Lake","kind":"backcountry","county":"San Joaquin"}},{"type":"Feature","geometry":{"type":"Point","coordinates":[-121.34204362814242,37.996767366935]},"properties":{"id":"gnis-1827637","name":"Meadow Lake","kind":"backcountry","county":"San Joaquin"}},{"type":"Feature","geometry":{"type":"Point","coordinates":[-121.33625453680354,37.99036872881968]},"properties":{"id":"gnis-1827640","name":"Quail Lake","kind":"backcountry","county":"San Joaquin"}},{"type":"Feature","geometry":{"type":"Point","coordinates":[-121.33399529093195,37.9823628399534]},"properties":{"id":"gnis-1827651","name":"Lake Venezia","kind":"backcountry","county":"San Joaquin"}},{"type":"Feature","geometry":{"type":"Point","coordinates":[-122.0927536269439,37.4324444389651]},"properties":{"id":"gnis-1828480","name":"Shoreline Lake","kind":"backcountry","county":"Santa Clara"}},{"type":"Feature","geometry":{"type":"Point","coordinates":[-121.87191097284251,37.24578193992535]},"properties":{"id":"gnis-1835160","name":"Los Alamitos Percolation Ponds","kind":"backcountry","county":"Santa Clara"}},{"type":"Feature","geometry":{"type":"Point","coordinates":[-121.98080428625617,37.218005029236814]},"properties":{"id":"gnis-1835416","name":"Tisdale Reservoir","kind":"backcountry","county":"Santa Clara"}},{"type":"Feature","geometry":{"type":"Point","coordinates":[-119.01066909480076,36.04995732119341]},"properties":{"id":"gnis-1835461","name":"Lake Heron","kind":"backcountry","county":"Tulare"}},{"type":"Feature","geometry":{"type":"Point","coordinates":[-119.10541123047568,36.403979299307714]},"properties":{"id":"gnis-1835526","name":"Little Bravo Lake","kind":"backcountry","county":"Tulare"}},{"type":"Feature","geometry":{"type":"Point","coordinates":[-117.26894586000749,34.511668563259505]},"properties":{"id":"gnis-1841596","name":"Pelican Lake","kind":"backcountry","county":"San Bernardino"}},{"type":"Feature","geometry":{"type":"Point","coordinates":[-117.21501376458363,34.51900443953995]},"properties":{"id":"gnis-1841630","name":"Apple Pond","kind":"backcountry","county":"San Bernardino"}},{"type":"Feature","geometry":{"type":"Point","coordinates":[-117.1656082205876,34.260288740526164]},"properties":{"id":"gnis-1841852","name":"Papoose Lake","kind":"backcountry","county":"San Bernardino"}},{"type":"Feature","geometry":{"type":"Point","coordinates":[-117.3084108923095,34.18339103354997]},"properties":{"id":"gnis-1841870","name":"Badger Percolation Basin","kind":"backcountry","county":"San Bernardino"}},{"type":"Feature","geometry":{"type":"Point","coordinates":[-117.33616834410866,34.19167992325069]},"properties":{"id":"gnis-1841878","name":"Devils Canyon Percolation Basins","kind":"backcountry","county":"San Bernardino"}},{"type":"Feature","geometry":{"type":"Point","coordinates":[-117.33644594149774,34.16029221979342]},"properties":{"id":"gnis-1841896","name":"Macy Basin","kind":"backcountry","county":"San Bernardino"}},{"type":"Feature","geometry":{"type":"Point","coordinates":[-117.31344966760395,34.18931736534441]},"properties":{"id":"gnis-1841903","name":"North Badger Basin","kind":"backcountry","county":"San Bernardino"}},{"type":"Feature","geometry":{"type":"Point","coordinates":[-117.30124667610335,34.18405436702045]},"properties":{"id":"gnis-1841913","name":"Sycamore Percolation Basin","kind":"backcountry","county":"San Bernardino"}},{"type":"Feature","geometry":{"type":"Point","coordinates":[-117.33030382572693,34.19440016982196]},"properties":{"id":"gnis-1841914","name":"Sweetwater Percolation Basin","kind":"backcountry","county":"San Bernardino"}},{"type":"Feature","geometry":{"type":"Point","coordinates":[-117.27588823186433,34.16695872384591]},"properties":{"id":"gnis-1841917","name":"Waterman Percolation Basins","kind":"backcountry","county":"San Bernardino"}},{"type":"Feature","geometry":{"type":"Point","coordinates":[-117.3187618370703,34.188628014958915]},"properties":{"id":"gnis-1841918","name":"West Badger Percolation Basin","kind":"backcountry","county":"San Bernardino"}},{"type":"Feature","geometry":{"type":"Point","coordinates":[-117.33033464243276,34.18195802208846]},"properties":{"id":"gnis-1841920","name":"Wiggins Percolation Basin","kind":"backcountry","county":"San Bernardino"}},{"type":"Feature","geometry":{"type":"Point","coordinates":[-117.2670891195703,34.184061833142934]},"properties":{"id":"gnis-1841924","name":"Arrowhead Springs Hot Lake","kind":"backcountry","county":"San Bernardino"}},{"type":"Feature","geometry":{"type":"Point","coordinates":[-117.22789064256595,34.136810494864356]},"properties":{"id":"gnis-1841951","name":"Patton Basin","kind":"backcountry","county":"San Bernardino"}},{"type":"Feature","geometry":{"type":"Point","coordinates":[-117.29678183803718,34.16303815836535]},"properties":{"id":"gnis-1841999","name":"Little Mountain Basin","kind":"backcountry","county":"San Bernardino"}},{"type":"Feature","geometry":{"type":"Point","coordinates":[-117.26894342916631,34.142515221461416]},"properties":{"id":"gnis-1842000","name":"Lynwood Basins","kind":"backcountry","county":"San Bernardino"}},{"type":"Feature","geometry":{"type":"Point","coordinates":[-117.71123907792595,33.97676034823507]},"properties":{"id":"gnis-1844341","name":"Lake los Serranos","kind":"backcountry","county":"San Bernardino"}},{"type":"Feature","geometry":{"type":"Point","coordinates":[-117.33338983696855,34.107794013463426]},"properties":{"id":"gnis-1844398","name":"Lytle Creek Basin","kind":"backcountry","county":"San Bernardino"}},{"type":"Feature","geometry":{"type":"Point","coordinates":[-117.64050213919322,34.093849465060586]},"properties":{"id":"gnis-1844453","name":"Ontario Reservoir Number 1","kind":"backcountry","county":"San Bernardino"}},{"type":"Feature","geometry":{"type":"Point","coordinates":[-117.64228849033968,34.11029229677326]},"properties":{"id":"gnis-1844464","name":"Thirteenth Street Reservoir","kind":"backcountry","county":"San Bernardino"}},{"type":"Feature","geometry":{"type":"Point","coordinates":[-117.17032697196042,33.79349935071614]},"properties":{"id":"gnis-1849029","name":"Ski Land Lake","kind":"backcountry","county":"Riverside"}},{"type":"Feature","geometry":{"type":"Point","coordinates":[-117.32921688938596,33.514752745878944]},"properties":{"id":"gnis-1849587","name":"Meadows Lake","kind":"backcountry","county":"Riverside"}},{"type":"Feature","geometry":{"type":"Point","coordinates":[-114.59282584475135,33.02348983026871]},"properties":{"id":"gnis-1868177","name":"Red Rock Lake","kind":"backcountry","county":"Imperial"}},{"type":"Feature","geometry":{"type":"Point","coordinates":[-114.62293788421641,33.026255366286904]},"properties":{"id":"gnis-1868186","name":"Stewarts Lake","kind":"backcountry","county":"Imperial"}},{"type":"Feature","geometry":{"type":"Point","coordinates":[-117.18603852155101,33.39620534376804]},"properties":{"id":"gnis-1868416","name":"Red Mountain Reservoir","kind":"backcountry","county":"San Diego"}},{"type":"Feature","geometry":{"type":"Point","coordinates":[-116.88721248611957,33.32949430067826]},"properties":{"id":"gnis-1868468","name":"Doane Valley Reservoir","kind":"backcountry","county":"San Diego"}},{"type":"Feature","geometry":{"type":"Point","coordinates":[-117.14162547523927,33.13260971383118]},"properties":{"id":"gnis-1868670","name":"Jacks Lake","kind":"backcountry","county":"San Diego"}},{"type":"Feature","geometry":{"type":"Point","coordinates":[-117.16708416607415,33.11434505960832]},"properties":{"id":"gnis-1868914","name":"South Lake","kind":"backcountry","county":"San Diego"}},{"type":"Feature","geometry":{"type":"Point","coordinates":[-117.22504753577715,33.04810269696412]},"properties":{"id":"gnis-1868928","name":"Lake Val Sereno","kind":"backcountry","county":"San Diego"}},{"type":"Feature","geometry":{"type":"Point","coordinates":[-117.25032661925071,32.75560996140303]},"properties":{"id":"gnis-1869226","name":"Smiley Lagoon","kind":"backcountry","county":"San Diego"}},{"type":"Feature","geometry":{"type":"Point","coordinates":[-117.09893350668882,32.94727269185345]},"properties":{"id":"gnis-1869294","name":"Duck Pond","kind":"backcountry","county":"San Diego"}},{"type":"Feature","geometry":{"type":"Point","coordinates":[-117.06011055960917,32.786887154338174]},"properties":{"id":"gnis-1869536","name":"Del Cerro Reservoir","kind":"backcountry","county":"San Diego"}},{"type":"Feature","geometry":{"type":"Point","coordinates":[-117.03235735773963,32.841754367489905]},"properties":{"id":"gnis-1869604","name":"Hollis Lake","kind":"backcountry","county":"San Diego"}},{"type":"Feature","geometry":{"type":"Point","coordinates":[-116.7246313462758,32.812066613312204]},"properties":{"id":"gnis-1869828","name":"Palo Verde Lake","kind":"backcountry","county":"San Diego"}},{"type":"Feature","geometry":{"type":"Point","coordinates":[-119.19784240696308,34.43453466428591]},"properties":{"id":"gnis-1870591","name":"Lion Canyon Reservoir","kind":"backcountry","county":"Ventura"}},{"type":"Feature","geometry":{"type":"Point","coordinates":[-120.51413551211311,34.913633427019356]},"properties":{"id":"gnis-1871537","name":"Guadalupe Lake","kind":"backcountry","county":"Santa Barbara"}},{"type":"Feature","geometry":{"type":"Point","coordinates":[-119.82098568138588,34.4750005103632]},"properties":{"id":"gnis-1871884","name":"Dennis Reservoir","kind":"backcountry","county":"Santa Barbara"}},{"type":"Feature","geometry":{"type":"Point","coordinates":[-119.71558782323552,34.404598243311604]},"properties":{"id":"gnis-1871970","name":"Vic Trace Reservoir","kind":"backcountry","county":"Santa Barbara"}},{"type":"Feature","geometry":{"type":"Point","coordinates":[-120.53565516768222,35.17309750582764]},"properties":{"id":"gnis-1872583","name":"Lopez Reservoir","kind":"backcountry","county":"San Luis Obispo"}},{"type":"Feature","geometry":{"type":"Point","coordinates":[-121.98670681325586,37.13684415126148]},"properties":{"id":"gnis-1872662","name":"Laguna del Sargento","kind":"backcountry","county":"Santa Cruz"}},{"type":"Feature","geometry":{"type":"Point","coordinates":[-122.04684421374427,37.102983216382405]},"properties":{"id":"gnis-1872791","name":"Lake Lompico","kind":"backcountry","county":"Santa Cruz"}},{"type":"Feature","geometry":{"type":"Point","coordinates":[-122.03282922778915,37.04574444958854]},"properties":{"id":"gnis-1872805","name":"Spring Lakes","kind":"backcountry","county":"Santa Cruz"}},{"type":"Feature","geometry":{"type":"Point","coordinates":[-122.06695245700024,36.950945485220466]},"properties":{"id":"gnis-1872867","name":"Younger Lagoon","kind":"backcountry","county":"Santa Cruz"}},{"type":"Feature","geometry":{"type":"Point","coordinates":[-121.93296281247608,36.63593896766887]},"properties":{"id":"gnis-1873721","name":"Crespi Pond","kind":"backcountry","county":"Monterey"}},{"type":"Feature","geometry":{"type":"Point","coordinates":[-118.08285825714786,34.02001686176136]},"properties":{"id":"gnis-1940055","name":"Whittier Narrows Reservoir","kind":"backcountry","county":"Los Angeles"}},{"type":"Feature","geometry":{"type":"Point","coordinates":[-122.18720228301551,37.794654862689185]},"properties":{"id":"gnis-1961779","name":"Thirtyninth Avenue Reservoir","kind":"backcountry","county":"Alameda"}},{"type":"Feature","geometry":{"type":"Point","coordinates":[-118.28199638778455,34.17922909986083]},"properties":{"id":"gnis-2084493","name":"Western Reservoir","kind":"backcountry","county":"Los Angeles"}},{"type":"Feature","geometry":{"type":"Point","coordinates":[-118.17541997411739,34.1214913393146]},"properties":{"id":"gnis-2092121","name":"Garvanza Reservoir","kind":"backcountry","county":"Los Angeles"}},{"type":"Feature","geometry":{"type":"Point","coordinates":[-122.02529093962399,37.634449360832946]},"properties":{"id":"gnis-2124554","name":"Newt Pond","kind":"backcountry","county":"Alameda"}},{"type":"Feature","geometry":{"type":"Point","coordinates":[-118.21056801667596,36.48976975954976]},"properties":{"id":"gnis-2130540","name":"Cottonwood Lake Number One","kind":"backcountry","county":"Inyo"}},{"type":"Feature","geometry":{"type":"Point","coordinates":[-118.21557091146134,36.48936760758668]},"properties":{"id":"gnis-2130546","name":"Cottonwood Lake Number Two","kind":"backcountry","county":"Inyo"}},{"type":"Feature","geometry":{"type":"Point","coordinates":[-118.22026466451642,36.49593046210612]},"properties":{"id":"gnis-2130555","name":"Cottonwood Lake Number Three","kind":"backcountry","county":"Inyo"}},{"type":"Feature","geometry":{"type":"Point","coordinates":[-118.22681958041478,36.503189617460194]},"properties":{"id":"gnis-2130557","name":"Cottonwood Lake Number Five","kind":"backcountry","county":"Inyo"}},{"type":"Feature","geometry":{"type":"Point","coordinates":[-118.22643664567715,36.513339523266275]},"properties":{"id":"gnis-2130558","name":"Cottonwood Lake Number Six","kind":"backcountry","county":"Inyo"}},{"type":"Feature","geometry":{"type":"Point","coordinates":[-122.11779098006274,37.860838273542456]},"properties":{"id":"gnis-2339742","name":"Fay Hill Reservoir","kind":"backcountry","county":"Contra Costa"}},{"type":"Feature","geometry":{"type":"Point","coordinates":[-122.1177909782661,37.84833827228038]},"properties":{"id":"gnis-2339743","name":"Moraga Reservoir","kind":"backcountry","county":"Contra Costa"}},{"type":"Feature","geometry":{"type":"Point","coordinates":[-119.29862356415354,35.23333822072398]},"properties":{"id":"gnis-2359829","name":"Lake Evans","kind":"backcountry","county":"Kern"}},{"type":"Feature","geometry":{"type":"Point","coordinates":[-121.97966911397774,37.46491694978821]},"properties":{"id":"gnis-2649219","name":"Salt Pond A21","kind":"backcountry","county":"Alameda"}},{"type":"Feature","geometry":{"type":"Point","coordinates":[-121.9707211122136,37.46507095042231]},"properties":{"id":"gnis-2649220","name":"Salt Pond A20","kind":"backcountry","county":"Alameda"}},{"type":"Feature","geometry":{"type":"Point","coordinates":[-121.95789011029451,37.46684195166998]},"properties":{"id":"gnis-2649221","name":"Salt Pond A19","kind":"backcountry","county":"Alameda"}},{"type":"Feature","geometry":{"type":"Point","coordinates":[-121.97497311333781,37.47067395062091]},"properties":{"id":"gnis-2649223","name":"Coyote Lagoon","kind":"backcountry","county":"Alameda"}},{"type":"Feature","geometry":{"type":"Point","coordinates":[-122.2252471830579,37.7465879563101]},"properties":{"id":"gnis-2761801","name":"Doolittle Pond","kind":"backcountry","county":"Alameda"}},{"type":"Feature","geometry":{"type":"Point","coordinates":[-122.0090971303714,37.572167957377204]},"properties":{"id":"gnis-2761817","name":"Rainbow Lake","kind":"backcountry","county":"Alameda"}},{"type":"Feature","geometry":{"type":"Point","coordinates":[-121.99667712835605,37.56930595774811]},"properties":{"id":"gnis-2761819","name":"Lago Los Osos","kind":"backcountry","county":"Alameda"}},{"type":"Feature","geometry":{"type":"Point","coordinates":[-121.98199712588429,37.5701019591644]},"properties":{"id":"gnis-2761821","name":"Kaiser Pond","kind":"backcountry","county":"Alameda"}},{"type":"Feature","geometry":{"type":"Point","coordinates":[-117.04875758457314,34.06605712512874]},"properties":{"id":"gnis-2771041","name":"Crafton Hills Reservoir","kind":"backcountry","county":"San Bernardino"}},{"type":"Feature","geometry":{"type":"Point","coordinates":[-120.56254312574481,39.37885521898029]},"properties":{"id":"gnis-2797041","name":"Beyers Lake","kind":"backcountry","county":"Nevada"}},{"type":"Feature","geometry":{"type":"Point","coordinates":[-121.36051803442423,39.995139806070284]},"properties":{"id":"gnis-2797262","name":"Campbells Lakes","kind":"backcountry","county":"Plumas"}},{"type":"Feature","geometry":{"type":"Point","coordinates":[-119.82638150376809,38.5593075040802]},"properties":{"id":"gnis-2797281","name":"Kinney Lakes","kind":"backcountry","county":"Alpine"}},{"type":"Feature","geometry":{"type":"Point","coordinates":[-119.70029066738378,38.4338941019048]},"properties":{"id":"gnis-2803743","name":"Boulder Lake","kind":"backcountry","county":"Alpine"}},{"type":"Feature","geometry":{"type":"Point","coordinates":[-120.42800925846537,39.39665900216826]},"properties":{"id":"gnis-2830594","name":"Granite Face Lake","kind":"backcountry","county":"Nevada"}},{"type":"Feature","geometry":{"type":"Point","coordinates":[-120.50314382331469,39.283548517841]},"properties":{"id":"gnis-2831026","name":"Lake Marie","kind":"backcountry","county":"Placer"}},{"type":"Feature","geometry":{"type":"Point","coordinates":[-122.6455643176996,41.28068799561058]},"properties":{"id":"gnis-2832498","name":"Lost Lake","kind":"backcountry","county":"Trinity"}},{"type":"Feature","geometry":{"type":"Point","coordinates":[-120.61834313754633,39.402965216871635]},"properties":{"id":"gnis-2832596","name":"Hoot Owl Lake","kind":"backcountry","county":"Nevada"}}]}